timeStamp,elapsed,label,responseCode,responseMessage,threadName,dataType,success,failureMessage,bytes,sentBytes,grpThreads,allThreads,URL,Latency,IdleTime,Connect
1782356318494,196,HTTP Request,200,OK,Year-Language Query 4-1,text,true,,271,159,1,5,http://localhost:8080/search?q=love&year=1994&language=English,196,0,1
1782356318714,47,HTTP Request,200,OK,Year-Language Query 4-1,text,true,,271,159,1,5,http://localhost:8080/search?q=love&year=1994&language=English,47,0,0
1782356318762,63,HTTP Request,200,OK,Year-Language Query 4-1,text,true,,271,159,1,5,http://localhost:8080/search?q=love&year=1994&language=English,63,0,0
1782356318825,48,HTTP Request,200,OK,Year-Language Query 4-1,text,true,,271,159,1,5,http://localhost:8080/search?q=love&year=1994&language=English,48,0,0
1782356318873,40,HTTP Request,200,OK,Year-Language Query 4-1,text,true,,271,159,1,5,http://localhost:8080/search?q=love&year=1994&language=English,40,0,0
1782356318914,117,HTTP Request,200,OK,Year-Language Query 4-1,text,true,,271,159,1,6,http://localhost:8080/search?q=love&year=1994&language=English,117,0,0
1782356319032,58,HTTP Request,200,OK,Year-Language Query 4-1,text,true,,271,159,1,6,http://localhost:8080/search?q=love&year=1994&language=English,58,0,0
1782356319091,55,HTTP Request,200,OK,Year-Language Query 4-1,text,true,,271,159,1,6,http://localhost:8080/search?q=love&year=1994&language=English,55,0,0
1782356319147,68,HTTP Request,200,OK,Year-Language Query 4-1,text,true,,271,159,1,6,http://localhost:8080/search?q=love&year=1994&language=English,68,0,0
1782356319215,73,HTTP Request,200,OK,Year-Language Query 4-1,text,true,,271,159,1,6,http://localhost:8080/search?q=love&year=1994&language=English,73,0,0
1782356319289,90,HTTP Request,200,OK,Year-Language Query 4-1,text,true,,271,159,1,6,http://localhost:8080/search?q=love&year=1994&language=English,90,0,0
1782356319379,91,HTTP Request,200,OK,Year-Language Query 4-1,text,true,,271,159,1,8,http://localhost:8080/search?q=love&year=1994&language=English,91,0,0
1782356319495,105,HTTP Request,200,OK,Year-Language Query 4-2,text,true,,271,159,2,11,http://localhost:8080/search?q=love&year=1994&language=English,105,0,1
1782356319470,167,HTTP Request,200,OK,Year-Language Query 4-1,text,true,,271,159,2,11,http://localhost:8080/search?q=love&year=1994&language=English,167,0,0
1782356319608,78,HTTP Request,200,OK,Year-Language Query 4-2,text,true,,271,159,2,11,http://localhost:8080/search?q=love&year=1994&language=English,78,0,0
1782356319637,76,HTTP Request,200,OK,Year-Language Query 4-1,text,true,,271,159,2,11,http://localhost:8080/search?q=love&year=1994&language=English,76,0,0
1782356319686,74,HTTP Request,200,OK,Year-Language Query 4-2,text,true,,271,159,2,11,http://localhost:8080/search?q=love&year=1994&language=English,74,0,0
1782356319713,78,HTTP Request,200,OK,Year-Language Query 4-1,text,true,,271,159,2,11,http://localhost:8080/search?q=love&year=1994&language=English,78,0,0
1782356319762,61,HTTP Request,200,OK,Year-Language Query 4-2,text,true,,271,159,2,11,http://localhost:8080/search?q=love&year=1994&language=English,61,0,0
1782356319791,69,HTTP Request,200,OK,Year-Language Query 4-1,text,true,,271,159,2,11,http://localhost:8080/search?q=love&year=1994&language=English,69,0,0
1782356319824,56,HTTP Request,200,OK,Year-Language Query 4-2,text,true,,271,159,2,11,http://localhost:8080/search?q=love&year=1994&language=English,56,0,0
1782356319861,60,HTTP Request,200,OK,Year-Language Query 4-1,text,true,,271,159,2,11,http://localhost:8080/search?q=love&year=1994&language=English,60,0,0
1782356319880,59,HTTP Request,200,OK,Year-Language Query 4-2,text,true,,271,159,2,11,http://localhost:8080/search?q=love&year=1994&language=English,59,0,0
1782356319922,170,HTTP Request,200,OK,Year-Language Query 4-1,text,true,,271,159,2,12,http://localhost:8080/search?q=love&year=1994&language=English,170,0,0
1782356319939,163,HTTP Request,200,OK,Year-Language Query 4-2,text,true,,271,159,2,12,http://localhost:8080/search?q=love&year=1994&language=English,163,0,0
1782356320103,106,HTTP Request,200,OK,Year-Language Query 4-2,text,true,,271,159,2,12,http://localhost:8080/search?q=love&year=1994&language=English,105,0,0
1782356320092,124,HTTP Request,200,OK,Year-Language Query 4-1,text,true,,271,159,2,12,http://localhost:8080/search?q=love&year=1994&language=English,124,0,0
1782356320217,86,HTTP Request,200,OK,Year-Language Query 4-1,text,true,,271,159,2,12,http://localhost:8080/search?q=love&year=1994&language=English,86,0,0
1782356320209,109,HTTP Request,200,OK,Year-Language Query 4-2,text,true,,271,159,2,12,http://localhost:8080/search?q=love&year=1994&language=English,109,0,0
1782356320304,100,HTTP Request,200,OK,Year-Language Query 4-1,text,true,,271,159,2,12,http://localhost:8080/search?q=love&year=1994&language=English,100,0,0
1782356320318,97,HTTP Request,200,OK,Year-Language Query 4-2,text,true,,271,159,2,12,http://localhost:8080/search?q=love&year=1994&language=English,97,0,0
1782356320405,63,HTTP Request,200,OK,Year-Language Query 4-1,text,true,,271,159,2,14,http://localhost:8080/search?q=love&year=1994&language=English,63,0,0
1782356320415,158,HTTP Request,200,OK,Year-Language Query 4-2,text,true,,271,159,3,17,http://localhost:8080/search?q=love&year=1994&language=English,158,0,0
1782356320495,109,HTTP Request,200,OK,Year-Language Query 4-3,text,true,,271,159,3,17,http://localhost:8080/search?q=love&year=1994&language=English,109,0,1
1782356320468,136,HTTP Request,200,OK,Year-Language Query 4-1,text,true,,271,159,3,17,http://localhost:8080/search?q=love&year=1994&language=English,136,0,0
1782356320573,76,HTTP Request,200,OK,Year-Language Query 4-2,text,true,,271,159,3,17,http://localhost:8080/search?q=love&year=1994&language=English,76,0,0
1782356320604,58,HTTP Request,200,OK,Year-Language Query 4-1,text,true,,271,159,3,17,http://localhost:8080/search?q=love&year=1994&language=English,58,0,0
1782356320604,73,HTTP Request,200,OK,Year-Language Query 4-3,text,true,,271,159,3,17,http://localhost:8080/search?q=love&year=1994&language=English,73,0,0
1782356320650,63,HTTP Request,200,OK,Year-Language Query 4-2,text,true,,271,159,3,17,http://localhost:8080/search?q=love&year=1994&language=English,63,0,0
1782356320662,71,HTTP Request,200,OK,Year-Language Query 4-1,text,true,,271,159,3,17,http://localhost:8080/search?q=love&year=1994&language=English,71,0,0
1782356320677,72,HTTP Request,200,OK,Year-Language Query 4-3,text,true,,271,159,3,17,http://localhost:8080/search?q=love&year=1994&language=English,72,0,0
1782356320733,66,HTTP Request,200,OK,Year-Language Query 4-1,text,true,,271,159,3,17,http://localhost:8080/search?q=love&year=1994&language=English,66,0,0
1782356320713,95,HTTP Request,200,OK,Year-Language Query 4-2,text,true,,271,159,3,17,http://localhost:8080/search?q=love&year=1994&language=English,95,0,0
1782356320750,94,HTTP Request,200,OK,Year-Language Query 4-3,text,true,,271,159,3,17,http://localhost:8080/search?q=love&year=1994&language=English,94,0,0
1782356320799,78,HTTP Request,200,OK,Year-Language Query 4-1,text,true,,271,159,3,17,http://localhost:8080/search?q=love&year=1994&language=English,78,0,0
1782356320845,66,HTTP Request,200,OK,Year-Language Query 4-3,text,true,,271,159,3,17,http://localhost:8080/search?q=love&year=1994&language=English,66,0,0
1782356320809,138,HTTP Request,200,OK,Year-Language Query 4-2,text,true,,271,159,3,17,http://localhost:8080/search?q=love&year=1994&language=English,138,0,0
1782356320878,126,HTTP Request,200,OK,Year-Language Query 4-1,text,true,,271,159,3,18,http://localhost:8080/search?q=love&year=1994&language=English,126,0,0
1782356320911,202,HTTP Request,200,OK,Year-Language Query 4-3,text,true,,271,159,3,18,http://localhost:8080/search?q=love&year=1994&language=English,202,0,0
1782356320948,201,HTTP Request,200,OK,Year-Language Query 4-2,text,true,,271,159,3,18,http://localhost:8080/search?q=love&year=1994&language=English,201,0,0
1782356321004,152,HTTP Request,200,OK,Year-Language Query 4-1,text,true,,271,159,3,18,http://localhost:8080/search?q=love&year=1994&language=English,152,0,0
1782356321113,63,HTTP Request,200,OK,Year-Language Query 4-3,text,true,,271,159,3,18,http://localhost:8080/search?q=love&year=1994&language=English,63,0,0
1782356321156,55,HTTP Request,200,OK,Year-Language Query 4-1,text,true,,271,159,3,18,http://localhost:8080/search?q=love&year=1994&language=English,55,0,0
1782356321149,111,HTTP Request,200,OK,Year-Language Query 4-2,text,true,,271,159,3,18,http://localhost:8080/search?q=love&year=1994&language=English,111,0,0
1782356321177,84,HTTP Request,200,OK,Year-Language Query 4-3,text,true,,271,159,3,18,http://localhost:8080/search?q=love&year=1994&language=English,84,0,0
1782356321211,61,HTTP Request,200,OK,Year-Language Query 4-1,text,true,,271,159,3,18,http://localhost:8080/search?q=love&year=1994&language=English,61,0,0
1782356321272,71,HTTP Request,200,OK,Year-Language Query 4-1,text,true,,271,159,3,18,http://localhost:8080/search?q=love&year=1994&language=English,71,0,0
1782356321260,103,HTTP Request,200,OK,Year-Language Query 4-2,text,true,,271,159,3,18,http://localhost:8080/search?q=love&year=1994&language=English,103,0,0
1782356321261,111,HTTP Request,200,OK,Year-Language Query 4-3,text,true,,271,159,3,18,http://localhost:8080/search?q=love&year=1994&language=English,111,0,0
1782356321363,105,HTTP Request,200,OK,Year-Language Query 4-2,text,true,,271,159,3,19,http://localhost:8080/search?q=love&year=1994&language=English,105,0,0
1782356321343,142,HTTP Request,200,OK,Year-Language Query 4-1,text,true,,271,159,3,21,http://localhost:8080/search?q=love&year=1994&language=English,142,0,0
1782356321372,116,HTTP Request,200,OK,Year-Language Query 4-3,text,true,,271,159,3,21,http://localhost:8080/search?q=love&year=1994&language=English,116,0,0
1782356321485,126,HTTP Request,200,OK,Year-Language Query 4-1,text,true,,271,159,4,23,http://localhost:8080/search?q=love&year=1994&language=English,126,0,0
1782356321468,164,HTTP Request,200,OK,Year-Language Query 4-2,text,true,,271,159,4,23,http://localhost:8080/search?q=love&year=1994&language=English,164,0,0
1782356321488,164,HTTP Request,200,OK,Year-Language Query 4-3,text,true,,271,159,4,23,http://localhost:8080/search?q=love&year=1994&language=English,164,0,0
1782356321496,167,HTTP Request,200,OK,Year-Language Query 4-4,text,true,,271,159,4,23,http://localhost:8080/search?q=love&year=1994&language=English,167,0,2
1782356321612,79,HTTP Request,200,OK,Year-Language Query 4-1,text,true,,271,159,4,23,http://localhost:8080/search?q=love&year=1994&language=English,79,0,0
1782356321632,81,HTTP Request,200,OK,Year-Language Query 4-2,text,true,,271,159,4,23,http://localhost:8080/search?q=love&year=1994&language=English,81,0,0
1782356321664,76,HTTP Request,200,OK,Year-Language Query 4-4,text,true,,271,159,4,23,http://localhost:8080/search?q=love&year=1994&language=English,76,0,0
1782356321652,109,HTTP Request,200,OK,Year-Language Query 4-3,text,true,,271,159,4,23,http://localhost:8080/search?q=love&year=1994&language=English,109,0,0
1782356321691,77,HTTP Request,200,OK,Year-Language Query 4-1,text,true,,271,159,4,23,http://localhost:8080/search?q=love&year=1994&language=English,77,0,0
1782356321740,61,HTTP Request,200,OK,Year-Language Query 4-4,text,true,,271,159,4,23,http://localhost:8080/search?q=love&year=1994&language=English,61,0,0
1782356321713,99,HTTP Request,200,OK,Year-Language Query 4-2,text,true,,271,159,4,23,http://localhost:8080/search?q=love&year=1994&language=English,99,0,0
1782356321761,60,HTTP Request,200,OK,Year-Language Query 4-3,text,true,,271,159,4,23,http://localhost:8080/search?q=love&year=1994&language=English,60,0,0
1782356321768,90,HTTP Request,200,OK,Year-Language Query 4-1,text,true,,271,159,4,23,http://localhost:8080/search?q=love&year=1994&language=English,90,0,0
1782356321801,90,HTTP Request,200,OK,Year-Language Query 4-4,text,true,,271,159,4,23,http://localhost:8080/search?q=love&year=1994&language=English,90,0,0
1782356321812,79,HTTP Request,200,OK,Year-Language Query 4-2,text,true,,271,159,4,23,http://localhost:8080/search?q=love&year=1994&language=English,79,0,0
1782356321821,147,HTTP Request,200,OK,Year-Language Query 4-3,text,true,,271,159,4,24,http://localhost:8080/search?q=love&year=1994&language=English,147,0,0
1782356321859,130,HTTP Request,200,OK,Year-Language Query 4-1,text,true,,271,159,4,24,http://localhost:8080/search?q=love&year=1994&language=English,130,0,0
1782356321891,99,HTTP Request,200,OK,Year-Language Query 4-4,text,true,,271,159,4,24,http://localhost:8080/search?q=love&year=1994&language=English,99,0,0
1782356321892,118,HTTP Request,200,OK,Year-Language Query 4-2,text,true,,271,159,4,24,http://localhost:8080/search?q=love&year=1994&language=English,118,0,0
1782356321968,57,HTTP Request,200,OK,Year-Language Query 4-3,text,true,,271,159,4,24,http://localhost:8080/search?q=love&year=1994&language=English,57,0,0
1782356321990,62,HTTP Request,200,OK,Year-Language Query 4-4,text,true,,271,159,4,24,http://localhost:8080/search?q=love&year=1994&language=English,62,0,0
1782356321989,81,HTTP Request,200,OK,Year-Language Query 4-1,text,true,,271,159,4,24,http://localhost:8080/search?q=love&year=1994&language=English,81,0,0
1782356322010,150,HTTP Request,200,OK,Year-Language Query 4-2,text,true,,271,159,4,24,http://localhost:8080/search?q=love&year=1994&language=English,150,0,0
1782356322025,145,HTTP Request,200,OK,Year-Language Query 4-3,text,true,,271,159,4,24,http://localhost:8080/search?q=love&year=1994&language=English,145,0,0
1782356322052,140,HTTP Request,200,OK,Year-Language Query 4-4,text,true,,271,159,4,24,http://localhost:8080/search?q=love&year=1994&language=English,140,0,0
1782356322070,128,HTTP Request,200,OK,Year-Language Query 4-1,text,true,,271,159,4,24,http://localhost:8080/search?q=love&year=1994&language=English,128,0,0
1782356322160,51,HTTP Request,200,OK,Year-Language Query 4-2,text,true,,271,159,4,24,http://localhost:8080/search?q=love&year=1994&language=English,51,0,0
1782356322170,74,HTTP Request,200,OK,Year-Language Query 4-3,text,true,,271,159,4,24,http://localhost:8080/search?q=love&year=1994&language=English,74,0,0
1782356322198,79,HTTP Request,200,OK,Year-Language Query 4-1,text,true,,271,159,4,24,http://localhost:8080/search?q=love&year=1994&language=English,79,0,0
1782356322193,92,HTTP Request,200,OK,Year-Language Query 4-4,text,true,,271,159,4,24,http://localhost:8080/search?q=love&year=1994&language=English,92,0,0
1782356322211,84,HTTP Request,200,OK,Year-Language Query 4-2,text,true,,271,159,4,24,http://localhost:8080/search?q=love&year=1994&language=English,84,0,0
1782356322244,125,HTTP Request,200,OK,Year-Language Query 4-3,text,true,,271,159,4,24,http://localhost:8080/search?q=love&year=1994&language=English,125,0,0
1782356322277,99,HTTP Request,200,OK,Year-Language Query 4-1,text,true,,271,159,4,24,http://localhost:8080/search?q=love&year=1994&language=English,99,0,0
1782356322286,90,HTTP Request,200,OK,Year-Language Query 4-4,text,true,,271,159,4,24,http://localhost:8080/search?q=love&year=1994&language=English,90,0,0
1782356322295,145,HTTP Request,200,OK,Year-Language Query 4-2,text,true,,271,159,4,24,http://localhost:8080/search?q=love&year=1994&language=English,145,0,0
1782356322369,130,HTTP Request,200,OK,Year-Language Query 4-3,text,true,,271,159,5,28,http://localhost:8080/search?q=love&year=1994&language=English,130,0,0
1782356322377,122,HTTP Request,200,OK,Year-Language Query 4-4,text,true,,271,159,5,28,http://localhost:8080/search?q=love&year=1994&language=English,122,0,0
1782356322376,123,HTTP Request,200,OK,Year-Language Query 4-1,text,true,,271,159,5,28,http://localhost:8080/search?q=love&year=1994&language=English,123,0,0
1782356322440,130,HTTP Request,200,OK,Year-Language Query 4-2,text,true,,271,159,5,29,http://localhost:8080/search?q=love&year=1994&language=English,130,0,0
1782356322499,90,HTTP Request,200,OK,Year-Language Query 4-1,text,true,,271,159,5,29,http://localhost:8080/search?q=love&year=1994&language=English,89,0,0
1782356322499,99,HTTP Request,200,OK,Year-Language Query 4-3,text,true,,271,159,5,29,http://localhost:8080/search?q=love&year=1994&language=English,99,0,0
1782356322499,99,HTTP Request,200,OK,Year-Language Query 4-4,text,true,,271,159,5,29,http://localhost:8080/search?q=love&year=1994&language=English,99,0,0
1782356322494,195,HTTP Request,200,OK,Year-Language Query 4-5,text,true,,271,159,5,29,http://localhost:8080/search?q=love&year=1994&language=English,195,0,1
1782356322589,111,HTTP Request,200,OK,Year-Language Query 4-1,text,true,,271,159,5,29,http://localhost:8080/search?q=love&year=1994&language=English,111,0,0
1782356322598,102,HTTP Request,200,OK,Year-Language Query 4-3,text,true,,271,159,5,29,http://localhost:8080/search?q=love&year=1994&language=English,102,0,0
1782356322570,136,HTTP Request,200,OK,Year-Language Query 4-2,text,true,,271,159,5,29,http://localhost:8080/search?q=love&year=1994&language=English,136,0,0
1782356322599,124,HTTP Request,200,OK,Year-Language Query 4-4,text,true,,271,159,5,29,http://localhost:8080/search?q=love&year=1994&language=English,124,0,0
1782356322700,61,HTTP Request,200,OK,Year-Language Query 4-1,text,true,,271,159,5,29,http://localhost:8080/search?q=love&year=1994&language=English,61,0,0
1782356322689,95,HTTP Request,200,OK,Year-Language Query 4-5,text,true,,271,159,5,29,http://localhost:8080/search?q=love&year=1994&language=English,95,0,0
1782356322723,77,HTTP Request,200,OK,Year-Language Query 4-4,text,true,,271,159,5,29,http://localhost:8080/search?q=love&year=1994&language=English,77,0,0
1782356322700,132,HTTP Request,200,OK,Year-Language Query 4-3,text,true,,271,159,5,29,http://localhost:8080/search?q=love&year=1994&language=English,132,0,0
1782356322706,133,HTTP Request,200,OK,Year-Language Query 4-2,text,true,,271,159,5,29,http://localhost:8080/search?q=love&year=1994&language=English,133,0,0
1782356322762,80,HTTP Request,200,OK,Year-Language Query 4-1,text,true,,271,159,5,29,http://localhost:8080/search?q=love&year=1994&language=English,80,0,0
1782356322786,76,HTTP Request,200,OK,Year-Language Query 4-5,text,true,,271,159,5,29,http://localhost:8080/search?q=love&year=1994&language=English,76,0,0
1782356322801,61,HTTP Request,200,OK,Year-Language Query 4-4,text,true,,271,159,5,29,http://localhost:8080/search?q=love&year=1994&language=English,61,0,0
1782356322842,53,HTTP Request,200,OK,Year-Language Query 4-1,text,true,,271,159,5,29,http://localhost:8080/search?q=love&year=1994&language=English,53,0,0
1782356322832,90,HTTP Request,200,OK,Year-Language Query 4-3,text,true,,271,159,5,29,http://localhost:8080/search?q=love&year=1994&language=English,90,0,0
1782356322840,88,HTTP Request,200,OK,Year-Language Query 4-2,text,true,,271,159,5,29,http://localhost:8080/search?q=love&year=1994&language=English,88,0,0
1782356322862,72,HTTP Request,200,OK,Year-Language Query 4-4,text,true,,271,159,5,29,http://localhost:8080/search?q=love&year=1994&language=English,72,0,0
1782356322862,78,HTTP Request,200,OK,Year-Language Query 4-5,text,true,,271,159,5,29,http://localhost:8080/search?q=love&year=1994&language=English,78,0,0
1782356322895,123,HTTP Request,200,OK,Year-Language Query 4-1,text,true,,271,159,5,30,http://localhost:8080/search?q=love&year=1994&language=English,123,0,0
1782356322923,96,HTTP Request,200,OK,Year-Language Query 4-3,text,true,,271,159,5,30,http://localhost:8080/search?q=love&year=1994&language=English,96,0,0
1782356322934,103,HTTP Request,200,OK,Year-Language Query 4-4,text,true,,271,159,5,30,http://localhost:8080/search?q=love&year=1994&language=English,103,0,0
1782356322928,110,HTTP Request,200,OK,Year-Language Query 4-2,text,true,,271,159,5,30,http://localhost:8080/search?q=love&year=1994&language=English,110,0,0
1782356322941,105,HTTP Request,200,OK,Year-Language Query 4-5,text,true,,271,159,5,30,http://localhost:8080/search?q=love&year=1994&language=English,105,0,0
1782356323018,96,HTTP Request,200,OK,Year-Language Query 4-1,text,true,,271,159,5,30,http://localhost:8080/search?q=love&year=1994&language=English,96,0,0
1782356323019,100,HTTP Request,200,OK,Year-Language Query 4-3,text,true,,271,159,5,30,http://localhost:8080/search?q=love&year=1994&language=English,100,0,0
1782356323038,81,HTTP Request,200,OK,Year-Language Query 4-4,text,true,,271,159,5,30,http://localhost:8080/search?q=love&year=1994&language=English,81,0,0
1782356323038,181,HTTP Request,200,OK,Year-Language Query 4-2,text,true,,271,159,5,30,http://localhost:8080/search?q=love&year=1994&language=English,181,0,0
1782356323046,178,HTTP Request,200,OK,Year-Language Query 4-5,text,true,,271,159,5,30,http://localhost:8080/search?q=love&year=1994&language=English,178,0,0
1782356323117,135,HTTP Request,200,OK,Year-Language Query 4-1,text,true,,271,159,5,30,http://localhost:8080/search?q=love&year=1994&language=English,135,0,0
1782356323119,134,HTTP Request,200,OK,Year-Language Query 4-4,text,true,,271,159,5,30,http://localhost:8080/search?q=love&year=1994&language=English,134,0,0
1782356323119,139,HTTP Request,200,OK,Year-Language Query 4-3,text,true,,271,159,5,30,http://localhost:8080/search?q=love&year=1994&language=English,139,0,0
1782356323220,74,HTTP Request,200,OK,Year-Language Query 4-2,text,true,,271,159,5,30,http://localhost:8080/search?q=love&year=1994&language=English,74,0,0
1782356323225,71,HTTP Request,200,OK,Year-Language Query 4-5,text,true,,271,159,5,30,http://localhost:8080/search?q=love&year=1994&language=English,71,0,0
1782356323252,86,HTTP Request,200,OK,Year-Language Query 4-1,text,true,,271,159,5,30,http://localhost:8080/search?q=love&year=1994&language=English,86,0,0
1782356323253,85,HTTP Request,200,OK,Year-Language Query 4-4,text,true,,271,159,5,30,http://localhost:8080/search?q=love&year=1994&language=English,85,0,0
1782356323258,83,HTTP Request,200,OK,Year-Language Query 4-3,text,true,,271,159,5,30,http://localhost:8080/search?q=love&year=1994&language=English,83,0,0
1782356323339,103,HTTP Request,200,OK,Year-Language Query 4-4,text,true,,271,159,5,30,http://localhost:8080/search?q=love&year=1994&language=English,103,0,0
1782356323339,104,HTTP Request,200,OK,Year-Language Query 4-1,text,true,,271,159,5,30,http://localhost:8080/search?q=love&year=1994&language=English,104,0,0
1782356323342,103,HTTP Request,200,OK,Year-Language Query 4-3,text,true,,271,159,5,30,http://localhost:8080/search?q=love&year=1994&language=English,103,0,0
1782356323294,161,HTTP Request,200,OK,Year-Language Query 4-2,text,true,,271,159,5,30,http://localhost:8080/search?q=love&year=1994&language=English,161,0,0
1782356323296,159,HTTP Request,200,OK,Year-Language Query 4-5,text,true,,271,159,5,30,http://localhost:8080/search?q=love&year=1994&language=English,159,0,0
1782356323442,114,HTTP Request,200,OK,Year-Language Query 4-4,text,true,,271,159,6,35,http://localhost:8080/search?q=love&year=1994&language=English,114,0,0
1782356323445,111,HTTP Request,200,OK,Year-Language Query 4-3,text,true,,271,159,6,35,http://localhost:8080/search?q=love&year=1994&language=English,111,0,0
1782356323455,103,HTTP Request,200,OK,Year-Language Query 4-2,text,true,,271,159,6,35,http://localhost:8080/search?q=love&year=1994&language=English,103,0,0
1782356323444,128,HTTP Request,200,OK,Year-Language Query 4-1,text,true,,271,159,6,35,http://localhost:8080/search?q=love&year=1994&language=English,128,0,0
1782356323455,117,HTTP Request,200,OK,Year-Language Query 4-5,text,true,,271,159,6,35,http://localhost:8080/search?q=love&year=1994&language=English,117,0,0
1782356323496,134,HTTP Request,200,OK,Year-Language Query 4-6,text,true,,271,159,6,35,http://localhost:8080/search?q=love&year=1994&language=English,134,0,1
1782356323556,78,HTTP Request,200,OK,Year-Language Query 4-4,text,true,,271,159,6,35,http://localhost:8080/search?q=love&year=1994&language=English,78,0,0
1782356323559,75,HTTP Request,200,OK,Year-Language Query 4-2,text,true,,271,159,6,35,http://localhost:8080/search?q=love&year=1994&language=English,75,0,0
1782356323557,99,HTTP Request,200,OK,Year-Language Query 4-3,text,true,,271,159,6,35,http://localhost:8080/search?q=love&year=1994&language=English,99,0,0
1782356323572,85,HTTP Request,200,OK,Year-Language Query 4-1,text,true,,271,159,6,35,http://localhost:8080/search?q=love&year=1994&language=English,85,0,0
1782356323573,166,HTTP Request,200,OK,Year-Language Query 4-5,text,true,,271,159,6,35,http://localhost:8080/search?q=love&year=1994&language=English,166,0,0
1782356323657,120,HTTP Request,200,OK,Year-Language Query 4-3,text,true,,271,159,6,35,http://localhost:8080/search?q=love&year=1994&language=English,120,0,0
1782356323631,146,HTTP Request,200,OK,Year-Language Query 4-6,text,true,,271,159,6,35,http://localhost:8080/search?q=love&year=1994&language=English,146,0,0
1782356323635,143,HTTP Request,200,OK,Year-Language Query 4-2,text,true,,271,159,6,35,http://localhost:8080/search?q=love&year=1994&language=English,143,0,0
1782356323634,144,HTTP Request,200,OK,Year-Language Query 4-4,text,true,,271,159,6,35,http://localhost:8080/search?q=love&year=1994&language=English,144,0,0
1782356323657,131,HTTP Request,200,OK,Year-Language Query 4-1,text,true,,271,159,6,35,http://localhost:8080/search?q=love&year=1994&language=English,131,0,0
1782356323741,104,HTTP Request,200,OK,Year-Language Query 4-5,text,true,,271,159,6,35,http://localhost:8080/search?q=love&year=1994&language=English,104,0,0
1782356323788,75,HTTP Request,200,OK,Year-Language Query 4-1,text,true,,271,159,6,35,http://localhost:8080/search?q=love&year=1994&language=English,75,0,0
1782356323778,101,HTTP Request,200,OK,Year-Language Query 4-2,text,true,,271,159,6,35,http://localhost:8080/search?q=love&year=1994&language=English,101,0,0
1782356323777,135,HTTP Request,200,OK,Year-Language Query 4-3,text,true,,271,159,6,35,http://localhost:8080/search?q=love&year=1994&language=English,135,0,0
1782356323777,148,HTTP Request,200,OK,Year-Language Query 4-6,text,true,,271,159,6,35,http://localhost:8080/search?q=love&year=1994&language=English,148,0,0
1782356323845,93,HTTP Request,200,OK,Year-Language Query 4-5,text,true,,271,159,6,35,http://localhost:8080/search?q=love&year=1994&language=English,93,0,0
1782356323779,160,HTTP Request,200,OK,Year-Language Query 4-4,text,true,,271,159,6,35,http://localhost:8080/search?q=love&year=1994&language=English,160,0,0
1782356323863,93,HTTP Request,200,OK,Year-Language Query 4-1,text,true,,271,159,6,36,http://localhost:8080/search?q=love&year=1994&language=English,93,0,0
1782356323913,111,HTTP Request,200,OK,Year-Language Query 4-3,text,true,,271,159,6,36,http://localhost:8080/search?q=love&year=1994&language=English,111,0,0
1782356323925,100,HTTP Request,200,OK,Year-Language Query 4-6,text,true,,271,159,6,36,http://localhost:8080/search?q=love&year=1994&language=English,100,0,0
1782356323879,151,HTTP Request,200,OK,Year-Language Query 4-2,text,true,,271,159,6,36,http://localhost:8080/search?q=love&year=1994&language=English,151,0,0
1782356323957,86,HTTP Request,200,OK,Year-Language Query 4-1,text,true,,271,159,6,36,http://localhost:8080/search?q=love&year=1994&language=English,86,0,0
1782356323939,136,HTTP Request,200,OK,Year-Language Query 4-4,text,true,,271,159,6,36,http://localhost:8080/search?q=love&year=1994&language=English,136,0,0
1782356323939,137,HTTP Request,200,OK,Year-Language Query 4-5,text,true,,271,159,6,36,http://localhost:8080/search?q=love&year=1994&language=English,137,0,0
1782356324076,58,HTTP Request,200,OK,Year-Language Query 4-5,text,true,,271,159,6,36,http://localhost:8080/search?q=love&year=1994&language=English,58,0,0
1782356324043,91,HTTP Request,200,OK,Year-Language Query 4-1,text,true,,271,159,6,36,http://localhost:8080/search?q=love&year=1994&language=English,91,0,0
1782356324031,115,HTTP Request,200,OK,Year-Language Query 4-2,text,true,,271,159,6,36,http://localhost:8080/search?q=love&year=1994&language=English,115,0,0
1782356324026,127,HTTP Request,200,OK,Year-Language Query 4-6,text,true,,271,159,6,36,http://localhost:8080/search?q=love&year=1994&language=English,127,0,0
1782356324024,147,HTTP Request,200,OK,Year-Language Query 4-3,text,true,,271,159,6,36,http://localhost:8080/search?q=love&year=1994&language=English,147,0,0
1782356324075,97,HTTP Request,200,OK,Year-Language Query 4-4,text,true,,271,159,6,36,http://localhost:8080/search?q=love&year=1994&language=English,96,0,0
1782356324172,108,HTTP Request,200,OK,Year-Language Query 4-4,text,true,,271,159,6,36,http://localhost:8080/search?q=love&year=1994&language=English,108,0,0
1782356324147,133,HTTP Request,200,OK,Year-Language Query 4-2,text,true,,271,159,6,36,http://localhost:8080/search?q=love&year=1994&language=English,133,0,0
1782356324134,147,HTTP Request,200,OK,Year-Language Query 4-1,text,true,,271,159,6,36,http://localhost:8080/search?q=love&year=1994&language=English,147,0,0
1782356324134,147,HTTP Request,200,OK,Year-Language Query 4-5,text,true,,271,159,6,36,http://localhost:8080/search?q=love&year=1994&language=English,147,0,0
1782356324153,140,HTTP Request,200,OK,Year-Language Query 4-6,text,true,,271,159,6,36,http://localhost:8080/search?q=love&year=1994&language=English,140,0,0
1782356324280,81,HTTP Request,200,OK,Year-Language Query 4-4,text,true,,271,159,6,36,http://localhost:8080/search?q=love&year=1994&language=English,81,0,0
1782356324280,82,HTTP Request,200,OK,Year-Language Query 4-2,text,true,,271,159,6,36,http://localhost:8080/search?q=love&year=1994&language=English,82,0,0
1782356324281,82,HTTP Request,200,OK,Year-Language Query 4-1,text,true,,271,159,6,36,http://localhost:8080/search?q=love&year=1994&language=English,82,0,0
1782356324282,82,HTTP Request,200,OK,Year-Language Query 4-5,text,true,,271,159,6,36,http://localhost:8080/search?q=love&year=1994&language=English,82,0,0
1782356324171,213,HTTP Request,200,OK,Year-Language Query 4-3,text,true,,271,159,6,36,http://localhost:8080/search?q=love&year=1994&language=English,213,0,0
1782356324293,160,HTTP Request,200,OK,Year-Language Query 4-6,text,true,,271,159,6,37,http://localhost:8080/search?q=love&year=1994&language=English,160,0,0
1782356324364,124,HTTP Request,200,OK,Year-Language Query 4-1,text,true,,271,159,6,39,http://localhost:8080/search?q=love&year=1994&language=English,124,0,0
1782356324362,142,HTTP Request,200,OK,Year-Language Query 4-2,text,true,,271,159,7,40,http://localhost:8080/search?q=love&year=1994&language=English,142,0,0
1782356324364,146,HTTP Request,200,OK,Year-Language Query 4-5,text,true,,271,159,7,41,http://localhost:8080/search?q=love&year=1994&language=English,146,0,0
1782356324453,109,HTTP Request,200,OK,Year-Language Query 4-6,text,true,,271,159,7,41,http://localhost:8080/search?q=love&year=1994&language=English,109,0,0
1782356324384,223,HTTP Request,200,OK,Year-Language Query 4-3,text,true,,271,159,7,41,http://localhost:8080/search?q=love&year=1994&language=English,223,0,0
1782356324361,247,HTTP Request,200,OK,Year-Language Query 4-4,text,true,,271,159,7,41,http://localhost:8080/search?q=love&year=1994&language=English,247,0,0
1782356324489,159,HTTP Request,200,OK,Year-Language Query 4-1,text,true,,271,159,7,41,http://localhost:8080/search?q=love&year=1994&language=English,159,0,0
1782356324504,145,HTTP Request,200,OK,Year-Language Query 4-2,text,true,,271,159,7,41,http://localhost:8080/search?q=love&year=1994&language=English,145,0,0
1782356324494,211,HTTP Request,200,OK,Year-Language Query 4-7,text,true,,271,159,7,41,http://localhost:8080/search?q=love&year=1994&language=English,211,0,2
1782356324562,146,HTTP Request,200,OK,Year-Language Query 4-6,text,true,,271,159,7,41,http://localhost:8080/search?q=love&year=1994&language=English,146,0,0
1782356324510,260,HTTP Request,200,OK,Year-Language Query 4-5,text,true,,271,159,7,41,http://localhost:8080/search?q=love&year=1994&language=English,260,0,0
1782356324649,194,HTTP Request,200,OK,Year-Language Query 4-2,text,true,,271,159,7,41,http://localhost:8080/search?q=love&year=1994&language=English,194,0,0
1782356324649,211,HTTP Request,200,OK,Year-Language Query 4-1,text,true,,271,159,7,41,http://localhost:8080/search?q=love&year=1994&language=English,211,0,0
1782356324608,262,HTTP Request,200,OK,Year-Language Query 4-3,text,true,,271,159,7,41,http://localhost:8080/search?q=love&year=1994&language=English,262,0,0
1782356324608,263,HTTP Request,200,OK,Year-Language Query 4-4,text,true,,271,159,7,41,http://localhost:8080/search?q=love&year=1994&language=English,263,0,0
1782356324708,164,HTTP Request,200,OK,Year-Language Query 4-6,text,true,,271,159,7,41,http://localhost:8080/search?q=love&year=1994&language=English,164,0,0
1782356324705,180,HTTP Request,200,OK,Year-Language Query 4-7,text,true,,271,159,7,41,http://localhost:8080/search?q=love&year=1994&language=English,180,0,0
1782356324770,148,HTTP Request,200,OK,Year-Language Query 4-5,text,true,,271,159,7,41,http://localhost:8080/search?q=love&year=1994&language=English,148,0,0
1782356324843,125,HTTP Request,200,OK,Year-Language Query 4-2,text,true,,271,159,7,42,http://localhost:8080/search?q=love&year=1994&language=English,125,0,0
1782356324861,124,HTTP Request,200,OK,Year-Language Query 4-1,text,true,,271,159,7,42,http://localhost:8080/search?q=love&year=1994&language=English,124,0,0
1782356324886,99,HTTP Request,200,OK,Year-Language Query 4-7,text,true,,271,159,7,42,http://localhost:8080/search?q=love&year=1994&language=English,99,0,0
1782356324871,116,HTTP Request,200,OK,Year-Language Query 4-4,text,true,,271,159,7,42,http://localhost:8080/search?q=love&year=1994&language=English,116,0,0
1782356324870,128,HTTP Request,200,OK,Year-Language Query 4-3,text,true,,271,159,7,42,http://localhost:8080/search?q=love&year=1994&language=English,128,0,0
1782356324873,216,HTTP Request,200,OK,Year-Language Query 4-6,text,true,,271,159,7,42,http://localhost:8080/search?q=love&year=1994&language=English,216,0,0
1782356324985,124,HTTP Request,200,OK,Year-Language Query 4-1,text,true,,271,159,7,42,http://localhost:8080/search?q=love&year=1994&language=English,124,0,0
1782356324987,124,HTTP Request,200,OK,Year-Language Query 4-4,text,true,,271,159,7,42,http://localhost:8080/search?q=love&year=1994&language=English,124,0,0
1782356324968,143,HTTP Request,200,OK,Year-Language Query 4-2,text,true,,271,159,7,42,http://localhost:8080/search?q=love&year=1994&language=English,143,0,0
1782356324985,134,HTTP Request,200,OK,Year-Language Query 4-7,text,true,,271,159,7,42,http://localhost:8080/search?q=love&year=1994&language=English,134,0,0
1782356325023,119,HTTP Request,200,OK,Year-Language Query 4-3,text,true,,271,159,7,42,http://localhost:8080/search?q=love&year=1994&language=English,119,0,0
1782356324918,225,HTTP Request,200,OK,Year-Language Query 4-5,text,true,,271,159,7,42,http://localhost:8080/search?q=love&year=1994&language=English,225,0,0
1782356325089,63,HTTP Request,200,OK,Year-Language Query 4-6,text,true,,271,159,7,42,http://localhost:8080/search?q=love&year=1994&language=English,63,0,0
1782356325111,83,HTTP Request,200,OK,Year-Language Query 4-2,text,true,,271,159,7,42,http://localhost:8080/search?q=love&year=1994&language=English,83,0,0
1782356325110,85,HTTP Request,200,OK,Year-Language Query 4-1,text,true,,271,159,7,42,http://localhost:8080/search?q=love&year=1994&language=English,85,0,0
1782356325120,81,HTTP Request,200,OK,Year-Language Query 4-7,text,true,,271,159,7,42,http://localhost:8080/search?q=love&year=1994&language=English,81,0,0
1782356325111,95,HTTP Request,200,OK,Year-Language Query 4-4,text,true,,271,159,7,42,http://localhost:8080/search?q=love&year=1994&language=English,95,0,0
1782356325152,57,HTTP Request,200,OK,Year-Language Query 4-6,text,true,,271,159,7,42,http://localhost:8080/search?q=love&year=1994&language=English,57,0,0
1782356325143,169,HTTP Request,200,OK,Year-Language Query 4-3,text,true,,271,159,7,42,http://localhost:8080/search?q=love&year=1994&language=English,169,0,0
1782356325195,122,HTTP Request,200,OK,Year-Language Query 4-1,text,true,,271,159,7,42,http://localhost:8080/search?q=love&year=1994&language=English,122,0,0
1782356325202,122,HTTP Request,200,OK,Year-Language Query 4-7,text,true,,271,159,7,42,http://localhost:8080/search?q=love&year=1994&language=English,122,0,0
1782356325194,133,HTTP Request,200,OK,Year-Language Query 4-2,text,true,,271,159,7,42,http://localhost:8080/search?q=love&year=1994&language=English,133,0,0
1782356325144,191,HTTP Request,200,OK,Year-Language Query 4-5,text,true,,271,159,7,42,http://localhost:8080/search?q=love&year=1994&language=English,191,0,0
1782356325209,128,HTTP Request,200,OK,Year-Language Query 4-6,text,true,,271,159,7,42,http://localhost:8080/search?q=love&year=1994&language=English,128,0,0
1782356325206,142,HTTP Request,200,OK,Year-Language Query 4-4,text,true,,271,159,7,42,http://localhost:8080/search?q=love&year=1994&language=English,142,0,0
1782356325312,63,HTTP Request,200,OK,Year-Language Query 4-3,text,true,,271,159,7,42,http://localhost:8080/search?q=love&year=1994&language=English,63,0,0
1782356325327,67,HTTP Request,200,OK,Year-Language Query 4-2,text,true,,271,159,7,42,http://localhost:8080/search?q=love&year=1994&language=English,67,0,0
1782356325318,76,HTTP Request,200,OK,Year-Language Query 4-1,text,true,,271,159,7,42,http://localhost:8080/search?q=love&year=1994&language=English,76,0,0
1782356325324,71,HTTP Request,200,OK,Year-Language Query 4-7,text,true,,271,159,7,42,http://localhost:8080/search?q=love&year=1994&language=English,71,0,0
1782356325348,80,HTTP Request,200,OK,Year-Language Query 4-4,text,true,,271,159,7,42,http://localhost:8080/search?q=love&year=1994&language=English,80,0,0
1782356325376,83,HTTP Request,200,OK,Year-Language Query 4-3,text,true,,271,159,7,43,http://localhost:8080/search?q=love&year=1994&language=English,83,0,0
1782356325337,195,HTTP Request,200,OK,Year-Language Query 4-6,text,true,,271,159,8,47,http://localhost:8080/search?q=love&year=1994&language=English,195,0,0
1782356325394,143,HTTP Request,200,OK,Year-Language Query 4-1,text,true,,271,159,8,47,http://localhost:8080/search?q=love&year=1994&language=English,143,0,0
1782356325394,144,HTTP Request,200,OK,Year-Language Query 4-2,text,true,,271,159,8,47,http://localhost:8080/search?q=love&year=1994&language=English,144,0,0
1782356325428,123,HTTP Request,200,OK,Year-Language Query 4-4,text,true,,271,159,8,47,http://localhost:8080/search?q=love&year=1994&language=English,123,0,0
1782356325395,179,HTTP Request,200,OK,Year-Language Query 4-7,text,true,,271,159,8,47,http://localhost:8080/search?q=love&year=1994&language=English,179,0,0
1782356325336,250,HTTP Request,200,OK,Year-Language Query 4-5,text,true,,271,159,8,47,http://localhost:8080/search?q=love&year=1994&language=English,250,0,0
1782356325538,72,HTTP Request,200,OK,Year-Language Query 4-2,text,true,,271,159,8,47,http://localhost:8080/search?q=love&year=1994&language=English,72,0,0
1782356325495,122,HTTP Request,200,OK,Year-Language Query 4-8,text,true,,271,159,8,47,http://localhost:8080/search?q=love&year=1994&language=English,122,0,3
1782356325534,97,HTTP Request,200,OK,Year-Language Query 4-6,text,true,,271,159,8,47,http://localhost:8080/search?q=love&year=1994&language=English,97,0,0
1782356325537,119,HTTP Request,200,OK,Year-Language Query 4-1,text,true,,271,159,8,47,http://localhost:8080/search?q=love&year=1994&language=English,119,0,0
1782356325459,210,HTTP Request,200,OK,Year-Language Query 4-3,text,true,,271,159,8,47,http://localhost:8080/search?q=love&year=1994&language=English,210,0,0
1782356325551,134,HTTP Request,200,OK,Year-Language Query 4-4,text,true,,271,159,8,47,http://localhost:8080/search?q=love&year=1994&language=English,134,0,0
1782356325617,106,HTTP Request,200,OK,Year-Language Query 4-8,text,true,,271,159,8,47,http://localhost:8080/search?q=love&year=1994&language=English,106,0,0
1782356325611,113,HTTP Request,200,OK,Year-Language Query 4-2,text,true,,271,159,8,47,http://localhost:8080/search?q=love&year=1994&language=English,113,0,0
1782356325631,93,HTTP Request,200,OK,Year-Language Query 4-6,text,true,,271,159,8,47,http://localhost:8080/search?q=love&year=1994&language=English,93,0,0
1782356325586,138,HTTP Request,200,OK,Year-Language Query 4-5,text,true,,271,159,8,47,http://localhost:8080/search?q=love&year=1994&language=English,138,0,0
1782356325574,181,HTTP Request,200,OK,Year-Language Query 4-7,text,true,,271,159,8,47,http://localhost:8080/search?q=love&year=1994&language=English,181,0,0
1782356325669,163,HTTP Request,200,OK,Year-Language Query 4-3,text,true,,271,159,8,47,http://localhost:8080/search?q=love&year=1994&language=English,163,0,0
1782356325723,131,HTTP Request,200,OK,Year-Language Query 4-8,text,true,,271,159,8,47,http://localhost:8080/search?q=love&year=1994&language=English,131,0,0
1782356325724,134,HTTP Request,200,OK,Year-Language Query 4-2,text,true,,271,159,8,47,http://localhost:8080/search?q=love&year=1994&language=English,134,0,0
1782356325724,136,HTTP Request,200,OK,Year-Language Query 4-5,text,true,,271,159,8,47,http://localhost:8080/search?q=love&year=1994&language=English,136,0,0
1782356325724,138,HTTP Request,200,OK,Year-Language Query 4-6,text,true,,271,159,8,47,http://localhost:8080/search?q=love&year=1994&language=English,138,0,0
1782356325685,191,HTTP Request,200,OK,Year-Language Query 4-4,text,true,,271,159,8,47,http://localhost:8080/search?q=love&year=1994&language=English,191,0,0
1782356325656,220,HTTP Request,200,OK,Year-Language Query 4-1,text,true,,271,159,8,47,http://localhost:8080/search?q=love&year=1994&language=English,220,0,0
1782356325755,126,HTTP Request,200,OK,Year-Language Query 4-7,text,true,,271,159,8,47,http://localhost:8080/search?q=love&year=1994&language=English,126,0,0
1782356325854,50,HTTP Request,200,OK,Year-Language Query 4-8,text,true,,271,159,8,47,http://localhost:8080/search?q=love&year=1994&language=English,50,0,0
1782356325832,81,HTTP Request,200,OK,Year-Language Query 4-3,text,true,,271,159,8,47,http://localhost:8080/search?q=love&year=1994&language=English,81,0,0
1782356325877,85,HTTP Request,200,OK,Year-Language Query 4-4,text,true,,271,159,8,48,http://localhost:8080/search?q=love&year=1994&language=English,85,0,0
1782356325860,111,HTTP Request,200,OK,Year-Language Query 4-5,text,true,,271,159,8,48,http://localhost:8080/search?q=love&year=1994&language=English,111,0,0
1782356325862,110,HTTP Request,200,OK,Year-Language Query 4-6,text,true,,271,159,8,48,http://localhost:8080/search?q=love&year=1994&language=English,110,0,0
1782356325881,100,HTTP Request,200,OK,Year-Language Query 4-7,text,true,,271,159,8,48,http://localhost:8080/search?q=love&year=1994&language=English,100,0,0
1782356325905,76,HTTP Request,200,OK,Year-Language Query 4-8,text,true,,271,159,8,48,http://localhost:8080/search?q=love&year=1994&language=English,76,0,0
1782356325858,123,HTTP Request,200,OK,Year-Language Query 4-2,text,true,,271,159,8,48,http://localhost:8080/search?q=love&year=1994&language=English,123,0,0
1782356325877,158,HTTP Request,200,OK,Year-Language Query 4-1,text,true,,271,159,8,48,http://localhost:8080/search?q=love&year=1994&language=English,158,0,0
1782356325914,122,HTTP Request,200,OK,Year-Language Query 4-3,text,true,,271,159,8,48,http://localhost:8080/search?q=love&year=1994&language=English,122,0,0
1782356325972,65,HTTP Request,200,OK,Year-Language Query 4-5,text,true,,271,159,8,48,http://localhost:8080/search?q=love&year=1994&language=English,65,0,0
1782356325963,76,HTTP Request,200,OK,Year-Language Query 4-4,text,true,,271,159,8,48,http://localhost:8080/search?q=love&year=1994&language=English,76,0,0
1782356325972,68,HTTP Request,200,OK,Year-Language Query 4-6,text,true,,271,159,8,48,http://localhost:8080/search?q=love&year=1994&language=English,68,0,0
1782356325981,90,HTTP Request,200,OK,Year-Language Query 4-7,text,true,,271,159,8,48,http://localhost:8080/search?q=love&year=1994&language=English,90,0,0
1782356325981,91,HTTP Request,200,OK,Year-Language Query 4-8,text,true,,271,159,8,48,http://localhost:8080/search?q=love&year=1994&language=English,91,0,0
1782356325982,91,HTTP Request,200,OK,Year-Language Query 4-2,text,true,,271,159,8,48,http://localhost:8080/search?q=love&year=1994&language=English,91,0,0
1782356326037,76,HTTP Request,200,OK,Year-Language Query 4-5,text,true,,271,159,8,48,http://localhost:8080/search?q=love&year=1994&language=English,76,0,0
1782356326040,92,HTTP Request,200,OK,Year-Language Query 4-6,text,true,,271,159,8,48,http://localhost:8080/search?q=love&year=1994&language=English,92,0,0
1782356326071,68,HTTP Request,200,OK,Year-Language Query 4-7,text,true,,271,159,8,48,http://localhost:8080/search?q=love&year=1994&language=English,68,0,0
1782356326072,77,HTTP Request,200,OK,Year-Language Query 4-8,text,true,,271,159,8,48,http://localhost:8080/search?q=love&year=1994&language=English,77,0,0
1782356326035,115,HTTP Request,200,OK,Year-Language Query 4-1,text,true,,271,159,8,48,http://localhost:8080/search?q=love&year=1994&language=English,115,0,0
1782356326036,126,HTTP Request,200,OK,Year-Language Query 4-3,text,true,,271,159,8,48,http://localhost:8080/search?q=love&year=1994&language=English,126,0,0
1782356326074,89,HTTP Request,200,OK,Year-Language Query 4-2,text,true,,271,159,8,48,http://localhost:8080/search?q=love&year=1994&language=English,89,0,0
1782356326039,124,HTTP Request,200,OK,Year-Language Query 4-4,text,true,,271,159,8,48,http://localhost:8080/search?q=love&year=1994&language=English,124,0,0
1782356326113,98,HTTP Request,200,OK,Year-Language Query 4-5,text,true,,271,159,8,48,http://localhost:8080/search?q=love&year=1994&language=English,98,0,0
1782356326132,80,HTTP Request,200,OK,Year-Language Query 4-6,text,true,,271,159,8,48,http://localhost:8080/search?q=love&year=1994&language=English,80,0,0
1782356326139,94,HTTP Request,200,OK,Year-Language Query 4-7,text,true,,271,159,8,48,http://localhost:8080/search?q=love&year=1994&language=English,94,0,0
1782356326163,97,HTTP Request,200,OK,Year-Language Query 4-4,text,true,,271,159,8,48,http://localhost:8080/search?q=love&year=1994&language=English,97,0,0
1782356326163,98,HTTP Request,200,OK,Year-Language Query 4-3,text,true,,271,159,8,48,http://localhost:8080/search?q=love&year=1994&language=English,98,0,0
1782356326212,145,HTTP Request,200,OK,Year-Language Query 4-5,text,true,,271,159,8,48,http://localhost:8080/search?q=love&year=1994&language=English,145,0,0
1782356326149,210,HTTP Request,200,OK,Year-Language Query 4-8,text,true,,271,159,8,48,http://localhost:8080/search?q=love&year=1994&language=English,210,0,0
1782356326151,211,HTTP Request,200,OK,Year-Language Query 4-1,text,true,,271,159,8,48,http://localhost:8080/search?q=love&year=1994&language=English,211,0,0
1782356326233,147,HTTP Request,200,OK,Year-Language Query 4-7,text,true,,271,159,8,48,http://localhost:8080/search?q=love&year=1994&language=English,147,0,0
1782356326260,120,HTTP Request,200,OK,Year-Language Query 4-4,text,true,,271,159,8,48,http://localhost:8080/search?q=love&year=1994&language=English,120,0,0
1782356326163,217,HTTP Request,200,OK,Year-Language Query 4-2,text,true,,271,159,8,48,http://localhost:8080/search?q=love&year=1994&language=English,217,0,0
1782356326261,122,HTTP Request,200,OK,Year-Language Query 4-3,text,true,,271,159,8,48,http://localhost:8080/search?q=love&year=1994&language=English,122,0,0
1782356326212,194,HTTP Request,200,OK,Year-Language Query 4-6,text,true,,271,159,8,48,http://localhost:8080/search?q=love&year=1994&language=English,194,0,0
1782356326360,75,HTTP Request,200,OK,Year-Language Query 4-8,text,true,,271,159,8,48,http://localhost:8080/search?q=love&year=1994&language=English,75,0,0
1782356326364,76,HTTP Request,200,OK,Year-Language Query 4-1,text,true,,271,159,8,48,http://localhost:8080/search?q=love&year=1994&language=English,76,0,0
1782356326357,105,HTTP Request,200,OK,Year-Language Query 4-5,text,true,,271,159,8,49,http://localhost:8080/search?q=love&year=1994&language=English,105,0,0
1782356326380,94,HTTP Request,200,OK,Year-Language Query 4-4,text,true,,271,159,8,50,http://localhost:8080/search?q=love&year=1994&language=English,94,0,0
1782356326380,94,HTTP Request,200,OK,Year-Language Query 4-2,text,true,,271,159,8,50,http://localhost:8080/search?q=love&year=1994&language=English,94,0,0
1782356326380,99,HTTP Request,200,OK,Year-Language Query 4-7,text,true,,271,159,8,50,http://localhost:8080/search?q=love&year=1994&language=English,99,0,0
1782356326383,98,HTTP Request,200,OK,Year-Language Query 4-3,text,true,,271,159,8,50,http://localhost:8080/search?q=love&year=1994&language=English,98,0,0
1782356326436,73,HTTP Request,200,OK,Year-Language Query 4-8,text,true,,271,159,9,53,http://localhost:8080/search?q=love&year=1994&language=English,73,0,0
1782356326406,142,HTTP Request,200,OK,Year-Language Query 4-6,text,true,,271,159,9,53,http://localhost:8080/search?q=love&year=1994&language=English,142,0,0
1782356326463,102,HTTP Request,200,OK,Year-Language Query 4-5,text,true,,271,159,9,53,http://localhost:8080/search?q=love&year=1994&language=English,102,0,0
1782356326440,130,HTTP Request,200,OK,Year-Language Query 4-1,text,true,,271,159,9,53,http://localhost:8080/search?q=love&year=1994&language=English,130,0,0
1782356326475,121,HTTP Request,200,OK,Year-Language Query 4-4,text,true,,271,159,9,53,http://localhost:8080/search?q=love&year=1994&language=English,121,0,0
1782356326475,121,HTTP Request,200,OK,Year-Language Query 4-2,text,true,,271,159,9,53,http://localhost:8080/search?q=love&year=1994&language=English,121,0,0
1782356326479,132,HTTP Request,200,OK,Year-Language Query 4-7,text,true,,271,159,9,53,http://localhost:8080/search?q=love&year=1994&language=English,132,0,0
1782356326550,91,HTTP Request,200,OK,Year-Language Query 4-6,text,true,,271,159,9,53,http://localhost:8080/search?q=love&year=1994&language=English,91,0,0
1782356326482,161,HTTP Request,200,OK,Year-Language Query 4-3,text,true,,271,159,9,53,http://localhost:8080/search?q=love&year=1994&language=English,161,0,0
1782356326494,166,HTTP Request,200,OK,Year-Language Query 4-9,text,true,,271,159,9,53,http://localhost:8080/search?q=love&year=1994&language=English,166,0,2
1782356326510,166,HTTP Request,200,OK,Year-Language Query 4-8,text,true,,271,159,9,53,http://localhost:8080/search?q=love&year=1994&language=English,166,0,0
1782356326596,98,HTTP Request,200,OK,Year-Language Query 4-2,text,true,,271,159,9,53,http://localhost:8080/search?q=love&year=1994&language=English,98,0,0
1782356326566,128,HTTP Request,200,OK,Year-Language Query 4-5,text,true,,271,159,9,53,http://localhost:8080/search?q=love&year=1994&language=English,128,0,0
1782356326596,99,HTTP Request,200,OK,Year-Language Query 4-4,text,true,,271,159,9,53,http://localhost:8080/search?q=love&year=1994&language=English,99,0,0
1782356326570,138,HTTP Request,200,OK,Year-Language Query 4-1,text,true,,271,159,9,53,http://localhost:8080/search?q=love&year=1994&language=English,138,0,0
1782356326644,82,HTTP Request,200,OK,Year-Language Query 4-3,text,true,,271,159,9,53,http://localhost:8080/search?q=love&year=1994&language=English,82,0,0
1782356326611,115,HTTP Request,200,OK,Year-Language Query 4-7,text,true,,271,159,9,53,http://localhost:8080/search?q=love&year=1994&language=English,115,0,0
1782356326641,97,HTTP Request,200,OK,Year-Language Query 4-6,text,true,,271,159,9,53,http://localhost:8080/search?q=love&year=1994&language=English,97,0,0
1782356326660,92,HTTP Request,200,OK,Year-Language Query 4-9,text,true,,271,159,9,53,http://localhost:8080/search?q=love&year=1994&language=English,92,0,0
1782356326694,69,HTTP Request,200,OK,Year-Language Query 4-2,text,true,,271,159,9,53,http://localhost:8080/search?q=love&year=1994&language=English,69,0,0
1782356326694,82,HTTP Request,200,OK,Year-Language Query 4-5,text,true,,271,159,9,53,http://localhost:8080/search?q=love&year=1994&language=English,82,0,0
1782356326695,82,HTTP Request,200,OK,Year-Language Query 4-4,text,true,,271,159,9,53,http://localhost:8080/search?q=love&year=1994&language=English,82,0,0
1782356326708,69,HTTP Request,200,OK,Year-Language Query 4-1,text,true,,271,159,9,53,http://localhost:8080/search?q=love&year=1994&language=English,69,0,0
1782356326676,105,HTTP Request,200,OK,Year-Language Query 4-8,text,true,,271,159,9,53,http://localhost:8080/search?q=love&year=1994&language=English,105,0,0
1782356326738,133,HTTP Request,200,OK,Year-Language Query 4-6,text,true,,271,159,9,53,http://localhost:8080/search?q=love&year=1994&language=English,133,0,0
1782356326726,147,HTTP Request,200,OK,Year-Language Query 4-7,text,true,,271,159,9,53,http://localhost:8080/search?q=love&year=1994&language=English,147,0,0
1782356326726,147,HTTP Request,200,OK,Year-Language Query 4-3,text,true,,271,159,9,53,http://localhost:8080/search?q=love&year=1994&language=English,147,0,0
1782356326777,134,HTTP Request,200,OK,Year-Language Query 4-4,text,true,,271,159,9,53,http://localhost:8080/search?q=love&year=1994&language=English,134,0,0
1782356326777,140,HTTP Request,200,OK,Year-Language Query 4-1,text,true,,271,159,9,53,http://localhost:8080/search?q=love&year=1994&language=English,140,0,0
1782356326777,140,HTTP Request,200,OK,Year-Language Query 4-5,text,true,,271,159,9,53,http://localhost:8080/search?q=love&year=1994&language=English,140,0,0
1782356326764,154,HTTP Request,200,OK,Year-Language Query 4-2,text,true,,271,159,9,53,http://localhost:8080/search?q=love&year=1994&language=English,154,0,0
1782356326752,174,HTTP Request,200,OK,Year-Language Query 4-9,text,true,,271,159,9,53,http://localhost:8080/search?q=love&year=1994&language=English,174,0,0
1782356326781,151,HTTP Request,200,OK,Year-Language Query 4-8,text,true,,271,159,9,53,http://localhost:8080/search?q=love&year=1994&language=English,150,0,0
1782356326874,92,HTTP Request,200,OK,Year-Language Query 4-3,text,true,,271,159,9,54,http://localhost:8080/search?q=love&year=1994&language=English,92,0,0
1782356326871,105,HTTP Request,200,OK,Year-Language Query 4-6,text,true,,271,159,9,54,http://localhost:8080/search?q=love&year=1994&language=English,105,0,0
1782356326874,143,HTTP Request,200,OK,Year-Language Query 4-7,text,true,,271,159,9,54,http://localhost:8080/search?q=love&year=1994&language=English,143,0,0
1782356326917,104,HTTP Request,200,OK,Year-Language Query 4-1,text,true,,271,159,9,54,http://localhost:8080/search?q=love&year=1994&language=English,104,0,0
1782356326918,103,HTTP Request,200,OK,Year-Language Query 4-2,text,true,,271,159,9,54,http://localhost:8080/search?q=love&year=1994&language=English,103,0,0
1782356326912,109,HTTP Request,200,OK,Year-Language Query 4-4,text,true,,271,159,9,54,http://localhost:8080/search?q=love&year=1994&language=English,109,0,0
1782356326917,105,HTTP Request,200,OK,Year-Language Query 4-5,text,true,,271,159,9,54,http://localhost:8080/search?q=love&year=1994&language=English,105,0,0
1782356326978,60,HTTP Request,200,OK,Year-Language Query 4-6,text,true,,271,159,9,54,http://localhost:8080/search?q=love&year=1994&language=English,60,0,0
1782356326927,145,HTTP Request,200,OK,Year-Language Query 4-9,text,true,,271,159,9,54,http://localhost:8080/search?q=love&year=1994&language=English,145,0,0
1782356327017,84,HTTP Request,200,OK,Year-Language Query 4-7,text,true,,271,159,9,54,http://localhost:8080/search?q=love&year=1994&language=English,84,0,0
1782356327022,114,HTTP Request,200,OK,Year-Language Query 4-5,text,true,,271,159,9,54,http://localhost:8080/search?q=love&year=1994&language=English,114,0,0
1782356327021,131,HTTP Request,200,OK,Year-Language Query 4-4,text,true,,271,159,9,54,http://localhost:8080/search?q=love&year=1994&language=English,131,0,0
1782356327021,131,HTTP Request,200,OK,Year-Language Query 4-1,text,true,,271,159,9,54,http://localhost:8080/search?q=love&year=1994&language=English,131,0,0
1782356327021,131,HTTP Request,200,OK,Year-Language Query 4-2,text,true,,271,159,9,54,http://localhost:8080/search?q=love&year=1994&language=English,131,0,0
1782356326966,222,HTTP Request,200,OK,Year-Language Query 4-3,text,true,,271,159,9,54,http://localhost:8080/search?q=love&year=1994&language=English,222,0,0
1782356326932,257,HTTP Request,200,OK,Year-Language Query 4-8,text,true,,271,159,9,54,http://localhost:8080/search?q=love&year=1994&language=English,257,0,0
1782356327073,124,HTTP Request,200,OK,Year-Language Query 4-9,text,true,,271,159,9,54,http://localhost:8080/search?q=love&year=1994&language=English,124,0,0
1782356327039,159,HTTP Request,200,OK,Year-Language Query 4-6,text,true,,271,159,9,54,http://localhost:8080/search?q=love&year=1994&language=English,159,0,0
1782356327136,68,HTTP Request,200,OK,Year-Language Query 4-5,text,true,,271,159,9,54,http://localhost:8080/search?q=love&year=1994&language=English,68,0,0
1782356327152,63,HTTP Request,200,OK,Year-Language Query 4-4,text,true,,271,159,9,54,http://localhost:8080/search?q=love&year=1994&language=English,63,0,0
1782356327153,63,HTTP Request,200,OK,Year-Language Query 4-2,text,true,,271,159,9,54,http://localhost:8080/search?q=love&year=1994&language=English,63,0,0
1782356327153,119,HTTP Request,200,OK,Year-Language Query 4-1,text,true,,271,159,9,54,http://localhost:8080/search?q=love&year=1994&language=English,119,0,0
1782356327215,89,HTTP Request,200,OK,Year-Language Query 4-4,text,true,,271,159,9,54,http://localhost:8080/search?q=love&year=1994&language=English,89,0,0
1782356327217,88,HTTP Request,200,OK,Year-Language Query 4-2,text,true,,271,159,9,54,http://localhost:8080/search?q=love&year=1994&language=English,88,0,0
1782356327204,101,HTTP Request,200,OK,Year-Language Query 4-5,text,true,,271,159,9,54,http://localhost:8080/search?q=love&year=1994&language=English,101,0,0
1782356327102,203,HTTP Request,200,OK,Year-Language Query 4-7,text,true,,271,159,9,54,http://localhost:8080/search?q=love&year=1994&language=English,203,0,0
1782356327189,162,HTTP Request,200,OK,Year-Language Query 4-8,text,true,,271,159,9,54,http://localhost:8080/search?q=love&year=1994&language=English,162,0,0
1782356327198,216,HTTP Request,200,OK,Year-Language Query 4-9,text,true,,271,159,9,54,http://localhost:8080/search?q=love&year=1994&language=English,216,0,0
1782356327198,229,HTTP Request,200,OK,Year-Language Query 4-6,text,true,,271,159,9,54,http://localhost:8080/search?q=love&year=1994&language=English,229,0,0
1782356327273,155,HTTP Request,200,OK,Year-Language Query 4-1,text,true,,271,159,9,54,http://localhost:8080/search?q=love&year=1994&language=English,155,0,0
1782356327189,244,HTTP Request,200,OK,Year-Language Query 4-3,text,true,,271,159,9,54,http://localhost:8080/search?q=love&year=1994&language=English,244,0,0
1782356327304,145,HTTP Request,200,OK,Year-Language Query 4-4,text,true,,271,159,9,54,http://localhost:8080/search?q=love&year=1994&language=English,145,0,0
1782356327305,145,HTTP Request,200,OK,Year-Language Query 4-7,text,true,,271,159,9,54,http://localhost:8080/search?q=love&year=1994&language=English,145,0,0
1782356327305,148,HTTP Request,200,OK,Year-Language Query 4-2,text,true,,271,159,9,54,http://localhost:8080/search?q=love&year=1994&language=English,148,0,0
1782356327305,148,HTTP Request,200,OK,Year-Language Query 4-5,text,true,,271,159,9,54,http://localhost:8080/search?q=love&year=1994&language=English,148,0,0
1782356327352,144,HTTP Request,200,OK,Year-Language Query 4-8,text,true,,271,159,10,58,http://localhost:8080/search?q=love&year=1994&language=English,144,0,0
1782356327427,104,HTTP Request,200,OK,Year-Language Query 4-6,text,true,,271,159,10,59,http://localhost:8080/search?q=love&year=1994&language=English,104,0,0
1782356327434,106,HTTP Request,200,OK,Year-Language Query 4-3,text,true,,271,159,10,59,http://localhost:8080/search?q=love&year=1994&language=English,106,0,0
1782356327450,100,HTTP Request,200,OK,Year-Language Query 4-7,text,true,,271,159,10,59,http://localhost:8080/search?q=love&year=1994&language=English,100,0,0
1782356327449,102,HTTP Request,200,OK,Year-Language Query 4-4,text,true,,271,159,10,59,http://localhost:8080/search?q=love&year=1994&language=English,102,0,0
1782356327453,126,HTTP Request,200,OK,Year-Language Query 4-5,text,true,,271,159,10,59,http://localhost:8080/search?q=love&year=1994&language=English,126,0,0
1782356327496,97,HTTP Request,200,OK,Year-Language Query 4-10,text,true,,271,159,10,59,http://localhost:8080/search?q=love&year=1994&language=English,97,0,2
1782356327415,196,HTTP Request,200,OK,Year-Language Query 4-9,text,true,,271,159,10,59,http://localhost:8080/search?q=love&year=1994&language=English,196,0,0
1782356327428,199,HTTP Request,200,OK,Year-Language Query 4-1,text,true,,271,159,10,59,http://localhost:8080/search?q=love&year=1994&language=English,199,0,0
1782356327532,112,HTTP Request,200,OK,Year-Language Query 4-6,text,true,,271,159,10,59,http://localhost:8080/search?q=love&year=1994&language=English,112,0,0
1782356327551,103,HTTP Request,200,OK,Year-Language Query 4-7,text,true,,271,159,10,59,http://localhost:8080/search?q=love&year=1994&language=English,103,0,0
1782356327541,120,HTTP Request,200,OK,Year-Language Query 4-3,text,true,,271,159,10,59,http://localhost:8080/search?q=love&year=1994&language=English,120,0,0
1782356327453,208,HTTP Request,200,OK,Year-Language Query 4-2,text,true,,271,159,10,59,http://localhost:8080/search?q=love&year=1994&language=English,208,0,0
1782356327593,83,HTTP Request,200,OK,Year-Language Query 4-10,text,true,,271,159,10,59,http://localhost:8080/search?q=love&year=1994&language=English,83,0,0
1782356327580,96,HTTP Request,200,OK,Year-Language Query 4-5,text,true,,271,159,10,59,http://localhost:8080/search?q=love&year=1994&language=English,96,0,0
1782356327552,145,HTTP Request,200,OK,Year-Language Query 4-4,text,true,,271,159,10,59,http://localhost:8080/search?q=love&year=1994&language=English,145,0,0
1782356327496,205,HTTP Request,200,OK,Year-Language Query 4-8,text,true,,271,159,10,59,http://localhost:8080/search?q=love&year=1994&language=English,205,0,0
1782356327645,71,HTTP Request,200,OK,Year-Language Query 4-6,text,true,,271,159,10,59,http://localhost:8080/search?q=love&year=1994&language=English,71,0,0
1782356327611,119,HTTP Request,200,OK,Year-Language Query 4-9,text,true,,271,159,10,59,http://localhost:8080/search?q=love&year=1994&language=English,119,0,0
1782356327662,74,HTTP Request,200,OK,Year-Language Query 4-2,text,true,,271,159,10,59,http://localhost:8080/search?q=love&year=1994&language=English,74,0,0
1782356327661,75,HTTP Request,200,OK,Year-Language Query 4-3,text,true,,271,159,10,59,http://localhost:8080/search?q=love&year=1994&language=English,75,0,0
1782356327627,121,HTTP Request,200,OK,Year-Language Query 4-1,text,true,,271,159,10,59,http://localhost:8080/search?q=love&year=1994&language=English,121,0,0
1782356327677,106,HTTP Request,200,OK,Year-Language Query 4-10,text,true,,271,159,10,59,http://localhost:8080/search?q=love&year=1994&language=English,106,0,0
1782356327654,130,HTTP Request,200,OK,Year-Language Query 4-7,text,true,,271,159,10,59,http://localhost:8080/search?q=love&year=1994&language=English,130,0,0
1782356327677,115,HTTP Request,200,OK,Year-Language Query 4-5,text,true,,271,159,10,59,http://localhost:8080/search?q=love&year=1994&language=English,115,0,0
1782356327702,97,HTTP Request,200,OK,Year-Language Query 4-8,text,true,,271,159,10,59,http://localhost:8080/search?q=love&year=1994&language=English,97,0,0
1782356327736,72,HTTP Request,200,OK,Year-Language Query 4-3,text,true,,271,159,10,59,http://localhost:8080/search?q=love&year=1994&language=English,72,0,0
1782356327730,78,HTTP Request,200,OK,Year-Language Query 4-9,text,true,,271,159,10,59,http://localhost:8080/search?q=love&year=1994&language=English,78,0,0
1782356327698,114,HTTP Request,200,OK,Year-Language Query 4-4,text,true,,271,159,10,59,http://localhost:8080/search?q=love&year=1994&language=English,114,0,0
1782356327716,96,HTTP Request,200,OK,Year-Language Query 4-6,text,true,,271,159,10,59,http://localhost:8080/search?q=love&year=1994&language=English,96,0,0
1782356327749,74,HTTP Request,200,OK,Year-Language Query 4-1,text,true,,271,159,10,59,http://localhost:8080/search?q=love&year=1994&language=English,74,0,0
1782356327736,100,HTTP Request,200,OK,Year-Language Query 4-2,text,true,,271,159,10,59,http://localhost:8080/search?q=love&year=1994&language=English,100,0,0
1782356327784,155,HTTP Request,200,OK,Year-Language Query 4-7,text,true,,271,159,10,59,http://localhost:8080/search?q=love&year=1994&language=English,155,0,0
1782356327809,145,HTTP Request,200,OK,Year-Language Query 4-9,text,true,,271,159,10,60,http://localhost:8080/search?q=love&year=1994&language=English,145,0,0
1782356327800,181,HTTP Request,200,OK,Year-Language Query 4-8,text,true,,271,159,10,60,http://localhost:8080/search?q=love&year=1994&language=English,181,0,0
1782356327812,171,HTTP Request,200,OK,Year-Language Query 4-6,text,true,,271,159,10,60,http://localhost:8080/search?q=love&year=1994&language=English,171,0,0
1782356327812,171,HTTP Request,200,OK,Year-Language Query 4-4,text,true,,271,159,10,60,http://localhost:8080/search?q=love&year=1994&language=English,171,0,0
1782356327808,176,HTTP Request,200,OK,Year-Language Query 4-3,text,true,,271,159,10,60,http://localhost:8080/search?q=love&year=1994&language=English,175,0,0
1782356327792,192,HTTP Request,200,OK,Year-Language Query 4-5,text,true,,271,159,10,60,http://localhost:8080/search?q=love&year=1994&language=English,192,0,0
1782356327836,148,HTTP Request,200,OK,Year-Language Query 4-2,text,true,,271,159,10,60,http://localhost:8080/search?q=love&year=1994&language=English,148,0,0
1782356327783,207,HTTP Request,200,OK,Year-Language Query 4-10,text,true,,271,159,10,60,http://localhost:8080/search?q=love&year=1994&language=English,207,0,0
1782356327824,170,HTTP Request,200,OK,Year-Language Query 4-1,text,true,,271,159,10,60,http://localhost:8080/search?q=love&year=1994&language=English,170,0,0
1782356327939,91,HTTP Request,200,OK,Year-Language Query 4-7,text,true,,271,159,10,60,http://localhost:8080/search?q=love&year=1994&language=English,91,0,0
1782356327954,96,HTTP Request,200,OK,Year-Language Query 4-9,text,true,,271,159,10,60,http://localhost:8080/search?q=love&year=1994&language=English,96,0,0
1782356327981,83,HTTP Request,200,OK,Year-Language Query 4-8,text,true,,271,159,10,60,http://localhost:8080/search?q=love&year=1994&language=English,83,0,0
1782356327991,106,HTTP Request,200,OK,Year-Language Query 4-10,text,true,,271,159,10,60,http://localhost:8080/search?q=love&year=1994&language=English,106,0,0
1782356327994,108,HTTP Request,200,OK,Year-Language Query 4-1,text,true,,271,159,10,60,http://localhost:8080/search?q=love&year=1994&language=English,108,0,0
1782356327983,124,HTTP Request,200,OK,Year-Language Query 4-4,text,true,,271,159,10,60,http://localhost:8080/search?q=love&year=1994&language=English,124,0,0
1782356327983,125,HTTP Request,200,OK,Year-Language Query 4-6,text,true,,271,159,10,60,http://localhost:8080/search?q=love&year=1994&language=English,125,0,0
1782356327984,126,HTTP Request,200,OK,Year-Language Query 4-3,text,true,,271,159,10,60,http://localhost:8080/search?q=love&year=1994&language=English,126,0,0
1782356327984,127,HTTP Request,200,OK,Year-Language Query 4-2,text,true,,271,159,10,60,http://localhost:8080/search?q=love&year=1994&language=English,127,0,0
1782356328031,95,HTTP Request,200,OK,Year-Language Query 4-7,text,true,,271,159,10,60,http://localhost:8080/search?q=love&year=1994&language=English,95,0,0
1782356327984,176,HTTP Request,200,OK,Year-Language Query 4-5,text,true,,271,159,10,60,http://localhost:8080/search?q=love&year=1994&language=English,176,0,0
1782356328050,138,HTTP Request,200,OK,Year-Language Query 4-9,text,true,,271,159,10,60,http://localhost:8080/search?q=love&year=1994&language=English,138,0,0
1782356328065,140,HTTP Request,200,OK,Year-Language Query 4-8,text,true,,271,159,10,60,http://localhost:8080/search?q=love&year=1994&language=English,140,0,0
1782356328111,94,HTTP Request,200,OK,Year-Language Query 4-3,text,true,,271,159,10,60,http://localhost:8080/search?q=love&year=1994&language=English,94,0,0
1782356328108,103,HTTP Request,200,OK,Year-Language Query 4-4,text,true,,271,159,10,60,http://localhost:8080/search?q=love&year=1994&language=English,103,0,0
1782356328108,103,HTTP Request,200,OK,Year-Language Query 4-6,text,true,,271,159,10,60,http://localhost:8080/search?q=love&year=1994&language=English,103,0,0
1782356328111,100,HTTP Request,200,OK,Year-Language Query 4-2,text,true,,271,159,10,60,http://localhost:8080/search?q=love&year=1994&language=English,100,0,0
1782356328102,109,HTTP Request,200,OK,Year-Language Query 4-1,text,true,,271,159,10,60,http://localhost:8080/search?q=love&year=1994&language=English,109,0,0
1782356328098,113,HTTP Request,200,OK,Year-Language Query 4-10,text,true,,271,159,10,60,http://localhost:8080/search?q=love&year=1994&language=English,113,0,0
1782356328126,136,HTTP Request,200,OK,Year-Language Query 4-7,text,true,,271,159,10,60,http://localhost:8080/search?q=love&year=1994&language=English,136,0,0
1782356328160,107,HTTP Request,200,OK,Year-Language Query 4-5,text,true,,271,159,10,60,http://localhost:8080/search?q=love&year=1994&language=English,107,0,0
1782356328189,107,HTTP Request,200,OK,Year-Language Query 4-9,text,true,,271,159,10,60,http://localhost:8080/search?q=love&year=1994&language=English,107,0,0
1782356328211,85,HTTP Request,200,OK,Year-Language Query 4-1,text,true,,271,159,10,60,http://localhost:8080/search?q=love&year=1994&language=English,85,0,0
1782356328212,87,HTTP Request,200,OK,Year-Language Query 4-10,text,true,,271,159,10,60,http://localhost:8080/search?q=love&year=1994&language=English,87,0,0
1782356328205,97,HTTP Request,200,OK,Year-Language Query 4-8,text,true,,271,159,10,60,http://localhost:8080/search?q=love&year=1994&language=English,97,0,0
1782356328211,92,HTTP Request,200,OK,Year-Language Query 4-6,text,true,,271,159,10,60,http://localhost:8080/search?q=love&year=1994&language=English,92,0,0
1782356328206,98,HTTP Request,200,OK,Year-Language Query 4-3,text,true,,271,159,10,60,http://localhost:8080/search?q=love&year=1994&language=English,98,0,0
1782356328211,94,HTTP Request,200,OK,Year-Language Query 4-2,text,true,,271,159,10,60,http://localhost:8080/search?q=love&year=1994&language=English,94,0,0
1782356328211,101,HTTP Request,200,OK,Year-Language Query 4-4,text,true,,271,159,10,60,http://localhost:8080/search?q=love&year=1994&language=English,101,0,0
1782356328299,131,HTTP Request,200,OK,Year-Language Query 4-10,text,true,,271,159,10,60,http://localhost:8080/search?q=love&year=1994&language=English,131,0,0
1782356328302,128,HTTP Request,200,OK,Year-Language Query 4-8,text,true,,271,159,10,60,http://localhost:8080/search?q=love&year=1994&language=English,128,0,0
1782356328304,126,HTTP Request,200,OK,Year-Language Query 4-3,text,true,,271,159,10,60,http://localhost:8080/search?q=love&year=1994&language=English,126,0,0
1782356328297,137,HTTP Request,200,OK,Year-Language Query 4-9,text,true,,271,159,10,60,http://localhost:8080/search?q=love&year=1994&language=English,137,0,0
1782356328296,141,HTTP Request,200,OK,Year-Language Query 4-1,text,true,,271,159,10,60,http://localhost:8080/search?q=love&year=1994&language=English,141,0,0
1782356328303,135,HTTP Request,200,OK,Year-Language Query 4-6,text,true,,271,159,10,60,http://localhost:8080/search?q=love&year=1994&language=English,135,0,0
1782356328263,206,HTTP Request,200,OK,Year-Language Query 4-7,text,true,,271,159,10,60,http://localhost:8080/search?q=love&year=1994&language=English,206,0,0
1782356328305,201,HTTP Request,200,OK,Year-Language Query 4-2,text,true,,271,159,10,62,http://localhost:8080/search?q=love&year=1994&language=English,201,0,0
1782356328430,86,HTTP Request,200,OK,Year-Language Query 4-10,text,true,,271,159,10,62,http://localhost:8080/search?q=love&year=1994&language=English,86,0,0
1782356328431,85,HTTP Request,200,OK,Year-Language Query 4-8,text,true,,271,159,10,62,http://localhost:8080/search?q=love&year=1994&language=English,85,0,0
1782356328430,87,HTTP Request,200,OK,Year-Language Query 4-3,text,true,,271,159,10,62,http://localhost:8080/search?q=love&year=1994&language=English,87,0,0
1782356328435,113,HTTP Request,200,OK,Year-Language Query 4-9,text,true,,271,159,10,62,http://localhost:8080/search?q=love&year=1994&language=English,113,0,0
1782356328438,111,HTTP Request,200,OK,Year-Language Query 4-1,text,true,,271,159,10,62,http://localhost:8080/search?q=love&year=1994&language=English,111,0,0
1782356328438,112,HTTP Request,200,OK,Year-Language Query 4-6,text,true,,271,159,10,62,http://localhost:8080/search?q=love&year=1994&language=English,112,0,0
1782356328268,299,HTTP Request,200,OK,Year-Language Query 4-5,text,true,,271,159,10,62,http://localhost:8080/search?q=love&year=1994&language=English,299,0,0
1782356328313,272,HTTP Request,200,OK,Year-Language Query 4-4,text,true,,271,159,10,62,http://localhost:8080/search?q=love&year=1994&language=English,272,0,0
1782356328508,78,HTTP Request,200,OK,Year-Language Query 4-2,text,true,,271,159,10,62,http://localhost:8080/search?q=love&year=1994&language=English,78,0,0
1782356328517,71,HTTP Request,200,OK,Year-Language Query 4-8,text,true,,271,159,10,62,http://localhost:8080/search?q=love&year=1994&language=English,71,0,0
1782356328516,72,HTTP Request,200,OK,Year-Language Query 4-10,text,true,,271,159,10,62,http://localhost:8080/search?q=love&year=1994&language=English,72,0,0
1782356328550,72,HTTP Request,200,OK,Year-Language Query 4-6,text,true,,271,159,10,62,http://localhost:8080/search?q=love&year=1994&language=English,72,0,0
1782356328548,83,HTTP Request,200,OK,Year-Language Query 4-9,text,true,,271,159,10,62,http://localhost:8080/search?q=love&year=1994&language=English,83,0,0
1782356328470,161,HTTP Request,200,OK,Year-Language Query 4-7,text,true,,271,159,10,62,http://localhost:8080/search?q=love&year=1994&language=English,161,0,0
1782356328518,143,HTTP Request,200,OK,Year-Language Query 4-3,text,true,,271,159,10,62,http://localhost:8080/search?q=love&year=1994&language=English,143,0,0
1782356328568,113,HTTP Request,200,OK,Year-Language Query 4-5,text,true,,271,159,10,62,http://localhost:8080/search?q=love&year=1994&language=English,113,0,0
1782356328586,125,HTTP Request,200,OK,Year-Language Query 4-4,text,true,,271,159,10,62,http://localhost:8080/search?q=love&year=1994&language=English,125,0,0
1782356328589,125,HTTP Request,200,OK,Year-Language Query 4-8,text,true,,271,159,10,62,http://localhost:8080/search?q=love&year=1994&language=English,125,0,0
1782356328549,175,HTTP Request,200,OK,Year-Language Query 4-1,text,true,,271,159,10,62,http://localhost:8080/search?q=love&year=1994&language=English,175,0,0
1782356328631,111,HTTP Request,200,OK,Year-Language Query 4-7,text,true,,271,159,10,62,http://localhost:8080/search?q=love&year=1994&language=English,111,0,0
1782356328623,119,HTTP Request,200,OK,Year-Language Query 4-6,text,true,,271,159,10,62,http://localhost:8080/search?q=love&year=1994&language=English,119,0,0
1782356328589,155,HTTP Request,200,OK,Year-Language Query 4-10,text,true,,271,159,10,62,http://localhost:8080/search?q=love&year=1994&language=English,155,0,0
1782356328586,166,HTTP Request,200,OK,Year-Language Query 4-2,text,true,,271,159,10,62,http://localhost:8080/search?q=love&year=1994&language=English,166,0,0
1782356328631,153,HTTP Request,200,OK,Year-Language Query 4-9,text,true,,271,159,10,62,http://localhost:8080/search?q=love&year=1994&language=English,153,0,0
1782356328714,82,HTTP Request,200,OK,Year-Language Query 4-8,text,true,,271,159,10,62,http://localhost:8080/search?q=love&year=1994&language=English,82,0,0
1782356328681,125,HTTP Request,200,OK,Year-Language Query 4-5,text,true,,271,159,10,62,http://localhost:8080/search?q=love&year=1994&language=English,125,0,0
1782356328742,109,HTTP Request,200,OK,Year-Language Query 4-6,text,true,,271,159,10,62,http://localhost:8080/search?q=love&year=1994&language=English,109,0,0
1782356328662,189,HTTP Request,200,OK,Year-Language Query 4-3,text,true,,271,159,10,62,http://localhost:8080/search?q=love&year=1994&language=English,189,0,0
1782356328742,113,HTTP Request,200,OK,Year-Language Query 4-7,text,true,,271,159,10,62,http://localhost:8080/search?q=love&year=1994&language=English,113,0,0
1782356328744,125,HTTP Request,200,OK,Year-Language Query 4-10,text,true,,271,159,10,62,http://localhost:8080/search?q=love&year=1994&language=English,125,0,0
1782356328725,173,HTTP Request,200,OK,Year-Language Query 4-1,text,true,,271,159,10,62,http://localhost:8080/search?q=love&year=1994&language=English,173,0,0
1782356328796,103,HTTP Request,200,OK,Year-Language Query 4-8,text,true,,271,159,10,62,http://localhost:8080/search?q=love&year=1994&language=English,103,0,0
1782356328712,188,HTTP Request,200,OK,Year-Language Query 4-4,text,true,,271,159,10,62,http://localhost:8080/search?q=love&year=1994&language=English,188,0,0
1782356328753,147,HTTP Request,200,OK,Year-Language Query 4-2,text,true,,271,159,10,62,http://localhost:8080/search?q=love&year=1994&language=English,147,0,0
1782356328806,150,HTTP Request,200,OK,Year-Language Query 4-5,text,true,,271,159,10,62,http://localhost:8080/search?q=love&year=1994&language=English,150,0,0
1782356328851,164,HTTP Request,200,OK,Year-Language Query 4-3,text,true,,271,159,10,62,http://localhost:8080/search?q=love&year=1994&language=English,164,0,0
1782356328855,162,HTTP Request,200,OK,Year-Language Query 4-7,text,true,,271,159,10,62,http://localhost:8080/search?q=love&year=1994&language=English,162,0,0
1782356328900,122,HTTP Request,200,OK,Year-Language Query 4-4,text,true,,271,159,10,62,http://localhost:8080/search?q=love&year=1994&language=English,122,0,0
1782356328851,176,HTTP Request,200,OK,Year-Language Query 4-6,text,true,,271,159,10,62,http://localhost:8080/search?q=love&year=1994&language=English,176,0,0
1782356328899,153,HTTP Request,200,OK,Year-Language Query 4-1,text,true,,271,159,10,62,http://localhost:8080/search?q=love&year=1994&language=English,153,0,0
1782356328957,95,HTTP Request,200,OK,Year-Language Query 4-5,text,true,,271,159,10,62,http://localhost:8080/search?q=love&year=1994&language=English,95,0,0
1782356328900,153,HTTP Request,200,OK,Year-Language Query 4-8,text,true,,271,159,10,62,http://localhost:8080/search?q=love&year=1994&language=English,153,0,0
1782356328786,267,HTTP Request,200,OK,Year-Language Query 4-9,text,true,,271,159,10,62,http://localhost:8080/search?q=love&year=1994&language=English,267,0,0
1782356328869,184,HTTP Request,200,OK,Year-Language Query 4-10,text,true,,271,159,10,62,http://localhost:8080/search?q=love&year=1994&language=English,184,0,0
1782356328901,153,HTTP Request,200,OK,Year-Language Query 4-2,text,true,,271,159,10,62,http://localhost:8080/search?q=love&year=1994&language=English,153,0,0
1782356329027,70,HTTP Request,200,OK,Year-Language Query 4-6,text,true,,271,159,10,62,http://localhost:8080/search?q=love&year=1994&language=English,70,0,0
1782356329023,74,HTTP Request,200,OK,Year-Language Query 4-4,text,true,,271,159,10,62,http://localhost:8080/search?q=love&year=1994&language=English,74,0,0
1782356329017,80,HTTP Request,200,OK,Year-Language Query 4-7,text,true,,271,159,10,62,http://localhost:8080/search?q=love&year=1994&language=English,80,0,0
1782356329016,81,HTTP Request,200,OK,Year-Language Query 4-3,text,true,,271,159,10,62,http://localhost:8080/search?q=love&year=1994&language=English,81,0,0
1782356329053,69,HTTP Request,200,OK,Year-Language Query 4-9,text,true,,271,159,10,62,http://localhost:8080/search?q=love&year=1994&language=English,69,0,0
1782356329052,70,HTTP Request,200,OK,Year-Language Query 4-1,text,true,,271,159,10,62,http://localhost:8080/search?q=love&year=1994&language=English,70,0,0
1782356329053,70,HTTP Request,200,OK,Year-Language Query 4-10,text,true,,271,159,10,62,http://localhost:8080/search?q=love&year=1994&language=English,70,0,0
1782356329053,70,HTTP Request,200,OK,Year-Language Query 4-8,text,true,,271,159,10,62,http://localhost:8080/search?q=love&year=1994&language=English,70,0,0
1782356329053,70,HTTP Request,200,OK,Year-Language Query 4-5,text,true,,271,159,10,62,http://localhost:8080/search?q=love&year=1994&language=English,70,0,0
1782356329054,94,HTTP Request,200,OK,Year-Language Query 4-2,text,true,,271,159,10,62,http://localhost:8080/search?q=love&year=1994&language=English,94,0,0
1782356329098,94,HTTP Request,200,OK,Year-Language Query 4-3,text,true,,271,159,10,62,http://localhost:8080/search?q=love&year=1994&language=English,94,0,0
1782356329097,95,HTTP Request,200,OK,Year-Language Query 4-7,text,true,,271,159,10,62,http://localhost:8080/search?q=love&year=1994&language=English,95,0,0
1782356329097,95,HTTP Request,200,OK,Year-Language Query 4-4,text,true,,271,159,10,62,http://localhost:8080/search?q=love&year=1994&language=English,95,0,0
1782356329097,99,HTTP Request,200,OK,Year-Language Query 4-6,text,true,,271,159,10,62,http://localhost:8080/search?q=love&year=1994&language=English,99,0,0
1782356329123,99,HTTP Request,200,OK,Year-Language Query 4-5,text,true,,271,159,10,62,http://localhost:8080/search?q=love&year=1994&language=English,99,0,0
1782356329123,103,HTTP Request,200,OK,Year-Language Query 4-8,text,true,,271,159,10,62,http://localhost:8080/search?q=love&year=1994&language=English,103,0,0
1782356329122,105,HTTP Request,200,OK,Year-Language Query 4-1,text,true,,271,159,10,62,http://localhost:8080/search?q=love&year=1994&language=English,105,0,0
1782356329123,104,HTTP Request,200,OK,Year-Language Query 4-10,text,true,,271,159,10,62,http://localhost:8080/search?q=love&year=1994&language=English,104,0,0
1782356329148,110,HTTP Request,200,OK,Year-Language Query 4-2,text,true,,271,159,10,62,http://localhost:8080/search?q=love&year=1994&language=English,110,0,0
1782356329192,85,HTTP Request,200,OK,Year-Language Query 4-4,text,true,,271,159,10,62,http://localhost:8080/search?q=love&year=1994&language=English,85,0,0
1782356329192,85,HTTP Request,200,OK,Year-Language Query 4-3,text,true,,271,159,10,62,http://localhost:8080/search?q=love&year=1994&language=English,85,0,0
1782356329192,86,HTTP Request,200,OK,Year-Language Query 4-7,text,true,,271,159,10,62,http://localhost:8080/search?q=love&year=1994&language=English,86,0,0
1782356329122,162,HTTP Request,200,OK,Year-Language Query 4-9,text,true,,271,159,10,62,http://localhost:8080/search?q=love&year=1994&language=English,162,0,0
1782356329227,74,HTTP Request,200,OK,Year-Language Query 4-10,text,true,,271,159,10,62,http://localhost:8080/search?q=love&year=1994&language=English,74,0,0
1782356329196,168,HTTP Request,200,OK,Year-Language Query 4-6,text,true,,271,159,10,62,http://localhost:8080/search?q=love&year=1994&language=English,168,0,0
1782356329278,102,HTTP Request,200,OK,Year-Language Query 4-3,text,true,,271,159,10,62,http://localhost:8080/search?q=love&year=1994&language=English,102,0,0
1782356329258,165,HTTP Request,200,OK,Year-Language Query 4-2,text,true,,271,159,10,62,http://localhost:8080/search?q=love&year=1994&language=English,165,0,0
1782356329227,197,HTTP Request,200,OK,Year-Language Query 4-1,text,true,,271,159,10,62,http://localhost:8080/search?q=love&year=1994&language=English,197,0,0
1782356329222,202,HTTP Request,200,OK,Year-Language Query 4-5,text,true,,271,159,10,62,http://localhost:8080/search?q=love&year=1994&language=English,202,0,0
1782356329226,199,HTTP Request,200,OK,Year-Language Query 4-8,text,true,,271,159,10,62,http://localhost:8080/search?q=love&year=1994&language=English,199,0,0
1782356329302,128,HTTP Request,200,OK,Year-Language Query 4-10,text,true,,271,159,10,62,http://localhost:8080/search?q=love&year=1994&language=English,128,0,0
1782356329278,158,HTTP Request,200,OK,Year-Language Query 4-4,text,true,,271,159,10,62,http://localhost:8080/search?q=love&year=1994&language=English,158,0,0
1782356329279,258,HTTP Request,200,OK,Year-Language Query 4-7,text,true,,271,159,10,64,http://localhost:8080/search?q=love&year=1994&language=English,257,0,0
1782356329284,257,HTTP Request,200,OK,Year-Language Query 4-9,text,true,,271,159,10,64,http://localhost:8080/search?q=love&year=1994&language=English,257,0,0
1782356329436,108,HTTP Request,200,OK,Year-Language Query 4-4,text,true,,271,159,10,64,http://localhost:8080/search?q=love&year=1994&language=English,108,0,0
1782356329365,182,HTTP Request,200,OK,Year-Language Query 4-6,text,true,,271,159,10,64,http://localhost:8080/search?q=love&year=1994&language=English,182,0,0
1782356329427,121,HTTP Request,200,OK,Year-Language Query 4-8,text,true,,271,159,10,64,http://localhost:8080/search?q=love&year=1994&language=English,121,0,0
1782356329423,145,HTTP Request,200,OK,Year-Language Query 4-2,text,true,,271,159,10,64,http://localhost:8080/search?q=love&year=1994&language=English,145,0,0
1782356329424,145,HTTP Request,200,OK,Year-Language Query 4-1,text,true,,271,159,10,64,http://localhost:8080/search?q=love&year=1994&language=English,145,0,0
1782356329380,192,HTTP Request,200,OK,Year-Language Query 4-3,text,true,,271,159,10,64,http://localhost:8080/search?q=love&year=1994&language=English,192,0,0
1782356329430,156,HTTP Request,200,OK,Year-Language Query 4-10,text,true,,271,159,10,64,http://localhost:8080/search?q=love&year=1994&language=English,156,0,0
1782356329424,166,HTTP Request,200,OK,Year-Language Query 4-5,text,true,,271,159,10,64,http://localhost:8080/search?q=love&year=1994&language=English,166,0,0
1782356329541,65,HTTP Request,200,OK,Year-Language Query 4-9,text,true,,271,159,10,64,http://localhost:8080/search?q=love&year=1994&language=English,65,0,0
1782356329544,69,HTTP Request,200,OK,Year-Language Query 4-4,text,true,,271,159,10,64,http://localhost:8080/search?q=love&year=1994&language=English,69,0,0
1782356329537,88,HTTP Request,200,OK,Year-Language Query 4-7,text,true,,271,159,10,64,http://localhost:8080/search?q=love&year=1994&language=English,88,0,0
1782356329569,95,HTTP Request,200,OK,Year-Language Query 4-1,text,true,,271,159,10,64,http://localhost:8080/search?q=love&year=1994&language=English,95,0,0
1782356329548,116,HTTP Request,200,OK,Year-Language Query 4-8,text,true,,271,159,10,64,http://localhost:8080/search?q=love&year=1994&language=English,116,0,0
1782356329591,74,HTTP Request,200,OK,Year-Language Query 4-5,text,true,,271,159,10,64,http://localhost:8080/search?q=love&year=1994&language=English,74,0,0
1782356329587,78,HTTP Request,200,OK,Year-Language Query 4-10,text,true,,271,159,10,64,http://localhost:8080/search?q=love&year=1994&language=English,78,0,0
1782356329548,121,HTTP Request,200,OK,Year-Language Query 4-6,text,true,,271,159,10,64,http://localhost:8080/search?q=love&year=1994&language=English,121,0,0
1782356329613,90,HTTP Request,200,OK,Year-Language Query 4-4,text,true,,271,159,10,64,http://localhost:8080/search?q=love&year=1994&language=English,90,0,0
1782356329568,135,HTTP Request,200,OK,Year-Language Query 4-2,text,true,,271,159,10,64,http://localhost:8080/search?q=love&year=1994&language=English,135,0,0
1782356329572,131,HTTP Request,200,OK,Year-Language Query 4-3,text,true,,271,159,10,64,http://localhost:8080/search?q=love&year=1994&language=English,131,0,0
1782356329627,98,HTTP Request,200,OK,Year-Language Query 4-7,text,true,,271,159,10,64,http://localhost:8080/search?q=love&year=1994&language=English,98,0,0
1782356329606,120,HTTP Request,200,OK,Year-Language Query 4-9,text,true,,271,159,10,64,http://localhost:8080/search?q=love&year=1994&language=English,120,0,0
1782356329666,87,HTTP Request,200,OK,Year-Language Query 4-10,text,true,,271,159,10,64,http://localhost:8080/search?q=love&year=1994&language=English,87,0,0
1782356329666,87,HTTP Request,200,OK,Year-Language Query 4-5,text,true,,271,159,10,64,http://localhost:8080/search?q=love&year=1994&language=English,87,0,0
1782356329665,95,HTTP Request,200,OK,Year-Language Query 4-8,text,true,,271,159,10,64,http://localhost:8080/search?q=love&year=1994&language=English,95,0,0
1782356329664,98,HTTP Request,200,OK,Year-Language Query 4-1,text,true,,271,159,10,64,http://localhost:8080/search?q=love&year=1994&language=English,98,0,0
1782356329670,97,HTTP Request,200,OK,Year-Language Query 4-6,text,true,,271,159,10,64,http://localhost:8080/search?q=love&year=1994&language=English,97,0,0
1782356329703,83,HTTP Request,200,OK,Year-Language Query 4-4,text,true,,271,159,10,64,http://localhost:8080/search?q=love&year=1994&language=English,83,0,0
1782356329703,112,HTTP Request,200,OK,Year-Language Query 4-2,text,true,,271,159,10,64,http://localhost:8080/search?q=love&year=1994&language=English,112,0,0
1782356329703,115,HTTP Request,200,OK,Year-Language Query 4-3,text,true,,271,159,10,64,http://localhost:8080/search?q=love&year=1994&language=English,115,0,0
1782356329725,116,HTTP Request,200,OK,Year-Language Query 4-7,text,true,,271,159,10,64,http://localhost:8080/search?q=love&year=1994&language=English,116,0,0
1782356329753,107,HTTP Request,200,OK,Year-Language Query 4-5,text,true,,271,159,10,64,http://localhost:8080/search?q=love&year=1994&language=English,107,0,0
1782356329767,93,HTTP Request,200,OK,Year-Language Query 4-6,text,true,,271,159,10,64,http://localhost:8080/search?q=love&year=1994&language=English,93,0,0
1782356329762,98,HTTP Request,200,OK,Year-Language Query 4-1,text,true,,271,159,10,64,http://localhost:8080/search?q=love&year=1994&language=English,98,0,0
1782356329786,75,HTTP Request,200,OK,Year-Language Query 4-4,text,true,,271,159,10,64,http://localhost:8080/search?q=love&year=1994&language=English,75,0,0
1782356329753,108,HTTP Request,200,OK,Year-Language Query 4-10,text,true,,271,159,10,64,http://localhost:8080/search?q=love&year=1994&language=English,108,0,0
1782356329760,102,HTTP Request,200,OK,Year-Language Query 4-8,text,true,,271,159,10,64,http://localhost:8080/search?q=love&year=1994&language=English,102,0,0
1782356329726,171,HTTP Request,200,OK,Year-Language Query 4-9,text,true,,271,159,10,64,http://localhost:8080/search?q=love&year=1994&language=English,171,0,0
1782356329818,80,HTTP Request,200,OK,Year-Language Query 4-3,text,true,,271,159,10,64,http://localhost:8080/search?q=love&year=1994&language=English,80,0,0
1782356329816,82,HTTP Request,200,OK,Year-Language Query 4-2,text,true,,271,159,10,64,http://localhost:8080/search?q=love&year=1994&language=English,82,0,0
1782356329841,88,HTTP Request,200,OK,Year-Language Query 4-7,text,true,,271,159,10,64,http://localhost:8080/search?q=love&year=1994&language=English,88,0,0
1782356329860,175,HTTP Request,200,OK,Year-Language Query 4-5,text,true,,271,159,10,64,http://localhost:8080/search?q=love&year=1994&language=English,175,0,0
1782356329862,175,HTTP Request,200,OK,Year-Language Query 4-8,text,true,,271,159,10,64,http://localhost:8080/search?q=love&year=1994&language=English,175,0,0
1782356329861,180,HTTP Request,200,OK,Year-Language Query 4-1,text,true,,271,159,10,64,http://localhost:8080/search?q=love&year=1994&language=English,180,0,0
1782356329861,180,HTTP Request,200,OK,Year-Language Query 4-4,text,true,,271,159,10,64,http://localhost:8080/search?q=love&year=1994&language=English,180,0,0
1782356329860,182,HTTP Request,200,OK,Year-Language Query 4-6,text,true,,271,159,10,64,http://localhost:8080/search?q=love&year=1994&language=English,182,0,0
1782356329861,183,HTTP Request,200,OK,Year-Language Query 4-10,text,true,,271,159,10,64,http://localhost:8080/search?q=love&year=1994&language=English,183,0,0
1782356329897,156,HTTP Request,200,OK,Year-Language Query 4-9,text,true,,271,159,10,64,http://localhost:8080/search?q=love&year=1994&language=English,156,0,0
1782356329898,179,HTTP Request,200,OK,Year-Language Query 4-2,text,true,,271,159,10,64,http://localhost:8080/search?q=love&year=1994&language=English,179,0,0
1782356329898,180,HTTP Request,200,OK,Year-Language Query 4-3,text,true,,271,159,10,64,http://localhost:8080/search?q=love&year=1994&language=English,180,0,0
1782356329929,159,HTTP Request,200,OK,Year-Language Query 4-7,text,true,,271,159,10,64,http://localhost:8080/search?q=love&year=1994&language=English,159,0,0
1782356330035,75,HTTP Request,200,OK,Year-Language Query 4-5,text,true,,271,159,10,64,http://localhost:8080/search?q=love&year=1994&language=English,75,0,0
1782356330042,68,HTTP Request,200,OK,Year-Language Query 4-6,text,true,,271,159,10,64,http://localhost:8080/search?q=love&year=1994&language=English,68,0,0
1782356330038,73,HTTP Request,200,OK,Year-Language Query 4-8,text,true,,271,159,10,64,http://localhost:8080/search?q=love&year=1994&language=English,73,0,0
1782356330044,83,HTTP Request,200,OK,Year-Language Query 4-10,text,true,,271,159,10,64,http://localhost:8080/search?q=love&year=1994&language=English,83,0,0
1782356330043,84,HTTP Request,200,OK,Year-Language Query 4-4,text,true,,271,159,10,64,http://localhost:8080/search?q=love&year=1994&language=English,84,0,0
1782356330042,94,HTTP Request,200,OK,Year-Language Query 4-1,text,true,,271,159,10,64,http://localhost:8080/search?q=love&year=1994&language=English,94,0,0
1782356330053,100,HTTP Request,200,OK,Year-Language Query 4-9,text,true,,271,159,10,64,http://localhost:8080/search?q=love&year=1994&language=English,100,0,0
1782356330110,82,HTTP Request,200,OK,Year-Language Query 4-6,text,true,,271,159,10,64,http://localhost:8080/search?q=love&year=1994&language=English,82,0,0
1782356330136,80,HTTP Request,200,OK,Year-Language Query 4-1,text,true,,271,159,10,64,http://localhost:8080/search?q=love&year=1994&language=English,80,0,0
1782356330110,109,HTTP Request,200,OK,Year-Language Query 4-5,text,true,,271,159,10,64,http://localhost:8080/search?q=love&year=1994&language=English,109,0,0
1782356330128,96,HTTP Request,200,OK,Year-Language Query 4-10,text,true,,271,159,10,64,http://localhost:8080/search?q=love&year=1994&language=English,96,0,0
1782356330128,96,HTTP Request,200,OK,Year-Language Query 4-4,text,true,,271,159,10,64,http://localhost:8080/search?q=love&year=1994&language=English,96,0,0
1782356330078,154,HTTP Request,200,OK,Year-Language Query 4-2,text,true,,271,159,10,64,http://localhost:8080/search?q=love&year=1994&language=English,154,0,0
1782356330089,144,HTTP Request,200,OK,Year-Language Query 4-7,text,true,,271,159,10,64,http://localhost:8080/search?q=love&year=1994&language=English,144,0,0
1782356330078,169,HTTP Request,200,OK,Year-Language Query 4-3,text,true,,271,159,10,64,http://localhost:8080/search?q=love&year=1994&language=English,169,0,0
1782356330154,103,HTTP Request,200,OK,Year-Language Query 4-9,text,true,,271,159,10,64,http://localhost:8080/search?q=love&year=1994&language=English,103,0,0
1782356330111,147,HTTP Request,200,OK,Year-Language Query 4-8,text,true,,271,159,10,64,http://localhost:8080/search?q=love&year=1994&language=English,147,0,0
1782356330193,91,HTTP Request,200,OK,Year-Language Query 4-6,text,true,,271,159,10,64,http://localhost:8080/search?q=love&year=1994&language=English,91,0,0
1782356330224,70,HTTP Request,200,OK,Year-Language Query 4-10,text,true,,271,159,10,64,http://localhost:8080/search?q=love&year=1994&language=English,70,0,0
1782356330224,71,HTTP Request,200,OK,Year-Language Query 4-4,text,true,,271,159,10,64,http://localhost:8080/search?q=love&year=1994&language=English,71,0,0
1782356330219,76,HTTP Request,200,OK,Year-Language Query 4-5,text,true,,271,159,10,64,http://localhost:8080/search?q=love&year=1994&language=English,76,0,0
1782356330216,84,HTTP Request,200,OK,Year-Language Query 4-1,text,true,,271,159,10,64,http://localhost:8080/search?q=love&year=1994&language=English,84,0,0
1782356330232,80,HTTP Request,200,OK,Year-Language Query 4-2,text,true,,271,159,10,64,http://localhost:8080/search?q=love&year=1994&language=English,80,0,0
1782356330234,78,HTTP Request,200,OK,Year-Language Query 4-7,text,true,,271,159,10,64,http://localhost:8080/search?q=love&year=1994&language=English,78,0,0
1782356330258,85,HTTP Request,200,OK,Year-Language Query 4-8,text,true,,271,159,10,64,http://localhost:8080/search?q=love&year=1994&language=English,85,0,0
1782356330284,69,HTTP Request,200,OK,Year-Language Query 4-6,text,true,,271,159,10,64,http://localhost:8080/search?q=love&year=1994&language=English,69,0,0
1782356330247,140,HTTP Request,200,OK,Year-Language Query 4-3,text,true,,271,159,10,64,http://localhost:8080/search?q=love&year=1994&language=English,140,0,0
1782356330296,92,HTTP Request,200,OK,Year-Language Query 4-5,text,true,,271,159,10,64,http://localhost:8080/search?q=love&year=1994&language=English,92,0,0
1782356330300,88,HTTP Request,200,OK,Year-Language Query 4-1,text,true,,271,159,10,64,http://localhost:8080/search?q=love&year=1994&language=English,88,0,0
1782356330296,92,HTTP Request,200,OK,Year-Language Query 4-4,text,true,,271,159,10,64,http://localhost:8080/search?q=love&year=1994&language=English,92,0,0
1782356330312,76,HTTP Request,200,OK,Year-Language Query 4-2,text,true,,271,159,10,64,http://localhost:8080/search?q=love&year=1994&language=English,76,0,0
1782356330294,95,HTTP Request,200,OK,Year-Language Query 4-10,text,true,,271,159,10,64,http://localhost:8080/search?q=love&year=1994&language=English,95,0,0
1782356330258,138,HTTP Request,200,OK,Year-Language Query 4-9,text,true,,271,159,10,64,http://localhost:8080/search?q=love&year=1994&language=English,138,0,0
1782356330312,94,HTTP Request,200,OK,Year-Language Query 4-7,text,true,,271,159,10,64,http://localhost:8080/search?q=love&year=1994&language=English,94,0,0
1782356330354,64,HTTP Request,200,OK,Year-Language Query 4-6,text,true,,271,159,10,64,http://localhost:8080/search?q=love&year=1994&language=English,64,0,0
1782356330344,76,HTTP Request,200,OK,Year-Language Query 4-8,text,true,,271,159,10,64,http://localhost:8080/search?q=love&year=1994&language=English,76,0,0
1782356330388,139,HTTP Request,200,OK,Year-Language Query 4-5,text,true,,271,159,10,66,http://localhost:8080/search?q=love&year=1994&language=English,139,0,0
1782356330397,134,HTTP Request,200,OK,Year-Language Query 4-9,text,true,,271,159,10,66,http://localhost:8080/search?q=love&year=1994&language=English,134,0,0
1782356330388,144,HTTP Request,200,OK,Year-Language Query 4-3,text,true,,271,159,10,66,http://localhost:8080/search?q=love&year=1994&language=English,144,0,0
1782356330388,144,HTTP Request,200,OK,Year-Language Query 4-1,text,true,,271,159,10,66,http://localhost:8080/search?q=love&year=1994&language=English,144,0,0
1782356330389,145,HTTP Request,200,OK,Year-Language Query 4-4,text,true,,271,159,10,66,http://localhost:8080/search?q=love&year=1994&language=English,145,0,0
1782356330418,143,HTTP Request,200,OK,Year-Language Query 4-6,text,true,,271,159,10,66,http://localhost:8080/search?q=love&year=1994&language=English,143,0,0
1782356330406,160,HTTP Request,200,OK,Year-Language Query 4-7,text,true,,271,159,10,66,http://localhost:8080/search?q=love&year=1994&language=English,160,0,0
1782356330420,155,HTTP Request,200,OK,Year-Language Query 4-8,text,true,,271,159,10,66,http://localhost:8080/search?q=love&year=1994&language=English,155,0,0
1782356330389,194,HTTP Request,200,OK,Year-Language Query 4-2,text,true,,271,159,10,66,http://localhost:8080/search?q=love&year=1994&language=English,194,0,0
1782356330390,193,HTTP Request,200,OK,Year-Language Query 4-10,text,true,,271,159,10,66,http://localhost:8080/search?q=love&year=1994&language=English,193,0,0
1782356330533,65,HTTP Request,200,OK,Year-Language Query 4-3,text,true,,271,159,10,66,http://localhost:8080/search?q=love&year=1994&language=English,65,0,0
1782356330534,65,HTTP Request,200,OK,Year-Language Query 4-4,text,true,,271,159,10,66,http://localhost:8080/search?q=love&year=1994&language=English,65,0,0
1782356330531,68,HTTP Request,200,OK,Year-Language Query 4-9,text,true,,271,159,10,66,http://localhost:8080/search?q=love&year=1994&language=English,68,0,0
1782356330527,92,HTTP Request,200,OK,Year-Language Query 4-5,text,true,,271,159,10,66,http://localhost:8080/search?q=love&year=1994&language=English,92,0,0
1782356330533,91,HTTP Request,200,OK,Year-Language Query 4-1,text,true,,271,159,10,66,http://localhost:8080/search?q=love&year=1994&language=English,91,0,0
1782356330561,73,HTTP Request,200,OK,Year-Language Query 4-6,text,true,,271,159,10,66,http://localhost:8080/search?q=love&year=1994&language=English,73,0,0
1782356330567,99,HTTP Request,200,OK,Year-Language Query 4-7,text,true,,271,159,10,66,http://localhost:8080/search?q=love&year=1994&language=English,99,0,0
1782356330583,86,HTTP Request,200,OK,Year-Language Query 4-2,text,true,,271,159,10,66,http://localhost:8080/search?q=love&year=1994&language=English,86,0,0
1782356330583,86,HTTP Request,200,OK,Year-Language Query 4-10,text,true,,271,159,10,66,http://localhost:8080/search?q=love&year=1994&language=English,86,0,0
1782356330576,94,HTTP Request,200,OK,Year-Language Query 4-8,text,true,,271,159,10,66,http://localhost:8080/search?q=love&year=1994&language=English,94,0,0
1782356330599,73,HTTP Request,200,OK,Year-Language Query 4-4,text,true,,271,159,10,66,http://localhost:8080/search?q=love&year=1994&language=English,73,0,0
1782356330599,73,HTTP Request,200,OK,Year-Language Query 4-9,text,true,,271,159,10,66,http://localhost:8080/search?q=love&year=1994&language=English,73,0,0
1782356330599,73,HTTP Request,200,OK,Year-Language Query 4-3,text,true,,271,159,10,66,http://localhost:8080/search?q=love&year=1994&language=English,72,0,0
1782356330624,90,HTTP Request,200,OK,Year-Language Query 4-1,text,true,,271,159,10,66,http://localhost:8080/search?q=love&year=1994&language=English,90,0,0
1782356330619,116,HTTP Request,200,OK,Year-Language Query 4-5,text,true,,271,159,10,66,http://localhost:8080/search?q=love&year=1994&language=English,116,0,0
1782356330636,103,HTTP Request,200,OK,Year-Language Query 4-6,text,true,,271,159,10,66,http://localhost:8080/search?q=love&year=1994&language=English,103,0,0
1782356330670,70,HTTP Request,200,OK,Year-Language Query 4-10,text,true,,271,159,10,66,http://localhost:8080/search?q=love&year=1994&language=English,70,0,0
1782356330673,67,HTTP Request,200,OK,Year-Language Query 4-3,text,true,,271,159,10,66,http://localhost:8080/search?q=love&year=1994&language=English,67,0,0
1782356330667,76,HTTP Request,200,OK,Year-Language Query 4-7,text,true,,271,159,10,66,http://localhost:8080/search?q=love&year=1994&language=English,76,0,0
1782356330672,88,HTTP Request,200,OK,Year-Language Query 4-4,text,true,,271,159,10,66,http://localhost:8080/search?q=love&year=1994&language=English,88,0,0
1782356330669,91,HTTP Request,200,OK,Year-Language Query 4-2,text,true,,271,159,10,66,http://localhost:8080/search?q=love&year=1994&language=English,91,0,0
1782356330672,88,HTTP Request,200,OK,Year-Language Query 4-9,text,true,,271,159,10,66,http://localhost:8080/search?q=love&year=1994&language=English,88,0,0
1782356330670,96,HTTP Request,200,OK,Year-Language Query 4-8,text,true,,271,159,10,66,http://localhost:8080/search?q=love&year=1994&language=English,96,0,0
1782356330735,60,HTTP Request,200,OK,Year-Language Query 4-5,text,true,,271,159,10,66,http://localhost:8080/search?q=love&year=1994&language=English,60,0,0
1782356330740,75,HTTP Request,200,OK,Year-Language Query 4-3,text,true,,271,159,10,66,http://localhost:8080/search?q=love&year=1994&language=English,75,0,0
1782356330739,76,HTTP Request,200,OK,Year-Language Query 4-6,text,true,,271,159,10,66,http://localhost:8080/search?q=love&year=1994&language=English,76,0,0
1782356330740,76,HTTP Request,200,OK,Year-Language Query 4-10,text,true,,271,159,10,66,http://localhost:8080/search?q=love&year=1994&language=English,76,0,0
1782356330714,108,HTTP Request,200,OK,Year-Language Query 4-1,text,true,,271,159,10,66,http://localhost:8080/search?q=love&year=1994&language=English,108,0,0
1782356330761,72,HTTP Request,200,OK,Year-Language Query 4-9,text,true,,271,159,10,66,http://localhost:8080/search?q=love&year=1994&language=English,72,0,0
1782356330743,90,HTTP Request,200,OK,Year-Language Query 4-7,text,true,,271,159,10,66,http://localhost:8080/search?q=love&year=1994&language=English,90,0,0
1782356330760,91,HTTP Request,200,OK,Year-Language Query 4-2,text,true,,271,159,10,66,http://localhost:8080/search?q=love&year=1994&language=English,91,0,0
1782356330767,91,HTTP Request,200,OK,Year-Language Query 4-8,text,true,,271,159,10,66,http://localhost:8080/search?q=love&year=1994&language=English,91,0,0
1782356330760,108,HTTP Request,200,OK,Year-Language Query 4-4,text,true,,271,159,10,66,http://localhost:8080/search?q=love&year=1994&language=English,108,0,0
1782356330816,71,HTTP Request,200,OK,Year-Language Query 4-10,text,true,,271,159,10,66,http://localhost:8080/search?q=love&year=1994&language=English,71,0,0
1782356330796,93,HTTP Request,200,OK,Year-Language Query 4-5,text,true,,271,159,10,66,http://localhost:8080/search?q=love&year=1994&language=English,93,0,0
1782356330834,61,HTTP Request,200,OK,Year-Language Query 4-9,text,true,,271,159,10,66,http://localhost:8080/search?q=love&year=1994&language=English,61,0,0
1782356330815,85,HTTP Request,200,OK,Year-Language Query 4-3,text,true,,271,159,10,66,http://localhost:8080/search?q=love&year=1994&language=English,85,0,0
1782356330822,83,HTTP Request,200,OK,Year-Language Query 4-1,text,true,,271,159,10,66,http://localhost:8080/search?q=love&year=1994&language=English,83,0,0
1782356330815,100,HTTP Request,200,OK,Year-Language Query 4-6,text,true,,271,159,10,66,http://localhost:8080/search?q=love&year=1994&language=English,100,0,0
1782356330851,70,HTTP Request,200,OK,Year-Language Query 4-2,text,true,,271,159,10,66,http://localhost:8080/search?q=love&year=1994&language=English,70,0,0
1782356330858,70,HTTP Request,200,OK,Year-Language Query 4-8,text,true,,271,159,10,66,http://localhost:8080/search?q=love&year=1994&language=English,70,0,0
1782356330834,110,HTTP Request,200,OK,Year-Language Query 4-7,text,true,,271,159,10,66,http://localhost:8080/search?q=love&year=1994&language=English,110,0,0
1782356330868,76,HTTP Request,200,OK,Year-Language Query 4-4,text,true,,271,159,10,66,http://localhost:8080/search?q=love&year=1994&language=English,76,0,0
1782356330887,68,HTTP Request,200,OK,Year-Language Query 4-10,text,true,,271,159,10,66,http://localhost:8080/search?q=love&year=1994&language=English,68,0,0
1782356330895,65,HTTP Request,200,OK,Year-Language Query 4-9,text,true,,271,159,10,66,http://localhost:8080/search?q=love&year=1994&language=English,65,0,0
1782356330900,63,HTTP Request,200,OK,Year-Language Query 4-3,text,true,,271,159,10,66,http://localhost:8080/search?q=love&year=1994&language=English,63,0,0
1782356330890,73,HTTP Request,200,OK,Year-Language Query 4-5,text,true,,271,159,10,66,http://localhost:8080/search?q=love&year=1994&language=English,73,0,0
1782356330915,56,HTTP Request,200,OK,Year-Language Query 4-6,text,true,,271,159,10,66,http://localhost:8080/search?q=love&year=1994&language=English,56,0,0
1782356330905,156,HTTP Request,200,OK,Year-Language Query 4-1,text,true,,271,159,10,66,http://localhost:8080/search?q=love&year=1994&language=English,156,0,0
1782356330922,152,HTTP Request,200,OK,Year-Language Query 4-2,text,true,,271,159,10,66,http://localhost:8080/search?q=love&year=1994&language=English,152,0,0
1782356330928,148,HTTP Request,200,OK,Year-Language Query 4-8,text,true,,271,159,10,66,http://localhost:8080/search?q=love&year=1994&language=English,148,0,0
1782356330963,125,HTTP Request,200,OK,Year-Language Query 4-3,text,true,,271,159,10,66,http://localhost:8080/search?q=love&year=1994&language=English,125,0,0
1782356330960,130,HTTP Request,200,OK,Year-Language Query 4-9,text,true,,271,159,10,66,http://localhost:8080/search?q=love&year=1994&language=English,130,0,0
1782356330956,134,HTTP Request,200,OK,Year-Language Query 4-10,text,true,,271,159,10,66,http://localhost:8080/search?q=love&year=1994&language=English,134,0,0
1782356330972,122,HTTP Request,200,OK,Year-Language Query 4-6,text,true,,271,159,10,66,http://localhost:8080/search?q=love&year=1994&language=English,122,0,0
1782356330963,140,HTTP Request,200,OK,Year-Language Query 4-5,text,true,,271,159,10,66,http://localhost:8080/search?q=love&year=1994&language=English,140,0,0
1782356330944,161,HTTP Request,200,OK,Year-Language Query 4-7,text,true,,271,159,10,66,http://localhost:8080/search?q=love&year=1994&language=English,161,0,0
1782356330944,164,HTTP Request,200,OK,Year-Language Query 4-4,text,true,,271,159,10,66,http://localhost:8080/search?q=love&year=1994&language=English,164,0,0
1782356331062,62,HTTP Request,200,OK,Year-Language Query 4-1,text,true,,271,159,10,66,http://localhost:8080/search?q=love&year=1994&language=English,62,0,0
1782356331090,56,HTTP Request,200,OK,Year-Language Query 4-10,text,true,,271,159,10,66,http://localhost:8080/search?q=love&year=1994&language=English,56,0,0
1782356331074,74,HTTP Request,200,OK,Year-Language Query 4-2,text,true,,271,159,10,66,http://localhost:8080/search?q=love&year=1994&language=English,74,0,0
1782356331090,60,HTTP Request,200,OK,Year-Language Query 4-9,text,true,,271,159,10,66,http://localhost:8080/search?q=love&year=1994&language=English,60,0,0
1782356331089,75,HTTP Request,200,OK,Year-Language Query 4-3,text,true,,271,159,10,66,http://localhost:8080/search?q=love&year=1994&language=English,75,0,0
1782356331076,89,HTTP Request,200,OK,Year-Language Query 4-8,text,true,,271,159,10,66,http://localhost:8080/search?q=love&year=1994&language=English,89,0,0
1782356331103,81,HTTP Request,200,OK,Year-Language Query 4-5,text,true,,271,159,10,66,http://localhost:8080/search?q=love&year=1994&language=English,81,0,0
1782356331105,86,HTTP Request,200,OK,Year-Language Query 4-7,text,true,,271,159,10,66,http://localhost:8080/search?q=love&year=1994&language=English,86,0,0
1782356331108,90,HTTP Request,200,OK,Year-Language Query 4-4,text,true,,271,159,10,66,http://localhost:8080/search?q=love&year=1994&language=English,90,0,0
1782356331095,142,HTTP Request,200,OK,Year-Language Query 4-6,text,true,,271,159,10,66,http://localhost:8080/search?q=love&year=1994&language=English,142,0,0
1782356331150,105,HTTP Request,200,OK,Year-Language Query 4-9,text,true,,271,159,10,66,http://localhost:8080/search?q=love&year=1994&language=English,105,0,0
1782356331147,111,HTTP Request,200,OK,Year-Language Query 4-10,text,true,,271,159,10,66,http://localhost:8080/search?q=love&year=1994&language=English,111,0,0
1782356331166,96,HTTP Request,200,OK,Year-Language Query 4-8,text,true,,271,159,10,66,http://localhost:8080/search?q=love&year=1994&language=English,96,0,0
1782356331124,140,HTTP Request,200,OK,Year-Language Query 4-1,text,true,,271,159,10,66,http://localhost:8080/search?q=love&year=1994&language=English,140,0,0
1782356331148,126,HTTP Request,200,OK,Year-Language Query 4-2,text,true,,271,159,10,66,http://localhost:8080/search?q=love&year=1994&language=English,126,0,0
1782356331164,111,HTTP Request,200,OK,Year-Language Query 4-3,text,true,,271,159,10,66,http://localhost:8080/search?q=love&year=1994&language=English,111,0,0
1782356331191,151,HTTP Request,200,OK,Year-Language Query 4-7,text,true,,271,159,10,66,http://localhost:8080/search?q=love&year=1994&language=English,151,0,0
1782356331184,159,HTTP Request,200,OK,Year-Language Query 4-5,text,true,,271,159,10,66,http://localhost:8080/search?q=love&year=1994&language=English,159,0,0
1782356331200,147,HTTP Request,200,OK,Year-Language Query 4-4,text,true,,271,159,10,66,http://localhost:8080/search?q=love&year=1994&language=English,147,0,0
1782356331237,116,HTTP Request,200,OK,Year-Language Query 4-6,text,true,,271,159,10,66,http://localhost:8080/search?q=love&year=1994&language=English,116,0,0
1782356331255,104,HTTP Request,200,OK,Year-Language Query 4-9,text,true,,271,159,10,66,http://localhost:8080/search?q=love&year=1994&language=English,104,0,0
1782356331264,114,HTTP Request,200,OK,Year-Language Query 4-1,text,true,,271,159,10,66,http://localhost:8080/search?q=love&year=1994&language=English,114,0,0
1782356331275,104,HTTP Request,200,OK,Year-Language Query 4-3,text,true,,271,159,10,66,http://localhost:8080/search?q=love&year=1994&language=English,104,0,0
1782356331263,117,HTTP Request,200,OK,Year-Language Query 4-8,text,true,,271,159,10,66,http://localhost:8080/search?q=love&year=1994&language=English,117,0,0
1782356331259,121,HTTP Request,200,OK,Year-Language Query 4-10,text,true,,271,159,10,66,http://localhost:8080/search?q=love&year=1994&language=English,121,0,0
1782356331274,112,HTTP Request,200,OK,Year-Language Query 4-2,text,true,,271,159,10,66,http://localhost:8080/search?q=love&year=1994&language=English,112,0,0
1782356331342,86,HTTP Request,200,OK,Year-Language Query 4-7,text,true,,271,159,10,66,http://localhost:8080/search?q=love&year=1994&language=English,86,0,0
1782356331348,91,HTTP Request,200,OK,Year-Language Query 4-4,text,true,,271,159,10,66,http://localhost:8080/search?q=love&year=1994&language=English,91,0,0
1782356331379,68,HTTP Request,200,OK,Year-Language Query 4-3,text,true,,271,159,10,66,http://localhost:8080/search?q=love&year=1994&language=English,68,0,0
1782356331353,94,HTTP Request,200,OK,Year-Language Query 4-6,text,true,,271,159,10,66,http://localhost:8080/search?q=love&year=1994&language=English,94,0,0
1782356331346,101,HTTP Request,200,OK,Year-Language Query 4-5,text,true,,271,159,10,66,http://localhost:8080/search?q=love&year=1994&language=English,101,0,0
1782356331360,88,HTTP Request,200,OK,Year-Language Query 4-9,text,true,,271,159,10,66,http://localhost:8080/search?q=love&year=1994&language=English,88,0,0
1782356331387,84,HTTP Request,200,OK,Year-Language Query 4-2,text,true,,271,159,10,67,http://localhost:8080/search?q=love&year=1994&language=English,84,0,0
1782356331378,156,HTTP Request,200,OK,Year-Language Query 4-1,text,true,,271,159,10,68,http://localhost:8080/search?q=love&year=1994&language=English,156,0,0
1782356331381,155,HTTP Request,200,OK,Year-Language Query 4-10,text,true,,271,159,10,68,http://localhost:8080/search?q=love&year=1994&language=English,155,0,0
1782356331380,159,HTTP Request,200,OK,Year-Language Query 4-8,text,true,,271,159,10,68,http://localhost:8080/search?q=love&year=1994&language=English,159,0,0
1782356331439,148,HTTP Request,200,OK,Year-Language Query 4-4,text,true,,271,159,10,68,http://localhost:8080/search?q=love&year=1994&language=English,148,0,0
1782356331429,193,HTTP Request,200,OK,Year-Language Query 4-7,text,true,,271,159,10,68,http://localhost:8080/search?q=love&year=1994&language=English,193,0,0
1782356331449,176,HTTP Request,200,OK,Year-Language Query 4-9,text,true,,271,159,10,68,http://localhost:8080/search?q=love&year=1994&language=English,175,0,0
1782356331448,177,HTTP Request,200,OK,Year-Language Query 4-5,text,true,,271,159,10,68,http://localhost:8080/search?q=love&year=1994&language=English,177,0,0
1782356331447,178,HTTP Request,200,OK,Year-Language Query 4-3,text,true,,271,159,10,68,http://localhost:8080/search?q=love&year=1994&language=English,178,0,0
1782356331472,167,HTTP Request,200,OK,Year-Language Query 4-2,text,true,,271,159,10,68,http://localhost:8080/search?q=love&year=1994&language=English,167,0,0
1782356331447,194,HTTP Request,200,OK,Year-Language Query 4-6,text,true,,271,159,10,68,http://localhost:8080/search?q=love&year=1994&language=English,194,0,0
1782356331587,81,HTTP Request,200,OK,Year-Language Query 4-4,text,true,,271,159,10,68,http://localhost:8080/search?q=love&year=1994&language=English,81,0,0
1782356331539,136,HTTP Request,200,OK,Year-Language Query 4-8,text,true,,271,159,10,68,http://localhost:8080/search?q=love&year=1994&language=English,136,0,0
1782356331534,144,HTTP Request,200,OK,Year-Language Query 4-1,text,true,,271,159,10,68,http://localhost:8080/search?q=love&year=1994&language=English,144,0,0
1782356331537,143,HTTP Request,200,OK,Year-Language Query 4-10,text,true,,271,159,10,68,http://localhost:8080/search?q=love&year=1994&language=English,143,0,0
1782356331625,80,HTTP Request,200,OK,Year-Language Query 4-3,text,true,,271,159,10,68,http://localhost:8080/search?q=love&year=1994&language=English,80,0,0
1782356331625,86,HTTP Request,200,OK,Year-Language Query 4-9,text,true,,271,159,10,68,http://localhost:8080/search?q=love&year=1994&language=English,86,0,0
1782356331622,98,HTTP Request,200,OK,Year-Language Query 4-7,text,true,,271,159,10,68,http://localhost:8080/search?q=love&year=1994&language=English,98,0,0
1782356331639,112,HTTP Request,200,OK,Year-Language Query 4-2,text,true,,271,159,10,68,http://localhost:8080/search?q=love&year=1994&language=English,112,0,0
1782356331643,117,HTTP Request,200,OK,Year-Language Query 4-6,text,true,,271,159,10,68,http://localhost:8080/search?q=love&year=1994&language=English,117,0,0
1782356331625,145,HTTP Request,200,OK,Year-Language Query 4-5,text,true,,271,159,10,68,http://localhost:8080/search?q=love&year=1994&language=English,145,0,0
1782356331680,106,HTTP Request,200,OK,Year-Language Query 4-10,text,true,,271,159,10,68,http://localhost:8080/search?q=love&year=1994&language=English,106,0,0
1782356331705,81,HTTP Request,200,OK,Year-Language Query 4-3,text,true,,271,159,10,68,http://localhost:8080/search?q=love&year=1994&language=English,81,0,0
1782356331711,83,HTTP Request,200,OK,Year-Language Query 4-9,text,true,,271,159,10,68,http://localhost:8080/search?q=love&year=1994&language=English,83,0,0
1782356331669,128,HTTP Request,200,OK,Year-Language Query 4-4,text,true,,271,159,10,68,http://localhost:8080/search?q=love&year=1994&language=English,128,0,0
1782356331676,156,HTTP Request,200,OK,Year-Language Query 4-8,text,true,,271,159,10,68,http://localhost:8080/search?q=love&year=1994&language=English,156,0,0
1782356331721,111,HTTP Request,200,OK,Year-Language Query 4-7,text,true,,271,159,10,68,http://localhost:8080/search?q=love&year=1994&language=English,111,0,0
1782356331678,166,HTTP Request,200,OK,Year-Language Query 4-1,text,true,,271,159,10,68,http://localhost:8080/search?q=love&year=1994&language=English,166,0,0
1782356331786,83,HTTP Request,200,OK,Year-Language Query 4-10,text,true,,271,159,10,68,http://localhost:8080/search?q=love&year=1994&language=English,83,0,0
1782356331751,118,HTTP Request,200,OK,Year-Language Query 4-2,text,true,,271,159,10,68,http://localhost:8080/search?q=love&year=1994&language=English,118,0,0
1782356331787,82,HTTP Request,200,OK,Year-Language Query 4-3,text,true,,271,159,10,68,http://localhost:8080/search?q=love&year=1994&language=English,82,0,0
1782356331797,74,HTTP Request,200,OK,Year-Language Query 4-4,text,true,,271,159,10,68,http://localhost:8080/search?q=love&year=1994&language=English,74,0,0
1782356331770,104,HTTP Request,200,OK,Year-Language Query 4-5,text,true,,271,159,10,68,http://localhost:8080/search?q=love&year=1994&language=English,104,0,0
1782356331760,115,HTTP Request,200,OK,Year-Language Query 4-6,text,true,,271,159,10,68,http://localhost:8080/search?q=love&year=1994&language=English,115,0,0
1782356331794,97,HTTP Request,200,OK,Year-Language Query 4-9,text,true,,271,159,10,68,http://localhost:8080/search?q=love&year=1994&language=English,97,0,0
1782356331844,118,HTTP Request,200,OK,Year-Language Query 4-1,text,true,,271,159,10,68,http://localhost:8080/search?q=love&year=1994&language=English,118,0,0
1782356331832,130,HTTP Request,200,OK,Year-Language Query 4-7,text,true,,271,159,10,68,http://localhost:8080/search?q=love&year=1994&language=English,130,0,0
1782356331832,131,HTTP Request,200,OK,Year-Language Query 4-8,text,true,,271,159,10,68,http://localhost:8080/search?q=love&year=1994&language=English,131,0,0
1782356331875,110,HTTP Request,200,OK,Year-Language Query 4-6,text,true,,271,159,10,68,http://localhost:8080/search?q=love&year=1994&language=English,110,0,0
1782356331871,114,HTTP Request,200,OK,Year-Language Query 4-4,text,true,,271,159,10,68,http://localhost:8080/search?q=love&year=1994&language=English,114,0,0
1782356331869,116,HTTP Request,200,OK,Year-Language Query 4-2,text,true,,271,159,10,68,http://localhost:8080/search?q=love&year=1994&language=English,116,0,0
1782356331869,120,HTTP Request,200,OK,Year-Language Query 4-3,text,true,,271,159,10,68,http://localhost:8080/search?q=love&year=1994&language=English,120,0,0
1782356331869,134,HTTP Request,200,OK,Year-Language Query 4-10,text,true,,271,159,10,68,http://localhost:8080/search?q=love&year=1994&language=English,134,0,0
1782356331874,129,HTTP Request,200,OK,Year-Language Query 4-5,text,true,,271,159,10,68,http://localhost:8080/search?q=love&year=1994&language=English,129,0,0
1782356331891,126,HTTP Request,200,OK,Year-Language Query 4-9,text,true,,271,159,10,68,http://localhost:8080/search?q=love&year=1994&language=English,126,0,0
1782356331963,140,HTTP Request,200,OK,Year-Language Query 4-8,text,true,,271,159,10,68,http://localhost:8080/search?q=love&year=1994&language=English,140,0,0
1782356331962,143,HTTP Request,200,OK,Year-Language Query 4-1,text,true,,271,159,10,68,http://localhost:8080/search?q=love&year=1994&language=English,143,0,0
1782356331962,154,HTTP Request,200,OK,Year-Language Query 4-7,text,true,,271,159,10,68,http://localhost:8080/search?q=love&year=1994&language=English,154,0,0
1782356332003,151,HTTP Request,200,OK,Year-Language Query 4-10,text,true,,271,159,10,68,http://localhost:8080/search?q=love&year=1994&language=English,151,0,0
1782356331989,165,HTTP Request,200,OK,Year-Language Query 4-3,text,true,,271,159,10,68,http://localhost:8080/search?q=love&year=1994&language=English,165,0,0
1782356331985,169,HTTP Request,200,OK,Year-Language Query 4-6,text,true,,271,159,10,68,http://localhost:8080/search?q=love&year=1994&language=English,169,0,0
1782356331985,169,HTTP Request,200,OK,Year-Language Query 4-2,text,true,,271,159,10,68,http://localhost:8080/search?q=love&year=1994&language=English,169,0,0
1782356331985,170,HTTP Request,200,OK,Year-Language Query 4-4,text,true,,271,159,10,68,http://localhost:8080/search?q=love&year=1994&language=English,170,0,0
1782356332017,146,HTTP Request,200,OK,Year-Language Query 4-9,text,true,,271,159,10,68,http://localhost:8080/search?q=love&year=1994&language=English,146,0,0
1782356332003,167,HTTP Request,200,OK,Year-Language Query 4-5,text,true,,271,159,10,68,http://localhost:8080/search?q=love&year=1994&language=English,167,0,0
1782356332103,77,HTTP Request,200,OK,Year-Language Query 4-8,text,true,,271,159,10,68,http://localhost:8080/search?q=love&year=1994&language=English,77,0,0
1782356332105,78,HTTP Request,200,OK,Year-Language Query 4-1,text,true,,271,159,10,68,http://localhost:8080/search?q=love&year=1994&language=English,78,0,0
1782356332116,79,HTTP Request,200,OK,Year-Language Query 4-7,text,true,,271,159,10,68,http://localhost:8080/search?q=love&year=1994&language=English,79,0,0
1782356332170,58,HTTP Request,200,OK,Year-Language Query 4-5,text,true,,271,159,10,68,http://localhost:8080/search?q=love&year=1994&language=English,58,0,0
1782356332154,79,HTTP Request,200,OK,Year-Language Query 4-3,text,true,,271,159,10,68,http://localhost:8080/search?q=love&year=1994&language=English,79,0,0
1782356332155,108,HTTP Request,200,OK,Year-Language Query 4-4,text,true,,271,159,10,68,http://localhost:8080/search?q=love&year=1994&language=English,108,0,0
1782356332185,82,HTTP Request,200,OK,Year-Language Query 4-1,text,true,,271,159,10,68,http://localhost:8080/search?q=love&year=1994&language=English,82,0,0
1782356332154,119,HTTP Request,200,OK,Year-Language Query 4-10,text,true,,271,159,10,68,http://localhost:8080/search?q=love&year=1994&language=English,119,0,0
1782356332154,127,HTTP Request,200,OK,Year-Language Query 4-6,text,true,,271,159,10,68,http://localhost:8080/search?q=love&year=1994&language=English,127,0,0
1782356332180,114,HTTP Request,200,OK,Year-Language Query 4-8,text,true,,271,159,10,68,http://localhost:8080/search?q=love&year=1994&language=English,114,0,0
1782356332164,130,HTTP Request,200,OK,Year-Language Query 4-9,text,true,,271,159,10,68,http://localhost:8080/search?q=love&year=1994&language=English,130,0,0
1782356332155,143,HTTP Request,200,OK,Year-Language Query 4-2,text,true,,271,159,10,68,http://localhost:8080/search?q=love&year=1994&language=English,143,0,0
1782356332196,115,HTTP Request,200,OK,Year-Language Query 4-7,text,true,,271,159,10,68,http://localhost:8080/search?q=love&year=1994&language=English,115,0,0
1782356332233,96,HTTP Request,200,OK,Year-Language Query 4-3,text,true,,271,159,10,68,http://localhost:8080/search?q=love&year=1994&language=English,96,0,0
1782356332228,101,HTTP Request,200,OK,Year-Language Query 4-5,text,true,,271,159,10,68,http://localhost:8080/search?q=love&year=1994&language=English,101,0,0
1782356332295,67,HTTP Request,200,OK,Year-Language Query 4-9,text,true,,271,159,10,68,http://localhost:8080/search?q=love&year=1994&language=English,67,0,0
1782356332282,80,HTTP Request,200,OK,Year-Language Query 4-6,text,true,,271,159,10,68,http://localhost:8080/search?q=love&year=1994&language=English,80,0,0
1782356332267,101,HTTP Request,200,OK,Year-Language Query 4-1,text,true,,271,159,10,68,http://localhost:8080/search?q=love&year=1994&language=English,101,0,0
1782356332263,107,HTTP Request,200,OK,Year-Language Query 4-4,text,true,,271,159,10,68,http://localhost:8080/search?q=love&year=1994&language=English,107,0,0
1782356332273,100,HTTP Request,200,OK,Year-Language Query 4-10,text,true,,271,159,10,68,http://localhost:8080/search?q=love&year=1994&language=English,100,0,0
1782356332298,105,HTTP Request,200,OK,Year-Language Query 4-2,text,true,,271,159,10,68,http://localhost:8080/search?q=love&year=1994&language=English,105,0,0
1782356332311,96,HTTP Request,200,OK,Year-Language Query 4-7,text,true,,271,159,10,68,http://localhost:8080/search?q=love&year=1994&language=English,96,0,0
1782356332329,80,HTTP Request,200,OK,Year-Language Query 4-3,text,true,,271,159,10,68,http://localhost:8080/search?q=love&year=1994&language=English,80,0,0
1782356332295,133,HTTP Request,200,OK,Year-Language Query 4-8,text,true,,271,159,10,68,http://localhost:8080/search?q=love&year=1994&language=English,133,0,0
1782356332370,91,HTTP Request,200,OK,Year-Language Query 4-4,text,true,,271,159,10,68,http://localhost:8080/search?q=love&year=1994&language=English,91,0,0
1782356332362,99,HTTP Request,200,OK,Year-Language Query 4-9,text,true,,271,159,10,68,http://localhost:8080/search?q=love&year=1994&language=English,99,0,0
1782356332373,88,HTTP Request,200,OK,Year-Language Query 4-10,text,true,,271,159,10,68,http://localhost:8080/search?q=love&year=1994&language=English,88,0,0
1782356332368,93,HTTP Request,200,OK,Year-Language Query 4-1,text,true,,271,159,10,68,http://localhost:8080/search?q=love&year=1994&language=English,93,0,0
1782356332363,130,HTTP Request,200,OK,Year-Language Query 4-6,text,true,,271,159,10,70,http://localhost:8080/search?q=love&year=1994&language=English,130,0,0
1782356332329,165,HTTP Request,200,OK,Year-Language Query 4-5,text,true,,271,159,10,70,http://localhost:8080/search?q=love&year=1994&language=English,165,0,0
1782356332404,90,HTTP Request,200,OK,Year-Language Query 4-2,text,true,,271,159,10,70,http://localhost:8080/search?q=love&year=1994&language=English,90,0,0
1782356332408,112,HTTP Request,200,OK,Year-Language Query 4-7,text,true,,271,159,10,70,http://localhost:8080/search?q=love&year=1994&language=English,112,0,0
1782356332428,115,HTTP Request,200,OK,Year-Language Query 4-8,text,true,,271,159,10,70,http://localhost:8080/search?q=love&year=1994&language=English,115,0,0
1782356332461,102,HTTP Request,200,OK,Year-Language Query 4-9,text,true,,271,159,10,70,http://localhost:8080/search?q=love&year=1994&language=English,102,0,0
1782356332461,102,HTTP Request,200,OK,Year-Language Query 4-10,text,true,,271,159,10,70,http://localhost:8080/search?q=love&year=1994&language=English,102,0,0
1782356332461,102,HTTP Request,200,OK,Year-Language Query 4-4,text,true,,271,159,10,70,http://localhost:8080/search?q=love&year=1994&language=English,102,0,0
1782356332409,154,HTTP Request,200,OK,Year-Language Query 4-3,text,true,,271,159,10,70,http://localhost:8080/search?q=love&year=1994&language=English,154,0,0
1782356332493,83,HTTP Request,200,OK,Year-Language Query 4-6,text,true,,271,159,10,70,http://localhost:8080/search?q=love&year=1994&language=English,83,0,0
1782356332494,157,HTTP Request,200,OK,Year-Language Query 4-5,text,true,,271,159,10,70,http://localhost:8080/search?q=love&year=1994&language=English,157,0,0
1782356332462,221,HTTP Request,200,OK,Year-Language Query 4-1,text,true,,271,159,10,70,http://localhost:8080/search?q=love&year=1994&language=English,221,0,0
1782356332563,158,HTTP Request,200,OK,Year-Language Query 4-10,text,true,,271,159,10,70,http://localhost:8080/search?q=love&year=1994&language=English,158,0,0
1782356332520,202,HTTP Request,200,OK,Year-Language Query 4-7,text,true,,271,159,10,70,http://localhost:8080/search?q=love&year=1994&language=English,202,0,0
1782356332494,228,HTTP Request,200,OK,Year-Language Query 4-2,text,true,,271,159,10,70,http://localhost:8080/search?q=love&year=1994&language=English,228,0,0
1782356332544,178,HTTP Request,200,OK,Year-Language Query 4-8,text,true,,271,159,10,70,http://localhost:8080/search?q=love&year=1994&language=English,178,0,0
1782356332563,160,HTTP Request,200,OK,Year-Language Query 4-3,text,true,,271,159,10,70,http://localhost:8080/search?q=love&year=1994&language=English,160,0,0
1782356332563,176,HTTP Request,200,OK,Year-Language Query 4-9,text,true,,271,159,10,70,http://localhost:8080/search?q=love&year=1994&language=English,176,0,0
1782356332563,178,HTTP Request,200,OK,Year-Language Query 4-4,text,true,,271,159,10,70,http://localhost:8080/search?q=love&year=1994&language=English,178,0,0
1782356332577,174,HTTP Request,200,OK,Year-Language Query 4-6,text,true,,271,159,10,70,http://localhost:8080/search?q=love&year=1994&language=English,174,0,0
1782356332652,110,HTTP Request,200,OK,Year-Language Query 4-5,text,true,,271,159,10,70,http://localhost:8080/search?q=love&year=1994&language=English,110,0,0
1782356332685,78,HTTP Request,200,OK,Year-Language Query 4-1,text,true,,271,159,10,70,http://localhost:8080/search?q=love&year=1994&language=English,78,0,0
1782356332722,76,HTTP Request,200,OK,Year-Language Query 4-7,text,true,,271,159,10,70,http://localhost:8080/search?q=love&year=1994&language=English,76,0,0
1782356332722,77,HTTP Request,200,OK,Year-Language Query 4-10,text,true,,271,159,10,70,http://localhost:8080/search?q=love&year=1994&language=English,77,0,0
1782356332722,77,HTTP Request,200,OK,Year-Language Query 4-8,text,true,,271,159,10,70,http://localhost:8080/search?q=love&year=1994&language=English,77,0,0
1782356332722,98,HTTP Request,200,OK,Year-Language Query 4-2,text,true,,271,159,10,70,http://localhost:8080/search?q=love&year=1994&language=English,98,0,0
1782356332724,105,HTTP Request,200,OK,Year-Language Query 4-3,text,true,,271,159,10,70,http://localhost:8080/search?q=love&year=1994&language=English,104,0,0
1782356332751,101,HTTP Request,200,OK,Year-Language Query 4-6,text,true,,271,159,10,70,http://localhost:8080/search?q=love&year=1994&language=English,101,0,0
1782356332798,88,HTTP Request,200,OK,Year-Language Query 4-7,text,true,,271,159,10,70,http://localhost:8080/search?q=love&year=1994&language=English,88,0,0
1782356332799,88,HTTP Request,200,OK,Year-Language Query 4-10,text,true,,271,159,10,70,http://localhost:8080/search?q=love&year=1994&language=English,88,0,0
1782356332799,99,HTTP Request,200,OK,Year-Language Query 4-8,text,true,,271,159,10,70,http://localhost:8080/search?q=love&year=1994&language=English,99,0,0
1782356332763,137,HTTP Request,200,OK,Year-Language Query 4-1,text,true,,271,159,10,70,http://localhost:8080/search?q=love&year=1994&language=English,137,0,0
1782356332741,167,HTTP Request,200,OK,Year-Language Query 4-4,text,true,,271,159,10,70,http://localhost:8080/search?q=love&year=1994&language=English,167,0,0
1782356332740,168,HTTP Request,200,OK,Year-Language Query 4-9,text,true,,271,159,10,70,http://localhost:8080/search?q=love&year=1994&language=English,168,0,0
1782356332852,85,HTTP Request,200,OK,Year-Language Query 4-6,text,true,,271,159,10,70,http://localhost:8080/search?q=love&year=1994&language=English,85,0,0
1782356332829,109,HTTP Request,200,OK,Year-Language Query 4-3,text,true,,271,159,10,70,http://localhost:8080/search?q=love&year=1994&language=English,109,0,0
1782356332762,183,HTTP Request,200,OK,Year-Language Query 4-5,text,true,,271,159,10,70,http://localhost:8080/search?q=love&year=1994&language=English,183,0,0
1782356332821,126,HTTP Request,200,OK,Year-Language Query 4-2,text,true,,271,159,10,70,http://localhost:8080/search?q=love&year=1994&language=English,126,0,0
1782356332887,95,HTTP Request,200,OK,Year-Language Query 4-7,text,true,,271,159,10,70,http://localhost:8080/search?q=love&year=1994&language=English,95,0,0
1782356332887,106,HTTP Request,200,OK,Year-Language Query 4-10,text,true,,271,159,10,70,http://localhost:8080/search?q=love&year=1994&language=English,106,0,0
1782356332899,94,HTTP Request,200,OK,Year-Language Query 4-8,text,true,,271,159,10,70,http://localhost:8080/search?q=love&year=1994&language=English,94,0,0
1782356332908,112,HTTP Request,200,OK,Year-Language Query 4-9,text,true,,271,159,10,70,http://localhost:8080/search?q=love&year=1994&language=English,112,0,0
1782356332900,124,HTTP Request,200,OK,Year-Language Query 4-1,text,true,,271,159,10,70,http://localhost:8080/search?q=love&year=1994&language=English,124,0,0
1782356332908,119,HTTP Request,200,OK,Year-Language Query 4-4,text,true,,271,159,10,70,http://localhost:8080/search?q=love&year=1994&language=English,118,0,0
1782356332945,86,HTTP Request,200,OK,Year-Language Query 4-5,text,true,,271,159,10,70,http://localhost:8080/search?q=love&year=1994&language=English,86,0,0
1782356332938,94,HTTP Request,200,OK,Year-Language Query 4-3,text,true,,271,159,10,70,http://localhost:8080/search?q=love&year=1994&language=English,94,0,0
1782356332937,97,HTTP Request,200,OK,Year-Language Query 4-6,text,true,,271,159,10,70,http://localhost:8080/search?q=love&year=1994&language=English,97,0,0
1782356332947,105,HTTP Request,200,OK,Year-Language Query 4-2,text,true,,271,159,10,70,http://localhost:8080/search?q=love&year=1994&language=English,105,0,0
1782356332982,89,HTTP Request,200,OK,Year-Language Query 4-7,text,true,,271,159,10,70,http://localhost:8080/search?q=love&year=1994&language=English,89,0,0
1782356332994,91,HTTP Request,200,OK,Year-Language Query 4-10,text,true,,271,159,10,70,http://localhost:8080/search?q=love&year=1994&language=English,91,0,0
1782356332993,97,HTTP Request,200,OK,Year-Language Query 4-8,text,true,,271,159,10,70,http://localhost:8080/search?q=love&year=1994&language=English,97,0,0
1782356333025,177,HTTP Request,200,OK,Year-Language Query 4-1,text,true,,271,159,10,70,http://localhost:8080/search?q=love&year=1994&language=English,177,0,0
1782356333032,173,HTTP Request,200,OK,Year-Language Query 4-3,text,true,,271,159,10,70,http://localhost:8080/search?q=love&year=1994&language=English,173,0,0
1782356333027,178,HTTP Request,200,OK,Year-Language Query 4-4,text,true,,271,159,10,70,http://localhost:8080/search?q=love&year=1994&language=English,178,0,0
1782356333052,156,HTTP Request,200,OK,Year-Language Query 4-2,text,true,,271,159,10,70,http://localhost:8080/search?q=love&year=1994&language=English,156,0,0
1782356333071,144,HTTP Request,200,OK,Year-Language Query 4-7,text,true,,271,159,10,70,http://localhost:8080/search?q=love&year=1994&language=English,144,0,0
1782356333035,181,HTTP Request,200,OK,Year-Language Query 4-6,text,true,,271,159,10,70,http://localhost:8080/search?q=love&year=1994&language=English,181,0,0
1782356333031,186,HTTP Request,200,OK,Year-Language Query 4-5,text,true,,271,159,10,70,http://localhost:8080/search?q=love&year=1994&language=English,186,0,0
1782356333090,127,HTTP Request,200,OK,Year-Language Query 4-8,text,true,,271,159,10,70,http://localhost:8080/search?q=love&year=1994&language=English,127,0,0
1782356333085,133,HTTP Request,200,OK,Year-Language Query 4-10,text,true,,271,159,10,70,http://localhost:8080/search?q=love&year=1994&language=English,133,0,0
1782356333020,217,HTTP Request,200,OK,Year-Language Query 4-9,text,true,,271,159,10,70,http://localhost:8080/search?q=love&year=1994&language=English,217,0,0
1782356333205,125,HTTP Request,200,OK,Year-Language Query 4-4,text,true,,271,159,10,70,http://localhost:8080/search?q=love&year=1994&language=English,125,0,0
1782356333202,128,HTTP Request,200,OK,Year-Language Query 4-1,text,true,,271,159,10,70,http://localhost:8080/search?q=love&year=1994&language=English,128,0,0
1782356333205,125,HTTP Request,200,OK,Year-Language Query 4-3,text,true,,271,159,10,70,http://localhost:8080/search?q=love&year=1994&language=English,125,0,0
1782356333208,125,HTTP Request,200,OK,Year-Language Query 4-2,text,true,,271,159,10,70,http://localhost:8080/search?q=love&year=1994&language=English,125,0,0
1782356333217,116,HTTP Request,200,OK,Year-Language Query 4-5,text,true,,271,159,10,70,http://localhost:8080/search?q=love&year=1994&language=English,116,0,0
1782356333215,152,HTTP Request,200,OK,Year-Language Query 4-7,text,true,,271,159,10,70,http://localhost:8080/search?q=love&year=1994&language=English,152,0,0
1782356333237,162,HTTP Request,200,OK,Year-Language Query 4-9,text,true,,271,159,10,70,http://localhost:8080/search?q=love&year=1994&language=English,162,0,0
1782356333219,181,HTTP Request,200,OK,Year-Language Query 4-10,text,true,,271,159,10,70,http://localhost:8080/search?q=love&year=1994&language=English,181,0,0
1782356333217,194,HTTP Request,200,OK,Year-Language Query 4-6,text,true,,271,159,10,70,http://localhost:8080/search?q=love&year=1994&language=English,194,0,0
1782356333218,196,HTTP Request,200,OK,Year-Language Query 4-8,text,true,,271,159,10,70,http://localhost:8080/search?q=love&year=1994&language=English,196,0,0
1782356333333,82,HTTP Request,200,OK,Year-Language Query 4-5,text,true,,271,159,10,70,http://localhost:8080/search?q=love&year=1994&language=English,82,0,0
1782356333330,85,HTTP Request,200,OK,Year-Language Query 4-3,text,true,,271,159,10,70,http://localhost:8080/search?q=love&year=1994&language=English,85,0,0
1782356333330,85,HTTP Request,200,OK,Year-Language Query 4-4,text,true,,271,159,10,70,http://localhost:8080/search?q=love&year=1994&language=English,85,0,0
1782356333330,85,HTTP Request,200,OK,Year-Language Query 4-1,text,true,,271,159,10,70,http://localhost:8080/search?q=love&year=1994&language=English,85,0,0
1782356333333,106,HTTP Request,200,OK,Year-Language Query 4-2,text,true,,271,159,10,70,http://localhost:8080/search?q=love&year=1994&language=English,106,0,0
1782356333367,103,HTTP Request,200,OK,Year-Language Query 4-7,text,true,,271,159,10,70,http://localhost:8080/search?q=love&year=1994&language=English,103,0,0
1782356333414,77,HTTP Request,200,OK,Year-Language Query 4-8,text,true,,271,159,10,70,http://localhost:8080/search?q=love&year=1994&language=English,77,0,0
1782356333415,76,HTTP Request,200,OK,Year-Language Query 4-4,text,true,,271,159,10,70,http://localhost:8080/search?q=love&year=1994&language=English,76,0,0
1782356333415,96,HTTP Request,200,OK,Year-Language Query 4-3,text,true,,271,159,10,70,http://localhost:8080/search?q=love&year=1994&language=English,96,0,0
1782356333440,75,HTTP Request,200,OK,Year-Language Query 4-2,text,true,,271,159,10,70,http://localhost:8080/search?q=love&year=1994&language=English,75,0,0
1782356333415,112,HTTP Request,200,OK,Year-Language Query 4-1,text,true,,271,159,10,70,http://localhost:8080/search?q=love&year=1994&language=English,112,0,0
1782356333402,125,HTTP Request,200,OK,Year-Language Query 4-10,text,true,,271,159,10,70,http://localhost:8080/search?q=love&year=1994&language=English,125,0,0
1782356333399,128,HTTP Request,200,OK,Year-Language Query 4-9,text,true,,271,159,10,70,http://localhost:8080/search?q=love&year=1994&language=English,128,0,0
1782356333412,139,HTTP Request,200,OK,Year-Language Query 4-6,text,true,,271,159,10,70,http://localhost:8080/search?q=love&year=1994&language=English,139,0,0
1782356333415,138,HTTP Request,200,OK,Year-Language Query 4-5,text,true,,271,159,10,70,http://localhost:8080/search?q=love&year=1994&language=English,137,0,0
1782356333491,72,HTTP Request,200,OK,Year-Language Query 4-8,text,true,,271,159,10,70,http://localhost:8080/search?q=love&year=1994&language=English,72,0,0
1782356333491,92,HTTP Request,200,OK,Year-Language Query 4-4,text,true,,271,159,10,70,http://localhost:8080/search?q=love&year=1994&language=English,92,0,0
1782356333512,88,HTTP Request,200,OK,Year-Language Query 4-3,text,true,,271,159,10,70,http://localhost:8080/search?q=love&year=1994&language=English,88,0,0
1782356333470,137,HTTP Request,200,OK,Year-Language Query 4-7,text,true,,271,159,10,70,http://localhost:8080/search?q=love&year=1994&language=English,137,0,0
1782356333515,92,HTTP Request,200,OK,Year-Language Query 4-2,text,true,,271,159,10,70,http://localhost:8080/search?q=love&year=1994&language=English,92,0,0
1782356333583,138,HTTP Request,200,OK,Year-Language Query 4-4,text,true,,271,159,10,70,http://localhost:8080/search?q=love&year=1994&language=English,138,0,0
1782356333553,171,HTTP Request,200,OK,Year-Language Query 4-6,text,true,,271,159,10,70,http://localhost:8080/search?q=love&year=1994&language=English,171,0,0
1782356333528,197,HTTP Request,200,OK,Year-Language Query 4-1,text,true,,271,159,10,70,http://localhost:8080/search?q=love&year=1994&language=English,197,0,0
1782356333601,125,HTTP Request,200,OK,Year-Language Query 4-3,text,true,,271,159,10,70,http://localhost:8080/search?q=love&year=1994&language=English,125,0,0
1782356333528,209,HTTP Request,200,OK,Year-Language Query 4-10,text,true,,271,159,10,70,http://localhost:8080/search?q=love&year=1994&language=English,209,0,0
1782356333608,131,HTTP Request,200,OK,Year-Language Query 4-2,text,true,,271,159,10,70,http://localhost:8080/search?q=love&year=1994&language=English,131,0,0
1782356333564,175,HTTP Request,200,OK,Year-Language Query 4-8,text,true,,271,159,10,70,http://localhost:8080/search?q=love&year=1994&language=English,175,0,0
1782356333528,230,HTTP Request,200,OK,Year-Language Query 4-9,text,true,,271,159,10,70,http://localhost:8080/search?q=love&year=1994&language=English,230,0,0
1782356333607,151,HTTP Request,200,OK,Year-Language Query 4-7,text,true,,271,159,10,70,http://localhost:8080/search?q=love&year=1994&language=English,151,0,0
1782356333553,207,HTTP Request,200,OK,Year-Language Query 4-5,text,true,,271,159,10,70,http://localhost:8080/search?q=love&year=1994&language=English,207,0,0
1782356333722,89,HTTP Request,200,OK,Year-Language Query 4-4,text,true,,271,159,10,70,http://localhost:8080/search?q=love&year=1994&language=English,89,0,0
1782356333724,92,HTTP Request,200,OK,Year-Language Query 4-6,text,true,,271,159,10,70,http://localhost:8080/search?q=love&year=1994&language=English,92,0,0
1782356333739,77,HTTP Request,200,OK,Year-Language Query 4-8,text,true,,271,159,10,70,http://localhost:8080/search?q=love&year=1994&language=English,77,0,0
1782356333759,74,HTTP Request,200,OK,Year-Language Query 4-7,text,true,,271,159,10,70,http://localhost:8080/search?q=love&year=1994&language=English,74,0,0
1782356333759,74,HTTP Request,200,OK,Year-Language Query 4-9,text,true,,271,159,10,70,http://localhost:8080/search?q=love&year=1994&language=English,74,0,0
1782356333739,140,HTTP Request,200,OK,Year-Language Query 4-2,text,true,,271,159,10,70,http://localhost:8080/search?q=love&year=1994&language=English,140,0,0
1782356333726,153,HTTP Request,200,OK,Year-Language Query 4-3,text,true,,271,159,10,70,http://localhost:8080/search?q=love&year=1994&language=English,153,0,0
1782356333725,156,HTTP Request,200,OK,Year-Language Query 4-1,text,true,,271,159,10,70,http://localhost:8080/search?q=love&year=1994&language=English,156,0,0
1782356333816,82,HTTP Request,200,OK,Year-Language Query 4-8,text,true,,271,159,10,70,http://localhost:8080/search?q=love&year=1994&language=English,82,0,0
1782356333816,83,HTTP Request,200,OK,Year-Language Query 4-6,text,true,,271,159,10,70,http://localhost:8080/search?q=love&year=1994&language=English,83,0,0
1782356333811,89,HTTP Request,200,OK,Year-Language Query 4-4,text,true,,271,159,10,70,http://localhost:8080/search?q=love&year=1994&language=English,89,0,0
1782356333833,71,HTTP Request,200,OK,Year-Language Query 4-9,text,true,,271,159,10,70,http://localhost:8080/search?q=love&year=1994&language=English,71,0,0
1782356333760,180,HTTP Request,200,OK,Year-Language Query 4-5,text,true,,271,159,10,70,http://localhost:8080/search?q=love&year=1994&language=English,180,0,0
1782356333738,203,HTTP Request,200,OK,Year-Language Query 4-10,text,true,,271,159,10,70,http://localhost:8080/search?q=love&year=1994&language=English,203,0,0
1782356333879,83,HTTP Request,200,OK,Year-Language Query 4-2,text,true,,271,159,10,70,http://localhost:8080/search?q=love&year=1994&language=English,83,0,0
1782356333833,139,HTTP Request,200,OK,Year-Language Query 4-7,text,true,,271,159,10,70,http://localhost:8080/search?q=love&year=1994&language=English,139,0,0
1782356333898,99,HTTP Request,200,OK,Year-Language Query 4-8,text,true,,271,159,10,70,http://localhost:8080/search?q=love&year=1994&language=English,99,0,0
1782356333904,116,HTTP Request,200,OK,Year-Language Query 4-9,text,true,,271,159,10,70,http://localhost:8080/search?q=love&year=1994&language=English,116,0,0
1782356333900,121,HTTP Request,200,OK,Year-Language Query 4-4,text,true,,271,159,10,70,http://localhost:8080/search?q=love&year=1994&language=English,121,0,0
1782356333899,124,HTTP Request,200,OK,Year-Language Query 4-6,text,true,,271,159,10,70,http://localhost:8080/search?q=love&year=1994&language=English,124,0,0
1782356333882,158,HTTP Request,200,OK,Year-Language Query 4-1,text,true,,271,159,10,70,http://localhost:8080/search?q=love&year=1994&language=English,157,0,0
1782356333879,162,HTTP Request,200,OK,Year-Language Query 4-3,text,true,,271,159,10,70,http://localhost:8080/search?q=love&year=1994&language=English,162,0,0
1782356333972,70,HTTP Request,200,OK,Year-Language Query 4-7,text,true,,271,159,10,70,http://localhost:8080/search?q=love&year=1994&language=English,70,0,0
1782356333940,110,HTTP Request,200,OK,Year-Language Query 4-5,text,true,,271,159,10,70,http://localhost:8080/search?q=love&year=1994&language=English,110,0,0
1782356334024,116,HTTP Request,200,OK,Year-Language Query 4-6,text,true,,271,159,10,70,http://localhost:8080/search?q=love&year=1994&language=English,116,0,0
1782356334021,125,HTTP Request,200,OK,Year-Language Query 4-4,text,true,,271,159,10,70,http://localhost:8080/search?q=love&year=1994&language=English,125,0,0
1782356333997,150,HTTP Request,200,OK,Year-Language Query 4-8,text,true,,271,159,10,70,http://localhost:8080/search?q=love&year=1994&language=English,150,0,0
1782356334041,106,HTTP Request,200,OK,Year-Language Query 4-3,text,true,,271,159,10,70,http://localhost:8080/search?q=love&year=1994&language=English,106,0,0
1782356334041,109,HTTP Request,200,OK,Year-Language Query 4-1,text,true,,271,159,10,70,http://localhost:8080/search?q=love&year=1994&language=English,109,0,0
1782356333941,211,HTTP Request,200,OK,Year-Language Query 4-10,text,true,,271,159,10,70,http://localhost:8080/search?q=love&year=1994&language=English,211,0,0
1782356334021,131,HTTP Request,200,OK,Year-Language Query 4-9,text,true,,271,159,10,70,http://localhost:8080/search?q=love&year=1994&language=English,131,0,0
1782356334050,169,HTTP Request,200,OK,Year-Language Query 4-5,text,true,,271,159,10,70,http://localhost:8080/search?q=love&year=1994&language=English,169,0,0
1782356333963,261,HTTP Request,200,OK,Year-Language Query 4-2,text,true,,271,159,10,70,http://localhost:8080/search?q=love&year=1994&language=English,261,0,0
1782356334042,183,HTTP Request,200,OK,Year-Language Query 4-7,text,true,,271,159,10,70,http://localhost:8080/search?q=love&year=1994&language=English,183,0,0
1782356334147,91,HTTP Request,200,OK,Year-Language Query 4-8,text,true,,271,159,10,70,http://localhost:8080/search?q=love&year=1994&language=English,91,0,0
1782356334150,88,HTTP Request,200,OK,Year-Language Query 4-1,text,true,,271,159,10,70,http://localhost:8080/search?q=love&year=1994&language=English,88,0,0
1782356334141,97,HTTP Request,200,OK,Year-Language Query 4-6,text,true,,271,159,10,70,http://localhost:8080/search?q=love&year=1994&language=English,97,0,0
1782356334152,86,HTTP Request,200,OK,Year-Language Query 4-10,text,true,,271,159,10,70,http://localhost:8080/search?q=love&year=1994&language=English,86,0,0
1782356334152,86,HTTP Request,200,OK,Year-Language Query 4-9,text,true,,271,159,10,70,http://localhost:8080/search?q=love&year=1994&language=English,86,0,0
1782356334148,91,HTTP Request,200,OK,Year-Language Query 4-3,text,true,,271,159,10,70,http://localhost:8080/search?q=love&year=1994&language=English,91,0,0
1782356334147,103,HTTP Request,200,OK,Year-Language Query 4-4,text,true,,271,159,10,70,http://localhost:8080/search?q=love&year=1994&language=English,103,0,0
1782356334220,86,HTTP Request,200,OK,Year-Language Query 4-5,text,true,,271,159,10,70,http://localhost:8080/search?q=love&year=1994&language=English,86,0,0
1782356334238,72,HTTP Request,200,OK,Year-Language Query 4-1,text,true,,271,159,10,70,http://localhost:8080/search?q=love&year=1994&language=English,72,0,0
1782356334239,73,HTTP Request,200,OK,Year-Language Query 4-3,text,true,,271,159,10,70,http://localhost:8080/search?q=love&year=1994&language=English,73,0,0
1782356334238,83,HTTP Request,200,OK,Year-Language Query 4-8,text,true,,271,159,10,70,http://localhost:8080/search?q=love&year=1994&language=English,83,0,0
1782356334238,84,HTTP Request,200,OK,Year-Language Query 4-10,text,true,,271,159,10,70,http://localhost:8080/search?q=love&year=1994&language=English,84,0,0
1782356334238,85,HTTP Request,200,OK,Year-Language Query 4-6,text,true,,271,159,10,70,http://localhost:8080/search?q=love&year=1994&language=English,85,0,0
1782356334225,99,HTTP Request,200,OK,Year-Language Query 4-2,text,true,,271,159,10,70,http://localhost:8080/search?q=love&year=1994&language=English,99,0,0
1782356334238,86,HTTP Request,200,OK,Year-Language Query 4-9,text,true,,271,159,10,70,http://localhost:8080/search?q=love&year=1994&language=English,86,0,0
1782356334225,99,HTTP Request,200,OK,Year-Language Query 4-7,text,true,,271,159,10,70,http://localhost:8080/search?q=love&year=1994&language=English,99,0,0
1782356334250,75,HTTP Request,200,OK,Year-Language Query 4-4,text,true,,271,159,10,70,http://localhost:8080/search?q=love&year=1994&language=English,75,0,0
1782356334311,63,HTTP Request,200,OK,Year-Language Query 4-1,text,true,,271,159,10,70,http://localhost:8080/search?q=love&year=1994&language=English,63,0,0
1782356334312,69,HTTP Request,200,OK,Year-Language Query 4-3,text,true,,271,159,10,70,http://localhost:8080/search?q=love&year=1994&language=English,69,0,0
1782356334323,58,HTTP Request,200,OK,Year-Language Query 4-6,text,true,,271,159,10,70,http://localhost:8080/search?q=love&year=1994&language=English,58,0,0
1782356334307,77,HTTP Request,200,OK,Year-Language Query 4-5,text,true,,271,159,10,70,http://localhost:8080/search?q=love&year=1994&language=English,77,0,0
1782356334322,66,HTTP Request,200,OK,Year-Language Query 4-8,text,true,,271,159,10,70,http://localhost:8080/search?q=love&year=1994&language=English,66,0,0
1782356334324,64,HTTP Request,200,OK,Year-Language Query 4-2,text,true,,271,159,10,70,http://localhost:8080/search?q=love&year=1994&language=English,64,0,0
1782356334322,66,HTTP Request,200,OK,Year-Language Query 4-10,text,true,,271,159,10,70,http://localhost:8080/search?q=love&year=1994&language=English,66,0,0
1782356334325,68,HTTP Request,200,OK,Year-Language Query 4-4,text,true,,271,159,10,70,http://localhost:8080/search?q=love&year=1994&language=English,68,0,0
1782356334324,69,HTTP Request,200,OK,Year-Language Query 4-9,text,true,,271,159,10,70,http://localhost:8080/search?q=love&year=1994&language=English,69,0,0
1782356334325,75,HTTP Request,200,OK,Year-Language Query 4-7,text,true,,271,159,10,70,http://localhost:8080/search?q=love&year=1994&language=English,75,0,0
1782356334381,54,HTTP Request,200,OK,Year-Language Query 4-6,text,true,,271,159,10,70,http://localhost:8080/search?q=love&year=1994&language=English,54,0,0
1782356334381,55,HTTP Request,200,OK,Year-Language Query 4-3,text,true,,271,159,10,70,http://localhost:8080/search?q=love&year=1994&language=English,55,0,0
1782356334375,61,HTTP Request,200,OK,Year-Language Query 4-1,text,true,,271,159,10,70,http://localhost:8080/search?q=love&year=1994&language=English,61,0,0
1782356334385,64,HTTP Request,200,OK,Year-Language Query 4-5,text,true,,271,159,10,70,http://localhost:8080/search?q=love&year=1994&language=English,64,0,0
1782356334393,67,HTTP Request,200,OK,Year-Language Query 4-9,text,true,,271,159,10,70,http://localhost:8080/search?q=love&year=1994&language=English,67,0,0
1782356334393,68,HTTP Request,200,OK,Year-Language Query 4-4,text,true,,271,159,10,70,http://localhost:8080/search?q=love&year=1994&language=English,68,0,0
1782356334389,85,HTTP Request,200,OK,Year-Language Query 4-10,text,true,,271,159,10,70,http://localhost:8080/search?q=love&year=1994&language=English,85,0,0
1782356334388,103,HTTP Request,200,OK,Year-Language Query 4-2,text,true,,271,159,10,70,http://localhost:8080/search?q=love&year=1994&language=English,103,0,0
1782356334436,70,HTTP Request,200,OK,Year-Language Query 4-3,text,true,,271,159,10,70,http://localhost:8080/search?q=love&year=1994&language=English,70,0,0
1782356334436,90,HTTP Request,200,OK,Year-Language Query 4-1,text,true,,271,159,10,70,http://localhost:8080/search?q=love&year=1994&language=English,90,0,0
1782356334435,92,HTTP Request,200,OK,Year-Language Query 4-6,text,true,,271,159,10,70,http://localhost:8080/search?q=love&year=1994&language=English,92,0,0
1782356334401,133,HTTP Request,200,OK,Year-Language Query 4-7,text,true,,271,159,10,70,http://localhost:8080/search?q=love&year=1994&language=English,133,0,0
1782356334450,95,HTTP Request,200,OK,Year-Language Query 4-5,text,true,,271,159,10,70,http://localhost:8080/search?q=love&year=1994&language=English,95,0,0
1782356334460,89,HTTP Request,200,OK,Year-Language Query 4-9,text,true,,271,159,10,70,http://localhost:8080/search?q=love&year=1994&language=English,89,0,0
1782356334474,75,HTTP Request,200,OK,Year-Language Query 4-10,text,true,,271,159,10,70,http://localhost:8080/search?q=love&year=1994&language=English,75,0,0
1782356334461,95,HTTP Request,200,OK,Year-Language Query 4-4,text,true,,271,159,10,70,http://localhost:8080/search?q=love&year=1994&language=English,95,0,0
1782356334388,182,HTTP Request,200,OK,Year-Language Query 4-8,text,true,,271,159,10,70,http://localhost:8080/search?q=love&year=1994&language=English,182,0,0
1782356334491,95,HTTP Request,200,OK,Year-Language Query 4-2,text,true,,271,159,10,70,http://localhost:8080/search?q=love&year=1994&language=English,95,0,0
1782356334507,83,HTTP Request,200,OK,Year-Language Query 4-3,text,true,,271,159,10,70,http://localhost:8080/search?q=love&year=1994&language=English,83,0,0
1782356334587,59,HTTP Request,200,OK,Year-Language Query 4-2,text,true,,271,159,10,70,http://localhost:8080/search?q=love&year=1994&language=English,59,0,0
1782356334570,76,HTTP Request,200,OK,Year-Language Query 4-8,text,true,,271,159,10,70,http://localhost:8080/search?q=love&year=1994&language=English,76,0,0
1782356334557,89,HTTP Request,200,OK,Year-Language Query 4-4,text,true,,271,159,10,70,http://localhost:8080/search?q=love&year=1994&language=English,89,0,0
1782356334549,172,HTTP Request,200,OK,Year-Language Query 4-9,text,true,,271,159,10,70,http://localhost:8080/search?q=love&year=1994&language=English,172,0,0
1782356334527,196,HTTP Request,200,OK,Year-Language Query 4-6,text,true,,271,159,10,70,http://localhost:8080/search?q=love&year=1994&language=English,196,0,0
1782356334534,218,HTTP Request,200,OK,Year-Language Query 4-7,text,true,,271,159,10,70,http://localhost:8080/search?q=love&year=1994&language=English,218,0,0
1782356334549,204,HTTP Request,200,OK,Year-Language Query 4-10,text,true,,271,159,10,70,http://localhost:8080/search?q=love&year=1994&language=English,204,0,0
1782356334527,234,HTTP Request,200,OK,Year-Language Query 4-1,text,true,,271,159,10,70,http://localhost:8080/search?q=love&year=1994&language=English,234,0,0
1782356334546,215,HTTP Request,200,OK,Year-Language Query 4-5,text,true,,271,159,10,70,http://localhost:8080/search?q=love&year=1994&language=English,215,0,0
1782356334646,139,HTTP Request,200,OK,Year-Language Query 4-2,text,true,,271,159,10,70,http://localhost:8080/search?q=love&year=1994&language=English,139,0,0
1782356334646,143,HTTP Request,200,OK,Year-Language Query 4-8,text,true,,271,159,10,70,http://localhost:8080/search?q=love&year=1994&language=English,143,0,0
1782356334646,148,HTTP Request,200,OK,Year-Language Query 4-4,text,true,,271,159,10,70,http://localhost:8080/search?q=love&year=1994&language=English,148,0,0
1782356334591,242,HTTP Request,200,OK,Year-Language Query 4-3,text,true,,271,159,10,70,http://localhost:8080/search?q=love&year=1994&language=English,242,0,0
1782356334724,110,HTTP Request,200,OK,Year-Language Query 4-6,text,true,,271,159,10,70,http://localhost:8080/search?q=love&year=1994&language=English,110,0,0
1782356334753,102,HTTP Request,200,OK,Year-Language Query 4-7,text,true,,271,159,10,70,http://localhost:8080/search?q=love&year=1994&language=English,102,0,0
1782356334790,90,HTTP Request,200,OK,Year-Language Query 4-8,text,true,,271,159,10,70,http://localhost:8080/search?q=love&year=1994&language=English,90,0,0
1782356334794,94,HTTP Request,200,OK,Year-Language Query 4-4,text,true,,271,159,10,70,http://localhost:8080/search?q=love&year=1994&language=English,94,0,0
1782356334785,106,HTTP Request,200,OK,Year-Language Query 4-2,text,true,,271,159,10,70,http://localhost:8080/search?q=love&year=1994&language=English,106,0,0
1782356334722,173,HTTP Request,200,OK,Year-Language Query 4-9,text,true,,271,159,10,70,http://localhost:8080/search?q=love&year=1994&language=English,173,0,0
1782356334761,150,HTTP Request,200,OK,Year-Language Query 4-5,text,true,,271,159,10,70,http://localhost:8080/search?q=love&year=1994&language=English,150,0,0
1782356334761,166,HTTP Request,200,OK,Year-Language Query 4-1,text,true,,271,159,10,70,http://localhost:8080/search?q=love&year=1994&language=English,166,0,0
1782356334833,107,HTTP Request,200,OK,Year-Language Query 4-3,text,true,,271,159,10,70,http://localhost:8080/search?q=love&year=1994&language=English,107,0,0
1782356334754,227,HTTP Request,200,OK,Year-Language Query 4-10,text,true,,271,159,10,70,http://localhost:8080/search?q=love&year=1994&language=English,227,0,0
1782356334881,149,HTTP Request,200,OK,Year-Language Query 4-8,text,true,,271,159,10,70,http://localhost:8080/search?q=love&year=1994&language=English,149,0,0
1782356334834,197,HTTP Request,200,OK,Year-Language Query 4-6,text,true,,271,159,10,70,http://localhost:8080/search?q=love&year=1994&language=English,197,0,0
1782356334891,158,HTTP Request,200,OK,Year-Language Query 4-2,text,true,,271,159,10,70,http://localhost:8080/search?q=love&year=1994&language=English,158,0,0
1782356334888,161,HTTP Request,200,OK,Year-Language Query 4-4,text,true,,271,159,10,70,http://localhost:8080/search?q=love&year=1994&language=English,161,0,0
1782356334896,195,HTTP Request,200,OK,Year-Language Query 4-9,text,true,,271,159,10,70,http://localhost:8080/search?q=love&year=1994&language=English,195,0,0
1782356334856,259,HTTP Request,200,OK,Year-Language Query 4-7,text,true,,271,159,10,70,http://localhost:8080/search?q=love&year=1994&language=English,259,0,0
1782356334911,211,HTTP Request,200,OK,Year-Language Query 4-5,text,true,,271,159,10,70,http://localhost:8080/search?q=love&year=1994&language=English,211,0,0
1782356334932,230,HTTP Request,200,OK,Year-Language Query 4-1,text,true,,271,159,10,70,http://localhost:8080/search?q=love&year=1994&language=English,230,0,0
1782356334940,236,HTTP Request,200,OK,Year-Language Query 4-3,text,true,,271,159,10,70,http://localhost:8080/search?q=love&year=1994&language=English,236,0,0
1782356334982,195,HTTP Request,200,OK,Year-Language Query 4-10,text,true,,271,159,10,70,http://localhost:8080/search?q=love&year=1994&language=English,195,0,0
1782356335031,149,HTTP Request,200,OK,Year-Language Query 4-6,text,true,,271,159,10,70,http://localhost:8080/search?q=love&year=1994&language=English,149,0,0
1782356335049,139,HTTP Request,200,OK,Year-Language Query 4-4,text,true,,271,159,10,70,http://localhost:8080/search?q=love&year=1994&language=English,139,0,0
1782356335049,142,HTTP Request,200,OK,Year-Language Query 4-2,text,true,,271,159,10,70,http://localhost:8080/search?q=love&year=1994&language=English,142,0,0
1782356335030,173,HTTP Request,200,OK,Year-Language Query 4-8,text,true,,271,159,10,70,http://localhost:8080/search?q=love&year=1994&language=English,173,0,0
1782356335092,173,HTTP Request,200,OK,Year-Language Query 4-9,text,true,,271,159,10,70,http://localhost:8080/search?q=love&year=1994&language=English,173,0,0
1782356335117,189,HTTP Request,200,OK,Year-Language Query 4-7,text,true,,271,159,10,70,http://localhost:8080/search?q=love&year=1994&language=English,189,0,0
1782356335180,155,HTTP Request,200,OK,Year-Language Query 4-10,text,true,,271,159,10,70,http://localhost:8080/search?q=love&year=1994&language=English,155,0,0
1782356335189,163,HTTP Request,200,OK,Year-Language Query 4-4,text,true,,271,159,10,70,http://localhost:8080/search?q=love&year=1994&language=English,163,0,0
1782356335192,164,HTTP Request,200,OK,Year-Language Query 4-2,text,true,,271,159,10,70,http://localhost:8080/search?q=love&year=1994&language=English,164,0,0
1782356335265,123,HTTP Request,200,OK,Year-Language Query 4-9,text,true,,271,159,10,70,http://localhost:8080/search?q=love&year=1994&language=English,123,0,0
1782356335204,225,HTTP Request,200,OK,Year-Language Query 4-8,text,true,,271,159,10,70,http://localhost:8080/search?q=love&year=1994&language=English,225,0,0
1782356335163,267,HTTP Request,200,OK,Year-Language Query 4-1,text,true,,271,159,10,70,http://localhost:8080/search?q=love&year=1994&language=English,267,0,0
1782356335122,313,HTTP Request,200,OK,Year-Language Query 4-5,text,true,,271,159,10,70,http://localhost:8080/search?q=love&year=1994&language=English,313,0,0
1782356335187,261,HTTP Request,200,OK,Year-Language Query 4-6,text,true,,271,159,10,70,http://localhost:8080/search?q=love&year=1994&language=English,261,0,0
1782356335307,157,HTTP Request,200,OK,Year-Language Query 4-7,text,true,,271,159,10,70,http://localhost:8080/search?q=love&year=1994&language=English,157,0,0
1782356335177,287,HTTP Request,200,OK,Year-Language Query 4-3,text,true,,271,159,10,70,http://localhost:8080/search?q=love&year=1994&language=English,287,0,0
1782356335338,152,HTTP Request,200,OK,Year-Language Query 4-10,text,true,,271,159,10,70,http://localhost:8080/search?q=love&year=1994&language=English,152,0,0
1782356335355,147,HTTP Request,200,OK,Year-Language Query 4-4,text,true,,271,159,10,70,http://localhost:8080/search?q=love&year=1994&language=English,147,0,0
1782356335358,145,HTTP Request,200,OK,Year-Language Query 4-2,text,true,,271,159,10,70,http://localhost:8080/search?q=love&year=1994&language=English,145,0,0
1782356335449,122,HTTP Request,200,OK,Year-Language Query 4-6,text,true,,271,159,10,70,http://localhost:8080/search?q=love&year=1994&language=English,121,0,0
1782356335464,108,HTTP Request,200,OK,Year-Language Query 4-7,text,true,,271,159,10,70,http://localhost:8080/search?q=love&year=1994&language=English,108,0,0
1782356335491,123,HTTP Request,200,OK,Year-Language Query 4-10,text,true,,271,159,10,70,http://localhost:8080/search?q=love&year=1994&language=English,123,0,0
1782356335430,187,HTTP Request,200,OK,Year-Language Query 4-8,text,true,,271,159,10,70,http://localhost:8080/search?q=love&year=1994&language=English,187,0,0
1782356335430,189,HTTP Request,200,OK,Year-Language Query 4-1,text,true,,271,159,10,70,http://localhost:8080/search?q=love&year=1994&language=English,189,0,0
1782356335389,231,HTTP Request,200,OK,Year-Language Query 4-9,text,true,,271,159,10,70,http://localhost:8080/search?q=love&year=1994&language=English,231,0,0
1782356335435,198,HTTP Request,200,OK,Year-Language Query 4-5,text,true,,271,159,10,70,http://localhost:8080/search?q=love&year=1994&language=English,198,0,0
1782356335465,171,HTTP Request,200,OK,Year-Language Query 4-3,text,true,,271,159,10,70,http://localhost:8080/search?q=love&year=1994&language=English,171,0,0
1782356335504,151,HTTP Request,200,OK,Year-Language Query 4-2,text,true,,271,159,10,70,http://localhost:8080/search?q=love&year=1994&language=English,151,0,0
1782356335503,153,HTTP Request,200,OK,Year-Language Query 4-4,text,true,,271,159,10,70,http://localhost:8080/search?q=love&year=1994&language=English,153,0,0
1782356335573,138,HTTP Request,200,OK,Year-Language Query 4-7,text,true,,271,159,10,70,http://localhost:8080/search?q=love&year=1994&language=English,138,0,0
1782356335571,140,HTTP Request,200,OK,Year-Language Query 4-6,text,true,,271,159,10,70,http://localhost:8080/search?q=love&year=1994&language=English,140,0,0
1782356335633,162,HTTP Request,200,OK,Year-Language Query 4-5,text,true,,271,159,10,70,http://localhost:8080/search?q=love&year=1994&language=English,162,0,0
1782356335655,192,HTTP Request,200,OK,Year-Language Query 4-2,text,true,,271,159,10,70,http://localhost:8080/search?q=love&year=1994&language=English,192,0,0
1782356335712,136,HTTP Request,200,OK,Year-Language Query 4-6,text,true,,271,159,10,70,http://localhost:8080/search?q=love&year=1994&language=English,136,0,0
1782356335711,137,HTTP Request,200,OK,Year-Language Query 4-7,text,true,,271,159,10,70,http://localhost:8080/search?q=love&year=1994&language=English,137,0,0
1782356335618,249,HTTP Request,200,OK,Year-Language Query 4-8,text,true,,271,159,10,70,http://localhost:8080/search?q=love&year=1994&language=English,249,0,0
1782356335619,261,HTTP Request,200,OK,Year-Language Query 4-1,text,true,,271,159,10,70,http://localhost:8080/search?q=love&year=1994&language=English,261,0,0
1782356335796,85,HTTP Request,200,OK,Year-Language Query 4-5,text,true,,271,159,10,70,http://localhost:8080/search?q=love&year=1994&language=English,85,0,0
1782356335657,235,HTTP Request,200,OK,Year-Language Query 4-4,text,true,,271,159,10,70,http://localhost:8080/search?q=love&year=1994&language=English,235,0,0
1782356335614,279,HTTP Request,200,OK,Year-Language Query 4-10,text,true,,271,159,10,70,http://localhost:8080/search?q=love&year=1994&language=English,279,0,0
1782356335620,273,HTTP Request,200,OK,Year-Language Query 4-9,text,true,,271,159,10,70,http://localhost:8080/search?q=love&year=1994&language=English,273,0,0
1782356335636,262,HTTP Request,200,OK,Year-Language Query 4-3,text,true,,271,159,10,70,http://localhost:8080/search?q=love&year=1994&language=English,262,0,0
1782356335847,126,HTTP Request,200,OK,Year-Language Query 4-2,text,true,,271,159,10,70,http://localhost:8080/search?q=love&year=1994&language=English,126,0,0
1782356335848,125,HTTP Request,200,OK,Year-Language Query 4-6,text,true,,271,159,10,70,http://localhost:8080/search?q=love&year=1994&language=English,125,0,0
1782356335849,124,HTTP Request,200,OK,Year-Language Query 4-7,text,true,,271,159,10,70,http://localhost:8080/search?q=love&year=1994&language=English,124,0,0
1782356335880,105,HTTP Request,200,OK,Year-Language Query 4-1,text,true,,271,159,10,70,http://localhost:8080/search?q=love&year=1994&language=English,105,0,0
1782356335899,110,HTTP Request,200,OK,Year-Language Query 4-3,text,true,,271,159,10,70,http://localhost:8080/search?q=love&year=1994&language=English,110,0,0
1782356335894,116,HTTP Request,200,OK,Year-Language Query 4-9,text,true,,271,159,10,70,http://localhost:8080/search?q=love&year=1994&language=English,116,0,0
1782356335894,119,HTTP Request,200,OK,Year-Language Query 4-10,text,true,,271,159,10,70,http://localhost:8080/search?q=love&year=1994&language=English,119,0,0
1782356335868,184,HTTP Request,200,OK,Year-Language Query 4-8,text,true,,271,159,10,70,http://localhost:8080/search?q=love&year=1994&language=English,184,0,0
1782356335882,171,HTTP Request,200,OK,Year-Language Query 4-5,text,true,,271,159,10,70,http://localhost:8080/search?q=love&year=1994&language=English,171,0,0
1782356335892,201,HTTP Request,200,OK,Year-Language Query 4-4,text,true,,271,159,10,70,http://localhost:8080/search?q=love&year=1994&language=English,201,0,0
1782356335973,158,HTTP Request,200,OK,Year-Language Query 4-7,text,true,,271,159,10,70,http://localhost:8080/search?q=love&year=1994&language=English,158,0,0
1782356335973,158,HTTP Request,200,OK,Year-Language Query 4-2,text,true,,271,159,10,70,http://localhost:8080/search?q=love&year=1994&language=English,158,0,0
1782356335973,159,HTTP Request,200,OK,Year-Language Query 4-6,text,true,,271,159,10,70,http://localhost:8080/search?q=love&year=1994&language=English,159,0,0
1782356335985,192,HTTP Request,200,OK,Year-Language Query 4-1,text,true,,271,159,10,70,http://localhost:8080/search?q=love&year=1994&language=English,192,0,0
1782356336093,125,HTTP Request,200,OK,Year-Language Query 4-4,text,true,,271,159,10,70,http://localhost:8080/search?q=love&year=1994&language=English,125,0,0
1782356336010,212,HTTP Request,200,OK,Year-Language Query 4-3,text,true,,271,159,10,70,http://localhost:8080/search?q=love&year=1994&language=English,212,0,0
1782356336014,208,HTTP Request,200,OK,Year-Language Query 4-10,text,true,,271,159,10,70,http://localhost:8080/search?q=love&year=1994&language=English,208,0,0
1782356336053,170,HTTP Request,200,OK,Year-Language Query 4-5,text,true,,271,159,10,70,http://localhost:8080/search?q=love&year=1994&language=English,170,0,0
1782356336052,178,HTTP Request,200,OK,Year-Language Query 4-8,text,true,,271,159,10,70,http://localhost:8080/search?q=love&year=1994&language=English,178,0,0
1782356336131,105,HTTP Request,200,OK,Year-Language Query 4-2,text,true,,271,159,10,70,http://localhost:8080/search?q=love&year=1994&language=English,105,0,0
1782356336131,106,HTTP Request,200,OK,Year-Language Query 4-7,text,true,,271,159,10,70,http://localhost:8080/search?q=love&year=1994&language=English,106,0,0
1782356336132,111,HTTP Request,200,OK,Year-Language Query 4-6,text,true,,271,159,10,70,http://localhost:8080/search?q=love&year=1994&language=English,111,0,0
1782356336011,237,HTTP Request,200,OK,Year-Language Query 4-9,text,true,,271,159,10,70,http://localhost:8080/search?q=love&year=1994&language=English,237,0,0
1782356336231,125,HTTP Request,200,OK,Year-Language Query 4-8,text,true,,271,159,10,70,http://localhost:8080/search?q=love&year=1994&language=English,124,0,0
1782356336218,138,HTTP Request,200,OK,Year-Language Query 4-4,text,true,,271,159,10,70,http://localhost:8080/search?q=love&year=1994&language=English,138,0,0
1782356336249,109,HTTP Request,200,OK,Year-Language Query 4-9,text,true,,271,159,10,70,http://localhost:8080/search?q=love&year=1994&language=English,109,0,0
1782356336244,117,HTTP Request,200,OK,Year-Language Query 4-6,text,true,,271,159,10,70,http://localhost:8080/search?q=love&year=1994&language=English,117,0,0
1782356336237,128,HTTP Request,200,OK,Year-Language Query 4-7,text,true,,271,159,10,70,http://localhost:8080/search?q=love&year=1994&language=English,128,0,0
1782356336222,145,HTTP Request,200,OK,Year-Language Query 4-10,text,true,,271,159,10,70,http://localhost:8080/search?q=love&year=1994&language=English,145,0,0
1782356336223,145,HTTP Request,200,OK,Year-Language Query 4-5,text,true,,271,159,10,70,http://localhost:8080/search?q=love&year=1994&language=English,145,0,0
1782356336178,211,HTTP Request,200,OK,Year-Language Query 4-1,text,true,,271,159,10,70,http://localhost:8080/search?q=love&year=1994&language=English,211,0,0
1782356336237,171,HTTP Request,200,OK,Year-Language Query 4-2,text,true,,271,159,10,70,http://localhost:8080/search?q=love&year=1994&language=English,171,0,0
1782356336222,188,HTTP Request,200,OK,Year-Language Query 4-3,text,true,,271,159,10,70,http://localhost:8080/search?q=love&year=1994&language=English,188,0,0
1782356336356,81,HTTP Request,200,OK,Year-Language Query 4-8,text,true,,271,159,10,70,http://localhost:8080/search?q=love&year=1994&language=English,81,0,0
1782356336362,86,HTTP Request,200,OK,Year-Language Query 4-6,text,true,,271,159,10,70,http://localhost:8080/search?q=love&year=1994&language=English,86,0,0
1782356336365,95,HTTP Request,200,OK,Year-Language Query 4-7,text,true,,271,159,10,70,http://localhost:8080/search?q=love&year=1994&language=English,95,0,0
1782356336358,132,HTTP Request,200,OK,Year-Language Query 4-9,text,true,,271,159,10,70,http://localhost:8080/search?q=love&year=1994&language=English,132,0,0
1782356336358,142,HTTP Request,200,OK,Year-Language Query 4-4,text,true,,271,159,10,70,http://localhost:8080/search?q=love&year=1994&language=English,142,0,0
1782356336411,91,HTTP Request,200,OK,Year-Language Query 4-3,text,true,,271,159,10,70,http://localhost:8080/search?q=love&year=1994&language=English,91,0,0
1782356336449,76,HTTP Request,200,OK,Year-Language Query 4-6,text,true,,271,159,10,70,http://localhost:8080/search?q=love&year=1994&language=English,76,0,0
1782356336438,89,HTTP Request,200,OK,Year-Language Query 4-8,text,true,,271,159,10,70,http://localhost:8080/search?q=love&year=1994&language=English,89,0,0
1782356336368,161,HTTP Request,200,OK,Year-Language Query 4-5,text,true,,271,159,10,70,http://localhost:8080/search?q=love&year=1994&language=English,161,0,0
1782356336408,130,HTTP Request,200,OK,Year-Language Query 4-2,text,true,,271,159,10,70,http://localhost:8080/search?q=love&year=1994&language=English,130,0,0
1782356336460,85,HTTP Request,200,OK,Year-Language Query 4-7,text,true,,271,159,10,70,http://localhost:8080/search?q=love&year=1994&language=English,85,0,0
1782356336369,192,HTTP Request,200,OK,Year-Language Query 4-10,text,true,,271,159,10,70,http://localhost:8080/search?q=love&year=1994&language=English,192,0,0
1782356336390,174,HTTP Request,200,OK,Year-Language Query 4-1,text,true,,271,159,10,70,http://localhost:8080/search?q=love&year=1994&language=English,174,0,0
1782356336502,69,HTTP Request,200,OK,Year-Language Query 4-3,text,true,,271,159,10,70,http://localhost:8080/search?q=love&year=1994&language=English,69,0,0
1782356336500,72,HTTP Request,200,OK,Year-Language Query 4-4,text,true,,271,159,10,70,http://localhost:8080/search?q=love&year=1994&language=English,72,0,0
1782356336490,88,HTTP Request,200,OK,Year-Language Query 4-9,text,true,,271,159,10,70,http://localhost:8080/search?q=love&year=1994&language=English,88,0,0
1782356336525,85,HTTP Request,200,OK,Year-Language Query 4-6,text,true,,271,159,10,70,http://localhost:8080/search?q=love&year=1994&language=English,85,0,0
1782356336527,92,HTTP Request,200,OK,Year-Language Query 4-8,text,true,,271,159,10,70,http://localhost:8080/search?q=love&year=1994&language=English,92,0,0
1782356336538,82,HTTP Request,200,OK,Year-Language Query 4-2,text,true,,271,159,10,70,http://localhost:8080/search?q=love&year=1994&language=English,82,0,0
1782356336561,64,HTTP Request,200,OK,Year-Language Query 4-10,text,true,,271,159,10,70,http://localhost:8080/search?q=love&year=1994&language=English,64,0,0
1782356336546,79,HTTP Request,200,OK,Year-Language Query 4-7,text,true,,271,159,10,70,http://localhost:8080/search?q=love&year=1994&language=English,79,0,0
1782356336564,81,HTTP Request,200,OK,Year-Language Query 4-1,text,true,,271,159,10,70,http://localhost:8080/search?q=love&year=1994&language=English,81,0,0
1782356336529,117,HTTP Request,200,OK,Year-Language Query 4-5,text,true,,271,159,10,70,http://localhost:8080/search?q=love&year=1994&language=English,117,0,0
1782356336571,75,HTTP Request,200,OK,Year-Language Query 4-3,text,true,,271,159,10,70,http://localhost:8080/search?q=love&year=1994&language=English,75,0,0
1782356336610,58,HTTP Request,200,OK,Year-Language Query 4-6,text,true,,271,159,10,70,http://localhost:8080/search?q=love&year=1994&language=English,58,0,0
1782356336578,91,HTTP Request,200,OK,Year-Language Query 4-9,text,true,,271,159,10,70,http://localhost:8080/search?q=love&year=1994&language=English,91,0,0
1782356336572,110,HTTP Request,200,OK,Year-Language Query 4-4,text,true,,271,159,10,70,http://localhost:8080/search?q=love&year=1994&language=English,110,0,0
1782356336620,81,HTTP Request,200,OK,Year-Language Query 4-2,text,true,,271,159,10,70,http://localhost:8080/search?q=love&year=1994&language=English,81,0,0
1782356336626,84,HTTP Request,200,OK,Year-Language Query 4-7,text,true,,271,159,10,70,http://localhost:8080/search?q=love&year=1994&language=English,84,0,0
1782356336620,90,HTTP Request,200,OK,Year-Language Query 4-8,text,true,,271,159,10,70,http://localhost:8080/search?q=love&year=1994&language=English,90,0,0
1782356336626,86,HTTP Request,200,OK,Year-Language Query 4-10,text,true,,271,159,10,70,http://localhost:8080/search?q=love&year=1994&language=English,86,0,0
1782356336646,92,HTTP Request,200,OK,Year-Language Query 4-5,text,true,,271,159,10,70,http://localhost:8080/search?q=love&year=1994&language=English,92,0,0
1782356336646,92,HTTP Request,200,OK,Year-Language Query 4-3,text,true,,271,159,10,70,http://localhost:8080/search?q=love&year=1994&language=English,92,0,0
1782356336669,74,HTTP Request,200,OK,Year-Language Query 4-9,text,true,,271,159,10,70,http://localhost:8080/search?q=love&year=1994&language=English,74,0,0
1782356336668,169,HTTP Request,200,OK,Year-Language Query 4-6,text,true,,271,159,10,70,http://localhost:8080/search?q=love&year=1994&language=English,169,0,0
1782356336645,202,HTTP Request,200,OK,Year-Language Query 4-1,text,true,,271,159,10,70,http://localhost:8080/search?q=love&year=1994&language=English,202,0,0
1782356336682,177,HTTP Request,200,OK,Year-Language Query 4-4,text,true,,271,159,10,70,http://localhost:8080/search?q=love&year=1994&language=English,177,0,0
1782356336713,156,HTTP Request,200,OK,Year-Language Query 4-10,text,true,,271,159,10,70,http://localhost:8080/search?q=love&year=1994&language=English,156,0,0
1782356336743,129,HTTP Request,200,OK,Year-Language Query 4-9,text,true,,271,159,10,70,http://localhost:8080/search?q=love&year=1994&language=English,129,0,0
1782356336710,162,HTTP Request,200,OK,Year-Language Query 4-7,text,true,,271,159,10,70,http://localhost:8080/search?q=love&year=1994&language=English,162,0,0
1782356336702,172,HTTP Request,200,OK,Year-Language Query 4-2,text,true,,271,159,10,70,http://localhost:8080/search?q=love&year=1994&language=English,172,0,0
1782356336739,142,HTTP Request,200,OK,Year-Language Query 4-3,text,true,,271,159,10,70,http://localhost:8080/search?q=love&year=1994&language=English,142,0,0
1782356336738,149,HTTP Request,200,OK,Year-Language Query 4-5,text,true,,271,159,10,70,http://localhost:8080/search?q=love&year=1994&language=English,149,0,0
1782356336711,208,HTTP Request,200,OK,Year-Language Query 4-8,text,true,,271,159,10,70,http://localhost:8080/search?q=love&year=1994&language=English,208,0,0
1782356336859,127,HTTP Request,200,OK,Year-Language Query 4-4,text,true,,271,159,10,70,http://localhost:8080/search?q=love&year=1994&language=English,127,0,0
1782356336873,122,HTTP Request,200,OK,Year-Language Query 4-7,text,true,,271,159,10,70,http://localhost:8080/search?q=love&year=1994&language=English,122,0,0
1782356336872,123,HTTP Request,200,OK,Year-Language Query 4-9,text,true,,271,159,10,70,http://localhost:8080/search?q=love&year=1994&language=English,123,0,0
1782356336875,123,HTTP Request,200,OK,Year-Language Query 4-10,text,true,,271,159,10,70,http://localhost:8080/search?q=love&year=1994&language=English,123,0,0
1782356336888,110,HTTP Request,200,OK,Year-Language Query 4-5,text,true,,271,159,10,70,http://localhost:8080/search?q=love&year=1994&language=English,110,0,0
1782356336848,152,HTTP Request,200,OK,Year-Language Query 4-1,text,true,,271,159,10,70,http://localhost:8080/search?q=love&year=1994&language=English,152,0,0
1782356336882,118,HTTP Request,200,OK,Year-Language Query 4-3,text,true,,271,159,10,70,http://localhost:8080/search?q=love&year=1994&language=English,118,0,0
1782356336837,168,HTTP Request,200,OK,Year-Language Query 4-6,text,true,,271,159,10,70,http://localhost:8080/search?q=love&year=1994&language=English,168,0,0
1782356336919,132,HTTP Request,200,OK,Year-Language Query 4-8,text,true,,271,159,10,70,http://localhost:8080/search?q=love&year=1994&language=English,132,0,0
1782356336874,178,HTTP Request,200,OK,Year-Language Query 4-2,text,true,,271,159,10,70,http://localhost:8080/search?q=love&year=1994&language=English,178,0,0
1782356336986,112,HTTP Request,200,OK,Year-Language Query 4-4,text,true,,271,159,10,70,http://localhost:8080/search?q=love&year=1994&language=English,112,0,0
1782356336996,103,HTTP Request,200,OK,Year-Language Query 4-9,text,true,,271,159,10,70,http://localhost:8080/search?q=love&year=1994&language=English,103,0,0
1782356336998,101,HTTP Request,200,OK,Year-Language Query 4-5,text,true,,271,159,10,70,http://localhost:8080/search?q=love&year=1994&language=English,101,0,0
1782356336995,106,HTTP Request,200,OK,Year-Language Query 4-7,text,true,,271,159,10,70,http://localhost:8080/search?q=love&year=1994&language=English,106,0,0
1782356337005,101,HTTP Request,200,OK,Year-Language Query 4-6,text,true,,271,159,10,70,http://localhost:8080/search?q=love&year=1994&language=English,101,0,0
1782356336998,140,HTTP Request,200,OK,Year-Language Query 4-10,text,true,,271,159,10,70,http://localhost:8080/search?q=love&year=1994&language=English,140,0,0
1782356337002,143,HTTP Request,200,OK,Year-Language Query 4-3,text,true,,271,159,10,70,http://localhost:8080/search?q=love&year=1994&language=English,143,0,0
1782356337053,92,HTTP Request,200,OK,Year-Language Query 4-8,text,true,,271,159,10,70,http://localhost:8080/search?q=love&year=1994&language=English,92,0,0
1782356337000,154,HTTP Request,200,OK,Year-Language Query 4-1,text,true,,271,159,10,70,http://localhost:8080/search?q=love&year=1994&language=English,154,0,0
1782356337052,105,HTTP Request,200,OK,Year-Language Query 4-2,text,true,,271,159,10,70,http://localhost:8080/search?q=love&year=1994&language=English,105,0,0
1782356337099,97,HTTP Request,200,OK,Year-Language Query 4-4,text,true,,271,159,10,70,http://localhost:8080/search?q=love&year=1994&language=English,97,0,0
1782356337099,106,HTTP Request,200,OK,Year-Language Query 4-9,text,true,,271,159,10,70,http://localhost:8080/search?q=love&year=1994&language=English,106,0,0
1782356337099,107,HTTP Request,200,OK,Year-Language Query 4-5,text,true,,271,159,10,70,http://localhost:8080/search?q=love&year=1994&language=English,107,0,0
1782356337102,107,HTTP Request,200,OK,Year-Language Query 4-7,text,true,,271,159,10,70,http://localhost:8080/search?q=love&year=1994&language=English,107,0,0
1782356337107,190,HTTP Request,200,OK,Year-Language Query 4-6,text,true,,271,159,10,70,http://localhost:8080/search?q=love&year=1994&language=English,190,0,0
1782356337154,250,HTTP Request,200,OK,Year-Language Query 4-1,text,true,,271,159,10,70,http://localhost:8080/search?q=love&year=1994&language=English,250,0,0
1782356337140,264,HTTP Request,200,OK,Year-Language Query 4-10,text,true,,271,159,10,70,http://localhost:8080/search?q=love&year=1994&language=English,264,0,0
1782356337197,209,HTTP Request,200,OK,Year-Language Query 4-4,text,true,,271,159,10,70,http://localhost:8080/search?q=love&year=1994&language=English,209,0,0
1782356337146,260,HTTP Request,200,OK,Year-Language Query 4-3,text,true,,271,159,10,70,http://localhost:8080/search?q=love&year=1994&language=English,260,0,0
1782356337209,208,HTTP Request,200,OK,Year-Language Query 4-7,text,true,,271,159,10,70,http://localhost:8080/search?q=love&year=1994&language=English,208,0,0
1782356337207,211,HTTP Request,200,OK,Year-Language Query 4-5,text,true,,271,159,10,70,http://localhost:8080/search?q=love&year=1994&language=English,211,0,0
1782356337206,213,HTTP Request,200,OK,Year-Language Query 4-9,text,true,,271,159,10,70,http://localhost:8080/search?q=love&year=1994&language=English,213,0,0
1782356337146,275,HTTP Request,200,OK,Year-Language Query 4-8,text,true,,271,159,10,70,http://localhost:8080/search?q=love&year=1994&language=English,275,0,0
1782356337158,301,HTTP Request,200,OK,Year-Language Query 4-2,text,true,,271,159,10,70,http://localhost:8080/search?q=love&year=1994&language=English,301,0,0
1782356337298,199,HTTP Request,200,OK,Year-Language Query 4-6,text,true,,271,159,10,70,http://localhost:8080/search?q=love&year=1994&language=English,199,0,0
1782356337405,93,HTTP Request,200,OK,Year-Language Query 4-1,text,true,,271,159,10,70,http://localhost:8080/search?q=love&year=1994&language=English,93,0,0
1782356337407,121,HTTP Request,200,OK,Year-Language Query 4-3,text,true,,271,159,10,70,http://localhost:8080/search?q=love&year=1994&language=English,121,0,0
1782356337422,108,HTTP Request,200,OK,Year-Language Query 4-8,text,true,,271,159,10,70,http://localhost:8080/search?q=love&year=1994&language=English,108,0,0
1782356337418,122,HTTP Request,200,OK,Year-Language Query 4-5,text,true,,271,159,10,70,http://localhost:8080/search?q=love&year=1994&language=English,122,0,0
1782356337459,97,HTTP Request,200,OK,Year-Language Query 4-2,text,true,,271,159,10,70,http://localhost:8080/search?q=love&year=1994&language=English,97,0,0
1782356337407,159,HTTP Request,200,OK,Year-Language Query 4-4,text,true,,271,159,10,70,http://localhost:8080/search?q=love&year=1994&language=English,159,0,0
1782356337405,172,HTTP Request,200,OK,Year-Language Query 4-10,text,true,,271,159,10,70,http://localhost:8080/search?q=love&year=1994&language=English,172,0,0
1782356337418,163,HTTP Request,200,OK,Year-Language Query 4-7,text,true,,271,159,10,70,http://localhost:8080/search?q=love&year=1994&language=English,163,0,0
1782356337498,91,HTTP Request,200,OK,Year-Language Query 4-1,text,true,,271,159,10,70,http://localhost:8080/search?q=love&year=1994&language=English,91,0,0
1782356337419,171,HTTP Request,200,OK,Year-Language Query 4-9,text,true,,271,159,10,70,http://localhost:8080/search?q=love&year=1994&language=English,171,0,0
1782356337541,84,HTTP Request,200,OK,Year-Language Query 4-5,text,true,,271,159,10,70,http://localhost:8080/search?q=love&year=1994&language=English,84,0,0
1782356337529,100,HTTP Request,200,OK,Year-Language Query 4-3,text,true,,271,159,10,70,http://localhost:8080/search?q=love&year=1994&language=English,100,0,0
1782356337530,101,HTTP Request,200,OK,Year-Language Query 4-8,text,true,,271,159,10,70,http://localhost:8080/search?q=love&year=1994&language=English,101,0,0
1782356337497,138,HTTP Request,200,OK,Year-Language Query 4-6,text,true,,271,159,10,70,http://localhost:8080/search?q=love&year=1994&language=English,138,0,0
1782356337556,80,HTTP Request,200,OK,Year-Language Query 4-2,text,true,,271,159,10,70,http://localhost:8080/search?q=love&year=1994&language=English,80,0,0
1782356337567,115,HTTP Request,200,OK,Year-Language Query 4-4,text,true,,271,159,10,70,http://localhost:8080/search?q=love&year=1994&language=English,115,0,0
1782356337591,100,HTTP Request,200,OK,Year-Language Query 4-9,text,true,,271,159,10,70,http://localhost:8080/search?q=love&year=1994&language=English,100,0,0
1782356337578,113,HTTP Request,200,OK,Year-Language Query 4-10,text,true,,271,159,10,70,http://localhost:8080/search?q=love&year=1994&language=English,113,0,0
1782356337630,84,HTTP Request,200,OK,Year-Language Query 4-3,text,true,,271,159,10,70,http://localhost:8080/search?q=love&year=1994&language=English,84,0,0
1782356337626,98,HTTP Request,200,OK,Year-Language Query 4-5,text,true,,271,159,10,70,http://localhost:8080/search?q=love&year=1994&language=English,98,0,0
1782356337632,105,HTTP Request,200,OK,Year-Language Query 4-8,text,true,,271,159,10,70,http://localhost:8080/search?q=love&year=1994&language=English,105,0,0
1782356337581,156,HTTP Request,200,OK,Year-Language Query 4-7,text,true,,271,159,10,70,http://localhost:8080/search?q=love&year=1994&language=English,156,0,0
1782356337591,147,HTTP Request,200,OK,Year-Language Query 4-1,text,true,,271,159,10,70,http://localhost:8080/search?q=love&year=1994&language=English,147,0,0
1782356337636,103,HTTP Request,200,OK,Year-Language Query 4-2,text,true,,271,159,10,70,http://localhost:8080/search?q=love&year=1994&language=English,103,0,0
1782356337692,79,HTTP Request,200,OK,Year-Language Query 4-10,text,true,,271,159,10,70,http://localhost:8080/search?q=love&year=1994&language=English,79,0,0
1782356337683,88,HTTP Request,200,OK,Year-Language Query 4-4,text,true,,271,159,10,70,http://localhost:8080/search?q=love&year=1994&language=English,88,0,0
1782356337636,147,HTTP Request,200,OK,Year-Language Query 4-6,text,true,,271,159,10,70,http://localhost:8080/search?q=love&year=1994&language=English,147,0,0
1782356337714,89,HTTP Request,200,OK,Year-Language Query 4-3,text,true,,271,159,10,70,http://localhost:8080/search?q=love&year=1994&language=English,89,0,0
1782356337739,147,HTTP Request,200,OK,Year-Language Query 4-1,text,true,,271,159,10,70,http://localhost:8080/search?q=love&year=1994&language=English,147,0,0
1782356337737,150,HTTP Request,200,OK,Year-Language Query 4-7,text,true,,271,159,10,70,http://localhost:8080/search?q=love&year=1994&language=English,150,0,0
1782356337725,162,HTTP Request,200,OK,Year-Language Query 4-5,text,true,,271,159,10,70,http://localhost:8080/search?q=love&year=1994&language=English,162,0,0
1782356337737,151,HTTP Request,200,OK,Year-Language Query 4-8,text,true,,271,159,10,70,http://localhost:8080/search?q=love&year=1994&language=English,151,0,0
1782356337691,212,HTTP Request,200,OK,Year-Language Query 4-9,text,true,,271,159,10,70,http://localhost:8080/search?q=love&year=1994&language=English,212,0,0
1782356337739,197,HTTP Request,200,OK,Year-Language Query 4-2,text,true,,271,159,10,70,http://localhost:8080/search?q=love&year=1994&language=English,197,0,0
1782356337783,158,HTTP Request,200,OK,Year-Language Query 4-6,text,true,,271,159,10,70,http://localhost:8080/search?q=love&year=1994&language=English,158,0,0
1782356337772,169,HTTP Request,200,OK,Year-Language Query 4-4,text,true,,271,159,10,70,http://localhost:8080/search?q=love&year=1994&language=English,169,0,0
1782356337772,177,HTTP Request,200,OK,Year-Language Query 4-10,text,true,,271,159,10,70,http://localhost:8080/search?q=love&year=1994&language=English,177,0,0
1782356337803,147,HTTP Request,200,OK,Year-Language Query 4-3,text,true,,271,159,10,70,http://localhost:8080/search?q=love&year=1994&language=English,147,0,0
1782356337888,80,HTTP Request,200,OK,Year-Language Query 4-8,text,true,,271,159,10,70,http://localhost:8080/search?q=love&year=1994&language=English,80,0,0
1782356337887,95,HTTP Request,200,OK,Year-Language Query 4-1,text,true,,271,159,10,70,http://localhost:8080/search?q=love&year=1994&language=English,95,0,0
1782356337887,96,HTTP Request,200,OK,Year-Language Query 4-5,text,true,,271,159,10,70,http://localhost:8080/search?q=love&year=1994&language=English,96,0,0
1782356337887,104,HTTP Request,200,OK,Year-Language Query 4-7,text,true,,271,159,10,70,http://localhost:8080/search?q=love&year=1994&language=English,104,0,0
1782356337942,82,HTTP Request,200,OK,Year-Language Query 4-6,text,true,,271,159,10,70,http://localhost:8080/search?q=love&year=1994&language=English,82,0,0
1782356337936,89,HTTP Request,200,OK,Year-Language Query 4-2,text,true,,271,159,10,70,http://localhost:8080/search?q=love&year=1994&language=English,89,0,0
1782356337942,83,HTTP Request,200,OK,Year-Language Query 4-4,text,true,,271,159,10,70,http://localhost:8080/search?q=love&year=1994&language=English,83,0,0
1782356337903,129,HTTP Request,200,OK,Year-Language Query 4-9,text,true,,271,159,10,70,http://localhost:8080/search?q=love&year=1994&language=English,129,0,0
1782356337950,103,HTTP Request,200,OK,Year-Language Query 4-10,text,true,,271,159,10,70,http://localhost:8080/search?q=love&year=1994&language=English,103,0,0
1782356337982,131,HTTP Request,200,OK,Year-Language Query 4-1,text,true,,271,159,10,70,http://localhost:8080/search?q=love&year=1994&language=English,131,0,0
1782356337991,125,HTTP Request,200,OK,Year-Language Query 4-7,text,true,,271,159,10,70,http://localhost:8080/search?q=love&year=1994&language=English,125,0,0
1782356337950,185,HTTP Request,200,OK,Year-Language Query 4-3,text,true,,271,159,10,70,http://localhost:8080/search?q=love&year=1994&language=English,185,0,0
1782356337969,168,HTTP Request,200,OK,Year-Language Query 4-8,text,true,,271,159,10,70,http://localhost:8080/search?q=love&year=1994&language=English,168,0,0
1782356338033,127,HTTP Request,200,OK,Year-Language Query 4-9,text,true,,271,159,10,70,http://localhost:8080/search?q=love&year=1994&language=English,127,0,0
1782356337983,177,HTTP Request,200,OK,Year-Language Query 4-5,text,true,,271,159,10,70,http://localhost:8080/search?q=love&year=1994&language=English,177,0,0
1782356338026,135,HTTP Request,200,OK,Year-Language Query 4-2,text,true,,271,159,10,70,http://localhost:8080/search?q=love&year=1994&language=English,135,0,0
1782356338025,136,HTTP Request,200,OK,Year-Language Query 4-6,text,true,,271,159,10,70,http://localhost:8080/search?q=love&year=1994&language=English,135,0,0
1782356338026,149,HTTP Request,200,OK,Year-Language Query 4-4,text,true,,271,159,10,70,http://localhost:8080/search?q=love&year=1994&language=English,149,0,0
1782356338054,123,HTTP Request,200,OK,Year-Language Query 4-10,text,true,,271,159,10,70,http://localhost:8080/search?q=love&year=1994&language=English,122,0,0
1782356338117,127,HTTP Request,200,OK,Year-Language Query 4-7,text,true,,271,159,10,70,http://localhost:8080/search?q=love&year=1994&language=English,127,0,0
1782356338114,129,HTTP Request,200,OK,Year-Language Query 4-1,text,true,,271,159,10,70,http://localhost:8080/search?q=love&year=1994&language=English,129,0,0
1782356338136,144,HTTP Request,200,OK,Year-Language Query 4-3,text,true,,271,159,10,70,http://localhost:8080/search?q=love&year=1994&language=English,144,0,0
1782356338160,121,HTTP Request,200,OK,Year-Language Query 4-9,text,true,,271,159,10,70,http://localhost:8080/search?q=love&year=1994&language=English,121,0,0
1782356338161,145,HTTP Request,200,OK,Year-Language Query 4-6,text,true,,271,159,10,70,http://localhost:8080/search?q=love&year=1994&language=English,145,0,0
1782356338177,159,HTTP Request,200,OK,Year-Language Query 4-4,text,true,,271,159,10,70,http://localhost:8080/search?q=love&year=1994&language=English,159,0,0
1782356338178,194,HTTP Request,200,OK,Year-Language Query 4-10,text,true,,271,159,10,70,http://localhost:8080/search?q=love&year=1994&language=English,194,0,0
1782356338137,240,HTTP Request,200,OK,Year-Language Query 4-8,text,true,,271,159,10,70,http://localhost:8080/search?q=love&year=1994&language=English,240,0,0
1782356338161,260,HTTP Request,200,OK,Year-Language Query 4-5,text,true,,271,159,10,70,http://localhost:8080/search?q=love&year=1994&language=English,260,0,0
1782356338161,262,HTTP Request,200,OK,Year-Language Query 4-2,text,true,,271,159,10,70,http://localhost:8080/search?q=love&year=1994&language=English,262,0,0
1782356338244,207,HTTP Request,200,OK,Year-Language Query 4-7,text,true,,271,159,10,70,http://localhost:8080/search?q=love&year=1994&language=English,207,0,0
1782356338282,177,HTTP Request,200,OK,Year-Language Query 4-9,text,true,,271,159,10,70,http://localhost:8080/search?q=love&year=1994&language=English,177,0,0
1782356338244,216,HTTP Request,200,OK,Year-Language Query 4-1,text,true,,271,159,10,70,http://localhost:8080/search?q=love&year=1994&language=English,216,0,0
1782356338280,182,HTTP Request,200,OK,Year-Language Query 4-3,text,true,,271,159,10,70,http://localhost:8080/search?q=love&year=1994&language=English,182,0,0
1782356338337,145,HTTP Request,200,OK,Year-Language Query 4-4,text,true,,271,159,10,70,http://localhost:8080/search?q=love&year=1994&language=English,145,0,0
1782356338306,180,HTTP Request,200,OK,Year-Language Query 4-6,text,true,,271,159,10,70,http://localhost:8080/search?q=love&year=1994&language=English,180,0,0
1782356338372,184,HTTP Request,200,OK,Year-Language Query 4-10,text,true,,271,159,10,70,http://localhost:8080/search?q=love&year=1994&language=English,184,0,0
1782356338377,179,HTTP Request,200,OK,Year-Language Query 4-8,text,true,,271,159,10,70,http://localhost:8080/search?q=love&year=1994&language=English,179,0,0
1782356338424,135,HTTP Request,200,OK,Year-Language Query 4-2,text,true,,271,159,10,70,http://localhost:8080/search?q=love&year=1994&language=English,135,0,0
1782356338421,138,HTTP Request,200,OK,Year-Language Query 4-5,text,true,,271,159,10,70,http://localhost:8080/search?q=love&year=1994&language=English,138,0,0
1782356338463,123,HTTP Request,200,OK,Year-Language Query 4-3,text,true,,271,159,10,70,http://localhost:8080/search?q=love&year=1994&language=English,123,0,0
1782356338452,134,HTTP Request,200,OK,Year-Language Query 4-7,text,true,,271,159,10,70,http://localhost:8080/search?q=love&year=1994&language=English,134,0,0
1782356338461,125,HTTP Request,200,OK,Year-Language Query 4-1,text,true,,271,159,10,70,http://localhost:8080/search?q=love&year=1994&language=English,125,0,0
1782356338459,128,HTTP Request,200,OK,Year-Language Query 4-9,text,true,,271,159,10,70,http://localhost:8080/search?q=love&year=1994&language=English,128,0,0
1782356338556,146,HTTP Request,200,OK,Year-Language Query 4-8,text,true,,271,159,10,70,http://localhost:8080/search?q=love&year=1994&language=English,146,0,0
1782356338556,146,HTTP Request,200,OK,Year-Language Query 4-10,text,true,,271,159,10,70,http://localhost:8080/search?q=love&year=1994&language=English,146,0,0
1782356338560,143,HTTP Request,200,OK,Year-Language Query 4-2,text,true,,271,159,10,70,http://localhost:8080/search?q=love&year=1994&language=English,143,0,0
1782356338560,160,HTTP Request,200,OK,Year-Language Query 4-5,text,true,,271,159,10,70,http://localhost:8080/search?q=love&year=1994&language=English,160,0,0
1782356338586,150,HTTP Request,200,OK,Year-Language Query 4-7,text,true,,271,159,10,70,http://localhost:8080/search?q=love&year=1994&language=English,150,0,0
1782356338587,151,HTTP Request,200,OK,Year-Language Query 4-1,text,true,,271,159,10,70,http://localhost:8080/search?q=love&year=1994&language=English,151,0,0
1782356338586,159,HTTP Request,200,OK,Year-Language Query 4-3,text,true,,271,159,10,70,http://localhost:8080/search?q=love&year=1994&language=English,159,0,0
1782356338587,158,HTTP Request,200,OK,Year-Language Query 4-9,text,true,,271,159,10,70,http://localhost:8080/search?q=love&year=1994&language=English,158,0,0
1782356338482,311,HTTP Request,200,OK,Year-Language Query 4-4,text,true,,271,159,10,70,http://localhost:8080/search?q=love&year=1994&language=English,311,0,0
1782356338486,309,HTTP Request,200,OK,Year-Language Query 4-6,text,true,,271,159,10,70,http://localhost:8080/search?q=love&year=1994&language=English,309,0,0
1782356338702,224,HTTP Request,200,OK,Year-Language Query 4-8,text,true,,271,159,10,70,http://localhost:8080/search?q=love&year=1994&language=English,224,0,0
1782356338703,271,HTTP Request,200,OK,Year-Language Query 4-10,text,true,,271,159,10,70,http://localhost:8080/search?q=love&year=1994&language=English,271,0,0
1782356338704,301,HTTP Request,200,OK,Year-Language Query 4-2,text,true,,271,159,10,70,http://localhost:8080/search?q=love&year=1994&language=English,301,0,0
1782356338926,125,HTTP Request,200,OK,Year-Language Query 4-8,text,true,,271,159,10,70,http://localhost:8080/search?q=love&year=1994&language=English,125,0,0
1782356338745,308,HTTP Request,200,OK,Year-Language Query 4-3,text,true,,271,159,10,70,http://localhost:8080/search?q=love&year=1994&language=English,308,0,0
1782356338721,360,HTTP Request,200,OK,Year-Language Query 4-5,text,true,,271,159,10,70,http://localhost:8080/search?q=love&year=1994&language=English,360,0,0
1782356338793,288,HTTP Request,200,OK,Year-Language Query 4-4,text,true,,271,159,10,70,http://localhost:8080/search?q=love&year=1994&language=English,288,0,0
1782356338738,345,HTTP Request,200,OK,Year-Language Query 4-1,text,true,,271,159,10,70,http://localhost:8080/search?q=love&year=1994&language=English,345,0,0
1782356338976,109,HTTP Request,200,OK,Year-Language Query 4-10,text,true,,271,159,10,70,http://localhost:8080/search?q=love&year=1994&language=English,109,0,0
1782356338737,388,HTTP Request,200,OK,Year-Language Query 4-7,text,true,,271,159,10,70,http://localhost:8080/search?q=love&year=1994&language=English,388,0,0
1782356338745,398,HTTP Request,200,OK,Year-Language Query 4-9,text,true,,271,159,10,70,http://localhost:8080/search?q=love&year=1994&language=English,398,0,0
1782356338798,350,HTTP Request,200,OK,Year-Language Query 4-6,text,true,,271,159,10,70,http://localhost:8080/search?q=love&year=1994&language=English,350,0,0
1782356339051,122,HTTP Request,200,OK,Year-Language Query 4-8,text,true,,271,159,10,70,http://localhost:8080/search?q=love&year=1994&language=English,122,0,0
1782356339054,145,HTTP Request,200,OK,Year-Language Query 4-3,text,true,,271,159,10,70,http://localhost:8080/search?q=love&year=1994&language=English,145,0,0
1782356339007,192,HTTP Request,200,OK,Year-Language Query 4-2,text,true,,271,159,10,70,http://localhost:8080/search?q=love&year=1994&language=English,192,0,0
1782356339085,115,HTTP Request,200,OK,Year-Language Query 4-10,text,true,,271,159,10,70,http://localhost:8080/search?q=love&year=1994&language=English,115,0,0
1782356339081,119,HTTP Request,200,OK,Year-Language Query 4-5,text,true,,271,159,10,70,http://localhost:8080/search?q=love&year=1994&language=English,119,0,0
1782356339083,122,HTTP Request,200,OK,Year-Language Query 4-1,text,true,,271,159,10,70,http://localhost:8080/search?q=love&year=1994&language=English,122,0,0
1782356339082,184,HTTP Request,200,OK,Year-Language Query 4-4,text,true,,271,159,10,70,http://localhost:8080/search?q=love&year=1994&language=English,184,0,0
1782356339174,98,HTTP Request,200,OK,Year-Language Query 4-8,text,true,,271,159,10,70,http://localhost:8080/search?q=love&year=1994&language=English,98,0,0
1782356339199,101,HTTP Request,200,OK,Year-Language Query 4-3,text,true,,271,159,10,70,http://localhost:8080/search?q=love&year=1994&language=English,101,0,0
1782356339200,101,HTTP Request,200,OK,Year-Language Query 4-2,text,true,,271,159,10,70,http://localhost:8080/search?q=love&year=1994&language=English,101,0,0
1782356339200,101,HTTP Request,200,OK,Year-Language Query 4-10,text,true,,271,159,10,70,http://localhost:8080/search?q=love&year=1994&language=English,101,0,0
1782356339144,157,HTTP Request,200,OK,Year-Language Query 4-9,text,true,,271,159,10,70,http://localhost:8080/search?q=love&year=1994&language=English,157,0,0
1782356339125,197,HTTP Request,200,OK,Year-Language Query 4-7,text,true,,271,159,10,70,http://localhost:8080/search?q=love&year=1994&language=English,197,0,0
1782356339150,172,HTTP Request,200,OK,Year-Language Query 4-6,text,true,,271,159,10,70,http://localhost:8080/search?q=love&year=1994&language=English,172,0,0
1782356339205,144,HTTP Request,200,OK,Year-Language Query 4-1,text,true,,271,159,10,70,http://localhost:8080/search?q=love&year=1994&language=English,144,0,0
1782356339267,91,HTTP Request,200,OK,Year-Language Query 4-4,text,true,,271,159,10,70,http://localhost:8080/search?q=love&year=1994&language=English,91,0,0
1782356339272,88,HTTP Request,200,OK,Year-Language Query 4-8,text,true,,271,159,10,70,http://localhost:8080/search?q=love&year=1994&language=English,88,0,0
1782356339200,172,HTTP Request,200,OK,Year-Language Query 4-5,text,true,,271,159,10,70,http://localhost:8080/search?q=love&year=1994&language=English,172,0,0
1782356339358,151,HTTP Request,200,OK,Year-Language Query 4-4,text,true,,271,159,10,70,http://localhost:8080/search?q=love&year=1994&language=English,151,0,0
1782356339360,149,HTTP Request,200,OK,Year-Language Query 4-8,text,true,,271,159,10,70,http://localhost:8080/search?q=love&year=1994&language=English,149,0,0
1782356339322,196,HTTP Request,200,OK,Year-Language Query 4-7,text,true,,271,159,10,70,http://localhost:8080/search?q=love&year=1994&language=English,196,0,0
1782356339372,146,HTTP Request,200,OK,Year-Language Query 4-5,text,true,,271,159,10,70,http://localhost:8080/search?q=love&year=1994&language=English,146,0,0
1782356339349,170,HTTP Request,200,OK,Year-Language Query 4-1,text,true,,271,159,10,70,http://localhost:8080/search?q=love&year=1994&language=English,170,0,0
1782356339301,234,HTTP Request,200,OK,Year-Language Query 4-2,text,true,,271,159,10,70,http://localhost:8080/search?q=love&year=1994&language=English,234,0,0
1782356339323,220,HTTP Request,200,OK,Year-Language Query 4-6,text,true,,271,159,10,70,http://localhost:8080/search?q=love&year=1994&language=English,220,0,0
1782356339301,242,HTTP Request,200,OK,Year-Language Query 4-3,text,true,,271,159,10,70,http://localhost:8080/search?q=love&year=1994&language=English,242,0,0
1782356339302,242,HTTP Request,200,OK,Year-Language Query 4-9,text,true,,271,159,10,70,http://localhost:8080/search?q=love&year=1994&language=English,242,0,0
1782356339301,243,HTTP Request,200,OK,Year-Language Query 4-10,text,true,,271,159,10,70,http://localhost:8080/search?q=love&year=1994&language=English,243,0,0
1782356339509,77,HTTP Request,200,OK,Year-Language Query 4-8,text,true,,271,159,10,70,http://localhost:8080/search?q=love&year=1994&language=English,77,0,0
1782356339509,77,HTTP Request,200,OK,Year-Language Query 4-4,text,true,,271,159,10,70,http://localhost:8080/search?q=love&year=1994&language=English,77,0,0
1782356339518,74,HTTP Request,200,OK,Year-Language Query 4-5,text,true,,271,159,10,70,http://localhost:8080/search?q=love&year=1994&language=English,74,0,0
1782356339519,93,HTTP Request,200,OK,Year-Language Query 4-1,text,true,,271,159,10,70,http://localhost:8080/search?q=love&year=1994&language=English,93,0,0
1782356339518,94,HTTP Request,200,OK,Year-Language Query 4-7,text,true,,271,159,10,70,http://localhost:8080/search?q=love&year=1994&language=English,94,0,0
1782356339544,81,HTTP Request,200,OK,Year-Language Query 4-3,text,true,,271,159,10,70,http://localhost:8080/search?q=love&year=1994&language=English,81,0,0
1782356339544,114,HTTP Request,200,OK,Year-Language Query 4-9,text,true,,271,159,10,70,http://localhost:8080/search?q=love&year=1994&language=English,114,0,0
1782356339544,115,HTTP Request,200,OK,Year-Language Query 4-6,text,true,,271,159,10,70,http://localhost:8080/search?q=love&year=1994&language=English,115,0,0
1782356339536,131,HTTP Request,200,OK,Year-Language Query 4-2,text,true,,271,159,10,70,http://localhost:8080/search?q=love&year=1994&language=English,131,0,0
1782356339586,106,HTTP Request,200,OK,Year-Language Query 4-4,text,true,,271,159,10,70,http://localhost:8080/search?q=love&year=1994&language=English,106,0,0
1782356339593,104,HTTP Request,200,OK,Year-Language Query 4-5,text,true,,271,159,10,70,http://localhost:8080/search?q=love&year=1994&language=English,104,0,0
1782356339544,155,HTTP Request,200,OK,Year-Language Query 4-10,text,true,,271,159,10,70,http://localhost:8080/search?q=love&year=1994&language=English,155,0,0
1782356339586,113,HTTP Request,200,OK,Year-Language Query 4-8,text,true,,271,159,10,70,http://localhost:8080/search?q=love&year=1994&language=English,113,0,0
1782356339626,81,HTTP Request,200,OK,Year-Language Query 4-3,text,true,,271,159,10,70,http://localhost:8080/search?q=love&year=1994&language=English,81,0,0
1782356339612,110,HTTP Request,200,OK,Year-Language Query 4-1,text,true,,271,159,10,70,http://localhost:8080/search?q=love&year=1994&language=English,110,0,0
1782356339660,86,HTTP Request,200,OK,Year-Language Query 4-6,text,true,,271,159,10,70,http://localhost:8080/search?q=love&year=1994&language=English,86,0,0
1782356339612,140,HTTP Request,200,OK,Year-Language Query 4-7,text,true,,271,159,10,70,http://localhost:8080/search?q=love&year=1994&language=English,140,0,0
1782356339667,99,HTTP Request,200,OK,Year-Language Query 4-2,text,true,,271,159,10,70,http://localhost:8080/search?q=love&year=1994&language=English,99,0,0
1782356339697,80,HTTP Request,200,OK,Year-Language Query 4-5,text,true,,271,159,10,70,http://localhost:8080/search?q=love&year=1994&language=English,80,0,0
1782356339692,94,HTTP Request,200,OK,Year-Language Query 4-4,text,true,,271,159,10,70,http://localhost:8080/search?q=love&year=1994&language=English,94,0,0
1782356339700,97,HTTP Request,200,OK,Year-Language Query 4-8,text,true,,271,159,10,70,http://localhost:8080/search?q=love&year=1994&language=English,97,0,0
1782356339700,99,HTTP Request,200,OK,Year-Language Query 4-10,text,true,,271,159,10,70,http://localhost:8080/search?q=love&year=1994&language=English,99,0,0
1782356339659,154,HTTP Request,200,OK,Year-Language Query 4-9,text,true,,271,159,10,70,http://localhost:8080/search?q=love&year=1994&language=English,154,0,0
1782356339708,107,HTTP Request,200,OK,Year-Language Query 4-3,text,true,,271,159,10,70,http://localhost:8080/search?q=love&year=1994&language=English,107,0,0
1782356339722,97,HTTP Request,200,OK,Year-Language Query 4-1,text,true,,271,159,10,70,http://localhost:8080/search?q=love&year=1994&language=English,97,0,0
1782356339747,74,HTTP Request,200,OK,Year-Language Query 4-6,text,true,,271,159,10,70,http://localhost:8080/search?q=love&year=1994&language=English,74,0,0
1782356339767,87,HTTP Request,200,OK,Year-Language Query 4-2,text,true,,271,159,10,70,http://localhost:8080/search?q=love&year=1994&language=English,87,0,0
1782356339787,78,HTTP Request,200,OK,Year-Language Query 4-4,text,true,,271,159,10,70,http://localhost:8080/search?q=love&year=1994&language=English,78,0,0
1782356339777,88,HTTP Request,200,OK,Year-Language Query 4-5,text,true,,271,159,10,70,http://localhost:8080/search?q=love&year=1994&language=English,88,0,0
1782356339752,124,HTTP Request,200,OK,Year-Language Query 4-7,text,true,,271,159,10,70,http://localhost:8080/search?q=love&year=1994&language=English,124,0,0
1782356339813,79,HTTP Request,200,OK,Year-Language Query 4-9,text,true,,271,159,10,70,http://localhost:8080/search?q=love&year=1994&language=English,79,0,0
1782356339798,100,HTTP Request,200,OK,Year-Language Query 4-8,text,true,,271,159,10,70,http://localhost:8080/search?q=love&year=1994&language=English,100,0,0
1782356339799,99,HTTP Request,200,OK,Year-Language Query 4-10,text,true,,271,159,10,70,http://localhost:8080/search?q=love&year=1994&language=English,99,0,0
1782356339815,86,HTTP Request,200,OK,Year-Language Query 4-3,text,true,,271,159,10,70,http://localhost:8080/search?q=love&year=1994&language=English,86,0,0
1782356339822,83,HTTP Request,200,OK,Year-Language Query 4-6,text,true,,271,159,10,70,http://localhost:8080/search?q=love&year=1994&language=English,83,0,0
1782356339820,170,HTTP Request,200,OK,Year-Language Query 4-1,text,true,,271,159,10,70,http://localhost:8080/search?q=love&year=1994&language=English,170,0,0
1782356339854,182,HTTP Request,200,OK,Year-Language Query 4-2,text,true,,271,159,10,70,http://localhost:8080/search?q=love&year=1994&language=English,182,0,0
1782356339901,137,HTTP Request,200,OK,Year-Language Query 4-3,text,true,,271,159,10,70,http://localhost:8080/search?q=love&year=1994&language=English,137,0,0
1782356339898,141,HTTP Request,200,OK,Year-Language Query 4-8,text,true,,271,159,10,70,http://localhost:8080/search?q=love&year=1994&language=English,141,0,0
1782356339905,135,HTTP Request,200,OK,Year-Language Query 4-6,text,true,,271,159,10,70,http://localhost:8080/search?q=love&year=1994&language=English,135,0,0
1782356339898,142,HTTP Request,200,OK,Year-Language Query 4-10,text,true,,271,159,10,70,http://localhost:8080/search?q=love&year=1994&language=English,142,0,0
1782356339866,175,HTTP Request,200,OK,Year-Language Query 4-4,text,true,,271,159,10,70,http://localhost:8080/search?q=love&year=1994&language=English,175,0,0
1782356339892,150,HTTP Request,200,OK,Year-Language Query 4-9,text,true,,271,159,10,70,http://localhost:8080/search?q=love&year=1994&language=English,150,0,0
1782356339876,170,HTTP Request,200,OK,Year-Language Query 4-7,text,true,,271,159,10,70,http://localhost:8080/search?q=love&year=1994&language=English,170,0,0
1782356339866,182,HTTP Request,200,OK,Year-Language Query 4-5,text,true,,271,159,10,70,http://localhost:8080/search?q=love&year=1994&language=English,182,0,0
1782356339991,114,HTTP Request,200,OK,Year-Language Query 4-1,text,true,,271,159,10,70,http://localhost:8080/search?q=love&year=1994&language=English,114,0,0
1782356340039,82,HTTP Request,200,OK,Year-Language Query 4-8,text,true,,271,159,10,70,http://localhost:8080/search?q=love&year=1994&language=English,82,0,0
1782356340036,87,HTTP Request,200,OK,Year-Language Query 4-2,text,true,,271,159,10,70,http://localhost:8080/search?q=love&year=1994&language=English,87,0,0
1782356340041,85,HTTP Request,200,OK,Year-Language Query 4-4,text,true,,271,159,10,70,http://localhost:8080/search?q=love&year=1994&language=English,85,0,0
1782356340038,88,HTTP Request,200,OK,Year-Language Query 4-3,text,true,,271,159,10,70,http://localhost:8080/search?q=love&year=1994&language=English,88,0,0
1782356340040,87,HTTP Request,200,OK,Year-Language Query 4-10,text,true,,271,159,10,70,http://localhost:8080/search?q=love&year=1994&language=English,87,0,0
1782356340049,96,HTTP Request,200,OK,Year-Language Query 4-5,text,true,,271,159,10,70,http://localhost:8080/search?q=love&year=1994&language=English,96,0,0
1782356340040,105,HTTP Request,200,OK,Year-Language Query 4-6,text,true,,271,159,10,70,http://localhost:8080/search?q=love&year=1994&language=English,105,0,0
1782356340042,134,HTTP Request,200,OK,Year-Language Query 4-9,text,true,,271,159,10,70,http://localhost:8080/search?q=love&year=1994&language=English,134,0,0
1782356340046,133,HTTP Request,200,OK,Year-Language Query 4-7,text,true,,271,159,10,70,http://localhost:8080/search?q=love&year=1994&language=English,133,0,0
1782356340126,99,HTTP Request,200,OK,Year-Language Query 4-4,text,true,,271,159,10,70,http://localhost:8080/search?q=love&year=1994&language=English,99,0,0
1782356340122,106,HTTP Request,200,OK,Year-Language Query 4-8,text,true,,271,159,10,70,http://localhost:8080/search?q=love&year=1994&language=English,106,0,0
1782356340124,105,HTTP Request,200,OK,Year-Language Query 4-2,text,true,,271,159,10,70,http://localhost:8080/search?q=love&year=1994&language=English,105,0,0
1782356340127,103,HTTP Request,200,OK,Year-Language Query 4-10,text,true,,271,159,10,70,http://localhost:8080/search?q=love&year=1994&language=English,103,0,0
1782356340126,112,HTTP Request,200,OK,Year-Language Query 4-3,text,true,,271,159,10,70,http://localhost:8080/search?q=love&year=1994&language=English,112,0,0
1782356340106,148,HTTP Request,200,OK,Year-Language Query 4-1,text,true,,271,159,10,70,http://localhost:8080/search?q=love&year=1994&language=English,148,0,0
1782356340146,108,HTTP Request,200,OK,Year-Language Query 4-6,text,true,,271,159,10,70,http://localhost:8080/search?q=love&year=1994&language=English,108,0,0
1782356340145,182,HTTP Request,200,OK,Year-Language Query 4-5,text,true,,271,159,10,70,http://localhost:8080/search?q=love&year=1994&language=English,182,0,0
1782356340228,137,HTTP Request,200,OK,Year-Language Query 4-8,text,true,,271,159,10,70,http://localhost:8080/search?q=love&year=1994&language=English,137,0,0
1782356340231,138,HTTP Request,200,OK,Year-Language Query 4-10,text,true,,271,159,10,70,http://localhost:8080/search?q=love&year=1994&language=English,138,0,0
1782356340179,199,HTTP Request,200,OK,Year-Language Query 4-7,text,true,,271,159,10,70,http://localhost:8080/search?q=love&year=1994&language=English,199,0,0
1782356340229,149,HTTP Request,200,OK,Year-Language Query 4-2,text,true,,271,159,10,70,http://localhost:8080/search?q=love&year=1994&language=English,149,0,0
1782356340177,204,HTTP Request,200,OK,Year-Language Query 4-9,text,true,,271,159,10,70,http://localhost:8080/search?q=love&year=1994&language=English,204,0,0
1782356340254,129,HTTP Request,200,OK,Year-Language Query 4-1,text,true,,271,159,10,70,http://localhost:8080/search?q=love&year=1994&language=English,129,0,0
1782356340226,208,HTTP Request,200,OK,Year-Language Query 4-4,text,true,,271,159,10,70,http://localhost:8080/search?q=love&year=1994&language=English,208,0,0
1782356340238,196,HTTP Request,200,OK,Year-Language Query 4-3,text,true,,271,159,10,70,http://localhost:8080/search?q=love&year=1994&language=English,196,0,0
1782356340327,121,HTTP Request,200,OK,Year-Language Query 4-5,text,true,,271,159,10,70,http://localhost:8080/search?q=love&year=1994&language=English,121,0,0
1782356340255,240,HTTP Request,200,OK,Year-Language Query 4-6,text,true,,271,159,10,70,http://localhost:8080/search?q=love&year=1994&language=English,240,0,0
1782356340365,167,HTTP Request,200,OK,Year-Language Query 4-8,text,true,,271,159,10,70,http://localhost:8080/search?q=love&year=1994&language=English,167,0,0
1782356340449,135,HTTP Request,200,OK,Year-Language Query 4-5,text,true,,271,159,10,70,http://localhost:8080/search?q=love&year=1994&language=English,135,0,0
1782356340379,206,HTTP Request,200,OK,Year-Language Query 4-2,text,true,,271,159,10,70,http://localhost:8080/search?q=love&year=1994&language=English,206,0,0
1782356340370,215,HTTP Request,200,OK,Year-Language Query 4-10,text,true,,271,159,10,70,http://localhost:8080/search?q=love&year=1994&language=English,215,0,0
1782356340384,201,HTTP Request,200,OK,Year-Language Query 4-1,text,true,,271,159,10,70,http://localhost:8080/search?q=love&year=1994&language=English,201,0,0
1782356340434,154,HTTP Request,200,OK,Year-Language Query 4-3,text,true,,271,159,10,70,http://localhost:8080/search?q=love&year=1994&language=English,154,0,0
1782356340378,215,HTTP Request,200,OK,Year-Language Query 4-7,text,true,,271,159,10,70,http://localhost:8080/search?q=love&year=1994&language=English,215,0,0
1782356340434,169,HTTP Request,200,OK,Year-Language Query 4-4,text,true,,271,159,10,70,http://localhost:8080/search?q=love&year=1994&language=English,169,0,0
1782356340381,224,HTTP Request,200,OK,Year-Language Query 4-9,text,true,,271,159,10,70,http://localhost:8080/search?q=love&year=1994&language=English,224,0,0
1782356340496,196,HTTP Request,200,OK,Year-Language Query 4-6,text,true,,271,159,10,70,http://localhost:8080/search?q=love&year=1994&language=English,196,0,0
1782356340585,130,HTTP Request,200,OK,Year-Language Query 4-10,text,true,,271,159,10,70,http://localhost:8080/search?q=love&year=1994&language=English,130,0,0
1782356340585,153,HTTP Request,200,OK,Year-Language Query 4-2,text,true,,271,159,10,70,http://localhost:8080/search?q=love&year=1994&language=English,153,0,0
1782356340588,151,HTTP Request,200,OK,Year-Language Query 4-3,text,true,,271,159,10,70,http://localhost:8080/search?q=love&year=1994&language=English,151,0,0
1782356340604,135,HTTP Request,200,OK,Year-Language Query 4-4,text,true,,271,159,10,70,http://localhost:8080/search?q=love&year=1994&language=English,135,0,0
1782356340585,157,HTTP Request,200,OK,Year-Language Query 4-5,text,true,,271,159,10,70,http://localhost:8080/search?q=love&year=1994&language=English,157,0,0
1782356340532,228,HTTP Request,200,OK,Year-Language Query 4-8,text,true,,271,159,10,70,http://localhost:8080/search?q=love&year=1994&language=English,228,0,0
1782356340693,94,HTTP Request,200,OK,Year-Language Query 4-6,text,true,,271,159,10,70,http://localhost:8080/search?q=love&year=1994&language=English,94,0,0
1782356340585,209,HTTP Request,200,OK,Year-Language Query 4-1,text,true,,271,159,10,70,http://localhost:8080/search?q=love&year=1994&language=English,209,0,0
1782356340593,202,HTTP Request,200,OK,Year-Language Query 4-7,text,true,,271,159,10,70,http://localhost:8080/search?q=love&year=1994&language=English,202,0,0
1782356340606,244,HTTP Request,200,OK,Year-Language Query 4-9,text,true,,271,159,10,70,http://localhost:8080/search?q=love&year=1994&language=English,244,0,0
1782356340738,157,HTTP Request,200,OK,Year-Language Query 4-2,text,true,,271,159,10,70,http://localhost:8080/search?q=love&year=1994&language=English,157,0,0
1782356340739,160,HTTP Request,200,OK,Year-Language Query 4-3,text,true,,271,159,10,70,http://localhost:8080/search?q=love&year=1994&language=English,160,0,0
1782356340716,184,HTTP Request,200,OK,Year-Language Query 4-10,text,true,,271,159,10,70,http://localhost:8080/search?q=love&year=1994&language=English,184,0,0
1782356340739,178,HTTP Request,200,OK,Year-Language Query 4-4,text,true,,271,159,10,70,http://localhost:8080/search?q=love&year=1994&language=English,178,0,0
1782356340760,158,HTTP Request,200,OK,Year-Language Query 4-8,text,true,,271,159,10,70,http://localhost:8080/search?q=love&year=1994&language=English,158,0,0
1782356340787,131,HTTP Request,200,OK,Year-Language Query 4-6,text,true,,271,159,10,70,http://localhost:8080/search?q=love&year=1994&language=English,131,0,0
1782356340743,208,HTTP Request,200,OK,Year-Language Query 4-5,text,true,,271,159,10,70,http://localhost:8080/search?q=love&year=1994&language=English,208,0,0
1782356340794,271,HTTP Request,200,OK,Year-Language Query 4-1,text,true,,271,159,10,70,http://localhost:8080/search?q=love&year=1994&language=English,271,0,0
1782356340795,280,HTTP Request,200,OK,Year-Language Query 4-7,text,true,,271,159,10,70,http://localhost:8080/search?q=love&year=1994&language=English,280,0,0
1782356340918,260,HTTP Request,200,OK,Year-Language Query 4-4,text,true,,271,159,10,70,http://localhost:8080/search?q=love&year=1994&language=English,260,0,0
1782356340900,278,HTTP Request,200,OK,Year-Language Query 4-3,text,true,,271,159,10,70,http://localhost:8080/search?q=love&year=1994&language=English,278,0,0
1782356340850,334,HTTP Request,200,OK,Year-Language Query 4-9,text,true,,271,159,10,70,http://localhost:8080/search?q=love&year=1994&language=English,334,0,0
1782356340900,286,HTTP Request,200,OK,Year-Language Query 4-10,text,true,,271,159,10,70,http://localhost:8080/search?q=love&year=1994&language=English,286,0,0
1782356340918,268,HTTP Request,200,OK,Year-Language Query 4-8,text,true,,271,159,10,70,http://localhost:8080/search?q=love&year=1994&language=English,268,0,0
1782356340895,293,HTTP Request,200,OK,Year-Language Query 4-2,text,true,,271,159,10,70,http://localhost:8080/search?q=love&year=1994&language=English,293,0,0
1782356340918,271,HTTP Request,200,OK,Year-Language Query 4-6,text,true,,271,159,10,70,http://localhost:8080/search?q=love&year=1994&language=English,271,0,0
1782356340951,282,HTTP Request,200,OK,Year-Language Query 4-5,text,true,,271,159,10,70,http://localhost:8080/search?q=love&year=1994&language=English,282,0,0
1782356341065,282,HTTP Request,200,OK,Year-Language Query 4-1,text,true,,271,159,10,70,http://localhost:8080/search?q=love&year=1994&language=English,282,0,0
1782356341075,274,HTTP Request,200,OK,Year-Language Query 4-7,text,true,,271,159,10,70,http://localhost:8080/search?q=love&year=1994&language=English,274,0,0
1782356341185,182,HTTP Request,200,OK,Year-Language Query 4-9,text,true,,271,159,10,70,http://localhost:8080/search?q=love&year=1994&language=English,182,0,0
1782356341178,190,HTTP Request,200,OK,Year-Language Query 4-4,text,true,,271,159,10,70,http://localhost:8080/search?q=love&year=1994&language=English,190,0,0
1782356341179,240,HTTP Request,200,OK,Year-Language Query 4-3,text,true,,271,159,10,70,http://localhost:8080/search?q=love&year=1994&language=English,240,0,0
1782356341187,234,HTTP Request,200,OK,Year-Language Query 4-10,text,true,,271,159,10,70,http://localhost:8080/search?q=love&year=1994&language=English,234,0,0
1782356341233,253,HTTP Request,200,OK,Year-Language Query 4-5,text,true,,271,159,10,70,http://localhost:8080/search?q=love&year=1994&language=English,253,0,0
1782356341189,298,HTTP Request,200,OK,Year-Language Query 4-2,text,true,,271,159,10,70,http://localhost:8080/search?q=love&year=1994&language=English,298,0,0
1782356341190,297,HTTP Request,200,OK,Year-Language Query 4-6,text,true,,271,159,10,70,http://localhost:8080/search?q=love&year=1994&language=English,297,0,0
1782356341187,346,HTTP Request,200,OK,Year-Language Query 4-8,text,true,,271,159,10,70,http://localhost:8080/search?q=love&year=1994&language=English,346,0,0
1782356341347,215,HTTP Request,200,OK,Year-Language Query 4-1,text,true,,271,159,10,70,http://localhost:8080/search?q=love&year=1994&language=English,215,0,0
1782356341367,196,HTTP Request,200,OK,Year-Language Query 4-9,text,true,,271,159,10,70,http://localhost:8080/search?q=love&year=1994&language=English,196,0,0
1782356341368,196,HTTP Request,200,OK,Year-Language Query 4-4,text,true,,271,159,10,70,http://localhost:8080/search?q=love&year=1994&language=English,196,0,0
1782356341419,241,HTTP Request,200,OK,Year-Language Query 4-3,text,true,,271,159,10,70,http://localhost:8080/search?q=love&year=1994&language=English,241,0,0
1782356341488,173,HTTP Request,200,OK,Year-Language Query 4-6,text,true,,271,159,10,70,http://localhost:8080/search?q=love&year=1994&language=English,173,0,0
1782356341350,311,HTTP Request,200,OK,Year-Language Query 4-7,text,true,,271,159,10,70,http://localhost:8080/search?q=love&year=1994&language=English,311,0,0
1782356341421,241,HTTP Request,200,OK,Year-Language Query 4-10,text,true,,271,159,10,70,http://localhost:8080/search?q=love&year=1994&language=English,241,0,0
1782356341488,206,HTTP Request,200,OK,Year-Language Query 4-2,text,true,,271,159,10,70,http://localhost:8080/search?q=love&year=1994&language=English,206,0,0
1782356341564,168,HTTP Request,200,OK,Year-Language Query 4-4,text,true,,271,159,10,70,http://localhost:8080/search?q=love&year=1994&language=English,168,0,0
1782356341563,169,HTTP Request,200,OK,Year-Language Query 4-9,text,true,,271,159,10,70,http://localhost:8080/search?q=love&year=1994&language=English,169,0,0
1782356341562,171,HTTP Request,200,OK,Year-Language Query 4-1,text,true,,271,159,10,70,http://localhost:8080/search?q=love&year=1994&language=English,171,0,0
1782356341662,143,HTTP Request,200,OK,Year-Language Query 4-7,text,true,,271,159,10,70,http://localhost:8080/search?q=love&year=1994&language=English,143,0,0
1782356341695,127,HTTP Request,200,OK,Year-Language Query 4-2,text,true,,271,159,10,70,http://localhost:8080/search?q=love&year=1994&language=English,127,0,0
1782356341660,165,HTTP Request,200,OK,Year-Language Query 4-3,text,true,,271,159,10,70,http://localhost:8080/search?q=love&year=1994&language=English,165,0,0
1782356341662,166,HTTP Request,200,OK,Year-Language Query 4-10,text,true,,271,159,10,70,http://localhost:8080/search?q=love&year=1994&language=English,166,0,0
1782356341661,168,HTTP Request,200,OK,Year-Language Query 4-6,text,true,,271,159,10,70,http://localhost:8080/search?q=love&year=1994&language=English,168,0,0
1782356341486,350,HTTP Request,200,OK,Year-Language Query 4-5,text,true,,271,159,10,70,http://localhost:8080/search?q=love&year=1994&language=English,350,0,0
1782356341733,118,HTTP Request,200,OK,Year-Language Query 4-4,text,true,,271,159,10,70,http://localhost:8080/search?q=love&year=1994&language=English,118,0,0
1782356341734,119,HTTP Request,200,OK,Year-Language Query 4-1,text,true,,271,159,10,70,http://localhost:8080/search?q=love&year=1994&language=English,119,0,0
1782356341533,322,HTTP Request,200,OK,Year-Language Query 4-8,text,true,,271,159,10,70,http://localhost:8080/search?q=love&year=1994&language=English,322,0,0
1782356341733,133,HTTP Request,200,OK,Year-Language Query 4-9,text,true,,271,159,10,70,http://localhost:8080/search?q=love&year=1994&language=English,133,0,0
1782356341823,103,HTTP Request,200,OK,Year-Language Query 4-2,text,true,,271,159,10,70,http://localhost:8080/search?q=love&year=1994&language=English,103,0,0
1782356341829,97,HTTP Request,200,OK,Year-Language Query 4-10,text,true,,271,159,10,70,http://localhost:8080/search?q=love&year=1994&language=English,97,0,0
1782356341829,145,HTTP Request,200,OK,Year-Language Query 4-6,text,true,,271,159,10,70,http://localhost:8080/search?q=love&year=1994&language=English,145,0,0
1782356341826,223,HTTP Request,200,OK,Year-Language Query 4-3,text,true,,271,159,10,70,http://localhost:8080/search?q=love&year=1994&language=English,223,0,0
1782356341836,213,HTTP Request,200,OK,Year-Language Query 4-5,text,true,,271,159,10,70,http://localhost:8080/search?q=love&year=1994&language=English,213,0,0
1782356341805,260,HTTP Request,200,OK,Year-Language Query 4-7,text,true,,271,159,10,70,http://localhost:8080/search?q=love&year=1994&language=English,260,0,0
1782356341869,196,HTTP Request,200,OK,Year-Language Query 4-9,text,true,,271,159,10,70,http://localhost:8080/search?q=love&year=1994&language=English,196,0,0
1782356341852,214,HTTP Request,200,OK,Year-Language Query 4-4,text,true,,271,159,10,70,http://localhost:8080/search?q=love&year=1994&language=English,214,0,0
1782356341853,218,HTTP Request,200,OK,Year-Language Query 4-1,text,true,,271,159,10,70,http://localhost:8080/search?q=love&year=1994&language=English,218,0,0
1782356341856,218,HTTP Request,200,OK,Year-Language Query 4-8,text,true,,271,159,10,70,http://localhost:8080/search?q=love&year=1994&language=English,218,0,0
1782356341926,183,HTTP Request,200,OK,Year-Language Query 4-10,text,true,,271,159,10,70,http://localhost:8080/search?q=love&year=1994&language=English,183,0,0
1782356341974,188,HTTP Request,200,OK,Year-Language Query 4-6,text,true,,271,159,10,70,http://localhost:8080/search?q=love&year=1994&language=English,188,0,0
1782356342049,131,HTTP Request,200,OK,Year-Language Query 4-3,text,true,,271,159,10,70,http://localhost:8080/search?q=love&year=1994&language=English,131,0,0
1782356341926,327,HTTP Request,200,OK,Year-Language Query 4-2,text,true,,271,159,10,70,http://localhost:8080/search?q=love&year=1994&language=English,327,0,0
1782356342109,148,HTTP Request,200,OK,Year-Language Query 4-10,text,true,,271,159,10,70,http://localhost:8080/search?q=love&year=1994&language=English,147,0,0
1782356342065,233,HTTP Request,200,OK,Year-Language Query 4-7,text,true,,271,159,10,70,http://localhost:8080/search?q=love&year=1994&language=English,233,0,0
1782356342163,137,HTTP Request,200,OK,Year-Language Query 4-6,text,true,,271,159,10,70,http://localhost:8080/search?q=love&year=1994&language=English,137,0,0
1782356342180,128,HTTP Request,200,OK,Year-Language Query 4-3,text,true,,271,159,10,70,http://localhost:8080/search?q=love&year=1994&language=English,128,0,0
1782356342065,262,HTTP Request,200,OK,Year-Language Query 4-9,text,true,,271,159,10,70,http://localhost:8080/search?q=love&year=1994&language=English,262,0,0
1782356342071,257,HTTP Request,200,OK,Year-Language Query 4-1,text,true,,271,159,10,70,http://localhost:8080/search?q=love&year=1994&language=English,257,0,0
1782356342049,279,HTTP Request,200,OK,Year-Language Query 4-5,text,true,,271,159,10,70,http://localhost:8080/search?q=love&year=1994&language=English,279,0,0
1782356342066,346,HTTP Request,200,OK,Year-Language Query 4-4,text,true,,271,159,10,70,http://localhost:8080/search?q=love&year=1994&language=English,346,0,0
1782356342074,342,HTTP Request,200,OK,Year-Language Query 4-8,text,true,,271,159,10,70,http://localhost:8080/search?q=love&year=1994&language=English,342,0,0
1782356342258,167,HTTP Request,200,OK,Year-Language Query 4-10,text,true,,271,159,10,70,http://localhost:8080/search?q=love&year=1994&language=English,167,0,0
1782356342255,173,HTTP Request,200,OK,Year-Language Query 4-2,text,true,,271,159,10,70,http://localhost:8080/search?q=love&year=1994&language=English,173,0,0
1782356342302,194,HTTP Request,200,OK,Year-Language Query 4-6,text,true,,271,159,10,70,http://localhost:8080/search?q=love&year=1994&language=English,194,0,0
1782356342299,215,HTTP Request,200,OK,Year-Language Query 4-7,text,true,,271,159,10,70,http://localhost:8080/search?q=love&year=1994&language=English,215,0,0
1782356342328,226,HTTP Request,200,OK,Year-Language Query 4-5,text,true,,271,159,10,70,http://localhost:8080/search?q=love&year=1994&language=English,226,0,0
1782356342413,167,HTTP Request,200,OK,Year-Language Query 4-4,text,true,,271,159,10,70,http://localhost:8080/search?q=love&year=1994&language=English,167,0,0
1782356342327,307,HTTP Request,200,OK,Year-Language Query 4-9,text,true,,271,159,10,70,http://localhost:8080/search?q=love&year=1994&language=English,307,0,0
1782356342328,328,HTTP Request,200,OK,Year-Language Query 4-1,text,true,,271,159,10,70,http://localhost:8080/search?q=love&year=1994&language=English,328,0,0
1782356342308,349,HTTP Request,200,OK,Year-Language Query 4-3,text,true,,271,159,10,70,http://localhost:8080/search?q=love&year=1994&language=English,349,0,0
1782356342496,194,HTTP Request,200,OK,Year-Language Query 4-6,text,true,,271,159,10,70,http://localhost:8080/search?q=love&year=1994&language=English,194,0,0
1782356342416,278,HTTP Request,200,OK,Year-Language Query 4-8,text,true,,271,159,10,70,http://localhost:8080/search?q=love&year=1994&language=English,278,0,0
1782356342428,268,HTTP Request,200,OK,Year-Language Query 4-2,text,true,,271,159,10,70,http://localhost:8080/search?q=love&year=1994&language=English,268,0,0
1782356342554,143,HTTP Request,200,OK,Year-Language Query 4-5,text,true,,271,159,10,70,http://localhost:8080/search?q=love&year=1994&language=English,143,0,0
1782356342425,450,HTTP Request,200,OK,Year-Language Query 4-10,text,true,,271,159,10,70,http://localhost:8080/search?q=love&year=1994&language=English,450,0,0
1782356342515,362,HTTP Request,200,OK,Year-Language Query 4-7,text,true,,271,159,10,70,http://localhost:8080/search?q=love&year=1994&language=English,362,0,0
1782356342580,297,HTTP Request,200,OK,Year-Language Query 4-4,text,true,,271,159,10,70,http://localhost:8080/search?q=love&year=1994&language=English,296,0,0
1782356342698,258,HTTP Request,200,OK,Year-Language Query 4-5,text,true,,271,159,10,70,http://localhost:8080/search?q=love&year=1994&language=English,258,0,0
1782356342696,261,HTTP Request,200,OK,Year-Language Query 4-2,text,true,,271,159,10,70,http://localhost:8080/search?q=love&year=1994&language=English,261,0,0
1782356342694,267,HTTP Request,200,OK,Year-Language Query 4-8,text,true,,271,159,10,70,http://localhost:8080/search?q=love&year=1994&language=English,267,0,0
1782356342690,282,HTTP Request,200,OK,Year-Language Query 4-6,text,true,,271,159,10,70,http://localhost:8080/search?q=love&year=1994&language=English,281,0,0
1782356342656,333,HTTP Request,200,OK,Year-Language Query 4-1,text,true,,271,159,10,70,http://localhost:8080/search?q=love&year=1994&language=English,333,0,0
1782356342635,358,HTTP Request,200,OK,Year-Language Query 4-9,text,true,,271,159,10,70,http://localhost:8080/search?q=love&year=1994&language=English,358,0,0
1782356342657,338,HTTP Request,200,OK,Year-Language Query 4-3,text,true,,271,159,10,70,http://localhost:8080/search?q=love&year=1994&language=English,338,0,0
1782356342877,237,HTTP Request,200,OK,Year-Language Query 4-4,text,true,,271,159,10,70,http://localhost:8080/search?q=love&year=1994&language=English,237,0,0
1782356342877,242,HTTP Request,200,OK,Year-Language Query 4-7,text,true,,271,159,10,70,http://localhost:8080/search?q=love&year=1994&language=English,242,0,0
1782356342876,248,HTTP Request,200,OK,Year-Language Query 4-10,text,true,,271,159,10,70,http://localhost:8080/search?q=love&year=1994&language=English,248,0,0
1782356342960,222,HTTP Request,200,OK,Year-Language Query 4-2,text,true,,271,159,10,70,http://localhost:8080/search?q=love&year=1994&language=English,222,0,0
1782356342962,224,HTTP Request,200,OK,Year-Language Query 4-8,text,true,,271,159,10,70,http://localhost:8080/search?q=love&year=1994&language=English,224,0,0
1782356342956,239,HTTP Request,200,OK,Year-Language Query 4-5,text,true,,271,159,10,70,http://localhost:8080/search?q=love&year=1994&language=English,239,0,0
1782356342995,267,HTTP Request,200,OK,Year-Language Query 4-3,text,true,,271,159,10,70,http://localhost:8080/search?q=love&year=1994&language=English,267,0,0
1782356342994,269,HTTP Request,200,OK,Year-Language Query 4-9,text,true,,271,159,10,70,http://localhost:8080/search?q=love&year=1994&language=English,269,0,0
1782356342972,293,HTTP Request,200,OK,Year-Language Query 4-6,text,true,,271,159,10,70,http://localhost:8080/search?q=love&year=1994&language=English,293,0,0
1782356342989,317,HTTP Request,200,OK,Year-Language Query 4-1,text,true,,271,159,10,70,http://localhost:8080/search?q=love&year=1994&language=English,317,0,0
1782356343183,129,HTTP Request,200,OK,Year-Language Query 4-2,text,true,,271,159,10,70,http://localhost:8080/search?q=love&year=1994&language=English,129,0,0
1782356343125,187,HTTP Request,200,OK,Year-Language Query 4-10,text,true,,271,159,10,70,http://localhost:8080/search?q=love&year=1994&language=English,187,0,0
1782356343119,215,HTTP Request,200,OK,Year-Language Query 4-7,text,true,,271,159,10,70,http://localhost:8080/search?q=love&year=1994&language=English,215,0,0
1782356343115,219,HTTP Request,200,OK,Year-Language Query 4-4,text,true,,271,159,10,70,http://localhost:8080/search?q=love&year=1994&language=English,219,0,0
1782356343186,169,HTTP Request,200,OK,Year-Language Query 4-8,text,true,,271,159,10,70,http://localhost:8080/search?q=love&year=1994&language=English,169,0,0
1782356343195,179,HTTP Request,200,OK,Year-Language Query 4-5,text,true,,271,159,10,70,http://localhost:8080/search?q=love&year=1994&language=English,179,0,0
1782356343265,139,HTTP Request,200,OK,Year-Language Query 4-6,text,true,,271,159,10,70,http://localhost:8080/search?q=love&year=1994&language=English,139,0,0
1782356343263,148,HTTP Request,200,OK,Year-Language Query 4-9,text,true,,271,159,10,70,http://localhost:8080/search?q=love&year=1994&language=English,148,0,0
1782356343334,102,HTTP Request,200,OK,Year-Language Query 4-4,text,true,,271,159,10,70,http://localhost:8080/search?q=love&year=1994&language=English,102,0,0
1782356343334,102,HTTP Request,200,OK,Year-Language Query 4-7,text,true,,271,159,10,70,http://localhost:8080/search?q=love&year=1994&language=English,102,0,0
1782356343262,268,HTTP Request,200,OK,Year-Language Query 4-3,text,true,,271,159,10,70,http://localhost:8080/search?q=love&year=1994&language=English,268,0,0
1782356343306,226,HTTP Request,200,OK,Year-Language Query 4-1,text,true,,271,159,10,70,http://localhost:8080/search?q=love&year=1994&language=English,226,0,0
1782356343312,225,HTTP Request,200,OK,Year-Language Query 4-2,text,true,,271,159,10,70,http://localhost:8080/search?q=love&year=1994&language=English,225,0,0
1782356343312,242,HTTP Request,200,OK,Year-Language Query 4-10,text,true,,271,159,10,70,http://localhost:8080/search?q=love&year=1994&language=English,242,0,0
1782356343404,151,HTTP Request,200,OK,Year-Language Query 4-6,text,true,,271,159,10,70,http://localhost:8080/search?q=love&year=1994&language=English,151,0,0
1782356343411,214,HTTP Request,200,OK,Year-Language Query 4-9,text,true,,271,159,10,70,http://localhost:8080/search?q=love&year=1994&language=English,214,0,0
1782356343355,289,HTTP Request,200,OK,Year-Language Query 4-8,text,true,,271,159,10,70,http://localhost:8080/search?q=love&year=1994&language=English,289,0,0
1782356343374,301,HTTP Request,200,OK,Year-Language Query 4-5,text,true,,271,159,10,70,http://localhost:8080/search?q=love&year=1994&language=English,301,0,0
1782356343436,269,HTTP Request,200,OK,Year-Language Query 4-7,text,true,,271,159,10,70,http://localhost:8080/search?q=love&year=1994&language=English,269,0,0
1782356343436,270,HTTP Request,200,OK,Year-Language Query 4-4,text,true,,271,159,10,70,http://localhost:8080/search?q=love&year=1994&language=English,270,0,0
1782356343531,175,HTTP Request,200,OK,Year-Language Query 4-3,text,true,,271,159,10,70,http://localhost:8080/search?q=love&year=1994&language=English,175,0,0
1782356343532,176,HTTP Request,200,OK,Year-Language Query 4-1,text,true,,271,159,10,70,http://localhost:8080/search?q=love&year=1994&language=English,176,0,0
1782356343555,187,HTTP Request,200,OK,Year-Language Query 4-6,text,true,,271,159,10,70,http://localhost:8080/search?q=love&year=1994&language=English,187,0,0
1782356343555,215,HTTP Request,200,OK,Year-Language Query 4-10,text,true,,271,159,10,70,http://localhost:8080/search?q=love&year=1994&language=English,215,0,0
1782356343538,234,HTTP Request,200,OK,Year-Language Query 4-2,text,true,,271,159,10,70,http://localhost:8080/search?q=love&year=1994&language=English,234,0,0
1782356343676,138,HTTP Request,200,OK,Year-Language Query 4-5,text,true,,271,159,10,70,http://localhost:8080/search?q=love&year=1994&language=English,138,0,0
1782356343645,176,HTTP Request,200,OK,Year-Language Query 4-8,text,true,,271,159,10,70,http://localhost:8080/search?q=love&year=1994&language=English,176,0,0
1782356343625,232,HTTP Request,200,OK,Year-Language Query 4-9,text,true,,271,159,10,70,http://localhost:8080/search?q=love&year=1994&language=English,232,0,0
1782356343706,153,HTTP Request,200,OK,Year-Language Query 4-7,text,true,,271,159,10,70,http://localhost:8080/search?q=love&year=1994&language=English,153,0,0
1782356343706,156,HTTP Request,200,OK,Year-Language Query 4-4,text,true,,271,159,10,70,http://localhost:8080/search?q=love&year=1994&language=English,156,0,0
1782356343709,153,HTTP Request,200,OK,Year-Language Query 4-1,text,true,,271,159,10,70,http://localhost:8080/search?q=love&year=1994&language=English,153,0,0
1782356343742,180,HTTP Request,200,OK,Year-Language Query 4-6,text,true,,271,159,10,70,http://localhost:8080/search?q=love&year=1994&language=English,180,0,0
1782356343707,216,HTTP Request,200,OK,Year-Language Query 4-3,text,true,,271,159,10,70,http://localhost:8080/search?q=love&year=1994&language=English,216,0,0
1782356343859,106,HTTP Request,200,OK,Year-Language Query 4-7,text,true,,271,159,10,70,http://localhost:8080/search?q=love&year=1994&language=English,106,0,0
1782356343862,106,HTTP Request,200,OK,Year-Language Query 4-4,text,true,,271,159,10,70,http://localhost:8080/search?q=love&year=1994&language=English,106,0,0
1782356343862,106,HTTP Request,200,OK,Year-Language Query 4-1,text,true,,271,159,10,70,http://localhost:8080/search?q=love&year=1994&language=English,106,0,0
1782356343770,248,HTTP Request,200,OK,Year-Language Query 4-10,text,true,,271,159,10,70,http://localhost:8080/search?q=love&year=1994&language=English,248,0,0
1782356343776,242,HTTP Request,200,OK,Year-Language Query 4-2,text,true,,271,159,10,70,http://localhost:8080/search?q=love&year=1994&language=English,242,0,0
1782356343821,259,HTTP Request,200,OK,Year-Language Query 4-8,text,true,,271,159,10,70,http://localhost:8080/search?q=love&year=1994&language=English,259,0,0
1782356343814,267,HTTP Request,200,OK,Year-Language Query 4-5,text,true,,271,159,10,70,http://localhost:8080/search?q=love&year=1994&language=English,267,0,0
1782356343924,165,HTTP Request,200,OK,Year-Language Query 4-3,text,true,,271,159,10,70,http://localhost:8080/search?q=love&year=1994&language=English,165,0,0
1782356343924,165,HTTP Request,200,OK,Year-Language Query 4-6,text,true,,271,159,10,70,http://localhost:8080/search?q=love&year=1994&language=English,165,0,0
1782356343858,278,HTTP Request,200,OK,Year-Language Query 4-9,text,true,,271,159,10,70,http://localhost:8080/search?q=love&year=1994&language=English,278,0,0
1782356343968,215,HTTP Request,200,OK,Year-Language Query 4-1,text,true,,271,159,10,70,http://localhost:8080/search?q=love&year=1994&language=English,215,0,0
1782356343968,229,HTTP Request,200,OK,Year-Language Query 4-4,text,true,,271,159,10,70,http://localhost:8080/search?q=love&year=1994&language=English,229,0,0
1782356343965,248,HTTP Request,200,OK,Year-Language Query 4-7,text,true,,271,159,10,70,http://localhost:8080/search?q=love&year=1994&language=English,248,0,0
1782356344018,236,HTTP Request,200,OK,Year-Language Query 4-10,text,true,,271,159,10,70,http://localhost:8080/search?q=love&year=1994&language=English,236,0,0
1782356344081,188,HTTP Request,200,OK,Year-Language Query 4-5,text,true,,271,159,10,70,http://localhost:8080/search?q=love&year=1994&language=English,188,0,0
1782356344089,180,HTTP Request,200,OK,Year-Language Query 4-6,text,true,,271,159,10,70,http://localhost:8080/search?q=love&year=1994&language=English,180,0,0
1782356344080,195,HTTP Request,200,OK,Year-Language Query 4-8,text,true,,271,159,10,70,http://localhost:8080/search?q=love&year=1994&language=English,195,0,0
1782356344089,187,HTTP Request,200,OK,Year-Language Query 4-3,text,true,,271,159,10,70,http://localhost:8080/search?q=love&year=1994&language=English,187,0,0
1782356344136,141,HTTP Request,200,OK,Year-Language Query 4-9,text,true,,271,159,10,70,http://localhost:8080/search?q=love&year=1994&language=English,141,0,0
1782356344018,262,HTTP Request,200,OK,Year-Language Query 4-2,text,true,,271,159,10,70,http://localhost:8080/search?q=love&year=1994&language=English,262,0,0
1782356344198,134,HTTP Request,200,OK,Year-Language Query 4-4,text,true,,271,159,10,70,http://localhost:8080/search?q=love&year=1994&language=English,134,0,0
1782356344254,102,HTTP Request,200,OK,Year-Language Query 4-10,text,true,,271,159,10,70,http://localhost:8080/search?q=love&year=1994&language=English,102,0,0
1782356344214,180,HTTP Request,200,OK,Year-Language Query 4-7,text,true,,271,159,10,70,http://localhost:8080/search?q=love&year=1994&language=English,180,0,0
1782356344183,212,HTTP Request,200,OK,Year-Language Query 4-1,text,true,,271,159,10,70,http://localhost:8080/search?q=love&year=1994&language=English,212,0,0
1782356344269,161,HTTP Request,200,OK,Year-Language Query 4-6,text,true,,271,159,10,70,http://localhost:8080/search?q=love&year=1994&language=English,161,0,0
1782356344269,163,HTTP Request,200,OK,Year-Language Query 4-5,text,true,,271,159,10,70,http://localhost:8080/search?q=love&year=1994&language=English,163,0,0
1782356344275,162,HTTP Request,200,OK,Year-Language Query 4-8,text,true,,271,159,10,70,http://localhost:8080/search?q=love&year=1994&language=English,162,0,0
1782356344277,162,HTTP Request,200,OK,Year-Language Query 4-9,text,true,,271,159,10,70,http://localhost:8080/search?q=love&year=1994&language=English,162,0,0
1782356344280,212,HTTP Request,200,OK,Year-Language Query 4-2,text,true,,271,159,10,70,http://localhost:8080/search?q=love&year=1994&language=English,212,0,0
1782356344276,224,HTTP Request,200,OK,Year-Language Query 4-3,text,true,,271,159,10,70,http://localhost:8080/search?q=love&year=1994&language=English,224,0,0
1782356344333,197,HTTP Request,200,OK,Year-Language Query 4-4,text,true,,271,159,10,70,http://localhost:8080/search?q=love&year=1994&language=English,197,0,0
1782356344356,176,HTTP Request,200,OK,Year-Language Query 4-10,text,true,,271,159,10,70,http://localhost:8080/search?q=love&year=1994&language=English,176,0,0
1782356344394,139,HTTP Request,200,OK,Year-Language Query 4-7,text,true,,271,159,10,70,http://localhost:8080/search?q=love&year=1994&language=English,139,0,0
1782356344431,107,HTTP Request,200,OK,Year-Language Query 4-6,text,true,,271,159,10,70,http://localhost:8080/search?q=love&year=1994&language=English,107,0,0
1782356344433,108,HTTP Request,200,OK,Year-Language Query 4-5,text,true,,271,159,10,70,http://localhost:8080/search?q=love&year=1994&language=English,108,0,0
1782356344396,157,HTTP Request,200,OK,Year-Language Query 4-1,text,true,,271,159,10,70,http://localhost:8080/search?q=love&year=1994&language=English,157,0,0
1782356344439,136,HTTP Request,200,OK,Year-Language Query 4-9,text,true,,271,159,10,70,http://localhost:8080/search?q=love&year=1994&language=English,136,0,0
1782356344438,137,HTTP Request,200,OK,Year-Language Query 4-8,text,true,,271,159,10,70,http://localhost:8080/search?q=love&year=1994&language=English,137,0,0
1782356344531,153,HTTP Request,200,OK,Year-Language Query 4-4,text,true,,271,159,10,70,http://localhost:8080/search?q=love&year=1994&language=English,153,0,0
1782356344533,161,HTTP Request,200,OK,Year-Language Query 4-7,text,true,,271,159,10,70,http://localhost:8080/search?q=love&year=1994&language=English,161,0,0
1782356344532,185,HTTP Request,200,OK,Year-Language Query 4-10,text,true,,271,159,10,70,http://localhost:8080/search?q=love&year=1994&language=English,185,0,0
1782356344538,186,HTTP Request,200,OK,Year-Language Query 4-6,text,true,,271,159,10,70,http://localhost:8080/search?q=love&year=1994&language=English,186,0,0
1782356344541,183,HTTP Request,200,OK,Year-Language Query 4-5,text,true,,271,159,10,70,http://localhost:8080/search?q=love&year=1994&language=English,183,0,0
1782356344492,250,HTTP Request,200,OK,Year-Language Query 4-2,text,true,,271,159,10,70,http://localhost:8080/search?q=love&year=1994&language=English,250,0,0
1782356344500,244,HTTP Request,200,OK,Year-Language Query 4-3,text,true,,271,159,10,70,http://localhost:8080/search?q=love&year=1994&language=English,244,0,0
1782356344576,193,HTTP Request,200,OK,Year-Language Query 4-8,text,true,,271,159,10,70,http://localhost:8080/search?q=love&year=1994&language=English,193,0,0
1782356344684,108,HTTP Request,200,OK,Year-Language Query 4-4,text,true,,271,159,10,70,http://localhost:8080/search?q=love&year=1994&language=English,108,0,0
1782356344575,240,HTTP Request,200,OK,Year-Language Query 4-9,text,true,,271,159,10,70,http://localhost:8080/search?q=love&year=1994&language=English,240,0,0
1782356344718,98,HTTP Request,200,OK,Year-Language Query 4-10,text,true,,271,159,10,70,http://localhost:8080/search?q=love&year=1994&language=English,98,0,0
1782356344694,177,HTTP Request,200,OK,Year-Language Query 4-7,text,true,,271,159,10,70,http://localhost:8080/search?q=love&year=1994&language=English,177,0,0
1782356344553,318,HTTP Request,200,OK,Year-Language Query 4-1,text,true,,271,159,10,70,http://localhost:8080/search?q=love&year=1994&language=English,318,0,0
1782356344724,149,HTTP Request,200,OK,Year-Language Query 4-5,text,true,,271,159,10,70,http://localhost:8080/search?q=love&year=1994&language=English,149,0,0
1782356344724,153,HTTP Request,200,OK,Year-Language Query 4-6,text,true,,271,159,10,70,http://localhost:8080/search?q=love&year=1994&language=English,153,0,0
1782356344744,173,HTTP Request,200,OK,Year-Language Query 4-3,text,true,,271,159,10,70,http://localhost:8080/search?q=love&year=1994&language=English,173,0,0
1782356344742,209,HTTP Request,200,OK,Year-Language Query 4-2,text,true,,271,159,10,70,http://localhost:8080/search?q=love&year=1994&language=English,209,0,0
1782356344795,175,HTTP Request,200,OK,Year-Language Query 4-4,text,true,,271,159,10,70,http://localhost:8080/search?q=love&year=1994&language=English,175,0,0
1782356344815,204,HTTP Request,200,OK,Year-Language Query 4-9,text,true,,271,159,10,70,http://localhost:8080/search?q=love&year=1994&language=English,204,0,0
1782356344770,280,HTTP Request,200,OK,Year-Language Query 4-8,text,true,,271,159,10,70,http://localhost:8080/search?q=love&year=1994&language=English,280,0,0
1782356344816,234,HTTP Request,200,OK,Year-Language Query 4-10,text,true,,271,159,10,70,http://localhost:8080/search?q=love&year=1994&language=English,234,0,0
1782356344873,208,HTTP Request,200,OK,Year-Language Query 4-5,text,true,,271,159,10,70,http://localhost:8080/search?q=love&year=1994&language=English,208,0,0
1782356344877,204,HTTP Request,200,OK,Year-Language Query 4-6,text,true,,271,159,10,70,http://localhost:8080/search?q=love&year=1994&language=English,204,0,0
1782356344917,212,HTTP Request,200,OK,Year-Language Query 4-3,text,true,,271,159,10,70,http://localhost:8080/search?q=love&year=1994&language=English,212,0,0
1782356344951,183,HTTP Request,200,OK,Year-Language Query 4-2,text,true,,271,159,10,70,http://localhost:8080/search?q=love&year=1994&language=English,183,0,0
1782356344872,267,HTTP Request,200,OK,Year-Language Query 4-7,text,true,,271,159,10,70,http://localhost:8080/search?q=love&year=1994&language=English,267,0,0
1782356345050,104,HTTP Request,200,OK,Year-Language Query 4-10,text,true,,271,159,10,70,http://localhost:8080/search?q=love&year=1994&language=English,104,0,0
1782356345019,135,HTTP Request,200,OK,Year-Language Query 4-9,text,true,,271,159,10,70,http://localhost:8080/search?q=love&year=1994&language=English,135,0,0
1782356344872,317,HTTP Request,200,OK,Year-Language Query 4-1,text,true,,271,159,10,70,http://localhost:8080/search?q=love&year=1994&language=English,317,0,0
1782356345050,285,HTTP Request,200,OK,Year-Language Query 4-8,text,true,,271,159,10,70,http://localhost:8080/search?q=love&year=1994&language=English,285,0,0
1782356344970,393,HTTP Request,200,OK,Year-Language Query 4-4,text,true,,271,159,10,70,http://localhost:8080/search?q=love&year=1994&language=English,393,0,0
1782356345081,287,HTTP Request,200,OK,Year-Language Query 4-5,text,true,,271,159,10,70,http://localhost:8080/search?q=love&year=1994&language=English,287,0,0
1782356345154,216,HTTP Request,200,OK,Year-Language Query 4-9,text,true,,271,159,10,70,http://localhost:8080/search?q=love&year=1994&language=English,216,0,0
1782356345154,228,HTTP Request,200,OK,Year-Language Query 4-10,text,true,,271,159,10,70,http://localhost:8080/search?q=love&year=1994&language=English,228,0,0
1782356345139,243,HTTP Request,200,OK,Year-Language Query 4-7,text,true,,271,159,10,70,http://localhost:8080/search?q=love&year=1994&language=English,243,0,0
1782356345134,249,HTTP Request,200,OK,Year-Language Query 4-2,text,true,,271,159,10,70,http://localhost:8080/search?q=love&year=1994&language=English,249,0,0
1782356345129,255,HTTP Request,200,OK,Year-Language Query 4-3,text,true,,271,159,10,70,http://localhost:8080/search?q=love&year=1994&language=English,255,0,0
1782356345190,210,HTTP Request,200,OK,Year-Language Query 4-1,text,true,,271,159,10,70,http://localhost:8080/search?q=love&year=1994&language=English,210,0,0
1782356345082,319,HTTP Request,200,OK,Year-Language Query 4-6,text,true,,271,159,10,70,http://localhost:8080/search?q=love&year=1994&language=English,319,0,0
1782356345368,174,HTTP Request,200,OK,Year-Language Query 4-5,text,true,,271,159,10,70,http://localhost:8080/search?q=love&year=1994&language=English,174,0,0
1782356345370,173,HTTP Request,200,OK,Year-Language Query 4-9,text,true,,271,159,10,70,http://localhost:8080/search?q=love&year=1994&language=English,173,0,0
1782356345384,159,HTTP Request,200,OK,Year-Language Query 4-2,text,true,,271,159,10,70,http://localhost:8080/search?q=love&year=1994&language=English,159,0,0
1782356345382,161,HTTP Request,200,OK,Year-Language Query 4-10,text,true,,271,159,10,70,http://localhost:8080/search?q=love&year=1994&language=English,161,0,0
1782356345382,162,HTTP Request,200,OK,Year-Language Query 4-7,text,true,,271,159,10,70,http://localhost:8080/search?q=love&year=1994&language=English,162,0,0
1782356345385,159,HTTP Request,200,OK,Year-Language Query 4-3,text,true,,271,159,10,70,http://localhost:8080/search?q=love&year=1994&language=English,159,0,0
1782356345363,248,HTTP Request,200,OK,Year-Language Query 4-4,text,true,,271,159,10,70,http://localhost:8080/search?q=love&year=1994&language=English,248,0,0
1782356345336,289,HTTP Request,200,OK,Year-Language Query 4-8,text,true,,271,159,10,70,http://localhost:8080/search?q=love&year=1994&language=English,289,0,0
1782356345400,241,HTTP Request,200,OK,Year-Language Query 4-1,text,true,,271,159,10,70,http://localhost:8080/search?q=love&year=1994&language=English,241,0,0
1782356345403,240,HTTP Request,200,OK,Year-Language Query 4-6,text,true,,271,159,10,70,http://localhost:8080/search?q=love&year=1994&language=English,240,0,0
1782356345543,144,HTTP Request,200,OK,Year-Language Query 4-2,text,true,,271,159,10,70,http://localhost:8080/search?q=love&year=1994&language=English,144,0,0
1782356345543,145,HTTP Request,200,OK,Year-Language Query 4-5,text,true,,271,159,10,70,http://localhost:8080/search?q=love&year=1994&language=English,145,0,0
1782356345543,146,HTTP Request,200,OK,Year-Language Query 4-10,text,true,,271,159,10,70,http://localhost:8080/search?q=love&year=1994&language=English,146,0,0
1782356345544,146,HTTP Request,200,OK,Year-Language Query 4-3,text,true,,271,159,10,70,http://localhost:8080/search?q=love&year=1994&language=English,146,0,0
1782356345543,148,HTTP Request,200,OK,Year-Language Query 4-9,text,true,,271,159,10,70,http://localhost:8080/search?q=love&year=1994&language=English,148,0,0
1782356345544,149,HTTP Request,200,OK,Year-Language Query 4-7,text,true,,271,159,10,70,http://localhost:8080/search?q=love&year=1994&language=English,149,0,0
1782356345643,182,HTTP Request,200,OK,Year-Language Query 4-6,text,true,,271,159,10,70,http://localhost:8080/search?q=love&year=1994&language=English,182,0,0
1782356345688,137,HTTP Request,200,OK,Year-Language Query 4-5,text,true,,271,159,10,70,http://localhost:8080/search?q=love&year=1994&language=English,137,0,0
1782356345687,139,HTTP Request,200,OK,Year-Language Query 4-2,text,true,,271,159,10,70,http://localhost:8080/search?q=love&year=1994&language=English,139,0,0
1782356345690,136,HTTP Request,200,OK,Year-Language Query 4-3,text,true,,271,159,10,70,http://localhost:8080/search?q=love&year=1994&language=English,136,0,0
1782356345691,136,HTTP Request,200,OK,Year-Language Query 4-9,text,true,,271,159,10,70,http://localhost:8080/search?q=love&year=1994&language=English,136,0,0
1782356345693,134,HTTP Request,200,OK,Year-Language Query 4-7,text,true,,271,159,10,70,http://localhost:8080/search?q=love&year=1994&language=English,134,0,0
1782356345689,140,HTTP Request,200,OK,Year-Language Query 4-10,text,true,,271,159,10,70,http://localhost:8080/search?q=love&year=1994&language=English,140,0,0
1782356345611,272,HTTP Request,200,OK,Year-Language Query 4-4,text,true,,271,159,10,70,http://localhost:8080/search?q=love&year=1994&language=English,272,0,0
1782356345641,252,HTTP Request,200,OK,Year-Language Query 4-1,text,true,,271,159,10,70,http://localhost:8080/search?q=love&year=1994&language=English,252,0,0
1782356345625,268,HTTP Request,200,OK,Year-Language Query 4-8,text,true,,271,159,10,70,http://localhost:8080/search?q=love&year=1994&language=English,268,0,0
1782356345826,103,HTTP Request,200,OK,Year-Language Query 4-3,text,true,,271,159,10,70,http://localhost:8080/search?q=love&year=1994&language=English,103,0,0
1782356345828,101,HTTP Request,200,OK,Year-Language Query 4-7,text,true,,271,159,10,70,http://localhost:8080/search?q=love&year=1994&language=English,101,0,0
1782356345829,135,HTTP Request,200,OK,Year-Language Query 4-10,text,true,,271,159,10,70,http://localhost:8080/search?q=love&year=1994&language=English,135,0,0
1782356345827,162,HTTP Request,200,OK,Year-Language Query 4-2,text,true,,271,159,10,70,http://localhost:8080/search?q=love&year=1994&language=English,162,0,0
1782356345827,162,HTTP Request,200,OK,Year-Language Query 4-9,text,true,,271,159,10,70,http://localhost:8080/search?q=love&year=1994&language=English,162,0,0
1782356345825,164,HTTP Request,200,OK,Year-Language Query 4-6,text,true,,271,159,10,70,http://localhost:8080/search?q=love&year=1994&language=English,164,0,0
1782356345929,213,HTTP Request,200,OK,Year-Language Query 4-7,text,true,,271,159,10,70,http://localhost:8080/search?q=love&year=1994&language=English,213,0,0
1782356345929,215,HTTP Request,200,OK,Year-Language Query 4-3,text,true,,271,159,10,70,http://localhost:8080/search?q=love&year=1994&language=English,215,0,0
1782356345825,374,HTTP Request,200,OK,Year-Language Query 4-5,text,true,,271,159,10,70,http://localhost:8080/search?q=love&year=1994&language=English,374,0,0
1782356345964,242,HTTP Request,200,OK,Year-Language Query 4-10,text,true,,271,159,10,70,http://localhost:8080/search?q=love&year=1994&language=English,242,0,0
1782356345884,326,HTTP Request,200,OK,Year-Language Query 4-4,text,true,,271,159,10,70,http://localhost:8080/search?q=love&year=1994&language=English,326,0,0
1782356345894,321,HTTP Request,200,OK,Year-Language Query 4-8,text,true,,271,159,10,70,http://localhost:8080/search?q=love&year=1994&language=English,321,0,0
1782356345894,322,HTTP Request,200,OK,Year-Language Query 4-1,text,true,,271,159,10,70,http://localhost:8080/search?q=love&year=1994&language=English,322,0,0
1782356345989,245,HTTP Request,200,OK,Year-Language Query 4-6,text,true,,271,159,10,70,http://localhost:8080/search?q=love&year=1994&language=English,245,0,0
1782356345989,245,HTTP Request,200,OK,Year-Language Query 4-2,text,true,,271,159,10,70,http://localhost:8080/search?q=love&year=1994&language=English,245,0,0
1782356345989,246,HTTP Request,200,OK,Year-Language Query 4-9,text,true,,271,159,10,70,http://localhost:8080/search?q=love&year=1994&language=English,246,0,0
1782356346142,230,HTTP Request,200,OK,Year-Language Query 4-7,text,true,,271,159,10,70,http://localhost:8080/search?q=love&year=1994&language=English,230,0,0
1782356346199,221,HTTP Request,200,OK,Year-Language Query 4-5,text,true,,271,159,10,70,http://localhost:8080/search?q=love&year=1994&language=English,221,0,0
1782356346207,222,HTTP Request,200,OK,Year-Language Query 4-10,text,true,,271,159,10,70,http://localhost:8080/search?q=love&year=1994&language=English,222,0,0
1782356346215,222,HTTP Request,200,OK,Year-Language Query 4-8,text,true,,271,159,10,70,http://localhost:8080/search?q=love&year=1994&language=English,222,0,0
1782356346235,202,HTTP Request,200,OK,Year-Language Query 4-2,text,true,,271,159,10,70,http://localhost:8080/search?q=love&year=1994&language=English,202,0,0
1782356346145,296,HTTP Request,200,OK,Year-Language Query 4-3,text,true,,271,159,10,70,http://localhost:8080/search?q=love&year=1994&language=English,296,0,0
1782356346216,290,HTTP Request,200,OK,Year-Language Query 4-1,text,true,,271,159,10,70,http://localhost:8080/search?q=love&year=1994&language=English,290,0,0
1782356346235,281,HTTP Request,200,OK,Year-Language Query 4-9,text,true,,271,159,10,70,http://localhost:8080/search?q=love&year=1994&language=English,281,0,0
1782356346235,300,HTTP Request,200,OK,Year-Language Query 4-6,text,true,,271,159,10,70,http://localhost:8080/search?q=love&year=1994&language=English,300,0,0
1782356346210,325,HTTP Request,200,OK,Year-Language Query 4-4,text,true,,271,159,10,70,http://localhost:8080/search?q=love&year=1994&language=English,325,0,0
1782356346421,157,HTTP Request,200,OK,Year-Language Query 4-5,text,true,,271,159,10,70,http://localhost:8080/search?q=love&year=1994&language=English,157,0,0
1782356346372,211,HTTP Request,200,OK,Year-Language Query 4-7,text,true,,271,159,10,70,http://localhost:8080/search?q=love&year=1994&language=English,210,0,0
1782356346429,154,HTTP Request,200,OK,Year-Language Query 4-10,text,true,,271,159,10,70,http://localhost:8080/search?q=love&year=1994&language=English,154,0,0
1782356346437,151,HTTP Request,200,OK,Year-Language Query 4-8,text,true,,271,159,10,70,http://localhost:8080/search?q=love&year=1994&language=English,151,0,0
1782356346441,150,HTTP Request,200,OK,Year-Language Query 4-3,text,true,,271,159,10,70,http://localhost:8080/search?q=love&year=1994&language=English,150,0,0
1782356346437,205,HTTP Request,200,OK,Year-Language Query 4-2,text,true,,271,159,10,70,http://localhost:8080/search?q=love&year=1994&language=English,205,0,0
1782356346578,173,HTTP Request,200,OK,Year-Language Query 4-5,text,true,,271,159,10,70,http://localhost:8080/search?q=love&year=1994&language=English,173,0,0
1782356346583,168,HTTP Request,200,OK,Year-Language Query 4-7,text,true,,271,159,10,70,http://localhost:8080/search?q=love&year=1994&language=English,168,0,0
1782356346583,171,HTTP Request,200,OK,Year-Language Query 4-10,text,true,,271,159,10,70,http://localhost:8080/search?q=love&year=1994&language=English,171,0,0
1782356346516,273,HTTP Request,200,OK,Year-Language Query 4-9,text,true,,271,159,10,70,http://localhost:8080/search?q=love&year=1994&language=English,273,0,0
1782356346591,233,HTTP Request,200,OK,Year-Language Query 4-3,text,true,,271,159,10,70,http://localhost:8080/search?q=love&year=1994&language=English,233,0,0
1782356346536,288,HTTP Request,200,OK,Year-Language Query 4-4,text,true,,271,159,10,70,http://localhost:8080/search?q=love&year=1994&language=English,288,0,0
1782356346506,337,HTTP Request,200,OK,Year-Language Query 4-1,text,true,,271,159,10,70,http://localhost:8080/search?q=love&year=1994&language=English,337,0,0
1782356346535,309,HTTP Request,200,OK,Year-Language Query 4-6,text,true,,271,159,10,70,http://localhost:8080/search?q=love&year=1994&language=English,309,0,0
1782356346751,94,HTTP Request,200,OK,Year-Language Query 4-5,text,true,,271,159,10,70,http://localhost:8080/search?q=love&year=1994&language=English,94,0,0
1782356346752,122,HTTP Request,200,OK,Year-Language Query 4-7,text,true,,271,159,10,70,http://localhost:8080/search?q=love&year=1994&language=English,122,0,0
1782356346589,312,HTTP Request,200,OK,Year-Language Query 4-8,text,true,,271,159,10,70,http://localhost:8080/search?q=love&year=1994&language=English,312,0,0
1782356346755,147,HTTP Request,200,OK,Year-Language Query 4-10,text,true,,271,159,10,70,http://localhost:8080/search?q=love&year=1994&language=English,147,0,0
1782356346642,262,HTTP Request,200,OK,Year-Language Query 4-2,text,true,,271,159,10,70,http://localhost:8080/search?q=love&year=1994&language=English,262,0,0
1782356346823,127,HTTP Request,200,OK,Year-Language Query 4-3,text,true,,271,159,10,70,http://localhost:8080/search?q=love&year=1994&language=English,127,0,0
1782356346844,106,HTTP Request,200,OK,Year-Language Query 4-5,text,true,,271,159,10,70,http://localhost:8080/search?q=love&year=1994&language=English,106,0,0
1782356346823,133,HTTP Request,200,OK,Year-Language Query 4-4,text,true,,271,159,10,70,http://localhost:8080/search?q=love&year=1994&language=English,133,0,0
1782356346788,197,HTTP Request,200,OK,Year-Language Query 4-9,text,true,,271,159,10,70,http://localhost:8080/search?q=love&year=1994&language=English,197,0,0
1782356346843,160,HTTP Request,200,OK,Year-Language Query 4-6,text,true,,271,159,10,70,http://localhost:8080/search?q=love&year=1994&language=English,160,0,0
1782356346873,131,HTTP Request,200,OK,Year-Language Query 4-7,text,true,,271,159,10,70,http://localhost:8080/search?q=love&year=1994&language=English,131,0,0
1782356346900,125,HTTP Request,200,OK,Year-Language Query 4-8,text,true,,271,159,10,70,http://localhost:8080/search?q=love&year=1994&language=English,125,0,0
1782356346843,183,HTTP Request,200,OK,Year-Language Query 4-1,text,true,,271,159,10,70,http://localhost:8080/search?q=love&year=1994&language=English,183,0,0
1782356346902,124,HTTP Request,200,OK,Year-Language Query 4-10,text,true,,271,159,10,70,http://localhost:8080/search?q=love&year=1994&language=English,124,0,0
1782356346904,123,HTTP Request,200,OK,Year-Language Query 4-2,text,true,,271,159,10,70,http://localhost:8080/search?q=love&year=1994&language=English,123,0,0
1782356346951,115,HTTP Request,200,OK,Year-Language Query 4-3,text,true,,271,159,10,70,http://localhost:8080/search?q=love&year=1994&language=English,115,0,0
1782356346957,133,HTTP Request,200,OK,Year-Language Query 4-4,text,true,,271,159,10,70,http://localhost:8080/search?q=love&year=1994&language=English,133,0,0
1782356346951,139,HTTP Request,200,OK,Year-Language Query 4-5,text,true,,271,159,10,70,http://localhost:8080/search?q=love&year=1994&language=English,139,0,0
1782356347004,152,HTTP Request,200,OK,Year-Language Query 4-7,text,true,,271,159,10,70,http://localhost:8080/search?q=love&year=1994&language=English,152,0,0
1782356347027,156,HTTP Request,200,OK,Year-Language Query 4-2,text,true,,271,159,10,70,http://localhost:8080/search?q=love&year=1994&language=English,156,0,0
1782356347027,157,HTTP Request,200,OK,Year-Language Query 4-10,text,true,,271,159,10,70,http://localhost:8080/search?q=love&year=1994&language=English,157,0,0
1782356347090,132,HTTP Request,200,OK,Year-Language Query 4-5,text,true,,271,159,10,70,http://localhost:8080/search?q=love&year=1994&language=English,132,0,0
1782356347090,132,HTTP Request,200,OK,Year-Language Query 4-4,text,true,,271,159,10,70,http://localhost:8080/search?q=love&year=1994&language=English,132,0,0
1782356347066,158,HTTP Request,200,OK,Year-Language Query 4-3,text,true,,271,159,10,70,http://localhost:8080/search?q=love&year=1994&language=English,158,0,0
1782356346985,287,HTTP Request,200,OK,Year-Language Query 4-9,text,true,,271,159,10,70,http://localhost:8080/search?q=love&year=1994&language=English,287,0,0
1782356347025,248,HTTP Request,200,OK,Year-Language Query 4-8,text,true,,271,159,10,70,http://localhost:8080/search?q=love&year=1994&language=English,248,0,0
1782356347004,278,HTTP Request,200,OK,Year-Language Query 4-6,text,true,,271,159,10,70,http://localhost:8080/search?q=love&year=1994&language=English,278,0,0
1782356347026,299,HTTP Request,200,OK,Year-Language Query 4-1,text,true,,271,159,10,70,http://localhost:8080/search?q=love&year=1994&language=English,299,0,0
1782356347157,189,HTTP Request,200,OK,Year-Language Query 4-7,text,true,,271,159,10,70,http://localhost:8080/search?q=love&year=1994&language=English,189,0,0
1782356347224,240,HTTP Request,200,OK,Year-Language Query 4-3,text,true,,271,159,10,70,http://localhost:8080/search?q=love&year=1994&language=English,240,0,0
1782356347184,282,HTTP Request,200,OK,Year-Language Query 4-2,text,true,,271,159,10,70,http://localhost:8080/search?q=love&year=1994&language=English,282,0,0
1782356347223,256,HTTP Request,200,OK,Year-Language Query 4-4,text,true,,271,159,10,70,http://localhost:8080/search?q=love&year=1994&language=English,256,0,0
1782356347283,196,HTTP Request,200,OK,Year-Language Query 4-6,text,true,,271,159,10,70,http://localhost:8080/search?q=love&year=1994&language=English,196,0,0
1782356347222,258,HTTP Request,200,OK,Year-Language Query 4-5,text,true,,271,159,10,70,http://localhost:8080/search?q=love&year=1994&language=English,258,0,0
1782356347325,178,HTTP Request,200,OK,Year-Language Query 4-1,text,true,,271,159,10,70,http://localhost:8080/search?q=love&year=1994&language=English,178,0,0
1782356347184,327,HTTP Request,200,OK,Year-Language Query 4-10,text,true,,271,159,10,70,http://localhost:8080/search?q=love&year=1994&language=English,327,0,0
1782356347273,297,HTTP Request,200,OK,Year-Language Query 4-9,text,true,,271,159,10,70,http://localhost:8080/search?q=love&year=1994&language=English,297,0,0
1782356347273,305,HTTP Request,200,OK,Year-Language Query 4-8,text,true,,271,159,10,70,http://localhost:8080/search?q=love&year=1994&language=English,305,0,0
1782356347347,231,HTTP Request,200,OK,Year-Language Query 4-7,text,true,,271,159,10,70,http://localhost:8080/search?q=love&year=1994&language=English,231,0,0
1782356347464,115,HTTP Request,200,OK,Year-Language Query 4-3,text,true,,271,159,10,70,http://localhost:8080/search?q=love&year=1994&language=English,115,0,0
1782356347480,134,HTTP Request,200,OK,Year-Language Query 4-5,text,true,,271,159,10,70,http://localhost:8080/search?q=love&year=1994&language=English,134,0,0
1782356347480,135,HTTP Request,200,OK,Year-Language Query 4-6,text,true,,271,159,10,70,http://localhost:8080/search?q=love&year=1994&language=English,135,0,0
1782356347503,112,HTTP Request,200,OK,Year-Language Query 4-1,text,true,,271,159,10,70,http://localhost:8080/search?q=love&year=1994&language=English,112,0,0
1782356347479,136,HTTP Request,200,OK,Year-Language Query 4-4,text,true,,271,159,10,70,http://localhost:8080/search?q=love&year=1994&language=English,136,0,0
1782356347475,141,HTTP Request,200,OK,Year-Language Query 4-2,text,true,,271,159,10,70,http://localhost:8080/search?q=love&year=1994&language=English,141,0,0
1782356347579,200,HTTP Request,200,OK,Year-Language Query 4-8,text,true,,271,159,10,70,http://localhost:8080/search?q=love&year=1994&language=English,200,0,0
1782356347617,170,HTTP Request,200,OK,Year-Language Query 4-2,text,true,,271,159,10,70,http://localhost:8080/search?q=love&year=1994&language=English,170,0,0
1782356347615,172,HTTP Request,200,OK,Year-Language Query 4-4,text,true,,271,159,10,70,http://localhost:8080/search?q=love&year=1994&language=English,172,0,0
1782356347614,174,HTTP Request,200,OK,Year-Language Query 4-5,text,true,,271,159,10,70,http://localhost:8080/search?q=love&year=1994&language=English,174,0,0
1782356347615,173,HTTP Request,200,OK,Year-Language Query 4-1,text,true,,271,159,10,70,http://localhost:8080/search?q=love&year=1994&language=English,173,0,0
1782356347615,173,HTTP Request,200,OK,Year-Language Query 4-6,text,true,,271,159,10,70,http://localhost:8080/search?q=love&year=1994&language=English,173,0,0
1782356347511,378,HTTP Request,200,OK,Year-Language Query 4-10,text,true,,271,159,10,70,http://localhost:8080/search?q=love&year=1994&language=English,378,0,0
1782356347780,148,HTTP Request,200,OK,Year-Language Query 4-8,text,true,,271,159,10,70,http://localhost:8080/search?q=love&year=1994&language=English,148,0,0
1782356347579,352,HTTP Request,200,OK,Year-Language Query 4-3,text,true,,271,159,10,70,http://localhost:8080/search?q=love&year=1994&language=English,352,0,0
1782356347788,150,HTTP Request,200,OK,Year-Language Query 4-6,text,true,,271,159,10,70,http://localhost:8080/search?q=love&year=1994&language=English,150,0,0
1782356347788,157,HTTP Request,200,OK,Year-Language Query 4-5,text,true,,271,159,10,70,http://localhost:8080/search?q=love&year=1994&language=English,157,0,0
1782356347787,163,HTTP Request,200,OK,Year-Language Query 4-2,text,true,,271,159,10,70,http://localhost:8080/search?q=love&year=1994&language=English,163,0,0
1782356347788,163,HTTP Request,200,OK,Year-Language Query 4-1,text,true,,271,159,10,70,http://localhost:8080/search?q=love&year=1994&language=English,163,0,0
1782356347788,164,HTTP Request,200,OK,Year-Language Query 4-4,text,true,,271,159,10,70,http://localhost:8080/search?q=love&year=1994&language=English,164,0,0
1782356347570,431,HTTP Request,200,OK,Year-Language Query 4-9,text,true,,271,159,10,70,http://localhost:8080/search?q=love&year=1994&language=English,431,0,0
1782356347579,423,HTTP Request,200,OK,Year-Language Query 4-7,text,true,,271,159,10,70,http://localhost:8080/search?q=love&year=1994&language=English,423,0,0
1782356347938,127,HTTP Request,200,OK,Year-Language Query 4-6,text,true,,271,159,10,70,http://localhost:8080/search?q=love&year=1994&language=English,127,0,0
1782356347928,138,HTTP Request,200,OK,Year-Language Query 4-8,text,true,,271,159,10,70,http://localhost:8080/search?q=love&year=1994&language=English,138,0,0
1782356347932,136,HTTP Request,200,OK,Year-Language Query 4-3,text,true,,271,159,10,70,http://localhost:8080/search?q=love&year=1994&language=English,136,0,0
1782356347945,124,HTTP Request,200,OK,Year-Language Query 4-5,text,true,,271,159,10,70,http://localhost:8080/search?q=love&year=1994&language=English,124,0,0
1782356347952,117,HTTP Request,200,OK,Year-Language Query 4-1,text,true,,271,159,10,70,http://localhost:8080/search?q=love&year=1994&language=English,117,0,0
1782356347950,119,HTTP Request,200,OK,Year-Language Query 4-2,text,true,,271,159,10,70,http://localhost:8080/search?q=love&year=1994&language=English,119,0,0
1782356347952,118,HTTP Request,200,OK,Year-Language Query 4-4,text,true,,271,159,10,70,http://localhost:8080/search?q=love&year=1994&language=English,118,0,0
1782356347889,242,HTTP Request,200,OK,Year-Language Query 4-10,text,true,,271,159,10,70,http://localhost:8080/search?q=love&year=1994&language=English,242,0,0
1782356348002,185,HTTP Request,200,OK,Year-Language Query 4-9,text,true,,271,159,10,70,http://localhost:8080/search?q=love&year=1994&language=English,185,0,0
1782356348070,123,HTTP Request,200,OK,Year-Language Query 4-2,text,true,,271,159,10,70,http://localhost:8080/search?q=love&year=1994&language=English,123,0,0
1782356348065,128,HTTP Request,200,OK,Year-Language Query 4-6,text,true,,271,159,10,70,http://localhost:8080/search?q=love&year=1994&language=English,128,0,0
1782356348069,125,HTTP Request,200,OK,Year-Language Query 4-5,text,true,,271,159,10,70,http://localhost:8080/search?q=love&year=1994&language=English,125,0,0
1782356348067,127,HTTP Request,200,OK,Year-Language Query 4-8,text,true,,271,159,10,70,http://localhost:8080/search?q=love&year=1994&language=English,127,0,0
1782356348070,157,HTTP Request,200,OK,Year-Language Query 4-4,text,true,,271,159,10,70,http://localhost:8080/search?q=love&year=1994&language=English,157,0,0
1782356348003,224,HTTP Request,200,OK,Year-Language Query 4-7,text,true,,271,159,10,70,http://localhost:8080/search?q=love&year=1994&language=English,224,0,0
1782356348070,216,HTTP Request,200,OK,Year-Language Query 4-1,text,true,,271,159,10,70,http://localhost:8080/search?q=love&year=1994&language=English,216,0,0
1782356348069,218,HTTP Request,200,OK,Year-Language Query 4-3,text,true,,271,159,10,70,http://localhost:8080/search?q=love&year=1994&language=English,218,0,0
1782356348194,118,HTTP Request,200,OK,Year-Language Query 4-2,text,true,,271,159,10,70,http://localhost:8080/search?q=love&year=1994&language=English,118,0,0
1782356348194,120,HTTP Request,200,OK,Year-Language Query 4-8,text,true,,271,159,10,70,http://localhost:8080/search?q=love&year=1994&language=English,120,0,0
1782356348187,127,HTTP Request,200,OK,Year-Language Query 4-9,text,true,,271,159,10,70,http://localhost:8080/search?q=love&year=1994&language=English,127,0,0
1782356348194,121,HTTP Request,200,OK,Year-Language Query 4-6,text,true,,271,159,10,70,http://localhost:8080/search?q=love&year=1994&language=English,121,0,0
1782356348194,124,HTTP Request,200,OK,Year-Language Query 4-5,text,true,,271,159,10,70,http://localhost:8080/search?q=love&year=1994&language=English,124,0,0
1782356348131,309,HTTP Request,200,OK,Year-Language Query 4-10,text,true,,271,159,10,70,http://localhost:8080/search?q=love&year=1994&language=English,309,0,0
1782356348286,169,HTTP Request,200,OK,Year-Language Query 4-1,text,true,,271,159,10,70,http://localhost:8080/search?q=love&year=1994&language=English,169,0,0
1782356348315,169,HTTP Request,200,OK,Year-Language Query 4-9,text,true,,271,159,10,70,http://localhost:8080/search?q=love&year=1994&language=English,169,0,0
1782356348315,172,HTTP Request,200,OK,Year-Language Query 4-6,text,true,,271,159,10,70,http://localhost:8080/search?q=love&year=1994&language=English,172,0,0
1782356348319,168,HTTP Request,200,OK,Year-Language Query 4-5,text,true,,271,159,10,70,http://localhost:8080/search?q=love&year=1994&language=English,168,0,0
1782356348313,175,HTTP Request,200,OK,Year-Language Query 4-2,text,true,,271,159,10,70,http://localhost:8080/search?q=love&year=1994&language=English,175,0,0
1782356348315,177,HTTP Request,200,OK,Year-Language Query 4-8,text,true,,271,159,10,70,http://localhost:8080/search?q=love&year=1994&language=English,177,0,0
1782356348228,264,HTTP Request,200,OK,Year-Language Query 4-4,text,true,,271,159,10,70,http://localhost:8080/search?q=love&year=1994&language=English,264,0,0
1782356348228,327,HTTP Request,200,OK,Year-Language Query 4-7,text,true,,271,159,10,70,http://localhost:8080/search?q=love&year=1994&language=English,327,0,0
1782356348289,287,HTTP Request,200,OK,Year-Language Query 4-3,text,true,,271,159,10,70,http://localhost:8080/search?q=love&year=1994&language=English,287,0,0
1782356348487,160,HTTP Request,200,OK,Year-Language Query 4-5,text,true,,271,159,10,70,http://localhost:8080/search?q=love&year=1994&language=English,160,0,0
1782356348484,165,HTTP Request,200,OK,Year-Language Query 4-9,text,true,,271,159,10,70,http://localhost:8080/search?q=love&year=1994&language=English,165,0,0
1782356348493,168,HTTP Request,200,OK,Year-Language Query 4-4,text,true,,271,159,10,70,http://localhost:8080/search?q=love&year=1994&language=English,168,0,0
1782356348456,205,HTTP Request,200,OK,Year-Language Query 4-1,text,true,,271,159,10,70,http://localhost:8080/search?q=love&year=1994&language=English,205,0,0
1782356348487,175,HTTP Request,200,OK,Year-Language Query 4-6,text,true,,271,159,10,70,http://localhost:8080/search?q=love&year=1994&language=English,175,0,0
1782356348440,223,HTTP Request,200,OK,Year-Language Query 4-10,text,true,,271,159,10,70,http://localhost:8080/search?q=love&year=1994&language=English,223,0,0
1782356348492,171,HTTP Request,200,OK,Year-Language Query 4-8,text,true,,271,159,10,70,http://localhost:8080/search?q=love&year=1994&language=English,171,0,0
1782356348555,171,HTTP Request,200,OK,Year-Language Query 4-7,text,true,,271,159,10,70,http://localhost:8080/search?q=love&year=1994&language=English,171,0,0
1782356348661,122,HTTP Request,200,OK,Year-Language Query 4-4,text,true,,271,159,10,70,http://localhost:8080/search?q=love&year=1994&language=English,122,0,0
1782356348649,136,HTTP Request,200,OK,Year-Language Query 4-9,text,true,,271,159,10,70,http://localhost:8080/search?q=love&year=1994&language=English,136,0,0
1782356348488,315,HTTP Request,200,OK,Year-Language Query 4-2,text,true,,271,159,10,70,http://localhost:8080/search?q=love&year=1994&language=English,315,0,0
1782356348663,147,HTTP Request,200,OK,Year-Language Query 4-8,text,true,,271,159,10,70,http://localhost:8080/search?q=love&year=1994&language=English,147,0,0
1782356348576,269,HTTP Request,200,OK,Year-Language Query 4-3,text,true,,271,159,10,70,http://localhost:8080/search?q=love&year=1994&language=English,269,0,0
1782356348648,210,HTTP Request,200,OK,Year-Language Query 4-5,text,true,,271,159,10,70,http://localhost:8080/search?q=love&year=1994&language=English,210,0,0
1782356348663,257,HTTP Request,200,OK,Year-Language Query 4-6,text,true,,271,159,10,70,http://localhost:8080/search?q=love&year=1994&language=English,257,0,0
1782356348662,259,HTTP Request,200,OK,Year-Language Query 4-1,text,true,,271,159,10,70,http://localhost:8080/search?q=love&year=1994&language=English,259,0,0
1782356348663,278,HTTP Request,200,OK,Year-Language Query 4-10,text,true,,271,159,10,70,http://localhost:8080/search?q=love&year=1994&language=English,278,0,0
1782356348727,268,HTTP Request,200,OK,Year-Language Query 4-7,text,true,,271,159,10,70,http://localhost:8080/search?q=love&year=1994&language=English,268,0,0
1782356348858,139,HTTP Request,200,OK,Year-Language Query 4-5,text,true,,271,159,10,70,http://localhost:8080/search?q=love&year=1994&language=English,139,0,0
1782356348784,303,HTTP Request,200,OK,Year-Language Query 4-4,text,true,,271,159,10,70,http://localhost:8080/search?q=love&year=1994&language=English,303,0,0
1782356348803,285,HTTP Request,200,OK,Year-Language Query 4-2,text,true,,271,159,10,70,http://localhost:8080/search?q=love&year=1994&language=English,285,0,0
1782356348785,303,HTTP Request,200,OK,Year-Language Query 4-9,text,true,,271,159,10,70,http://localhost:8080/search?q=love&year=1994&language=English,303,0,0
1782356348811,278,HTTP Request,200,OK,Year-Language Query 4-8,text,true,,271,159,10,70,http://localhost:8080/search?q=love&year=1994&language=English,278,0,0
1782356348846,266,HTTP Request,200,OK,Year-Language Query 4-3,text,true,,271,159,10,70,http://localhost:8080/search?q=love&year=1994&language=English,266,0,0
1782356348921,215,HTTP Request,200,OK,Year-Language Query 4-6,text,true,,271,159,10,70,http://localhost:8080/search?q=love&year=1994&language=English,215,0,0
1782356348997,153,HTTP Request,200,OK,Year-Language Query 4-5,text,true,,271,159,10,70,http://localhost:8080/search?q=love&year=1994&language=English,153,0,0
1782356348996,157,HTTP Request,200,OK,Year-Language Query 4-7,text,true,,271,159,10,70,http://localhost:8080/search?q=love&year=1994&language=English,157,0,0
1782356348921,237,HTTP Request,200,OK,Year-Language Query 4-1,text,true,,271,159,10,70,http://localhost:8080/search?q=love&year=1994&language=English,237,0,0
1782356348942,255,HTTP Request,200,OK,Year-Language Query 4-10,text,true,,271,159,10,70,http://localhost:8080/search?q=love&year=1994&language=English,255,0,0
1782356349088,178,HTTP Request,200,OK,Year-Language Query 4-4,text,true,,271,159,10,70,http://localhost:8080/search?q=love&year=1994&language=English,178,0,0
1782356349088,178,HTTP Request,200,OK,Year-Language Query 4-9,text,true,,271,159,10,70,http://localhost:8080/search?q=love&year=1994&language=English,178,0,0
1782356349089,180,HTTP Request,200,OK,Year-Language Query 4-8,text,true,,271,159,10,70,http://localhost:8080/search?q=love&year=1994&language=English,180,0,0
1782356349088,192,HTTP Request,200,OK,Year-Language Query 4-2,text,true,,271,159,10,70,http://localhost:8080/search?q=love&year=1994&language=English,192,0,0
1782356349155,156,HTTP Request,200,OK,Year-Language Query 4-7,text,true,,271,159,10,70,http://localhost:8080/search?q=love&year=1994&language=English,156,0,0
1782356349150,162,HTTP Request,200,OK,Year-Language Query 4-5,text,true,,271,159,10,70,http://localhost:8080/search?q=love&year=1994&language=English,162,0,0
1782356349159,158,HTTP Request,200,OK,Year-Language Query 4-1,text,true,,271,159,10,70,http://localhost:8080/search?q=love&year=1994&language=English,158,0,0
1782356349137,181,HTTP Request,200,OK,Year-Language Query 4-6,text,true,,271,159,10,70,http://localhost:8080/search?q=love&year=1994&language=English,181,0,0
1782356349113,295,HTTP Request,200,OK,Year-Language Query 4-3,text,true,,271,159,10,70,http://localhost:8080/search?q=love&year=1994&language=English,295,0,0
1782356349197,255,HTTP Request,200,OK,Year-Language Query 4-10,text,true,,271,159,10,70,http://localhost:8080/search?q=love&year=1994&language=English,255,0,0
1782356349319,219,HTTP Request,200,OK,Year-Language Query 4-6,text,true,,271,159,10,70,http://localhost:8080/search?q=love&year=1994&language=English,219,0,0
1782356349266,288,HTTP Request,200,OK,Year-Language Query 4-9,text,true,,271,159,10,70,http://localhost:8080/search?q=love&year=1994&language=English,288,0,0
1782356349318,238,HTTP Request,200,OK,Year-Language Query 4-1,text,true,,271,159,10,70,http://localhost:8080/search?q=love&year=1994&language=English,238,0,0
1782356349312,246,HTTP Request,200,OK,Year-Language Query 4-7,text,true,,271,159,10,70,http://localhost:8080/search?q=love&year=1994&language=English,246,0,0
1782356349269,289,HTTP Request,200,OK,Year-Language Query 4-8,text,true,,271,159,10,70,http://localhost:8080/search?q=love&year=1994&language=English,289,0,0
1782356349280,279,HTTP Request,200,OK,Year-Language Query 4-2,text,true,,271,159,10,70,http://localhost:8080/search?q=love&year=1994&language=English,279,0,0
1782356349312,248,HTTP Request,200,OK,Year-Language Query 4-5,text,true,,271,159,10,70,http://localhost:8080/search?q=love&year=1994&language=English,248,0,0
1782356349452,176,HTTP Request,200,OK,Year-Language Query 4-10,text,true,,271,159,10,70,http://localhost:8080/search?q=love&year=1994&language=English,176,0,0
1782356349266,371,HTTP Request,200,OK,Year-Language Query 4-4,text,true,,271,159,10,70,http://localhost:8080/search?q=love&year=1994&language=English,371,0,0
1782356349539,155,HTTP Request,200,OK,Year-Language Query 4-6,text,true,,271,159,10,70,http://localhost:8080/search?q=love&year=1994&language=English,155,0,0
1782356349560,145,HTTP Request,200,OK,Year-Language Query 4-5,text,true,,271,159,10,70,http://localhost:8080/search?q=love&year=1994&language=English,145,0,0
1782356349559,158,HTTP Request,200,OK,Year-Language Query 4-2,text,true,,271,159,10,70,http://localhost:8080/search?q=love&year=1994&language=English,158,0,0
1782356349557,160,HTTP Request,200,OK,Year-Language Query 4-1,text,true,,271,159,10,70,http://localhost:8080/search?q=love&year=1994&language=English,160,0,0
1782356349558,159,HTTP Request,200,OK,Year-Language Query 4-8,text,true,,271,159,10,70,http://localhost:8080/search?q=love&year=1994&language=English,159,0,0
1782356349558,159,HTTP Request,200,OK,Year-Language Query 4-7,text,true,,271,159,10,70,http://localhost:8080/search?q=love&year=1994&language=English,159,0,0
1782356349555,163,HTTP Request,200,OK,Year-Language Query 4-9,text,true,,271,159,10,70,http://localhost:8080/search?q=love&year=1994&language=English,163,0,0
1782356349408,321,HTTP Request,200,OK,Year-Language Query 4-3,text,true,,271,159,10,70,http://localhost:8080/search?q=love&year=1994&language=English,320,0,0
1782356349628,115,HTTP Request,200,OK,Year-Language Query 4-10,text,true,,271,159,10,70,http://localhost:8080/search?q=love&year=1994&language=English,115,0,0
1782356349637,125,HTTP Request,200,OK,Year-Language Query 4-4,text,true,,271,159,10,70,http://localhost:8080/search?q=love&year=1994&language=English,125,0,0
1782356349695,103,HTTP Request,200,OK,Year-Language Query 4-6,text,true,,271,159,10,70,http://localhost:8080/search?q=love&year=1994&language=English,103,0,0
1782356349743,136,HTTP Request,200,OK,Year-Language Query 4-10,text,true,,271,159,10,70,http://localhost:8080/search?q=love&year=1994&language=English,136,0,0
1782356349762,164,HTTP Request,200,OK,Year-Language Query 4-4,text,true,,271,159,10,70,http://localhost:8080/search?q=love&year=1994&language=English,164,0,0
1782356349718,227,HTTP Request,200,OK,Year-Language Query 4-7,text,true,,271,159,10,70,http://localhost:8080/search?q=love&year=1994&language=English,227,0,0
1782356349705,240,HTTP Request,200,OK,Year-Language Query 4-5,text,true,,271,159,10,70,http://localhost:8080/search?q=love&year=1994&language=English,240,0,0
1782356349718,228,HTTP Request,200,OK,Year-Language Query 4-9,text,true,,271,159,10,70,http://localhost:8080/search?q=love&year=1994&language=English,228,0,0
1782356349729,217,HTTP Request,200,OK,Year-Language Query 4-3,text,true,,271,159,10,70,http://localhost:8080/search?q=love&year=1994&language=English,217,0,0
1782356349717,232,HTTP Request,200,OK,Year-Language Query 4-2,text,true,,271,159,10,70,http://localhost:8080/search?q=love&year=1994&language=English,232,0,0
1782356349798,182,HTTP Request,200,OK,Year-Language Query 4-6,text,true,,271,159,10,70,http://localhost:8080/search?q=love&year=1994&language=English,182,0,0
1782356349879,119,HTTP Request,200,OK,Year-Language Query 4-10,text,true,,271,159,10,70,http://localhost:8080/search?q=love&year=1994&language=English,119,0,0
1782356349927,81,HTTP Request,200,OK,Year-Language Query 4-4,text,true,,271,159,10,70,http://localhost:8080/search?q=love&year=1994&language=English,81,0,0
1782356349949,75,HTTP Request,200,OK,Year-Language Query 4-2,text,true,,271,159,10,70,http://localhost:8080/search?q=love&year=1994&language=English,75,0,0
1782356349718,318,HTTP Request,200,OK,Year-Language Query 4-8,text,true,,271,159,10,70,http://localhost:8080/search?q=love&year=1994&language=English,318,0,0
1782356349981,110,HTTP Request,200,OK,Year-Language Query 4-6,text,true,,271,159,10,70,http://localhost:8080/search?q=love&year=1994&language=English,110,0,0
1782356349717,391,HTTP Request,200,OK,Year-Language Query 4-1,text,true,,271,159,10,70,http://localhost:8080/search?q=love&year=1994&language=English,391,0,0
1782356349945,187,HTTP Request,200,OK,Year-Language Query 4-5,text,true,,271,159,10,70,http://localhost:8080/search?q=love&year=1994&language=English,187,0,0
1782356349946,186,HTTP Request,200,OK,Year-Language Query 4-9,text,true,,271,159,10,70,http://localhost:8080/search?q=love&year=1994&language=English,186,0,0
1782356350008,151,HTTP Request,200,OK,Year-Language Query 4-4,text,true,,271,159,10,70,http://localhost:8080/search?q=love&year=1994&language=English,151,0,0
1782356349946,259,HTTP Request,200,OK,Year-Language Query 4-3,text,true,,271,159,10,70,http://localhost:8080/search?q=love&year=1994&language=English,259,0,0
1782356349945,262,HTTP Request,200,OK,Year-Language Query 4-7,text,true,,271,159,10,70,http://localhost:8080/search?q=love&year=1994&language=English,262,0,0
1782356349999,209,HTTP Request,200,OK,Year-Language Query 4-10,text,true,,271,159,10,70,http://localhost:8080/search?q=love&year=1994&language=English,209,0,0
1782356350036,214,HTTP Request,200,OK,Year-Language Query 4-8,text,true,,271,159,10,70,http://localhost:8080/search?q=love&year=1994&language=English,214,0,0
1782356350024,226,HTTP Request,200,OK,Year-Language Query 4-2,text,true,,271,159,10,70,http://localhost:8080/search?q=love&year=1994&language=English,226,0,0
1782356350132,183,HTTP Request,200,OK,Year-Language Query 4-5,text,true,,271,159,10,70,http://localhost:8080/search?q=love&year=1994&language=English,183,0,0
1782356350109,207,HTTP Request,200,OK,Year-Language Query 4-1,text,true,,271,159,10,70,http://localhost:8080/search?q=love&year=1994&language=English,207,0,0
1782356350132,438,HTTP Request,200,OK,Year-Language Query 4-9,text,true,,271,159,10,70,http://localhost:8080/search?q=love&year=1994&language=English,438,0,0
1782356350160,515,HTTP Request,200,OK,Year-Language Query 4-4,text,true,,271,159,10,70,http://localhost:8080/search?q=love&year=1994&language=English,515,0,0
1782356350208,468,HTTP Request,200,OK,Year-Language Query 4-10,text,true,,271,159,10,70,http://localhost:8080/search?q=love&year=1994&language=English,468,0,0
1782356350207,515,HTTP Request,200,OK,Year-Language Query 4-7,text,true,,271,159,10,70,http://localhost:8080/search?q=love&year=1994&language=English,515,0,0
1782356350250,473,HTTP Request,200,OK,Year-Language Query 4-8,text,true,,271,159,10,70,http://localhost:8080/search?q=love&year=1994&language=English,473,0,0
1782356350250,476,HTTP Request,200,OK,Year-Language Query 4-2,text,true,,271,159,10,70,http://localhost:8080/search?q=love&year=1994&language=English,476,0,0
1782356350091,635,HTTP Request,200,OK,Year-Language Query 4-6,text,true,,271,159,10,70,http://localhost:8080/search?q=love&year=1994&language=English,635,0,0
1782356350315,443,HTTP Request,200,OK,Year-Language Query 4-5,text,true,,271,159,10,70,http://localhost:8080/search?q=love&year=1994&language=English,443,0,0
1782356350206,610,HTTP Request,200,OK,Year-Language Query 4-3,text,true,,271,159,10,70,http://localhost:8080/search?q=love&year=1994&language=English,610,0,0
1782356350676,141,HTTP Request,200,OK,Year-Language Query 4-10,text,true,,271,159,10,70,http://localhost:8080/search?q=love&year=1994&language=English,141,0,0
1782356350571,247,HTTP Request,200,OK,Year-Language Query 4-9,text,true,,271,159,10,70,http://localhost:8080/search?q=love&year=1994&language=English,247,0,0
1782356350317,507,HTTP Request,200,OK,Year-Language Query 4-1,text,true,,271,159,10,70,http://localhost:8080/search?q=love&year=1994&language=English,507,0,0
1782356350676,150,HTTP Request,200,OK,Year-Language Query 4-4,text,true,,271,159,10,70,http://localhost:8080/search?q=love&year=1994&language=English,150,0,0
1782356350726,116,HTTP Request,200,OK,Year-Language Query 4-6,text,true,,271,159,10,70,http://localhost:8080/search?q=love&year=1994&language=English,116,0,0
1782356350818,83,HTTP Request,200,OK,Year-Language Query 4-10,text,true,,271,159,10,70,http://localhost:8080/search?q=love&year=1994&language=English,83,0,0
1782356350826,78,HTTP Request,200,OK,Year-Language Query 4-4,text,true,,271,159,10,70,http://localhost:8080/search?q=love&year=1994&language=English,78,0,0
1782356350816,89,HTTP Request,200,OK,Year-Language Query 4-3,text,true,,271,159,10,70,http://localhost:8080/search?q=love&year=1994&language=English,89,0,0
1782356350818,88,HTTP Request,200,OK,Year-Language Query 4-9,text,true,,271,159,10,70,http://localhost:8080/search?q=love&year=1994&language=English,88,0,0
1782356350824,88,HTTP Request,200,OK,Year-Language Query 4-1,text,true,,271,159,10,70,http://localhost:8080/search?q=love&year=1994&language=English,88,0,0
1782356350724,206,HTTP Request,200,OK,Year-Language Query 4-8,text,true,,271,159,10,70,http://localhost:8080/search?q=love&year=1994&language=English,206,0,0
1782356350723,216,HTTP Request,200,OK,Year-Language Query 4-7,text,true,,271,159,10,70,http://localhost:8080/search?q=love&year=1994&language=English,216,0,0
1782356350726,214,HTTP Request,200,OK,Year-Language Query 4-2,text,true,,271,159,10,70,http://localhost:8080/search?q=love&year=1994&language=English,214,0,0
1782356350759,190,HTTP Request,200,OK,Year-Language Query 4-5,text,true,,271,159,10,70,http://localhost:8080/search?q=love&year=1994&language=English,190,0,0
1782356350843,185,HTTP Request,200,OK,Year-Language Query 4-6,text,true,,271,159,10,70,http://localhost:8080/search?q=love&year=1994&language=English,185,0,0
1782356350905,123,HTTP Request,200,OK,Year-Language Query 4-3,text,true,,271,159,10,70,http://localhost:8080/search?q=love&year=1994&language=English,123,0,0
1782356350907,121,HTTP Request,200,OK,Year-Language Query 4-9,text,true,,271,159,10,70,http://localhost:8080/search?q=love&year=1994&language=English,121,0,0
1782356350939,132,HTTP Request,200,OK,Year-Language Query 4-7,text,true,,271,159,10,70,http://localhost:8080/search?q=love&year=1994&language=English,132,0,0
1782356350905,173,HTTP Request,200,OK,Year-Language Query 4-4,text,true,,271,159,10,70,http://localhost:8080/search?q=love&year=1994&language=English,173,0,0
1782356350912,166,HTTP Request,200,OK,Year-Language Query 4-1,text,true,,271,159,10,70,http://localhost:8080/search?q=love&year=1994&language=English,166,0,0
1782356350940,139,HTTP Request,200,OK,Year-Language Query 4-2,text,true,,271,159,10,70,http://localhost:8080/search?q=love&year=1994&language=English,139,0,0
1782356350949,130,HTTP Request,200,OK,Year-Language Query 4-5,text,true,,271,159,10,70,http://localhost:8080/search?q=love&year=1994&language=English,130,0,0
1782356350902,179,HTTP Request,200,OK,Year-Language Query 4-10,text,true,,271,159,10,70,http://localhost:8080/search?q=love&year=1994&language=English,179,0,0
1782356350930,152,HTTP Request,200,OK,Year-Language Query 4-8,text,true,,271,159,10,70,http://localhost:8080/search?q=love&year=1994&language=English,152,0,0
1782356351028,90,HTTP Request,200,OK,Year-Language Query 4-9,text,true,,271,159,10,70,http://localhost:8080/search?q=love&year=1994&language=English,90,0,0
1782356351028,90,HTTP Request,200,OK,Year-Language Query 4-3,text,true,,271,159,10,70,http://localhost:8080/search?q=love&year=1994&language=English,90,0,0
1782356351028,92,HTTP Request,200,OK,Year-Language Query 4-6,text,true,,271,159,10,70,http://localhost:8080/search?q=love&year=1994&language=English,92,0,0
1782356351072,128,HTTP Request,200,OK,Year-Language Query 4-7,text,true,,271,159,10,70,http://localhost:8080/search?q=love&year=1994&language=English,128,0,0
1782356351079,139,HTTP Request,200,OK,Year-Language Query 4-1,text,true,,271,159,10,70,http://localhost:8080/search?q=love&year=1994&language=English,139,0,0
1782356351082,137,HTTP Request,200,OK,Year-Language Query 4-8,text,true,,271,159,10,70,http://localhost:8080/search?q=love&year=1994&language=English,137,0,0
1782356351079,165,HTTP Request,200,OK,Year-Language Query 4-4,text,true,,271,159,10,70,http://localhost:8080/search?q=love&year=1994&language=English,165,0,0
1782356351081,179,HTTP Request,200,OK,Year-Language Query 4-10,text,true,,271,159,10,70,http://localhost:8080/search?q=love&year=1994&language=English,179,0,0
1782356351079,181,HTTP Request,200,OK,Year-Language Query 4-5,text,true,,271,159,10,70,http://localhost:8080/search?q=love&year=1994&language=English,181,0,0
1782356351120,145,HTTP Request,200,OK,Year-Language Query 4-6,text,true,,271,159,10,70,http://localhost:8080/search?q=love&year=1994&language=English,145,0,0
1782356351079,189,HTTP Request,200,OK,Year-Language Query 4-2,text,true,,271,159,10,70,http://localhost:8080/search?q=love&year=1994&language=English,188,0,0
1782356351119,179,HTTP Request,200,OK,Year-Language Query 4-9,text,true,,271,159,10,70,http://localhost:8080/search?q=love&year=1994&language=English,178,0,0
1782356351118,188,HTTP Request,200,OK,Year-Language Query 4-3,text,true,,271,159,10,70,http://localhost:8080/search?q=love&year=1994&language=English,188,0,0
1782356351219,87,HTTP Request,200,OK,Year-Language Query 4-8,text,true,,271,159,10,70,http://localhost:8080/search?q=love&year=1994&language=English,87,0,0
1782356351218,96,HTTP Request,200,OK,Year-Language Query 4-1,text,true,,271,159,10,70,http://localhost:8080/search?q=love&year=1994&language=English,96,0,0
1782356351200,126,HTTP Request,200,OK,Year-Language Query 4-7,text,true,,271,159,10,70,http://localhost:8080/search?q=love&year=1994&language=English,126,0,0
1782356351265,113,HTTP Request,200,OK,Year-Language Query 4-6,text,true,,271,159,10,70,http://localhost:8080/search?q=love&year=1994&language=English,113,0,0
1782356351268,114,HTTP Request,200,OK,Year-Language Query 4-2,text,true,,271,159,10,70,http://localhost:8080/search?q=love&year=1994&language=English,114,0,0
1782356351244,145,HTTP Request,200,OK,Year-Language Query 4-4,text,true,,271,159,10,70,http://localhost:8080/search?q=love&year=1994&language=English,145,0,0
1782356351261,139,HTTP Request,200,OK,Year-Language Query 4-5,text,true,,271,159,10,70,http://localhost:8080/search?q=love&year=1994&language=English,139,0,0
1782356351326,87,HTTP Request,200,OK,Year-Language Query 4-7,text,true,,271,159,10,70,http://localhost:8080/search?q=love&year=1994&language=English,87,0,0
1782356351306,108,HTTP Request,200,OK,Year-Language Query 4-3,text,true,,271,159,10,70,http://localhost:8080/search?q=love&year=1994&language=English,108,0,0
1782356351306,109,HTTP Request,200,OK,Year-Language Query 4-8,text,true,,271,159,10,70,http://localhost:8080/search?q=love&year=1994&language=English,109,0,0
1782356351261,166,HTTP Request,200,OK,Year-Language Query 4-10,text,true,,271,159,10,70,http://localhost:8080/search?q=love&year=1994&language=English,166,0,0
1782356351298,142,HTTP Request,200,OK,Year-Language Query 4-9,text,true,,271,159,10,70,http://localhost:8080/search?q=love&year=1994&language=English,142,0,0
1782356351314,127,HTTP Request,200,OK,Year-Language Query 4-1,text,true,,271,159,10,70,http://localhost:8080/search?q=love&year=1994&language=English,127,0,0
1782356351415,136,HTTP Request,200,OK,Year-Language Query 4-8,text,true,,271,159,10,70,http://localhost:8080/search?q=love&year=1994&language=English,136,0,0
1782356351383,180,HTTP Request,200,OK,Year-Language Query 4-2,text,true,,271,159,10,70,http://localhost:8080/search?q=love&year=1994&language=English,180,0,0
1782356351400,164,HTTP Request,200,OK,Year-Language Query 4-5,text,true,,271,159,10,70,http://localhost:8080/search?q=love&year=1994&language=English,164,0,0
1782356351379,185,HTTP Request,200,OK,Year-Language Query 4-6,text,true,,271,159,10,70,http://localhost:8080/search?q=love&year=1994&language=English,185,0,0
1782356351413,152,HTTP Request,200,OK,Year-Language Query 4-7,text,true,,271,159,10,70,http://localhost:8080/search?q=love&year=1994&language=English,152,0,0
1782356351389,177,HTTP Request,200,OK,Year-Language Query 4-4,text,true,,271,159,10,70,http://localhost:8080/search?q=love&year=1994&language=English,177,0,0
1782356351441,125,HTTP Request,200,OK,Year-Language Query 4-1,text,true,,271,159,10,70,http://localhost:8080/search?q=love&year=1994&language=English,125,0,0
1782356351427,142,HTTP Request,200,OK,Year-Language Query 4-10,text,true,,271,159,10,70,http://localhost:8080/search?q=love&year=1994&language=English,142,0,0
1782356351414,180,HTTP Request,200,OK,Year-Language Query 4-3,text,true,,271,159,10,70,http://localhost:8080/search?q=love&year=1994&language=English,180,0,0
1782356351440,154,HTTP Request,200,OK,Year-Language Query 4-9,text,true,,271,159,10,70,http://localhost:8080/search?q=love&year=1994&language=English,154,0,0
1782356351570,94,HTTP Request,200,OK,Year-Language Query 4-10,text,true,,271,159,10,70,http://localhost:8080/search?q=love&year=1994&language=English,94,0,0
1782356351564,109,HTTP Request,200,OK,Year-Language Query 4-2,text,true,,271,159,10,70,http://localhost:8080/search?q=love&year=1994&language=English,109,0,0
1782356351565,109,HTTP Request,200,OK,Year-Language Query 4-7,text,true,,271,159,10,70,http://localhost:8080/search?q=love&year=1994&language=English,109,0,0
1782356351552,147,HTTP Request,200,OK,Year-Language Query 4-8,text,true,,271,159,10,70,http://localhost:8080/search?q=love&year=1994&language=English,147,0,0
1782356351567,132,HTTP Request,200,OK,Year-Language Query 4-1,text,true,,271,159,10,70,http://localhost:8080/search?q=love&year=1994&language=English,132,0,0
1782356351595,113,HTTP Request,200,OK,Year-Language Query 4-9,text,true,,271,159,10,70,http://localhost:8080/search?q=love&year=1994&language=English,113,0,0
1782356351566,189,HTTP Request,200,OK,Year-Language Query 4-4,text,true,,271,159,10,70,http://localhost:8080/search?q=love&year=1994&language=English,189,0,0
1782356351675,82,HTTP Request,200,OK,Year-Language Query 4-7,text,true,,271,159,10,70,http://localhost:8080/search?q=love&year=1994&language=English,82,0,0
1782356351564,194,HTTP Request,200,OK,Year-Language Query 4-5,text,true,,271,159,10,70,http://localhost:8080/search?q=love&year=1994&language=English,194,0,0
1782356351674,87,HTTP Request,200,OK,Year-Language Query 4-2,text,true,,271,159,10,70,http://localhost:8080/search?q=love&year=1994&language=English,87,0,0
1782356351664,98,HTTP Request,200,OK,Year-Language Query 4-10,text,true,,271,159,10,70,http://localhost:8080/search?q=love&year=1994&language=English,98,0,0
1782356351564,208,HTTP Request,200,OK,Year-Language Query 4-6,text,true,,271,159,10,70,http://localhost:8080/search?q=love&year=1994&language=English,208,0,0
1782356351595,179,HTTP Request,200,OK,Year-Language Query 4-3,text,true,,271,159,10,70,http://localhost:8080/search?q=love&year=1994&language=English,179,0,0
1782356351699,146,HTTP Request,200,OK,Year-Language Query 4-1,text,true,,271,159,10,70,http://localhost:8080/search?q=love&year=1994&language=English,146,0,0
1782356351709,137,HTTP Request,200,OK,Year-Language Query 4-9,text,true,,271,159,10,70,http://localhost:8080/search?q=love&year=1994&language=English,137,0,0
1782356351699,151,HTTP Request,200,OK,Year-Language Query 4-8,text,true,,271,159,10,70,http://localhost:8080/search?q=love&year=1994&language=English,151,0,0
1782356351762,118,HTTP Request,200,OK,Year-Language Query 4-10,text,true,,271,159,10,70,http://localhost:8080/search?q=love&year=1994&language=English,118,0,0
1782356351775,117,HTTP Request,200,OK,Year-Language Query 4-3,text,true,,271,159,10,70,http://localhost:8080/search?q=love&year=1994&language=English,117,0,0
1782356351773,126,HTTP Request,200,OK,Year-Language Query 4-6,text,true,,271,159,10,70,http://localhost:8080/search?q=love&year=1994&language=English,126,0,0
1782356351755,153,HTTP Request,200,OK,Year-Language Query 4-4,text,true,,271,159,10,70,http://localhost:8080/search?q=love&year=1994&language=English,153,0,0
1782356351846,103,HTTP Request,200,OK,Year-Language Query 4-1,text,true,,271,159,10,70,http://localhost:8080/search?q=love&year=1994&language=English,103,0,0
1782356351847,103,HTTP Request,200,OK,Year-Language Query 4-9,text,true,,271,159,10,70,http://localhost:8080/search?q=love&year=1994&language=English,103,0,0
1782356351757,192,HTTP Request,200,OK,Year-Language Query 4-7,text,true,,271,159,10,70,http://localhost:8080/search?q=love&year=1994&language=English,192,0,0
1782356351851,99,HTTP Request,200,OK,Year-Language Query 4-8,text,true,,271,159,10,70,http://localhost:8080/search?q=love&year=1994&language=English,99,0,0
1782356351762,187,HTTP Request,200,OK,Year-Language Query 4-2,text,true,,271,159,10,70,http://localhost:8080/search?q=love&year=1994&language=English,187,0,0
1782356351758,192,HTTP Request,200,OK,Year-Language Query 4-5,text,true,,271,159,10,70,http://localhost:8080/search?q=love&year=1994&language=English,192,0,0
1782356351882,225,HTTP Request,200,OK,Year-Language Query 4-10,text,true,,271,159,10,70,http://localhost:8080/search?q=love&year=1994&language=English,225,0,0
1782356351910,201,HTTP Request,200,OK,Year-Language Query 4-4,text,true,,271,159,10,70,http://localhost:8080/search?q=love&year=1994&language=English,201,0,0
1782356351950,176,HTTP Request,200,OK,Year-Language Query 4-7,text,true,,271,159,10,70,http://localhost:8080/search?q=love&year=1994&language=English,176,0,0
1782356351950,177,HTTP Request,200,OK,Year-Language Query 4-8,text,true,,271,159,10,70,http://localhost:8080/search?q=love&year=1994&language=English,177,0,0
1782356351949,178,HTTP Request,200,OK,Year-Language Query 4-1,text,true,,271,159,10,70,http://localhost:8080/search?q=love&year=1994&language=English,178,0,0
1782356351951,176,HTTP Request,200,OK,Year-Language Query 4-5,text,true,,271,159,10,70,http://localhost:8080/search?q=love&year=1994&language=English,176,0,0
1782356351950,232,HTTP Request,200,OK,Year-Language Query 4-9,text,true,,271,159,10,70,http://localhost:8080/search?q=love&year=1994&language=English,232,0,0
1782356351951,252,HTTP Request,200,OK,Year-Language Query 4-2,text,true,,271,159,10,70,http://localhost:8080/search?q=love&year=1994&language=English,252,0,0
1782356352108,144,HTTP Request,200,OK,Year-Language Query 4-10,text,true,,271,159,10,70,http://localhost:8080/search?q=love&year=1994&language=English,144,0,0
1782356351899,354,HTTP Request,200,OK,Year-Language Query 4-6,text,true,,271,159,10,70,http://localhost:8080/search?q=love&year=1994&language=English,354,0,0
1782356351893,360,HTTP Request,200,OK,Year-Language Query 4-3,text,true,,271,159,10,70,http://localhost:8080/search?q=love&year=1994&language=English,360,0,0
1782356352111,143,HTTP Request,200,OK,Year-Language Query 4-4,text,true,,271,159,10,70,http://localhost:8080/search?q=love&year=1994&language=English,143,0,0
1782356352128,147,HTTP Request,200,OK,Year-Language Query 4-5,text,true,,271,159,10,70,http://localhost:8080/search?q=love&year=1994&language=English,147,0,0
1782356352127,149,HTTP Request,200,OK,Year-Language Query 4-1,text,true,,271,159,10,70,http://localhost:8080/search?q=love&year=1994&language=English,149,0,0
1782356352127,149,HTTP Request,200,OK,Year-Language Query 4-8,text,true,,271,159,10,70,http://localhost:8080/search?q=love&year=1994&language=English,149,0,0
1782356352127,154,HTTP Request,200,OK,Year-Language Query 4-7,text,true,,271,159,10,70,http://localhost:8080/search?q=love&year=1994&language=English,154,0,0
1782356352182,210,HTTP Request,200,OK,Year-Language Query 4-9,text,true,,271,159,10,70,http://localhost:8080/search?q=love&year=1994&language=English,210,0,0
1782356352254,158,HTTP Request,200,OK,Year-Language Query 4-6,text,true,,271,159,10,70,http://localhost:8080/search?q=love&year=1994&language=English,158,0,0
1782356352275,137,HTTP Request,200,OK,Year-Language Query 4-5,text,true,,271,159,10,70,http://localhost:8080/search?q=love&year=1994&language=English,137,0,0
1782356352254,158,HTTP Request,200,OK,Year-Language Query 4-3,text,true,,271,159,10,70,http://localhost:8080/search?q=love&year=1994&language=English,158,0,0
1782356352277,136,HTTP Request,200,OK,Year-Language Query 4-1,text,true,,271,159,10,70,http://localhost:8080/search?q=love&year=1994&language=English,136,0,0
1782356352277,136,HTTP Request,200,OK,Year-Language Query 4-8,text,true,,271,159,10,70,http://localhost:8080/search?q=love&year=1994&language=English,136,0,0
1782356352285,129,HTTP Request,200,OK,Year-Language Query 4-7,text,true,,271,159,10,70,http://localhost:8080/search?q=love&year=1994&language=English,129,0,0
1782356352204,222,HTTP Request,200,OK,Year-Language Query 4-2,text,true,,271,159,10,70,http://localhost:8080/search?q=love&year=1994&language=English,222,0,0
1782356352253,209,HTTP Request,200,OK,Year-Language Query 4-10,text,true,,271,159,10,70,http://localhost:8080/search?q=love&year=1994&language=English,209,0,0
1782356352254,208,HTTP Request,200,OK,Year-Language Query 4-4,text,true,,271,159,10,70,http://localhost:8080/search?q=love&year=1994&language=English,208,0,0
1782356352392,155,HTTP Request,200,OK,Year-Language Query 4-9,text,true,,271,159,10,70,http://localhost:8080/search?q=love&year=1994&language=English,155,0,0
1782356352413,181,HTTP Request,200,OK,Year-Language Query 4-3,text,true,,271,159,10,70,http://localhost:8080/search?q=love&year=1994&language=English,181,0,0
1782356352413,199,HTTP Request,200,OK,Year-Language Query 4-1,text,true,,271,159,10,70,http://localhost:8080/search?q=love&year=1994&language=English,199,0,0
1782356352462,159,HTTP Request,200,OK,Year-Language Query 4-10,text,true,,271,159,10,70,http://localhost:8080/search?q=love&year=1994&language=English,159,0,0
1782356352414,214,HTTP Request,200,OK,Year-Language Query 4-7,text,true,,271,159,10,70,http://localhost:8080/search?q=love&year=1994&language=English,214,0,0
1782356352414,214,HTTP Request,200,OK,Year-Language Query 4-8,text,true,,271,159,10,70,http://localhost:8080/search?q=love&year=1994&language=English,214,0,0
1782356352463,166,HTTP Request,200,OK,Year-Language Query 4-4,text,true,,271,159,10,70,http://localhost:8080/search?q=love&year=1994&language=English,166,0,0
1782356352412,218,HTTP Request,200,OK,Year-Language Query 4-5,text,true,,271,159,10,70,http://localhost:8080/search?q=love&year=1994&language=English,218,0,0
1782356352548,83,HTTP Request,200,OK,Year-Language Query 4-9,text,true,,271,159,10,70,http://localhost:8080/search?q=love&year=1994&language=English,83,0,0
1782356352412,229,HTTP Request,200,OK,Year-Language Query 4-6,text,true,,271,159,10,70,http://localhost:8080/search?q=love&year=1994&language=English,229,0,0
1782356352427,215,HTTP Request,200,OK,Year-Language Query 4-2,text,true,,271,159,10,70,http://localhost:8080/search?q=love&year=1994&language=English,215,0,0
1782356352613,64,HTTP Request,200,OK,Year-Language Query 4-1,text,true,,271,159,10,70,http://localhost:8080/search?q=love&year=1994&language=English,64,0,0
1782356352594,107,HTTP Request,200,OK,Year-Language Query 4-3,text,true,,271,159,10,70,http://localhost:8080/search?q=love&year=1994&language=English,107,0,0
1782356352632,121,HTTP Request,200,OK,Year-Language Query 4-9,text,true,,271,159,10,70,http://localhost:8080/search?q=love&year=1994&language=English,121,0,0
1782356352621,136,HTTP Request,200,OK,Year-Language Query 4-10,text,true,,271,159,10,70,http://localhost:8080/search?q=love&year=1994&language=English,136,0,0
1782356352631,126,HTTP Request,200,OK,Year-Language Query 4-5,text,true,,271,159,10,70,http://localhost:8080/search?q=love&year=1994&language=English,126,0,0
1782356352629,142,HTTP Request,200,OK,Year-Language Query 4-4,text,true,,271,159,10,70,http://localhost:8080/search?q=love&year=1994&language=English,142,0,0
1782356352642,130,HTTP Request,200,OK,Year-Language Query 4-6,text,true,,271,159,10,70,http://localhost:8080/search?q=love&year=1994&language=English,130,0,0
1782356352628,159,HTTP Request,200,OK,Year-Language Query 4-8,text,true,,271,159,10,70,http://localhost:8080/search?q=love&year=1994&language=English,159,0,0
1782356352628,207,HTTP Request,200,OK,Year-Language Query 4-7,text,true,,271,159,10,70,http://localhost:8080/search?q=love&year=1994&language=English,207,0,0
1782356352642,196,HTTP Request,200,OK,Year-Language Query 4-2,text,true,,271,159,10,70,http://localhost:8080/search?q=love&year=1994&language=English,196,0,0
1782356352677,162,HTTP Request,200,OK,Year-Language Query 4-1,text,true,,271,159,10,70,http://localhost:8080/search?q=love&year=1994&language=English,162,0,0
1782356352701,167,HTTP Request,200,OK,Year-Language Query 4-3,text,true,,271,159,10,70,http://localhost:8080/search?q=love&year=1994&language=English,167,0,0
1782356352757,120,HTTP Request,200,OK,Year-Language Query 4-10,text,true,,271,159,10,70,http://localhost:8080/search?q=love&year=1994&language=English,120,0,0
1782356352754,124,HTTP Request,200,OK,Year-Language Query 4-9,text,true,,271,159,10,70,http://localhost:8080/search?q=love&year=1994&language=English,124,0,0
1782356352758,155,HTTP Request,200,OK,Year-Language Query 4-5,text,true,,271,159,10,70,http://localhost:8080/search?q=love&year=1994&language=English,155,0,0
1782356352773,156,HTTP Request,200,OK,Year-Language Query 4-6,text,true,,271,159,10,70,http://localhost:8080/search?q=love&year=1994&language=English,156,0,0
1782356352787,142,HTTP Request,200,OK,Year-Language Query 4-8,text,true,,271,159,10,70,http://localhost:8080/search?q=love&year=1994&language=English,142,0,0
1782356352771,159,HTTP Request,200,OK,Year-Language Query 4-4,text,true,,271,159,10,70,http://localhost:8080/search?q=love&year=1994&language=English,159,0,0
1782356352869,100,HTTP Request,200,OK,Year-Language Query 4-3,text,true,,271,159,10,70,http://localhost:8080/search?q=love&year=1994&language=English,100,0,0
1782356352879,91,HTTP Request,200,OK,Year-Language Query 4-9,text,true,,271,159,10,70,http://localhost:8080/search?q=love&year=1994&language=English,91,0,0
1782356352877,95,HTTP Request,200,OK,Year-Language Query 4-10,text,true,,271,159,10,70,http://localhost:8080/search?q=love&year=1994&language=English,95,0,0
1782356352839,173,HTTP Request,200,OK,Year-Language Query 4-2,text,true,,271,159,10,70,http://localhost:8080/search?q=love&year=1994&language=English,173,0,0
1782356352839,173,HTTP Request,200,OK,Year-Language Query 4-1,text,true,,271,159,10,70,http://localhost:8080/search?q=love&year=1994&language=English,173,0,0
1782356352836,177,HTTP Request,200,OK,Year-Language Query 4-7,text,true,,271,159,10,70,http://localhost:8080/search?q=love&year=1994&language=English,177,0,0
1782356352929,146,HTTP Request,200,OK,Year-Language Query 4-8,text,true,,271,159,10,70,http://localhost:8080/search?q=love&year=1994&language=English,146,0,0
1782356352929,155,HTTP Request,200,OK,Year-Language Query 4-6,text,true,,271,159,10,70,http://localhost:8080/search?q=love&year=1994&language=English,155,0,0
1782356352914,170,HTTP Request,200,OK,Year-Language Query 4-5,text,true,,271,159,10,70,http://localhost:8080/search?q=love&year=1994&language=English,170,0,0
1782356352930,196,HTTP Request,200,OK,Year-Language Query 4-4,text,true,,271,159,10,70,http://localhost:8080/search?q=love&year=1994&language=English,196,0,0
1782356352975,173,HTTP Request,200,OK,Year-Language Query 4-10,text,true,,271,159,10,70,http://localhost:8080/search?q=love&year=1994&language=English,173,0,0
1782356353013,144,HTTP Request,200,OK,Year-Language Query 4-1,text,true,,271,159,10,70,http://localhost:8080/search?q=love&year=1994&language=English,144,0,0
1782356352971,186,HTTP Request,200,OK,Year-Language Query 4-9,text,true,,271,159,10,70,http://localhost:8080/search?q=love&year=1994&language=English,186,0,0
1782356353014,144,HTTP Request,200,OK,Year-Language Query 4-7,text,true,,271,159,10,70,http://localhost:8080/search?q=love&year=1994&language=English,144,0,0
1782356352969,190,HTTP Request,200,OK,Year-Language Query 4-3,text,true,,271,159,10,70,http://localhost:8080/search?q=love&year=1994&language=English,190,0,0
1782356353075,99,HTTP Request,200,OK,Year-Language Query 4-8,text,true,,271,159,10,70,http://localhost:8080/search?q=love&year=1994&language=English,99,0,0
1782356353013,183,HTTP Request,200,OK,Year-Language Query 4-2,text,true,,271,159,10,70,http://localhost:8080/search?q=love&year=1994&language=English,183,0,0
1782356353085,147,HTTP Request,200,OK,Year-Language Query 4-5,text,true,,271,159,10,70,http://localhost:8080/search?q=love&year=1994&language=English,147,0,0
1782356353084,162,HTTP Request,200,OK,Year-Language Query 4-6,text,true,,271,159,10,70,http://localhost:8080/search?q=love&year=1994&language=English,162,0,0
1782356353157,156,HTTP Request,200,OK,Year-Language Query 4-1,text,true,,271,159,10,70,http://localhost:8080/search?q=love&year=1994&language=English,156,0,0
1782356353149,168,HTTP Request,200,OK,Year-Language Query 4-10,text,true,,271,159,10,70,http://localhost:8080/search?q=love&year=1994&language=English,168,0,0
1782356353159,158,HTTP Request,200,OK,Year-Language Query 4-3,text,true,,271,159,10,70,http://localhost:8080/search?q=love&year=1994&language=English,158,0,0
1782356353159,176,HTTP Request,200,OK,Year-Language Query 4-7,text,true,,271,159,10,70,http://localhost:8080/search?q=love&year=1994&language=English,176,0,0
1782356353158,178,HTTP Request,200,OK,Year-Language Query 4-9,text,true,,271,159,10,70,http://localhost:8080/search?q=love&year=1994&language=English,178,0,0
1782356353175,188,HTTP Request,200,OK,Year-Language Query 4-8,text,true,,271,159,10,70,http://localhost:8080/search?q=love&year=1994&language=English,188,0,0
1782356353129,235,HTTP Request,200,OK,Year-Language Query 4-4,text,true,,271,159,10,70,http://localhost:8080/search?q=love&year=1994&language=English,235,0,0
1782356353246,179,HTTP Request,200,OK,Year-Language Query 4-6,text,true,,271,159,10,70,http://localhost:8080/search?q=love&year=1994&language=English,179,0,0
1782356353232,225,HTTP Request,200,OK,Year-Language Query 4-5,text,true,,271,159,10,70,http://localhost:8080/search?q=love&year=1994&language=English,225,0,0
1782356353197,271,HTTP Request,200,OK,Year-Language Query 4-2,text,true,,271,159,10,70,http://localhost:8080/search?q=love&year=1994&language=English,271,0,0
1782356353317,206,HTTP Request,200,OK,Year-Language Query 4-3,text,true,,271,159,10,70,http://localhost:8080/search?q=love&year=1994&language=English,205,0,0
1782356353336,188,HTTP Request,200,OK,Year-Language Query 4-7,text,true,,271,159,10,70,http://localhost:8080/search?q=love&year=1994&language=English,188,0,0
1782356353317,208,HTTP Request,200,OK,Year-Language Query 4-10,text,true,,271,159,10,70,http://localhost:8080/search?q=love&year=1994&language=English,208,0,0
1782356353364,166,HTTP Request,200,OK,Year-Language Query 4-4,text,true,,271,159,10,70,http://localhost:8080/search?q=love&year=1994&language=English,166,0,0
1782356353336,194,HTTP Request,200,OK,Year-Language Query 4-9,text,true,,271,159,10,70,http://localhost:8080/search?q=love&year=1994&language=English,194,0,0
1782356353363,167,HTTP Request,200,OK,Year-Language Query 4-8,text,true,,271,159,10,70,http://localhost:8080/search?q=love&year=1994&language=English,167,0,0
1782356353314,218,HTTP Request,200,OK,Year-Language Query 4-1,text,true,,271,159,10,70,http://localhost:8080/search?q=love&year=1994&language=English,218,0,0
1782356353426,137,HTTP Request,200,OK,Year-Language Query 4-6,text,true,,271,159,10,70,http://localhost:8080/search?q=love&year=1994&language=English,137,0,0
1782356353525,149,HTTP Request,200,OK,Year-Language Query 4-10,text,true,,271,159,10,70,http://localhost:8080/search?q=love&year=1994&language=English,149,0,0
1782356353524,169,HTTP Request,200,OK,Year-Language Query 4-3,text,true,,271,159,10,70,http://localhost:8080/search?q=love&year=1994&language=English,169,0,0
1782356353532,161,HTTP Request,200,OK,Year-Language Query 4-1,text,true,,271,159,10,70,http://localhost:8080/search?q=love&year=1994&language=English,161,0,0
1782356353531,164,HTTP Request,200,OK,Year-Language Query 4-4,text,true,,271,159,10,70,http://localhost:8080/search?q=love&year=1994&language=English,164,0,0
1782356353530,166,HTTP Request,200,OK,Year-Language Query 4-8,text,true,,271,159,10,70,http://localhost:8080/search?q=love&year=1994&language=English,166,0,0
1782356353531,169,HTTP Request,200,OK,Year-Language Query 4-9,text,true,,271,159,10,70,http://localhost:8080/search?q=love&year=1994&language=English,169,0,0
1782356353524,180,HTTP Request,200,OK,Year-Language Query 4-7,text,true,,271,159,10,70,http://localhost:8080/search?q=love&year=1994&language=English,180,0,0
1782356353458,265,HTTP Request,200,OK,Year-Language Query 4-5,text,true,,271,159,10,70,http://localhost:8080/search?q=love&year=1994&language=English,265,0,0
1782356353563,160,HTTP Request,200,OK,Year-Language Query 4-6,text,true,,271,159,10,70,http://localhost:8080/search?q=love&year=1994&language=English,160,0,0
1782356353470,278,HTTP Request,200,OK,Year-Language Query 4-2,text,true,,271,159,10,70,http://localhost:8080/search?q=love&year=1994&language=English,278,0,0
1782356353674,132,HTTP Request,200,OK,Year-Language Query 4-10,text,true,,271,159,10,70,http://localhost:8080/search?q=love&year=1994&language=English,132,0,0
1782356353696,163,HTTP Request,200,OK,Year-Language Query 4-8,text,true,,271,159,10,70,http://localhost:8080/search?q=love&year=1994&language=English,163,0,0
1782356353693,167,HTTP Request,200,OK,Year-Language Query 4-1,text,true,,271,159,10,70,http://localhost:8080/search?q=love&year=1994&language=English,167,0,0
1782356353693,168,HTTP Request,200,OK,Year-Language Query 4-3,text,true,,271,159,10,70,http://localhost:8080/search?q=love&year=1994&language=English,168,0,0
1782356353696,166,HTTP Request,200,OK,Year-Language Query 4-4,text,true,,271,159,10,70,http://localhost:8080/search?q=love&year=1994&language=English,166,0,0
1782356353704,240,HTTP Request,200,OK,Year-Language Query 4-7,text,true,,271,159,10,70,http://localhost:8080/search?q=love&year=1994&language=English,240,0,0
1782356353701,250,HTTP Request,200,OK,Year-Language Query 4-9,text,true,,271,159,10,70,http://localhost:8080/search?q=love&year=1994&language=English,250,0,0
1782356353724,258,HTTP Request,200,OK,Year-Language Query 4-6,text,true,,271,159,10,70,http://localhost:8080/search?q=love&year=1994&language=English,258,0,0
1782356353724,258,HTTP Request,200,OK,Year-Language Query 4-5,text,true,,271,159,10,70,http://localhost:8080/search?q=love&year=1994&language=English,258,0,0
1782356353806,177,HTTP Request,200,OK,Year-Language Query 4-10,text,true,,271,159,10,70,http://localhost:8080/search?q=love&year=1994&language=English,177,0,0
1782356353860,148,HTTP Request,200,OK,Year-Language Query 4-1,text,true,,271,159,10,70,http://localhost:8080/search?q=love&year=1994&language=English,148,0,0
1782356353863,145,HTTP Request,200,OK,Year-Language Query 4-4,text,true,,271,159,10,70,http://localhost:8080/search?q=love&year=1994&language=English,145,0,0
1782356353862,154,HTTP Request,200,OK,Year-Language Query 4-3,text,true,,271,159,10,70,http://localhost:8080/search?q=love&year=1994&language=English,154,0,0
1782356353860,157,HTTP Request,200,OK,Year-Language Query 4-8,text,true,,271,159,10,70,http://localhost:8080/search?q=love&year=1994&language=English,157,0,0
1782356353748,295,HTTP Request,200,OK,Year-Language Query 4-2,text,true,,271,159,10,70,http://localhost:8080/search?q=love&year=1994&language=English,295,0,0
1782356353982,85,HTTP Request,200,OK,Year-Language Query 4-6,text,true,,271,159,10,70,http://localhost:8080/search?q=love&year=1994&language=English,85,0,0
1782356353982,85,HTTP Request,200,OK,Year-Language Query 4-5,text,true,,271,159,10,70,http://localhost:8080/search?q=love&year=1994&language=English,85,0,0
1782356353951,233,HTTP Request,200,OK,Year-Language Query 4-9,text,true,,271,159,10,70,http://localhost:8080/search?q=love&year=1994&language=English,233,0,0
1782356354008,184,HTTP Request,200,OK,Year-Language Query 4-4,text,true,,271,159,10,70,http://localhost:8080/search?q=love&year=1994&language=English,184,0,0
1782356354017,176,HTTP Request,200,OK,Year-Language Query 4-3,text,true,,271,159,10,70,http://localhost:8080/search?q=love&year=1994&language=English,176,0,0
1782356354008,191,HTTP Request,200,OK,Year-Language Query 4-1,text,true,,271,159,10,70,http://localhost:8080/search?q=love&year=1994&language=English,191,0,0
1782356354017,194,HTTP Request,200,OK,Year-Language Query 4-8,text,true,,271,159,10,70,http://localhost:8080/search?q=love&year=1994&language=English,194,0,0
1782356354067,154,HTTP Request,200,OK,Year-Language Query 4-6,text,true,,271,159,10,70,http://localhost:8080/search?q=love&year=1994&language=English,154,0,0
1782356353983,255,HTTP Request,200,OK,Year-Language Query 4-10,text,true,,271,159,10,70,http://localhost:8080/search?q=love&year=1994&language=English,255,0,0
1782356354067,171,HTTP Request,200,OK,Year-Language Query 4-5,text,true,,271,159,10,70,http://localhost:8080/search?q=love&year=1994&language=English,171,0,0
1782356354044,195,HTTP Request,200,OK,Year-Language Query 4-2,text,true,,271,159,10,70,http://localhost:8080/search?q=love&year=1994&language=English,195,0,0
1782356353944,295,HTTP Request,200,OK,Year-Language Query 4-7,text,true,,271,159,10,70,http://localhost:8080/search?q=love&year=1994&language=English,295,0,0
1782356354185,78,HTTP Request,200,OK,Year-Language Query 4-9,text,true,,271,159,10,70,http://localhost:8080/search?q=love&year=1994&language=English,78,0,0
1782356354193,109,HTTP Request,200,OK,Year-Language Query 4-4,text,true,,271,159,10,70,http://localhost:8080/search?q=love&year=1994&language=English,109,0,0
1782356354193,109,HTTP Request,200,OK,Year-Language Query 4-3,text,true,,271,159,10,70,http://localhost:8080/search?q=love&year=1994&language=English,109,0,0
1782356354222,95,HTTP Request,200,OK,Year-Language Query 4-6,text,true,,271,159,10,70,http://localhost:8080/search?q=love&year=1994&language=English,95,0,0
1782356354239,119,HTTP Request,200,OK,Year-Language Query 4-2,text,true,,271,159,10,70,http://localhost:8080/search?q=love&year=1994&language=English,119,0,0
1782356354199,160,HTTP Request,200,OK,Year-Language Query 4-1,text,true,,271,159,10,70,http://localhost:8080/search?q=love&year=1994&language=English,160,0,0
1782356354263,135,HTTP Request,200,OK,Year-Language Query 4-9,text,true,,271,159,10,70,http://localhost:8080/search?q=love&year=1994&language=English,135,0,0
1782356354238,164,HTTP Request,200,OK,Year-Language Query 4-5,text,true,,271,159,10,70,http://localhost:8080/search?q=love&year=1994&language=English,164,0,0
1782356354302,125,HTTP Request,200,OK,Year-Language Query 4-4,text,true,,271,159,10,70,http://localhost:8080/search?q=love&year=1994&language=English,125,0,0
1782356354307,123,HTTP Request,200,OK,Year-Language Query 4-3,text,true,,271,159,10,70,http://localhost:8080/search?q=love&year=1994&language=English,123,0,0
1782356354317,118,HTTP Request,200,OK,Year-Language Query 4-6,text,true,,271,159,10,70,http://localhost:8080/search?q=love&year=1994&language=English,118,0,0
1782356354238,203,HTTP Request,200,OK,Year-Language Query 4-10,text,true,,271,159,10,70,http://localhost:8080/search?q=love&year=1994&language=English,203,0,0
1782356354359,102,HTTP Request,200,OK,Year-Language Query 4-1,text,true,,271,159,10,70,http://localhost:8080/search?q=love&year=1994&language=English,102,0,0
1782356354211,251,HTTP Request,200,OK,Year-Language Query 4-8,text,true,,271,159,10,70,http://localhost:8080/search?q=love&year=1994&language=English,251,0,0
1782356354239,239,HTTP Request,200,OK,Year-Language Query 4-7,text,true,,271,159,10,70,http://localhost:8080/search?q=love&year=1994&language=English,239,0,0
1782356354430,115,HTTP Request,200,OK,Year-Language Query 4-3,text,true,,271,159,10,70,http://localhost:8080/search?q=love&year=1994&language=English,115,0,0
1782356354427,119,HTTP Request,200,OK,Year-Language Query 4-4,text,true,,271,159,10,70,http://localhost:8080/search?q=love&year=1994&language=English,119,0,0
1782356354359,227,HTTP Request,200,OK,Year-Language Query 4-2,text,true,,271,159,10,70,http://localhost:8080/search?q=love&year=1994&language=English,227,0,0
1782356354441,145,HTTP Request,200,OK,Year-Language Query 4-10,text,true,,271,159,10,70,http://localhost:8080/search?q=love&year=1994&language=English,145,0,0
1782356354461,126,HTTP Request,200,OK,Year-Language Query 4-1,text,true,,271,159,10,70,http://localhost:8080/search?q=love&year=1994&language=English,126,0,0
1782356354463,125,HTTP Request,200,OK,Year-Language Query 4-8,text,true,,271,159,10,70,http://localhost:8080/search?q=love&year=1994&language=English,125,0,0
1782356354478,115,HTTP Request,200,OK,Year-Language Query 4-7,text,true,,271,159,10,70,http://localhost:8080/search?q=love&year=1994&language=English,115,0,0
1782356354403,191,HTTP Request,200,OK,Year-Language Query 4-5,text,true,,271,159,10,70,http://localhost:8080/search?q=love&year=1994&language=English,191,0,0
1782356354398,266,HTTP Request,200,OK,Year-Language Query 4-9,text,true,,271,159,10,70,http://localhost:8080/search?q=love&year=1994&language=English,266,0,0
1782356354435,229,HTTP Request,200,OK,Year-Language Query 4-6,text,true,,271,159,10,70,http://localhost:8080/search?q=love&year=1994&language=English,229,0,0
1782356354546,181,HTTP Request,200,OK,Year-Language Query 4-3,text,true,,271,159,10,70,http://localhost:8080/search?q=love&year=1994&language=English,181,0,0
1782356354589,138,HTTP Request,200,OK,Year-Language Query 4-8,text,true,,271,159,10,70,http://localhost:8080/search?q=love&year=1994&language=English,138,0,0
1782356354586,142,HTTP Request,200,OK,Year-Language Query 4-2,text,true,,271,159,10,70,http://localhost:8080/search?q=love&year=1994&language=English,142,0,0
1782356354546,183,HTTP Request,200,OK,Year-Language Query 4-4,text,true,,271,159,10,70,http://localhost:8080/search?q=love&year=1994&language=English,183,0,0
1782356354587,142,HTTP Request,200,OK,Year-Language Query 4-10,text,true,,271,159,10,70,http://localhost:8080/search?q=love&year=1994&language=English,142,0,0
1782356354594,187,HTTP Request,200,OK,Year-Language Query 4-5,text,true,,271,159,10,70,http://localhost:8080/search?q=love&year=1994&language=English,187,0,0
1782356354593,188,HTTP Request,200,OK,Year-Language Query 4-7,text,true,,271,159,10,70,http://localhost:8080/search?q=love&year=1994&language=English,188,0,0
1782356354587,197,HTTP Request,200,OK,Year-Language Query 4-1,text,true,,271,159,10,70,http://localhost:8080/search?q=love&year=1994&language=English,197,0,0
1782356354664,144,HTTP Request,200,OK,Year-Language Query 4-9,text,true,,271,159,10,70,http://localhost:8080/search?q=love&year=1994&language=English,144,0,0
1782356354665,151,HTTP Request,200,OK,Year-Language Query 4-6,text,true,,271,159,10,70,http://localhost:8080/search?q=love&year=1994&language=English,151,0,0
1782356354728,173,HTTP Request,200,OK,Year-Language Query 4-8,text,true,,271,159,10,70,http://localhost:8080/search?q=love&year=1994&language=English,173,0,0
1782356354781,126,HTTP Request,200,OK,Year-Language Query 4-7,text,true,,271,159,10,70,http://localhost:8080/search?q=love&year=1994&language=English,126,0,0
1782356354729,178,HTTP Request,200,OK,Year-Language Query 4-10,text,true,,271,159,10,70,http://localhost:8080/search?q=love&year=1994&language=English,178,0,0
1782356354729,178,HTTP Request,200,OK,Year-Language Query 4-4,text,true,,271,159,10,70,http://localhost:8080/search?q=love&year=1994&language=English,178,0,0
1782356354727,181,HTTP Request,200,OK,Year-Language Query 4-3,text,true,,271,159,10,70,http://localhost:8080/search?q=love&year=1994&language=English,181,0,0
1782356354784,129,HTTP Request,200,OK,Year-Language Query 4-1,text,true,,271,159,10,70,http://localhost:8080/search?q=love&year=1994&language=English,129,0,0
1782356354781,171,HTTP Request,200,OK,Year-Language Query 4-5,text,true,,271,159,10,70,http://localhost:8080/search?q=love&year=1994&language=English,171,0,0
1782356354729,225,HTTP Request,200,OK,Year-Language Query 4-2,text,true,,271,159,10,70,http://localhost:8080/search?q=love&year=1994&language=English,225,0,0
1782356354808,183,HTTP Request,200,OK,Year-Language Query 4-9,text,true,,271,159,10,70,http://localhost:8080/search?q=love&year=1994&language=English,183,0,0
1782356354913,109,HTTP Request,200,OK,Year-Language Query 4-1,text,true,,271,159,10,70,http://localhost:8080/search?q=love&year=1994&language=English,109,0,0
1782356354908,115,HTTP Request,200,OK,Year-Language Query 4-4,text,true,,271,159,10,70,http://localhost:8080/search?q=love&year=1994&language=English,115,0,0
1782356354817,206,HTTP Request,200,OK,Year-Language Query 4-6,text,true,,271,159,10,70,http://localhost:8080/search?q=love&year=1994&language=English,206,0,0
1782356354901,141,HTTP Request,200,OK,Year-Language Query 4-8,text,true,,271,159,10,70,http://localhost:8080/search?q=love&year=1994&language=English,141,0,0
1782356354908,157,HTTP Request,200,OK,Year-Language Query 4-3,text,true,,271,159,10,70,http://localhost:8080/search?q=love&year=1994&language=English,157,0,0
1782356354907,163,HTTP Request,200,OK,Year-Language Query 4-10,text,true,,271,159,10,70,http://localhost:8080/search?q=love&year=1994&language=English,163,0,0
1782356354907,164,HTTP Request,200,OK,Year-Language Query 4-7,text,true,,271,159,10,70,http://localhost:8080/search?q=love&year=1994&language=English,164,0,0
1782356354954,300,HTTP Request,200,OK,Year-Language Query 4-2,text,true,,271,159,10,70,http://localhost:8080/search?q=love&year=1994&language=English,300,0,0
1782356355042,243,HTTP Request,200,OK,Year-Language Query 4-8,text,true,,271,159,10,70,http://localhost:8080/search?q=love&year=1994&language=English,243,0,0
1782356355023,263,HTTP Request,200,OK,Year-Language Query 4-4,text,true,,271,159,10,70,http://localhost:8080/search?q=love&year=1994&language=English,263,0,0
1782356355023,263,HTTP Request,200,OK,Year-Language Query 4-1,text,true,,271,159,10,70,http://localhost:8080/search?q=love&year=1994&language=English,263,0,0
1782356354953,335,HTTP Request,200,OK,Year-Language Query 4-5,text,true,,271,159,10,70,http://localhost:8080/search?q=love&year=1994&language=English,335,0,0
1782356355024,270,HTTP Request,200,OK,Year-Language Query 4-6,text,true,,271,159,10,70,http://localhost:8080/search?q=love&year=1994&language=English,270,0,0
1782356355068,227,HTTP Request,200,OK,Year-Language Query 4-3,text,true,,271,159,10,70,http://localhost:8080/search?q=love&year=1994&language=English,227,0,0
1782356355071,228,HTTP Request,200,OK,Year-Language Query 4-7,text,true,,271,159,10,70,http://localhost:8080/search?q=love&year=1994&language=English,228,0,0
1782356355073,226,HTTP Request,200,OK,Year-Language Query 4-10,text,true,,271,159,10,70,http://localhost:8080/search?q=love&year=1994&language=English,226,0,0
1782356354991,376,HTTP Request,200,OK,Year-Language Query 4-9,text,true,,271,159,10,70,http://localhost:8080/search?q=love&year=1994&language=English,376,0,0
1782356355289,133,HTTP Request,200,OK,Year-Language Query 4-5,text,true,,271,159,10,70,http://localhost:8080/search?q=love&year=1994&language=English,133,0,0
1782356355286,156,HTTP Request,200,OK,Year-Language Query 4-1,text,true,,271,159,10,70,http://localhost:8080/search?q=love&year=1994&language=English,156,0,0
1782356355286,156,HTTP Request,200,OK,Year-Language Query 4-4,text,true,,271,159,10,70,http://localhost:8080/search?q=love&year=1994&language=English,156,0,0
1782356355286,156,HTTP Request,200,OK,Year-Language Query 4-8,text,true,,271,159,10,70,http://localhost:8080/search?q=love&year=1994&language=English,156,0,0
1782356355295,182,HTTP Request,200,OK,Year-Language Query 4-3,text,true,,271,159,10,70,http://localhost:8080/search?q=love&year=1994&language=English,182,0,0
1782356355294,188,HTTP Request,200,OK,Year-Language Query 4-6,text,true,,271,159,10,70,http://localhost:8080/search?q=love&year=1994&language=English,188,0,0
1782356355299,186,HTTP Request,200,OK,Year-Language Query 4-7,text,true,,271,159,10,70,http://localhost:8080/search?q=love&year=1994&language=English,186,0,0
1782356355255,305,HTTP Request,200,OK,Year-Language Query 4-2,text,true,,271,159,10,70,http://localhost:8080/search?q=love&year=1994&language=English,305,0,0
1782356355299,293,HTTP Request,200,OK,Year-Language Query 4-10,text,true,,271,159,10,70,http://localhost:8080/search?q=love&year=1994&language=English,293,0,0
1782356355422,187,HTTP Request,200,OK,Year-Language Query 4-5,text,true,,271,159,10,70,http://localhost:8080/search?q=love&year=1994&language=English,187,0,0
1782356355442,185,HTTP Request,200,OK,Year-Language Query 4-4,text,true,,271,159,10,70,http://localhost:8080/search?q=love&year=1994&language=English,185,0,0
1782356355442,188,HTTP Request,200,OK,Year-Language Query 4-8,text,true,,271,159,10,70,http://localhost:8080/search?q=love&year=1994&language=English,188,0,0
1782356355442,191,HTTP Request,200,OK,Year-Language Query 4-1,text,true,,271,159,10,70,http://localhost:8080/search?q=love&year=1994&language=English,191,0,0
1782356355479,231,HTTP Request,200,OK,Year-Language Query 4-3,text,true,,271,159,10,70,http://localhost:8080/search?q=love&year=1994&language=English,231,0,0
1782356355368,343,HTTP Request,200,OK,Year-Language Query 4-9,text,true,,271,159,10,70,http://localhost:8080/search?q=love&year=1994&language=English,343,0,0
1782356355486,233,HTTP Request,200,OK,Year-Language Query 4-7,text,true,,271,159,10,70,http://localhost:8080/search?q=love&year=1994&language=English,233,0,0
1782356355484,302,HTTP Request,200,OK,Year-Language Query 4-6,text,true,,271,159,10,70,http://localhost:8080/search?q=love&year=1994&language=English,302,0,0
1782356355627,171,HTTP Request,200,OK,Year-Language Query 4-4,text,true,,271,159,10,70,http://localhost:8080/search?q=love&year=1994&language=English,171,0,0
1782356355634,165,HTTP Request,200,OK,Year-Language Query 4-1,text,true,,271,159,10,70,http://localhost:8080/search?q=love&year=1994&language=English,165,0,0
1782356355610,196,HTTP Request,200,OK,Year-Language Query 4-5,text,true,,271,159,10,70,http://localhost:8080/search?q=love&year=1994&language=English,196,0,0
1782356355592,214,HTTP Request,200,OK,Year-Language Query 4-10,text,true,,271,159,10,70,http://localhost:8080/search?q=love&year=1994&language=English,214,0,0
1782356355561,331,HTTP Request,200,OK,Year-Language Query 4-2,text,true,,271,159,10,70,http://localhost:8080/search?q=love&year=1994&language=English,331,0,0
1782356355631,360,HTTP Request,200,OK,Year-Language Query 4-8,text,true,,271,159,10,70,http://localhost:8080/search?q=love&year=1994&language=English,360,0,0
1782356355799,204,HTTP Request,200,OK,Year-Language Query 4-1,text,true,,271,159,10,70,http://localhost:8080/search?q=love&year=1994&language=English,204,0,0
1782356355787,216,HTTP Request,200,OK,Year-Language Query 4-6,text,true,,271,159,10,70,http://localhost:8080/search?q=love&year=1994&language=English,216,0,0
1782356355798,208,HTTP Request,200,OK,Year-Language Query 4-4,text,true,,271,159,10,70,http://localhost:8080/search?q=love&year=1994&language=English,208,0,0
1782356355806,210,HTTP Request,200,OK,Year-Language Query 4-10,text,true,,271,159,10,70,http://localhost:8080/search?q=love&year=1994&language=English,210,0,0
1782356355806,228,HTTP Request,200,OK,Year-Language Query 4-5,text,true,,271,159,10,70,http://localhost:8080/search?q=love&year=1994&language=English,228,0,0
1782356355711,326,HTTP Request,200,OK,Year-Language Query 4-9,text,true,,271,159,10,70,http://localhost:8080/search?q=love&year=1994&language=English,326,0,0
1782356355711,328,HTTP Request,200,OK,Year-Language Query 4-3,text,true,,271,159,10,70,http://localhost:8080/search?q=love&year=1994&language=English,328,0,0
1782356355720,331,HTTP Request,200,OK,Year-Language Query 4-7,text,true,,271,159,10,70,http://localhost:8080/search?q=love&year=1994&language=English,331,0,0
1782356356017,198,HTTP Request,200,OK,Year-Language Query 4-10,text,true,,271,159,10,70,http://localhost:8080/search?q=love&year=1994&language=English,198,0,0
1782356356003,223,HTTP Request,200,OK,Year-Language Query 4-1,text,true,,271,159,10,70,http://localhost:8080/search?q=love&year=1994&language=English,223,0,0
1782356355991,281,HTTP Request,200,OK,Year-Language Query 4-8,text,true,,271,159,10,70,http://localhost:8080/search?q=love&year=1994&language=English,281,0,0
1782356355892,381,HTTP Request,200,OK,Year-Language Query 4-2,text,true,,271,159,10,70,http://localhost:8080/search?q=love&year=1994&language=English,381,0,0
1782356356034,268,HTTP Request,200,OK,Year-Language Query 4-5,text,true,,271,159,10,70,http://localhost:8080/search?q=love&year=1994&language=English,268,0,0
1782356356004,300,HTTP Request,200,OK,Year-Language Query 4-6,text,true,,271,159,10,70,http://localhost:8080/search?q=love&year=1994&language=English,300,0,0
1782356356006,298,HTTP Request,200,OK,Year-Language Query 4-4,text,true,,271,159,10,70,http://localhost:8080/search?q=love&year=1994&language=English,298,0,0
1782356356216,108,HTTP Request,200,OK,Year-Language Query 4-10,text,true,,271,159,10,70,http://localhost:8080/search?q=love&year=1994&language=English,108,0,0
1782356356040,301,HTTP Request,200,OK,Year-Language Query 4-3,text,true,,271,159,10,70,http://localhost:8080/search?q=love&year=1994&language=English,301,0,0
1782356356037,336,HTTP Request,200,OK,Year-Language Query 4-9,text,true,,271,159,10,70,http://localhost:8080/search?q=love&year=1994&language=English,335,0,0
1782356356226,165,HTTP Request,200,OK,Year-Language Query 4-1,text,true,,271,159,10,70,http://localhost:8080/search?q=love&year=1994&language=English,165,0,0
1782356356051,391,HTTP Request,200,OK,Year-Language Query 4-7,text,true,,271,159,10,70,http://localhost:8080/search?q=love&year=1994&language=English,391,0,0
1782356356302,197,HTTP Request,200,OK,Year-Language Query 4-5,text,true,,271,159,10,70,http://localhost:8080/search?q=love&year=1994&language=English,197,0,0
1782356356304,197,HTTP Request,200,OK,Year-Language Query 4-4,text,true,,271,159,10,70,http://localhost:8080/search?q=love&year=1994&language=English,197,0,0
1782356356342,160,HTTP Request,200,OK,Year-Language Query 4-3,text,true,,271,159,10,70,http://localhost:8080/search?q=love&year=1994&language=English,160,0,0
1782356356324,180,HTTP Request,200,OK,Year-Language Query 4-10,text,true,,271,159,10,70,http://localhost:8080/search?q=love&year=1994&language=English,180,0,0
1782356356273,247,HTTP Request,200,OK,Year-Language Query 4-8,text,true,,271,159,10,70,http://localhost:8080/search?q=love&year=1994&language=English,247,0,0
1782356356274,247,HTTP Request,200,OK,Year-Language Query 4-2,text,true,,271,159,10,70,http://localhost:8080/search?q=love&year=1994&language=English,246,0,0
1782356356373,172,HTTP Request,200,OK,Year-Language Query 4-9,text,true,,271,159,10,70,http://localhost:8080/search?q=love&year=1994&language=English,172,0,0
1782356356304,291,HTTP Request,200,OK,Year-Language Query 4-6,text,true,,271,159,10,70,http://localhost:8080/search?q=love&year=1994&language=English,291,0,0
1782356356443,158,HTTP Request,200,OK,Year-Language Query 4-7,text,true,,271,159,10,70,http://localhost:8080/search?q=love&year=1994&language=English,158,0,0
1782356356391,212,HTTP Request,200,OK,Year-Language Query 4-1,text,true,,271,159,10,70,http://localhost:8080/search?q=love&year=1994&language=English,212,0,0
1782356356502,114,HTTP Request,200,OK,Year-Language Query 4-4,text,true,,271,159,10,70,http://localhost:8080/search?q=love&year=1994&language=English,114,0,0
1782356356504,116,HTTP Request,200,OK,Year-Language Query 4-10,text,true,,271,159,10,70,http://localhost:8080/search?q=love&year=1994&language=English,116,0,0
1782356356500,155,HTTP Request,200,OK,Year-Language Query 4-5,text,true,,271,159,10,70,http://localhost:8080/search?q=love&year=1994&language=English,155,0,0
1782356356520,135,HTTP Request,200,OK,Year-Language Query 4-8,text,true,,271,159,10,70,http://localhost:8080/search?q=love&year=1994&language=English,135,0,0
1782356356521,139,HTTP Request,200,OK,Year-Language Query 4-2,text,true,,271,159,10,70,http://localhost:8080/search?q=love&year=1994&language=English,139,0,0
1782356356546,123,HTTP Request,200,OK,Year-Language Query 4-9,text,true,,271,159,10,70,http://localhost:8080/search?q=love&year=1994&language=English,123,0,0
1782356356503,239,HTTP Request,200,OK,Year-Language Query 4-3,text,true,,271,159,10,70,http://localhost:8080/search?q=love&year=1994&language=English,239,0,0
1782356356595,150,HTTP Request,200,OK,Year-Language Query 4-6,text,true,,271,159,10,70,http://localhost:8080/search?q=love&year=1994&language=English,150,0,0
1782356356603,144,HTTP Request,200,OK,Year-Language Query 4-1,text,true,,271,159,10,70,http://localhost:8080/search?q=love&year=1994&language=English,144,0,0
1782356356602,149,HTTP Request,200,OK,Year-Language Query 4-7,text,true,,271,159,10,70,http://localhost:8080/search?q=love&year=1994&language=English,149,0,0
1782356356617,162,HTTP Request,200,OK,Year-Language Query 4-4,text,true,,271,159,10,70,http://localhost:8080/search?q=love&year=1994&language=English,162,0,0
1782356356620,188,HTTP Request,200,OK,Year-Language Query 4-10,text,true,,271,159,10,70,http://localhost:8080/search?q=love&year=1994&language=English,188,0,0
1782356356660,173,HTTP Request,200,OK,Year-Language Query 4-2,text,true,,271,159,10,70,http://localhost:8080/search?q=love&year=1994&language=English,173,0,0
1782356356669,165,HTTP Request,200,OK,Year-Language Query 4-9,text,true,,271,159,10,70,http://localhost:8080/search?q=love&year=1994&language=English,165,0,0
1782356356746,96,HTTP Request,200,OK,Year-Language Query 4-6,text,true,,271,159,10,70,http://localhost:8080/search?q=love&year=1994&language=English,96,0,0
1782356356752,90,HTTP Request,200,OK,Year-Language Query 4-7,text,true,,271,159,10,70,http://localhost:8080/search?q=love&year=1994&language=English,90,0,0
1782356356748,94,HTTP Request,200,OK,Year-Language Query 4-1,text,true,,271,159,10,70,http://localhost:8080/search?q=love&year=1994&language=English,94,0,0
1782356356655,195,HTTP Request,200,OK,Year-Language Query 4-5,text,true,,271,159,10,70,http://localhost:8080/search?q=love&year=1994&language=English,195,0,0
1782356356655,199,HTTP Request,200,OK,Year-Language Query 4-8,text,true,,271,159,10,70,http://localhost:8080/search?q=love&year=1994&language=English,199,0,0
1782356356743,114,HTTP Request,200,OK,Year-Language Query 4-3,text,true,,271,159,10,70,http://localhost:8080/search?q=love&year=1994&language=English,114,0,0
1782356356778,93,HTTP Request,200,OK,Year-Language Query 4-4,text,true,,271,159,10,70,http://localhost:8080/search?q=love&year=1994&language=English,93,0,0
1782356356832,73,HTTP Request,200,OK,Year-Language Query 4-9,text,true,,271,159,10,70,http://localhost:8080/search?q=love&year=1994&language=English,73,0,0
1782356356807,103,HTTP Request,200,OK,Year-Language Query 4-10,text,true,,271,159,10,70,http://localhost:8080/search?q=love&year=1994&language=English,103,0,0
1782356356832,79,HTTP Request,200,OK,Year-Language Query 4-2,text,true,,271,159,10,70,http://localhost:8080/search?q=love&year=1994&language=English,79,0,0
1782356356841,118,HTTP Request,200,OK,Year-Language Query 4-1,text,true,,271,159,10,70,http://localhost:8080/search?q=love&year=1994&language=English,118,0,0
1782356356872,105,HTTP Request,200,OK,Year-Language Query 4-4,text,true,,271,159,10,70,http://localhost:8080/search?q=love&year=1994&language=English,105,0,0
1782356356856,134,HTTP Request,200,OK,Year-Language Query 4-3,text,true,,271,159,10,70,http://localhost:8080/search?q=love&year=1994&language=English,134,0,0
1782356356848,144,HTTP Request,200,OK,Year-Language Query 4-5,text,true,,271,159,10,70,http://localhost:8080/search?q=love&year=1994&language=English,144,0,0
1782356356841,151,HTTP Request,200,OK,Year-Language Query 4-6,text,true,,271,159,10,70,http://localhost:8080/search?q=love&year=1994&language=English,151,0,0
1782356356853,141,HTTP Request,200,OK,Year-Language Query 4-8,text,true,,271,159,10,70,http://localhost:8080/search?q=love&year=1994&language=English,141,0,0
1782356356841,166,HTTP Request,200,OK,Year-Language Query 4-7,text,true,,271,159,10,70,http://localhost:8080/search?q=love&year=1994&language=English,166,0,0
1782356356906,115,HTTP Request,200,OK,Year-Language Query 4-9,text,true,,271,159,10,70,http://localhost:8080/search?q=love&year=1994&language=English,115,0,0
1782356356911,162,HTTP Request,200,OK,Year-Language Query 4-10,text,true,,271,159,10,70,http://localhost:8080/search?q=love&year=1994&language=English,162,0,0
1782356356911,162,HTTP Request,200,OK,Year-Language Query 4-2,text,true,,271,159,10,70,http://localhost:8080/search?q=love&year=1994&language=English,162,0,0
1782356356959,130,HTTP Request,200,OK,Year-Language Query 4-1,text,true,,271,159,10,70,http://localhost:8080/search?q=love&year=1994&language=English,130,0,0
1782356357008,114,HTTP Request,200,OK,Year-Language Query 4-7,text,true,,271,159,10,70,http://localhost:8080/search?q=love&year=1994&language=English,114,0,0
1782356356977,173,HTTP Request,200,OK,Year-Language Query 4-4,text,true,,271,159,10,70,http://localhost:8080/search?q=love&year=1994&language=English,173,0,0
1782356357022,173,HTTP Request,200,OK,Year-Language Query 4-9,text,true,,271,159,10,70,http://localhost:8080/search?q=love&year=1994&language=English,173,0,0
1782356356992,205,HTTP Request,200,OK,Year-Language Query 4-5,text,true,,271,159,10,70,http://localhost:8080/search?q=love&year=1994&language=English,205,0,0
1782356356991,217,HTTP Request,200,OK,Year-Language Query 4-3,text,true,,271,159,10,70,http://localhost:8080/search?q=love&year=1994&language=English,217,0,0
1782356356993,216,HTTP Request,200,OK,Year-Language Query 4-6,text,true,,271,159,10,70,http://localhost:8080/search?q=love&year=1994&language=English,216,0,0
1782356356994,216,HTTP Request,200,OK,Year-Language Query 4-8,text,true,,271,159,10,70,http://localhost:8080/search?q=love&year=1994&language=English,216,0,0
1782356357073,164,HTTP Request,200,OK,Year-Language Query 4-10,text,true,,271,159,10,70,http://localhost:8080/search?q=love&year=1994&language=English,164,0,0
1782356357089,152,HTTP Request,200,OK,Year-Language Query 4-1,text,true,,271,159,10,70,http://localhost:8080/search?q=love&year=1994&language=English,152,0,0
1782356357073,169,HTTP Request,200,OK,Year-Language Query 4-2,text,true,,271,159,10,70,http://localhost:8080/search?q=love&year=1994&language=English,169,0,0
1782356357122,204,HTTP Request,200,OK,Year-Language Query 4-7,text,true,,271,159,10,70,http://localhost:8080/search?q=love&year=1994&language=English,204,0,0
1782356357239,91,HTTP Request,200,OK,Year-Language Query 4-10,text,true,,271,159,10,70,http://localhost:8080/search?q=love&year=1994&language=English,91,0,0
1782356357211,123,HTTP Request,200,OK,Year-Language Query 4-8,text,true,,271,159,10,70,http://localhost:8080/search?q=love&year=1994&language=English,123,0,0
1782356357209,127,HTTP Request,200,OK,Year-Language Query 4-3,text,true,,271,159,10,70,http://localhost:8080/search?q=love&year=1994&language=English,127,0,0
1782356357209,169,HTTP Request,200,OK,Year-Language Query 4-6,text,true,,271,159,10,70,http://localhost:8080/search?q=love&year=1994&language=English,169,0,0
1782356357197,186,HTTP Request,200,OK,Year-Language Query 4-5,text,true,,271,159,10,70,http://localhost:8080/search?q=love&year=1994&language=English,186,0,0
1782356357196,189,HTTP Request,200,OK,Year-Language Query 4-9,text,true,,271,159,10,70,http://localhost:8080/search?q=love&year=1994&language=English,189,0,0
1782356357242,154,HTTP Request,200,OK,Year-Language Query 4-1,text,true,,271,159,10,70,http://localhost:8080/search?q=love&year=1994&language=English,154,0,0
1782356357151,245,HTTP Request,200,OK,Year-Language Query 4-4,text,true,,271,159,10,70,http://localhost:8080/search?q=love&year=1994&language=English,245,0,0
1782356357244,153,HTTP Request,200,OK,Year-Language Query 4-2,text,true,,271,159,10,70,http://localhost:8080/search?q=love&year=1994&language=English,153,0,0
1782356357330,116,HTTP Request,200,OK,Year-Language Query 4-10,text,true,,271,159,10,70,http://localhost:8080/search?q=love&year=1994&language=English,116,0,0
1782356357334,112,HTTP Request,200,OK,Year-Language Query 4-8,text,true,,271,159,10,70,http://localhost:8080/search?q=love&year=1994&language=English,112,0,0
1782356357327,119,HTTP Request,200,OK,Year-Language Query 4-7,text,true,,271,159,10,70,http://localhost:8080/search?q=love&year=1994&language=English,119,0,0
1782356357336,112,HTTP Request,200,OK,Year-Language Query 4-3,text,true,,271,159,10,70,http://localhost:8080/search?q=love&year=1994&language=English,112,0,0
1782356357396,79,HTTP Request,200,OK,Year-Language Query 4-4,text,true,,271,159,10,70,http://localhost:8080/search?q=love&year=1994&language=English,79,0,0
1782356357378,105,HTTP Request,200,OK,Year-Language Query 4-6,text,true,,271,159,10,70,http://localhost:8080/search?q=love&year=1994&language=English,105,0,0
1782356357383,126,HTTP Request,200,OK,Year-Language Query 4-5,text,true,,271,159,10,70,http://localhost:8080/search?q=love&year=1994&language=English,126,0,0
1782356357386,124,HTTP Request,200,OK,Year-Language Query 4-9,text,true,,271,159,10,70,http://localhost:8080/search?q=love&year=1994&language=English,124,0,0
1782356357396,144,HTTP Request,200,OK,Year-Language Query 4-1,text,true,,271,159,10,70,http://localhost:8080/search?q=love&year=1994&language=English,144,0,0
1782356357447,96,HTTP Request,200,OK,Year-Language Query 4-7,text,true,,271,159,10,70,http://localhost:8080/search?q=love&year=1994&language=English,96,0,0
1782356357397,146,HTTP Request,200,OK,Year-Language Query 4-2,text,true,,271,159,10,70,http://localhost:8080/search?q=love&year=1994&language=English,146,0,0
1782356357447,113,HTTP Request,200,OK,Year-Language Query 4-8,text,true,,271,159,10,70,http://localhost:8080/search?q=love&year=1994&language=English,113,0,0
1782356357449,112,HTTP Request,200,OK,Year-Language Query 4-3,text,true,,271,159,10,70,http://localhost:8080/search?q=love&year=1994&language=English,112,0,0
1782356357447,114,HTTP Request,200,OK,Year-Language Query 4-10,text,true,,271,159,10,70,http://localhost:8080/search?q=love&year=1994&language=English,114,0,0
1782356357476,92,HTTP Request,200,OK,Year-Language Query 4-4,text,true,,271,159,10,70,http://localhost:8080/search?q=love&year=1994&language=English,92,0,0
1782356357484,95,HTTP Request,200,OK,Year-Language Query 4-6,text,true,,271,159,10,70,http://localhost:8080/search?q=love&year=1994&language=English,95,0,0
1782356357510,119,HTTP Request,200,OK,Year-Language Query 4-9,text,true,,271,159,10,70,http://localhost:8080/search?q=love&year=1994&language=English,119,0,0
1782356357509,133,HTTP Request,200,OK,Year-Language Query 4-5,text,true,,271,159,10,70,http://localhost:8080/search?q=love&year=1994&language=English,133,0,0
1782356357568,135,HTTP Request,200,OK,Year-Language Query 4-4,text,true,,271,159,10,70,http://localhost:8080/search?q=love&year=1994&language=English,135,0,0
1782356357562,141,HTTP Request,200,OK,Year-Language Query 4-3,text,true,,271,159,10,70,http://localhost:8080/search?q=love&year=1994&language=English,141,0,0
1782356357562,144,HTTP Request,200,OK,Year-Language Query 4-10,text,true,,271,159,10,70,http://localhost:8080/search?q=love&year=1994&language=English,144,0,0
1782356357561,149,HTTP Request,200,OK,Year-Language Query 4-8,text,true,,271,159,10,70,http://localhost:8080/search?q=love&year=1994&language=English,149,0,0
1782356357579,131,HTTP Request,200,OK,Year-Language Query 4-6,text,true,,271,159,10,70,http://localhost:8080/search?q=love&year=1994&language=English,131,0,0
1782356357543,169,HTTP Request,200,OK,Year-Language Query 4-7,text,true,,271,159,10,70,http://localhost:8080/search?q=love&year=1994&language=English,169,0,0
1782356357542,178,HTTP Request,200,OK,Year-Language Query 4-1,text,true,,271,159,10,70,http://localhost:8080/search?q=love&year=1994&language=English,178,0,0
1782356357543,186,HTTP Request,200,OK,Year-Language Query 4-2,text,true,,271,159,10,70,http://localhost:8080/search?q=love&year=1994&language=English,186,0,0
1782356357643,207,HTTP Request,200,OK,Year-Language Query 4-5,text,true,,271,159,10,70,http://localhost:8080/search?q=love&year=1994&language=English,207,0,0
1782356357710,140,HTTP Request,200,OK,Year-Language Query 4-8,text,true,,271,159,10,70,http://localhost:8080/search?q=love&year=1994&language=English,140,0,0
1782356357630,228,HTTP Request,200,OK,Year-Language Query 4-9,text,true,,271,159,10,70,http://localhost:8080/search?q=love&year=1994&language=English,228,0,0
1782356357704,176,HTTP Request,200,OK,Year-Language Query 4-4,text,true,,271,159,10,70,http://localhost:8080/search?q=love&year=1994&language=English,176,0,0
1782356357704,184,HTTP Request,200,OK,Year-Language Query 4-3,text,true,,271,159,10,70,http://localhost:8080/search?q=love&year=1994&language=English,184,0,0
1782356357712,177,HTTP Request,200,OK,Year-Language Query 4-7,text,true,,271,159,10,70,http://localhost:8080/search?q=love&year=1994&language=English,177,0,0
1782356357706,183,HTTP Request,200,OK,Year-Language Query 4-10,text,true,,271,159,10,70,http://localhost:8080/search?q=love&year=1994&language=English,183,0,0
1782356357720,169,HTTP Request,200,OK,Year-Language Query 4-1,text,true,,271,159,10,70,http://localhost:8080/search?q=love&year=1994&language=English,169,0,0
1782356357729,161,HTTP Request,200,OK,Year-Language Query 4-2,text,true,,271,159,10,70,http://localhost:8080/search?q=love&year=1994&language=English,161,0,0
1782356357710,183,HTTP Request,200,OK,Year-Language Query 4-6,text,true,,271,159,10,70,http://localhost:8080/search?q=love&year=1994&language=English,183,0,0
1782356357850,136,HTTP Request,200,OK,Year-Language Query 4-8,text,true,,271,159,10,70,http://localhost:8080/search?q=love&year=1994&language=English,136,0,0
1782356357850,146,HTTP Request,200,OK,Year-Language Query 4-5,text,true,,271,159,10,70,http://localhost:8080/search?q=love&year=1994&language=English,146,0,0
1782356357890,145,HTTP Request,200,OK,Year-Language Query 4-1,text,true,,271,159,10,70,http://localhost:8080/search?q=love&year=1994&language=English,145,0,0
1782356357893,143,HTTP Request,200,OK,Year-Language Query 4-6,text,true,,271,159,10,70,http://localhost:8080/search?q=love&year=1994&language=English,143,0,0
1782356357889,147,HTTP Request,200,OK,Year-Language Query 4-3,text,true,,271,159,10,70,http://localhost:8080/search?q=love&year=1994&language=English,147,0,0
1782356357889,152,HTTP Request,200,OK,Year-Language Query 4-7,text,true,,271,159,10,70,http://localhost:8080/search?q=love&year=1994&language=English,152,0,0
1782356357890,152,HTTP Request,200,OK,Year-Language Query 4-2,text,true,,271,159,10,70,http://localhost:8080/search?q=love&year=1994&language=English,152,0,0
1782356357889,153,HTTP Request,200,OK,Year-Language Query 4-10,text,true,,271,159,10,70,http://localhost:8080/search?q=love&year=1994&language=English,153,0,0
1782356357881,176,HTTP Request,200,OK,Year-Language Query 4-4,text,true,,271,159,10,70,http://localhost:8080/search?q=love&year=1994&language=English,176,0,0
1782356357859,199,HTTP Request,200,OK,Year-Language Query 4-9,text,true,,271,159,10,70,http://localhost:8080/search?q=love&year=1994&language=English,199,0,0
1782356357997,88,HTTP Request,200,OK,Year-Language Query 4-5,text,true,,271,159,10,70,http://localhost:8080/search?q=love&year=1994&language=English,88,0,0
1782356357987,98,HTTP Request,200,OK,Year-Language Query 4-8,text,true,,271,159,10,70,http://localhost:8080/search?q=love&year=1994&language=English,98,0,0
1782356358057,107,HTTP Request,200,OK,Year-Language Query 4-4,text,true,,271,159,10,70,http://localhost:8080/search?q=love&year=1994&language=English,107,0,0
1782356358042,142,HTTP Request,200,OK,Year-Language Query 4-7,text,true,,271,159,10,70,http://localhost:8080/search?q=love&year=1994&language=English,142,0,0
1782356358042,143,HTTP Request,200,OK,Year-Language Query 4-10,text,true,,271,159,10,70,http://localhost:8080/search?q=love&year=1994&language=English,143,0,0
1782356358035,150,HTTP Request,200,OK,Year-Language Query 4-1,text,true,,271,159,10,70,http://localhost:8080/search?q=love&year=1994&language=English,150,0,0
1782356358036,149,HTTP Request,200,OK,Year-Language Query 4-3,text,true,,271,159,10,70,http://localhost:8080/search?q=love&year=1994&language=English,149,0,0
1782356358036,149,HTTP Request,200,OK,Year-Language Query 4-6,text,true,,271,159,10,70,http://localhost:8080/search?q=love&year=1994&language=English,149,0,0
1782356358042,144,HTTP Request,200,OK,Year-Language Query 4-2,text,true,,271,159,10,70,http://localhost:8080/search?q=love&year=1994&language=English,143,0,0
1782356358085,108,HTTP Request,200,OK,Year-Language Query 4-5,text,true,,271,159,10,70,http://localhost:8080/search?q=love&year=1994&language=English,108,0,0
1782356358086,129,HTTP Request,200,OK,Year-Language Query 4-8,text,true,,271,159,10,70,http://localhost:8080/search?q=love&year=1994&language=English,129,0,0
1782356358059,199,HTTP Request,200,OK,Year-Language Query 4-9,text,true,,271,159,10,70,http://localhost:8080/search?q=love&year=1994&language=English,199,0,0
1782356358164,206,HTTP Request,200,OK,Year-Language Query 4-4,text,true,,271,159,10,70,http://localhost:8080/search?q=love&year=1994&language=English,206,0,0
1782356358185,213,HTTP Request,200,OK,Year-Language Query 4-10,text,true,,271,159,10,70,http://localhost:8080/search?q=love&year=1994&language=English,213,0,0
1782356358194,208,HTTP Request,200,OK,Year-Language Query 4-5,text,true,,271,159,10,70,http://localhost:8080/search?q=love&year=1994&language=English,208,0,0
1782356358185,219,HTTP Request,200,OK,Year-Language Query 4-1,text,true,,271,159,10,70,http://localhost:8080/search?q=love&year=1994&language=English,219,0,0
1782356358186,218,HTTP Request,200,OK,Year-Language Query 4-3,text,true,,271,159,10,70,http://localhost:8080/search?q=love&year=1994&language=English,218,0,0
1782356358215,201,HTTP Request,200,OK,Year-Language Query 4-8,text,true,,271,159,10,70,http://localhost:8080/search?q=love&year=1994&language=English,201,0,0
1782356358184,239,HTTP Request,200,OK,Year-Language Query 4-7,text,true,,271,159,10,70,http://localhost:8080/search?q=love&year=1994&language=English,239,0,0
1782356358186,244,HTTP Request,200,OK,Year-Language Query 4-2,text,true,,271,159,10,70,http://localhost:8080/search?q=love&year=1994&language=English,244,0,0
1782356358186,244,HTTP Request,200,OK,Year-Language Query 4-6,text,true,,271,159,10,70,http://localhost:8080/search?q=love&year=1994&language=English,244,0,0
1782356358259,175,HTTP Request,200,OK,Year-Language Query 4-9,text,true,,271,159,10,70,http://localhost:8080/search?q=love&year=1994&language=English,175,0,0
1782356358371,113,HTTP Request,200,OK,Year-Language Query 4-4,text,true,,271,159,10,70,http://localhost:8080/search?q=love&year=1994&language=English,113,0,0
1782356358404,101,HTTP Request,200,OK,Year-Language Query 4-1,text,true,,271,159,10,70,http://localhost:8080/search?q=love&year=1994&language=English,101,0,0
1782356358398,107,HTTP Request,200,OK,Year-Language Query 4-10,text,true,,271,159,10,70,http://localhost:8080/search?q=love&year=1994&language=English,107,0,0
1782356358404,117,HTTP Request,200,OK,Year-Language Query 4-3,text,true,,271,159,10,70,http://localhost:8080/search?q=love&year=1994&language=English,117,0,0
1782356358417,105,HTTP Request,200,OK,Year-Language Query 4-8,text,true,,271,159,10,70,http://localhost:8080/search?q=love&year=1994&language=English,105,0,0
1782356358434,100,HTTP Request,200,OK,Year-Language Query 4-9,text,true,,271,159,10,70,http://localhost:8080/search?q=love&year=1994&language=English,100,0,0
1782356358403,132,HTTP Request,200,OK,Year-Language Query 4-5,text,true,,271,159,10,70,http://localhost:8080/search?q=love&year=1994&language=English,132,0,0
1782356358430,106,HTTP Request,200,OK,Year-Language Query 4-6,text,true,,271,159,10,70,http://localhost:8080/search?q=love&year=1994&language=English,106,0,0
1782356358423,132,HTTP Request,200,OK,Year-Language Query 4-7,text,true,,271,159,10,70,http://localhost:8080/search?q=love&year=1994&language=English,132,0,0
1782356358506,128,HTTP Request,200,OK,Year-Language Query 4-10,text,true,,271,159,10,70,http://localhost:8080/search?q=love&year=1994&language=English,128,0,0
1782356358430,204,HTTP Request,200,OK,Year-Language Query 4-2,text,true,,271,159,10,70,http://localhost:8080/search?q=love&year=1994&language=English,204,0,0
1782356358521,114,HTTP Request,200,OK,Year-Language Query 4-3,text,true,,271,159,10,70,http://localhost:8080/search?q=love&year=1994&language=English,114,0,0
1782356358484,164,HTTP Request,200,OK,Year-Language Query 4-4,text,true,,271,159,10,70,http://localhost:8080/search?q=love&year=1994&language=English,164,0,0
1782356358505,148,HTTP Request,200,OK,Year-Language Query 4-1,text,true,,271,159,10,70,http://localhost:8080/search?q=love&year=1994&language=English,148,0,0
1782356358535,127,HTTP Request,200,OK,Year-Language Query 4-5,text,true,,271,159,10,70,http://localhost:8080/search?q=love&year=1994&language=English,127,0,0
1782356358535,128,HTTP Request,200,OK,Year-Language Query 4-9,text,true,,271,159,10,70,http://localhost:8080/search?q=love&year=1994&language=English,128,0,0
1782356358522,141,HTTP Request,200,OK,Year-Language Query 4-8,text,true,,271,159,10,70,http://localhost:8080/search?q=love&year=1994&language=English,141,0,0
1782356358536,130,HTTP Request,200,OK,Year-Language Query 4-6,text,true,,271,159,10,70,http://localhost:8080/search?q=love&year=1994&language=English,130,0,0
1782356358555,186,HTTP Request,200,OK,Year-Language Query 4-7,text,true,,271,159,10,70,http://localhost:8080/search?q=love&year=1994&language=English,186,0,0
1782356358634,154,HTTP Request,200,OK,Year-Language Query 4-2,text,true,,271,159,10,70,http://localhost:8080/search?q=love&year=1994&language=English,154,0,0
1782356358664,152,HTTP Request,200,OK,Year-Language Query 4-8,text,true,,271,159,10,70,http://localhost:8080/search?q=love&year=1994&language=English,152,0,0
1782356358663,156,HTTP Request,200,OK,Year-Language Query 4-5,text,true,,271,159,10,70,http://localhost:8080/search?q=love&year=1994&language=English,156,0,0
1782356358663,157,HTTP Request,200,OK,Year-Language Query 4-9,text,true,,271,159,10,70,http://localhost:8080/search?q=love&year=1994&language=English,157,0,0
1782356358667,153,HTTP Request,200,OK,Year-Language Query 4-6,text,true,,271,159,10,70,http://localhost:8080/search?q=love&year=1994&language=English,153,0,0
1782356358654,167,HTTP Request,200,OK,Year-Language Query 4-1,text,true,,271,159,10,70,http://localhost:8080/search?q=love&year=1994&language=English,167,0,0
1782356358635,187,HTTP Request,200,OK,Year-Language Query 4-3,text,true,,271,159,10,70,http://localhost:8080/search?q=love&year=1994&language=English,187,0,0
1782356358741,124,HTTP Request,200,OK,Year-Language Query 4-7,text,true,,271,159,10,70,http://localhost:8080/search?q=love&year=1994&language=English,124,0,0
1782356358634,255,HTTP Request,200,OK,Year-Language Query 4-10,text,true,,271,159,10,70,http://localhost:8080/search?q=love&year=1994&language=English,255,0,0
1782356358648,241,HTTP Request,200,OK,Year-Language Query 4-4,text,true,,271,159,10,70,http://localhost:8080/search?q=love&year=1994&language=English,241,0,0
1782356358789,116,HTTP Request,200,OK,Year-Language Query 4-2,text,true,,271,159,10,70,http://localhost:8080/search?q=love&year=1994&language=English,116,0,0
1782356358817,116,HTTP Request,200,OK,Year-Language Query 4-8,text,true,,271,159,10,70,http://localhost:8080/search?q=love&year=1994&language=English,116,0,0
1782356358819,114,HTTP Request,200,OK,Year-Language Query 4-5,text,true,,271,159,10,70,http://localhost:8080/search?q=love&year=1994&language=English,114,0,0
1782356358821,113,HTTP Request,200,OK,Year-Language Query 4-6,text,true,,271,159,10,70,http://localhost:8080/search?q=love&year=1994&language=English,113,0,0
1782356358823,134,HTTP Request,200,OK,Year-Language Query 4-3,text,true,,271,159,10,70,http://localhost:8080/search?q=love&year=1994&language=English,134,0,0
1782356358821,139,HTTP Request,200,OK,Year-Language Query 4-1,text,true,,271,159,10,70,http://localhost:8080/search?q=love&year=1994&language=English,139,0,0
1782356358820,143,HTTP Request,200,OK,Year-Language Query 4-9,text,true,,271,159,10,70,http://localhost:8080/search?q=love&year=1994&language=English,143,0,0
1782356358865,151,HTTP Request,200,OK,Year-Language Query 4-7,text,true,,271,159,10,70,http://localhost:8080/search?q=love&year=1994&language=English,151,0,0
1782356358933,150,HTTP Request,200,OK,Year-Language Query 4-5,text,true,,271,159,10,70,http://localhost:8080/search?q=love&year=1994&language=English,150,0,0
1782356358933,151,HTTP Request,200,OK,Year-Language Query 4-8,text,true,,271,159,10,70,http://localhost:8080/search?q=love&year=1994&language=English,151,0,0
1782356358889,206,HTTP Request,200,OK,Year-Language Query 4-10,text,true,,271,159,10,70,http://localhost:8080/search?q=love&year=1994&language=English,206,0,0
1782356358890,205,HTTP Request,200,OK,Year-Language Query 4-4,text,true,,271,159,10,70,http://localhost:8080/search?q=love&year=1994&language=English,205,0,0
1782356358960,156,HTTP Request,200,OK,Year-Language Query 4-1,text,true,,271,159,10,70,http://localhost:8080/search?q=love&year=1994&language=English,156,0,0
1782356358963,159,HTTP Request,200,OK,Year-Language Query 4-9,text,true,,271,159,10,70,http://localhost:8080/search?q=love&year=1994&language=English,159,0,0
1782356358957,183,HTTP Request,200,OK,Year-Language Query 4-3,text,true,,271,159,10,70,http://localhost:8080/search?q=love&year=1994&language=English,183,0,0
1782356358934,208,HTTP Request,200,OK,Year-Language Query 4-6,text,true,,271,159,10,70,http://localhost:8080/search?q=love&year=1994&language=English,208,0,0
1782356359016,128,HTTP Request,200,OK,Year-Language Query 4-7,text,true,,271,159,10,70,http://localhost:8080/search?q=love&year=1994&language=English,128,0,0
1782356358933,227,HTTP Request,200,OK,Year-Language Query 4-2,text,true,,271,159,10,70,http://localhost:8080/search?q=love&year=1994&language=English,227,0,0
1782356359084,98,HTTP Request,200,OK,Year-Language Query 4-8,text,true,,271,159,10,70,http://localhost:8080/search?q=love&year=1994&language=English,98,0,0
1782356359083,101,HTTP Request,200,OK,Year-Language Query 4-5,text,true,,271,159,10,70,http://localhost:8080/search?q=love&year=1994&language=English,101,0,0
1782356359144,107,HTTP Request,200,OK,Year-Language Query 4-7,text,true,,271,159,10,70,http://localhost:8080/search?q=love&year=1994&language=English,107,0,0
1782356359122,144,HTTP Request,200,OK,Year-Language Query 4-9,text,true,,271,159,10,70,http://localhost:8080/search?q=love&year=1994&language=English,144,0,0
1782356359095,174,HTTP Request,200,OK,Year-Language Query 4-4,text,true,,271,159,10,70,http://localhost:8080/search?q=love&year=1994&language=English,174,0,0
1782356359142,128,HTTP Request,200,OK,Year-Language Query 4-6,text,true,,271,159,10,70,http://localhost:8080/search?q=love&year=1994&language=English,128,0,0
1782356359140,131,HTTP Request,200,OK,Year-Language Query 4-3,text,true,,271,159,10,70,http://localhost:8080/search?q=love&year=1994&language=English,131,0,0
1782356359183,88,HTTP Request,200,OK,Year-Language Query 4-8,text,true,,271,159,10,70,http://localhost:8080/search?q=love&year=1994&language=English,88,0,0
1782356359116,155,HTTP Request,200,OK,Year-Language Query 4-1,text,true,,271,159,10,70,http://localhost:8080/search?q=love&year=1994&language=English,155,0,0
1782356359095,177,HTTP Request,200,OK,Year-Language Query 4-10,text,true,,271,159,10,70,http://localhost:8080/search?q=love&year=1994&language=English,177,0,0
1782356359184,92,HTTP Request,200,OK,Year-Language Query 4-5,text,true,,271,159,10,70,http://localhost:8080/search?q=love&year=1994&language=English,92,0,0
1782356359160,129,HTTP Request,200,OK,Year-Language Query 4-2,text,true,,271,159,10,70,http://localhost:8080/search?q=love&year=1994&language=English,129,0,0
1782356359271,112,HTTP Request,200,OK,Year-Language Query 4-1,text,true,,271,159,10,70,http://localhost:8080/search?q=love&year=1994&language=English,112,0,0
1782356359267,126,HTTP Request,200,OK,Year-Language Query 4-9,text,true,,271,159,10,70,http://localhost:8080/search?q=love&year=1994&language=English,126,0,0
1782356359270,125,HTTP Request,200,OK,Year-Language Query 4-4,text,true,,271,159,10,70,http://localhost:8080/search?q=love&year=1994&language=English,125,0,0
1782356359270,126,HTTP Request,200,OK,Year-Language Query 4-6,text,true,,271,159,10,70,http://localhost:8080/search?q=love&year=1994&language=English,126,0,0
1782356359272,124,HTTP Request,200,OK,Year-Language Query 4-10,text,true,,271,159,10,70,http://localhost:8080/search?q=love&year=1994&language=English,124,0,0
1782356359251,145,HTTP Request,200,OK,Year-Language Query 4-7,text,true,,271,159,10,70,http://localhost:8080/search?q=love&year=1994&language=English,145,0,0
1782356359271,154,HTTP Request,200,OK,Year-Language Query 4-8,text,true,,271,159,10,70,http://localhost:8080/search?q=love&year=1994&language=English,154,0,0
1782356359276,151,HTTP Request,200,OK,Year-Language Query 4-5,text,true,,271,159,10,70,http://localhost:8080/search?q=love&year=1994&language=English,151,0,0
1782356359271,187,HTTP Request,200,OK,Year-Language Query 4-3,text,true,,271,159,10,70,http://localhost:8080/search?q=love&year=1994&language=English,187,0,0
1782356359384,91,HTTP Request,200,OK,Year-Language Query 4-1,text,true,,271,159,10,70,http://localhost:8080/search?q=love&year=1994&language=English,91,0,0
1782356359289,187,HTTP Request,200,OK,Year-Language Query 4-2,text,true,,271,159,10,70,http://localhost:8080/search?q=love&year=1994&language=English,187,0,0
1782356359395,133,HTTP Request,200,OK,Year-Language Query 4-4,text,true,,271,159,10,70,http://localhost:8080/search?q=love&year=1994&language=English,133,0,0
1782356359396,132,HTTP Request,200,OK,Year-Language Query 4-10,text,true,,271,159,10,70,http://localhost:8080/search?q=love&year=1994&language=English,132,0,0
1782356359396,132,HTTP Request,200,OK,Year-Language Query 4-7,text,true,,271,159,10,70,http://localhost:8080/search?q=love&year=1994&language=English,132,0,0
1782356359394,135,HTTP Request,200,OK,Year-Language Query 4-9,text,true,,271,159,10,70,http://localhost:8080/search?q=love&year=1994&language=English,135,0,0
1782356359396,134,HTTP Request,200,OK,Year-Language Query 4-6,text,true,,271,159,10,70,http://localhost:8080/search?q=love&year=1994&language=English,134,0,0
1782356359425,212,HTTP Request,200,OK,Year-Language Query 4-8,text,true,,271,159,10,70,http://localhost:8080/search?q=love&year=1994&language=English,212,0,0
1782356359458,187,HTTP Request,200,OK,Year-Language Query 4-3,text,true,,271,159,10,70,http://localhost:8080/search?q=love&year=1994&language=English,187,0,0
1782356359476,169,HTTP Request,200,OK,Year-Language Query 4-2,text,true,,271,159,10,70,http://localhost:8080/search?q=love&year=1994&language=English,169,0,0
1782356359528,117,HTTP Request,200,OK,Year-Language Query 4-10,text,true,,271,159,10,70,http://localhost:8080/search?q=love&year=1994&language=English,117,0,0
1782356359528,128,HTTP Request,200,OK,Year-Language Query 4-7,text,true,,271,159,10,70,http://localhost:8080/search?q=love&year=1994&language=English,128,0,0
1782356359529,129,HTTP Request,200,OK,Year-Language Query 4-9,text,true,,271,159,10,70,http://localhost:8080/search?q=love&year=1994&language=English,129,0,0
1782356359528,140,HTTP Request,200,OK,Year-Language Query 4-4,text,true,,271,159,10,70,http://localhost:8080/search?q=love&year=1994&language=English,140,0,0
1782356359530,180,HTTP Request,200,OK,Year-Language Query 4-6,text,true,,271,159,10,70,http://localhost:8080/search?q=love&year=1994&language=English,180,0,0
1782356359475,248,HTTP Request,200,OK,Year-Language Query 4-1,text,true,,271,159,10,70,http://localhost:8080/search?q=love&year=1994&language=English,248,0,0
1782356359427,296,HTTP Request,200,OK,Year-Language Query 4-5,text,true,,271,159,10,70,http://localhost:8080/search?q=love&year=1994&language=English,296,0,0
1782356359645,111,HTTP Request,200,OK,Year-Language Query 4-2,text,true,,271,159,10,70,http://localhost:8080/search?q=love&year=1994&language=English,111,0,0
1782356359637,120,HTTP Request,200,OK,Year-Language Query 4-8,text,true,,271,159,10,70,http://localhost:8080/search?q=love&year=1994&language=English,120,0,0
1782356359645,113,HTTP Request,200,OK,Year-Language Query 4-3,text,true,,271,159,10,70,http://localhost:8080/search?q=love&year=1994&language=English,113,0,0
1782356359646,112,HTTP Request,200,OK,Year-Language Query 4-10,text,true,,271,159,10,70,http://localhost:8080/search?q=love&year=1994&language=English,112,0,0
1782356359658,144,HTTP Request,200,OK,Year-Language Query 4-9,text,true,,271,159,10,70,http://localhost:8080/search?q=love&year=1994&language=English,144,0,0
1782356359756,67,HTTP Request,200,OK,Year-Language Query 4-2,text,true,,271,159,10,70,http://localhost:8080/search?q=love&year=1994&language=English,67,0,0
1782356359657,181,HTTP Request,200,OK,Year-Language Query 4-7,text,true,,271,159,10,70,http://localhost:8080/search?q=love&year=1994&language=English,181,0,0
1782356359668,170,HTTP Request,200,OK,Year-Language Query 4-4,text,true,,271,159,10,70,http://localhost:8080/search?q=love&year=1994&language=English,170,0,0
1782356359758,100,HTTP Request,200,OK,Year-Language Query 4-3,text,true,,271,159,10,70,http://localhost:8080/search?q=love&year=1994&language=English,100,0,0
1782356359758,108,HTTP Request,200,OK,Year-Language Query 4-10,text,true,,271,159,10,70,http://localhost:8080/search?q=love&year=1994&language=English,108,0,0
1782356359758,109,HTTP Request,200,OK,Year-Language Query 4-8,text,true,,271,159,10,70,http://localhost:8080/search?q=love&year=1994&language=English,109,0,0
1782356359710,157,HTTP Request,200,OK,Year-Language Query 4-6,text,true,,271,159,10,70,http://localhost:8080/search?q=love&year=1994&language=English,157,0,0
1782356359723,145,HTTP Request,200,OK,Year-Language Query 4-5,text,true,,271,159,10,70,http://localhost:8080/search?q=love&year=1994&language=English,145,0,0
1782356359723,173,HTTP Request,200,OK,Year-Language Query 4-1,text,true,,271,159,10,70,http://localhost:8080/search?q=love&year=1994&language=English,173,0,0
1782356359802,100,HTTP Request,200,OK,Year-Language Query 4-9,text,true,,271,159,10,70,http://localhost:8080/search?q=love&year=1994&language=English,100,0,0
1782356359823,80,HTTP Request,200,OK,Year-Language Query 4-2,text,true,,271,159,10,70,http://localhost:8080/search?q=love&year=1994&language=English,80,0,0
1782356359838,82,HTTP Request,200,OK,Year-Language Query 4-7,text,true,,271,159,10,70,http://localhost:8080/search?q=love&year=1994&language=English,82,0,0
1782356359838,134,HTTP Request,200,OK,Year-Language Query 4-4,text,true,,271,159,10,70,http://localhost:8080/search?q=love&year=1994&language=English,134,0,0
1782356359859,121,HTTP Request,200,OK,Year-Language Query 4-3,text,true,,271,159,10,70,http://localhost:8080/search?q=love&year=1994&language=English,121,0,0
1782356359867,113,HTTP Request,200,OK,Year-Language Query 4-8,text,true,,271,159,10,70,http://localhost:8080/search?q=love&year=1994&language=English,113,0,0
1782356359866,114,HTTP Request,200,OK,Year-Language Query 4-10,text,true,,271,159,10,70,http://localhost:8080/search?q=love&year=1994&language=English,114,0,0
1782356359867,114,HTTP Request,200,OK,Year-Language Query 4-6,text,true,,271,159,10,70,http://localhost:8080/search?q=love&year=1994&language=English,114,0,0
1782356359902,84,HTTP Request,200,OK,Year-Language Query 4-9,text,true,,271,159,10,70,http://localhost:8080/search?q=love&year=1994&language=English,84,0,0
1782356359896,90,HTTP Request,200,OK,Year-Language Query 4-1,text,true,,271,159,10,70,http://localhost:8080/search?q=love&year=1994&language=English,90,0,0
1782356359903,92,HTTP Request,200,OK,Year-Language Query 4-2,text,true,,271,159,10,70,http://localhost:8080/search?q=love&year=1994&language=English,92,0,0
1782356359868,149,HTTP Request,200,OK,Year-Language Query 4-5,text,true,,271,159,10,70,http://localhost:8080/search?q=love&year=1994&language=English,149,0,0
1782356359921,187,HTTP Request,200,OK,Year-Language Query 4-7,text,true,,271,159,10,70,http://localhost:8080/search?q=love&year=1994&language=English,187,0,0
1782356359972,141,HTTP Request,200,OK,Year-Language Query 4-4,text,true,,271,159,10,70,http://localhost:8080/search?q=love&year=1994&language=English,141,0,0
1782356359995,147,HTTP Request,200,OK,Year-Language Query 4-2,text,true,,271,159,10,70,http://localhost:8080/search?q=love&year=1994&language=English,147,0,0
1782356359981,165,HTTP Request,200,OK,Year-Language Query 4-6,text,true,,271,159,10,70,http://localhost:8080/search?q=love&year=1994&language=English,165,0,0
1782356360017,132,HTTP Request,200,OK,Year-Language Query 4-5,text,true,,271,159,10,70,http://localhost:8080/search?q=love&year=1994&language=English,132,0,0
1782356359986,163,HTTP Request,200,OK,Year-Language Query 4-1,text,true,,271,159,10,70,http://localhost:8080/search?q=love&year=1994&language=English,163,0,0
1782356359980,171,HTTP Request,200,OK,Year-Language Query 4-3,text,true,,271,159,10,70,http://localhost:8080/search?q=love&year=1994&language=English,171,0,0
1782356359986,167,HTTP Request,200,OK,Year-Language Query 4-9,text,true,,271,159,10,70,http://localhost:8080/search?q=love&year=1994&language=English,167,0,0
1782356359980,174,HTTP Request,200,OK,Year-Language Query 4-10,text,true,,271,159,10,70,http://localhost:8080/search?q=love&year=1994&language=English,174,0,0
1782356359980,193,HTTP Request,200,OK,Year-Language Query 4-8,text,true,,271,159,10,70,http://localhost:8080/search?q=love&year=1994&language=English,193,0,0
1782356360108,76,HTTP Request,200,OK,Year-Language Query 4-7,text,true,,271,159,10,70,http://localhost:8080/search?q=love&year=1994&language=English,76,0,0
1782356360113,86,HTTP Request,200,OK,Year-Language Query 4-4,text,true,,271,159,10,70,http://localhost:8080/search?q=love&year=1994&language=English,86,0,0
1782356360142,80,HTTP Request,200,OK,Year-Language Query 4-2,text,true,,271,159,10,70,http://localhost:8080/search?q=love&year=1994&language=English,80,0,0
1782356360147,90,HTTP Request,200,OK,Year-Language Query 4-6,text,true,,271,159,10,70,http://localhost:8080/search?q=love&year=1994&language=English,90,0,0
1782356360149,88,HTTP Request,200,OK,Year-Language Query 4-5,text,true,,271,159,10,70,http://localhost:8080/search?q=love&year=1994&language=English,88,0,0
1782356360151,89,HTTP Request,200,OK,Year-Language Query 4-3,text,true,,271,159,10,70,http://localhost:8080/search?q=love&year=1994&language=English,89,0,0
1782356360154,88,HTTP Request,200,OK,Year-Language Query 4-9,text,true,,271,159,10,70,http://localhost:8080/search?q=love&year=1994&language=English,88,0,0
1782356360154,88,HTTP Request,200,OK,Year-Language Query 4-10,text,true,,271,159,10,70,http://localhost:8080/search?q=love&year=1994&language=English,88,0,0
1782356360149,107,HTTP Request,200,OK,Year-Language Query 4-1,text,true,,271,159,10,70,http://localhost:8080/search?q=love&year=1994&language=English,107,0,0
1782356360184,83,HTTP Request,200,OK,Year-Language Query 4-7,text,true,,271,159,10,70,http://localhost:8080/search?q=love&year=1994&language=English,83,0,0
1782356360174,104,HTTP Request,200,OK,Year-Language Query 4-8,text,true,,271,159,10,70,http://localhost:8080/search?q=love&year=1994&language=English,104,0,0
1782356360199,93,HTTP Request,200,OK,Year-Language Query 4-4,text,true,,271,159,10,70,http://localhost:8080/search?q=love&year=1994&language=English,93,0,0
1782356360222,103,HTTP Request,200,OK,Year-Language Query 4-2,text,true,,271,159,10,70,http://localhost:8080/search?q=love&year=1994&language=English,103,0,0
1782356360237,89,HTTP Request,200,OK,Year-Language Query 4-6,text,true,,271,159,10,70,http://localhost:8080/search?q=love&year=1994&language=English,89,0,0
1782356360240,86,HTTP Request,200,OK,Year-Language Query 4-3,text,true,,271,159,10,70,http://localhost:8080/search?q=love&year=1994&language=English,86,0,0
1782356360242,84,HTTP Request,200,OK,Year-Language Query 4-10,text,true,,271,159,10,70,http://localhost:8080/search?q=love&year=1994&language=English,84,0,0
1782356360237,90,HTTP Request,200,OK,Year-Language Query 4-5,text,true,,271,159,10,70,http://localhost:8080/search?q=love&year=1994&language=English,90,0,0
1782356360242,85,HTTP Request,200,OK,Year-Language Query 4-9,text,true,,271,159,10,70,http://localhost:8080/search?q=love&year=1994&language=English,85,0,0
1782356360278,112,HTTP Request,200,OK,Year-Language Query 4-8,text,true,,271,159,10,70,http://localhost:8080/search?q=love&year=1994&language=English,112,0,0
1782356360267,125,HTTP Request,200,OK,Year-Language Query 4-7,text,true,,271,159,10,70,http://localhost:8080/search?q=love&year=1994&language=English,125,0,0
1782356360256,137,HTTP Request,200,OK,Year-Language Query 4-1,text,true,,271,159,10,70,http://localhost:8080/search?q=love&year=1994&language=English,137,0,0
1782356360293,105,HTTP Request,200,OK,Year-Language Query 4-4,text,true,,271,159,10,70,http://localhost:8080/search?q=love&year=1994&language=English,105,0,0
1782356360327,96,HTTP Request,200,OK,Year-Language Query 4-9,text,true,,271,159,10,70,http://localhost:8080/search?q=love&year=1994&language=English,96,0,0
1782356360327,96,HTTP Request,200,OK,Year-Language Query 4-10,text,true,,271,159,10,70,http://localhost:8080/search?q=love&year=1994&language=English,96,0,0
1782356360327,99,HTTP Request,200,OK,Year-Language Query 4-5,text,true,,271,159,10,70,http://localhost:8080/search?q=love&year=1994&language=English,99,0,0
1782356360326,104,HTTP Request,200,OK,Year-Language Query 4-6,text,true,,271,159,10,70,http://localhost:8080/search?q=love&year=1994&language=English,104,0,0
1782356360326,104,HTTP Request,200,OK,Year-Language Query 4-3,text,true,,271,159,10,70,http://localhost:8080/search?q=love&year=1994&language=English,104,0,0
1782356360325,105,HTTP Request,200,OK,Year-Language Query 4-2,text,true,,271,159,10,70,http://localhost:8080/search?q=love&year=1994&language=English,105,0,0
1782356360391,86,HTTP Request,200,OK,Year-Language Query 4-8,text,true,,271,159,10,70,http://localhost:8080/search?q=love&year=1994&language=English,86,0,0
1782356360423,73,HTTP Request,200,OK,Year-Language Query 4-10,text,true,,271,159,10,70,http://localhost:8080/search?q=love&year=1994&language=English,73,0,0
1782356360430,66,HTTP Request,200,OK,Year-Language Query 4-3,text,true,,271,159,10,70,http://localhost:8080/search?q=love&year=1994&language=English,66,0,0
1782356360423,73,HTTP Request,200,OK,Year-Language Query 4-9,text,true,,271,159,10,70,http://localhost:8080/search?q=love&year=1994&language=English,73,0,0
1782356360430,72,HTTP Request,200,OK,Year-Language Query 4-6,text,true,,271,159,10,70,http://localhost:8080/search?q=love&year=1994&language=English,72,0,0
1782356360430,77,HTTP Request,200,OK,Year-Language Query 4-2,text,true,,271,159,10,70,http://localhost:8080/search?q=love&year=1994&language=English,77,0,0
1782356360392,126,HTTP Request,200,OK,Year-Language Query 4-7,text,true,,271,159,10,70,http://localhost:8080/search?q=love&year=1994&language=English,126,0,0
1782356360399,122,HTTP Request,200,OK,Year-Language Query 4-4,text,true,,271,159,10,70,http://localhost:8080/search?q=love&year=1994&language=English,122,0,0
1782356360426,97,HTTP Request,200,OK,Year-Language Query 4-5,text,true,,271,159,10,70,http://localhost:8080/search?q=love&year=1994&language=English,97,0,0
1782356360393,147,HTTP Request,200,OK,Year-Language Query 4-1,text,true,,271,159,10,70,http://localhost:8080/search?q=love&year=1994&language=English,147,0,0
1782356360502,135,HTTP Request,200,OK,Year-Language Query 4-6,text,true,,271,159,10,70,http://localhost:8080/search?q=love&year=1994&language=English,135,0,0
1782356360507,130,HTTP Request,200,OK,Year-Language Query 4-2,text,true,,271,159,10,70,http://localhost:8080/search?q=love&year=1994&language=English,130,0,0
1782356360496,142,HTTP Request,200,OK,Year-Language Query 4-9,text,true,,271,159,10,70,http://localhost:8080/search?q=love&year=1994&language=English,142,0,0
1782356360496,144,HTTP Request,200,OK,Year-Language Query 4-3,text,true,,271,159,10,70,http://localhost:8080/search?q=love&year=1994&language=English,144,0,0
1782356360496,155,HTTP Request,200,OK,Year-Language Query 4-10,text,true,,271,159,10,70,http://localhost:8080/search?q=love&year=1994&language=English,155,0,0
1782356360477,179,HTTP Request,200,OK,Year-Language Query 4-8,text,true,,271,159,10,70,http://localhost:8080/search?q=love&year=1994&language=English,179,0,0
1782356360521,155,HTTP Request,200,OK,Year-Language Query 4-4,text,true,,271,159,10,70,http://localhost:8080/search?q=love&year=1994&language=English,155,0,0
1782356360518,160,HTTP Request,200,OK,Year-Language Query 4-7,text,true,,271,159,10,70,http://localhost:8080/search?q=love&year=1994&language=English,160,0,0
1782356360523,199,HTTP Request,200,OK,Year-Language Query 4-5,text,true,,271,159,10,70,http://localhost:8080/search?q=love&year=1994&language=English,199,0,0
1782356360540,187,HTTP Request,200,OK,Year-Language Query 4-1,text,true,,271,159,10,70,http://localhost:8080/search?q=love&year=1994&language=English,187,0,0
1782356360637,97,HTTP Request,200,OK,Year-Language Query 4-6,text,true,,271,159,10,70,http://localhost:8080/search?q=love&year=1994&language=English,97,0,0
1782356360637,99,HTTP Request,200,OK,Year-Language Query 4-2,text,true,,271,159,10,70,http://localhost:8080/search?q=love&year=1994&language=English,99,0,0
1782356360639,98,HTTP Request,200,OK,Year-Language Query 4-9,text,true,,271,159,10,70,http://localhost:8080/search?q=love&year=1994&language=English,98,0,0
1782356360640,97,HTTP Request,200,OK,Year-Language Query 4-3,text,true,,271,159,10,70,http://localhost:8080/search?q=love&year=1994&language=English,97,0,0
1782356360651,94,HTTP Request,200,OK,Year-Language Query 4-10,text,true,,271,159,10,70,http://localhost:8080/search?q=love&year=1994&language=English,94,0,0
1782356360678,74,HTTP Request,200,OK,Year-Language Query 4-7,text,true,,271,159,10,70,http://localhost:8080/search?q=love&year=1994&language=English,74,0,0
1782356360677,75,HTTP Request,200,OK,Year-Language Query 4-4,text,true,,271,159,10,70,http://localhost:8080/search?q=love&year=1994&language=English,75,0,0
1782356360656,115,HTTP Request,200,OK,Year-Language Query 4-8,text,true,,271,159,10,70,http://localhost:8080/search?q=love&year=1994&language=English,115,0,0
1782356360737,81,HTTP Request,200,OK,Year-Language Query 4-2,text,true,,271,159,10,70,http://localhost:8080/search?q=love&year=1994&language=English,81,0,0
1782356360727,118,HTTP Request,200,OK,Year-Language Query 4-1,text,true,,271,159,10,70,http://localhost:8080/search?q=love&year=1994&language=English,118,0,0
1782356360734,112,HTTP Request,200,OK,Year-Language Query 4-6,text,true,,271,159,10,70,http://localhost:8080/search?q=love&year=1994&language=English,112,0,0
1782356360752,97,HTTP Request,200,OK,Year-Language Query 4-4,text,true,,271,159,10,70,http://localhost:8080/search?q=love&year=1994&language=English,97,0,0
1782356360752,99,HTTP Request,200,OK,Year-Language Query 4-7,text,true,,271,159,10,70,http://localhost:8080/search?q=love&year=1994&language=English,99,0,0
1782356360737,129,HTTP Request,200,OK,Year-Language Query 4-3,text,true,,271,159,10,70,http://localhost:8080/search?q=love&year=1994&language=English,129,0,0
1782356360722,144,HTTP Request,200,OK,Year-Language Query 4-5,text,true,,271,159,10,70,http://localhost:8080/search?q=love&year=1994&language=English,144,0,0
1782356360737,134,HTTP Request,200,OK,Year-Language Query 4-9,text,true,,271,159,10,70,http://localhost:8080/search?q=love&year=1994&language=English,134,0,0
1782356360771,132,HTTP Request,200,OK,Year-Language Query 4-8,text,true,,271,159,10,70,http://localhost:8080/search?q=love&year=1994&language=English,132,0,0
1782356360745,160,HTTP Request,200,OK,Year-Language Query 4-10,text,true,,271,159,10,70,http://localhost:8080/search?q=love&year=1994&language=English,160,0,0
1782356360819,86,HTTP Request,200,OK,Year-Language Query 4-2,text,true,,271,159,10,70,http://localhost:8080/search?q=love&year=1994&language=English,86,0,0
1782356360846,96,HTTP Request,200,OK,Year-Language Query 4-6,text,true,,271,159,10,70,http://localhost:8080/search?q=love&year=1994&language=English,96,0,0
1782356360845,107,HTTP Request,200,OK,Year-Language Query 4-1,text,true,,271,159,10,70,http://localhost:8080/search?q=love&year=1994&language=English,107,0,0
1782356360849,105,HTTP Request,200,OK,Year-Language Query 4-4,text,true,,271,159,10,70,http://localhost:8080/search?q=love&year=1994&language=English,105,0,0
1782356360866,158,HTTP Request,200,OK,Year-Language Query 4-3,text,true,,271,159,10,70,http://localhost:8080/search?q=love&year=1994&language=English,158,0,0
1782356360852,172,HTTP Request,200,OK,Year-Language Query 4-7,text,true,,271,159,10,70,http://localhost:8080/search?q=love&year=1994&language=English,172,0,0
1782356360942,90,HTTP Request,200,OK,Year-Language Query 4-6,text,true,,271,159,10,70,http://localhost:8080/search?q=love&year=1994&language=English,90,0,0
1782356360954,79,HTTP Request,200,OK,Year-Language Query 4-4,text,true,,271,159,10,70,http://localhost:8080/search?q=love&year=1994&language=English,79,0,0
1782356360871,164,HTTP Request,200,OK,Year-Language Query 4-9,text,true,,271,159,10,70,http://localhost:8080/search?q=love&year=1994&language=English,164,0,0
1782356360866,175,HTTP Request,200,OK,Year-Language Query 4-5,text,true,,271,159,10,70,http://localhost:8080/search?q=love&year=1994&language=English,175,0,0
1782356360905,138,HTTP Request,200,OK,Year-Language Query 4-10,text,true,,271,159,10,70,http://localhost:8080/search?q=love&year=1994&language=English,138,0,0
1782356360903,177,HTTP Request,200,OK,Year-Language Query 4-8,text,true,,271,159,10,70,http://localhost:8080/search?q=love&year=1994&language=English,177,0,0
1782356360905,175,HTTP Request,200,OK,Year-Language Query 4-2,text,true,,271,159,10,70,http://localhost:8080/search?q=love&year=1994&language=English,175,0,0
1782356360952,249,HTTP Request,200,OK,Year-Language Query 4-1,text,true,,271,159,10,70,http://localhost:8080/search?q=love&year=1994&language=English,249,0,0
1782356361024,178,HTTP Request,200,OK,Year-Language Query 4-3,text,true,,271,159,10,70,http://localhost:8080/search?q=love&year=1994&language=English,178,0,0
1782356361024,185,HTTP Request,200,OK,Year-Language Query 4-7,text,true,,271,159,10,70,http://localhost:8080/search?q=love&year=1994&language=English,185,0,0
1782356361080,137,HTTP Request,200,OK,Year-Language Query 4-8,text,true,,271,159,10,70,http://localhost:8080/search?q=love&year=1994&language=English,137,0,0
1782356361041,193,HTTP Request,200,OK,Year-Language Query 4-5,text,true,,271,159,10,70,http://localhost:8080/search?q=love&year=1994&language=English,193,0,0
1782356361035,211,HTTP Request,200,OK,Year-Language Query 4-9,text,true,,271,159,10,70,http://localhost:8080/search?q=love&year=1994&language=English,211,0,0
1782356361032,215,HTTP Request,200,OK,Year-Language Query 4-6,text,true,,271,159,10,70,http://localhost:8080/search?q=love&year=1994&language=English,215,0,0
1782356361043,205,HTTP Request,200,OK,Year-Language Query 4-10,text,true,,271,159,10,70,http://localhost:8080/search?q=love&year=1994&language=English,205,0,0
1782356361080,168,HTTP Request,200,OK,Year-Language Query 4-2,text,true,,271,159,10,70,http://localhost:8080/search?q=love&year=1994&language=English,168,0,0
1782356361033,221,HTTP Request,200,OK,Year-Language Query 4-4,text,true,,271,159,10,70,http://localhost:8080/search?q=love&year=1994&language=English,221,0,0
1782356361201,67,HTTP Request,200,OK,Year-Language Query 4-1,text,true,,271,159,10,70,http://localhost:8080/search?q=love&year=1994&language=English,67,0,0
1782356361202,68,HTTP Request,200,OK,Year-Language Query 4-3,text,true,,271,159,10,70,http://localhost:8080/search?q=love&year=1994&language=English,68,0,0
1782356361217,86,HTTP Request,200,OK,Year-Language Query 4-8,text,true,,271,159,10,70,http://localhost:8080/search?q=love&year=1994&language=English,86,0,0
1782356361209,103,HTTP Request,200,OK,Year-Language Query 4-7,text,true,,271,159,10,70,http://localhost:8080/search?q=love&year=1994&language=English,103,0,0
1782356361234,80,HTTP Request,200,OK,Year-Language Query 4-5,text,true,,271,159,10,70,http://localhost:8080/search?q=love&year=1994&language=English,80,0,0
1782356361254,114,HTTP Request,200,OK,Year-Language Query 4-4,text,true,,271,159,10,70,http://localhost:8080/search?q=love&year=1994&language=English,114,0,0
1782356361247,122,HTTP Request,200,OK,Year-Language Query 4-6,text,true,,271,159,10,70,http://localhost:8080/search?q=love&year=1994&language=English,122,0,0
1782356361247,140,HTTP Request,200,OK,Year-Language Query 4-9,text,true,,271,159,10,70,http://localhost:8080/search?q=love&year=1994&language=English,140,0,0
1782356361269,119,HTTP Request,200,OK,Year-Language Query 4-1,text,true,,271,159,10,70,http://localhost:8080/search?q=love&year=1994&language=English,119,0,0
1782356361248,140,HTTP Request,200,OK,Year-Language Query 4-10,text,true,,271,159,10,70,http://localhost:8080/search?q=love&year=1994&language=English,140,0,0
1782356361248,141,HTTP Request,200,OK,Year-Language Query 4-2,text,true,,271,159,10,70,http://localhost:8080/search?q=love&year=1994&language=English,141,0,0
1782356361304,108,HTTP Request,200,OK,Year-Language Query 4-8,text,true,,271,159,10,70,http://localhost:8080/search?q=love&year=1994&language=English,108,0,0
1782356361270,154,HTTP Request,200,OK,Year-Language Query 4-3,text,true,,271,159,10,70,http://localhost:8080/search?q=love&year=1994&language=English,154,0,0
1782356361369,103,HTTP Request,200,OK,Year-Language Query 4-6,text,true,,271,159,10,70,http://localhost:8080/search?q=love&year=1994&language=English,103,0,0
1782356361314,175,HTTP Request,200,OK,Year-Language Query 4-5,text,true,,271,159,10,70,http://localhost:8080/search?q=love&year=1994&language=English,175,0,0
1782356361312,183,HTTP Request,200,OK,Year-Language Query 4-7,text,true,,271,159,10,70,http://localhost:8080/search?q=love&year=1994&language=English,183,0,0
1782356361388,137,HTTP Request,200,OK,Year-Language Query 4-10,text,true,,271,159,10,70,http://localhost:8080/search?q=love&year=1994&language=English,137,0,0
1782356361412,118,HTTP Request,200,OK,Year-Language Query 4-8,text,true,,271,159,10,70,http://localhost:8080/search?q=love&year=1994&language=English,118,0,0
1782356361387,151,HTTP Request,200,OK,Year-Language Query 4-9,text,true,,271,159,10,70,http://localhost:8080/search?q=love&year=1994&language=English,151,0,0
1782356361368,190,HTTP Request,200,OK,Year-Language Query 4-4,text,true,,271,159,10,70,http://localhost:8080/search?q=love&year=1994&language=English,190,0,0
1782356361388,194,HTTP Request,200,OK,Year-Language Query 4-1,text,true,,271,159,10,70,http://localhost:8080/search?q=love&year=1994&language=English,194,0,0
1782356361472,110,HTTP Request,200,OK,Year-Language Query 4-6,text,true,,271,159,10,70,http://localhost:8080/search?q=love&year=1994&language=English,110,0,0
1782356361489,95,HTTP Request,200,OK,Year-Language Query 4-5,text,true,,271,159,10,70,http://localhost:8080/search?q=love&year=1994&language=English,95,0,0
1782356361426,170,HTTP Request,200,OK,Year-Language Query 4-3,text,true,,271,159,10,70,http://localhost:8080/search?q=love&year=1994&language=English,170,0,0
1782356361530,101,HTTP Request,200,OK,Year-Language Query 4-8,text,true,,271,159,10,70,http://localhost:8080/search?q=love&year=1994&language=English,101,0,0
1782356361389,242,HTTP Request,200,OK,Year-Language Query 4-2,text,true,,271,159,10,70,http://localhost:8080/search?q=love&year=1994&language=English,242,0,0
1782356361495,188,HTTP Request,200,OK,Year-Language Query 4-7,text,true,,271,159,10,70,http://localhost:8080/search?q=love&year=1994&language=English,188,0,0
1782356361525,195,HTTP Request,200,OK,Year-Language Query 4-10,text,true,,271,159,10,70,http://localhost:8080/search?q=love&year=1994&language=English,195,0,0
1782356361539,197,HTTP Request,200,OK,Year-Language Query 4-9,text,true,,271,159,10,70,http://localhost:8080/search?q=love&year=1994&language=English,197,0,0
1782356361597,171,HTTP Request,200,OK,Year-Language Query 4-3,text,true,,271,159,10,70,http://localhost:8080/search?q=love&year=1994&language=English,171,0,0
1782356361584,187,HTTP Request,200,OK,Year-Language Query 4-5,text,true,,271,159,10,70,http://localhost:8080/search?q=love&year=1994&language=English,187,0,0
1782356361631,141,HTTP Request,200,OK,Year-Language Query 4-8,text,true,,271,159,10,70,http://localhost:8080/search?q=love&year=1994&language=English,141,0,0
1782356361582,190,HTTP Request,200,OK,Year-Language Query 4-1,text,true,,271,159,10,70,http://localhost:8080/search?q=love&year=1994&language=English,190,0,0
1782356361583,189,HTTP Request,200,OK,Year-Language Query 4-6,text,true,,271,159,10,70,http://localhost:8080/search?q=love&year=1994&language=English,189,0,0
1782356361631,153,HTTP Request,200,OK,Year-Language Query 4-2,text,true,,271,159,10,70,http://localhost:8080/search?q=love&year=1994&language=English,153,0,0
1782356361558,228,HTTP Request,200,OK,Year-Language Query 4-4,text,true,,271,159,10,70,http://localhost:8080/search?q=love&year=1994&language=English,228,0,0
1782356361683,113,HTTP Request,200,OK,Year-Language Query 4-7,text,true,,271,159,10,70,http://localhost:8080/search?q=love&year=1994&language=English,113,0,0
1782356361736,88,HTTP Request,200,OK,Year-Language Query 4-9,text,true,,271,159,10,70,http://localhost:8080/search?q=love&year=1994&language=English,88,0,0
1782356361772,77,HTTP Request,200,OK,Year-Language Query 4-8,text,true,,271,159,10,70,http://localhost:8080/search?q=love&year=1994&language=English,77,0,0
1782356361772,77,HTTP Request,200,OK,Year-Language Query 4-1,text,true,,271,159,10,70,http://localhost:8080/search?q=love&year=1994&language=English,77,0,0
1782356361772,81,HTTP Request,200,OK,Year-Language Query 4-6,text,true,,271,159,10,70,http://localhost:8080/search?q=love&year=1994&language=English,81,0,0
1782356361721,140,HTTP Request,200,OK,Year-Language Query 4-10,text,true,,271,159,10,70,http://localhost:8080/search?q=love&year=1994&language=English,140,0,0
1782356361768,94,HTTP Request,200,OK,Year-Language Query 4-3,text,true,,271,159,10,70,http://localhost:8080/search?q=love&year=1994&language=English,94,0,0
1782356361786,102,HTTP Request,200,OK,Year-Language Query 4-2,text,true,,271,159,10,70,http://localhost:8080/search?q=love&year=1994&language=English,102,0,0
1782356361798,100,HTTP Request,200,OK,Year-Language Query 4-7,text,true,,271,159,10,70,http://localhost:8080/search?q=love&year=1994&language=English,100,0,0
1782356361788,117,HTTP Request,200,OK,Year-Language Query 4-4,text,true,,271,159,10,70,http://localhost:8080/search?q=love&year=1994&language=English,117,0,0
1782356361826,86,HTTP Request,200,OK,Year-Language Query 4-9,text,true,,271,159,10,70,http://localhost:8080/search?q=love&year=1994&language=English,86,0,0
1782356361851,122,HTTP Request,200,OK,Year-Language Query 4-8,text,true,,271,159,10,70,http://localhost:8080/search?q=love&year=1994&language=English,122,0,0
1782356361851,123,HTTP Request,200,OK,Year-Language Query 4-1,text,true,,271,159,10,70,http://localhost:8080/search?q=love&year=1994&language=English,123,0,0
1782356361772,200,HTTP Request,200,OK,Year-Language Query 4-5,text,true,,271,159,10,70,http://localhost:8080/search?q=love&year=1994&language=English,200,0,0
1782356361864,125,HTTP Request,200,OK,Year-Language Query 4-3,text,true,,271,159,10,70,http://localhost:8080/search?q=love&year=1994&language=English,125,0,0
1782356361864,126,HTTP Request,200,OK,Year-Language Query 4-10,text,true,,271,159,10,70,http://localhost:8080/search?q=love&year=1994&language=English,126,0,0
1782356361856,134,HTTP Request,200,OK,Year-Language Query 4-6,text,true,,271,159,10,70,http://localhost:8080/search?q=love&year=1994&language=English,134,0,0
1782356361906,94,HTTP Request,200,OK,Year-Language Query 4-4,text,true,,271,159,10,70,http://localhost:8080/search?q=love&year=1994&language=English,94,0,0
1782356361912,88,HTTP Request,200,OK,Year-Language Query 4-9,text,true,,271,159,10,70,http://localhost:8080/search?q=love&year=1994&language=English,88,0,0
1782356361888,112,HTTP Request,200,OK,Year-Language Query 4-2,text,true,,271,159,10,70,http://localhost:8080/search?q=love&year=1994&language=English,112,0,0
1782356361898,153,HTTP Request,200,OK,Year-Language Query 4-7,text,true,,271,159,10,70,http://localhost:8080/search?q=love&year=1994&language=English,153,0,0
1782356361973,85,HTTP Request,200,OK,Year-Language Query 4-8,text,true,,271,159,10,70,http://localhost:8080/search?q=love&year=1994&language=English,85,0,0
1782356361974,89,HTTP Request,200,OK,Year-Language Query 4-1,text,true,,271,159,10,70,http://localhost:8080/search?q=love&year=1994&language=English,88,0,0
1782356361990,86,HTTP Request,200,OK,Year-Language Query 4-6,text,true,,271,159,10,70,http://localhost:8080/search?q=love&year=1994&language=English,86,0,0
1782356361990,86,HTTP Request,200,OK,Year-Language Query 4-3,text,true,,271,159,10,70,http://localhost:8080/search?q=love&year=1994&language=English,86,0,0
1782356361975,101,HTTP Request,200,OK,Year-Language Query 4-5,text,true,,271,159,10,70,http://localhost:8080/search?q=love&year=1994&language=English,101,0,0
1782356361990,88,HTTP Request,200,OK,Year-Language Query 4-10,text,true,,271,159,10,70,http://localhost:8080/search?q=love&year=1994&language=English,88,0,0
1782356362000,98,HTTP Request,200,OK,Year-Language Query 4-9,text,true,,271,159,10,70,http://localhost:8080/search?q=love&year=1994&language=English,98,0,0
1782356362000,111,HTTP Request,200,OK,Year-Language Query 4-4,text,true,,271,159,10,70,http://localhost:8080/search?q=love&year=1994&language=English,111,0,0
1782356362000,113,HTTP Request,200,OK,Year-Language Query 4-2,text,true,,271,159,10,70,http://localhost:8080/search?q=love&year=1994&language=English,113,0,0
1782356362063,76,HTTP Request,200,OK,Year-Language Query 4-1,text,true,,271,159,10,70,http://localhost:8080/search?q=love&year=1994&language=English,76,0,0
1782356362051,170,HTTP Request,200,OK,Year-Language Query 4-7,text,true,,271,159,10,70,http://localhost:8080/search?q=love&year=1994&language=English,170,0,0
1782356362059,172,HTTP Request,200,OK,Year-Language Query 4-8,text,true,,271,159,10,70,http://localhost:8080/search?q=love&year=1994&language=English,172,0,0
1782356362076,161,HTTP Request,200,OK,Year-Language Query 4-6,text,true,,271,159,10,70,http://localhost:8080/search?q=love&year=1994&language=English,161,0,0
1782356362078,163,HTTP Request,200,OK,Year-Language Query 4-10,text,true,,271,159,10,70,http://localhost:8080/search?q=love&year=1994&language=English,163,0,0
1782356362076,184,HTTP Request,200,OK,Year-Language Query 4-5,text,true,,271,159,10,70,http://localhost:8080/search?q=love&year=1994&language=English,184,0,0
1782356362076,191,HTTP Request,200,OK,Year-Language Query 4-3,text,true,,271,159,10,70,http://localhost:8080/search?q=love&year=1994&language=English,191,0,0
1782356362139,129,HTTP Request,200,OK,Year-Language Query 4-1,text,true,,271,159,10,70,http://localhost:8080/search?q=love&year=1994&language=English,129,0,0
1782356362098,171,HTTP Request,200,OK,Year-Language Query 4-9,text,true,,271,159,10,70,http://localhost:8080/search?q=love&year=1994&language=English,171,0,0
1782356362111,163,HTTP Request,200,OK,Year-Language Query 4-4,text,true,,271,159,10,70,http://localhost:8080/search?q=love&year=1994&language=English,163,0,0
1782356362114,162,HTTP Request,200,OK,Year-Language Query 4-2,text,true,,271,159,10,70,http://localhost:8080/search?q=love&year=1994&language=English,162,0,0
1782356362221,71,HTTP Request,200,OK,Year-Language Query 4-7,text,true,,271,159,10,70,http://localhost:8080/search?q=love&year=1994&language=English,71,0,0
1782356362231,78,HTTP Request,200,OK,Year-Language Query 4-8,text,true,,271,159,10,70,http://localhost:8080/search?q=love&year=1994&language=English,78,0,0
1782356362241,89,HTTP Request,200,OK,Year-Language Query 4-10,text,true,,271,159,10,70,http://localhost:8080/search?q=love&year=1994&language=English,89,0,0
1782356362237,93,HTTP Request,200,OK,Year-Language Query 4-6,text,true,,271,159,10,70,http://localhost:8080/search?q=love&year=1994&language=English,93,0,0
1782356362261,71,HTTP Request,200,OK,Year-Language Query 4-5,text,true,,271,159,10,70,http://localhost:8080/search?q=love&year=1994&language=English,71,0,0
1782356362269,87,HTTP Request,200,OK,Year-Language Query 4-9,text,true,,271,159,10,70,http://localhost:8080/search?q=love&year=1994&language=English,87,0,0
1782356362267,91,HTTP Request,200,OK,Year-Language Query 4-3,text,true,,271,159,10,70,http://localhost:8080/search?q=love&year=1994&language=English,91,0,0
1782356362268,101,HTTP Request,200,OK,Year-Language Query 4-1,text,true,,271,159,10,70,http://localhost:8080/search?q=love&year=1994&language=English,101,0,0
1782356362277,96,HTTP Request,200,OK,Year-Language Query 4-2,text,true,,271,159,10,70,http://localhost:8080/search?q=love&year=1994&language=English,96,0,0
1782356362292,89,HTTP Request,200,OK,Year-Language Query 4-7,text,true,,271,159,10,70,http://localhost:8080/search?q=love&year=1994&language=English,89,0,0
1782356362275,129,HTTP Request,200,OK,Year-Language Query 4-4,text,true,,271,159,10,70,http://localhost:8080/search?q=love&year=1994&language=English,129,0,0
1782356362330,77,HTTP Request,200,OK,Year-Language Query 4-10,text,true,,271,159,10,70,http://localhost:8080/search?q=love&year=1994&language=English,77,0,0
1782356362333,95,HTTP Request,200,OK,Year-Language Query 4-5,text,true,,271,159,10,70,http://localhost:8080/search?q=love&year=1994&language=English,95,0,0
1782356362356,77,HTTP Request,200,OK,Year-Language Query 4-9,text,true,,271,159,10,70,http://localhost:8080/search?q=love&year=1994&language=English,77,0,0
1782356362330,103,HTTP Request,200,OK,Year-Language Query 4-6,text,true,,271,159,10,70,http://localhost:8080/search?q=love&year=1994&language=English,103,0,0
1782356362309,126,HTTP Request,200,OK,Year-Language Query 4-8,text,true,,271,159,10,70,http://localhost:8080/search?q=love&year=1994&language=English,126,0,0
1782356362358,78,HTTP Request,200,OK,Year-Language Query 4-3,text,true,,271,159,10,70,http://localhost:8080/search?q=love&year=1994&language=English,78,0,0
1782356362370,74,HTTP Request,200,OK,Year-Language Query 4-1,text,true,,271,159,10,70,http://localhost:8080/search?q=love&year=1994&language=English,74,0,0
1782356362373,84,HTTP Request,200,OK,Year-Language Query 4-2,text,true,,271,159,10,70,http://localhost:8080/search?q=love&year=1994&language=English,84,0,0
1782356362381,76,HTTP Request,200,OK,Year-Language Query 4-7,text,true,,271,159,10,70,http://localhost:8080/search?q=love&year=1994&language=English,76,0,0
1782356362404,63,HTTP Request,200,OK,Year-Language Query 4-4,text,true,,271,159,10,70,http://localhost:8080/search?q=love&year=1994&language=English,63,0,0
1782356362408,77,HTTP Request,200,OK,Year-Language Query 4-10,text,true,,271,159,10,70,http://localhost:8080/search?q=love&year=1994&language=English,77,0,0
1782356362436,80,HTTP Request,200,OK,Year-Language Query 4-3,text,true,,271,159,10,70,http://localhost:8080/search?q=love&year=1994&language=English,80,0,0
1782356362428,89,HTTP Request,200,OK,Year-Language Query 4-5,text,true,,271,159,10,70,http://localhost:8080/search?q=love&year=1994&language=English,89,0,0
1782356362436,83,HTTP Request,200,OK,Year-Language Query 4-8,text,true,,271,159,10,70,http://localhost:8080/search?q=love&year=1994&language=English,83,0,0
1782356362444,76,HTTP Request,200,OK,Year-Language Query 4-1,text,true,,271,159,10,70,http://localhost:8080/search?q=love&year=1994&language=English,76,0,0
1782356362433,87,HTTP Request,200,OK,Year-Language Query 4-9,text,true,,271,159,10,70,http://localhost:8080/search?q=love&year=1994&language=English,87,0,0
1782356362433,99,HTTP Request,200,OK,Year-Language Query 4-6,text,true,,271,159,10,70,http://localhost:8080/search?q=love&year=1994&language=English,99,0,0
1782356362458,86,HTTP Request,200,OK,Year-Language Query 4-7,text,true,,271,159,10,70,http://localhost:8080/search?q=love&year=1994&language=English,86,0,0
1782356362458,89,HTTP Request,200,OK,Year-Language Query 4-2,text,true,,271,159,10,70,http://localhost:8080/search?q=love&year=1994&language=English,89,0,0
1782356362486,70,HTTP Request,200,OK,Year-Language Query 4-10,text,true,,271,159,10,70,http://localhost:8080/search?q=love&year=1994&language=English,70,0,0
1782356362467,90,HTTP Request,200,OK,Year-Language Query 4-4,text,true,,271,159,10,70,http://localhost:8080/search?q=love&year=1994&language=English,90,0,0
1782356362518,72,HTTP Request,200,OK,Year-Language Query 4-5,text,true,,271,159,10,70,http://localhost:8080/search?q=love&year=1994&language=English,72,0,0
1782356362516,74,HTTP Request,200,OK,Year-Language Query 4-3,text,true,,271,159,10,70,http://localhost:8080/search?q=love&year=1994&language=English,74,0,0
1782356362519,88,HTTP Request,200,OK,Year-Language Query 4-8,text,true,,271,159,10,70,http://localhost:8080/search?q=love&year=1994&language=English,88,0,0
1782356362520,94,HTTP Request,200,OK,Year-Language Query 4-9,text,true,,271,159,10,70,http://localhost:8080/search?q=love&year=1994&language=English,94,0,0
1782356362520,97,HTTP Request,200,OK,Year-Language Query 4-1,text,true,,271,159,10,70,http://localhost:8080/search?q=love&year=1994&language=English,97,0,0
1782356362532,94,HTTP Request,200,OK,Year-Language Query 4-6,text,true,,271,159,10,70,http://localhost:8080/search?q=love&year=1994&language=English,94,0,0
1782356362544,98,HTTP Request,200,OK,Year-Language Query 4-7,text,true,,271,159,10,70,http://localhost:8080/search?q=love&year=1994&language=English,98,0,0
1782356362548,103,HTTP Request,200,OK,Year-Language Query 4-2,text,true,,271,159,10,70,http://localhost:8080/search?q=love&year=1994&language=English,103,0,0
1782356362558,97,HTTP Request,200,OK,Year-Language Query 4-4,text,true,,271,159,10,70,http://localhost:8080/search?q=love&year=1994&language=English,97,0,0
1782356362556,99,HTTP Request,200,OK,Year-Language Query 4-10,text,true,,271,159,10,70,http://localhost:8080/search?q=love&year=1994&language=English,99,0,0
1782356362590,167,HTTP Request,200,OK,Year-Language Query 4-3,text,true,,271,159,10,70,http://localhost:8080/search?q=love&year=1994&language=English,167,0,0
1782356362590,173,HTTP Request,200,OK,Year-Language Query 4-5,text,true,,271,159,10,70,http://localhost:8080/search?q=love&year=1994&language=English,173,0,0
1782356362608,157,HTTP Request,200,OK,Year-Language Query 4-8,text,true,,271,159,10,70,http://localhost:8080/search?q=love&year=1994&language=English,157,0,0
1782356362655,117,HTTP Request,200,OK,Year-Language Query 4-10,text,true,,271,159,10,70,http://localhost:8080/search?q=love&year=1994&language=English,117,0,0
1782356362617,157,HTTP Request,200,OK,Year-Language Query 4-1,text,true,,271,159,10,70,http://localhost:8080/search?q=love&year=1994&language=English,157,0,0
1782356362615,159,HTTP Request,200,OK,Year-Language Query 4-9,text,true,,271,159,10,70,http://localhost:8080/search?q=love&year=1994&language=English,159,0,0
1782356362642,142,HTTP Request,200,OK,Year-Language Query 4-7,text,true,,271,159,10,70,http://localhost:8080/search?q=love&year=1994&language=English,142,0,0
1782356362627,160,HTTP Request,200,OK,Year-Language Query 4-6,text,true,,271,159,10,70,http://localhost:8080/search?q=love&year=1994&language=English,160,0,0
1782356362651,139,HTTP Request,200,OK,Year-Language Query 4-2,text,true,,271,159,10,70,http://localhost:8080/search?q=love&year=1994&language=English,139,0,0
1782356362655,141,HTTP Request,200,OK,Year-Language Query 4-4,text,true,,271,159,10,70,http://localhost:8080/search?q=love&year=1994&language=English,141,0,0
1782356362757,80,HTTP Request,200,OK,Year-Language Query 4-3,text,true,,271,159,10,70,http://localhost:8080/search?q=love&year=1994&language=English,80,0,0
1782356362764,77,HTTP Request,200,OK,Year-Language Query 4-5,text,true,,271,159,10,70,http://localhost:8080/search?q=love&year=1994&language=English,77,0,0
1782356362765,78,HTTP Request,200,OK,Year-Language Query 4-8,text,true,,271,159,10,70,http://localhost:8080/search?q=love&year=1994&language=English,78,0,0
1782356362772,72,HTTP Request,200,OK,Year-Language Query 4-10,text,true,,271,159,10,70,http://localhost:8080/search?q=love&year=1994&language=English,72,0,0
1782356362796,94,HTTP Request,200,OK,Year-Language Query 4-4,text,true,,271,159,10,70,http://localhost:8080/search?q=love&year=1994&language=English,94,0,0
1782356362787,104,HTTP Request,200,OK,Year-Language Query 4-6,text,true,,271,159,10,70,http://localhost:8080/search?q=love&year=1994&language=English,104,0,0
1782356362785,106,HTTP Request,200,OK,Year-Language Query 4-7,text,true,,271,159,10,70,http://localhost:8080/search?q=love&year=1994&language=English,106,0,0
1782356362774,118,HTTP Request,200,OK,Year-Language Query 4-1,text,true,,271,159,10,70,http://localhost:8080/search?q=love&year=1994&language=English,118,0,0
1782356362837,69,HTTP Request,200,OK,Year-Language Query 4-3,text,true,,271,159,10,70,http://localhost:8080/search?q=love&year=1994&language=English,69,0,0
1782356362774,132,HTTP Request,200,OK,Year-Language Query 4-9,text,true,,271,159,10,70,http://localhost:8080/search?q=love&year=1994&language=English,132,0,0
1782356362790,116,HTTP Request,200,OK,Year-Language Query 4-2,text,true,,271,159,10,70,http://localhost:8080/search?q=love&year=1994&language=English,116,0,0
1782356362841,69,HTTP Request,200,OK,Year-Language Query 4-5,text,true,,271,159,10,70,http://localhost:8080/search?q=love&year=1994&language=English,69,0,0
1782356362843,80,HTTP Request,200,OK,Year-Language Query 4-8,text,true,,271,159,10,70,http://localhost:8080/search?q=love&year=1994&language=English,80,0,0
1782356362844,93,HTTP Request,200,OK,Year-Language Query 4-10,text,true,,271,159,10,70,http://localhost:8080/search?q=love&year=1994&language=English,93,0,0
1782356362892,79,HTTP Request,200,OK,Year-Language Query 4-1,text,true,,271,159,10,70,http://localhost:8080/search?q=love&year=1994&language=English,79,0,0
1782356362891,89,HTTP Request,200,OK,Year-Language Query 4-7,text,true,,271,159,10,70,http://localhost:8080/search?q=love&year=1994&language=English,89,0,0
1782356362911,93,HTTP Request,200,OK,Year-Language Query 4-5,text,true,,271,159,10,70,http://localhost:8080/search?q=love&year=1994&language=English,93,0,0
1782356362923,83,HTTP Request,200,OK,Year-Language Query 4-8,text,true,,271,159,10,70,http://localhost:8080/search?q=love&year=1994&language=English,83,0,0
1782356362890,130,HTTP Request,200,OK,Year-Language Query 4-4,text,true,,271,159,10,70,http://localhost:8080/search?q=love&year=1994&language=English,130,0,0
1782356362891,132,HTTP Request,200,OK,Year-Language Query 4-6,text,true,,271,159,10,70,http://localhost:8080/search?q=love&year=1994&language=English,132,0,0
1782356362906,117,HTTP Request,200,OK,Year-Language Query 4-2,text,true,,271,159,10,70,http://localhost:8080/search?q=love&year=1994&language=English,117,0,0
1782356362906,126,HTTP Request,200,OK,Year-Language Query 4-9,text,true,,271,159,10,70,http://localhost:8080/search?q=love&year=1994&language=English,126,0,0
1782356362906,126,HTTP Request,200,OK,Year-Language Query 4-3,text,true,,271,159,10,70,http://localhost:8080/search?q=love&year=1994&language=English,126,0,0
1782356362937,101,HTTP Request,200,OK,Year-Language Query 4-10,text,true,,271,159,10,70,http://localhost:8080/search?q=love&year=1994&language=English,101,0,0
1782356362972,75,HTTP Request,200,OK,Year-Language Query 4-1,text,true,,271,159,10,70,http://localhost:8080/search?q=love&year=1994&language=English,75,0,0
1782356362980,79,HTTP Request,200,OK,Year-Language Query 4-7,text,true,,271,159,10,70,http://localhost:8080/search?q=love&year=1994&language=English,79,0,0
1782356363004,75,HTTP Request,200,OK,Year-Language Query 4-5,text,true,,271,159,10,70,http://localhost:8080/search?q=love&year=1994&language=English,75,0,0
1782356363024,57,HTTP Request,200,OK,Year-Language Query 4-2,text,true,,271,159,10,70,http://localhost:8080/search?q=love&year=1994&language=English,57,0,0
1782356363006,76,HTTP Request,200,OK,Year-Language Query 4-8,text,true,,271,159,10,70,http://localhost:8080/search?q=love&year=1994&language=English,76,0,0
1782356363020,62,HTTP Request,200,OK,Year-Language Query 4-4,text,true,,271,159,10,70,http://localhost:8080/search?q=love&year=1994&language=English,62,0,0
1782356363023,80,HTTP Request,200,OK,Year-Language Query 4-6,text,true,,271,159,10,70,http://localhost:8080/search?q=love&year=1994&language=English,80,0,0
1782356363038,70,HTTP Request,200,OK,Year-Language Query 4-10,text,true,,271,159,10,70,http://localhost:8080/search?q=love&year=1994&language=English,70,0,0
1782356363032,81,HTTP Request,200,OK,Year-Language Query 4-9,text,true,,271,159,10,70,http://localhost:8080/search?q=love&year=1994&language=English,81,0,0
1782356363032,82,HTTP Request,200,OK,Year-Language Query 4-3,text,true,,271,159,10,70,http://localhost:8080/search?q=love&year=1994&language=English,82,0,0
1782356363047,83,HTTP Request,200,OK,Year-Language Query 4-1,text,true,,271,159,10,70,http://localhost:8080/search?q=love&year=1994&language=English,83,0,0
1782356363059,73,HTTP Request,200,OK,Year-Language Query 4-7,text,true,,271,159,10,70,http://localhost:8080/search?q=love&year=1994&language=English,73,0,0
1782356363079,60,HTTP Request,200,OK,Year-Language Query 4-5,text,true,,271,159,10,70,http://localhost:8080/search?q=love&year=1994&language=English,60,0,0
1782356363082,85,HTTP Request,200,OK,Year-Language Query 4-4,text,true,,271,159,10,70,http://localhost:8080/search?q=love&year=1994&language=English,84,0,0
1782356363082,86,HTTP Request,200,OK,Year-Language Query 4-2,text,true,,271,159,10,70,http://localhost:8080/search?q=love&year=1994&language=English,86,0,0
1782356363082,94,HTTP Request,200,OK,Year-Language Query 4-8,text,true,,271,159,10,70,http://localhost:8080/search?q=love&year=1994&language=English,94,0,0
1782356363103,95,HTTP Request,200,OK,Year-Language Query 4-6,text,true,,271,159,10,70,http://localhost:8080/search?q=love&year=1994&language=English,95,0,0
1782356363108,180,HTTP Request,200,OK,Year-Language Query 4-10,text,true,,271,159,10,70,http://localhost:8080/search?q=love&year=1994&language=English,180,0,0
1782356363114,174,HTTP Request,200,OK,Year-Language Query 4-3,text,true,,271,159,10,70,http://localhost:8080/search?q=love&year=1994&language=English,174,0,0
1782356363113,180,HTTP Request,200,OK,Year-Language Query 4-9,text,true,,271,159,10,70,http://localhost:8080/search?q=love&year=1994&language=English,180,0,0
1782356363132,183,HTTP Request,200,OK,Year-Language Query 4-7,text,true,,271,159,10,70,http://localhost:8080/search?q=love&year=1994&language=English,183,0,0
1782356363131,185,HTTP Request,200,OK,Year-Language Query 4-1,text,true,,271,159,10,70,http://localhost:8080/search?q=love&year=1994&language=English,185,0,0
1782356363139,177,HTTP Request,200,OK,Year-Language Query 4-5,text,true,,271,159,10,70,http://localhost:8080/search?q=love&year=1994&language=English,177,0,0
1782356363176,145,HTTP Request,200,OK,Year-Language Query 4-8,text,true,,271,159,10,70,http://localhost:8080/search?q=love&year=1994&language=English,145,0,0
1782356363168,155,HTTP Request,200,OK,Year-Language Query 4-2,text,true,,271,159,10,70,http://localhost:8080/search?q=love&year=1994&language=English,155,0,0
1782356363199,126,HTTP Request,200,OK,Year-Language Query 4-6,text,true,,271,159,10,70,http://localhost:8080/search?q=love&year=1994&language=English,126,0,0
1782356363167,187,HTTP Request,200,OK,Year-Language Query 4-4,text,true,,271,159,10,70,http://localhost:8080/search?q=love&year=1994&language=English,187,0,0
1782356363288,134,HTTP Request,200,OK,Year-Language Query 4-10,text,true,,271,159,10,70,http://localhost:8080/search?q=love&year=1994&language=English,134,0,0
1782356363321,103,HTTP Request,200,OK,Year-Language Query 4-8,text,true,,271,159,10,70,http://localhost:8080/search?q=love&year=1994&language=English,103,0,0
1782356363323,128,HTTP Request,200,OK,Year-Language Query 4-2,text,true,,271,159,10,70,http://localhost:8080/search?q=love&year=1994&language=English,128,0,0
1782356363315,137,HTTP Request,200,OK,Year-Language Query 4-7,text,true,,271,159,10,70,http://localhost:8080/search?q=love&year=1994&language=English,137,0,0
1782356363317,135,HTTP Request,200,OK,Year-Language Query 4-5,text,true,,271,159,10,70,http://localhost:8080/search?q=love&year=1994&language=English,135,0,0
1782356363330,122,HTTP Request,200,OK,Year-Language Query 4-6,text,true,,271,159,10,70,http://localhost:8080/search?q=love&year=1994&language=English,122,0,0
1782356363316,137,HTTP Request,200,OK,Year-Language Query 4-1,text,true,,271,159,10,70,http://localhost:8080/search?q=love&year=1994&language=English,137,0,0
1782356363288,177,HTTP Request,200,OK,Year-Language Query 4-3,text,true,,271,159,10,70,http://localhost:8080/search?q=love&year=1994&language=English,177,0,0
1782356363293,208,HTTP Request,200,OK,Year-Language Query 4-9,text,true,,271,159,10,70,http://localhost:8080/search?q=love&year=1994&language=English,208,0,0
1782356363354,156,HTTP Request,200,OK,Year-Language Query 4-4,text,true,,271,159,10,70,http://localhost:8080/search?q=love&year=1994&language=English,156,0,0
1782356363424,95,HTTP Request,200,OK,Year-Language Query 4-8,text,true,,271,159,10,70,http://localhost:8080/search?q=love&year=1994&language=English,95,0,0
1782356363451,114,HTTP Request,200,OK,Year-Language Query 4-2,text,true,,271,159,10,70,http://localhost:8080/search?q=love&year=1994&language=English,114,0,0
1782356363452,124,HTTP Request,200,OK,Year-Language Query 4-5,text,true,,271,159,10,70,http://localhost:8080/search?q=love&year=1994&language=English,124,0,0
1782356363452,129,HTTP Request,200,OK,Year-Language Query 4-7,text,true,,271,159,10,70,http://localhost:8080/search?q=love&year=1994&language=English,129,0,0
1782356363453,128,HTTP Request,200,OK,Year-Language Query 4-1,text,true,,271,159,10,70,http://localhost:8080/search?q=love&year=1994&language=English,128,0,0
1782356363422,160,HTTP Request,200,OK,Year-Language Query 4-10,text,true,,271,159,10,70,http://localhost:8080/search?q=love&year=1994&language=English,160,0,0
1782356363453,141,HTTP Request,200,OK,Year-Language Query 4-6,text,true,,271,159,10,70,http://localhost:8080/search?q=love&year=1994&language=English,141,0,0
1782356363466,172,HTTP Request,200,OK,Year-Language Query 4-3,text,true,,271,159,10,70,http://localhost:8080/search?q=love&year=1994&language=English,172,0,0
1782356363511,127,HTTP Request,200,OK,Year-Language Query 4-4,text,true,,271,159,10,70,http://localhost:8080/search?q=love&year=1994&language=English,127,0,0
1782356363519,134,HTTP Request,200,OK,Year-Language Query 4-8,text,true,,271,159,10,70,http://localhost:8080/search?q=love&year=1994&language=English,134,0,0
1782356363501,152,HTTP Request,200,OK,Year-Language Query 4-9,text,true,,271,159,10,70,http://localhost:8080/search?q=love&year=1994&language=English,152,0,0
1782356363576,85,HTTP Request,200,OK,Year-Language Query 4-5,text,true,,271,159,10,70,http://localhost:8080/search?q=love&year=1994&language=English,85,0,0
1782356363565,104,HTTP Request,200,OK,Year-Language Query 4-2,text,true,,271,159,10,70,http://localhost:8080/search?q=love&year=1994&language=English,104,0,0
1782356363581,88,HTTP Request,200,OK,Year-Language Query 4-1,text,true,,271,159,10,70,http://localhost:8080/search?q=love&year=1994&language=English,88,0,0
1782356363581,88,HTTP Request,200,OK,Year-Language Query 4-7,text,true,,271,159,10,70,http://localhost:8080/search?q=love&year=1994&language=English,88,0,0
1782356363594,184,HTTP Request,200,OK,Year-Language Query 4-6,text,true,,271,159,10,70,http://localhost:8080/search?q=love&year=1994&language=English,184,0,0
1782356363582,197,HTTP Request,200,OK,Year-Language Query 4-10,text,true,,271,159,10,70,http://localhost:8080/search?q=love&year=1994&language=English,197,0,0
1782356363638,173,HTTP Request,200,OK,Year-Language Query 4-4,text,true,,271,159,10,70,http://localhost:8080/search?q=love&year=1994&language=English,173,0,0
1782356363638,173,HTTP Request,200,OK,Year-Language Query 4-3,text,true,,271,159,10,70,http://localhost:8080/search?q=love&year=1994&language=English,173,0,0
1782356363670,156,HTTP Request,200,OK,Year-Language Query 4-7,text,true,,271,159,10,70,http://localhost:8080/search?q=love&year=1994&language=English,156,0,0
1782356363669,159,HTTP Request,200,OK,Year-Language Query 4-2,text,true,,271,159,10,70,http://localhost:8080/search?q=love&year=1994&language=English,159,0,0
1782356363669,160,HTTP Request,200,OK,Year-Language Query 4-1,text,true,,271,159,10,70,http://localhost:8080/search?q=love&year=1994&language=English,160,0,0
1782356363653,188,HTTP Request,200,OK,Year-Language Query 4-8,text,true,,271,159,10,70,http://localhost:8080/search?q=love&year=1994&language=English,188,0,0
1782356363653,188,HTTP Request,200,OK,Year-Language Query 4-9,text,true,,271,159,10,70,http://localhost:8080/search?q=love&year=1994&language=English,188,0,0
1782356363662,179,HTTP Request,200,OK,Year-Language Query 4-5,text,true,,271,159,10,70,http://localhost:8080/search?q=love&year=1994&language=English,179,0,0
1782356363779,102,HTTP Request,200,OK,Year-Language Query 4-10,text,true,,271,159,10,70,http://localhost:8080/search?q=love&year=1994&language=English,102,0,0
1782356363778,104,HTTP Request,200,OK,Year-Language Query 4-6,text,true,,271,159,10,70,http://localhost:8080/search?q=love&year=1994&language=English,104,0,0
1782356363812,82,HTTP Request,200,OK,Year-Language Query 4-3,text,true,,271,159,10,70,http://localhost:8080/search?q=love&year=1994&language=English,82,0,0
1782356363826,77,HTTP Request,200,OK,Year-Language Query 4-7,text,true,,271,159,10,70,http://localhost:8080/search?q=love&year=1994&language=English,77,0,0
1782356363841,62,HTTP Request,200,OK,Year-Language Query 4-9,text,true,,271,159,10,70,http://localhost:8080/search?q=love&year=1994&language=English,62,0,0
1782356363828,76,HTTP Request,200,OK,Year-Language Query 4-2,text,true,,271,159,10,70,http://localhost:8080/search?q=love&year=1994&language=English,76,0,0
1782356363841,65,HTTP Request,200,OK,Year-Language Query 4-5,text,true,,271,159,10,70,http://localhost:8080/search?q=love&year=1994&language=English,65,0,0
1782356363830,76,HTTP Request,200,OK,Year-Language Query 4-1,text,true,,271,159,10,70,http://localhost:8080/search?q=love&year=1994&language=English,76,0,0
1782356363841,68,HTTP Request,200,OK,Year-Language Query 4-8,text,true,,271,159,10,70,http://localhost:8080/search?q=love&year=1994&language=English,68,0,0
1782356363811,109,HTTP Request,200,OK,Year-Language Query 4-4,text,true,,271,159,10,70,http://localhost:8080/search?q=love&year=1994&language=English,109,0,0
1782356363894,69,HTTP Request,200,OK,Year-Language Query 4-3,text,true,,271,159,10,70,http://localhost:8080/search?q=love&year=1994&language=English,69,0,0
1782356363904,61,HTTP Request,200,OK,Year-Language Query 4-7,text,true,,271,159,10,70,http://localhost:8080/search?q=love&year=1994&language=English,61,0,0
1782356363882,86,HTTP Request,200,OK,Year-Language Query 4-10,text,true,,271,159,10,70,http://localhost:8080/search?q=love&year=1994&language=English,86,0,0
1782356363882,86,HTTP Request,200,OK,Year-Language Query 4-6,text,true,,271,159,10,70,http://localhost:8080/search?q=love&year=1994&language=English,86,0,0
1782356363906,73,HTTP Request,200,OK,Year-Language Query 4-5,text,true,,271,159,10,70,http://localhost:8080/search?q=love&year=1994&language=English,73,0,0
1782356363904,76,HTTP Request,200,OK,Year-Language Query 4-9,text,true,,271,159,10,70,http://localhost:8080/search?q=love&year=1994&language=English,76,0,0
1782356363907,75,HTTP Request,200,OK,Year-Language Query 4-1,text,true,,271,159,10,70,http://localhost:8080/search?q=love&year=1994&language=English,75,0,0
1782356363904,78,HTTP Request,200,OK,Year-Language Query 4-2,text,true,,271,159,10,70,http://localhost:8080/search?q=love&year=1994&language=English,78,0,0
1782356363909,80,HTTP Request,200,OK,Year-Language Query 4-8,text,true,,271,159,10,70,http://localhost:8080/search?q=love&year=1994&language=English,80,0,0
1782356363920,78,HTTP Request,200,OK,Year-Language Query 4-4,text,true,,271,159,10,70,http://localhost:8080/search?q=love&year=1994&language=English,78,0,0
1782356363963,66,HTTP Request,200,OK,Year-Language Query 4-3,text,true,,271,159,10,70,http://localhost:8080/search?q=love&year=1994&language=English,66,0,0
1782356363989,79,HTTP Request,200,OK,Year-Language Query 4-8,text,true,,271,159,10,70,http://localhost:8080/search?q=love&year=1994&language=English,79,0,0
1782356363983,85,HTTP Request,200,OK,Year-Language Query 4-1,text,true,,271,159,10,70,http://localhost:8080/search?q=love&year=1994&language=English,85,0,0
1782356363980,88,HTTP Request,200,OK,Year-Language Query 4-9,text,true,,271,159,10,70,http://localhost:8080/search?q=love&year=1994&language=English,88,0,0
1782356363968,100,HTTP Request,200,OK,Year-Language Query 4-6,text,true,,271,159,10,70,http://localhost:8080/search?q=love&year=1994&language=English,100,0,0
1782356363983,86,HTTP Request,200,OK,Year-Language Query 4-2,text,true,,271,159,10,70,http://localhost:8080/search?q=love&year=1994&language=English,86,0,0
1782356363979,90,HTTP Request,200,OK,Year-Language Query 4-5,text,true,,271,159,10,70,http://localhost:8080/search?q=love&year=1994&language=English,90,0,0
1782356363965,129,HTTP Request,200,OK,Year-Language Query 4-7,text,true,,271,159,10,70,http://localhost:8080/search?q=love&year=1994&language=English,129,0,0
1782356363968,132,HTTP Request,200,OK,Year-Language Query 4-10,text,true,,271,159,10,70,http://localhost:8080/search?q=love&year=1994&language=English,132,0,0
1782356364029,89,HTTP Request,200,OK,Year-Language Query 4-3,text,true,,271,159,10,70,http://localhost:8080/search?q=love&year=1994&language=English,89,0,0
1782356363999,131,HTTP Request,200,OK,Year-Language Query 4-4,text,true,,271,159,10,70,http://localhost:8080/search?q=love&year=1994&language=English,131,0,0
1782356364068,90,HTTP Request,200,OK,Year-Language Query 4-8,text,true,,271,159,10,70,http://localhost:8080/search?q=love&year=1994&language=English,90,0,0
1782356364069,90,HTTP Request,200,OK,Year-Language Query 4-5,text,true,,271,159,10,70,http://localhost:8080/search?q=love&year=1994&language=English,90,0,0
1782356364069,91,HTTP Request,200,OK,Year-Language Query 4-2,text,true,,271,159,10,70,http://localhost:8080/search?q=love&year=1994&language=English,91,0,0
1782356364068,92,HTTP Request,200,OK,Year-Language Query 4-1,text,true,,271,159,10,70,http://localhost:8080/search?q=love&year=1994&language=English,92,0,0
1782356364069,91,HTTP Request,200,OK,Year-Language Query 4-6,text,true,,271,159,10,70,http://localhost:8080/search?q=love&year=1994&language=English,91,0,0
1782356364068,93,HTTP Request,200,OK,Year-Language Query 4-9,text,true,,271,159,10,70,http://localhost:8080/search?q=love&year=1994&language=English,93,0,0
1782356364100,99,HTTP Request,200,OK,Year-Language Query 4-10,text,true,,271,159,10,70,http://localhost:8080/search?q=love&year=1994&language=English,99,0,0
1782356364118,119,HTTP Request,200,OK,Year-Language Query 4-3,text,true,,271,159,10,70,http://localhost:8080/search?q=love&year=1994&language=English,119,0,0
1782356364159,86,HTTP Request,200,OK,Year-Language Query 4-5,text,true,,271,159,10,70,http://localhost:8080/search?q=love&year=1994&language=English,86,0,0
1782356364094,151,HTTP Request,200,OK,Year-Language Query 4-7,text,true,,271,159,10,70,http://localhost:8080/search?q=love&year=1994&language=English,151,0,0
1782356364158,88,HTTP Request,200,OK,Year-Language Query 4-8,text,true,,271,159,10,70,http://localhost:8080/search?q=love&year=1994&language=English,88,0,0
1782356364161,86,HTTP Request,200,OK,Year-Language Query 4-1,text,true,,271,159,10,70,http://localhost:8080/search?q=love&year=1994&language=English,86,0,0
1782356364161,181,HTTP Request,200,OK,Year-Language Query 4-9,text,true,,271,159,10,70,http://localhost:8080/search?q=love&year=1994&language=English,181,0,0
1782356364161,181,HTTP Request,200,OK,Year-Language Query 4-6,text,true,,271,159,10,70,http://localhost:8080/search?q=love&year=1994&language=English,181,0,0
1782356364130,271,HTTP Request,200,OK,Year-Language Query 4-4,text,true,,271,159,10,70,http://localhost:8080/search?q=love&year=1994&language=English,271,0,0
1782356364199,238,HTTP Request,200,OK,Year-Language Query 4-10,text,true,,271,159,10,70,http://localhost:8080/search?q=love&year=1994&language=English,238,0,0
1782356364245,193,HTTP Request,200,OK,Year-Language Query 4-5,text,true,,271,159,10,70,http://localhost:8080/search?q=love&year=1994&language=English,193,0,0
1782356364237,201,HTTP Request,200,OK,Year-Language Query 4-3,text,true,,271,159,10,70,http://localhost:8080/search?q=love&year=1994&language=English,201,0,0
1782356364245,194,HTTP Request,200,OK,Year-Language Query 4-7,text,true,,271,159,10,70,http://localhost:8080/search?q=love&year=1994&language=English,194,0,0
1782356364247,215,HTTP Request,200,OK,Year-Language Query 4-1,text,true,,271,159,10,70,http://localhost:8080/search?q=love&year=1994&language=English,215,0,0
1782356364161,303,HTTP Request,200,OK,Year-Language Query 4-2,text,true,,271,159,10,70,http://localhost:8080/search?q=love&year=1994&language=English,303,0,0
1782356364246,220,HTTP Request,200,OK,Year-Language Query 4-8,text,true,,271,159,10,70,http://localhost:8080/search?q=love&year=1994&language=English,220,0,0
1782356364342,152,HTTP Request,200,OK,Year-Language Query 4-6,text,true,,271,159,10,70,http://localhost:8080/search?q=love&year=1994&language=English,152,0,0
1782356364403,95,HTTP Request,200,OK,Year-Language Query 4-4,text,true,,271,159,10,70,http://localhost:8080/search?q=love&year=1994&language=English,95,0,0
1782356364438,114,HTTP Request,200,OK,Year-Language Query 4-5,text,true,,271,159,10,70,http://localhost:8080/search?q=love&year=1994&language=English,114,0,0
1782356364439,115,HTTP Request,200,OK,Year-Language Query 4-3,text,true,,271,159,10,70,http://localhost:8080/search?q=love&year=1994&language=English,115,0,0
1782356364437,118,HTTP Request,200,OK,Year-Language Query 4-10,text,true,,271,159,10,70,http://localhost:8080/search?q=love&year=1994&language=English,118,0,0
1782356364439,117,HTTP Request,200,OK,Year-Language Query 4-7,text,true,,271,159,10,70,http://localhost:8080/search?q=love&year=1994&language=English,117,0,0
1782356364342,217,HTTP Request,200,OK,Year-Language Query 4-9,text,true,,271,159,10,70,http://localhost:8080/search?q=love&year=1994&language=English,217,0,0
1782356364467,116,HTTP Request,200,OK,Year-Language Query 4-8,text,true,,271,159,10,70,http://localhost:8080/search?q=love&year=1994&language=English,116,0,0
1782356364498,106,HTTP Request,200,OK,Year-Language Query 4-4,text,true,,271,159,10,70,http://localhost:8080/search?q=love&year=1994&language=English,106,0,0
1782356364463,171,HTTP Request,200,OK,Year-Language Query 4-1,text,true,,271,159,10,70,http://localhost:8080/search?q=love&year=1994&language=English,171,0,0
1782356364464,174,HTTP Request,200,OK,Year-Language Query 4-2,text,true,,271,159,10,70,http://localhost:8080/search?q=love&year=1994&language=English,174,0,0
1782356364552,106,HTTP Request,200,OK,Year-Language Query 4-5,text,true,,271,159,10,70,http://localhost:8080/search?q=love&year=1994&language=English,106,0,0
1782356364556,122,HTTP Request,200,OK,Year-Language Query 4-7,text,true,,271,159,10,70,http://localhost:8080/search?q=love&year=1994&language=English,122,0,0
1782356364554,126,HTTP Request,200,OK,Year-Language Query 4-3,text,true,,271,159,10,70,http://localhost:8080/search?q=love&year=1994&language=English,126,0,0
1782356364555,125,HTTP Request,200,OK,Year-Language Query 4-10,text,true,,271,159,10,70,http://localhost:8080/search?q=love&year=1994&language=English,125,0,0
1782356364494,219,HTTP Request,200,OK,Year-Language Query 4-6,text,true,,271,159,10,70,http://localhost:8080/search?q=love&year=1994&language=English,219,0,0
1782356364559,184,HTTP Request,200,OK,Year-Language Query 4-9,text,true,,271,159,10,70,http://localhost:8080/search?q=love&year=1994&language=English,184,0,0
1782356364583,197,HTTP Request,200,OK,Year-Language Query 4-8,text,true,,271,159,10,70,http://localhost:8080/search?q=love&year=1994&language=English,197,0,0
1782356364658,129,HTTP Request,200,OK,Year-Language Query 4-5,text,true,,271,159,10,70,http://localhost:8080/search?q=love&year=1994&language=English,129,0,0
1782356364604,185,HTTP Request,200,OK,Year-Language Query 4-4,text,true,,271,159,10,70,http://localhost:8080/search?q=love&year=1994&language=English,185,0,0
1782356364680,183,HTTP Request,200,OK,Year-Language Query 4-3,text,true,,271,159,10,70,http://localhost:8080/search?q=love&year=1994&language=English,183,0,0
1782356364679,184,HTTP Request,200,OK,Year-Language Query 4-7,text,true,,271,159,10,70,http://localhost:8080/search?q=love&year=1994&language=English,184,0,0
1782356364682,191,HTTP Request,200,OK,Year-Language Query 4-10,text,true,,271,159,10,70,http://localhost:8080/search?q=love&year=1994&language=English,191,0,0
1782356364638,291,HTTP Request,200,OK,Year-Language Query 4-2,text,true,,271,159,10,70,http://localhost:8080/search?q=love&year=1994&language=English,291,0,0
1782356364635,296,HTTP Request,200,OK,Year-Language Query 4-1,text,true,,271,159,10,70,http://localhost:8080/search?q=love&year=1994&language=English,296,0,0
1782356364780,155,HTTP Request,200,OK,Year-Language Query 4-8,text,true,,271,159,10,70,http://localhost:8080/search?q=love&year=1994&language=English,155,0,0
1782356364743,193,HTTP Request,200,OK,Year-Language Query 4-9,text,true,,271,159,10,70,http://localhost:8080/search?q=love&year=1994&language=English,193,0,0
1782356364714,223,HTTP Request,200,OK,Year-Language Query 4-6,text,true,,271,159,10,70,http://localhost:8080/search?q=love&year=1994&language=English,223,0,0
1782356364788,170,HTTP Request,200,OK,Year-Language Query 4-5,text,true,,271,159,10,70,http://localhost:8080/search?q=love&year=1994&language=English,170,0,0
1782356364790,181,HTTP Request,200,OK,Year-Language Query 4-4,text,true,,271,159,10,70,http://localhost:8080/search?q=love&year=1994&language=English,181,0,0
1782356364863,125,HTTP Request,200,OK,Year-Language Query 4-3,text,true,,271,159,10,70,http://localhost:8080/search?q=love&year=1994&language=English,125,0,0
1782356364863,129,HTTP Request,200,OK,Year-Language Query 4-7,text,true,,271,159,10,70,http://localhost:8080/search?q=love&year=1994&language=English,129,0,0
1782356364937,96,HTTP Request,200,OK,Year-Language Query 4-9,text,true,,271,159,10,70,http://localhost:8080/search?q=love&year=1994&language=English,96,0,0
1782356364929,105,HTTP Request,200,OK,Year-Language Query 4-2,text,true,,271,159,10,70,http://localhost:8080/search?q=love&year=1994&language=English,105,0,0
1782356364931,106,HTTP Request,200,OK,Year-Language Query 4-1,text,true,,271,159,10,70,http://localhost:8080/search?q=love&year=1994&language=English,106,0,0
1782356364935,110,HTTP Request,200,OK,Year-Language Query 4-8,text,true,,271,159,10,70,http://localhost:8080/search?q=love&year=1994&language=English,110,0,0
1782356364873,176,HTTP Request,200,OK,Year-Language Query 4-10,text,true,,271,159,10,70,http://localhost:8080/search?q=love&year=1994&language=English,176,0,0
1782356364937,129,HTTP Request,200,OK,Year-Language Query 4-6,text,true,,271,159,10,70,http://localhost:8080/search?q=love&year=1994&language=English,129,0,0
1782356364992,91,HTTP Request,200,OK,Year-Language Query 4-7,text,true,,271,159,10,70,http://localhost:8080/search?q=love&year=1994&language=English,91,0,0
1782356364958,130,HTTP Request,200,OK,Year-Language Query 4-5,text,true,,271,159,10,70,http://localhost:8080/search?q=love&year=1994&language=English,130,0,0
1782356364988,101,HTTP Request,200,OK,Year-Language Query 4-3,text,true,,271,159,10,70,http://localhost:8080/search?q=love&year=1994&language=English,101,0,0
1782356364971,146,HTTP Request,200,OK,Year-Language Query 4-4,text,true,,271,159,10,70,http://localhost:8080/search?q=love&year=1994&language=English,145,0,0
1782356365037,105,HTTP Request,200,OK,Year-Language Query 4-1,text,true,,271,159,10,70,http://localhost:8080/search?q=love&year=1994&language=English,105,0,0
1782356365034,108,HTTP Request,200,OK,Year-Language Query 4-2,text,true,,271,159,10,70,http://localhost:8080/search?q=love&year=1994&language=English,108,0,0
1782356365033,110,HTTP Request,200,OK,Year-Language Query 4-9,text,true,,271,159,10,70,http://localhost:8080/search?q=love&year=1994&language=English,110,0,0
1782356365089,70,HTTP Request,200,OK,Year-Language Query 4-3,text,true,,271,159,10,70,http://localhost:8080/search?q=love&year=1994&language=English,70,0,0
1782356365045,119,HTTP Request,200,OK,Year-Language Query 4-8,text,true,,271,159,10,70,http://localhost:8080/search?q=love&year=1994&language=English,119,0,0
1782356365089,131,HTTP Request,200,OK,Year-Language Query 4-5,text,true,,271,159,10,70,http://localhost:8080/search?q=love&year=1994&language=English,131,0,0
1782356365067,153,HTTP Request,200,OK,Year-Language Query 4-6,text,true,,271,159,10,70,http://localhost:8080/search?q=love&year=1994&language=English,153,0,0
1782356365083,148,HTTP Request,200,OK,Year-Language Query 4-7,text,true,,271,159,10,70,http://localhost:8080/search?q=love&year=1994&language=English,148,0,0
1782356365050,185,HTTP Request,200,OK,Year-Language Query 4-10,text,true,,271,159,10,70,http://localhost:8080/search?q=love&year=1994&language=English,185,0,0
1782356365142,94,HTTP Request,200,OK,Year-Language Query 4-1,text,true,,271,159,10,70,http://localhost:8080/search?q=love&year=1994&language=English,94,0,0
1782356365117,122,HTTP Request,200,OK,Year-Language Query 4-4,text,true,,271,159,10,70,http://localhost:8080/search?q=love&year=1994&language=English,122,0,0
1782356365143,106,HTTP Request,200,OK,Year-Language Query 4-9,text,true,,271,159,10,70,http://localhost:8080/search?q=love&year=1994&language=English,106,0,0
1782356365142,108,HTTP Request,200,OK,Year-Language Query 4-2,text,true,,271,159,10,70,http://localhost:8080/search?q=love&year=1994&language=English,108,0,0
1782356365159,109,HTTP Request,200,OK,Year-Language Query 4-3,text,true,,271,159,10,70,http://localhost:8080/search?q=love&year=1994&language=English,109,0,0
1782356365164,207,HTTP Request,200,OK,Year-Language Query 4-8,text,true,,271,159,10,70,http://localhost:8080/search?q=love&year=1994&language=English,207,0,0
1782356365236,169,HTTP Request,200,OK,Year-Language Query 4-1,text,true,,271,159,10,70,http://localhost:8080/search?q=love&year=1994&language=English,169,0,0
1782356365236,173,HTTP Request,200,OK,Year-Language Query 4-10,text,true,,271,159,10,70,http://localhost:8080/search?q=love&year=1994&language=English,173,0,0
1782356365268,145,HTTP Request,200,OK,Year-Language Query 4-3,text,true,,271,159,10,70,http://localhost:8080/search?q=love&year=1994&language=English,145,0,0
1782356365231,182,HTTP Request,200,OK,Year-Language Query 4-7,text,true,,271,159,10,70,http://localhost:8080/search?q=love&year=1994&language=English,182,0,0
1782356365250,166,HTTP Request,200,OK,Year-Language Query 4-9,text,true,,271,159,10,70,http://localhost:8080/search?q=love&year=1994&language=English,166,0,0
1782356365239,179,HTTP Request,200,OK,Year-Language Query 4-4,text,true,,271,159,10,70,http://localhost:8080/search?q=love&year=1994&language=English,179,0,0
1782356365250,188,HTTP Request,200,OK,Year-Language Query 4-2,text,true,,271,159,10,70,http://localhost:8080/search?q=love&year=1994&language=English,188,0,0
1782356365220,218,HTTP Request,200,OK,Year-Language Query 4-6,text,true,,271,159,10,70,http://localhost:8080/search?q=love&year=1994&language=English,218,0,0
1782356365220,228,HTTP Request,200,OK,Year-Language Query 4-5,text,true,,271,159,10,70,http://localhost:8080/search?q=love&year=1994&language=English,228,0,0
1782356365371,87,HTTP Request,200,OK,Year-Language Query 4-8,text,true,,271,159,10,70,http://localhost:8080/search?q=love&year=1994&language=English,87,0,0
1782356365405,85,HTTP Request,200,OK,Year-Language Query 4-1,text,true,,271,159,10,70,http://localhost:8080/search?q=love&year=1994&language=English,85,0,0
1782356365418,73,HTTP Request,200,OK,Year-Language Query 4-4,text,true,,271,159,10,70,http://localhost:8080/search?q=love&year=1994&language=English,73,0,0
1782356365416,89,HTTP Request,200,OK,Year-Language Query 4-9,text,true,,271,159,10,70,http://localhost:8080/search?q=love&year=1994&language=English,89,0,0
1782356365409,96,HTTP Request,200,OK,Year-Language Query 4-10,text,true,,271,159,10,70,http://localhost:8080/search?q=love&year=1994&language=English,96,0,0
1782356365414,104,HTTP Request,200,OK,Year-Language Query 4-7,text,true,,271,159,10,70,http://localhost:8080/search?q=love&year=1994&language=English,104,0,0
1782356365438,81,HTTP Request,200,OK,Year-Language Query 4-2,text,true,,271,159,10,70,http://localhost:8080/search?q=love&year=1994&language=English,81,0,0
1782356365448,81,HTTP Request,200,OK,Year-Language Query 4-5,text,true,,271,159,10,70,http://localhost:8080/search?q=love&year=1994&language=English,81,0,0
1782356365413,145,HTTP Request,200,OK,Year-Language Query 4-3,text,true,,271,159,10,70,http://localhost:8080/search?q=love&year=1994&language=English,145,0,0
1782356365459,109,HTTP Request,200,OK,Year-Language Query 4-8,text,true,,271,159,10,70,http://localhost:8080/search?q=love&year=1994&language=English,109,0,0
1782356365438,130,HTTP Request,200,OK,Year-Language Query 4-6,text,true,,271,159,10,70,http://localhost:8080/search?q=love&year=1994&language=English,130,0,0
1782356365490,101,HTTP Request,200,OK,Year-Language Query 4-1,text,true,,271,159,10,70,http://localhost:8080/search?q=love&year=1994&language=English,101,0,0
1782356365505,107,HTTP Request,200,OK,Year-Language Query 4-9,text,true,,271,159,10,70,http://localhost:8080/search?q=love&year=1994&language=English,107,0,0
1782356365530,83,HTTP Request,200,OK,Year-Language Query 4-5,text,true,,271,159,10,70,http://localhost:8080/search?q=love&year=1994&language=English,83,0,0
1782356365491,125,HTTP Request,200,OK,Year-Language Query 4-4,text,true,,271,159,10,70,http://localhost:8080/search?q=love&year=1994&language=English,125,0,0
1782356365505,116,HTTP Request,200,OK,Year-Language Query 4-10,text,true,,271,159,10,70,http://localhost:8080/search?q=love&year=1994&language=English,116,0,0
1782356365519,111,HTTP Request,200,OK,Year-Language Query 4-2,text,true,,271,159,10,70,http://localhost:8080/search?q=love&year=1994&language=English,111,0,0
1782356365591,81,HTTP Request,200,OK,Year-Language Query 4-1,text,true,,271,159,10,70,http://localhost:8080/search?q=love&year=1994&language=English,81,0,0
1782356365569,104,HTTP Request,200,OK,Year-Language Query 4-6,text,true,,271,159,10,70,http://localhost:8080/search?q=love&year=1994&language=English,104,0,0
1782356365569,104,HTTP Request,200,OK,Year-Language Query 4-8,text,true,,271,159,10,70,http://localhost:8080/search?q=love&year=1994&language=English,104,0,0
1782356365519,185,HTTP Request,200,OK,Year-Language Query 4-7,text,true,,271,159,10,70,http://localhost:8080/search?q=love&year=1994&language=English,185,0,0
1782356365558,157,HTTP Request,200,OK,Year-Language Query 4-3,text,true,,271,159,10,70,http://localhost:8080/search?q=love&year=1994&language=English,157,0,0
1782356365613,107,HTTP Request,200,OK,Year-Language Query 4-5,text,true,,271,159,10,70,http://localhost:8080/search?q=love&year=1994&language=English,107,0,0
1782356365621,100,HTTP Request,200,OK,Year-Language Query 4-10,text,true,,271,159,10,70,http://localhost:8080/search?q=love&year=1994&language=English,100,0,0
1782356365612,111,HTTP Request,200,OK,Year-Language Query 4-9,text,true,,271,159,10,70,http://localhost:8080/search?q=love&year=1994&language=English,111,0,0
1782356365617,124,HTTP Request,200,OK,Year-Language Query 4-4,text,true,,271,159,10,70,http://localhost:8080/search?q=love&year=1994&language=English,124,0,0
1782356365631,113,HTTP Request,200,OK,Year-Language Query 4-2,text,true,,271,159,10,70,http://localhost:8080/search?q=love&year=1994&language=English,113,0,0
1782356365673,85,HTTP Request,200,OK,Year-Language Query 4-8,text,true,,271,159,10,70,http://localhost:8080/search?q=love&year=1994&language=English,85,0,0
1782356365673,85,HTTP Request,200,OK,Year-Language Query 4-6,text,true,,271,159,10,70,http://localhost:8080/search?q=love&year=1994&language=English,85,0,0
1782356365672,90,HTTP Request,200,OK,Year-Language Query 4-1,text,true,,271,159,10,70,http://localhost:8080/search?q=love&year=1994&language=English,90,0,0
1782356365704,95,HTTP Request,200,OK,Year-Language Query 4-7,text,true,,271,159,10,70,http://localhost:8080/search?q=love&year=1994&language=English,95,0,0
1782356365720,89,HTTP Request,200,OK,Year-Language Query 4-5,text,true,,271,159,10,70,http://localhost:8080/search?q=love&year=1994&language=English,89,0,0
1782356365721,88,HTTP Request,200,OK,Year-Language Query 4-10,text,true,,271,159,10,70,http://localhost:8080/search?q=love&year=1994&language=English,88,0,0
1782356365715,95,HTTP Request,200,OK,Year-Language Query 4-3,text,true,,271,159,10,70,http://localhost:8080/search?q=love&year=1994&language=English,95,0,0
1782356365723,167,HTTP Request,200,OK,Year-Language Query 4-9,text,true,,271,159,10,70,http://localhost:8080/search?q=love&year=1994&language=English,167,0,0
1782356365741,153,HTTP Request,200,OK,Year-Language Query 4-4,text,true,,271,159,10,70,http://localhost:8080/search?q=love&year=1994&language=English,153,0,0
1782356365744,153,HTTP Request,200,OK,Year-Language Query 4-2,text,true,,271,159,10,70,http://localhost:8080/search?q=love&year=1994&language=English,153,0,0
1782356365758,151,HTTP Request,200,OK,Year-Language Query 4-8,text,true,,271,159,10,70,http://localhost:8080/search?q=love&year=1994&language=English,151,0,0
1782356365762,157,HTTP Request,200,OK,Year-Language Query 4-1,text,true,,271,159,10,70,http://localhost:8080/search?q=love&year=1994&language=English,157,0,0
1782356365759,164,HTTP Request,200,OK,Year-Language Query 4-6,text,true,,271,159,10,70,http://localhost:8080/search?q=love&year=1994&language=English,164,0,0
1782356365799,139,HTTP Request,200,OK,Year-Language Query 4-7,text,true,,271,159,10,70,http://localhost:8080/search?q=love&year=1994&language=English,139,0,0
1782356365810,128,HTTP Request,200,OK,Year-Language Query 4-3,text,true,,271,159,10,70,http://localhost:8080/search?q=love&year=1994&language=English,128,0,0
1782356365809,129,HTTP Request,200,OK,Year-Language Query 4-5,text,true,,271,159,10,70,http://localhost:8080/search?q=love&year=1994&language=English,129,0,0
1782356365810,133,HTTP Request,200,OK,Year-Language Query 4-10,text,true,,271,159,10,70,http://localhost:8080/search?q=love&year=1994&language=English,133,0,0
1782356365894,81,HTTP Request,200,OK,Year-Language Query 4-4,text,true,,271,159,10,70,http://localhost:8080/search?q=love&year=1994&language=English,81,0,0
1782356365897,79,HTTP Request,200,OK,Year-Language Query 4-2,text,true,,271,159,10,70,http://localhost:8080/search?q=love&year=1994&language=English,79,0,0
1782356365909,75,HTTP Request,200,OK,Year-Language Query 4-8,text,true,,271,159,10,70,http://localhost:8080/search?q=love&year=1994&language=English,75,0,0
1782356365890,96,HTTP Request,200,OK,Year-Language Query 4-9,text,true,,271,159,10,70,http://localhost:8080/search?q=love&year=1994&language=English,96,0,0
1782356365920,81,HTTP Request,200,OK,Year-Language Query 4-1,text,true,,271,159,10,70,http://localhost:8080/search?q=love&year=1994&language=English,81,0,0
1782356365923,80,HTTP Request,200,OK,Year-Language Query 4-6,text,true,,271,159,10,70,http://localhost:8080/search?q=love&year=1994&language=English,80,0,0
1782356365938,81,HTTP Request,200,OK,Year-Language Query 4-5,text,true,,271,159,10,70,http://localhost:8080/search?q=love&year=1994&language=English,81,0,0
1782356365938,81,HTTP Request,200,OK,Year-Language Query 4-3,text,true,,271,159,10,70,http://localhost:8080/search?q=love&year=1994&language=English,81,0,0
1782356365938,81,HTTP Request,200,OK,Year-Language Query 4-7,text,true,,271,159,10,70,http://localhost:8080/search?q=love&year=1994&language=English,81,0,0
1782356365943,88,HTTP Request,200,OK,Year-Language Query 4-10,text,true,,271,159,10,70,http://localhost:8080/search?q=love&year=1994&language=English,88,0,0
1782356365976,67,HTTP Request,200,OK,Year-Language Query 4-2,text,true,,271,159,10,70,http://localhost:8080/search?q=love&year=1994&language=English,67,0,0
1782356366003,64,HTTP Request,200,OK,Year-Language Query 4-6,text,true,,271,159,10,70,http://localhost:8080/search?q=love&year=1994&language=English,64,0,0
1782356365986,82,HTTP Request,200,OK,Year-Language Query 4-9,text,true,,271,159,10,70,http://localhost:8080/search?q=love&year=1994&language=English,82,0,0
1782356365984,84,HTTP Request,200,OK,Year-Language Query 4-8,text,true,,271,159,10,70,http://localhost:8080/search?q=love&year=1994&language=English,84,0,0
1782356366001,80,HTTP Request,200,OK,Year-Language Query 4-1,text,true,,271,159,10,70,http://localhost:8080/search?q=love&year=1994&language=English,80,0,0
1782356365975,106,HTTP Request,200,OK,Year-Language Query 4-4,text,true,,271,159,10,70,http://localhost:8080/search?q=love&year=1994&language=English,106,0,0
1782356366019,92,HTTP Request,200,OK,Year-Language Query 4-7,text,true,,271,159,10,70,http://localhost:8080/search?q=love&year=1994&language=English,92,0,0
1782356366019,93,HTTP Request,200,OK,Year-Language Query 4-5,text,true,,271,159,10,70,http://localhost:8080/search?q=love&year=1994&language=English,93,0,0
1782356366031,82,HTTP Request,200,OK,Year-Language Query 4-10,text,true,,271,159,10,70,http://localhost:8080/search?q=love&year=1994&language=English,82,0,0
1782356366019,104,HTTP Request,200,OK,Year-Language Query 4-3,text,true,,271,159,10,70,http://localhost:8080/search?q=love&year=1994&language=English,104,0,0
1782356366043,109,HTTP Request,200,OK,Year-Language Query 4-2,text,true,,271,159,10,70,http://localhost:8080/search?q=love&year=1994&language=English,109,0,0
1782356366067,98,HTTP Request,200,OK,Year-Language Query 4-6,text,true,,271,159,10,70,http://localhost:8080/search?q=love&year=1994&language=English,98,0,0
1782356366068,97,HTTP Request,200,OK,Year-Language Query 4-9,text,true,,271,159,10,70,http://localhost:8080/search?q=love&year=1994&language=English,97,0,0
1782356366081,85,HTTP Request,200,OK,Year-Language Query 4-4,text,true,,271,159,10,70,http://localhost:8080/search?q=love&year=1994&language=English,85,0,0
1782356366068,120,HTTP Request,200,OK,Year-Language Query 4-8,text,true,,271,159,10,70,http://localhost:8080/search?q=love&year=1994&language=English,120,0,0
1782356366081,116,HTTP Request,200,OK,Year-Language Query 4-1,text,true,,271,159,10,70,http://localhost:8080/search?q=love&year=1994&language=English,116,0,0
1782356366113,87,HTTP Request,200,OK,Year-Language Query 4-10,text,true,,271,159,10,70,http://localhost:8080/search?q=love&year=1994&language=English,87,0,0
1782356366111,91,HTTP Request,200,OK,Year-Language Query 4-7,text,true,,271,159,10,70,http://localhost:8080/search?q=love&year=1994&language=English,91,0,0
1782356366112,99,HTTP Request,200,OK,Year-Language Query 4-5,text,true,,271,159,10,70,http://localhost:8080/search?q=love&year=1994&language=English,99,0,0
1782356366124,101,HTTP Request,200,OK,Year-Language Query 4-3,text,true,,271,159,10,70,http://localhost:8080/search?q=love&year=1994&language=English,101,0,0
1782356366165,90,HTTP Request,200,OK,Year-Language Query 4-9,text,true,,271,159,10,70,http://localhost:8080/search?q=love&year=1994&language=English,90,0,0
1782356366166,89,HTTP Request,200,OK,Year-Language Query 4-4,text,true,,271,159,10,70,http://localhost:8080/search?q=love&year=1994&language=English,89,0,0
1782356366165,91,HTTP Request,200,OK,Year-Language Query 4-6,text,true,,271,159,10,70,http://localhost:8080/search?q=love&year=1994&language=English,91,0,0
1782356366188,68,HTTP Request,200,OK,Year-Language Query 4-8,text,true,,271,159,10,70,http://localhost:8080/search?q=love&year=1994&language=English,68,0,0
1782356366152,121,HTTP Request,200,OK,Year-Language Query 4-2,text,true,,271,159,10,70,http://localhost:8080/search?q=love&year=1994&language=English,121,0,0
1782356366197,91,HTTP Request,200,OK,Year-Language Query 4-1,text,true,,271,159,10,70,http://localhost:8080/search?q=love&year=1994&language=English,91,0,0
1782356366202,88,HTTP Request,200,OK,Year-Language Query 4-7,text,true,,271,159,10,70,http://localhost:8080/search?q=love&year=1994&language=English,88,0,0
1782356366200,92,HTTP Request,200,OK,Year-Language Query 4-10,text,true,,271,159,10,70,http://localhost:8080/search?q=love&year=1994&language=English,92,0,0
1782356366212,99,HTTP Request,200,OK,Year-Language Query 4-5,text,true,,271,159,10,70,http://localhost:8080/search?q=love&year=1994&language=English,99,0,0
1782356366225,87,HTTP Request,200,OK,Year-Language Query 4-3,text,true,,271,159,10,70,http://localhost:8080/search?q=love&year=1994&language=English,87,0,0
1782356366256,59,HTTP Request,200,OK,Year-Language Query 4-8,text,true,,271,159,10,70,http://localhost:8080/search?q=love&year=1994&language=English,59,0,0
1782356366256,60,HTTP Request,200,OK,Year-Language Query 4-6,text,true,,271,159,10,70,http://localhost:8080/search?q=love&year=1994&language=English,60,0,0
1782356366255,65,HTTP Request,200,OK,Year-Language Query 4-9,text,true,,271,159,10,70,http://localhost:8080/search?q=love&year=1994&language=English,65,0,0
1782356366256,65,HTTP Request,200,OK,Year-Language Query 4-4,text,true,,271,159,10,70,http://localhost:8080/search?q=love&year=1994&language=English,65,0,0
1782356366274,148,HTTP Request,200,OK,Year-Language Query 4-2,text,true,,271,159,10,70,http://localhost:8080/search?q=love&year=1994&language=English,148,0,0
1782356366292,135,HTTP Request,200,OK,Year-Language Query 4-10,text,true,,271,159,10,70,http://localhost:8080/search?q=love&year=1994&language=English,135,0,0
1782356366288,145,HTTP Request,200,OK,Year-Language Query 4-1,text,true,,271,159,10,70,http://localhost:8080/search?q=love&year=1994&language=English,145,0,0
1782356366317,120,HTTP Request,200,OK,Year-Language Query 4-6,text,true,,271,159,10,70,http://localhost:8080/search?q=love&year=1994&language=English,120,0,0
1782356366290,147,HTTP Request,200,OK,Year-Language Query 4-7,text,true,,271,159,10,70,http://localhost:8080/search?q=love&year=1994&language=English,147,0,0
1782356366322,121,HTTP Request,200,OK,Year-Language Query 4-4,text,true,,271,159,10,70,http://localhost:8080/search?q=love&year=1994&language=English,121,0,0
1782356366311,133,HTTP Request,200,OK,Year-Language Query 4-5,text,true,,271,159,10,70,http://localhost:8080/search?q=love&year=1994&language=English,133,0,0
1782356366320,124,HTTP Request,200,OK,Year-Language Query 4-9,text,true,,271,159,10,70,http://localhost:8080/search?q=love&year=1994&language=English,124,0,0
1782356366312,137,HTTP Request,200,OK,Year-Language Query 4-3,text,true,,271,159,10,70,http://localhost:8080/search?q=love&year=1994&language=English,137,0,0
1782356366315,143,HTTP Request,200,OK,Year-Language Query 4-8,text,true,,271,159,10,70,http://localhost:8080/search?q=love&year=1994&language=English,143,0,0
1782356366422,54,HTTP Request,200,OK,Year-Language Query 4-2,text,true,,271,159,10,70,http://localhost:8080/search?q=love&year=1994&language=English,54,0,0
1782356366433,54,HTTP Request,200,OK,Year-Language Query 4-1,text,true,,271,159,10,70,http://localhost:8080/search?q=love&year=1994&language=English,54,0,0
1782356366428,70,HTTP Request,200,OK,Year-Language Query 4-10,text,true,,271,159,10,70,http://localhost:8080/search?q=love&year=1994&language=English,70,0,0
1782356366444,65,HTTP Request,200,OK,Year-Language Query 4-4,text,true,,271,159,10,70,http://localhost:8080/search?q=love&year=1994&language=English,65,0,0
1782356366444,69,HTTP Request,200,OK,Year-Language Query 4-5,text,true,,271,159,10,70,http://localhost:8080/search?q=love&year=1994&language=English,69,0,0
1782356366437,76,HTTP Request,200,OK,Year-Language Query 4-6,text,true,,271,159,10,70,http://localhost:8080/search?q=love&year=1994&language=English,76,0,0
1782356366444,69,HTTP Request,200,OK,Year-Language Query 4-9,text,true,,271,159,10,70,http://localhost:8080/search?q=love&year=1994&language=English,69,0,0
1782356366438,80,HTTP Request,200,OK,Year-Language Query 4-7,text,true,,271,159,10,70,http://localhost:8080/search?q=love&year=1994&language=English,80,0,0
1782356366449,74,HTTP Request,200,OK,Year-Language Query 4-3,text,true,,271,159,10,70,http://localhost:8080/search?q=love&year=1994&language=English,74,0,0
1782356366459,78,HTTP Request,200,OK,Year-Language Query 4-8,text,true,,271,159,10,70,http://localhost:8080/search?q=love&year=1994&language=English,78,0,0
1782356366476,67,HTTP Request,200,OK,Year-Language Query 4-2,text,true,,271,159,10,70,http://localhost:8080/search?q=love&year=1994&language=English,67,0,0
1782356366487,63,HTTP Request,200,OK,Year-Language Query 4-1,text,true,,271,159,10,70,http://localhost:8080/search?q=love&year=1994&language=English,63,0,0
1782356366498,66,HTTP Request,200,OK,Year-Language Query 4-10,text,true,,271,159,10,70,http://localhost:8080/search?q=love&year=1994&language=English,66,0,0
1782356366509,55,HTTP Request,200,OK,Year-Language Query 4-4,text,true,,271,159,10,70,http://localhost:8080/search?q=love&year=1994&language=English,55,0,0
1782356366513,51,HTTP Request,200,OK,Year-Language Query 4-6,text,true,,271,159,10,70,http://localhost:8080/search?q=love&year=1994&language=English,51,0,0
1782356366513,58,HTTP Request,200,OK,Year-Language Query 4-9,text,true,,271,159,10,70,http://localhost:8080/search?q=love&year=1994&language=English,58,0,0
1782356366518,66,HTTP Request,200,OK,Year-Language Query 4-7,text,true,,271,159,10,70,http://localhost:8080/search?q=love&year=1994&language=English,66,0,0
1782356366523,69,HTTP Request,200,OK,Year-Language Query 4-3,text,true,,271,159,10,70,http://localhost:8080/search?q=love&year=1994&language=English,69,0,0
1782356366513,82,HTTP Request,200,OK,Year-Language Query 4-5,text,true,,271,159,10,70,http://localhost:8080/search?q=love&year=1994&language=English,82,0,0
1782356366550,59,HTTP Request,200,OK,Year-Language Query 4-1,text,true,,271,159,10,70,http://localhost:8080/search?q=love&year=1994&language=English,59,0,0
1782356366537,82,HTTP Request,200,OK,Year-Language Query 4-8,text,true,,271,159,10,70,http://localhost:8080/search?q=love&year=1994&language=English,82,0,0
1782356366543,78,HTTP Request,200,OK,Year-Language Query 4-2,text,true,,271,159,10,70,http://localhost:8080/search?q=love&year=1994&language=English,78,0,0
1782356366564,58,HTTP Request,200,OK,Year-Language Query 4-10,text,true,,271,159,10,70,http://localhost:8080/search?q=love&year=1994&language=English,58,0,0
1782356366565,59,HTTP Request,200,OK,Year-Language Query 4-6,text,true,,271,159,10,70,http://localhost:8080/search?q=love&year=1994&language=English,59,0,0
1782356366564,65,HTTP Request,200,OK,Year-Language Query 4-4,text,true,,271,159,10,70,http://localhost:8080/search?q=love&year=1994&language=English,65,0,0
1782356366572,70,HTTP Request,200,OK,Year-Language Query 4-9,text,true,,271,159,10,70,http://localhost:8080/search?q=love&year=1994&language=English,70,0,0
1782356366593,73,HTTP Request,200,OK,Year-Language Query 4-3,text,true,,271,159,10,70,http://localhost:8080/search?q=love&year=1994&language=English,73,0,0
1782356366585,91,HTTP Request,200,OK,Year-Language Query 4-7,text,true,,271,159,10,70,http://localhost:8080/search?q=love&year=1994&language=English,91,0,0
1782356366625,66,HTTP Request,200,OK,Year-Language Query 4-6,text,true,,271,159,10,70,http://localhost:8080/search?q=love&year=1994&language=English,66,0,0
1782356366621,73,HTTP Request,200,OK,Year-Language Query 4-2,text,true,,271,159,10,70,http://localhost:8080/search?q=love&year=1994&language=English,73,0,0
1782356366629,65,HTTP Request,200,OK,Year-Language Query 4-4,text,true,,271,159,10,70,http://localhost:8080/search?q=love&year=1994&language=English,65,0,0
1782356366596,117,HTTP Request,200,OK,Year-Language Query 4-5,text,true,,271,159,10,70,http://localhost:8080/search?q=love&year=1994&language=English,117,0,0
1782356366623,91,HTTP Request,200,OK,Year-Language Query 4-10,text,true,,271,159,10,70,http://localhost:8080/search?q=love&year=1994&language=English,91,0,0
1782356366619,98,HTTP Request,200,OK,Year-Language Query 4-8,text,true,,271,159,10,70,http://localhost:8080/search?q=love&year=1994&language=English,98,0,0
1782356366609,108,HTTP Request,200,OK,Year-Language Query 4-1,text,true,,271,159,10,70,http://localhost:8080/search?q=love&year=1994&language=English,108,0,0
1782356366643,94,HTTP Request,200,OK,Year-Language Query 4-9,text,true,,271,159,10,70,http://localhost:8080/search?q=love&year=1994&language=English,94,0,0
1782356366667,89,HTTP Request,200,OK,Year-Language Query 4-3,text,true,,271,159,10,70,http://localhost:8080/search?q=love&year=1994&language=English,89,0,0
1782356366676,80,HTTP Request,200,OK,Year-Language Query 4-7,text,true,,271,159,10,70,http://localhost:8080/search?q=love&year=1994&language=English,80,0,0
1782356366694,66,HTTP Request,200,OK,Year-Language Query 4-4,text,true,,271,159,10,70,http://localhost:8080/search?q=love&year=1994&language=English,66,0,0
1782356366691,71,HTTP Request,200,OK,Year-Language Query 4-6,text,true,,271,159,10,70,http://localhost:8080/search?q=love&year=1994&language=English,71,0,0
1782356366694,69,HTTP Request,200,OK,Year-Language Query 4-2,text,true,,271,159,10,70,http://localhost:8080/search?q=love&year=1994&language=English,69,0,0
1782356366714,73,HTTP Request,200,OK,Year-Language Query 4-10,text,true,,271,159,10,70,http://localhost:8080/search?q=love&year=1994&language=English,73,0,0
1782356366717,75,HTTP Request,200,OK,Year-Language Query 4-8,text,true,,271,159,10,70,http://localhost:8080/search?q=love&year=1994&language=English,75,0,0
1782356366737,65,HTTP Request,200,OK,Year-Language Query 4-9,text,true,,271,159,10,70,http://localhost:8080/search?q=love&year=1994&language=English,65,0,0
1782356366760,74,HTTP Request,200,OK,Year-Language Query 4-4,text,true,,271,159,10,70,http://localhost:8080/search?q=love&year=1994&language=English,74,0,0
1782356366713,123,HTTP Request,200,OK,Year-Language Query 4-5,text,true,,271,159,10,70,http://localhost:8080/search?q=love&year=1994&language=English,123,0,0
1782356366763,73,HTTP Request,200,OK,Year-Language Query 4-6,text,true,,271,159,10,70,http://localhost:8080/search?q=love&year=1994&language=English,73,0,0
1782356366717,120,HTTP Request,200,OK,Year-Language Query 4-1,text,true,,271,159,10,70,http://localhost:8080/search?q=love&year=1994&language=English,120,0,0
1782356366763,78,HTTP Request,200,OK,Year-Language Query 4-2,text,true,,271,159,10,70,http://localhost:8080/search?q=love&year=1994&language=English,78,0,0
1782356366756,96,HTTP Request,200,OK,Year-Language Query 4-3,text,true,,271,159,10,70,http://localhost:8080/search?q=love&year=1994&language=English,96,0,0
1782356366756,96,HTTP Request,200,OK,Year-Language Query 4-7,text,true,,271,159,10,70,http://localhost:8080/search?q=love&year=1994&language=English,96,0,0
1782356366792,140,HTTP Request,200,OK,Year-Language Query 4-8,text,true,,271,159,10,70,http://localhost:8080/search?q=love&year=1994&language=English,140,0,0
1782356366787,156,HTTP Request,200,OK,Year-Language Query 4-10,text,true,,271,159,10,70,http://localhost:8080/search?q=love&year=1994&language=English,156,0,0
1782356366852,106,HTTP Request,200,OK,Year-Language Query 4-3,text,true,,271,159,10,70,http://localhost:8080/search?q=love&year=1994&language=English,106,0,0
1782356366835,127,HTTP Request,200,OK,Year-Language Query 4-4,text,true,,271,159,10,70,http://localhost:8080/search?q=love&year=1994&language=English,127,0,0
1782356366802,161,HTTP Request,200,OK,Year-Language Query 4-9,text,true,,271,159,10,70,http://localhost:8080/search?q=love&year=1994&language=English,161,0,0
1782356366841,130,HTTP Request,200,OK,Year-Language Query 4-2,text,true,,271,159,10,70,http://localhost:8080/search?q=love&year=1994&language=English,130,0,0
1782356366837,136,HTTP Request,200,OK,Year-Language Query 4-6,text,true,,271,159,10,70,http://localhost:8080/search?q=love&year=1994&language=English,136,0,0
1782356366837,142,HTTP Request,200,OK,Year-Language Query 4-1,text,true,,271,159,10,70,http://localhost:8080/search?q=love&year=1994&language=English,142,0,0
1782356366837,145,HTTP Request,200,OK,Year-Language Query 4-5,text,true,,271,159,10,70,http://localhost:8080/search?q=love&year=1994&language=English,145,0,0
1782356366852,131,HTTP Request,200,OK,Year-Language Query 4-7,text,true,,271,159,10,70,http://localhost:8080/search?q=love&year=1994&language=English,131,0,0
1782356366958,60,HTTP Request,200,OK,Year-Language Query 4-3,text,true,,271,159,10,70,http://localhost:8080/search?q=love&year=1994&language=English,60,0,0
1782356366933,104,HTTP Request,200,OK,Year-Language Query 4-8,text,true,,271,159,10,70,http://localhost:8080/search?q=love&year=1994&language=English,104,0,0
1782356366971,66,HTTP Request,200,OK,Year-Language Query 4-2,text,true,,271,159,10,70,http://localhost:8080/search?q=love&year=1994&language=English,66,0,0
1782356366963,74,HTTP Request,200,OK,Year-Language Query 4-4,text,true,,271,159,10,70,http://localhost:8080/search?q=love&year=1994&language=English,74,0,0
1782356366943,97,HTTP Request,200,OK,Year-Language Query 4-10,text,true,,271,159,10,70,http://localhost:8080/search?q=love&year=1994&language=English,97,0,0
1782356366973,67,HTTP Request,200,OK,Year-Language Query 4-6,text,true,,271,159,10,70,http://localhost:8080/search?q=love&year=1994&language=English,67,0,0
1782356366979,65,HTTP Request,200,OK,Year-Language Query 4-1,text,true,,271,159,10,70,http://localhost:8080/search?q=love&year=1994&language=English,65,0,0
1782356366963,86,HTTP Request,200,OK,Year-Language Query 4-9,text,true,,271,159,10,70,http://localhost:8080/search?q=love&year=1994&language=English,86,0,0
1782356366982,76,HTTP Request,200,OK,Year-Language Query 4-5,text,true,,271,159,10,70,http://localhost:8080/search?q=love&year=1994&language=English,76,0,0
1782356366983,76,HTTP Request,200,OK,Year-Language Query 4-7,text,true,,271,159,10,70,http://localhost:8080/search?q=love&year=1994&language=English,76,0,0
1782356367018,78,HTTP Request,200,OK,Year-Language Query 4-3,text,true,,271,159,10,70,http://localhost:8080/search?q=love&year=1994&language=English,78,0,0
1782356367037,77,HTTP Request,200,OK,Year-Language Query 4-2,text,true,,271,159,10,70,http://localhost:8080/search?q=love&year=1994&language=English,77,0,0
1782356367038,76,HTTP Request,200,OK,Year-Language Query 4-4,text,true,,271,159,10,70,http://localhost:8080/search?q=love&year=1994&language=English,76,0,0
1782356367037,80,HTTP Request,200,OK,Year-Language Query 4-8,text,true,,271,159,10,70,http://localhost:8080/search?q=love&year=1994&language=English,80,0,0
1782356367045,91,HTTP Request,200,OK,Year-Language Query 4-1,text,true,,271,159,10,70,http://localhost:8080/search?q=love&year=1994&language=English,91,0,0
1782356367049,87,HTTP Request,200,OK,Year-Language Query 4-9,text,true,,271,159,10,70,http://localhost:8080/search?q=love&year=1994&language=English,87,0,0
1782356367061,76,HTTP Request,200,OK,Year-Language Query 4-7,text,true,,271,159,10,70,http://localhost:8080/search?q=love&year=1994&language=English,76,0,0
1782356367040,107,HTTP Request,200,OK,Year-Language Query 4-10,text,true,,271,159,10,70,http://localhost:8080/search?q=love&year=1994&language=English,107,0,0
1782356367058,90,HTTP Request,200,OK,Year-Language Query 4-5,text,true,,271,159,10,70,http://localhost:8080/search?q=love&year=1994&language=English,90,0,0
1782356367040,117,HTTP Request,200,OK,Year-Language Query 4-6,text,true,,271,159,10,70,http://localhost:8080/search?q=love&year=1994&language=English,117,0,0
1782356367097,92,HTTP Request,200,OK,Year-Language Query 4-3,text,true,,271,159,10,70,http://localhost:8080/search?q=love&year=1994&language=English,91,0,0
1782356367137,62,HTTP Request,200,OK,Year-Language Query 4-1,text,true,,271,159,10,70,http://localhost:8080/search?q=love&year=1994&language=English,62,0,0
1782356367137,63,HTTP Request,200,OK,Year-Language Query 4-9,text,true,,271,159,10,70,http://localhost:8080/search?q=love&year=1994&language=English,63,0,0
1782356367114,97,HTTP Request,200,OK,Year-Language Query 4-4,text,true,,271,159,10,70,http://localhost:8080/search?q=love&year=1994&language=English,97,0,0
1782356367117,95,HTTP Request,200,OK,Year-Language Query 4-8,text,true,,271,159,10,70,http://localhost:8080/search?q=love&year=1994&language=English,95,0,0
1782356367114,98,HTTP Request,200,OK,Year-Language Query 4-2,text,true,,271,159,10,70,http://localhost:8080/search?q=love&year=1994&language=English,98,0,0
1782356367137,75,HTTP Request,200,OK,Year-Language Query 4-7,text,true,,271,159,10,70,http://localhost:8080/search?q=love&year=1994&language=English,75,0,0
1782356367147,73,HTTP Request,200,OK,Year-Language Query 4-10,text,true,,271,159,10,70,http://localhost:8080/search?q=love&year=1994&language=English,73,0,0
1782356367148,74,HTTP Request,200,OK,Year-Language Query 4-5,text,true,,271,159,10,70,http://localhost:8080/search?q=love&year=1994&language=English,74,0,0
1782356367157,100,HTTP Request,200,OK,Year-Language Query 4-6,text,true,,271,159,10,70,http://localhost:8080/search?q=love&year=1994&language=English,100,0,0
1782356367189,68,HTTP Request,200,OK,Year-Language Query 4-3,text,true,,271,159,10,70,http://localhost:8080/search?q=love&year=1994&language=English,68,0,0
1782356367200,58,HTTP Request,200,OK,Year-Language Query 4-1,text,true,,271,159,10,70,http://localhost:8080/search?q=love&year=1994&language=English,58,0,0
1782356367212,61,HTTP Request,200,OK,Year-Language Query 4-8,text,true,,271,159,10,70,http://localhost:8080/search?q=love&year=1994&language=English,61,0,0
1782356367212,76,HTTP Request,200,OK,Year-Language Query 4-4,text,true,,271,159,10,70,http://localhost:8080/search?q=love&year=1994&language=English,76,0,0
1782356367200,88,HTTP Request,200,OK,Year-Language Query 4-9,text,true,,271,159,10,70,http://localhost:8080/search?q=love&year=1994&language=English,88,0,0
1782356367212,77,HTTP Request,200,OK,Year-Language Query 4-2,text,true,,271,159,10,70,http://localhost:8080/search?q=love&year=1994&language=English,77,0,0
1782356367212,77,HTTP Request,200,OK,Year-Language Query 4-7,text,true,,271,159,10,70,http://localhost:8080/search?q=love&year=1994&language=English,77,0,0
1782356367222,77,HTTP Request,200,OK,Year-Language Query 4-5,text,true,,271,159,10,70,http://localhost:8080/search?q=love&year=1994&language=English,77,0,0
1782356367220,80,HTTP Request,200,OK,Year-Language Query 4-10,text,true,,271,159,10,70,http://localhost:8080/search?q=love&year=1994&language=English,80,0,0
1782356367258,89,HTTP Request,200,OK,Year-Language Query 4-3,text,true,,271,159,10,70,http://localhost:8080/search?q=love&year=1994&language=English,89,0,0
1782356367258,92,HTTP Request,200,OK,Year-Language Query 4-6,text,true,,271,159,10,70,http://localhost:8080/search?q=love&year=1994&language=English,92,0,0
1782356367273,85,HTTP Request,200,OK,Year-Language Query 4-8,text,true,,271,159,10,70,http://localhost:8080/search?q=love&year=1994&language=English,85,0,0
1782356367288,76,HTTP Request,200,OK,Year-Language Query 4-9,text,true,,271,159,10,70,http://localhost:8080/search?q=love&year=1994&language=English,76,0,0
1782356367289,75,HTTP Request,200,OK,Year-Language Query 4-2,text,true,,271,159,10,70,http://localhost:8080/search?q=love&year=1994&language=English,75,0,0
1782356367289,76,HTTP Request,200,OK,Year-Language Query 4-7,text,true,,271,159,10,70,http://localhost:8080/search?q=love&year=1994&language=English,76,0,0
1782356367288,78,HTTP Request,200,OK,Year-Language Query 4-4,text,true,,271,159,10,70,http://localhost:8080/search?q=love&year=1994&language=English,78,0,0
1782356367299,67,HTTP Request,200,OK,Year-Language Query 4-5,text,true,,271,159,10,70,http://localhost:8080/search?q=love&year=1994&language=English,67,0,0
1782356367258,184,HTTP Request,200,OK,Year-Language Query 4-1,text,true,,271,159,10,70,http://localhost:8080/search?q=love&year=1994&language=English,184,0,0
1782356367300,148,HTTP Request,200,OK,Year-Language Query 4-10,text,true,,271,159,10,70,http://localhost:8080/search?q=love&year=1994&language=English,148,0,0
1782356367350,135,HTTP Request,200,OK,Year-Language Query 4-6,text,true,,271,159,10,70,http://localhost:8080/search?q=love&year=1994&language=English,135,0,0
1782356367366,126,HTTP Request,200,OK,Year-Language Query 4-5,text,true,,271,159,10,70,http://localhost:8080/search?q=love&year=1994&language=English,126,0,0
1782356367365,128,HTTP Request,200,OK,Year-Language Query 4-2,text,true,,271,159,10,70,http://localhost:8080/search?q=love&year=1994&language=English,128,0,0
1782356367365,128,HTTP Request,200,OK,Year-Language Query 4-7,text,true,,271,159,10,70,http://localhost:8080/search?q=love&year=1994&language=English,128,0,0
1782356367347,147,HTTP Request,200,OK,Year-Language Query 4-3,text,true,,271,159,10,70,http://localhost:8080/search?q=love&year=1994&language=English,147,0,0
1782356367365,130,HTTP Request,200,OK,Year-Language Query 4-9,text,true,,271,159,10,70,http://localhost:8080/search?q=love&year=1994&language=English,130,0,0
1782356367366,131,HTTP Request,200,OK,Year-Language Query 4-4,text,true,,271,159,10,70,http://localhost:8080/search?q=love&year=1994&language=English,131,0,0
1782356367358,139,HTTP Request,200,OK,Year-Language Query 4-8,text,true,,271,159,10,70,http://localhost:8080/search?q=love&year=1994&language=English,139,0,0
1782356367443,56,HTTP Request,200,OK,Year-Language Query 4-1,text,true,,271,159,10,70,http://localhost:8080/search?q=love&year=1994&language=English,56,0,0
1782356367448,56,HTTP Request,200,OK,Year-Language Query 4-10,text,true,,271,159,10,70,http://localhost:8080/search?q=love&year=1994&language=English,56,0,0
1782356367485,69,HTTP Request,200,OK,Year-Language Query 4-6,text,true,,271,159,10,70,http://localhost:8080/search?q=love&year=1994&language=English,69,0,0
1782356367495,59,HTTP Request,200,OK,Year-Language Query 4-9,text,true,,271,159,10,70,http://localhost:8080/search?q=love&year=1994&language=English,59,0,0
1782356367494,62,HTTP Request,200,OK,Year-Language Query 4-3,text,true,,271,159,10,70,http://localhost:8080/search?q=love&year=1994&language=English,62,0,0
1782356367493,66,HTTP Request,200,OK,Year-Language Query 4-2,text,true,,271,159,10,70,http://localhost:8080/search?q=love&year=1994&language=English,66,0,0
1782356367497,62,HTTP Request,200,OK,Year-Language Query 4-8,text,true,,271,159,10,70,http://localhost:8080/search?q=love&year=1994&language=English,62,0,0
1782356367499,65,HTTP Request,200,OK,Year-Language Query 4-1,text,true,,271,159,10,70,http://localhost:8080/search?q=love&year=1994&language=English,65,0,0
1782356367492,81,HTTP Request,200,OK,Year-Language Query 4-5,text,true,,271,159,10,70,http://localhost:8080/search?q=love&year=1994&language=English,81,0,0
1782356367493,83,HTTP Request,200,OK,Year-Language Query 4-7,text,true,,271,159,10,70,http://localhost:8080/search?q=love&year=1994&language=English,83,0,0
1782356367504,72,HTTP Request,200,OK,Year-Language Query 4-10,text,true,,271,159,10,70,http://localhost:8080/search?q=love&year=1994&language=English,72,0,0
1782356367497,79,HTTP Request,200,OK,Year-Language Query 4-4,text,true,,271,159,10,70,http://localhost:8080/search?q=love&year=1994&language=English,79,0,0
1782356367555,62,HTTP Request,200,OK,Year-Language Query 4-9,text,true,,271,159,10,70,http://localhost:8080/search?q=love&year=1994&language=English,62,0,0
1782356367559,64,HTTP Request,200,OK,Year-Language Query 4-8,text,true,,271,159,10,70,http://localhost:8080/search?q=love&year=1994&language=English,64,0,0
1782356367559,72,HTTP Request,200,OK,Year-Language Query 4-2,text,true,,271,159,10,70,http://localhost:8080/search?q=love&year=1994&language=English,72,0,0
1782356367556,76,HTTP Request,200,OK,Year-Language Query 4-3,text,true,,271,159,10,70,http://localhost:8080/search?q=love&year=1994&language=English,76,0,0
1782356367555,78,HTTP Request,200,OK,Year-Language Query 4-6,text,true,,271,159,10,70,http://localhost:8080/search?q=love&year=1994&language=English,78,0,0
1782356367576,76,HTTP Request,200,OK,Year-Language Query 4-4,text,true,,271,159,10,70,http://localhost:8080/search?q=love&year=1994&language=English,76,0,0
1782356367564,89,HTTP Request,200,OK,Year-Language Query 4-1,text,true,,271,159,10,70,http://localhost:8080/search?q=love&year=1994&language=English,89,0,0
1782356367573,80,HTTP Request,200,OK,Year-Language Query 4-5,text,true,,271,159,10,70,http://localhost:8080/search?q=love&year=1994&language=English,80,0,0
1782356367576,78,HTTP Request,200,OK,Year-Language Query 4-10,text,true,,271,159,10,70,http://localhost:8080/search?q=love&year=1994&language=English,78,0,0
1782356367576,80,HTTP Request,200,OK,Year-Language Query 4-7,text,true,,271,159,10,70,http://localhost:8080/search?q=love&year=1994&language=English,80,0,0
1782356367618,66,HTTP Request,200,OK,Year-Language Query 4-9,text,true,,271,159,10,70,http://localhost:8080/search?q=love&year=1994&language=English,66,0,0
1782356367623,61,HTTP Request,200,OK,Year-Language Query 4-8,text,true,,271,159,10,70,http://localhost:8080/search?q=love&year=1994&language=English,61,0,0
1782356367631,58,HTTP Request,200,OK,Year-Language Query 4-2,text,true,,271,159,10,70,http://localhost:8080/search?q=love&year=1994&language=English,58,0,0
1782356367633,66,HTTP Request,200,OK,Year-Language Query 4-6,text,true,,271,159,10,70,http://localhost:8080/search?q=love&year=1994&language=English,66,0,0
1782356367632,70,HTTP Request,200,OK,Year-Language Query 4-3,text,true,,271,159,10,70,http://localhost:8080/search?q=love&year=1994&language=English,70,0,0
1782356367652,65,HTTP Request,200,OK,Year-Language Query 4-4,text,true,,271,159,10,70,http://localhost:8080/search?q=love&year=1994&language=English,65,0,0
1782356367653,67,HTTP Request,200,OK,Year-Language Query 4-5,text,true,,271,159,10,70,http://localhost:8080/search?q=love&year=1994&language=English,67,0,0
1782356367653,67,HTTP Request,200,OK,Year-Language Query 4-1,text,true,,271,159,10,70,http://localhost:8080/search?q=love&year=1994&language=English,67,0,0
1782356367657,73,HTTP Request,200,OK,Year-Language Query 4-7,text,true,,271,159,10,70,http://localhost:8080/search?q=love&year=1994&language=English,72,0,0
1782356367654,105,HTTP Request,200,OK,Year-Language Query 4-10,text,true,,271,159,10,70,http://localhost:8080/search?q=love&year=1994&language=English,105,0,0
1782356367684,85,HTTP Request,200,OK,Year-Language Query 4-8,text,true,,271,159,10,70,http://localhost:8080/search?q=love&year=1994&language=English,85,0,0
1782356367684,87,HTTP Request,200,OK,Year-Language Query 4-9,text,true,,271,159,10,70,http://localhost:8080/search?q=love&year=1994&language=English,87,0,0
1782356367699,72,HTTP Request,200,OK,Year-Language Query 4-6,text,true,,271,159,10,70,http://localhost:8080/search?q=love&year=1994&language=English,72,0,0
1782356367689,86,HTTP Request,200,OK,Year-Language Query 4-2,text,true,,271,159,10,70,http://localhost:8080/search?q=love&year=1994&language=English,86,0,0
1782356367702,86,HTTP Request,200,OK,Year-Language Query 4-3,text,true,,271,159,10,70,http://localhost:8080/search?q=love&year=1994&language=English,86,0,0
1782356367718,75,HTTP Request,200,OK,Year-Language Query 4-4,text,true,,271,159,10,70,http://localhost:8080/search?q=love&year=1994&language=English,75,0,0
1782356367721,72,HTTP Request,200,OK,Year-Language Query 4-1,text,true,,271,159,10,70,http://localhost:8080/search?q=love&year=1994&language=English,72,0,0
1782356367730,63,HTTP Request,200,OK,Year-Language Query 4-7,text,true,,271,159,10,70,http://localhost:8080/search?q=love&year=1994&language=English,63,0,0
1782356367721,101,HTTP Request,200,OK,Year-Language Query 4-5,text,true,,271,159,10,70,http://localhost:8080/search?q=love&year=1994&language=English,101,0,0
1782356367760,80,HTTP Request,200,OK,Year-Language Query 4-10,text,true,,271,159,10,70,http://localhost:8080/search?q=love&year=1994&language=English,80,0,0
1782356367771,91,HTTP Request,200,OK,Year-Language Query 4-9,text,true,,271,159,10,70,http://localhost:8080/search?q=love&year=1994&language=English,91,0,0
1782356367793,77,HTTP Request,200,OK,Year-Language Query 4-1,text,true,,271,159,10,70,http://localhost:8080/search?q=love&year=1994&language=English,77,0,0
1782356367789,81,HTTP Request,200,OK,Year-Language Query 4-3,text,true,,271,159,10,70,http://localhost:8080/search?q=love&year=1994&language=English,81,0,0
1782356367769,108,HTTP Request,200,OK,Year-Language Query 4-8,text,true,,271,159,10,70,http://localhost:8080/search?q=love&year=1994&language=English,108,0,0
1782356367771,125,HTTP Request,200,OK,Year-Language Query 4-6,text,true,,271,159,10,70,http://localhost:8080/search?q=love&year=1994&language=English,125,0,0
1782356367794,104,HTTP Request,200,OK,Year-Language Query 4-7,text,true,,271,159,10,70,http://localhost:8080/search?q=love&year=1994&language=English,104,0,0
1782356367776,123,HTTP Request,200,OK,Year-Language Query 4-2,text,true,,271,159,10,70,http://localhost:8080/search?q=love&year=1994&language=English,123,0,0
1782356367840,142,HTTP Request,200,OK,Year-Language Query 4-10,text,true,,271,159,10,70,http://localhost:8080/search?q=love&year=1994&language=English,142,0,0
1782356367822,167,HTTP Request,200,OK,Year-Language Query 4-5,text,true,,271,159,10,70,http://localhost:8080/search?q=love&year=1994&language=English,167,0,0
1782356367793,196,HTTP Request,200,OK,Year-Language Query 4-4,text,true,,271,159,10,70,http://localhost:8080/search?q=love&year=1994&language=English,196,0,0
1782356367863,146,HTTP Request,200,OK,Year-Language Query 4-9,text,true,,271,159,10,70,http://localhost:8080/search?q=love&year=1994&language=English,146,0,0
1782356367870,142,HTTP Request,200,OK,Year-Language Query 4-3,text,true,,271,159,10,70,http://localhost:8080/search?q=love&year=1994&language=English,142,0,0
1782356367898,115,HTTP Request,200,OK,Year-Language Query 4-7,text,true,,271,159,10,70,http://localhost:8080/search?q=love&year=1994&language=English,115,0,0
1782356367899,114,HTTP Request,200,OK,Year-Language Query 4-2,text,true,,271,159,10,70,http://localhost:8080/search?q=love&year=1994&language=English,114,0,0
1782356367870,154,HTTP Request,200,OK,Year-Language Query 4-1,text,true,,271,159,10,70,http://localhost:8080/search?q=love&year=1994&language=English,154,0,0
1782356367896,129,HTTP Request,200,OK,Year-Language Query 4-6,text,true,,271,159,10,70,http://localhost:8080/search?q=love&year=1994&language=English,129,0,0
1782356367877,150,HTTP Request,200,OK,Year-Language Query 4-8,text,true,,271,159,10,70,http://localhost:8080/search?q=love&year=1994&language=English,150,0,0
1782356367982,81,HTTP Request,200,OK,Year-Language Query 4-10,text,true,,271,159,10,70,http://localhost:8080/search?q=love&year=1994&language=English,81,0,0
1782356367989,79,HTTP Request,200,OK,Year-Language Query 4-5,text,true,,271,159,10,70,http://localhost:8080/search?q=love&year=1994&language=English,79,0,0
1782356367989,79,HTTP Request,200,OK,Year-Language Query 4-4,text,true,,271,159,10,70,http://localhost:8080/search?q=love&year=1994&language=English,79,0,0
1782356368010,61,HTTP Request,200,OK,Year-Language Query 4-9,text,true,,271,159,10,70,http://localhost:8080/search?q=love&year=1994&language=English,61,0,0
1782356368013,86,HTTP Request,200,OK,Year-Language Query 4-7,text,true,,271,159,10,70,http://localhost:8080/search?q=love&year=1994&language=English,86,0,0
1782356368025,74,HTTP Request,200,OK,Year-Language Query 4-6,text,true,,271,159,10,70,http://localhost:8080/search?q=love&year=1994&language=English,74,0,0
1782356368027,76,HTTP Request,200,OK,Year-Language Query 4-8,text,true,,271,159,10,70,http://localhost:8080/search?q=love&year=1994&language=English,76,0,0
1782356368025,81,HTTP Request,200,OK,Year-Language Query 4-1,text,true,,271,159,10,70,http://localhost:8080/search?q=love&year=1994&language=English,81,0,0
1782356368013,95,HTTP Request,200,OK,Year-Language Query 4-3,text,true,,271,159,10,70,http://localhost:8080/search?q=love&year=1994&language=English,95,0,0
1782356368013,97,HTTP Request,200,OK,Year-Language Query 4-2,text,true,,271,159,10,70,http://localhost:8080/search?q=love&year=1994&language=English,97,0,0
1782356368072,81,HTTP Request,200,OK,Year-Language Query 4-9,text,true,,271,159,10,70,http://localhost:8080/search?q=love&year=1994&language=English,81,0,0
1782356368063,113,HTTP Request,200,OK,Year-Language Query 4-10,text,true,,271,159,10,70,http://localhost:8080/search?q=love&year=1994&language=English,113,0,0
1782356368068,110,HTTP Request,200,OK,Year-Language Query 4-5,text,true,,271,159,10,70,http://localhost:8080/search?q=love&year=1994&language=English,110,0,0
1782356368100,83,HTTP Request,200,OK,Year-Language Query 4-6,text,true,,271,159,10,70,http://localhost:8080/search?q=love&year=1994&language=English,82,0,0
1782356368099,84,HTTP Request,200,OK,Year-Language Query 4-7,text,true,,271,159,10,70,http://localhost:8080/search?q=love&year=1994&language=English,84,0,0
1782356368104,87,HTTP Request,200,OK,Year-Language Query 4-8,text,true,,271,159,10,70,http://localhost:8080/search?q=love&year=1994&language=English,87,0,0
1782356368068,129,HTTP Request,200,OK,Year-Language Query 4-4,text,true,,271,159,10,70,http://localhost:8080/search?q=love&year=1994&language=English,129,0,0
1782356368106,92,HTTP Request,200,OK,Year-Language Query 4-1,text,true,,271,159,10,70,http://localhost:8080/search?q=love&year=1994&language=English,92,0,0
1782356368110,88,HTTP Request,200,OK,Year-Language Query 4-2,text,true,,271,159,10,70,http://localhost:8080/search?q=love&year=1994&language=English,88,0,0
1782356368109,104,HTTP Request,200,OK,Year-Language Query 4-3,text,true,,271,159,10,70,http://localhost:8080/search?q=love&year=1994&language=English,104,0,0
1782356368153,83,HTTP Request,200,OK,Year-Language Query 4-9,text,true,,271,159,10,70,http://localhost:8080/search?q=love&year=1994&language=English,83,0,0
1782356368183,80,HTTP Request,200,OK,Year-Language Query 4-6,text,true,,271,159,10,70,http://localhost:8080/search?q=love&year=1994&language=English,80,0,0
1782356368178,86,HTTP Request,200,OK,Year-Language Query 4-5,text,true,,271,159,10,70,http://localhost:8080/search?q=love&year=1994&language=English,86,0,0
1782356368197,70,HTTP Request,200,OK,Year-Language Query 4-4,text,true,,271,159,10,70,http://localhost:8080/search?q=love&year=1994&language=English,70,0,0
1782356368198,69,HTTP Request,200,OK,Year-Language Query 4-1,text,true,,271,159,10,70,http://localhost:8080/search?q=love&year=1994&language=English,69,0,0
1782356368198,70,HTTP Request,200,OK,Year-Language Query 4-2,text,true,,271,159,10,70,http://localhost:8080/search?q=love&year=1994&language=English,70,0,0
1782356368176,101,HTTP Request,200,OK,Year-Language Query 4-10,text,true,,271,159,10,70,http://localhost:8080/search?q=love&year=1994&language=English,101,0,0
1782356368183,115,HTTP Request,200,OK,Year-Language Query 4-7,text,true,,271,159,10,70,http://localhost:8080/search?q=love&year=1994&language=English,115,0,0
1782356368214,88,HTTP Request,200,OK,Year-Language Query 4-3,text,true,,271,159,10,70,http://localhost:8080/search?q=love&year=1994&language=English,88,0,0
1782356368192,112,HTTP Request,200,OK,Year-Language Query 4-8,text,true,,271,159,10,70,http://localhost:8080/search?q=love&year=1994&language=English,112,0,0
1782356368236,86,HTTP Request,200,OK,Year-Language Query 4-9,text,true,,271,159,10,70,http://localhost:8080/search?q=love&year=1994&language=English,86,0,0
1782356368263,65,HTTP Request,200,OK,Year-Language Query 4-6,text,true,,271,159,10,70,http://localhost:8080/search?q=love&year=1994&language=English,65,0,0
1782356368264,65,HTTP Request,200,OK,Year-Language Query 4-5,text,true,,271,159,10,70,http://localhost:8080/search?q=love&year=1994&language=English,65,0,0
1782356368277,76,HTTP Request,200,OK,Year-Language Query 4-10,text,true,,271,159,10,70,http://localhost:8080/search?q=love&year=1994&language=English,76,0,0
1782356368268,86,HTTP Request,200,OK,Year-Language Query 4-2,text,true,,271,159,10,70,http://localhost:8080/search?q=love&year=1994&language=English,86,0,0
1782356368267,87,HTTP Request,200,OK,Year-Language Query 4-4,text,true,,271,159,10,70,http://localhost:8080/search?q=love&year=1994&language=English,87,0,0
1782356368330,54,HTTP Request,200,OK,Year-Language Query 4-5,text,true,,271,159,10,70,http://localhost:8080/search?q=love&year=1994&language=English,54,0,0
1782356368328,57,HTTP Request,200,OK,Year-Language Query 4-6,text,true,,271,159,10,70,http://localhost:8080/search?q=love&year=1994&language=English,57,0,0
1782356368322,67,HTTP Request,200,OK,Year-Language Query 4-9,text,true,,271,159,10,70,http://localhost:8080/search?q=love&year=1994&language=English,67,0,0
1782356368298,94,HTTP Request,200,OK,Year-Language Query 4-7,text,true,,271,159,10,70,http://localhost:8080/search?q=love&year=1994&language=English,94,0,0
1782356368268,124,HTTP Request,200,OK,Year-Language Query 4-1,text,true,,271,159,10,70,http://localhost:8080/search?q=love&year=1994&language=English,124,0,0
1782356368302,102,HTTP Request,200,OK,Year-Language Query 4-3,text,true,,271,159,10,70,http://localhost:8080/search?q=love&year=1994&language=English,102,0,0
1782356368304,102,HTTP Request,200,OK,Year-Language Query 4-8,text,true,,271,159,10,70,http://localhost:8080/search?q=love&year=1994&language=English,102,0,0
1782356368353,143,HTTP Request,200,OK,Year-Language Query 4-10,text,true,,271,159,10,70,http://localhost:8080/search?q=love&year=1994&language=English,143,0,0
1782356368355,142,HTTP Request,200,OK,Year-Language Query 4-4,text,true,,271,159,10,70,http://localhost:8080/search?q=love&year=1994&language=English,142,0,0
1782356368355,165,HTTP Request,200,OK,Year-Language Query 4-2,text,true,,271,159,10,70,http://localhost:8080/search?q=love&year=1994&language=English,165,0,0
1782356368392,140,HTTP Request,200,OK,Year-Language Query 4-1,text,true,,271,159,10,70,http://localhost:8080/search?q=love&year=1994&language=English,140,0,0
1782356368392,141,HTTP Request,200,OK,Year-Language Query 4-7,text,true,,271,159,10,70,http://localhost:8080/search?q=love&year=1994&language=English,141,0,0
1782356368405,128,HTTP Request,200,OK,Year-Language Query 4-3,text,true,,271,159,10,70,http://localhost:8080/search?q=love&year=1994&language=English,128,0,0
1782356368384,156,HTTP Request,200,OK,Year-Language Query 4-5,text,true,,271,159,10,70,http://localhost:8080/search?q=love&year=1994&language=English,156,0,0
1782356368390,150,HTTP Request,200,OK,Year-Language Query 4-9,text,true,,271,159,10,70,http://localhost:8080/search?q=love&year=1994&language=English,150,0,0
1782356368406,138,HTTP Request,200,OK,Year-Language Query 4-8,text,true,,271,159,10,70,http://localhost:8080/search?q=love&year=1994&language=English,138,0,0
1782356368385,159,HTTP Request,200,OK,Year-Language Query 4-6,text,true,,271,159,10,70,http://localhost:8080/search?q=love&year=1994&language=English,159,0,0
1782356368496,80,HTTP Request,200,OK,Year-Language Query 4-10,text,true,,271,159,10,70,http://localhost:8080/search?q=love&year=1994&language=English,80,0,0
1782356368497,83,HTTP Request,200,OK,Year-Language Query 4-4,text,true,,271,159,10,70,http://localhost:8080/search?q=love&year=1994&language=English,83,0,0
1782356368520,62,HTTP Request,200,OK,Year-Language Query 4-2,text,true,,271,159,10,70,http://localhost:8080/search?q=love&year=1994&language=English,62,0,0
1782356368532,66,HTTP Request,200,OK,Year-Language Query 4-1,text,true,,271,159,10,70,http://localhost:8080/search?q=love&year=1994&language=English,66,0,0
1782356368540,68,HTTP Request,200,OK,Year-Language Query 4-5,text,true,,271,159,10,70,http://localhost:8080/search?q=love&year=1994&language=English,68,0,0
1782356368534,93,HTTP Request,200,OK,Year-Language Query 4-7,text,true,,271,159,10,70,http://localhost:8080/search?q=love&year=1994&language=English,93,0,0
1782356368534,96,HTTP Request,200,OK,Year-Language Query 4-3,text,true,,271,159,10,70,http://localhost:8080/search?q=love&year=1994&language=English,96,0,0
1782356368541,94,HTTP Request,200,OK,Year-Language Query 4-9,text,true,,271,159,10,70,http://localhost:8080/search?q=love&year=1994&language=English,94,0,0
1782356368544,104,HTTP Request,200,OK,Year-Language Query 4-8,text,true,,271,159,10,70,http://localhost:8080/search?q=love&year=1994&language=English,104,0,0
1782356368544,104,HTTP Request,200,OK,Year-Language Query 4-6,text,true,,271,159,10,70,http://localhost:8080/search?q=love&year=1994&language=English,104,0,0
1782356368580,75,HTTP Request,200,OK,Year-Language Query 4-4,text,true,,271,159,10,70,http://localhost:8080/search?q=love&year=1994&language=English,75,0,0
1782356368576,81,HTTP Request,200,OK,Year-Language Query 4-10,text,true,,271,159,10,70,http://localhost:8080/search?q=love&year=1994&language=English,81,0,0
1782356368582,78,HTTP Request,200,OK,Year-Language Query 4-2,text,true,,271,159,10,70,http://localhost:8080/search?q=love&year=1994&language=English,78,0,0
1782356368598,72,HTTP Request,200,OK,Year-Language Query 4-1,text,true,,271,159,10,70,http://localhost:8080/search?q=love&year=1994&language=English,72,0,0
1782356368609,79,HTTP Request,200,OK,Year-Language Query 4-5,text,true,,271,159,10,70,http://localhost:8080/search?q=love&year=1994&language=English,79,0,0
1782356368627,65,HTTP Request,200,OK,Year-Language Query 4-7,text,true,,271,159,10,70,http://localhost:8080/search?q=love&year=1994&language=English,65,0,0
1782356368635,65,HTTP Request,200,OK,Year-Language Query 4-9,text,true,,271,159,10,70,http://localhost:8080/search?q=love&year=1994&language=English,65,0,0
1782356368631,71,HTTP Request,200,OK,Year-Language Query 4-3,text,true,,271,159,10,70,http://localhost:8080/search?q=love&year=1994&language=English,71,0,0
1782356368649,96,HTTP Request,200,OK,Year-Language Query 4-6,text,true,,271,159,10,70,http://localhost:8080/search?q=love&year=1994&language=English,96,0,0
1782356368661,91,HTTP Request,200,OK,Year-Language Query 4-2,text,true,,271,159,10,70,http://localhost:8080/search?q=love&year=1994&language=English,91,0,0
1782356368656,97,HTTP Request,200,OK,Year-Language Query 4-4,text,true,,271,159,10,70,http://localhost:8080/search?q=love&year=1994&language=English,97,0,0
1782356368657,97,HTTP Request,200,OK,Year-Language Query 4-10,text,true,,271,159,10,70,http://localhost:8080/search?q=love&year=1994&language=English,97,0,0
1782356368671,91,HTTP Request,200,OK,Year-Language Query 4-1,text,true,,271,159,10,70,http://localhost:8080/search?q=love&year=1994&language=English,91,0,0
1782356368648,114,HTTP Request,200,OK,Year-Language Query 4-8,text,true,,271,159,10,70,http://localhost:8080/search?q=love&year=1994&language=English,114,0,0
1782356368692,86,HTTP Request,200,OK,Year-Language Query 4-7,text,true,,271,159,10,70,http://localhost:8080/search?q=love&year=1994&language=English,86,0,0
1782356368700,85,HTTP Request,200,OK,Year-Language Query 4-9,text,true,,271,159,10,70,http://localhost:8080/search?q=love&year=1994&language=English,85,0,0
1782356368703,83,HTTP Request,200,OK,Year-Language Query 4-3,text,true,,271,159,10,70,http://localhost:8080/search?q=love&year=1994&language=English,83,0,0
1782356368689,97,HTTP Request,200,OK,Year-Language Query 4-5,text,true,,271,159,10,70,http://localhost:8080/search?q=love&year=1994&language=English,97,0,0
1782356368753,61,HTTP Request,200,OK,Year-Language Query 4-2,text,true,,271,159,10,70,http://localhost:8080/search?q=love&year=1994&language=English,61,0,0
1782356368753,61,HTTP Request,200,OK,Year-Language Query 4-4,text,true,,271,159,10,70,http://localhost:8080/search?q=love&year=1994&language=English,61,0,0
1782356368745,72,HTTP Request,200,OK,Year-Language Query 4-6,text,true,,271,159,10,70,http://localhost:8080/search?q=love&year=1994&language=English,72,0,0
1782356368754,64,HTTP Request,200,OK,Year-Language Query 4-10,text,true,,271,159,10,70,http://localhost:8080/search?q=love&year=1994&language=English,64,0,0
1782356368762,72,HTTP Request,200,OK,Year-Language Query 4-1,text,true,,271,159,10,70,http://localhost:8080/search?q=love&year=1994&language=English,72,0,0
1782356368762,75,HTTP Request,200,OK,Year-Language Query 4-8,text,true,,271,159,10,70,http://localhost:8080/search?q=love&year=1994&language=English,75,0,0
1782356368778,99,HTTP Request,200,OK,Year-Language Query 4-7,text,true,,271,159,10,70,http://localhost:8080/search?q=love&year=1994&language=English,99,0,0
1782356368785,102,HTTP Request,200,OK,Year-Language Query 4-9,text,true,,271,159,10,70,http://localhost:8080/search?q=love&year=1994&language=English,102,0,0
1782356368786,101,HTTP Request,200,OK,Year-Language Query 4-3,text,true,,271,159,10,70,http://localhost:8080/search?q=love&year=1994&language=English,101,0,0
1782356368814,74,HTTP Request,200,OK,Year-Language Query 4-4,text,true,,271,159,10,70,http://localhost:8080/search?q=love&year=1994&language=English,74,0,0
1782356368786,105,HTTP Request,200,OK,Year-Language Query 4-5,text,true,,271,159,10,70,http://localhost:8080/search?q=love&year=1994&language=English,105,0,0
1782356368814,77,HTTP Request,200,OK,Year-Language Query 4-2,text,true,,271,159,10,70,http://localhost:8080/search?q=love&year=1994&language=English,77,0,0
1782356368818,75,HTTP Request,200,OK,Year-Language Query 4-10,text,true,,271,159,10,70,http://localhost:8080/search?q=love&year=1994&language=English,75,0,0
1782356368817,78,HTTP Request,200,OK,Year-Language Query 4-6,text,true,,271,159,10,70,http://localhost:8080/search?q=love&year=1994&language=English,78,0,0
1782356368836,78,HTTP Request,200,OK,Year-Language Query 4-1,text,true,,271,159,10,70,http://localhost:8080/search?q=love&year=1994&language=English,78,0,0
1782356368837,77,HTTP Request,200,OK,Year-Language Query 4-8,text,true,,271,159,10,70,http://localhost:8080/search?q=love&year=1994&language=English,77,0,0
1782356368891,152,HTTP Request,200,OK,Year-Language Query 4-5,text,true,,271,159,10,70,http://localhost:8080/search?q=love&year=1994&language=English,152,0,0
1782356368887,156,HTTP Request,200,OK,Year-Language Query 4-9,text,true,,271,159,10,70,http://localhost:8080/search?q=love&year=1994&language=English,156,0,0
1782356368878,173,HTTP Request,200,OK,Year-Language Query 4-7,text,true,,271,159,10,70,http://localhost:8080/search?q=love&year=1994&language=English,173,0,0
1782356368887,164,HTTP Request,200,OK,Year-Language Query 4-3,text,true,,271,159,10,70,http://localhost:8080/search?q=love&year=1994&language=English,164,0,0
1782356368893,181,HTTP Request,200,OK,Year-Language Query 4-10,text,true,,271,159,10,70,http://localhost:8080/search?q=love&year=1994&language=English,181,0,0
1782356368914,169,HTTP Request,200,OK,Year-Language Query 4-1,text,true,,271,159,10,70,http://localhost:8080/search?q=love&year=1994&language=English,169,0,0
1782356368914,170,HTTP Request,200,OK,Year-Language Query 4-8,text,true,,271,159,10,70,http://localhost:8080/search?q=love&year=1994&language=English,170,0,0
1782356368895,196,HTTP Request,200,OK,Year-Language Query 4-6,text,true,,271,159,10,70,http://localhost:8080/search?q=love&year=1994&language=English,196,0,0
1782356368888,214,HTTP Request,200,OK,Year-Language Query 4-4,text,true,,271,159,10,70,http://localhost:8080/search?q=love&year=1994&language=English,214,0,0
1782356368891,211,HTTP Request,200,OK,Year-Language Query 4-2,text,true,,271,159,10,70,http://localhost:8080/search?q=love&year=1994&language=English,211,0,0
1782356369043,85,HTTP Request,200,OK,Year-Language Query 4-5,text,true,,271,159,10,70,http://localhost:8080/search?q=love&year=1994&language=English,85,0,0
1782356369043,86,HTTP Request,200,OK,Year-Language Query 4-9,text,true,,271,159,10,70,http://localhost:8080/search?q=love&year=1994&language=English,86,0,0
1782356369074,87,HTTP Request,200,OK,Year-Language Query 4-10,text,true,,271,159,10,70,http://localhost:8080/search?q=love&year=1994&language=English,87,0,0
1782356369084,100,HTTP Request,200,OK,Year-Language Query 4-8,text,true,,271,159,10,70,http://localhost:8080/search?q=love&year=1994&language=English,100,0,0
1782356369051,142,HTTP Request,200,OK,Year-Language Query 4-3,text,true,,271,159,10,70,http://localhost:8080/search?q=love&year=1994&language=English,142,0,0
1782356369051,195,HTTP Request,200,OK,Year-Language Query 4-7,text,true,,271,159,10,70,http://localhost:8080/search?q=love&year=1994&language=English,195,0,0
1782356369129,119,HTTP Request,200,OK,Year-Language Query 4-9,text,true,,271,159,10,70,http://localhost:8080/search?q=love&year=1994&language=English,119,0,0
1782356369129,120,HTTP Request,200,OK,Year-Language Query 4-5,text,true,,271,159,10,70,http://localhost:8080/search?q=love&year=1994&language=English,120,0,0
1782356369083,172,HTTP Request,200,OK,Year-Language Query 4-1,text,true,,271,159,10,70,http://localhost:8080/search?q=love&year=1994&language=English,172,0,0
1782356369091,172,HTTP Request,200,OK,Year-Language Query 4-6,text,true,,271,159,10,70,http://localhost:8080/search?q=love&year=1994&language=English,172,0,0
1782356369102,194,HTTP Request,200,OK,Year-Language Query 4-4,text,true,,271,159,10,70,http://localhost:8080/search?q=love&year=1994&language=English,193,0,0
1782356369102,195,HTTP Request,200,OK,Year-Language Query 4-2,text,true,,271,159,10,70,http://localhost:8080/search?q=love&year=1994&language=English,195,0,0
1782356369162,135,HTTP Request,200,OK,Year-Language Query 4-10,text,true,,271,159,10,70,http://localhost:8080/search?q=love&year=1994&language=English,135,0,0
1782356369184,156,HTTP Request,200,OK,Year-Language Query 4-8,text,true,,271,159,10,70,http://localhost:8080/search?q=love&year=1994&language=English,156,0,0
1782356369246,114,HTTP Request,200,OK,Year-Language Query 4-7,text,true,,271,159,10,70,http://localhost:8080/search?q=love&year=1994&language=English,114,0,0
1782356369194,195,HTTP Request,200,OK,Year-Language Query 4-3,text,true,,271,159,10,70,http://localhost:8080/search?q=love&year=1994&language=English,195,0,0
1782356369263,139,HTTP Request,200,OK,Year-Language Query 4-6,text,true,,271,159,10,70,http://localhost:8080/search?q=love&year=1994&language=English,139,0,0
1782356369297,109,HTTP Request,200,OK,Year-Language Query 4-10,text,true,,271,159,10,70,http://localhost:8080/search?q=love&year=1994&language=English,109,0,0
1782356369250,162,HTTP Request,200,OK,Year-Language Query 4-5,text,true,,271,159,10,70,http://localhost:8080/search?q=love&year=1994&language=English,162,0,0
1782356369249,163,HTTP Request,200,OK,Year-Language Query 4-9,text,true,,271,159,10,70,http://localhost:8080/search?q=love&year=1994&language=English,163,0,0
1782356369296,149,HTTP Request,200,OK,Year-Language Query 4-4,text,true,,271,159,10,70,http://localhost:8080/search?q=love&year=1994&language=English,149,0,0
1782356369255,204,HTTP Request,200,OK,Year-Language Query 4-1,text,true,,271,159,10,70,http://localhost:8080/search?q=love&year=1994&language=English,204,0,0
1782356369297,191,HTTP Request,200,OK,Year-Language Query 4-2,text,true,,271,159,10,70,http://localhost:8080/search?q=love&year=1994&language=English,191,0,0
1782356369340,165,HTTP Request,200,OK,Year-Language Query 4-8,text,true,,271,159,10,70,http://localhost:8080/search?q=love&year=1994&language=English,165,0,0
1782356369389,116,HTTP Request,200,OK,Year-Language Query 4-3,text,true,,271,159,10,70,http://localhost:8080/search?q=love&year=1994&language=English,116,0,0
1782356369402,104,HTTP Request,200,OK,Year-Language Query 4-6,text,true,,271,159,10,70,http://localhost:8080/search?q=love&year=1994&language=English,104,0,0
1782356369360,248,HTTP Request,200,OK,Year-Language Query 4-7,text,true,,271,159,10,70,http://localhost:8080/search?q=love&year=1994&language=English,248,0,0
1782356369506,113,HTTP Request,200,OK,Year-Language Query 4-3,text,true,,271,159,10,70,http://localhost:8080/search?q=love&year=1994&language=English,113,0,0
1782356369406,214,HTTP Request,200,OK,Year-Language Query 4-10,text,true,,271,159,10,70,http://localhost:8080/search?q=love&year=1994&language=English,214,0,0
1782356369488,135,HTTP Request,200,OK,Year-Language Query 4-2,text,true,,271,159,10,70,http://localhost:8080/search?q=love&year=1994&language=English,135,0,0
1782356369506,118,HTTP Request,200,OK,Year-Language Query 4-6,text,true,,271,159,10,70,http://localhost:8080/search?q=love&year=1994&language=English,118,0,0
1782356369412,257,HTTP Request,200,OK,Year-Language Query 4-5,text,true,,271,159,10,70,http://localhost:8080/search?q=love&year=1994&language=English,257,0,0
1782356369505,164,HTTP Request,200,OK,Year-Language Query 4-8,text,true,,271,159,10,70,http://localhost:8080/search?q=love&year=1994&language=English,164,0,0
1782356369412,273,HTTP Request,200,OK,Year-Language Query 4-9,text,true,,271,159,10,70,http://localhost:8080/search?q=love&year=1994&language=English,273,0,0
1782356369459,228,HTTP Request,200,OK,Year-Language Query 4-1,text,true,,271,159,10,70,http://localhost:8080/search?q=love&year=1994&language=English,228,0,0
1782356369446,263,HTTP Request,200,OK,Year-Language Query 4-4,text,true,,271,159,10,70,http://localhost:8080/search?q=love&year=1994&language=English,263,0,0
1782356369608,133,HTTP Request,200,OK,Year-Language Query 4-7,text,true,,271,159,10,70,http://localhost:8080/search?q=love&year=1994&language=English,133,0,0
1782356369623,118,HTTP Request,200,OK,Year-Language Query 4-2,text,true,,271,159,10,70,http://localhost:8080/search?q=love&year=1994&language=English,118,0,0
1782356369624,158,HTTP Request,200,OK,Year-Language Query 4-6,text,true,,271,159,10,70,http://localhost:8080/search?q=love&year=1994&language=English,158,0,0
1782356369620,163,HTTP Request,200,OK,Year-Language Query 4-10,text,true,,271,159,10,70,http://localhost:8080/search?q=love&year=1994&language=English,163,0,0
1782356369620,166,HTTP Request,200,OK,Year-Language Query 4-3,text,true,,271,159,10,70,http://localhost:8080/search?q=love&year=1994&language=English,166,0,0
1782356369741,85,HTTP Request,200,OK,Year-Language Query 4-2,text,true,,271,159,10,70,http://localhost:8080/search?q=love&year=1994&language=English,85,0,0
1782356369669,400,HTTP Request,200,OK,Year-Language Query 4-8,text,true,,271,159,10,70,http://localhost:8080/search?q=love&year=1994&language=English,400,0,0
1782356369782,291,HTTP Request,200,OK,Year-Language Query 4-6,text,true,,271,159,10,70,http://localhost:8080/search?q=love&year=1994&language=English,291,0,0
1782356369786,287,HTTP Request,200,OK,Year-Language Query 4-3,text,true,,271,159,10,70,http://localhost:8080/search?q=love&year=1994&language=English,287,0,0
1782356369669,422,HTTP Request,200,OK,Year-Language Query 4-5,text,true,,271,159,10,70,http://localhost:8080/search?q=love&year=1994&language=English,422,0,0
1782356369786,337,HTTP Request,200,OK,Year-Language Query 4-10,text,true,,271,159,10,70,http://localhost:8080/search?q=love&year=1994&language=English,337,0,0
1782356369826,307,HTTP Request,200,OK,Year-Language Query 4-2,text,true,,271,159,10,70,http://localhost:8080/search?q=love&year=1994&language=English,307,0,0
1782356369741,432,HTTP Request,200,OK,Year-Language Query 4-7,text,true,,271,159,10,70,http://localhost:8080/search?q=love&year=1994&language=English,432,0,0
1782356369687,511,HTTP Request,200,OK,Year-Language Query 4-1,text,true,,271,159,10,70,http://localhost:8080/search?q=love&year=1994&language=English,511,0,0
1782356369685,513,HTTP Request,200,OK,Year-Language Query 4-9,text,true,,271,159,10,70,http://localhost:8080/search?q=love&year=1994&language=English,513,0,0
1782356369709,490,HTTP Request,200,OK,Year-Language Query 4-4,text,true,,271,159,10,70,http://localhost:8080/search?q=love&year=1994&language=English,490,0,0
1782356370069,178,HTTP Request,200,OK,Year-Language Query 4-8,text,true,,271,159,10,70,http://localhost:8080/search?q=love&year=1994&language=English,178,0,0
1782356370074,184,HTTP Request,200,OK,Year-Language Query 4-3,text,true,,271,159,10,70,http://localhost:8080/search?q=love&year=1994&language=English,184,0,0
1782356370091,178,HTTP Request,200,OK,Year-Language Query 4-5,text,true,,271,159,10,70,http://localhost:8080/search?q=love&year=1994&language=English,178,0,0
1782356370133,152,HTTP Request,200,OK,Year-Language Query 4-2,text,true,,271,159,10,70,http://localhost:8080/search?q=love&year=1994&language=English,152,0,0
1782356370073,225,HTTP Request,200,OK,Year-Language Query 4-6,text,true,,271,159,10,70,http://localhost:8080/search?q=love&year=1994&language=English,225,0,0
1782356370199,143,HTTP Request,200,OK,Year-Language Query 4-4,text,true,,271,159,10,70,http://localhost:8080/search?q=love&year=1994&language=English,143,0,0
1782356370124,231,HTTP Request,200,OK,Year-Language Query 4-10,text,true,,271,159,10,70,http://localhost:8080/search?q=love&year=1994&language=English,231,0,0
1782356370198,181,HTTP Request,200,OK,Year-Language Query 4-9,text,true,,271,159,10,70,http://localhost:8080/search?q=love&year=1994&language=English,181,0,0
1782356370269,116,HTTP Request,200,OK,Year-Language Query 4-5,text,true,,271,159,10,70,http://localhost:8080/search?q=love&year=1994&language=English,116,0,0
1782356370247,144,HTTP Request,200,OK,Year-Language Query 4-8,text,true,,271,159,10,70,http://localhost:8080/search?q=love&year=1994&language=English,144,0,0
1782356370258,139,HTTP Request,200,OK,Year-Language Query 4-3,text,true,,271,159,10,70,http://localhost:8080/search?q=love&year=1994&language=English,139,0,0
1782356370198,219,HTTP Request,200,OK,Year-Language Query 4-1,text,true,,271,159,10,70,http://localhost:8080/search?q=love&year=1994&language=English,219,0,0
1782356370173,244,HTTP Request,200,OK,Year-Language Query 4-7,text,true,,271,159,10,70,http://localhost:8080/search?q=love&year=1994&language=English,244,0,0
1782356370299,142,HTTP Request,200,OK,Year-Language Query 4-6,text,true,,271,159,10,70,http://localhost:8080/search?q=love&year=1994&language=English,142,0,0
1782356370343,123,HTTP Request,200,OK,Year-Language Query 4-4,text,true,,271,159,10,70,http://localhost:8080/search?q=love&year=1994&language=English,123,0,0
1782356370285,198,HTTP Request,200,OK,Year-Language Query 4-2,text,true,,271,159,10,70,http://localhost:8080/search?q=love&year=1994&language=English,198,0,0
1782356370356,129,HTTP Request,200,OK,Year-Language Query 4-10,text,true,,271,159,10,70,http://localhost:8080/search?q=love&year=1994&language=English,129,0,0
1782356370385,115,HTTP Request,200,OK,Year-Language Query 4-5,text,true,,271,159,10,70,http://localhost:8080/search?q=love&year=1994&language=English,115,0,0
1782356370391,110,HTTP Request,200,OK,Year-Language Query 4-8,text,true,,271,159,10,70,http://localhost:8080/search?q=love&year=1994&language=English,110,0,0
1782356370417,100,HTTP Request,200,OK,Year-Language Query 4-1,text,true,,271,159,10,70,http://localhost:8080/search?q=love&year=1994&language=English,100,0,0
1782356370379,150,HTTP Request,200,OK,Year-Language Query 4-9,text,true,,271,159,10,70,http://localhost:8080/search?q=love&year=1994&language=English,150,0,0
1782356370397,133,HTTP Request,200,OK,Year-Language Query 4-3,text,true,,271,159,10,70,http://localhost:8080/search?q=love&year=1994&language=English,133,0,0
1782356370417,197,HTTP Request,200,OK,Year-Language Query 4-7,text,true,,271,159,10,70,http://localhost:8080/search?q=love&year=1994&language=English,197,0,0
1782356370441,185,HTTP Request,200,OK,Year-Language Query 4-6,text,true,,271,159,10,70,http://localhost:8080/search?q=love&year=1994&language=English,185,0,0
1782356370466,173,HTTP Request,200,OK,Year-Language Query 4-4,text,true,,271,159,10,70,http://localhost:8080/search?q=love&year=1994&language=English,173,0,0
1782356370501,146,HTTP Request,200,OK,Year-Language Query 4-8,text,true,,271,159,10,70,http://localhost:8080/search?q=love&year=1994&language=English,146,0,0
1782356370517,133,HTTP Request,200,OK,Year-Language Query 4-1,text,true,,271,159,10,70,http://localhost:8080/search?q=love&year=1994&language=English,132,0,0
1782356370484,177,HTTP Request,200,OK,Year-Language Query 4-2,text,true,,271,159,10,70,http://localhost:8080/search?q=love&year=1994&language=English,177,0,0
1782356370530,136,HTTP Request,200,OK,Year-Language Query 4-3,text,true,,271,159,10,70,http://localhost:8080/search?q=love&year=1994&language=English,136,0,0
1782356370485,181,HTTP Request,200,OK,Year-Language Query 4-10,text,true,,271,159,10,70,http://localhost:8080/search?q=love&year=1994&language=English,181,0,0
1782356370500,173,HTTP Request,200,OK,Year-Language Query 4-5,text,true,,271,159,10,70,http://localhost:8080/search?q=love&year=1994&language=English,173,0,0
1782356370529,145,HTTP Request,200,OK,Year-Language Query 4-9,text,true,,271,159,10,70,http://localhost:8080/search?q=love&year=1994&language=English,145,0,0
1782356370614,89,HTTP Request,200,OK,Year-Language Query 4-7,text,true,,271,159,10,70,http://localhost:8080/search?q=love&year=1994&language=English,89,0,0
1782356370626,121,HTTP Request,200,OK,Year-Language Query 4-6,text,true,,271,159,10,70,http://localhost:8080/search?q=love&year=1994&language=English,121,0,0
1782356370639,108,HTTP Request,200,OK,Year-Language Query 4-4,text,true,,271,159,10,70,http://localhost:8080/search?q=love&year=1994&language=English,108,0,0
1782356370650,97,HTTP Request,200,OK,Year-Language Query 4-1,text,true,,271,159,10,70,http://localhost:8080/search?q=love&year=1994&language=English,97,0,0
1782356370675,91,HTTP Request,200,OK,Year-Language Query 4-9,text,true,,271,159,10,70,http://localhost:8080/search?q=love&year=1994&language=English,91,0,0
1782356370648,119,HTTP Request,200,OK,Year-Language Query 4-8,text,true,,271,159,10,70,http://localhost:8080/search?q=love&year=1994&language=English,119,0,0
1782356370674,127,HTTP Request,200,OK,Year-Language Query 4-5,text,true,,271,159,10,70,http://localhost:8080/search?q=love&year=1994&language=English,127,0,0
1782356370661,141,HTTP Request,200,OK,Year-Language Query 4-2,text,true,,271,159,10,70,http://localhost:8080/search?q=love&year=1994&language=English,141,0,0
1782356370666,136,HTTP Request,200,OK,Year-Language Query 4-3,text,true,,271,159,10,70,http://localhost:8080/search?q=love&year=1994&language=English,136,0,0
1782356370666,197,HTTP Request,200,OK,Year-Language Query 4-10,text,true,,271,159,10,70,http://localhost:8080/search?q=love&year=1994&language=English,197,0,0
1782356370768,105,HTTP Request,200,OK,Year-Language Query 4-8,text,true,,271,159,10,70,http://localhost:8080/search?q=love&year=1994&language=English,105,0,0
1782356370747,128,HTTP Request,200,OK,Year-Language Query 4-4,text,true,,271,159,10,70,http://localhost:8080/search?q=love&year=1994&language=English,128,0,0
1782356370747,135,HTTP Request,200,OK,Year-Language Query 4-6,text,true,,271,159,10,70,http://localhost:8080/search?q=love&year=1994&language=English,135,0,0
1782356370703,179,HTTP Request,200,OK,Year-Language Query 4-7,text,true,,271,159,10,70,http://localhost:8080/search?q=love&year=1994&language=English,179,0,0
1782356370766,116,HTTP Request,200,OK,Year-Language Query 4-9,text,true,,271,159,10,70,http://localhost:8080/search?q=love&year=1994&language=English,116,0,0
1782356370747,139,HTTP Request,200,OK,Year-Language Query 4-1,text,true,,271,159,10,70,http://localhost:8080/search?q=love&year=1994&language=English,139,0,0
1782356370802,117,HTTP Request,200,OK,Year-Language Query 4-3,text,true,,271,159,10,70,http://localhost:8080/search?q=love&year=1994&language=English,117,0,0
1782356370863,82,HTTP Request,200,OK,Year-Language Query 4-10,text,true,,271,159,10,70,http://localhost:8080/search?q=love&year=1994&language=English,82,0,0
1782356370801,153,HTTP Request,200,OK,Year-Language Query 4-5,text,true,,271,159,10,70,http://localhost:8080/search?q=love&year=1994&language=English,153,0,0
1782356370802,153,HTTP Request,200,OK,Year-Language Query 4-2,text,true,,271,159,10,70,http://localhost:8080/search?q=love&year=1994&language=English,153,0,0
1782356370882,96,HTTP Request,200,OK,Year-Language Query 4-6,text,true,,271,159,10,70,http://localhost:8080/search?q=love&year=1994&language=English,96,0,0
1782356370875,103,HTTP Request,200,OK,Year-Language Query 4-4,text,true,,271,159,10,70,http://localhost:8080/search?q=love&year=1994&language=English,103,0,0
1782356370873,125,HTTP Request,200,OK,Year-Language Query 4-8,text,true,,271,159,10,70,http://localhost:8080/search?q=love&year=1994&language=English,125,0,0
1782356370882,129,HTTP Request,200,OK,Year-Language Query 4-7,text,true,,271,159,10,70,http://localhost:8080/search?q=love&year=1994&language=English,129,0,0
1782356370886,125,HTTP Request,200,OK,Year-Language Query 4-1,text,true,,271,159,10,70,http://localhost:8080/search?q=love&year=1994&language=English,125,0,0
1782356370882,129,HTTP Request,200,OK,Year-Language Query 4-9,text,true,,271,159,10,70,http://localhost:8080/search?q=love&year=1994&language=English,129,0,0
1782356370919,110,HTTP Request,200,OK,Year-Language Query 4-3,text,true,,271,159,10,70,http://localhost:8080/search?q=love&year=1994&language=English,110,0,0
1782356370955,116,HTTP Request,200,OK,Year-Language Query 4-2,text,true,,271,159,10,70,http://localhost:8080/search?q=love&year=1994&language=English,116,0,0
1782356370954,162,HTTP Request,200,OK,Year-Language Query 4-5,text,true,,271,159,10,70,http://localhost:8080/search?q=love&year=1994&language=English,162,0,0
1782356370945,181,HTTP Request,200,OK,Year-Language Query 4-10,text,true,,271,159,10,70,http://localhost:8080/search?q=love&year=1994&language=English,181,0,0
1782356370978,169,HTTP Request,200,OK,Year-Language Query 4-4,text,true,,271,159,10,70,http://localhost:8080/search?q=love&year=1994&language=English,169,0,0
1782356371071,141,HTTP Request,200,OK,Year-Language Query 4-2,text,true,,271,159,10,70,http://localhost:8080/search?q=love&year=1994&language=English,140,0,0
1782356371012,200,HTTP Request,200,OK,Year-Language Query 4-9,text,true,,271,159,10,70,http://localhost:8080/search?q=love&year=1994&language=English,200,0,0
1782356371029,183,HTTP Request,200,OK,Year-Language Query 4-3,text,true,,271,159,10,70,http://localhost:8080/search?q=love&year=1994&language=English,183,0,0
1782356371011,201,HTTP Request,200,OK,Year-Language Query 4-1,text,true,,271,159,10,70,http://localhost:8080/search?q=love&year=1994&language=English,201,0,0
1782356371116,97,HTTP Request,200,OK,Year-Language Query 4-5,text,true,,271,159,10,70,http://localhost:8080/search?q=love&year=1994&language=English,97,0,0
1782356371011,203,HTTP Request,200,OK,Year-Language Query 4-7,text,true,,271,159,10,70,http://localhost:8080/search?q=love&year=1994&language=English,203,0,0
1782356370998,216,HTTP Request,200,OK,Year-Language Query 4-8,text,true,,271,159,10,70,http://localhost:8080/search?q=love&year=1994&language=English,216,0,0
1782356370978,251,HTTP Request,200,OK,Year-Language Query 4-6,text,true,,271,159,10,70,http://localhost:8080/search?q=love&year=1994&language=English,251,0,0
1782356371147,110,HTTP Request,200,OK,Year-Language Query 4-4,text,true,,271,159,10,70,http://localhost:8080/search?q=love&year=1994&language=English,110,0,0
1782356371127,174,HTTP Request,200,OK,Year-Language Query 4-10,text,true,,271,159,10,70,http://localhost:8080/search?q=love&year=1994&language=English,174,0,0
1782356371212,156,HTTP Request,200,OK,Year-Language Query 4-2,text,true,,271,159,10,70,http://localhost:8080/search?q=love&year=1994&language=English,156,0,0
1782356371212,156,HTTP Request,200,OK,Year-Language Query 4-3,text,true,,271,159,10,70,http://localhost:8080/search?q=love&year=1994&language=English,156,0,0
1782356371212,199,HTTP Request,200,OK,Year-Language Query 4-9,text,true,,271,159,10,70,http://localhost:8080/search?q=love&year=1994&language=English,199,0,0
1782356371213,198,HTTP Request,200,OK,Year-Language Query 4-5,text,true,,271,159,10,70,http://localhost:8080/search?q=love&year=1994&language=English,198,0,0
1782356371257,156,HTTP Request,200,OK,Year-Language Query 4-4,text,true,,271,159,10,70,http://localhost:8080/search?q=love&year=1994&language=English,156,0,0
1782356371301,127,HTTP Request,200,OK,Year-Language Query 4-10,text,true,,271,159,10,70,http://localhost:8080/search?q=love&year=1994&language=English,127,0,0
1782356371214,214,HTTP Request,200,OK,Year-Language Query 4-7,text,true,,271,159,10,70,http://localhost:8080/search?q=love&year=1994&language=English,214,0,0
1782356371213,215,HTTP Request,200,OK,Year-Language Query 4-1,text,true,,271,159,10,70,http://localhost:8080/search?q=love&year=1994&language=English,215,0,0
1782356371214,236,HTTP Request,200,OK,Year-Language Query 4-8,text,true,,271,159,10,70,http://localhost:8080/search?q=love&year=1994&language=English,236,0,0
1782356371229,221,HTTP Request,200,OK,Year-Language Query 4-6,text,true,,271,159,10,70,http://localhost:8080/search?q=love&year=1994&language=English,221,0,0
1782356371368,90,HTTP Request,200,OK,Year-Language Query 4-2,text,true,,271,159,10,70,http://localhost:8080/search?q=love&year=1994&language=English,90,0,0
1782356371368,90,HTTP Request,200,OK,Year-Language Query 4-3,text,true,,271,159,10,70,http://localhost:8080/search?q=love&year=1994&language=English,90,0,0
1782356371411,96,HTTP Request,200,OK,Year-Language Query 4-5,text,true,,271,159,10,70,http://localhost:8080/search?q=love&year=1994&language=English,96,0,0
1782356371428,80,HTTP Request,200,OK,Year-Language Query 4-10,text,true,,271,159,10,70,http://localhost:8080/search?q=love&year=1994&language=English,80,0,0
1782356371411,101,HTTP Request,200,OK,Year-Language Query 4-9,text,true,,271,159,10,70,http://localhost:8080/search?q=love&year=1994&language=English,101,0,0
1782356371413,111,HTTP Request,200,OK,Year-Language Query 4-4,text,true,,271,159,10,70,http://localhost:8080/search?q=love&year=1994&language=English,111,0,0
1782356371428,97,HTTP Request,200,OK,Year-Language Query 4-1,text,true,,271,159,10,70,http://localhost:8080/search?q=love&year=1994&language=English,97,0,0
1782356371450,99,HTTP Request,200,OK,Year-Language Query 4-6,text,true,,271,159,10,70,http://localhost:8080/search?q=love&year=1994&language=English,99,0,0
1782356371428,134,HTTP Request,200,OK,Year-Language Query 4-7,text,true,,271,159,10,70,http://localhost:8080/search?q=love&year=1994&language=English,134,0,0
1782356371450,117,HTTP Request,200,OK,Year-Language Query 4-8,text,true,,271,159,10,70,http://localhost:8080/search?q=love&year=1994&language=English,117,0,0
1782356371459,113,HTTP Request,200,OK,Year-Language Query 4-2,text,true,,271,159,10,70,http://localhost:8080/search?q=love&year=1994&language=English,113,0,0
1782356371507,139,HTTP Request,200,OK,Year-Language Query 4-5,text,true,,271,159,10,70,http://localhost:8080/search?q=love&year=1994&language=English,139,0,0
1782356371508,155,HTTP Request,200,OK,Year-Language Query 4-10,text,true,,271,159,10,70,http://localhost:8080/search?q=love&year=1994&language=English,155,0,0
1782356371512,153,HTTP Request,200,OK,Year-Language Query 4-9,text,true,,271,159,10,70,http://localhost:8080/search?q=love&year=1994&language=English,153,0,0
1782356371459,215,HTTP Request,200,OK,Year-Language Query 4-3,text,true,,271,159,10,70,http://localhost:8080/search?q=love&year=1994&language=English,215,0,0
1782356371524,154,HTTP Request,200,OK,Year-Language Query 4-4,text,true,,271,159,10,70,http://localhost:8080/search?q=love&year=1994&language=English,154,0,0
1782356371525,153,HTTP Request,200,OK,Year-Language Query 4-1,text,true,,271,159,10,70,http://localhost:8080/search?q=love&year=1994&language=English,153,0,0
1782356371567,148,HTTP Request,200,OK,Year-Language Query 4-8,text,true,,271,159,10,70,http://localhost:8080/search?q=love&year=1994&language=English,148,0,0
1782356371562,153,HTTP Request,200,OK,Year-Language Query 4-7,text,true,,271,159,10,70,http://localhost:8080/search?q=love&year=1994&language=English,153,0,0
1782356371550,165,HTTP Request,200,OK,Year-Language Query 4-6,text,true,,271,159,10,70,http://localhost:8080/search?q=love&year=1994&language=English,165,0,0
1782356371573,149,HTTP Request,200,OK,Year-Language Query 4-2,text,true,,271,159,10,70,http://localhost:8080/search?q=love&year=1994&language=English,149,0,0
1782356371647,77,HTTP Request,200,OK,Year-Language Query 4-5,text,true,,271,159,10,70,http://localhost:8080/search?q=love&year=1994&language=English,77,0,0
1782356371665,74,HTTP Request,200,OK,Year-Language Query 4-9,text,true,,271,159,10,70,http://localhost:8080/search?q=love&year=1994&language=English,74,0,0
1782356371679,67,HTTP Request,200,OK,Year-Language Query 4-4,text,true,,271,159,10,70,http://localhost:8080/search?q=love&year=1994&language=English,67,0,0
1782356371664,92,HTTP Request,200,OK,Year-Language Query 4-10,text,true,,271,159,10,70,http://localhost:8080/search?q=love&year=1994&language=English,92,0,0
1782356371675,81,HTTP Request,200,OK,Year-Language Query 4-3,text,true,,271,159,10,70,http://localhost:8080/search?q=love&year=1994&language=English,81,0,0
1782356371679,108,HTTP Request,200,OK,Year-Language Query 4-1,text,true,,271,159,10,70,http://localhost:8080/search?q=love&year=1994&language=English,108,0,0
1782356371746,67,HTTP Request,200,OK,Year-Language Query 4-4,text,true,,271,159,10,70,http://localhost:8080/search?q=love&year=1994&language=English,67,0,0
1782356371739,75,HTTP Request,200,OK,Year-Language Query 4-9,text,true,,271,159,10,70,http://localhost:8080/search?q=love&year=1994&language=English,75,0,0
1782356371756,61,HTTP Request,200,OK,Year-Language Query 4-10,text,true,,271,159,10,70,http://localhost:8080/search?q=love&year=1994&language=English,61,0,0
1782356371756,65,HTTP Request,200,OK,Year-Language Query 4-3,text,true,,271,159,10,70,http://localhost:8080/search?q=love&year=1994&language=English,65,0,0
1782356371722,115,HTTP Request,200,OK,Year-Language Query 4-2,text,true,,271,159,10,70,http://localhost:8080/search?q=love&year=1994&language=English,115,0,0
1782356371715,124,HTTP Request,200,OK,Year-Language Query 4-8,text,true,,271,159,10,70,http://localhost:8080/search?q=love&year=1994&language=English,124,0,0
1782356371715,125,HTTP Request,200,OK,Year-Language Query 4-6,text,true,,271,159,10,70,http://localhost:8080/search?q=love&year=1994&language=English,125,0,0
1782356371724,117,HTTP Request,200,OK,Year-Language Query 4-5,text,true,,271,159,10,70,http://localhost:8080/search?q=love&year=1994&language=English,117,0,0
1782356371715,126,HTTP Request,200,OK,Year-Language Query 4-7,text,true,,271,159,10,70,http://localhost:8080/search?q=love&year=1994&language=English,126,0,0
1782356371814,64,HTTP Request,200,OK,Year-Language Query 4-9,text,true,,271,159,10,70,http://localhost:8080/search?q=love&year=1994&language=English,64,0,0
1782356371787,95,HTTP Request,200,OK,Year-Language Query 4-1,text,true,,271,159,10,70,http://localhost:8080/search?q=love&year=1994&language=English,95,0,0
1782356371813,80,HTTP Request,200,OK,Year-Language Query 4-4,text,true,,271,159,10,70,http://localhost:8080/search?q=love&year=1994&language=English,80,0,0
1782356371821,73,HTTP Request,200,OK,Year-Language Query 4-3,text,true,,271,159,10,70,http://localhost:8080/search?q=love&year=1994&language=English,73,0,0
1782356371817,87,HTTP Request,200,OK,Year-Language Query 4-10,text,true,,271,159,10,70,http://localhost:8080/search?q=love&year=1994&language=English,87,0,0
1782356371841,82,HTTP Request,200,OK,Year-Language Query 4-5,text,true,,271,159,10,70,http://localhost:8080/search?q=love&year=1994&language=English,82,0,0
1782356371878,66,HTTP Request,200,OK,Year-Language Query 4-9,text,true,,271,159,10,70,http://localhost:8080/search?q=love&year=1994&language=English,66,0,0
1782356371840,111,HTTP Request,200,OK,Year-Language Query 4-6,text,true,,271,159,10,70,http://localhost:8080/search?q=love&year=1994&language=English,111,0,0
1782356371893,71,HTTP Request,200,OK,Year-Language Query 4-4,text,true,,271,159,10,70,http://localhost:8080/search?q=love&year=1994&language=English,71,0,0
1782356371894,70,HTTP Request,200,OK,Year-Language Query 4-3,text,true,,271,159,10,70,http://localhost:8080/search?q=love&year=1994&language=English,70,0,0
1782356371883,94,HTTP Request,200,OK,Year-Language Query 4-1,text,true,,271,159,10,70,http://localhost:8080/search?q=love&year=1994&language=English,94,0,0
1782356371838,151,HTTP Request,200,OK,Year-Language Query 4-2,text,true,,271,159,10,70,http://localhost:8080/search?q=love&year=1994&language=English,151,0,0
1782356371840,167,HTTP Request,200,OK,Year-Language Query 4-8,text,true,,271,159,10,70,http://localhost:8080/search?q=love&year=1994&language=English,167,0,0
1782356371923,86,HTTP Request,200,OK,Year-Language Query 4-5,text,true,,271,159,10,70,http://localhost:8080/search?q=love&year=1994&language=English,86,0,0
1782356371841,181,HTTP Request,200,OK,Year-Language Query 4-7,text,true,,271,159,10,70,http://localhost:8080/search?q=love&year=1994&language=English,181,0,0
1782356371906,120,HTTP Request,200,OK,Year-Language Query 4-10,text,true,,271,159,10,70,http://localhost:8080/search?q=love&year=1994&language=English,120,0,0
1782356371951,88,HTTP Request,200,OK,Year-Language Query 4-6,text,true,,271,159,10,70,http://localhost:8080/search?q=love&year=1994&language=English,88,0,0
1782356371945,96,HTTP Request,200,OK,Year-Language Query 4-9,text,true,,271,159,10,70,http://localhost:8080/search?q=love&year=1994&language=English,96,0,0
1782356371964,106,HTTP Request,200,OK,Year-Language Query 4-4,text,true,,271,159,10,70,http://localhost:8080/search?q=love&year=1994&language=English,106,0,0
1782356371965,107,HTTP Request,200,OK,Year-Language Query 4-3,text,true,,271,159,10,70,http://localhost:8080/search?q=love&year=1994&language=English,107,0,0
1782356371977,104,HTTP Request,200,OK,Year-Language Query 4-1,text,true,,271,159,10,70,http://localhost:8080/search?q=love&year=1994&language=English,104,0,0
1782356371989,95,HTTP Request,200,OK,Year-Language Query 4-2,text,true,,271,159,10,70,http://localhost:8080/search?q=love&year=1994&language=English,95,0,0
1782356372009,75,HTTP Request,200,OK,Year-Language Query 4-5,text,true,,271,159,10,70,http://localhost:8080/search?q=love&year=1994&language=English,75,0,0
1782356372007,77,HTTP Request,200,OK,Year-Language Query 4-8,text,true,,271,159,10,70,http://localhost:8080/search?q=love&year=1994&language=English,77,0,0
1782356372022,74,HTTP Request,200,OK,Year-Language Query 4-7,text,true,,271,159,10,70,http://localhost:8080/search?q=love&year=1994&language=English,74,0,0
1782356372026,167,HTTP Request,200,OK,Year-Language Query 4-10,text,true,,271,159,10,70,http://localhost:8080/search?q=love&year=1994&language=English,167,0,0
1782356372042,166,HTTP Request,200,OK,Year-Language Query 4-9,text,true,,271,159,10,70,http://localhost:8080/search?q=love&year=1994&language=English,166,0,0
1782356372041,193,HTTP Request,200,OK,Year-Language Query 4-6,text,true,,271,159,10,70,http://localhost:8080/search?q=love&year=1994&language=English,193,0,0
1782356372070,167,HTTP Request,200,OK,Year-Language Query 4-4,text,true,,271,159,10,70,http://localhost:8080/search?q=love&year=1994&language=English,167,0,0
1782356372084,154,HTTP Request,200,OK,Year-Language Query 4-2,text,true,,271,159,10,70,http://localhost:8080/search?q=love&year=1994&language=English,154,0,0
1782356372081,157,HTTP Request,200,OK,Year-Language Query 4-1,text,true,,271,159,10,70,http://localhost:8080/search?q=love&year=1994&language=English,157,0,0
1782356372096,142,HTTP Request,200,OK,Year-Language Query 4-7,text,true,,271,159,10,70,http://localhost:8080/search?q=love&year=1994&language=English,142,0,0
1782356372084,158,HTTP Request,200,OK,Year-Language Query 4-5,text,true,,271,159,10,70,http://localhost:8080/search?q=love&year=1994&language=English,158,0,0
1782356372084,159,HTTP Request,200,OK,Year-Language Query 4-8,text,true,,271,159,10,70,http://localhost:8080/search?q=love&year=1994&language=English,159,0,0
1782356372073,171,HTTP Request,200,OK,Year-Language Query 4-3,text,true,,271,159,10,70,http://localhost:8080/search?q=love&year=1994&language=English,171,0,0
1782356372208,81,HTTP Request,200,OK,Year-Language Query 4-9,text,true,,271,159,10,70,http://localhost:8080/search?q=love&year=1994&language=English,81,0,0
1782356372193,96,HTTP Request,200,OK,Year-Language Query 4-10,text,true,,271,159,10,70,http://localhost:8080/search?q=love&year=1994&language=English,96,0,0
1782356372243,66,HTTP Request,200,OK,Year-Language Query 4-8,text,true,,271,159,10,70,http://localhost:8080/search?q=love&year=1994&language=English,66,0,0
1782356372242,68,HTTP Request,200,OK,Year-Language Query 4-5,text,true,,271,159,10,70,http://localhost:8080/search?q=love&year=1994&language=English,68,0,0
1782356372234,80,HTTP Request,200,OK,Year-Language Query 4-6,text,true,,271,159,10,70,http://localhost:8080/search?q=love&year=1994&language=English,80,0,0
1782356372239,77,HTTP Request,200,OK,Year-Language Query 4-7,text,true,,271,159,10,70,http://localhost:8080/search?q=love&year=1994&language=English,77,0,0
1782356372238,93,HTTP Request,200,OK,Year-Language Query 4-1,text,true,,271,159,10,70,http://localhost:8080/search?q=love&year=1994&language=English,93,0,0
1782356372237,94,HTTP Request,200,OK,Year-Language Query 4-4,text,true,,271,159,10,70,http://localhost:8080/search?q=love&year=1994&language=English,94,0,0
1782356372244,89,HTTP Request,200,OK,Year-Language Query 4-3,text,true,,271,159,10,70,http://localhost:8080/search?q=love&year=1994&language=English,89,0,0
1782356372238,127,HTTP Request,200,OK,Year-Language Query 4-2,text,true,,271,159,10,70,http://localhost:8080/search?q=love&year=1994&language=English,127,0,0
1782356372289,83,HTTP Request,200,OK,Year-Language Query 4-10,text,true,,271,159,10,70,http://localhost:8080/search?q=love&year=1994&language=English,83,0,0
1782356372309,75,HTTP Request,200,OK,Year-Language Query 4-8,text,true,,271,159,10,70,http://localhost:8080/search?q=love&year=1994&language=English,75,0,0
1782356372310,75,HTTP Request,200,OK,Year-Language Query 4-5,text,true,,271,159,10,70,http://localhost:8080/search?q=love&year=1994&language=English,75,0,0
1782356372331,71,HTTP Request,200,OK,Year-Language Query 4-1,text,true,,271,159,10,70,http://localhost:8080/search?q=love&year=1994&language=English,71,0,0
1782356372314,89,HTTP Request,200,OK,Year-Language Query 4-6,text,true,,271,159,10,70,http://localhost:8080/search?q=love&year=1994&language=English,89,0,0
1782356372331,73,HTTP Request,200,OK,Year-Language Query 4-4,text,true,,271,159,10,70,http://localhost:8080/search?q=love&year=1994&language=English,73,0,0
1782356372289,115,HTTP Request,200,OK,Year-Language Query 4-9,text,true,,271,159,10,70,http://localhost:8080/search?q=love&year=1994&language=English,115,0,0
1782356372334,75,HTTP Request,200,OK,Year-Language Query 4-3,text,true,,271,159,10,70,http://localhost:8080/search?q=love&year=1994&language=English,75,0,0
1782356372316,98,HTTP Request,200,OK,Year-Language Query 4-7,text,true,,271,159,10,70,http://localhost:8080/search?q=love&year=1994&language=English,98,0,0
1782356372372,65,HTTP Request,200,OK,Year-Language Query 4-10,text,true,,271,159,10,70,http://localhost:8080/search?q=love&year=1994&language=English,65,0,0
1782356372385,77,HTTP Request,200,OK,Year-Language Query 4-5,text,true,,271,159,10,70,http://localhost:8080/search?q=love&year=1994&language=English,77,0,0
1782356372384,81,HTTP Request,200,OK,Year-Language Query 4-8,text,true,,271,159,10,70,http://localhost:8080/search?q=love&year=1994&language=English,81,0,0
1782356372365,103,HTTP Request,200,OK,Year-Language Query 4-2,text,true,,271,159,10,70,http://localhost:8080/search?q=love&year=1994&language=English,103,0,0
1782356372404,80,HTTP Request,200,OK,Year-Language Query 4-4,text,true,,271,159,10,70,http://localhost:8080/search?q=love&year=1994&language=English,80,0,0
1782356372405,80,HTTP Request,200,OK,Year-Language Query 4-9,text,true,,271,159,10,70,http://localhost:8080/search?q=love&year=1994&language=English,80,0,0
1782356372415,70,HTTP Request,200,OK,Year-Language Query 4-7,text,true,,271,159,10,70,http://localhost:8080/search?q=love&year=1994&language=English,70,0,0
1782356372409,82,HTTP Request,200,OK,Year-Language Query 4-3,text,true,,271,159,10,70,http://localhost:8080/search?q=love&year=1994&language=English,82,0,0
1782356372402,106,HTTP Request,200,OK,Year-Language Query 4-1,text,true,,271,159,10,70,http://localhost:8080/search?q=love&year=1994&language=English,106,0,0
1782356372437,84,HTTP Request,200,OK,Year-Language Query 4-10,text,true,,271,159,10,70,http://localhost:8080/search?q=love&year=1994&language=English,84,0,0
1782356372404,118,HTTP Request,200,OK,Year-Language Query 4-6,text,true,,271,159,10,70,http://localhost:8080/search?q=love&year=1994&language=English,118,0,0
1782356372465,72,HTTP Request,200,OK,Year-Language Query 4-8,text,true,,271,159,10,70,http://localhost:8080/search?q=love&year=1994&language=English,71,0,0
1782356372468,77,HTTP Request,200,OK,Year-Language Query 4-2,text,true,,271,159,10,70,http://localhost:8080/search?q=love&year=1994&language=English,77,0,0
1782356372462,92,HTTP Request,200,OK,Year-Language Query 4-5,text,true,,271,159,10,70,http://localhost:8080/search?q=love&year=1994&language=English,92,0,0
1782356372522,87,HTTP Request,200,OK,Year-Language Query 4-10,text,true,,271,159,10,70,http://localhost:8080/search?q=love&year=1994&language=English,87,0,0
1782356372485,128,HTTP Request,200,OK,Year-Language Query 4-7,text,true,,271,159,10,70,http://localhost:8080/search?q=love&year=1994&language=English,128,0,0
1782356372537,78,HTTP Request,200,OK,Year-Language Query 4-8,text,true,,271,159,10,70,http://localhost:8080/search?q=love&year=1994&language=English,78,0,0
1782356372522,94,HTTP Request,200,OK,Year-Language Query 4-6,text,true,,271,159,10,70,http://localhost:8080/search?q=love&year=1994&language=English,94,0,0
1782356372508,109,HTTP Request,200,OK,Year-Language Query 4-1,text,true,,271,159,10,70,http://localhost:8080/search?q=love&year=1994&language=English,109,0,0
1782356372485,133,HTTP Request,200,OK,Year-Language Query 4-4,text,true,,271,159,10,70,http://localhost:8080/search?q=love&year=1994&language=English,133,0,0
1782356372485,133,HTTP Request,200,OK,Year-Language Query 4-9,text,true,,271,159,10,70,http://localhost:8080/search?q=love&year=1994&language=English,133,0,0
1782356372491,138,HTTP Request,200,OK,Year-Language Query 4-3,text,true,,271,159,10,70,http://localhost:8080/search?q=love&year=1994&language=English,138,0,0
1782356372554,168,HTTP Request,200,OK,Year-Language Query 4-5,text,true,,271,159,10,70,http://localhost:8080/search?q=love&year=1994&language=English,168,0,0
1782356372545,178,HTTP Request,200,OK,Year-Language Query 4-2,text,true,,271,159,10,70,http://localhost:8080/search?q=love&year=1994&language=English,178,0,0
1782356372618,133,HTTP Request,200,OK,Year-Language Query 4-4,text,true,,271,159,10,70,http://localhost:8080/search?q=love&year=1994&language=English,133,0,0
1782356372617,134,HTTP Request,200,OK,Year-Language Query 4-6,text,true,,271,159,10,70,http://localhost:8080/search?q=love&year=1994&language=English,134,0,0
1782356372613,139,HTTP Request,200,OK,Year-Language Query 4-7,text,true,,271,159,10,70,http://localhost:8080/search?q=love&year=1994&language=English,139,0,0
1782356372609,144,HTTP Request,200,OK,Year-Language Query 4-10,text,true,,271,159,10,70,http://localhost:8080/search?q=love&year=1994&language=English,144,0,0
1782356372629,153,HTTP Request,200,OK,Year-Language Query 4-3,text,true,,271,159,10,70,http://localhost:8080/search?q=love&year=1994&language=English,153,0,0
1782356372616,168,HTTP Request,200,OK,Year-Language Query 4-8,text,true,,271,159,10,70,http://localhost:8080/search?q=love&year=1994&language=English,168,0,0
1782356372619,165,HTTP Request,200,OK,Year-Language Query 4-9,text,true,,271,159,10,70,http://localhost:8080/search?q=love&year=1994&language=English,165,0,0
1782356372617,167,HTTP Request,200,OK,Year-Language Query 4-1,text,true,,271,159,10,70,http://localhost:8080/search?q=love&year=1994&language=English,167,0,0
1782356372722,100,HTTP Request,200,OK,Year-Language Query 4-5,text,true,,271,159,10,70,http://localhost:8080/search?q=love&year=1994&language=English,100,0,0
1782356372752,78,HTTP Request,200,OK,Year-Language Query 4-4,text,true,,271,159,10,70,http://localhost:8080/search?q=love&year=1994&language=English,78,0,0
1782356372724,106,HTTP Request,200,OK,Year-Language Query 4-2,text,true,,271,159,10,70,http://localhost:8080/search?q=love&year=1994&language=English,106,0,0
1782356372752,91,HTTP Request,200,OK,Year-Language Query 4-7,text,true,,271,159,10,70,http://localhost:8080/search?q=love&year=1994&language=English,91,0,0
1782356372752,96,HTTP Request,200,OK,Year-Language Query 4-6,text,true,,271,159,10,70,http://localhost:8080/search?q=love&year=1994&language=English,96,0,0
1782356372753,96,HTTP Request,200,OK,Year-Language Query 4-10,text,true,,271,159,10,70,http://localhost:8080/search?q=love&year=1994&language=English,96,0,0
1782356372830,63,HTTP Request,200,OK,Year-Language Query 4-4,text,true,,271,159,10,70,http://localhost:8080/search?q=love&year=1994&language=English,63,0,0
1782356372830,71,HTTP Request,200,OK,Year-Language Query 4-2,text,true,,271,159,10,70,http://localhost:8080/search?q=love&year=1994&language=English,71,0,0
1782356372782,134,HTTP Request,200,OK,Year-Language Query 4-3,text,true,,271,159,10,70,http://localhost:8080/search?q=love&year=1994&language=English,134,0,0
1782356372784,133,HTTP Request,200,OK,Year-Language Query 4-9,text,true,,271,159,10,70,http://localhost:8080/search?q=love&year=1994&language=English,133,0,0
1782356372849,73,HTTP Request,200,OK,Year-Language Query 4-10,text,true,,271,159,10,70,http://localhost:8080/search?q=love&year=1994&language=English,73,0,0
1782356372822,117,HTTP Request,200,OK,Year-Language Query 4-5,text,true,,271,159,10,70,http://localhost:8080/search?q=love&year=1994&language=English,117,0,0
1782356372784,155,HTTP Request,200,OK,Year-Language Query 4-8,text,true,,271,159,10,70,http://localhost:8080/search?q=love&year=1994&language=English,155,0,0
1782356372784,158,HTTP Request,200,OK,Year-Language Query 4-1,text,true,,271,159,10,70,http://localhost:8080/search?q=love&year=1994&language=English,158,0,0
1782356372848,116,HTTP Request,200,OK,Year-Language Query 4-6,text,true,,271,159,10,70,http://localhost:8080/search?q=love&year=1994&language=English,116,0,0
1782356372843,125,HTTP Request,200,OK,Year-Language Query 4-7,text,true,,271,159,10,70,http://localhost:8080/search?q=love&year=1994&language=English,125,0,0
1782356372893,116,HTTP Request,200,OK,Year-Language Query 4-4,text,true,,271,159,10,70,http://localhost:8080/search?q=love&year=1994&language=English,116,0,0
1782356372902,108,HTTP Request,200,OK,Year-Language Query 4-2,text,true,,271,159,10,70,http://localhost:8080/search?q=love&year=1994&language=English,108,0,0
1782356372922,91,HTTP Request,200,OK,Year-Language Query 4-10,text,true,,271,159,10,70,http://localhost:8080/search?q=love&year=1994&language=English,91,0,0
1782356372917,103,HTTP Request,200,OK,Year-Language Query 4-9,text,true,,271,159,10,70,http://localhost:8080/search?q=love&year=1994&language=English,103,0,0
1782356372916,109,HTTP Request,200,OK,Year-Language Query 4-3,text,true,,271,159,10,70,http://localhost:8080/search?q=love&year=1994&language=English,109,0,0
1782356372939,108,HTTP Request,200,OK,Year-Language Query 4-5,text,true,,271,159,10,70,http://localhost:8080/search?q=love&year=1994&language=English,108,0,0
1782356372943,106,HTTP Request,200,OK,Year-Language Query 4-1,text,true,,271,159,10,70,http://localhost:8080/search?q=love&year=1994&language=English,106,0,0
1782356372939,115,HTTP Request,200,OK,Year-Language Query 4-8,text,true,,271,159,10,70,http://localhost:8080/search?q=love&year=1994&language=English,115,0,0
1782356372964,96,HTTP Request,200,OK,Year-Language Query 4-6,text,true,,271,159,10,70,http://localhost:8080/search?q=love&year=1994&language=English,96,0,0
1782356373010,83,HTTP Request,200,OK,Year-Language Query 4-2,text,true,,271,159,10,70,http://localhost:8080/search?q=love&year=1994&language=English,83,0,0
1782356373013,82,HTTP Request,200,OK,Year-Language Query 4-10,text,true,,271,159,10,70,http://localhost:8080/search?q=love&year=1994&language=English,82,0,0
1782356373009,86,HTTP Request,200,OK,Year-Language Query 4-4,text,true,,271,159,10,70,http://localhost:8080/search?q=love&year=1994&language=English,86,0,0
1782356373020,86,HTTP Request,200,OK,Year-Language Query 4-9,text,true,,271,159,10,70,http://localhost:8080/search?q=love&year=1994&language=English,86,0,0
1782356372968,139,HTTP Request,200,OK,Year-Language Query 4-7,text,true,,271,159,10,70,http://localhost:8080/search?q=love&year=1994&language=English,139,0,0
1782356373025,88,HTTP Request,200,OK,Year-Language Query 4-3,text,true,,271,159,10,70,http://localhost:8080/search?q=love&year=1994&language=English,88,0,0
1782356373054,74,HTTP Request,200,OK,Year-Language Query 4-8,text,true,,271,159,10,70,http://localhost:8080/search?q=love&year=1994&language=English,74,0,0
1782356373060,71,HTTP Request,200,OK,Year-Language Query 4-6,text,true,,271,159,10,70,http://localhost:8080/search?q=love&year=1994&language=English,71,0,0
1782356373049,98,HTTP Request,200,OK,Year-Language Query 4-1,text,true,,271,159,10,70,http://localhost:8080/search?q=love&year=1994&language=English,98,0,0
1782356373048,194,HTTP Request,200,OK,Year-Language Query 4-5,text,true,,271,159,10,70,http://localhost:8080/search?q=love&year=1994&language=English,194,0,0
1782356373113,156,HTTP Request,200,OK,Year-Language Query 4-3,text,true,,271,159,10,70,http://localhost:8080/search?q=love&year=1994&language=English,156,0,0
1782356373147,123,HTTP Request,200,OK,Year-Language Query 4-1,text,true,,271,159,10,70,http://localhost:8080/search?q=love&year=1994&language=English,123,0,0
1782356373095,175,HTTP Request,200,OK,Year-Language Query 4-10,text,true,,271,159,10,70,http://localhost:8080/search?q=love&year=1994&language=English,175,0,0
1782356373107,163,HTTP Request,200,OK,Year-Language Query 4-7,text,true,,271,159,10,70,http://localhost:8080/search?q=love&year=1994&language=English,163,0,0
1782356373128,142,HTTP Request,200,OK,Year-Language Query 4-8,text,true,,271,159,10,70,http://localhost:8080/search?q=love&year=1994&language=English,142,0,0
1782356373093,191,HTTP Request,200,OK,Year-Language Query 4-2,text,true,,271,159,10,70,http://localhost:8080/search?q=love&year=1994&language=English,191,0,0
1782356373106,182,HTTP Request,200,OK,Year-Language Query 4-9,text,true,,271,159,10,70,http://localhost:8080/search?q=love&year=1994&language=English,182,0,0
1782356373095,194,HTTP Request,200,OK,Year-Language Query 4-4,text,true,,271,159,10,70,http://localhost:8080/search?q=love&year=1994&language=English,194,0,0
1782356373131,161,HTTP Request,200,OK,Year-Language Query 4-6,text,true,,271,159,10,70,http://localhost:8080/search?q=love&year=1994&language=English,161,0,0
1782356373242,86,HTTP Request,200,OK,Year-Language Query 4-5,text,true,,271,159,10,70,http://localhost:8080/search?q=love&year=1994&language=English,86,0,0
1782356373270,68,HTTP Request,200,OK,Year-Language Query 4-10,text,true,,271,159,10,70,http://localhost:8080/search?q=love&year=1994&language=English,68,0,0
1782356373270,68,HTTP Request,200,OK,Year-Language Query 4-8,text,true,,271,159,10,70,http://localhost:8080/search?q=love&year=1994&language=English,68,0,0
1782356373270,68,HTTP Request,200,OK,Year-Language Query 4-1,text,true,,271,159,10,70,http://localhost:8080/search?q=love&year=1994&language=English,68,0,0
1782356373270,69,HTTP Request,200,OK,Year-Language Query 4-3,text,true,,271,159,10,70,http://localhost:8080/search?q=love&year=1994&language=English,69,0,0
1782356373270,86,HTTP Request,200,OK,Year-Language Query 4-7,text,true,,271,159,10,70,http://localhost:8080/search?q=love&year=1994&language=English,86,0,0
1782356373289,105,HTTP Request,200,OK,Year-Language Query 4-4,text,true,,271,159,10,70,http://localhost:8080/search?q=love&year=1994&language=English,105,0,0
1782356373284,119,HTTP Request,200,OK,Year-Language Query 4-2,text,true,,271,159,10,70,http://localhost:8080/search?q=love&year=1994&language=English,119,0,0
1782356373289,137,HTTP Request,200,OK,Year-Language Query 4-9,text,true,,271,159,10,70,http://localhost:8080/search?q=love&year=1994&language=English,137,0,0
1782356373338,98,HTTP Request,200,OK,Year-Language Query 4-1,text,true,,271,159,10,70,http://localhost:8080/search?q=love&year=1994&language=English,98,0,0
1782356373338,98,HTTP Request,200,OK,Year-Language Query 4-10,text,true,,271,159,10,70,http://localhost:8080/search?q=love&year=1994&language=English,98,0,0
1782356373340,96,HTTP Request,200,OK,Year-Language Query 4-3,text,true,,271,159,10,70,http://localhost:8080/search?q=love&year=1994&language=English,96,0,0
1782356373338,98,HTTP Request,200,OK,Year-Language Query 4-8,text,true,,271,159,10,70,http://localhost:8080/search?q=love&year=1994&language=English,98,0,0
1782356373292,144,HTTP Request,200,OK,Year-Language Query 4-6,text,true,,271,159,10,70,http://localhost:8080/search?q=love&year=1994&language=English,144,0,0
1782356373328,113,HTTP Request,200,OK,Year-Language Query 4-5,text,true,,271,159,10,70,http://localhost:8080/search?q=love&year=1994&language=English,113,0,0
1782356373356,91,HTTP Request,200,OK,Year-Language Query 4-7,text,true,,271,159,10,70,http://localhost:8080/search?q=love&year=1994&language=English,91,0,0
1782356373394,69,HTTP Request,200,OK,Year-Language Query 4-4,text,true,,271,159,10,70,http://localhost:8080/search?q=love&year=1994&language=English,69,0,0
1782356373403,91,HTTP Request,200,OK,Year-Language Query 4-2,text,true,,271,159,10,70,http://localhost:8080/search?q=love&year=1994&language=English,91,0,0
1782356373426,77,HTTP Request,200,OK,Year-Language Query 4-9,text,true,,271,159,10,70,http://localhost:8080/search?q=love&year=1994&language=English,77,0,0
1782356373436,105,HTTP Request,200,OK,Year-Language Query 4-10,text,true,,271,159,10,70,http://localhost:8080/search?q=love&year=1994&language=English,105,0,0
1782356373441,103,HTTP Request,200,OK,Year-Language Query 4-5,text,true,,271,159,10,70,http://localhost:8080/search?q=love&year=1994&language=English,103,0,0
1782356373436,108,HTTP Request,200,OK,Year-Language Query 4-8,text,true,,271,159,10,70,http://localhost:8080/search?q=love&year=1994&language=English,108,0,0
1782356373436,108,HTTP Request,200,OK,Year-Language Query 4-3,text,true,,271,159,10,70,http://localhost:8080/search?q=love&year=1994&language=English,108,0,0
1782356373436,112,HTTP Request,200,OK,Year-Language Query 4-6,text,true,,271,159,10,70,http://localhost:8080/search?q=love&year=1994&language=English,112,0,0
1782356373448,100,HTTP Request,200,OK,Year-Language Query 4-7,text,true,,271,159,10,70,http://localhost:8080/search?q=love&year=1994&language=English,100,0,0
1782356373436,118,HTTP Request,200,OK,Year-Language Query 4-1,text,true,,271,159,10,70,http://localhost:8080/search?q=love&year=1994&language=English,118,0,0
1782356373494,76,HTTP Request,200,OK,Year-Language Query 4-2,text,true,,271,159,10,70,http://localhost:8080/search?q=love&year=1994&language=English,76,0,0
1782356373463,112,HTTP Request,200,OK,Year-Language Query 4-4,text,true,,271,159,10,70,http://localhost:8080/search?q=love&year=1994&language=English,112,0,0
1782356373503,81,HTTP Request,200,OK,Year-Language Query 4-9,text,true,,271,159,10,70,http://localhost:8080/search?q=love&year=1994&language=English,81,0,0
1782356373541,61,HTTP Request,200,OK,Year-Language Query 4-10,text,true,,271,159,10,70,http://localhost:8080/search?q=love&year=1994&language=English,61,0,0
1782356373544,65,HTTP Request,200,OK,Year-Language Query 4-8,text,true,,271,159,10,70,http://localhost:8080/search?q=love&year=1994&language=English,65,0,0
1782356373544,77,HTTP Request,200,OK,Year-Language Query 4-5,text,true,,271,159,10,70,http://localhost:8080/search?q=love&year=1994&language=English,77,0,0
1782356373548,93,HTTP Request,200,OK,Year-Language Query 4-6,text,true,,271,159,10,70,http://localhost:8080/search?q=love&year=1994&language=English,93,0,0
1782356373554,99,HTTP Request,200,OK,Year-Language Query 4-1,text,true,,271,159,10,70,http://localhost:8080/search?q=love&year=1994&language=English,99,0,0
1782356373545,109,HTTP Request,200,OK,Year-Language Query 4-3,text,true,,271,159,10,70,http://localhost:8080/search?q=love&year=1994&language=English,109,0,0
1782356373570,85,HTTP Request,200,OK,Year-Language Query 4-2,text,true,,271,159,10,70,http://localhost:8080/search?q=love&year=1994&language=English,85,0,0
1782356373575,81,HTTP Request,200,OK,Year-Language Query 4-4,text,true,,271,159,10,70,http://localhost:8080/search?q=love&year=1994&language=English,81,0,0
1782356373549,110,HTTP Request,200,OK,Year-Language Query 4-7,text,true,,271,159,10,70,http://localhost:8080/search?q=love&year=1994&language=English,110,0,0
1782356373585,79,HTTP Request,200,OK,Year-Language Query 4-9,text,true,,271,159,10,70,http://localhost:8080/search?q=love&year=1994&language=English,79,0,0
1782356373602,68,HTTP Request,200,OK,Year-Language Query 4-10,text,true,,271,159,10,70,http://localhost:8080/search?q=love&year=1994&language=English,68,0,0
1782356373621,141,HTTP Request,200,OK,Year-Language Query 4-5,text,true,,271,159,10,70,http://localhost:8080/search?q=love&year=1994&language=English,141,0,0
1782356373610,158,HTTP Request,200,OK,Year-Language Query 4-8,text,true,,271,159,10,70,http://localhost:8080/search?q=love&year=1994&language=English,158,0,0
1782356373657,153,HTTP Request,200,OK,Year-Language Query 4-4,text,true,,271,159,10,70,http://localhost:8080/search?q=love&year=1994&language=English,153,0,0
1782356373656,154,HTTP Request,200,OK,Year-Language Query 4-2,text,true,,271,159,10,70,http://localhost:8080/search?q=love&year=1994&language=English,154,0,0
1782356373641,173,HTTP Request,200,OK,Year-Language Query 4-6,text,true,,271,159,10,70,http://localhost:8080/search?q=love&year=1994&language=English,173,0,0
1782356373670,144,HTTP Request,200,OK,Year-Language Query 4-10,text,true,,271,159,10,70,http://localhost:8080/search?q=love&year=1994&language=English,144,0,0
1782356373664,152,HTTP Request,200,OK,Year-Language Query 4-9,text,true,,271,159,10,70,http://localhost:8080/search?q=love&year=1994&language=English,152,0,0
1782356373659,158,HTTP Request,200,OK,Year-Language Query 4-7,text,true,,271,159,10,70,http://localhost:8080/search?q=love&year=1994&language=English,158,0,0
1782356373654,171,HTTP Request,200,OK,Year-Language Query 4-1,text,true,,271,159,10,70,http://localhost:8080/search?q=love&year=1994&language=English,171,0,0
1782356373654,174,HTTP Request,200,OK,Year-Language Query 4-3,text,true,,271,159,10,70,http://localhost:8080/search?q=love&year=1994&language=English,174,0,0
1782356373769,68,HTTP Request,200,OK,Year-Language Query 4-8,text,true,,271,159,10,70,http://localhost:8080/search?q=love&year=1994&language=English,68,0,0
1782356373762,78,HTTP Request,200,OK,Year-Language Query 4-5,text,true,,271,159,10,70,http://localhost:8080/search?q=love&year=1994&language=English,78,0,0
1782356373814,93,HTTP Request,200,OK,Year-Language Query 4-10,text,true,,271,159,10,70,http://localhost:8080/search?q=love&year=1994&language=English,93,0,0
1782356373811,108,HTTP Request,200,OK,Year-Language Query 4-2,text,true,,271,159,10,70,http://localhost:8080/search?q=love&year=1994&language=English,108,0,0
1782356373838,81,HTTP Request,200,OK,Year-Language Query 4-8,text,true,,271,159,10,70,http://localhost:8080/search?q=love&year=1994&language=English,81,0,0
1782356373828,110,HTTP Request,200,OK,Year-Language Query 4-3,text,true,,271,159,10,70,http://localhost:8080/search?q=love&year=1994&language=English,110,0,0
1782356373840,99,HTTP Request,200,OK,Year-Language Query 4-5,text,true,,271,159,10,70,http://localhost:8080/search?q=love&year=1994&language=English,99,0,0
1782356373814,138,HTTP Request,200,OK,Year-Language Query 4-6,text,true,,271,159,10,70,http://localhost:8080/search?q=love&year=1994&language=English,138,0,0
1782356373825,129,HTTP Request,200,OK,Year-Language Query 4-1,text,true,,271,159,10,70,http://localhost:8080/search?q=love&year=1994&language=English,129,0,0
1782356373816,138,HTTP Request,200,OK,Year-Language Query 4-9,text,true,,271,159,10,70,http://localhost:8080/search?q=love&year=1994&language=English,138,0,0
1782356373811,146,HTTP Request,200,OK,Year-Language Query 4-4,text,true,,271,159,10,70,http://localhost:8080/search?q=love&year=1994&language=English,146,0,0
1782356373817,142,HTTP Request,200,OK,Year-Language Query 4-7,text,true,,271,159,10,70,http://localhost:8080/search?q=love&year=1994&language=English,142,0,0
1782356373907,58,HTTP Request,200,OK,Year-Language Query 4-10,text,true,,271,159,10,70,http://localhost:8080/search?q=love&year=1994&language=English,58,0,0
1782356373919,92,HTTP Request,200,OK,Year-Language Query 4-2,text,true,,271,159,10,70,http://localhost:8080/search?q=love&year=1994&language=English,92,0,0
1782356373919,92,HTTP Request,200,OK,Year-Language Query 4-8,text,true,,271,159,10,70,http://localhost:8080/search?q=love&year=1994&language=English,92,0,0
1782356373954,73,HTTP Request,200,OK,Year-Language Query 4-9,text,true,,271,159,10,70,http://localhost:8080/search?q=love&year=1994&language=English,73,0,0
1782356373954,73,HTTP Request,200,OK,Year-Language Query 4-1,text,true,,271,159,10,70,http://localhost:8080/search?q=love&year=1994&language=English,73,0,0
1782356373953,82,HTTP Request,200,OK,Year-Language Query 4-6,text,true,,271,159,10,70,http://localhost:8080/search?q=love&year=1994&language=English,82,0,0
1782356373959,81,HTTP Request,200,OK,Year-Language Query 4-7,text,true,,271,159,10,70,http://localhost:8080/search?q=love&year=1994&language=English,81,0,0
1782356373939,108,HTTP Request,200,OK,Year-Language Query 4-5,text,true,,271,159,10,70,http://localhost:8080/search?q=love&year=1994&language=English,108,0,0
1782356373938,129,HTTP Request,200,OK,Year-Language Query 4-3,text,true,,271,159,10,70,http://localhost:8080/search?q=love&year=1994&language=English,129,0,0
1782356373958,121,HTTP Request,200,OK,Year-Language Query 4-4,text,true,,271,159,10,70,http://localhost:8080/search?q=love&year=1994&language=English,121,0,0
1782356374012,76,HTTP Request,200,OK,Year-Language Query 4-8,text,true,,271,159,10,70,http://localhost:8080/search?q=love&year=1994&language=English,76,0,0
1782356373965,124,HTTP Request,200,OK,Year-Language Query 4-10,text,true,,271,159,10,70,http://localhost:8080/search?q=love&year=1994&language=English,124,0,0
1782356374012,78,HTTP Request,200,OK,Year-Language Query 4-2,text,true,,271,159,10,70,http://localhost:8080/search?q=love&year=1994&language=English,78,0,0
1782356374027,93,HTTP Request,200,OK,Year-Language Query 4-9,text,true,,271,159,10,70,http://localhost:8080/search?q=love&year=1994&language=English,93,0,0
1782356374035,86,HTTP Request,200,OK,Year-Language Query 4-6,text,true,,271,159,10,70,http://localhost:8080/search?q=love&year=1994&language=English,86,0,0
1782356374040,81,HTTP Request,200,OK,Year-Language Query 4-7,text,true,,271,159,10,70,http://localhost:8080/search?q=love&year=1994&language=English,81,0,0
1782356374027,109,HTTP Request,200,OK,Year-Language Query 4-1,text,true,,271,159,10,70,http://localhost:8080/search?q=love&year=1994&language=English,109,0,0
1782356374047,117,HTTP Request,200,OK,Year-Language Query 4-5,text,true,,271,159,10,70,http://localhost:8080/search?q=love&year=1994&language=English,117,0,0
1782356374067,125,HTTP Request,200,OK,Year-Language Query 4-3,text,true,,271,159,10,70,http://localhost:8080/search?q=love&year=1994&language=English,125,0,0
1782356374089,109,HTTP Request,200,OK,Year-Language Query 4-10,text,true,,271,159,10,70,http://localhost:8080/search?q=love&year=1994&language=English,109,0,0
1782356374090,109,HTTP Request,200,OK,Year-Language Query 4-2,text,true,,271,159,10,70,http://localhost:8080/search?q=love&year=1994&language=English,109,0,0
1782356374088,112,HTTP Request,200,OK,Year-Language Query 4-8,text,true,,271,159,10,70,http://localhost:8080/search?q=love&year=1994&language=English,112,0,0
1782356374079,204,HTTP Request,200,OK,Year-Language Query 4-4,text,true,,271,159,10,70,http://localhost:8080/search?q=love&year=1994&language=English,204,0,0
1782356374121,164,HTTP Request,200,OK,Year-Language Query 4-6,text,true,,271,159,10,70,http://localhost:8080/search?q=love&year=1994&language=English,164,0,0
1782356374199,125,HTTP Request,200,OK,Year-Language Query 4-2,text,true,,271,159,10,70,http://localhost:8080/search?q=love&year=1994&language=English,125,0,0
1782356374193,131,HTTP Request,200,OK,Year-Language Query 4-3,text,true,,271,159,10,70,http://localhost:8080/search?q=love&year=1994&language=English,131,0,0
1782356374164,171,HTTP Request,200,OK,Year-Language Query 4-5,text,true,,271,159,10,70,http://localhost:8080/search?q=love&year=1994&language=English,171,0,0
1782356374136,216,HTTP Request,200,OK,Year-Language Query 4-1,text,true,,271,159,10,70,http://localhost:8080/search?q=love&year=1994&language=English,216,0,0
1782356374120,233,HTTP Request,200,OK,Year-Language Query 4-9,text,true,,271,159,10,70,http://localhost:8080/search?q=love&year=1994&language=English,233,0,0
1782356374200,153,HTTP Request,200,OK,Year-Language Query 4-8,text,true,,271,159,10,70,http://localhost:8080/search?q=love&year=1994&language=English,153,0,0
1782356374121,233,HTTP Request,200,OK,Year-Language Query 4-7,text,true,,271,159,10,70,http://localhost:8080/search?q=love&year=1994&language=English,233,0,0
1782356374198,165,HTTP Request,200,OK,Year-Language Query 4-10,text,true,,271,159,10,70,http://localhost:8080/search?q=love&year=1994&language=English,165,0,0
1782356374285,92,HTTP Request,200,OK,Year-Language Query 4-6,text,true,,271,159,10,70,http://localhost:8080/search?q=love&year=1994&language=English,92,0,0
1782356374283,99,HTTP Request,200,OK,Year-Language Query 4-4,text,true,,271,159,10,70,http://localhost:8080/search?q=love&year=1994&language=English,99,0,0
1782356374324,84,HTTP Request,200,OK,Year-Language Query 4-3,text,true,,271,159,10,70,http://localhost:8080/search?q=love&year=1994&language=English,84,0,0
1782356374324,94,HTTP Request,200,OK,Year-Language Query 4-2,text,true,,271,159,10,70,http://localhost:8080/search?q=love&year=1994&language=English,94,0,0
1782356374335,118,HTTP Request,200,OK,Year-Language Query 4-5,text,true,,271,159,10,70,http://localhost:8080/search?q=love&year=1994&language=English,118,0,0
1782356374354,120,HTTP Request,200,OK,Year-Language Query 4-7,text,true,,271,159,10,70,http://localhost:8080/search?q=love&year=1994&language=English,120,0,0
1782356374353,154,HTTP Request,200,OK,Year-Language Query 4-1,text,true,,271,159,10,70,http://localhost:8080/search?q=love&year=1994&language=English,154,0,0
1782356374353,175,HTTP Request,200,OK,Year-Language Query 4-9,text,true,,271,159,10,70,http://localhost:8080/search?q=love&year=1994&language=English,175,0,0
1782356374353,175,HTTP Request,200,OK,Year-Language Query 4-8,text,true,,271,159,10,70,http://localhost:8080/search?q=love&year=1994&language=English,175,0,0
1782356374364,165,HTTP Request,200,OK,Year-Language Query 4-10,text,true,,271,159,10,70,http://localhost:8080/search?q=love&year=1994&language=English,165,0,0
1782356374408,124,HTTP Request,200,OK,Year-Language Query 4-3,text,true,,271,159,10,70,http://localhost:8080/search?q=love&year=1994&language=English,124,0,0
1782356374382,162,HTTP Request,200,OK,Year-Language Query 4-4,text,true,,271,159,10,70,http://localhost:8080/search?q=love&year=1994&language=English,162,0,0
1782356374377,188,HTTP Request,200,OK,Year-Language Query 4-6,text,true,,271,159,10,70,http://localhost:8080/search?q=love&year=1994&language=English,188,0,0
1782356374476,131,HTTP Request,200,OK,Year-Language Query 4-7,text,true,,271,159,10,70,http://localhost:8080/search?q=love&year=1994&language=English,131,0,0
1782356374419,197,HTTP Request,200,OK,Year-Language Query 4-2,text,true,,271,159,10,70,http://localhost:8080/search?q=love&year=1994&language=English,197,0,0
1782356374453,172,HTTP Request,200,OK,Year-Language Query 4-5,text,true,,271,159,10,70,http://localhost:8080/search?q=love&year=1994&language=English,172,0,0
1782356374507,119,HTTP Request,200,OK,Year-Language Query 4-1,text,true,,271,159,10,70,http://localhost:8080/search?q=love&year=1994&language=English,119,0,0
1782356374528,98,HTTP Request,200,OK,Year-Language Query 4-9,text,true,,271,159,10,70,http://localhost:8080/search?q=love&year=1994&language=English,98,0,0
1782356374529,101,HTTP Request,200,OK,Year-Language Query 4-10,text,true,,271,159,10,70,http://localhost:8080/search?q=love&year=1994&language=English,101,0,0
1782356374528,102,HTTP Request,200,OK,Year-Language Query 4-8,text,true,,271,159,10,70,http://localhost:8080/search?q=love&year=1994&language=English,102,0,0
1782356374565,81,HTTP Request,200,OK,Year-Language Query 4-6,text,true,,271,159,10,70,http://localhost:8080/search?q=love&year=1994&language=English,81,0,0
1782356374544,146,HTTP Request,200,OK,Year-Language Query 4-4,text,true,,271,159,10,70,http://localhost:8080/search?q=love&year=1994&language=English,146,0,0
1782356374533,162,HTTP Request,200,OK,Year-Language Query 4-3,text,true,,271,159,10,70,http://localhost:8080/search?q=love&year=1994&language=English,162,0,0
1782356374607,115,HTTP Request,200,OK,Year-Language Query 4-7,text,true,,271,159,10,70,http://localhost:8080/search?q=love&year=1994&language=English,115,0,0
1782356374616,106,HTTP Request,200,OK,Year-Language Query 4-2,text,true,,271,159,10,70,http://localhost:8080/search?q=love&year=1994&language=English,106,0,0
1782356374626,101,HTTP Request,200,OK,Year-Language Query 4-1,text,true,,271,159,10,70,http://localhost:8080/search?q=love&year=1994&language=English,101,0,0
1782356374630,200,HTTP Request,200,OK,Year-Language Query 4-8,text,true,,271,159,10,70,http://localhost:8080/search?q=love&year=1994&language=English,200,0,0
1782356374626,217,HTTP Request,200,OK,Year-Language Query 4-9,text,true,,271,159,10,70,http://localhost:8080/search?q=love&year=1994&language=English,217,0,0
1782356374722,121,HTTP Request,200,OK,Year-Language Query 4-7,text,true,,271,159,10,70,http://localhost:8080/search?q=love&year=1994&language=English,121,0,0
1782356374722,123,HTTP Request,200,OK,Year-Language Query 4-2,text,true,,271,159,10,70,http://localhost:8080/search?q=love&year=1994&language=English,123,0,0
1782356374646,206,HTTP Request,200,OK,Year-Language Query 4-6,text,true,,271,159,10,70,http://localhost:8080/search?q=love&year=1994&language=English,206,0,0
1782356374727,127,HTTP Request,200,OK,Year-Language Query 4-1,text,true,,271,159,10,70,http://localhost:8080/search?q=love&year=1994&language=English,127,0,0
1782356374690,176,HTTP Request,200,OK,Year-Language Query 4-4,text,true,,271,159,10,70,http://localhost:8080/search?q=love&year=1994&language=English,176,0,0
1782356374630,238,HTTP Request,200,OK,Year-Language Query 4-10,text,true,,271,159,10,70,http://localhost:8080/search?q=love&year=1994&language=English,238,0,0
1782356374695,190,HTTP Request,200,OK,Year-Language Query 4-3,text,true,,271,159,10,70,http://localhost:8080/search?q=love&year=1994&language=English,190,0,0
1782356374626,260,HTTP Request,200,OK,Year-Language Query 4-5,text,true,,271,159,10,70,http://localhost:8080/search?q=love&year=1994&language=English,260,0,0
1782356374844,86,HTTP Request,200,OK,Year-Language Query 4-7,text,true,,271,159,10,70,http://localhost:8080/search?q=love&year=1994&language=English,86,0,0
1782356374845,85,HTTP Request,200,OK,Year-Language Query 4-2,text,true,,271,159,10,70,http://localhost:8080/search?q=love&year=1994&language=English,85,0,0
1782356374852,80,HTTP Request,200,OK,Year-Language Query 4-6,text,true,,271,159,10,70,http://localhost:8080/search?q=love&year=1994&language=English,80,0,0
1782356374831,102,HTTP Request,200,OK,Year-Language Query 4-8,text,true,,271,159,10,70,http://localhost:8080/search?q=love&year=1994&language=English,102,0,0
1782356374843,90,HTTP Request,200,OK,Year-Language Query 4-9,text,true,,271,159,10,70,http://localhost:8080/search?q=love&year=1994&language=English,90,0,0
1782356374886,70,HTTP Request,200,OK,Year-Language Query 4-5,text,true,,271,159,10,70,http://localhost:8080/search?q=love&year=1994&language=English,70,0,0
1782356374854,137,HTTP Request,200,OK,Year-Language Query 4-1,text,true,,271,159,10,70,http://localhost:8080/search?q=love&year=1994&language=English,137,0,0
1782356374931,110,HTTP Request,200,OK,Year-Language Query 4-7,text,true,,271,159,10,70,http://localhost:8080/search?q=love&year=1994&language=English,110,0,0
1782356374931,111,HTTP Request,200,OK,Year-Language Query 4-2,text,true,,271,159,10,70,http://localhost:8080/search?q=love&year=1994&language=English,111,0,0
1782356374932,110,HTTP Request,200,OK,Year-Language Query 4-6,text,true,,271,159,10,70,http://localhost:8080/search?q=love&year=1994&language=English,110,0,0
1782356374933,109,HTTP Request,200,OK,Year-Language Query 4-9,text,true,,271,159,10,70,http://localhost:8080/search?q=love&year=1994&language=English,109,0,0
1782356374933,109,HTTP Request,200,OK,Year-Language Query 4-8,text,true,,271,159,10,70,http://localhost:8080/search?q=love&year=1994&language=English,109,0,0
1782356374886,171,HTTP Request,200,OK,Year-Language Query 4-3,text,true,,271,159,10,70,http://localhost:8080/search?q=love&year=1994&language=English,171,0,0
1782356374869,188,HTTP Request,200,OK,Year-Language Query 4-10,text,true,,271,159,10,70,http://localhost:8080/search?q=love&year=1994&language=English,188,0,0
1782356374867,195,HTTP Request,200,OK,Year-Language Query 4-4,text,true,,271,159,10,70,http://localhost:8080/search?q=love&year=1994&language=English,195,0,0
1782356374991,78,HTTP Request,200,OK,Year-Language Query 4-1,text,true,,271,159,10,70,http://localhost:8080/search?q=love&year=1994&language=English,78,0,0
1782356374956,126,HTTP Request,200,OK,Year-Language Query 4-5,text,true,,271,159,10,70,http://localhost:8080/search?q=love&year=1994&language=English,126,0,0
1782356375042,95,HTTP Request,200,OK,Year-Language Query 4-2,text,true,,271,159,10,70,http://localhost:8080/search?q=love&year=1994&language=English,95,0,0
1782356375042,102,HTTP Request,200,OK,Year-Language Query 4-9,text,true,,271,159,10,70,http://localhost:8080/search?q=love&year=1994&language=English,102,0,0
1782356375042,104,HTTP Request,200,OK,Year-Language Query 4-6,text,true,,271,159,10,70,http://localhost:8080/search?q=love&year=1994&language=English,103,0,0
1782356375057,94,HTTP Request,200,OK,Year-Language Query 4-3,text,true,,271,159,10,70,http://localhost:8080/search?q=love&year=1994&language=English,94,0,0
1782356375069,83,HTTP Request,200,OK,Year-Language Query 4-1,text,true,,271,159,10,70,http://localhost:8080/search?q=love&year=1994&language=English,83,0,0
1782356375057,95,HTTP Request,200,OK,Year-Language Query 4-10,text,true,,271,159,10,70,http://localhost:8080/search?q=love&year=1994&language=English,95,0,0
1782356375041,111,HTTP Request,200,OK,Year-Language Query 4-7,text,true,,271,159,10,70,http://localhost:8080/search?q=love&year=1994&language=English,111,0,0
1782356375063,90,HTTP Request,200,OK,Year-Language Query 4-4,text,true,,271,159,10,70,http://localhost:8080/search?q=love&year=1994&language=English,90,0,0
1782356375042,120,HTTP Request,200,OK,Year-Language Query 4-8,text,true,,271,159,10,70,http://localhost:8080/search?q=love&year=1994&language=English,120,0,0
1782356375082,81,HTTP Request,200,OK,Year-Language Query 4-5,text,true,,271,159,10,70,http://localhost:8080/search?q=love&year=1994&language=English,81,0,0
1782356375137,97,HTTP Request,200,OK,Year-Language Query 4-2,text,true,,271,159,10,70,http://localhost:8080/search?q=love&year=1994&language=English,97,0,0
1782356375146,98,HTTP Request,200,OK,Year-Language Query 4-6,text,true,,271,159,10,70,http://localhost:8080/search?q=love&year=1994&language=English,98,0,0
1782356375145,103,HTTP Request,200,OK,Year-Language Query 4-9,text,true,,271,159,10,70,http://localhost:8080/search?q=love&year=1994&language=English,103,0,0
1782356375152,157,HTTP Request,200,OK,Year-Language Query 4-10,text,true,,271,159,10,70,http://localhost:8080/search?q=love&year=1994&language=English,157,0,0
1782356375153,159,HTTP Request,200,OK,Year-Language Query 4-4,text,true,,271,159,10,70,http://localhost:8080/search?q=love&year=1994&language=English,159,0,0
1782356375151,165,HTTP Request,200,OK,Year-Language Query 4-3,text,true,,271,159,10,70,http://localhost:8080/search?q=love&year=1994&language=English,165,0,0
1782356375162,164,HTTP Request,200,OK,Year-Language Query 4-8,text,true,,271,159,10,70,http://localhost:8080/search?q=love&year=1994&language=English,164,0,0
1782356375152,193,HTTP Request,200,OK,Year-Language Query 4-1,text,true,,271,159,10,70,http://localhost:8080/search?q=love&year=1994&language=English,193,0,0
1782356375153,194,HTTP Request,200,OK,Year-Language Query 4-7,text,true,,271,159,10,70,http://localhost:8080/search?q=love&year=1994&language=English,194,0,0
1782356375163,200,HTTP Request,200,OK,Year-Language Query 4-5,text,true,,271,159,10,70,http://localhost:8080/search?q=love&year=1994&language=English,200,0,0
1782356375234,139,HTTP Request,200,OK,Year-Language Query 4-2,text,true,,271,159,10,70,http://localhost:8080/search?q=love&year=1994&language=English,139,0,0
1782356375249,145,HTTP Request,200,OK,Year-Language Query 4-9,text,true,,271,159,10,70,http://localhost:8080/search?q=love&year=1994&language=English,145,0,0
1782356375316,81,HTTP Request,200,OK,Year-Language Query 4-3,text,true,,271,159,10,70,http://localhost:8080/search?q=love&year=1994&language=English,81,0,0
1782356375312,87,HTTP Request,200,OK,Year-Language Query 4-4,text,true,,271,159,10,70,http://localhost:8080/search?q=love&year=1994&language=English,87,0,0
1782356375326,77,HTTP Request,200,OK,Year-Language Query 4-8,text,true,,271,159,10,70,http://localhost:8080/search?q=love&year=1994&language=English,77,0,0
1782356375245,158,HTTP Request,200,OK,Year-Language Query 4-6,text,true,,271,159,10,70,http://localhost:8080/search?q=love&year=1994&language=English,158,0,0
1782356375309,97,HTTP Request,200,OK,Year-Language Query 4-10,text,true,,271,159,10,70,http://localhost:8080/search?q=love&year=1994&language=English,97,0,0
1782356375347,81,HTTP Request,200,OK,Year-Language Query 4-7,text,true,,271,159,10,70,http://localhost:8080/search?q=love&year=1994&language=English,81,0,0
1782356375345,91,HTTP Request,200,OK,Year-Language Query 4-1,text,true,,271,159,10,70,http://localhost:8080/search?q=love&year=1994&language=English,91,0,0
1782356375363,108,HTTP Request,200,OK,Year-Language Query 4-5,text,true,,271,159,10,70,http://localhost:8080/search?q=love&year=1994&language=English,107,0,0
1782356375373,98,HTTP Request,200,OK,Year-Language Query 4-2,text,true,,271,159,10,70,http://localhost:8080/search?q=love&year=1994&language=English,98,0,0
1782356375397,88,HTTP Request,200,OK,Year-Language Query 4-3,text,true,,271,159,10,70,http://localhost:8080/search?q=love&year=1994&language=English,88,0,0
1782356375403,83,HTTP Request,200,OK,Year-Language Query 4-8,text,true,,271,159,10,70,http://localhost:8080/search?q=love&year=1994&language=English,83,0,0
1782356375403,93,HTTP Request,200,OK,Year-Language Query 4-6,text,true,,271,159,10,70,http://localhost:8080/search?q=love&year=1994&language=English,93,0,0
1782356375395,101,HTTP Request,200,OK,Year-Language Query 4-9,text,true,,271,159,10,70,http://localhost:8080/search?q=love&year=1994&language=English,101,0,0
1782356375400,97,HTTP Request,200,OK,Year-Language Query 4-4,text,true,,271,159,10,70,http://localhost:8080/search?q=love&year=1994&language=English,97,0,0
1782356375406,96,HTTP Request,200,OK,Year-Language Query 4-10,text,true,,271,159,10,70,http://localhost:8080/search?q=love&year=1994&language=English,96,0,0
1782356375428,83,HTTP Request,200,OK,Year-Language Query 4-7,text,true,,271,159,10,70,http://localhost:8080/search?q=love&year=1994&language=English,83,0,0
1782356375437,80,HTTP Request,200,OK,Year-Language Query 4-1,text,true,,271,159,10,70,http://localhost:8080/search?q=love&year=1994&language=English,80,0,0
1782356375471,89,HTTP Request,200,OK,Year-Language Query 4-5,text,true,,271,159,10,70,http://localhost:8080/search?q=love&year=1994&language=English,89,0,0
1782356375497,75,HTTP Request,200,OK,Year-Language Query 4-4,text,true,,271,159,10,70,http://localhost:8080/search?q=love&year=1994&language=English,75,0,0
1782356375486,86,HTTP Request,200,OK,Year-Language Query 4-8,text,true,,271,159,10,70,http://localhost:8080/search?q=love&year=1994&language=English,86,0,0
1782356375485,88,HTTP Request,200,OK,Year-Language Query 4-3,text,true,,271,159,10,70,http://localhost:8080/search?q=love&year=1994&language=English,88,0,0
1782356375512,79,HTTP Request,200,OK,Year-Language Query 4-7,text,true,,271,159,10,70,http://localhost:8080/search?q=love&year=1994&language=English,79,0,0
1782356375497,100,HTTP Request,200,OK,Year-Language Query 4-6,text,true,,271,159,10,70,http://localhost:8080/search?q=love&year=1994&language=English,100,0,0
1782356375471,126,HTTP Request,200,OK,Year-Language Query 4-2,text,true,,271,159,10,70,http://localhost:8080/search?q=love&year=1994&language=English,126,0,0
1782356375502,103,HTTP Request,200,OK,Year-Language Query 4-10,text,true,,271,159,10,70,http://localhost:8080/search?q=love&year=1994&language=English,103,0,0
1782356375497,110,HTTP Request,200,OK,Year-Language Query 4-9,text,true,,271,159,10,70,http://localhost:8080/search?q=love&year=1994&language=English,110,0,0
1782356375517,99,HTTP Request,200,OK,Year-Language Query 4-1,text,true,,271,159,10,70,http://localhost:8080/search?q=love&year=1994&language=English,99,0,0
1782356375572,70,HTTP Request,200,OK,Year-Language Query 4-4,text,true,,271,159,10,70,http://localhost:8080/search?q=love&year=1994&language=English,70,0,0
1782356375597,63,HTTP Request,200,OK,Year-Language Query 4-6,text,true,,271,159,10,70,http://localhost:8080/search?q=love&year=1994&language=English,63,0,0
1782356375560,104,HTTP Request,200,OK,Year-Language Query 4-5,text,true,,271,159,10,70,http://localhost:8080/search?q=love&year=1994&language=English,104,0,0
1782356375573,95,HTTP Request,200,OK,Year-Language Query 4-3,text,true,,271,159,10,70,http://localhost:8080/search?q=love&year=1994&language=English,95,0,0
1782356375573,95,HTTP Request,200,OK,Year-Language Query 4-8,text,true,,271,159,10,70,http://localhost:8080/search?q=love&year=1994&language=English,95,0,0
1782356375592,77,HTTP Request,200,OK,Year-Language Query 4-7,text,true,,271,159,10,70,http://localhost:8080/search?q=love&year=1994&language=English,77,0,0
1782356375607,69,HTTP Request,200,OK,Year-Language Query 4-9,text,true,,271,159,10,70,http://localhost:8080/search?q=love&year=1994&language=English,69,0,0
1782356375605,71,HTTP Request,200,OK,Year-Language Query 4-10,text,true,,271,159,10,70,http://localhost:8080/search?q=love&year=1994&language=English,71,0,0
1782356375598,103,HTTP Request,200,OK,Year-Language Query 4-2,text,true,,271,159,10,70,http://localhost:8080/search?q=love&year=1994&language=English,103,0,0
1782356375616,87,HTTP Request,200,OK,Year-Language Query 4-1,text,true,,271,159,10,70,http://localhost:8080/search?q=love&year=1994&language=English,87,0,0
1782356375643,80,HTTP Request,200,OK,Year-Language Query 4-4,text,true,,271,159,10,70,http://localhost:8080/search?q=love&year=1994&language=English,80,0,0
1782356375668,65,HTTP Request,200,OK,Year-Language Query 4-8,text,true,,271,159,10,70,http://localhost:8080/search?q=love&year=1994&language=English,65,0,0
1782356375664,73,HTTP Request,200,OK,Year-Language Query 4-5,text,true,,271,159,10,70,http://localhost:8080/search?q=love&year=1994&language=English,73,0,0
1782356375660,79,HTTP Request,200,OK,Year-Language Query 4-6,text,true,,271,159,10,70,http://localhost:8080/search?q=love&year=1994&language=English,79,0,0
1782356375668,80,HTTP Request,200,OK,Year-Language Query 4-3,text,true,,271,159,10,70,http://localhost:8080/search?q=love&year=1994&language=English,80,0,0
1782356375676,75,HTTP Request,200,OK,Year-Language Query 4-10,text,true,,271,159,10,70,http://localhost:8080/search?q=love&year=1994&language=English,75,0,0
1782356375669,87,HTTP Request,200,OK,Year-Language Query 4-7,text,true,,271,159,10,70,http://localhost:8080/search?q=love&year=1994&language=English,87,0,0
1782356375676,82,HTTP Request,200,OK,Year-Language Query 4-9,text,true,,271,159,10,70,http://localhost:8080/search?q=love&year=1994&language=English,82,0,0
1782356375701,145,HTTP Request,200,OK,Year-Language Query 4-2,text,true,,271,159,10,70,http://localhost:8080/search?q=love&year=1994&language=English,145,0,0
1782356375703,161,HTTP Request,200,OK,Year-Language Query 4-1,text,true,,271,159,10,70,http://localhost:8080/search?q=love&year=1994&language=English,161,0,0
1782356375734,148,HTTP Request,200,OK,Year-Language Query 4-8,text,true,,271,159,10,70,http://localhost:8080/search?q=love&year=1994&language=English,148,0,0
1782356375739,148,HTTP Request,200,OK,Year-Language Query 4-6,text,true,,271,159,10,70,http://localhost:8080/search?q=love&year=1994&language=English,148,0,0
1782356375758,133,HTTP Request,200,OK,Year-Language Query 4-9,text,true,,271,159,10,70,http://localhost:8080/search?q=love&year=1994&language=English,133,0,0
1782356375737,160,HTTP Request,200,OK,Year-Language Query 4-5,text,true,,271,159,10,70,http://localhost:8080/search?q=love&year=1994&language=English,160,0,0
1782356375752,145,HTTP Request,200,OK,Year-Language Query 4-10,text,true,,271,159,10,70,http://localhost:8080/search?q=love&year=1994&language=English,145,0,0
1782356375756,142,HTTP Request,200,OK,Year-Language Query 4-7,text,true,,271,159,10,70,http://localhost:8080/search?q=love&year=1994&language=English,142,0,0
1782356375723,175,HTTP Request,200,OK,Year-Language Query 4-4,text,true,,271,159,10,70,http://localhost:8080/search?q=love&year=1994&language=English,175,0,0
1782356375748,151,HTTP Request,200,OK,Year-Language Query 4-3,text,true,,271,159,10,70,http://localhost:8080/search?q=love&year=1994&language=English,151,0,0
1782356375846,70,HTTP Request,200,OK,Year-Language Query 4-2,text,true,,271,159,10,70,http://localhost:8080/search?q=love&year=1994&language=English,70,0,0
1782356375864,75,HTTP Request,200,OK,Year-Language Query 4-1,text,true,,271,159,10,70,http://localhost:8080/search?q=love&year=1994&language=English,75,0,0
1782356375882,62,HTTP Request,200,OK,Year-Language Query 4-8,text,true,,271,159,10,70,http://localhost:8080/search?q=love&year=1994&language=English,62,0,0
1782356375887,74,HTTP Request,200,OK,Year-Language Query 4-6,text,true,,271,159,10,70,http://localhost:8080/search?q=love&year=1994&language=English,74,0,0
1782356375897,81,HTTP Request,200,OK,Year-Language Query 4-10,text,true,,271,159,10,70,http://localhost:8080/search?q=love&year=1994&language=English,81,0,0
1782356375897,82,HTTP Request,200,OK,Year-Language Query 4-5,text,true,,271,159,10,70,http://localhost:8080/search?q=love&year=1994&language=English,82,0,0
1782356375899,80,HTTP Request,200,OK,Year-Language Query 4-3,text,true,,271,159,10,70,http://localhost:8080/search?q=love&year=1994&language=English,80,0,0
1782356375898,101,HTTP Request,200,OK,Year-Language Query 4-4,text,true,,271,159,10,70,http://localhost:8080/search?q=love&year=1994&language=English,101,0,0
1782356375891,109,HTTP Request,200,OK,Year-Language Query 4-9,text,true,,271,159,10,70,http://localhost:8080/search?q=love&year=1994&language=English,109,0,0
1782356375944,73,HTTP Request,200,OK,Year-Language Query 4-8,text,true,,271,159,10,70,http://localhost:8080/search?q=love&year=1994&language=English,73,0,0
1782356375916,101,HTTP Request,200,OK,Year-Language Query 4-2,text,true,,271,159,10,70,http://localhost:8080/search?q=love&year=1994&language=English,101,0,0
1782356375939,80,HTTP Request,200,OK,Year-Language Query 4-1,text,true,,271,159,10,70,http://localhost:8080/search?q=love&year=1994&language=English,80,0,0
1782356375898,122,HTTP Request,200,OK,Year-Language Query 4-7,text,true,,271,159,10,70,http://localhost:8080/search?q=love&year=1994&language=English,122,0,0
1782356375978,70,HTTP Request,200,OK,Year-Language Query 4-10,text,true,,271,159,10,70,http://localhost:8080/search?q=love&year=1994&language=English,70,0,0
1782356375962,100,HTTP Request,200,OK,Year-Language Query 4-6,text,true,,271,159,10,70,http://localhost:8080/search?q=love&year=1994&language=English,100,0,0
1782356375980,82,HTTP Request,200,OK,Year-Language Query 4-3,text,true,,271,159,10,70,http://localhost:8080/search?q=love&year=1994&language=English,82,0,0
1782356375979,83,HTTP Request,200,OK,Year-Language Query 4-5,text,true,,271,159,10,70,http://localhost:8080/search?q=love&year=1994&language=English,83,0,0
1782356376000,71,HTTP Request,200,OK,Year-Language Query 4-9,text,true,,271,159,10,70,http://localhost:8080/search?q=love&year=1994&language=English,71,0,0
1782356375999,113,HTTP Request,200,OK,Year-Language Query 4-4,text,true,,271,159,10,70,http://localhost:8080/search?q=love&year=1994&language=English,113,0,0
1782356376018,94,HTTP Request,200,OK,Year-Language Query 4-2,text,true,,271,159,10,70,http://localhost:8080/search?q=love&year=1994&language=English,94,0,0
1782356376020,116,HTTP Request,200,OK,Year-Language Query 4-1,text,true,,271,159,10,70,http://localhost:8080/search?q=love&year=1994&language=English,116,0,0
1782356376049,87,HTTP Request,200,OK,Year-Language Query 4-10,text,true,,271,159,10,70,http://localhost:8080/search?q=love&year=1994&language=English,87,0,0
1782356376017,119,HTTP Request,200,OK,Year-Language Query 4-8,text,true,,271,159,10,70,http://localhost:8080/search?q=love&year=1994&language=English,119,0,0
1782356376020,117,HTTP Request,200,OK,Year-Language Query 4-7,text,true,,271,159,10,70,http://localhost:8080/search?q=love&year=1994&language=English,117,0,0
1782356376062,96,HTTP Request,200,OK,Year-Language Query 4-6,text,true,,271,159,10,70,http://localhost:8080/search?q=love&year=1994&language=English,96,0,0
1782356376063,98,HTTP Request,200,OK,Year-Language Query 4-5,text,true,,271,159,10,70,http://localhost:8080/search?q=love&year=1994&language=English,98,0,0
1782356376071,98,HTTP Request,200,OK,Year-Language Query 4-9,text,true,,271,159,10,70,http://localhost:8080/search?q=love&year=1994&language=English,98,0,0
1782356376062,127,HTTP Request,200,OK,Year-Language Query 4-3,text,true,,271,159,10,70,http://localhost:8080/search?q=love&year=1994&language=English,127,0,0
1782356376112,85,HTTP Request,200,OK,Year-Language Query 4-4,text,true,,271,159,10,70,http://localhost:8080/search?q=love&year=1994&language=English,85,0,0
1782356376159,61,HTTP Request,200,OK,Year-Language Query 4-6,text,true,,271,159,10,70,http://localhost:8080/search?q=love&year=1994&language=English,61,0,0
1782356376113,112,HTTP Request,200,OK,Year-Language Query 4-2,text,true,,271,159,10,70,http://localhost:8080/search?q=love&year=1994&language=English,112,0,0
1782356376161,71,HTTP Request,200,OK,Year-Language Query 4-5,text,true,,271,159,10,70,http://localhost:8080/search?q=love&year=1994&language=English,71,0,0
1782356376137,102,HTTP Request,200,OK,Year-Language Query 4-8,text,true,,271,159,10,70,http://localhost:8080/search?q=love&year=1994&language=English,102,0,0
1782356376136,107,HTTP Request,200,OK,Year-Language Query 4-1,text,true,,271,159,10,70,http://localhost:8080/search?q=love&year=1994&language=English,107,0,0
1782356376136,107,HTTP Request,200,OK,Year-Language Query 4-10,text,true,,271,159,10,70,http://localhost:8080/search?q=love&year=1994&language=English,107,0,0
1782356376138,110,HTTP Request,200,OK,Year-Language Query 4-7,text,true,,271,159,10,70,http://localhost:8080/search?q=love&year=1994&language=English,110,0,0
1782356376169,81,HTTP Request,200,OK,Year-Language Query 4-9,text,true,,271,159,10,70,http://localhost:8080/search?q=love&year=1994&language=English,81,0,0
1782356376189,83,HTTP Request,200,OK,Year-Language Query 4-3,text,true,,271,159,10,70,http://localhost:8080/search?q=love&year=1994&language=English,83,0,0
1782356376221,69,HTTP Request,200,OK,Year-Language Query 4-6,text,true,,271,159,10,70,http://localhost:8080/search?q=love&year=1994&language=English,69,0,0
1782356376198,180,HTTP Request,200,OK,Year-Language Query 4-4,text,true,,271,159,10,70,http://localhost:8080/search?q=love&year=1994&language=English,180,0,0
1782356376239,167,HTTP Request,200,OK,Year-Language Query 4-8,text,true,,271,159,10,70,http://localhost:8080/search?q=love&year=1994&language=English,167,0,0
1782356376248,160,HTTP Request,200,OK,Year-Language Query 4-7,text,true,,271,159,10,70,http://localhost:8080/search?q=love&year=1994&language=English,160,0,0
1782356376245,173,HTTP Request,200,OK,Year-Language Query 4-1,text,true,,271,159,10,70,http://localhost:8080/search?q=love&year=1994&language=English,173,0,0
1782356376290,129,HTTP Request,200,OK,Year-Language Query 4-6,text,true,,271,159,10,70,http://localhost:8080/search?q=love&year=1994&language=English,129,0,0
1782356376244,175,HTTP Request,200,OK,Year-Language Query 4-10,text,true,,271,159,10,70,http://localhost:8080/search?q=love&year=1994&language=English,175,0,0
1782356376225,197,HTTP Request,200,OK,Year-Language Query 4-2,text,true,,271,159,10,70,http://localhost:8080/search?q=love&year=1994&language=English,197,0,0
1782356376251,171,HTTP Request,200,OK,Year-Language Query 4-9,text,true,,271,159,10,70,http://localhost:8080/search?q=love&year=1994&language=English,171,0,0
1782356376232,190,HTTP Request,200,OK,Year-Language Query 4-5,text,true,,271,159,10,70,http://localhost:8080/search?q=love&year=1994&language=English,190,0,0
1782356376272,150,HTTP Request,200,OK,Year-Language Query 4-3,text,true,,271,159,10,70,http://localhost:8080/search?q=love&year=1994&language=English,150,0,0
1782356376378,78,HTTP Request,200,OK,Year-Language Query 4-4,text,true,,271,159,10,70,http://localhost:8080/search?q=love&year=1994&language=English,78,0,0
1782356376406,83,HTTP Request,200,OK,Year-Language Query 4-8,text,true,,271,159,10,70,http://localhost:8080/search?q=love&year=1994&language=English,83,0,0
1782356376422,77,HTTP Request,200,OK,Year-Language Query 4-2,text,true,,271,159,10,70,http://localhost:8080/search?q=love&year=1994&language=English,77,0,0
1782356376408,91,HTTP Request,200,OK,Year-Language Query 4-7,text,true,,271,159,10,70,http://localhost:8080/search?q=love&year=1994&language=English,91,0,0
1782356376418,81,HTTP Request,200,OK,Year-Language Query 4-1,text,true,,271,159,10,70,http://localhost:8080/search?q=love&year=1994&language=English,81,0,0
1782356376419,81,HTTP Request,200,OK,Year-Language Query 4-6,text,true,,271,159,10,70,http://localhost:8080/search?q=love&year=1994&language=English,81,0,0
1782356376419,81,HTTP Request,200,OK,Year-Language Query 4-10,text,true,,271,159,10,70,http://localhost:8080/search?q=love&year=1994&language=English,81,0,0
1782356376422,98,HTTP Request,200,OK,Year-Language Query 4-5,text,true,,271,159,10,70,http://localhost:8080/search?q=love&year=1994&language=English,98,0,0
1782356376422,106,HTTP Request,200,OK,Year-Language Query 4-9,text,true,,271,159,10,70,http://localhost:8080/search?q=love&year=1994&language=English,106,0,0
1782356376423,135,HTTP Request,200,OK,Year-Language Query 4-3,text,true,,271,159,10,70,http://localhost:8080/search?q=love&year=1994&language=English,135,0,0
1782356376489,70,HTTP Request,200,OK,Year-Language Query 4-8,text,true,,271,159,10,70,http://localhost:8080/search?q=love&year=1994&language=English,70,0,0
1782356376456,109,HTTP Request,200,OK,Year-Language Query 4-4,text,true,,271,159,10,70,http://localhost:8080/search?q=love&year=1994&language=English,109,0,0
1782356376500,88,HTTP Request,200,OK,Year-Language Query 4-1,text,true,,271,159,10,70,http://localhost:8080/search?q=love&year=1994&language=English,88,0,0
1782356376500,97,HTTP Request,200,OK,Year-Language Query 4-6,text,true,,271,159,10,70,http://localhost:8080/search?q=love&year=1994&language=English,97,0,0
1782356376499,98,HTTP Request,200,OK,Year-Language Query 4-7,text,true,,271,159,10,70,http://localhost:8080/search?q=love&year=1994&language=English,98,0,0
1782356376500,97,HTTP Request,200,OK,Year-Language Query 4-10,text,true,,271,159,10,70,http://localhost:8080/search?q=love&year=1994&language=English,97,0,0
1782356376499,99,HTTP Request,200,OK,Year-Language Query 4-2,text,true,,271,159,10,70,http://localhost:8080/search?q=love&year=1994&language=English,99,0,0
1782356376520,92,HTTP Request,200,OK,Year-Language Query 4-5,text,true,,271,159,10,70,http://localhost:8080/search?q=love&year=1994&language=English,92,0,0
1782356376529,88,HTTP Request,200,OK,Year-Language Query 4-9,text,true,,271,159,10,70,http://localhost:8080/search?q=love&year=1994&language=English,88,0,0
1782356376565,65,HTTP Request,200,OK,Year-Language Query 4-4,text,true,,271,159,10,70,http://localhost:8080/search?q=love&year=1994&language=English,65,0,0
1782356376559,73,HTTP Request,200,OK,Year-Language Query 4-8,text,true,,271,159,10,70,http://localhost:8080/search?q=love&year=1994&language=English,73,0,0
1782356376559,91,HTTP Request,200,OK,Year-Language Query 4-3,text,true,,271,159,10,70,http://localhost:8080/search?q=love&year=1994&language=English,91,0,0
1782356376588,67,HTTP Request,200,OK,Year-Language Query 4-1,text,true,,271,159,10,70,http://localhost:8080/search?q=love&year=1994&language=English,67,0,0
1782356376597,78,HTTP Request,200,OK,Year-Language Query 4-10,text,true,,271,159,10,70,http://localhost:8080/search?q=love&year=1994&language=English,78,0,0
1782356376597,78,HTTP Request,200,OK,Year-Language Query 4-6,text,true,,271,159,10,70,http://localhost:8080/search?q=love&year=1994&language=English,78,0,0
1782356376599,77,HTTP Request,200,OK,Year-Language Query 4-2,text,true,,271,159,10,70,http://localhost:8080/search?q=love&year=1994&language=English,77,0,0
1782356376597,81,HTTP Request,200,OK,Year-Language Query 4-7,text,true,,271,159,10,70,http://localhost:8080/search?q=love&year=1994&language=English,81,0,0
1782356376612,77,HTTP Request,200,OK,Year-Language Query 4-5,text,true,,271,159,10,70,http://localhost:8080/search?q=love&year=1994&language=English,77,0,0
1782356376618,73,HTTP Request,200,OK,Year-Language Query 4-9,text,true,,271,159,10,70,http://localhost:8080/search?q=love&year=1994&language=English,73,0,0
1782356376632,71,HTTP Request,200,OK,Year-Language Query 4-8,text,true,,271,159,10,70,http://localhost:8080/search?q=love&year=1994&language=English,71,0,0
1782356376655,59,HTTP Request,200,OK,Year-Language Query 4-1,text,true,,271,159,10,70,http://localhost:8080/search?q=love&year=1994&language=English,59,0,0
1782356376675,60,HTTP Request,200,OK,Year-Language Query 4-10,text,true,,271,159,10,70,http://localhost:8080/search?q=love&year=1994&language=English,60,0,0
1782356376676,60,HTTP Request,200,OK,Year-Language Query 4-2,text,true,,271,159,10,70,http://localhost:8080/search?q=love&year=1994&language=English,60,0,0
1782356376676,60,HTTP Request,200,OK,Year-Language Query 4-6,text,true,,271,159,10,70,http://localhost:8080/search?q=love&year=1994&language=English,60,0,0
1782356376630,114,HTTP Request,200,OK,Year-Language Query 4-4,text,true,,271,159,10,70,http://localhost:8080/search?q=love&year=1994&language=English,114,0,0
1782356376651,96,HTTP Request,200,OK,Year-Language Query 4-3,text,true,,271,159,10,70,http://localhost:8080/search?q=love&year=1994&language=English,96,0,0
1782356376679,83,HTTP Request,200,OK,Year-Language Query 4-7,text,true,,271,159,10,70,http://localhost:8080/search?q=love&year=1994&language=English,83,0,0
1782356376691,94,HTTP Request,200,OK,Year-Language Query 4-9,text,true,,271,159,10,70,http://localhost:8080/search?q=love&year=1994&language=English,94,0,0
1782356376703,91,HTTP Request,200,OK,Year-Language Query 4-8,text,true,,271,159,10,70,http://localhost:8080/search?q=love&year=1994&language=English,91,0,0
1782356376714,84,HTTP Request,200,OK,Year-Language Query 4-1,text,true,,271,159,10,70,http://localhost:8080/search?q=love&year=1994&language=English,84,0,0
1782356376690,109,HTTP Request,200,OK,Year-Language Query 4-5,text,true,,271,159,10,70,http://localhost:8080/search?q=love&year=1994&language=English,109,0,0
1782356376736,79,HTTP Request,200,OK,Year-Language Query 4-6,text,true,,271,159,10,70,http://localhost:8080/search?q=love&year=1994&language=English,79,0,0
1782356376736,171,HTTP Request,200,OK,Year-Language Query 4-2,text,true,,271,159,10,70,http://localhost:8080/search?q=love&year=1994&language=English,171,0,0
1782356376735,173,HTTP Request,200,OK,Year-Language Query 4-10,text,true,,271,159,10,70,http://localhost:8080/search?q=love&year=1994&language=English,173,0,0
1782356376747,161,HTTP Request,200,OK,Year-Language Query 4-3,text,true,,271,159,10,70,http://localhost:8080/search?q=love&year=1994&language=English,161,0,0
1782356376746,162,HTTP Request,200,OK,Year-Language Query 4-4,text,true,,271,159,10,70,http://localhost:8080/search?q=love&year=1994&language=English,162,0,0
1782356376762,147,HTTP Request,200,OK,Year-Language Query 4-7,text,true,,271,159,10,70,http://localhost:8080/search?q=love&year=1994&language=English,147,0,0
1782356376799,145,HTTP Request,200,OK,Year-Language Query 4-5,text,true,,271,159,10,70,http://localhost:8080/search?q=love&year=1994&language=English,145,0,0
1782356376785,160,HTTP Request,200,OK,Year-Language Query 4-9,text,true,,271,159,10,70,http://localhost:8080/search?q=love&year=1994&language=English,160,0,0
1782356376816,129,HTTP Request,200,OK,Year-Language Query 4-6,text,true,,271,159,10,70,http://localhost:8080/search?q=love&year=1994&language=English,129,0,0
1782356376798,148,HTTP Request,200,OK,Year-Language Query 4-1,text,true,,271,159,10,70,http://localhost:8080/search?q=love&year=1994&language=English,148,0,0
1782356376794,153,HTTP Request,200,OK,Year-Language Query 4-8,text,true,,271,159,10,70,http://localhost:8080/search?q=love&year=1994&language=English,153,0,0
1782356376910,71,HTTP Request,200,OK,Year-Language Query 4-7,text,true,,271,159,10,70,http://localhost:8080/search?q=love&year=1994&language=English,71,0,0
1782356376908,78,HTTP Request,200,OK,Year-Language Query 4-3,text,true,,271,159,10,70,http://localhost:8080/search?q=love&year=1994&language=English,78,0,0
1782356376908,81,HTTP Request,200,OK,Year-Language Query 4-2,text,true,,271,159,10,70,http://localhost:8080/search?q=love&year=1994&language=English,81,0,0
1782356376908,86,HTTP Request,200,OK,Year-Language Query 4-10,text,true,,271,159,10,70,http://localhost:8080/search?q=love&year=1994&language=English,86,0,0
1782356376908,87,HTTP Request,200,OK,Year-Language Query 4-4,text,true,,271,159,10,70,http://localhost:8080/search?q=love&year=1994&language=English,87,0,0
1782356376944,79,HTTP Request,200,OK,Year-Language Query 4-5,text,true,,271,159,10,70,http://localhost:8080/search?q=love&year=1994&language=English,79,0,0
1782356376946,79,HTTP Request,200,OK,Year-Language Query 4-1,text,true,,271,159,10,70,http://localhost:8080/search?q=love&year=1994&language=English,79,0,0
1782356376945,82,HTTP Request,200,OK,Year-Language Query 4-6,text,true,,271,159,10,70,http://localhost:8080/search?q=love&year=1994&language=English,82,0,0
1782356376948,84,HTTP Request,200,OK,Year-Language Query 4-8,text,true,,271,159,10,70,http://localhost:8080/search?q=love&year=1994&language=English,84,0,0
1782356376945,89,HTTP Request,200,OK,Year-Language Query 4-9,text,true,,271,159,10,70,http://localhost:8080/search?q=love&year=1994&language=English,89,0,0
1782356376981,75,HTTP Request,200,OK,Year-Language Query 4-7,text,true,,271,159,10,70,http://localhost:8080/search?q=love&year=1994&language=English,75,0,0
1782356376989,76,HTTP Request,200,OK,Year-Language Query 4-2,text,true,,271,159,10,70,http://localhost:8080/search?q=love&year=1994&language=English,76,0,0
1782356376986,79,HTTP Request,200,OK,Year-Language Query 4-3,text,true,,271,159,10,70,http://localhost:8080/search?q=love&year=1994&language=English,79,0,0
1782356376995,71,HTTP Request,200,OK,Year-Language Query 4-10,text,true,,271,159,10,70,http://localhost:8080/search?q=love&year=1994&language=English,71,0,0
1782356377023,71,HTTP Request,200,OK,Year-Language Query 4-5,text,true,,271,159,10,70,http://localhost:8080/search?q=love&year=1994&language=English,71,0,0
1782356376995,112,HTTP Request,200,OK,Year-Language Query 4-4,text,true,,271,159,10,70,http://localhost:8080/search?q=love&year=1994&language=English,112,0,0
1782356377035,81,HTTP Request,200,OK,Year-Language Query 4-9,text,true,,271,159,10,70,http://localhost:8080/search?q=love&year=1994&language=English,81,0,0
1782356377025,95,HTTP Request,200,OK,Year-Language Query 4-1,text,true,,271,159,10,70,http://localhost:8080/search?q=love&year=1994&language=English,95,0,0
1782356377067,96,HTTP Request,200,OK,Year-Language Query 4-10,text,true,,271,159,10,70,http://localhost:8080/search?q=love&year=1994&language=English,95,0,0
1782356377065,98,HTTP Request,200,OK,Year-Language Query 4-2,text,true,,271,159,10,70,http://localhost:8080/search?q=love&year=1994&language=English,98,0,0
1782356377065,119,HTTP Request,200,OK,Year-Language Query 4-3,text,true,,271,159,10,70,http://localhost:8080/search?q=love&year=1994&language=English,119,0,0
1782356377095,92,HTTP Request,200,OK,Year-Language Query 4-5,text,true,,271,159,10,70,http://localhost:8080/search?q=love&year=1994&language=English,92,0,0
1782356377028,159,HTTP Request,200,OK,Year-Language Query 4-6,text,true,,271,159,10,70,http://localhost:8080/search?q=love&year=1994&language=English,159,0,0
1782356377032,157,HTTP Request,200,OK,Year-Language Query 4-8,text,true,,271,159,10,70,http://localhost:8080/search?q=love&year=1994&language=English,157,0,0
1782356377057,132,HTTP Request,200,OK,Year-Language Query 4-7,text,true,,271,159,10,70,http://localhost:8080/search?q=love&year=1994&language=English,132,0,0
1782356377116,119,HTTP Request,200,OK,Year-Language Query 4-9,text,true,,271,159,10,70,http://localhost:8080/search?q=love&year=1994&language=English,119,0,0
1782356377120,150,HTTP Request,200,OK,Year-Language Query 4-1,text,true,,271,159,10,70,http://localhost:8080/search?q=love&year=1994&language=English,150,0,0
1782356377107,163,HTTP Request,200,OK,Year-Language Query 4-4,text,true,,271,159,10,70,http://localhost:8080/search?q=love&year=1994&language=English,163,0,0
1782356377189,107,HTTP Request,200,OK,Year-Language Query 4-8,text,true,,271,159,10,70,http://localhost:8080/search?q=love&year=1994&language=English,107,0,0
1782356377185,111,HTTP Request,200,OK,Year-Language Query 4-3,text,true,,271,159,10,70,http://localhost:8080/search?q=love&year=1994&language=English,111,0,0
1782356377187,110,HTTP Request,200,OK,Year-Language Query 4-6,text,true,,271,159,10,70,http://localhost:8080/search?q=love&year=1994&language=English,110,0,0
1782356377189,108,HTTP Request,200,OK,Year-Language Query 4-7,text,true,,271,159,10,70,http://localhost:8080/search?q=love&year=1994&language=English,108,0,0
1782356377163,138,HTTP Request,200,OK,Year-Language Query 4-10,text,true,,271,159,10,70,http://localhost:8080/search?q=love&year=1994&language=English,138,0,0
1782356377163,157,HTTP Request,200,OK,Year-Language Query 4-2,text,true,,271,159,10,70,http://localhost:8080/search?q=love&year=1994&language=English,157,0,0
1782356377187,143,HTTP Request,200,OK,Year-Language Query 4-5,text,true,,271,159,10,70,http://localhost:8080/search?q=love&year=1994&language=English,143,0,0
1782356377270,138,HTTP Request,200,OK,Year-Language Query 4-1,text,true,,271,159,10,70,http://localhost:8080/search?q=love&year=1994&language=English,138,0,0
1782356377270,163,HTTP Request,200,OK,Year-Language Query 4-4,text,true,,271,159,10,70,http://localhost:8080/search?q=love&year=1994&language=English,163,0,0
1782356377235,199,HTTP Request,200,OK,Year-Language Query 4-9,text,true,,271,159,10,70,http://localhost:8080/search?q=love&year=1994&language=English,199,0,0
1782356377297,151,HTTP Request,200,OK,Year-Language Query 4-7,text,true,,271,159,10,70,http://localhost:8080/search?q=love&year=1994&language=English,151,0,0
1782356377301,154,HTTP Request,200,OK,Year-Language Query 4-10,text,true,,271,159,10,70,http://localhost:8080/search?q=love&year=1994&language=English,154,0,0
1782356377297,158,HTTP Request,200,OK,Year-Language Query 4-8,text,true,,271,159,10,70,http://localhost:8080/search?q=love&year=1994&language=English,158,0,0
1782356377297,159,HTTP Request,200,OK,Year-Language Query 4-3,text,true,,271,159,10,70,http://localhost:8080/search?q=love&year=1994&language=English,159,0,0
1782356377297,160,HTTP Request,200,OK,Year-Language Query 4-6,text,true,,271,159,10,70,http://localhost:8080/search?q=love&year=1994&language=English,160,0,0
1782356377331,136,HTTP Request,200,OK,Year-Language Query 4-5,text,true,,271,159,10,70,http://localhost:8080/search?q=love&year=1994&language=English,136,0,0
1782356377320,155,HTTP Request,200,OK,Year-Language Query 4-2,text,true,,271,159,10,70,http://localhost:8080/search?q=love&year=1994&language=English,155,0,0
1782356377408,81,HTTP Request,200,OK,Year-Language Query 4-1,text,true,,271,159,10,70,http://localhost:8080/search?q=love&year=1994&language=English,81,0,0
1782356377448,58,HTTP Request,200,OK,Year-Language Query 4-7,text,true,,271,159,10,70,http://localhost:8080/search?q=love&year=1994&language=English,58,0,0
1782356377434,76,HTTP Request,200,OK,Year-Language Query 4-9,text,true,,271,159,10,70,http://localhost:8080/search?q=love&year=1994&language=English,76,0,0
1782356377433,85,HTTP Request,200,OK,Year-Language Query 4-4,text,true,,271,159,10,70,http://localhost:8080/search?q=love&year=1994&language=English,85,0,0
1782356377456,68,HTTP Request,200,OK,Year-Language Query 4-8,text,true,,271,159,10,70,http://localhost:8080/search?q=love&year=1994&language=English,68,0,0
1782356377457,69,HTTP Request,200,OK,Year-Language Query 4-6,text,true,,271,159,10,70,http://localhost:8080/search?q=love&year=1994&language=English,69,0,0
1782356377456,76,HTTP Request,200,OK,Year-Language Query 4-10,text,true,,271,159,10,70,http://localhost:8080/search?q=love&year=1994&language=English,76,0,0
1782356377456,82,HTTP Request,200,OK,Year-Language Query 4-3,text,true,,271,159,10,70,http://localhost:8080/search?q=love&year=1994&language=English,82,0,0
1782356377475,80,HTTP Request,200,OK,Year-Language Query 4-2,text,true,,271,159,10,70,http://localhost:8080/search?q=love&year=1994&language=English,80,0,0
1782356377489,74,HTTP Request,200,OK,Year-Language Query 4-1,text,true,,271,159,10,70,http://localhost:8080/search?q=love&year=1994&language=English,74,0,0
1782356377467,96,HTTP Request,200,OK,Year-Language Query 4-5,text,true,,271,159,10,70,http://localhost:8080/search?q=love&year=1994&language=English,96,0,0
1782356377506,60,HTTP Request,200,OK,Year-Language Query 4-7,text,true,,271,159,10,70,http://localhost:8080/search?q=love&year=1994&language=English,60,0,0
1782356377519,50,HTTP Request,200,OK,Year-Language Query 4-4,text,true,,271,159,10,70,http://localhost:8080/search?q=love&year=1994&language=English,50,0,0
1782356377511,71,HTTP Request,200,OK,Year-Language Query 4-9,text,true,,271,159,10,70,http://localhost:8080/search?q=love&year=1994&language=English,71,0,0
1782356377539,66,HTTP Request,200,OK,Year-Language Query 4-3,text,true,,271,159,10,70,http://localhost:8080/search?q=love&year=1994&language=English,66,0,0
1782356377533,77,HTTP Request,200,OK,Year-Language Query 4-10,text,true,,271,159,10,70,http://localhost:8080/search?q=love&year=1994&language=English,77,0,0
1782356377555,56,HTTP Request,200,OK,Year-Language Query 4-2,text,true,,271,159,10,70,http://localhost:8080/search?q=love&year=1994&language=English,56,0,0
1782356377524,87,HTTP Request,200,OK,Year-Language Query 4-8,text,true,,271,159,10,70,http://localhost:8080/search?q=love&year=1994&language=English,87,0,0
1782356377526,86,HTTP Request,200,OK,Year-Language Query 4-6,text,true,,271,159,10,70,http://localhost:8080/search?q=love&year=1994&language=English,86,0,0
1782356377563,71,HTTP Request,200,OK,Year-Language Query 4-1,text,true,,271,159,10,70,http://localhost:8080/search?q=love&year=1994&language=English,71,0,0
1782356377570,68,HTTP Request,200,OK,Year-Language Query 4-4,text,true,,271,159,10,70,http://localhost:8080/search?q=love&year=1994&language=English,68,0,0
1782356377563,118,HTTP Request,200,OK,Year-Language Query 4-5,text,true,,271,159,10,70,http://localhost:8080/search?q=love&year=1994&language=English,118,0,0
1782356377566,116,HTTP Request,200,OK,Year-Language Query 4-7,text,true,,271,159,10,70,http://localhost:8080/search?q=love&year=1994&language=English,116,0,0
1782356377583,121,HTTP Request,200,OK,Year-Language Query 4-9,text,true,,271,159,10,70,http://localhost:8080/search?q=love&year=1994&language=English,121,0,0
1782356377610,95,HTTP Request,200,OK,Year-Language Query 4-10,text,true,,271,159,10,70,http://localhost:8080/search?q=love&year=1994&language=English,95,0,0
1782356377606,111,HTTP Request,200,OK,Year-Language Query 4-3,text,true,,271,159,10,70,http://localhost:8080/search?q=love&year=1994&language=English,111,0,0
1782356377635,95,HTTP Request,200,OK,Year-Language Query 4-1,text,true,,271,159,10,70,http://localhost:8080/search?q=love&year=1994&language=English,95,0,0
1782356377638,96,HTTP Request,200,OK,Year-Language Query 4-4,text,true,,271,159,10,70,http://localhost:8080/search?q=love&year=1994&language=English,96,0,0
1782356377611,140,HTTP Request,200,OK,Year-Language Query 4-8,text,true,,271,159,10,70,http://localhost:8080/search?q=love&year=1994&language=English,140,0,0
1782356377682,86,HTTP Request,200,OK,Year-Language Query 4-7,text,true,,271,159,10,70,http://localhost:8080/search?q=love&year=1994&language=English,86,0,0
1782356377612,159,HTTP Request,200,OK,Year-Language Query 4-6,text,true,,271,159,10,70,http://localhost:8080/search?q=love&year=1994&language=English,159,0,0
1782356377611,160,HTTP Request,200,OK,Year-Language Query 4-2,text,true,,271,159,10,70,http://localhost:8080/search?q=love&year=1994&language=English,160,0,0
1782356377704,91,HTTP Request,200,OK,Year-Language Query 4-9,text,true,,271,159,10,70,http://localhost:8080/search?q=love&year=1994&language=English,91,0,0
1782356377705,91,HTTP Request,200,OK,Year-Language Query 4-10,text,true,,271,159,10,70,http://localhost:8080/search?q=love&year=1994&language=English,91,0,0
1782356377717,105,HTTP Request,200,OK,Year-Language Query 4-3,text,true,,271,159,10,70,http://localhost:8080/search?q=love&year=1994&language=English,105,0,0
1782356377681,144,HTTP Request,200,OK,Year-Language Query 4-5,text,true,,271,159,10,70,http://localhost:8080/search?q=love&year=1994&language=English,144,0,0
1782356377734,92,HTTP Request,200,OK,Year-Language Query 4-4,text,true,,271,159,10,70,http://localhost:8080/search?q=love&year=1994&language=English,92,0,0
1782356377730,100,HTTP Request,200,OK,Year-Language Query 4-1,text,true,,271,159,10,70,http://localhost:8080/search?q=love&year=1994&language=English,100,0,0
1782356377751,101,HTTP Request,200,OK,Year-Language Query 4-8,text,true,,271,159,10,70,http://localhost:8080/search?q=love&year=1994&language=English,101,0,0
1782356377795,152,HTTP Request,200,OK,Year-Language Query 4-9,text,true,,271,159,10,70,http://localhost:8080/search?q=love&year=1994&language=English,152,0,0
1782356377772,176,HTTP Request,200,OK,Year-Language Query 4-2,text,true,,271,159,10,70,http://localhost:8080/search?q=love&year=1994&language=English,176,0,0
1782356377796,152,HTTP Request,200,OK,Year-Language Query 4-10,text,true,,271,159,10,70,http://localhost:8080/search?q=love&year=1994&language=English,152,0,0
1782356377771,189,HTTP Request,200,OK,Year-Language Query 4-6,text,true,,271,159,10,70,http://localhost:8080/search?q=love&year=1994&language=English,189,0,0
1782356377768,217,HTTP Request,200,OK,Year-Language Query 4-7,text,true,,271,159,10,70,http://localhost:8080/search?q=love&year=1994&language=English,217,0,0
1782356377825,184,HTTP Request,200,OK,Year-Language Query 4-5,text,true,,271,159,10,70,http://localhost:8080/search?q=love&year=1994&language=English,184,0,0
1782356377852,161,HTTP Request,200,OK,Year-Language Query 4-8,text,true,,271,159,10,70,http://localhost:8080/search?q=love&year=1994&language=English,161,0,0
1782356377823,192,HTTP Request,200,OK,Year-Language Query 4-3,text,true,,271,159,10,70,http://localhost:8080/search?q=love&year=1994&language=English,192,0,0
1782356377827,190,HTTP Request,200,OK,Year-Language Query 4-4,text,true,,271,159,10,70,http://localhost:8080/search?q=love&year=1994&language=English,190,0,0
1782356377830,192,HTTP Request,200,OK,Year-Language Query 4-1,text,true,,271,159,10,70,http://localhost:8080/search?q=love&year=1994&language=English,192,0,0
1782356377949,89,HTTP Request,200,OK,Year-Language Query 4-10,text,true,,271,159,10,70,http://localhost:8080/search?q=love&year=1994&language=English,89,0,0
1782356377986,66,HTTP Request,200,OK,Year-Language Query 4-7,text,true,,271,159,10,70,http://localhost:8080/search?q=love&year=1994&language=English,66,0,0
1782356377948,124,HTTP Request,200,OK,Year-Language Query 4-9,text,true,,271,159,10,70,http://localhost:8080/search?q=love&year=1994&language=English,124,0,0
1782356377948,153,HTTP Request,200,OK,Year-Language Query 4-2,text,true,,271,159,10,70,http://localhost:8080/search?q=love&year=1994&language=English,153,0,0
1782356377961,144,HTTP Request,200,OK,Year-Language Query 4-6,text,true,,271,159,10,70,http://localhost:8080/search?q=love&year=1994&language=English,144,0,0
1782356378015,92,HTTP Request,200,OK,Year-Language Query 4-3,text,true,,271,159,10,70,http://localhost:8080/search?q=love&year=1994&language=English,92,0,0
1782356378018,108,HTTP Request,200,OK,Year-Language Query 4-4,text,true,,271,159,10,70,http://localhost:8080/search?q=love&year=1994&language=English,108,0,0
1782356378022,107,HTTP Request,200,OK,Year-Language Query 4-1,text,true,,271,159,10,70,http://localhost:8080/search?q=love&year=1994&language=English,107,0,0
1782356378009,123,HTTP Request,200,OK,Year-Language Query 4-5,text,true,,271,159,10,70,http://localhost:8080/search?q=love&year=1994&language=English,123,0,0
1782356378014,119,HTTP Request,200,OK,Year-Language Query 4-8,text,true,,271,159,10,70,http://localhost:8080/search?q=love&year=1994&language=English,119,0,0
1782356378039,99,HTTP Request,200,OK,Year-Language Query 4-10,text,true,,271,159,10,70,http://localhost:8080/search?q=love&year=1994&language=English,99,0,0
1782356378073,79,HTTP Request,200,OK,Year-Language Query 4-9,text,true,,271,159,10,70,http://localhost:8080/search?q=love&year=1994&language=English,79,0,0
1782356378052,105,HTTP Request,200,OK,Year-Language Query 4-7,text,true,,271,159,10,70,http://localhost:8080/search?q=love&year=1994&language=English,105,0,0
1782356378105,72,HTTP Request,200,OK,Year-Language Query 4-6,text,true,,271,159,10,70,http://localhost:8080/search?q=love&year=1994&language=English,72,0,0
1782356378108,86,HTTP Request,200,OK,Year-Language Query 4-3,text,true,,271,159,10,70,http://localhost:8080/search?q=love&year=1994&language=English,86,0,0
1782356378101,94,HTTP Request,200,OK,Year-Language Query 4-2,text,true,,271,159,10,70,http://localhost:8080/search?q=love&year=1994&language=English,94,0,0
1782356378133,108,HTTP Request,200,OK,Year-Language Query 4-8,text,true,,271,159,10,70,http://localhost:8080/search?q=love&year=1994&language=English,108,0,0
1782356378126,255,HTTP Request,200,OK,Year-Language Query 4-4,text,true,,271,159,10,70,http://localhost:8080/search?q=love&year=1994&language=English,255,0,0
1782356378133,249,HTTP Request,200,OK,Year-Language Query 4-5,text,true,,271,159,10,70,http://localhost:8080/search?q=love&year=1994&language=English,249,0,0
1782356378177,205,HTTP Request,200,OK,Year-Language Query 4-6,text,true,,271,159,10,70,http://localhost:8080/search?q=love&year=1994&language=English,205,0,0
1782356378129,286,HTTP Request,200,OK,Year-Language Query 4-1,text,true,,271,159,10,70,http://localhost:8080/search?q=love&year=1994&language=English,286,0,0
1782356378138,277,HTTP Request,200,OK,Year-Language Query 4-10,text,true,,271,159,10,70,http://localhost:8080/search?q=love&year=1994&language=English,277,0,0
1782356378153,268,HTTP Request,200,OK,Year-Language Query 4-9,text,true,,271,159,10,70,http://localhost:8080/search?q=love&year=1994&language=English,268,0,0
1782356378158,263,HTTP Request,200,OK,Year-Language Query 4-7,text,true,,271,159,10,70,http://localhost:8080/search?q=love&year=1994&language=English,263,0,0
1782356378195,232,HTTP Request,200,OK,Year-Language Query 4-3,text,true,,271,159,10,70,http://localhost:8080/search?q=love&year=1994&language=English,232,0,0
1782356378196,280,HTTP Request,200,OK,Year-Language Query 4-2,text,true,,271,159,10,70,http://localhost:8080/search?q=love&year=1994&language=English,280,0,0
1782356378381,132,HTTP Request,200,OK,Year-Language Query 4-4,text,true,,271,159,10,70,http://localhost:8080/search?q=love&year=1994&language=English,132,0,0
1782356378382,131,HTTP Request,200,OK,Year-Language Query 4-5,text,true,,271,159,10,70,http://localhost:8080/search?q=love&year=1994&language=English,131,0,0
1782356378382,134,HTTP Request,200,OK,Year-Language Query 4-6,text,true,,271,159,10,70,http://localhost:8080/search?q=love&year=1994&language=English,134,0,0
1782356378241,275,HTTP Request,200,OK,Year-Language Query 4-8,text,true,,271,159,10,70,http://localhost:8080/search?q=love&year=1994&language=English,275,0,0
1782356378422,110,HTTP Request,200,OK,Year-Language Query 4-9,text,true,,271,159,10,70,http://localhost:8080/search?q=love&year=1994&language=English,110,0,0
1782356378422,110,HTTP Request,200,OK,Year-Language Query 4-7,text,true,,271,159,10,70,http://localhost:8080/search?q=love&year=1994&language=English,110,0,0
1782356378415,118,HTTP Request,200,OK,Year-Language Query 4-10,text,true,,271,159,10,70,http://localhost:8080/search?q=love&year=1994&language=English,118,0,0
1782356378415,159,HTTP Request,200,OK,Year-Language Query 4-1,text,true,,271,159,10,70,http://localhost:8080/search?q=love&year=1994&language=English,159,0,0
1782356378428,146,HTTP Request,200,OK,Year-Language Query 4-3,text,true,,271,159,10,70,http://localhost:8080/search?q=love&year=1994&language=English,146,0,0
1782356378478,135,HTTP Request,200,OK,Year-Language Query 4-2,text,true,,271,159,10,70,http://localhost:8080/search?q=love&year=1994&language=English,135,0,0
1782356378516,110,HTTP Request,200,OK,Year-Language Query 4-8,text,true,,271,159,10,70,http://localhost:8080/search?q=love&year=1994&language=English,110,0,0
1782356378513,115,HTTP Request,200,OK,Year-Language Query 4-5,text,true,,271,159,10,70,http://localhost:8080/search?q=love&year=1994&language=English,115,0,0
1782356378516,115,HTTP Request,200,OK,Year-Language Query 4-6,text,true,,271,159,10,70,http://localhost:8080/search?q=love&year=1994&language=English,115,0,0
1782356378532,100,HTTP Request,200,OK,Year-Language Query 4-7,text,true,,271,159,10,70,http://localhost:8080/search?q=love&year=1994&language=English,100,0,0
1782356378533,100,HTTP Request,200,OK,Year-Language Query 4-10,text,true,,271,159,10,70,http://localhost:8080/search?q=love&year=1994&language=English,100,0,0
1782356378532,110,HTTP Request,200,OK,Year-Language Query 4-9,text,true,,271,159,10,70,http://localhost:8080/search?q=love&year=1994&language=English,110,0,0
1782356378513,136,HTTP Request,200,OK,Year-Language Query 4-4,text,true,,271,159,10,70,http://localhost:8080/search?q=love&year=1994&language=English,136,0,0
1782356378574,114,HTTP Request,200,OK,Year-Language Query 4-1,text,true,,271,159,10,70,http://localhost:8080/search?q=love&year=1994&language=English,114,0,2
1782356378574,115,HTTP Request,200,OK,Year-Language Query 4-3,text,true,,271,159,10,70,http://localhost:8080/search?q=love&year=1994&language=English,115,0,0
1782356378643,81,HTTP Request,200,OK,Year-Language Query 4-9,text,true,,271,159,10,70,http://localhost:8080/search?q=love&year=1994&language=English,81,0,0
1782356378613,113,HTTP Request,200,OK,Year-Language Query 4-2,text,true,,271,159,10,70,http://localhost:8080/search?q=love&year=1994&language=English,113,0,0
1782356378632,102,HTTP Request,200,OK,Year-Language Query 4-7,text,true,,271,159,10,70,http://localhost:8080/search?q=love&year=1994&language=English,102,0,0
1782356378633,105,HTTP Request,200,OK,Year-Language Query 4-10,text,true,,271,159,10,70,http://localhost:8080/search?q=love&year=1994&language=English,105,0,0
1782356378631,111,HTTP Request,200,OK,Year-Language Query 4-6,text,true,,271,159,10,70,http://localhost:8080/search?q=love&year=1994&language=English,111,0,0
1782356378626,117,HTTP Request,200,OK,Year-Language Query 4-8,text,true,,271,159,10,70,http://localhost:8080/search?q=love&year=1994&language=English,117,0,0
1782356378628,128,HTTP Request,200,OK,Year-Language Query 4-5,text,true,,271,159,10,70,http://localhost:8080/search?q=love&year=1994&language=English,128,0,0
1782356378690,72,HTTP Request,200,OK,Year-Language Query 4-3,text,true,,271,159,10,70,http://localhost:8080/search?q=love&year=1994&language=English,72,0,0
1782356378649,131,HTTP Request,200,OK,Year-Language Query 4-4,text,true,,271,159,10,70,http://localhost:8080/search?q=love&year=1994&language=English,131,0,0
1782356378689,97,HTTP Request,200,OK,Year-Language Query 4-1,text,true,,271,159,10,70,http://localhost:8080/search?q=love&year=1994&language=English,97,0,0
1782356378724,62,HTTP Request,200,OK,Year-Language Query 4-9,text,true,,271,159,10,70,http://localhost:8080/search?q=love&year=1994&language=English,62,0,0
1782356378727,75,HTTP Request,200,OK,Year-Language Query 4-2,text,true,,271,159,10,70,http://localhost:8080/search?q=love&year=1994&language=English,75,0,0
1782356378734,92,HTTP Request,200,OK,Year-Language Query 4-7,text,true,,271,159,10,70,http://localhost:8080/search?q=love&year=1994&language=English,92,0,0
1782356378742,99,HTTP Request,200,OK,Year-Language Query 4-6,text,true,,271,159,10,70,http://localhost:8080/search?q=love&year=1994&language=English,99,0,0
1782356378762,87,HTTP Request,200,OK,Year-Language Query 4-3,text,true,,271,159,10,70,http://localhost:8080/search?q=love&year=1994&language=English,87,0,0
1782356378738,119,HTTP Request,200,OK,Year-Language Query 4-10,text,true,,271,159,10,70,http://localhost:8080/search?q=love&year=1994&language=English,119,0,0
1782356378743,114,HTTP Request,200,OK,Year-Language Query 4-8,text,true,,271,159,10,70,http://localhost:8080/search?q=love&year=1994&language=English,114,0,0
1782356378757,101,HTTP Request,200,OK,Year-Language Query 4-5,text,true,,271,159,10,70,http://localhost:8080/search?q=love&year=1994&language=English,101,0,0
1782356378780,91,HTTP Request,200,OK,Year-Language Query 4-4,text,true,,271,159,10,70,http://localhost:8080/search?q=love&year=1994&language=English,91,0,0
1782356378802,72,HTTP Request,200,OK,Year-Language Query 4-2,text,true,,271,159,10,70,http://localhost:8080/search?q=love&year=1994&language=English,72,0,0
1782356378786,94,HTTP Request,200,OK,Year-Language Query 4-1,text,true,,271,159,10,70,http://localhost:8080/search?q=love&year=1994&language=English,94,0,0
1782356378826,77,HTTP Request,200,OK,Year-Language Query 4-7,text,true,,271,159,10,70,http://localhost:8080/search?q=love&year=1994&language=English,77,0,0
1782356378786,209,HTTP Request,200,OK,Year-Language Query 4-9,text,true,,271,159,10,70,http://localhost:8080/search?q=love&year=1994&language=English,209,0,0
1782356378857,142,HTTP Request,200,OK,Year-Language Query 4-8,text,true,,271,159,10,70,http://localhost:8080/search?q=love&year=1994&language=English,142,0,0
1782356378857,142,HTTP Request,200,OK,Year-Language Query 4-10,text,true,,271,159,10,70,http://localhost:8080/search?q=love&year=1994&language=English,142,0,0
1782356378841,158,HTTP Request,200,OK,Year-Language Query 4-6,text,true,,271,159,10,70,http://localhost:8080/search?q=love&year=1994&language=English,158,0,0
1782356378858,144,HTTP Request,200,OK,Year-Language Query 4-5,text,true,,271,159,10,70,http://localhost:8080/search?q=love&year=1994&language=English,144,0,0
1782356378849,156,HTTP Request,200,OK,Year-Language Query 4-3,text,true,,271,159,10,70,http://localhost:8080/search?q=love&year=1994&language=English,156,0,0
1782356378872,147,HTTP Request,200,OK,Year-Language Query 4-4,text,true,,271,159,10,70,http://localhost:8080/search?q=love&year=1994&language=English,147,0,0
1782356378874,150,HTTP Request,200,OK,Year-Language Query 4-2,text,true,,271,159,10,70,http://localhost:8080/search?q=love&year=1994&language=English,150,0,0
1782356378903,129,HTTP Request,200,OK,Year-Language Query 4-7,text,true,,271,159,10,70,http://localhost:8080/search?q=love&year=1994&language=English,129,0,0
1782356378880,161,HTTP Request,200,OK,Year-Language Query 4-1,text,true,,271,159,10,70,http://localhost:8080/search?q=love&year=1994&language=English,161,0,0
1782356378995,66,HTTP Request,200,OK,Year-Language Query 4-9,text,true,,271,159,10,70,http://localhost:8080/search?q=love&year=1994&language=English,66,0,0
1782356378999,63,HTTP Request,200,OK,Year-Language Query 4-10,text,true,,271,159,10,70,http://localhost:8080/search?q=love&year=1994&language=English,63,0,0
1782356378999,67,HTTP Request,200,OK,Year-Language Query 4-8,text,true,,271,159,10,70,http://localhost:8080/search?q=love&year=1994&language=English,67,0,0
1782356378999,67,HTTP Request,200,OK,Year-Language Query 4-6,text,true,,271,159,10,70,http://localhost:8080/search?q=love&year=1994&language=English,67,0,0
1782356379002,76,HTTP Request,200,OK,Year-Language Query 4-5,text,true,,271,159,10,70,http://localhost:8080/search?q=love&year=1994&language=English,76,0,0
1782356379020,91,HTTP Request,200,OK,Year-Language Query 4-4,text,true,,271,159,10,70,http://localhost:8080/search?q=love&year=1994&language=English,91,0,0
1782356379026,91,HTTP Request,200,OK,Year-Language Query 4-2,text,true,,271,159,10,70,http://localhost:8080/search?q=love&year=1994&language=English,91,0,0
1782356379032,87,HTTP Request,200,OK,Year-Language Query 4-7,text,true,,271,159,10,70,http://localhost:8080/search?q=love&year=1994&language=English,87,0,0
1782356379005,114,HTTP Request,200,OK,Year-Language Query 4-3,text,true,,271,159,10,70,http://localhost:8080/search?q=love&year=1994&language=English,114,0,0
1782356379041,79,HTTP Request,200,OK,Year-Language Query 4-1,text,true,,271,159,10,70,http://localhost:8080/search?q=love&year=1994&language=English,79,0,0
1782356379066,82,HTTP Request,200,OK,Year-Language Query 4-8,text,true,,271,159,10,70,http://localhost:8080/search?q=love&year=1994&language=English,82,0,0
1782356379061,87,HTTP Request,200,OK,Year-Language Query 4-9,text,true,,271,159,10,70,http://localhost:8080/search?q=love&year=1994&language=English,87,0,0
1782356379062,89,HTTP Request,200,OK,Year-Language Query 4-10,text,true,,271,159,10,70,http://localhost:8080/search?q=love&year=1994&language=English,89,0,0
1782356379066,92,HTTP Request,200,OK,Year-Language Query 4-6,text,true,,271,159,10,70,http://localhost:8080/search?q=love&year=1994&language=English,92,0,0
1782356379078,80,HTTP Request,200,OK,Year-Language Query 4-5,text,true,,271,159,10,70,http://localhost:8080/search?q=love&year=1994&language=English,80,0,0
1782356379111,82,HTTP Request,200,OK,Year-Language Query 4-4,text,true,,271,159,10,70,http://localhost:8080/search?q=love&year=1994&language=English,82,0,0
1782356379119,79,HTTP Request,200,OK,Year-Language Query 4-3,text,true,,271,159,10,70,http://localhost:8080/search?q=love&year=1994&language=English,79,0,0
1782356379120,78,HTTP Request,200,OK,Year-Language Query 4-1,text,true,,271,159,10,70,http://localhost:8080/search?q=love&year=1994&language=English,78,0,0
1782356379148,63,HTTP Request,200,OK,Year-Language Query 4-9,text,true,,271,159,10,70,http://localhost:8080/search?q=love&year=1994&language=English,63,0,0
1782356379148,67,HTTP Request,200,OK,Year-Language Query 4-8,text,true,,271,159,10,70,http://localhost:8080/search?q=love&year=1994&language=English,67,0,0
1782356379151,73,HTTP Request,200,OK,Year-Language Query 4-10,text,true,,271,159,10,70,http://localhost:8080/search?q=love&year=1994&language=English,73,0,0
1782356379117,122,HTTP Request,200,OK,Year-Language Query 4-2,text,true,,271,159,10,70,http://localhost:8080/search?q=love&year=1994&language=English,122,0,0
1782356379119,124,HTTP Request,200,OK,Year-Language Query 4-7,text,true,,271,159,10,70,http://localhost:8080/search?q=love&year=1994&language=English,124,0,0
1782356379193,69,HTTP Request,200,OK,Year-Language Query 4-4,text,true,,271,159,10,70,http://localhost:8080/search?q=love&year=1994&language=English,69,0,0
1782356379158,112,HTTP Request,200,OK,Year-Language Query 4-6,text,true,,271,159,10,70,http://localhost:8080/search?q=love&year=1994&language=English,112,0,0
1782356379158,138,HTTP Request,200,OK,Year-Language Query 4-5,text,true,,271,159,10,70,http://localhost:8080/search?q=love&year=1994&language=English,138,0,0
1782356379199,99,HTTP Request,200,OK,Year-Language Query 4-1,text,true,,271,159,10,70,http://localhost:8080/search?q=love&year=1994&language=English,99,0,0
1782356379211,93,HTTP Request,200,OK,Year-Language Query 4-9,text,true,,271,159,10,70,http://localhost:8080/search?q=love&year=1994&language=English,93,0,0
1782356379199,123,HTTP Request,200,OK,Year-Language Query 4-3,text,true,,271,159,10,70,http://localhost:8080/search?q=love&year=1994&language=English,123,0,0
1782356379224,107,HTTP Request,200,OK,Year-Language Query 4-10,text,true,,271,159,10,70,http://localhost:8080/search?q=love&year=1994&language=English,107,0,0
1782356379262,73,HTTP Request,200,OK,Year-Language Query 4-4,text,true,,271,159,10,70,http://localhost:8080/search?q=love&year=1994&language=English,73,0,0
1782356379239,115,HTTP Request,200,OK,Year-Language Query 4-2,text,true,,271,159,10,70,http://localhost:8080/search?q=love&year=1994&language=English,115,0,0
1782356379299,67,HTTP Request,200,OK,Year-Language Query 4-1,text,true,,271,159,10,70,http://localhost:8080/search?q=love&year=1994&language=English,67,0,0
1782356379296,70,HTTP Request,200,OK,Year-Language Query 4-5,text,true,,271,159,10,70,http://localhost:8080/search?q=love&year=1994&language=English,70,0,0
1782356379215,160,HTTP Request,200,OK,Year-Language Query 4-8,text,true,,271,159,10,70,http://localhost:8080/search?q=love&year=1994&language=English,160,0,0
1782356379243,135,HTTP Request,200,OK,Year-Language Query 4-7,text,true,,271,159,10,70,http://localhost:8080/search?q=love&year=1994&language=English,135,0,0
1782356379305,105,HTTP Request,200,OK,Year-Language Query 4-9,text,true,,271,159,10,70,http://localhost:8080/search?q=love&year=1994&language=English,105,0,0
1782356379331,80,HTTP Request,200,OK,Year-Language Query 4-10,text,true,,271,159,10,70,http://localhost:8080/search?q=love&year=1994&language=English,80,0,0
1782356379335,79,HTTP Request,200,OK,Year-Language Query 4-4,text,true,,271,159,10,70,http://localhost:8080/search?q=love&year=1994&language=English,79,0,0
1782356379271,145,HTTP Request,200,OK,Year-Language Query 4-6,text,true,,271,159,10,70,http://localhost:8080/search?q=love&year=1994&language=English,145,0,0
1782356379322,122,HTTP Request,200,OK,Year-Language Query 4-3,text,true,,271,159,10,70,http://localhost:8080/search?q=love&year=1994&language=English,122,0,0
1782356379367,79,HTTP Request,200,OK,Year-Language Query 4-5,text,true,,271,159,10,70,http://localhost:8080/search?q=love&year=1994&language=English,79,0,0
1782356379354,98,HTTP Request,200,OK,Year-Language Query 4-2,text,true,,271,159,10,70,http://localhost:8080/search?q=love&year=1994&language=English,98,0,0
1782356379375,155,HTTP Request,200,OK,Year-Language Query 4-8,text,true,,271,159,10,70,http://localhost:8080/search?q=love&year=1994&language=English,155,0,0
1782356379366,164,HTTP Request,200,OK,Year-Language Query 4-1,text,true,,271,159,10,70,http://localhost:8080/search?q=love&year=1994&language=English,164,0,0
1782356379446,117,HTTP Request,200,OK,Year-Language Query 4-5,text,true,,271,159,10,70,http://localhost:8080/search?q=love&year=1994&language=English,117,0,0
1782356379444,121,HTTP Request,200,OK,Year-Language Query 4-3,text,true,,271,159,10,70,http://localhost:8080/search?q=love&year=1994&language=English,121,0,0
1782356379414,151,HTTP Request,200,OK,Year-Language Query 4-4,text,true,,271,159,10,70,http://localhost:8080/search?q=love&year=1994&language=English,151,0,0
1782356379411,155,HTTP Request,200,OK,Year-Language Query 4-10,text,true,,271,159,10,70,http://localhost:8080/search?q=love&year=1994&language=English,155,0,0
1782356379378,197,HTTP Request,200,OK,Year-Language Query 4-7,text,true,,271,159,10,70,http://localhost:8080/search?q=love&year=1994&language=English,197,0,0
1782356379410,165,HTTP Request,200,OK,Year-Language Query 4-9,text,true,,271,159,10,70,http://localhost:8080/search?q=love&year=1994&language=English,165,0,0
1782356379452,124,HTTP Request,200,OK,Year-Language Query 4-2,text,true,,271,159,10,70,http://localhost:8080/search?q=love&year=1994&language=English,124,0,0
1782356379417,193,HTTP Request,200,OK,Year-Language Query 4-6,text,true,,271,159,10,70,http://localhost:8080/search?q=love&year=1994&language=English,193,0,0
1782356379530,90,HTTP Request,200,OK,Year-Language Query 4-1,text,true,,271,159,10,70,http://localhost:8080/search?q=love&year=1994&language=English,90,0,0
1782356379530,91,HTTP Request,200,OK,Year-Language Query 4-8,text,true,,271,159,10,70,http://localhost:8080/search?q=love&year=1994&language=English,91,0,0
1782356379565,87,HTTP Request,200,OK,Year-Language Query 4-3,text,true,,271,159,10,70,http://localhost:8080/search?q=love&year=1994&language=English,87,0,0
1782356379567,85,HTTP Request,200,OK,Year-Language Query 4-10,text,true,,271,159,10,70,http://localhost:8080/search?q=love&year=1994&language=English,85,0,0
1782356379563,96,HTTP Request,200,OK,Year-Language Query 4-5,text,true,,271,159,10,70,http://localhost:8080/search?q=love&year=1994&language=English,96,0,0
1782356379565,94,HTTP Request,200,OK,Year-Language Query 4-4,text,true,,271,159,10,70,http://localhost:8080/search?q=love&year=1994&language=English,94,0,0
1782356379575,108,HTTP Request,200,OK,Year-Language Query 4-9,text,true,,271,159,10,70,http://localhost:8080/search?q=love&year=1994&language=English,108,0,0
1782356379611,80,HTTP Request,200,OK,Year-Language Query 4-6,text,true,,271,159,10,70,http://localhost:8080/search?q=love&year=1994&language=English,80,0,0
1782356379575,141,HTTP Request,200,OK,Year-Language Query 4-7,text,true,,271,159,10,70,http://localhost:8080/search?q=love&year=1994&language=English,141,0,0
1782356379621,104,HTTP Request,200,OK,Year-Language Query 4-1,text,true,,271,159,10,70,http://localhost:8080/search?q=love&year=1994&language=English,104,0,0
1782356379621,105,HTTP Request,200,OK,Year-Language Query 4-8,text,true,,271,159,10,70,http://localhost:8080/search?q=love&year=1994&language=English,105,0,0
1782356379576,154,HTTP Request,200,OK,Year-Language Query 4-2,text,true,,271,159,10,70,http://localhost:8080/search?q=love&year=1994&language=English,154,0,1
1782356379659,89,HTTP Request,200,OK,Year-Language Query 4-5,text,true,,271,159,10,70,http://localhost:8080/search?q=love&year=1994&language=English,89,0,0
1782356379652,98,HTTP Request,200,OK,Year-Language Query 4-10,text,true,,271,159,10,70,http://localhost:8080/search?q=love&year=1994&language=English,98,0,0
1782356379652,98,HTTP Request,200,OK,Year-Language Query 4-3,text,true,,271,159,10,70,http://localhost:8080/search?q=love&year=1994&language=English,98,0,0
1782356379659,91,HTTP Request,200,OK,Year-Language Query 4-4,text,true,,271,159,10,70,http://localhost:8080/search?q=love&year=1994&language=English,91,0,0
1782356379727,75,HTTP Request,200,OK,Year-Language Query 4-8,text,true,,271,159,10,70,http://localhost:8080/search?q=love&year=1994&language=English,75,0,0
1782356379683,138,HTTP Request,200,OK,Year-Language Query 4-9,text,true,,271,159,10,70,http://localhost:8080/search?q=love&year=1994&language=English,138,0,0
1782356379716,108,HTTP Request,200,OK,Year-Language Query 4-7,text,true,,271,159,10,70,http://localhost:8080/search?q=love&year=1994&language=English,108,0,0
1782356379725,101,HTTP Request,200,OK,Year-Language Query 4-1,text,true,,271,159,10,70,http://localhost:8080/search?q=love&year=1994&language=English,101,0,0
1782356379692,134,HTTP Request,200,OK,Year-Language Query 4-6,text,true,,271,159,10,70,http://localhost:8080/search?q=love&year=1994&language=English,134,0,0
1782356379730,111,HTTP Request,200,OK,Year-Language Query 4-2,text,true,,271,159,10,70,http://localhost:8080/search?q=love&year=1994&language=English,111,0,0
1782356379750,101,HTTP Request,200,OK,Year-Language Query 4-3,text,true,,271,159,10,70,http://localhost:8080/search?q=love&year=1994&language=English,101,0,0
1782356379750,103,HTTP Request,200,OK,Year-Language Query 4-4,text,true,,271,159,10,70,http://localhost:8080/search?q=love&year=1994&language=English,103,0,0
1782356379748,105,HTTP Request,200,OK,Year-Language Query 4-5,text,true,,271,159,10,70,http://localhost:8080/search?q=love&year=1994&language=English,105,0,0
1782356379750,103,HTTP Request,200,OK,Year-Language Query 4-10,text,true,,271,159,10,70,http://localhost:8080/search?q=love&year=1994&language=English,103,0,0
1782356379803,90,HTTP Request,200,OK,Year-Language Query 4-8,text,true,,271,159,10,70,http://localhost:8080/search?q=love&year=1994&language=English,90,0,0
1782356379824,88,HTTP Request,200,OK,Year-Language Query 4-7,text,true,,271,159,10,70,http://localhost:8080/search?q=love&year=1994&language=English,88,0,0
1782356379841,76,HTTP Request,200,OK,Year-Language Query 4-2,text,true,,271,159,10,70,http://localhost:8080/search?q=love&year=1994&language=English,76,0,0
1782356379851,70,HTTP Request,200,OK,Year-Language Query 4-3,text,true,,271,159,10,70,http://localhost:8080/search?q=love&year=1994&language=English,70,0,0
1782356379853,88,HTTP Request,200,OK,Year-Language Query 4-5,text,true,,271,159,10,70,http://localhost:8080/search?q=love&year=1994&language=English,88,0,0
1782356379822,131,HTTP Request,200,OK,Year-Language Query 4-9,text,true,,271,159,10,70,http://localhost:8080/search?q=love&year=1994&language=English,131,0,0
1782356379826,128,HTTP Request,200,OK,Year-Language Query 4-6,text,true,,271,159,10,70,http://localhost:8080/search?q=love&year=1994&language=English,128,0,0
1782356379826,128,HTTP Request,200,OK,Year-Language Query 4-1,text,true,,271,159,10,70,http://localhost:8080/search?q=love&year=1994&language=English,128,0,0
1782356379853,186,HTTP Request,200,OK,Year-Language Query 4-10,text,true,,271,159,10,70,http://localhost:8080/search?q=love&year=1994&language=English,186,0,0
1782356379893,156,HTTP Request,200,OK,Year-Language Query 4-8,text,true,,271,159,10,70,http://localhost:8080/search?q=love&year=1994&language=English,156,0,0
1782356379853,197,HTTP Request,200,OK,Year-Language Query 4-4,text,true,,271,159,10,70,http://localhost:8080/search?q=love&year=1994&language=English,197,0,0
1782356379912,146,HTTP Request,200,OK,Year-Language Query 4-7,text,true,,271,159,10,70,http://localhost:8080/search?q=love&year=1994&language=English,146,0,0
1782356379917,154,HTTP Request,200,OK,Year-Language Query 4-2,text,true,,271,159,10,70,http://localhost:8080/search?q=love&year=1994&language=English,154,0,0
1782356379941,138,HTTP Request,200,OK,Year-Language Query 4-5,text,true,,271,159,10,70,http://localhost:8080/search?q=love&year=1994&language=English,138,0,0
1782356379921,163,HTTP Request,200,OK,Year-Language Query 4-3,text,true,,271,159,10,70,http://localhost:8080/search?q=love&year=1994&language=English,163,0,0
1782356379954,134,HTTP Request,200,OK,Year-Language Query 4-6,text,true,,271,159,10,70,http://localhost:8080/search?q=love&year=1994&language=English,134,0,0
1782356379954,141,HTTP Request,200,OK,Year-Language Query 4-9,text,true,,271,159,10,70,http://localhost:8080/search?q=love&year=1994&language=English,141,0,0
1782356379954,141,HTTP Request,200,OK,Year-Language Query 4-1,text,true,,271,159,10,70,http://localhost:8080/search?q=love&year=1994&language=English,141,0,0
1782356380040,78,HTTP Request,200,OK,Year-Language Query 4-10,text,true,,271,159,10,70,http://localhost:8080/search?q=love&year=1994&language=English,78,0,0
1782356380058,84,HTTP Request,200,OK,Year-Language Query 4-7,text,true,,271,159,10,70,http://localhost:8080/search?q=love&year=1994&language=English,84,0,0
1782356380084,80,HTTP Request,200,OK,Year-Language Query 4-3,text,true,,271,159,10,70,http://localhost:8080/search?q=love&year=1994&language=English,80,0,0
1782356380072,93,HTTP Request,200,OK,Year-Language Query 4-2,text,true,,271,159,10,70,http://localhost:8080/search?q=love&year=1994&language=English,93,0,0
1782356380079,97,HTTP Request,200,OK,Year-Language Query 4-5,text,true,,271,159,10,70,http://localhost:8080/search?q=love&year=1994&language=English,97,0,0
1782356380049,131,HTTP Request,200,OK,Year-Language Query 4-8,text,true,,271,159,10,70,http://localhost:8080/search?q=love&year=1994&language=English,131,0,0
1782356380095,86,HTTP Request,200,OK,Year-Language Query 4-1,text,true,,271,159,10,70,http://localhost:8080/search?q=love&year=1994&language=English,86,0,0
1782356380095,102,HTTP Request,200,OK,Year-Language Query 4-9,text,true,,271,159,10,70,http://localhost:8080/search?q=love&year=1994&language=English,102,0,0
1782356380088,109,HTTP Request,200,OK,Year-Language Query 4-6,text,true,,271,159,10,70,http://localhost:8080/search?q=love&year=1994&language=English,109,0,0
1782356380050,152,HTTP Request,200,OK,Year-Language Query 4-4,text,true,,271,159,10,70,http://localhost:8080/search?q=love&year=1994&language=English,152,0,0
1782356380118,125,HTTP Request,200,OK,Year-Language Query 4-10,text,true,,271,159,10,70,http://localhost:8080/search?q=love&year=1994&language=English,125,0,0
1782356380142,110,HTTP Request,200,OK,Year-Language Query 4-7,text,true,,271,159,10,70,http://localhost:8080/search?q=love&year=1994&language=English,110,0,0
1782356380165,108,HTTP Request,200,OK,Year-Language Query 4-2,text,true,,271,159,10,70,http://localhost:8080/search?q=love&year=1994&language=English,108,0,0
1782356380180,96,HTTP Request,200,OK,Year-Language Query 4-8,text,true,,271,159,10,70,http://localhost:8080/search?q=love&year=1994&language=English,96,0,0
1782356380176,115,HTTP Request,200,OK,Year-Language Query 4-5,text,true,,271,159,10,70,http://localhost:8080/search?q=love&year=1994&language=English,115,0,0
1782356380165,135,HTTP Request,200,OK,Year-Language Query 4-3,text,true,,271,159,10,70,http://localhost:8080/search?q=love&year=1994&language=English,135,0,0
1782356380197,109,HTTP Request,200,OK,Year-Language Query 4-6,text,true,,271,159,10,70,http://localhost:8080/search?q=love&year=1994&language=English,109,0,0
1782356380202,117,HTTP Request,200,OK,Year-Language Query 4-4,text,true,,271,159,10,70,http://localhost:8080/search?q=love&year=1994&language=English,117,0,0
1782356380181,140,HTTP Request,200,OK,Year-Language Query 4-1,text,true,,271,159,10,70,http://localhost:8080/search?q=love&year=1994&language=English,140,0,0
1782356380197,155,HTTP Request,200,OK,Year-Language Query 4-9,text,true,,271,159,10,70,http://localhost:8080/search?q=love&year=1994&language=English,155,0,0
1782356380243,132,HTTP Request,200,OK,Year-Language Query 4-10,text,true,,271,159,10,70,http://localhost:8080/search?q=love&year=1994&language=English,132,0,0
1782356380273,108,HTTP Request,200,OK,Year-Language Query 4-2,text,true,,271,159,10,70,http://localhost:8080/search?q=love&year=1994&language=English,108,0,0
1782356380252,129,HTTP Request,200,OK,Year-Language Query 4-7,text,true,,271,159,10,70,http://localhost:8080/search?q=love&year=1994&language=English,129,0,0
1782356380300,92,HTTP Request,200,OK,Year-Language Query 4-3,text,true,,271,159,10,70,http://localhost:8080/search?q=love&year=1994&language=English,92,0,0
1782356380277,125,HTTP Request,200,OK,Year-Language Query 4-8,text,true,,271,159,10,70,http://localhost:8080/search?q=love&year=1994&language=English,125,0,0
1782356380291,112,HTTP Request,200,OK,Year-Language Query 4-5,text,true,,271,159,10,70,http://localhost:8080/search?q=love&year=1994&language=English,112,0,0
1782356380306,121,HTTP Request,200,OK,Year-Language Query 4-6,text,true,,271,159,10,70,http://localhost:8080/search?q=love&year=1994&language=English,121,0,0
1782356380321,107,HTTP Request,200,OK,Year-Language Query 4-1,text,true,,271,159,10,70,http://localhost:8080/search?q=love&year=1994&language=English,107,0,0
1782356380320,114,HTTP Request,200,OK,Year-Language Query 4-4,text,true,,271,159,10,70,http://localhost:8080/search?q=love&year=1994&language=English,114,0,0
1782356380352,105,HTTP Request,200,OK,Year-Language Query 4-9,text,true,,271,159,10,70,http://localhost:8080/search?q=love&year=1994&language=English,105,0,0
1782356380381,79,HTTP Request,200,OK,Year-Language Query 4-7,text,true,,271,159,10,70,http://localhost:8080/search?q=love&year=1994&language=English,79,0,0
1782356380375,88,HTTP Request,200,OK,Year-Language Query 4-10,text,true,,271,159,10,70,http://localhost:8080/search?q=love&year=1994&language=English,88,0,0
1782356380403,61,HTTP Request,200,OK,Year-Language Query 4-5,text,true,,271,159,10,70,http://localhost:8080/search?q=love&year=1994&language=English,61,0,0
1782356380381,93,HTTP Request,200,OK,Year-Language Query 4-2,text,true,,271,159,10,70,http://localhost:8080/search?q=love&year=1994&language=English,93,0,0
1782356380402,179,HTTP Request,200,OK,Year-Language Query 4-8,text,true,,271,159,10,70,http://localhost:8080/search?q=love&year=1994&language=English,179,0,0
1782356380393,191,HTTP Request,200,OK,Year-Language Query 4-3,text,true,,271,159,10,70,http://localhost:8080/search?q=love&year=1994&language=English,191,0,0
1782356380428,171,HTTP Request,200,OK,Year-Language Query 4-1,text,true,,271,159,10,70,http://localhost:8080/search?q=love&year=1994&language=English,171,0,0
1782356380457,144,HTTP Request,200,OK,Year-Language Query 4-9,text,true,,271,159,10,70,http://localhost:8080/search?q=love&year=1994&language=English,144,0,0
1782356380428,174,HTTP Request,200,OK,Year-Language Query 4-6,text,true,,271,159,10,70,http://localhost:8080/search?q=love&year=1994&language=English,174,0,0
1782356380461,141,HTTP Request,200,OK,Year-Language Query 4-7,text,true,,271,159,10,70,http://localhost:8080/search?q=love&year=1994&language=English,141,0,0
1782356380465,141,HTTP Request,200,OK,Year-Language Query 4-5,text,true,,271,159,10,70,http://localhost:8080/search?q=love&year=1994&language=English,141,0,0
1782356380474,153,HTTP Request,200,OK,Year-Language Query 4-2,text,true,,271,159,10,70,http://localhost:8080/search?q=love&year=1994&language=English,153,0,0
1782356380463,176,HTTP Request,200,OK,Year-Language Query 4-10,text,true,,271,159,10,70,http://localhost:8080/search?q=love&year=1994&language=English,176,0,0
1782356380434,207,HTTP Request,200,OK,Year-Language Query 4-4,text,true,,271,159,10,70,http://localhost:8080/search?q=love&year=1994&language=English,207,0,0
1782356380581,87,HTTP Request,200,OK,Year-Language Query 4-8,text,true,,271,159,10,70,http://localhost:8080/search?q=love&year=1994&language=English,87,0,0
1782356380585,109,HTTP Request,200,OK,Year-Language Query 4-3,text,true,,271,159,10,70,http://localhost:8080/search?q=love&year=1994&language=English,109,0,1
1782356380603,95,HTTP Request,200,OK,Year-Language Query 4-6,text,true,,271,159,10,70,http://localhost:8080/search?q=love&year=1994&language=English,95,0,0
1782356380602,96,HTTP Request,200,OK,Year-Language Query 4-9,text,true,,271,159,10,70,http://localhost:8080/search?q=love&year=1994&language=English,96,0,0
1782356380600,100,HTTP Request,200,OK,Year-Language Query 4-1,text,true,,271,159,10,70,http://localhost:8080/search?q=love&year=1994&language=English,100,0,0
1782356380602,99,HTTP Request,200,OK,Year-Language Query 4-7,text,true,,271,159,10,70,http://localhost:8080/search?q=love&year=1994&language=English,99,0,0
1782356380607,113,HTTP Request,200,OK,Year-Language Query 4-5,text,true,,271,159,10,70,http://localhost:8080/search?q=love&year=1994&language=English,113,0,0
1782356380641,92,HTTP Request,200,OK,Year-Language Query 4-4,text,true,,271,159,10,70,http://localhost:8080/search?q=love&year=1994&language=English,92,0,0
1782356380627,108,HTTP Request,200,OK,Year-Language Query 4-2,text,true,,271,159,10,70,http://localhost:8080/search?q=love&year=1994&language=English,108,0,0
1782356380639,113,HTTP Request,200,OK,Year-Language Query 4-10,text,true,,271,159,10,70,http://localhost:8080/search?q=love&year=1994&language=English,113,0,0
1782356380669,87,HTTP Request,200,OK,Year-Language Query 4-8,text,true,,271,159,10,70,http://localhost:8080/search?q=love&year=1994&language=English,87,0,0
1782356380694,78,HTTP Request,200,OK,Year-Language Query 4-3,text,true,,271,159,10,70,http://localhost:8080/search?q=love&year=1994&language=English,78,0,0
1782356380701,73,HTTP Request,200,OK,Year-Language Query 4-7,text,true,,271,159,10,70,http://localhost:8080/search?q=love&year=1994&language=English,73,0,0
1782356380698,80,HTTP Request,200,OK,Year-Language Query 4-6,text,true,,271,159,10,70,http://localhost:8080/search?q=love&year=1994&language=English,80,0,0
1782356380698,81,HTTP Request,200,OK,Year-Language Query 4-9,text,true,,271,159,10,70,http://localhost:8080/search?q=love&year=1994&language=English,81,0,0
1782356380700,96,HTTP Request,200,OK,Year-Language Query 4-1,text,true,,271,159,10,70,http://localhost:8080/search?q=love&year=1994&language=English,96,0,0
1782356380752,79,HTTP Request,200,OK,Year-Language Query 4-10,text,true,,271,159,10,70,http://localhost:8080/search?q=love&year=1994&language=English,79,0,0
1782356380721,112,HTTP Request,200,OK,Year-Language Query 4-5,text,true,,271,159,10,70,http://localhost:8080/search?q=love&year=1994&language=English,112,0,0
1782356380735,109,HTTP Request,200,OK,Year-Language Query 4-2,text,true,,271,159,10,70,http://localhost:8080/search?q=love&year=1994&language=English,109,0,0
1782356380779,88,HTTP Request,200,OK,Year-Language Query 4-9,text,true,,271,159,10,70,http://localhost:8080/search?q=love&year=1994&language=English,88,0,0
1782356380756,121,HTTP Request,200,OK,Year-Language Query 4-8,text,true,,271,159,10,70,http://localhost:8080/search?q=love&year=1994&language=English,121,0,0
1782356380773,107,HTTP Request,200,OK,Year-Language Query 4-3,text,true,,271,159,10,70,http://localhost:8080/search?q=love&year=1994&language=English,107,0,0
1782356380734,146,HTTP Request,200,OK,Year-Language Query 4-4,text,true,,271,159,10,70,http://localhost:8080/search?q=love&year=1994&language=English,146,0,0
1782356380778,102,HTTP Request,200,OK,Year-Language Query 4-6,text,true,,271,159,10,70,http://localhost:8080/search?q=love&year=1994&language=English,102,0,0
1782356380774,108,HTTP Request,200,OK,Year-Language Query 4-7,text,true,,271,159,10,70,http://localhost:8080/search?q=love&year=1994&language=English,108,0,0
1782356380796,87,HTTP Request,200,OK,Year-Language Query 4-1,text,true,,271,159,10,70,http://localhost:8080/search?q=love&year=1994&language=English,87,0,0
1782356380832,93,HTTP Request,200,OK,Year-Language Query 4-10,text,true,,271,159,10,70,http://localhost:8080/search?q=love&year=1994&language=English,93,0,0
1782356380844,129,HTTP Request,200,OK,Year-Language Query 4-2,text,true,,271,159,10,70,http://localhost:8080/search?q=love&year=1994&language=English,129,0,0
1782356380883,103,HTTP Request,200,OK,Year-Language Query 4-7,text,true,,271,159,10,70,http://localhost:8080/search?q=love&year=1994&language=English,103,0,0
1782356380878,112,HTTP Request,200,OK,Year-Language Query 4-8,text,true,,271,159,10,70,http://localhost:8080/search?q=love&year=1994&language=English,112,0,0
1782356380883,112,HTTP Request,200,OK,Year-Language Query 4-1,text,true,,271,159,10,70,http://localhost:8080/search?q=love&year=1994&language=English,112,0,0
1782356380868,129,HTTP Request,200,OK,Year-Language Query 4-9,text,true,,271,159,10,70,http://localhost:8080/search?q=love&year=1994&language=English,129,0,0
1782356380833,166,HTTP Request,200,OK,Year-Language Query 4-5,text,true,,271,159,10,70,http://localhost:8080/search?q=love&year=1994&language=English,166,0,0
1782356380880,143,HTTP Request,200,OK,Year-Language Query 4-6,text,true,,271,159,10,70,http://localhost:8080/search?q=love&year=1994&language=English,143,0,0
1782356380880,144,HTTP Request,200,OK,Year-Language Query 4-3,text,true,,271,159,10,70,http://localhost:8080/search?q=love&year=1994&language=English,144,0,0
1782356380925,103,HTTP Request,200,OK,Year-Language Query 4-10,text,true,,271,159,10,70,http://localhost:8080/search?q=love&year=1994&language=English,103,0,0
1782356380880,151,HTTP Request,200,OK,Year-Language Query 4-4,text,true,,271,159,10,70,http://localhost:8080/search?q=love&year=1994&language=English,151,0,0
1782356380990,145,HTTP Request,200,OK,Year-Language Query 4-8,text,true,,271,159,10,70,http://localhost:8080/search?q=love&year=1994&language=English,145,0,0
1782356381029,106,HTTP Request,200,OK,Year-Language Query 4-10,text,true,,271,159,10,70,http://localhost:8080/search?q=love&year=1994&language=English,106,0,0
1782356381032,163,HTTP Request,200,OK,Year-Language Query 4-4,text,true,,271,159,10,70,http://localhost:8080/search?q=love&year=1994&language=English,163,0,0
1782356380995,200,HTTP Request,200,OK,Year-Language Query 4-1,text,true,,271,159,10,70,http://localhost:8080/search?q=love&year=1994&language=English,200,0,0
1782356380987,209,HTTP Request,200,OK,Year-Language Query 4-7,text,true,,271,159,10,70,http://localhost:8080/search?q=love&year=1994&language=English,209,0,0
1782356380973,223,HTTP Request,200,OK,Year-Language Query 4-2,text,true,,271,159,10,70,http://localhost:8080/search?q=love&year=1994&language=English,223,0,0
1782356380999,198,HTTP Request,200,OK,Year-Language Query 4-5,text,true,,271,159,10,70,http://localhost:8080/search?q=love&year=1994&language=English,198,0,0
1782356381023,174,HTTP Request,200,OK,Year-Language Query 4-6,text,true,,271,159,10,70,http://localhost:8080/search?q=love&year=1994&language=English,174,0,0
1782356380998,199,HTTP Request,200,OK,Year-Language Query 4-9,text,true,,271,159,10,70,http://localhost:8080/search?q=love&year=1994&language=English,199,0,0
1782356381024,173,HTTP Request,200,OK,Year-Language Query 4-3,text,true,,271,159,10,70,http://localhost:8080/search?q=love&year=1994&language=English,173,0,0
1782356381136,92,HTTP Request,200,OK,Year-Language Query 4-10,text,true,,271,159,10,70,http://localhost:8080/search?q=love&year=1994&language=English,92,0,0
1782356381136,98,HTTP Request,200,OK,Year-Language Query 4-8,text,true,,271,159,10,70,http://localhost:8080/search?q=love&year=1994&language=English,98,0,0
1782356381197,98,HTTP Request,200,OK,Year-Language Query 4-9,text,true,,271,159,10,70,http://localhost:8080/search?q=love&year=1994&language=English,98,0,0
1782356381197,98,HTTP Request,200,OK,Year-Language Query 4-6,text,true,,271,159,10,70,http://localhost:8080/search?q=love&year=1994&language=English,98,0,0
1782356381196,101,HTTP Request,200,OK,Year-Language Query 4-7,text,true,,271,159,10,70,http://localhost:8080/search?q=love&year=1994&language=English,101,0,0
1782356381197,101,HTTP Request,200,OK,Year-Language Query 4-3,text,true,,271,159,10,70,http://localhost:8080/search?q=love&year=1994&language=English,101,0,0
1782356381234,82,HTTP Request,200,OK,Year-Language Query 4-8,text,true,,271,159,10,70,http://localhost:8080/search?q=love&year=1994&language=English,82,0,0
1782356381230,86,HTTP Request,200,OK,Year-Language Query 4-10,text,true,,271,159,10,70,http://localhost:8080/search?q=love&year=1994&language=English,86,0,0
1782356381196,121,HTTP Request,200,OK,Year-Language Query 4-2,text,true,,271,159,10,70,http://localhost:8080/search?q=love&year=1994&language=English,121,0,0
1782356381195,180,HTTP Request,200,OK,Year-Language Query 4-1,text,true,,271,159,10,70,http://localhost:8080/search?q=love&year=1994&language=English,180,0,0
1782356381195,195,HTTP Request,200,OK,Year-Language Query 4-4,text,true,,271,159,10,70,http://localhost:8080/search?q=love&year=1994&language=English,195,0,0
1782356381197,194,HTTP Request,200,OK,Year-Language Query 4-5,text,true,,271,159,10,70,http://localhost:8080/search?q=love&year=1994&language=English,194,0,0
1782356381295,113,HTTP Request,200,OK,Year-Language Query 4-9,text,true,,271,159,10,70,http://localhost:8080/search?q=love&year=1994&language=English,113,0,0
1782356381297,111,HTTP Request,200,OK,Year-Language Query 4-7,text,true,,271,159,10,70,http://localhost:8080/search?q=love&year=1994&language=English,111,0,0
1782356381298,110,HTTP Request,200,OK,Year-Language Query 4-3,text,true,,271,159,10,70,http://localhost:8080/search?q=love&year=1994&language=English,110,0,0
1782356381295,114,HTTP Request,200,OK,Year-Language Query 4-6,text,true,,271,159,10,70,http://localhost:8080/search?q=love&year=1994&language=English,114,0,0
1782356381316,119,HTTP Request,200,OK,Year-Language Query 4-8,text,true,,271,159,10,70,http://localhost:8080/search?q=love&year=1994&language=English,119,0,0
1782356381317,121,HTTP Request,200,OK,Year-Language Query 4-2,text,true,,271,159,10,70,http://localhost:8080/search?q=love&year=1994&language=English,121,0,0
1782356381317,125,HTTP Request,200,OK,Year-Language Query 4-10,text,true,,271,159,10,70,http://localhost:8080/search?q=love&year=1994&language=English,125,0,0
1782356381391,105,HTTP Request,200,OK,Year-Language Query 4-5,text,true,,271,159,10,70,http://localhost:8080/search?q=love&year=1994&language=English,105,0,0
1782356381390,106,HTTP Request,200,OK,Year-Language Query 4-4,text,true,,271,159,10,70,http://localhost:8080/search?q=love&year=1994&language=English,106,0,0
1782356381409,110,HTTP Request,200,OK,Year-Language Query 4-6,text,true,,271,159,10,70,http://localhost:8080/search?q=love&year=1994&language=English,110,0,0
1782356381408,112,HTTP Request,200,OK,Year-Language Query 4-9,text,true,,271,159,10,70,http://localhost:8080/search?q=love&year=1994&language=English,112,0,0
1782356381408,126,HTTP Request,200,OK,Year-Language Query 4-7,text,true,,271,159,10,70,http://localhost:8080/search?q=love&year=1994&language=English,126,0,0
1782356381435,112,HTTP Request,200,OK,Year-Language Query 4-8,text,true,,271,159,10,70,http://localhost:8080/search?q=love&year=1994&language=English,112,0,0
1782356381439,108,HTTP Request,200,OK,Year-Language Query 4-2,text,true,,271,159,10,70,http://localhost:8080/search?q=love&year=1994&language=English,108,0,0
1782356381408,139,HTTP Request,200,OK,Year-Language Query 4-3,text,true,,271,159,10,70,http://localhost:8080/search?q=love&year=1994&language=English,139,0,0
1782356381375,182,HTTP Request,200,OK,Year-Language Query 4-1,text,true,,271,159,10,70,http://localhost:8080/search?q=love&year=1994&language=English,182,0,0
1782356381443,114,HTTP Request,200,OK,Year-Language Query 4-10,text,true,,271,159,10,70,http://localhost:8080/search?q=love&year=1994&language=English,114,0,0
1782356381520,151,HTTP Request,200,OK,Year-Language Query 4-9,text,true,,271,159,10,70,http://localhost:8080/search?q=love&year=1994&language=English,151,0,0
1782356381496,179,HTTP Request,200,OK,Year-Language Query 4-4,text,true,,271,159,10,70,http://localhost:8080/search?q=love&year=1994&language=English,179,0,2
1782356381558,118,HTTP Request,200,OK,Year-Language Query 4-1,text,true,,271,159,10,70,http://localhost:8080/search?q=love&year=1994&language=English,118,0,0
1782356381519,158,HTTP Request,200,OK,Year-Language Query 4-6,text,true,,271,159,10,70,http://localhost:8080/search?q=love&year=1994&language=English,158,0,0
1782356381534,144,HTTP Request,200,OK,Year-Language Query 4-7,text,true,,271,159,10,70,http://localhost:8080/search?q=love&year=1994&language=English,144,0,0
1782356381496,182,HTTP Request,200,OK,Year-Language Query 4-5,text,true,,271,159,10,70,http://localhost:8080/search?q=love&year=1994&language=English,182,0,0
1782356381547,160,HTTP Request,200,OK,Year-Language Query 4-3,text,true,,271,159,10,70,http://localhost:8080/search?q=love&year=1994&language=English,160,0,0
1782356381558,175,HTTP Request,200,OK,Year-Language Query 4-10,text,true,,271,159,10,70,http://localhost:8080/search?q=love&year=1994&language=English,175,0,0
1782356381547,186,HTTP Request,200,OK,Year-Language Query 4-2,text,true,,271,159,10,70,http://localhost:8080/search?q=love&year=1994&language=English,186,0,0
1782356381547,189,HTTP Request,200,OK,Year-Language Query 4-8,text,true,,271,159,10,70,http://localhost:8080/search?q=love&year=1994&language=English,189,0,0
1782356381678,87,HTTP Request,200,OK,Year-Language Query 4-7,text,true,,271,159,10,70,http://localhost:8080/search?q=love&year=1994&language=English,87,0,0
1782356381671,95,HTTP Request,200,OK,Year-Language Query 4-9,text,true,,271,159,10,70,http://localhost:8080/search?q=love&year=1994&language=English,95,0,0
1782356381675,106,HTTP Request,200,OK,Year-Language Query 4-4,text,true,,271,159,10,70,http://localhost:8080/search?q=love&year=1994&language=English,106,0,0
1782356381677,114,HTTP Request,200,OK,Year-Language Query 4-1,text,true,,271,159,10,70,http://localhost:8080/search?q=love&year=1994&language=English,114,0,0
1782356381678,117,HTTP Request,200,OK,Year-Language Query 4-5,text,true,,271,159,10,70,http://localhost:8080/search?q=love&year=1994&language=English,117,0,0
1782356381733,98,HTTP Request,200,OK,Year-Language Query 4-2,text,true,,271,159,10,70,http://localhost:8080/search?q=love&year=1994&language=English,98,0,0
1782356381678,153,HTTP Request,200,OK,Year-Language Query 4-6,text,true,,271,159,10,70,http://localhost:8080/search?q=love&year=1994&language=English,153,0,0
1782356381766,89,HTTP Request,200,OK,Year-Language Query 4-9,text,true,,271,159,10,70,http://localhost:8080/search?q=love&year=1994&language=English,89,0,0
1782356381707,165,HTTP Request,200,OK,Year-Language Query 4-3,text,true,,271,159,10,70,http://localhost:8080/search?q=love&year=1994&language=English,165,0,0
1782356381782,109,HTTP Request,200,OK,Year-Language Query 4-4,text,true,,271,159,10,70,http://localhost:8080/search?q=love&year=1994&language=English,109,0,0
1782356381796,105,HTTP Request,200,OK,Year-Language Query 4-5,text,true,,271,159,10,70,http://localhost:8080/search?q=love&year=1994&language=English,105,0,0
1782356381766,137,HTTP Request,200,OK,Year-Language Query 4-7,text,true,,271,159,10,70,http://localhost:8080/search?q=love&year=1994&language=English,137,0,0
1782356381791,114,HTTP Request,200,OK,Year-Language Query 4-1,text,true,,271,159,10,70,http://localhost:8080/search?q=love&year=1994&language=English,114,0,0
1782356381733,179,HTTP Request,200,OK,Year-Language Query 4-10,text,true,,271,159,10,70,http://localhost:8080/search?q=love&year=1994&language=English,179,0,0
1782356381737,184,HTTP Request,200,OK,Year-Language Query 4-8,text,true,,271,159,10,70,http://localhost:8080/search?q=love&year=1994&language=English,184,0,0
1782356381831,95,HTTP Request,200,OK,Year-Language Query 4-2,text,true,,271,159,10,70,http://localhost:8080/search?q=love&year=1994&language=English,95,0,0
1782356381855,97,HTTP Request,200,OK,Year-Language Query 4-9,text,true,,271,159,10,70,http://localhost:8080/search?q=love&year=1994&language=English,97,0,0
1782356381831,121,HTTP Request,200,OK,Year-Language Query 4-6,text,true,,271,159,10,70,http://localhost:8080/search?q=love&year=1994&language=English,121,0,0
1782356381891,81,HTTP Request,200,OK,Year-Language Query 4-4,text,true,,271,159,10,70,http://localhost:8080/search?q=love&year=1994&language=English,81,0,0
1782356381901,103,HTTP Request,200,OK,Year-Language Query 4-5,text,true,,271,159,10,70,http://localhost:8080/search?q=love&year=1994&language=English,103,0,0
1782356381903,106,HTTP Request,200,OK,Year-Language Query 4-7,text,true,,271,159,10,70,http://localhost:8080/search?q=love&year=1994&language=English,106,0,0
1782356381873,136,HTTP Request,200,OK,Year-Language Query 4-3,text,true,,271,159,10,70,http://localhost:8080/search?q=love&year=1994&language=English,136,0,0
1782356381906,133,HTTP Request,200,OK,Year-Language Query 4-1,text,true,,271,159,10,70,http://localhost:8080/search?q=love&year=1994&language=English,133,0,0
1782356381927,113,HTTP Request,200,OK,Year-Language Query 4-2,text,true,,271,159,10,70,http://localhost:8080/search?q=love&year=1994&language=English,113,0,0
1782356381953,87,HTTP Request,200,OK,Year-Language Query 4-6,text,true,,271,159,10,70,http://localhost:8080/search?q=love&year=1994&language=English,87,0,0
1782356381912,148,HTTP Request,200,OK,Year-Language Query 4-10,text,true,,271,159,10,70,http://localhost:8080/search?q=love&year=1994&language=English,148,0,0
1782356381921,144,HTTP Request,200,OK,Year-Language Query 4-8,text,true,,271,159,10,70,http://localhost:8080/search?q=love&year=1994&language=English,144,0,0
1782356381972,180,HTTP Request,200,OK,Year-Language Query 4-4,text,true,,271,159,10,70,http://localhost:8080/search?q=love&year=1994&language=English,180,0,0
1782356381952,218,HTTP Request,200,OK,Year-Language Query 4-9,text,true,,271,159,10,70,http://localhost:8080/search?q=love&year=1994&language=English,218,0,0
1782356382040,151,HTTP Request,200,OK,Year-Language Query 4-1,text,true,,271,159,10,70,http://localhost:8080/search?q=love&year=1994&language=English,151,0,0
1782356382005,193,HTTP Request,200,OK,Year-Language Query 4-5,text,true,,271,159,10,70,http://localhost:8080/search?q=love&year=1994&language=English,193,0,0
1782356382009,202,HTTP Request,200,OK,Year-Language Query 4-7,text,true,,271,159,10,70,http://localhost:8080/search?q=love&year=1994&language=English,202,0,0
1782356382066,153,HTTP Request,200,OK,Year-Language Query 4-8,text,true,,271,159,10,70,http://localhost:8080/search?q=love&year=1994&language=English,153,0,0
1782356382040,187,HTTP Request,200,OK,Year-Language Query 4-6,text,true,,271,159,10,70,http://localhost:8080/search?q=love&year=1994&language=English,187,0,0
1782356382009,219,HTTP Request,200,OK,Year-Language Query 4-3,text,true,,271,159,10,70,http://localhost:8080/search?q=love&year=1994&language=English,219,0,0
1782356382040,209,HTTP Request,200,OK,Year-Language Query 4-2,text,true,,271,159,10,70,http://localhost:8080/search?q=love&year=1994&language=English,209,0,0
1782356382060,193,HTTP Request,200,OK,Year-Language Query 4-10,text,true,,271,159,10,70,http://localhost:8080/search?q=love&year=1994&language=English,193,0,0
1782356382171,90,HTTP Request,200,OK,Year-Language Query 4-9,text,true,,271,159,10,70,http://localhost:8080/search?q=love&year=1994&language=English,90,0,0
1782356382152,138,HTTP Request,200,OK,Year-Language Query 4-4,text,true,,271,159,10,70,http://localhost:8080/search?q=love&year=1994&language=English,138,0,0
1782356382211,106,HTTP Request,200,OK,Year-Language Query 4-7,text,true,,271,159,10,70,http://localhost:8080/search?q=love&year=1994&language=English,106,0,0
1782356382191,127,HTTP Request,200,OK,Year-Language Query 4-1,text,true,,271,159,10,70,http://localhost:8080/search?q=love&year=1994&language=English,127,0,0
1782356382199,136,HTTP Request,200,OK,Year-Language Query 4-5,text,true,,271,159,10,70,http://localhost:8080/search?q=love&year=1994&language=English,136,0,0
1782356382219,116,HTTP Request,200,OK,Year-Language Query 4-8,text,true,,271,159,10,70,http://localhost:8080/search?q=love&year=1994&language=English,116,0,0
1782356382228,140,HTTP Request,200,OK,Year-Language Query 4-6,text,true,,271,159,10,70,http://localhost:8080/search?q=love&year=1994&language=English,140,0,0
1782356382228,156,HTTP Request,200,OK,Year-Language Query 4-3,text,true,,271,159,10,70,http://localhost:8080/search?q=love&year=1994&language=English,156,0,0
1782356382262,144,HTTP Request,200,OK,Year-Language Query 4-9,text,true,,271,159,10,70,http://localhost:8080/search?q=love&year=1994&language=English,144,0,0
1782356382318,123,HTTP Request,200,OK,Year-Language Query 4-7,text,true,,271,159,10,70,http://localhost:8080/search?q=love&year=1994&language=English,123,0,0
1782356382318,125,HTTP Request,200,OK,Year-Language Query 4-1,text,true,,271,159,10,70,http://localhost:8080/search?q=love&year=1994&language=English,125,0,0
1782356382249,220,HTTP Request,200,OK,Year-Language Query 4-2,text,true,,271,159,10,70,http://localhost:8080/search?q=love&year=1994&language=English,220,0,0
1782356382254,224,HTTP Request,200,OK,Year-Language Query 4-10,text,true,,271,159,10,70,http://localhost:8080/search?q=love&year=1994&language=English,224,0,0
1782356382335,151,HTTP Request,200,OK,Year-Language Query 4-5,text,true,,271,159,10,70,http://localhost:8080/search?q=love&year=1994&language=English,151,0,0
1782356382336,152,HTTP Request,200,OK,Year-Language Query 4-8,text,true,,271,159,10,70,http://localhost:8080/search?q=love&year=1994&language=English,152,0,0
1782356382406,100,HTTP Request,200,OK,Year-Language Query 4-9,text,true,,271,159,10,70,http://localhost:8080/search?q=love&year=1994&language=English,100,0,0
1782356382290,218,HTTP Request,200,OK,Year-Language Query 4-4,text,true,,271,159,10,70,http://localhost:8080/search?q=love&year=1994&language=English,218,0,0
1782356382384,145,HTTP Request,200,OK,Year-Language Query 4-3,text,true,,271,159,10,70,http://localhost:8080/search?q=love&year=1994&language=English,145,0,0
1782356382368,161,HTTP Request,200,OK,Year-Language Query 4-6,text,true,,271,159,10,70,http://localhost:8080/search?q=love&year=1994&language=English,161,0,0
1782356382441,93,HTTP Request,200,OK,Year-Language Query 4-7,text,true,,271,159,10,70,http://localhost:8080/search?q=love&year=1994&language=English,93,0,0
1782356382443,121,HTTP Request,200,OK,Year-Language Query 4-1,text,true,,271,159,10,70,http://localhost:8080/search?q=love&year=1994&language=English,121,0,0
1782356382478,112,HTTP Request,200,OK,Year-Language Query 4-10,text,true,,271,159,10,70,http://localhost:8080/search?q=love&year=1994&language=English,112,0,0
1782356382486,104,HTTP Request,200,OK,Year-Language Query 4-5,text,true,,271,159,10,70,http://localhost:8080/search?q=love&year=1994&language=English,104,0,0
1782356382488,112,HTTP Request,200,OK,Year-Language Query 4-8,text,true,,271,159,10,70,http://localhost:8080/search?q=love&year=1994&language=English,112,0,0
1782356382469,133,HTTP Request,200,OK,Year-Language Query 4-2,text,true,,271,159,10,70,http://localhost:8080/search?q=love&year=1994&language=English,133,0,0
1782356382564,328,HTTP Request,200,OK,Year-Language Query 4-1,text,true,,271,159,10,70,http://localhost:8080/search?q=love&year=1994&language=English,328,0,0
1782356382590,303,HTTP Request,200,OK,Year-Language Query 4-5,text,true,,271,159,10,70,http://localhost:8080/search?q=love&year=1994&language=English,303,0,2
1782356382529,364,HTTP Request,200,OK,Year-Language Query 4-6,text,true,,271,159,10,70,http://localhost:8080/search?q=love&year=1994&language=English,364,0,0
1782356382506,399,HTTP Request,200,OK,Year-Language Query 4-9,text,true,,271,159,10,70,http://localhost:8080/search?q=love&year=1994&language=English,399,0,0
1782356382601,364,HTTP Request,200,OK,Year-Language Query 4-8,text,true,,271,159,10,70,http://localhost:8080/search?q=love&year=1994&language=English,364,0,0
1782356382535,438,HTTP Request,200,OK,Year-Language Query 4-7,text,true,,271,159,10,70,http://localhost:8080/search?q=love&year=1994&language=English,438,0,0
1782356382529,444,HTTP Request,200,OK,Year-Language Query 4-3,text,true,,271,159,10,70,http://localhost:8080/search?q=love&year=1994&language=English,444,0,0
1782356382602,372,HTTP Request,200,OK,Year-Language Query 4-2,text,true,,271,159,10,70,http://localhost:8080/search?q=love&year=1994&language=English,372,0,0
1782356382893,88,HTTP Request,200,OK,Year-Language Query 4-1,text,true,,271,159,10,70,http://localhost:8080/search?q=love&year=1994&language=English,88,0,0
1782356382893,90,HTTP Request,200,OK,Year-Language Query 4-6,text,true,,271,159,10,70,http://localhost:8080/search?q=love&year=1994&language=English,90,0,0
1782356382591,395,HTTP Request,200,OK,Year-Language Query 4-10,text,true,,271,159,10,70,http://localhost:8080/search?q=love&year=1994&language=English,395,0,0
1782356382893,120,HTTP Request,200,OK,Year-Language Query 4-5,text,true,,271,159,10,70,http://localhost:8080/search?q=love&year=1994&language=English,120,0,0
1782356382508,508,HTTP Request,200,OK,Year-Language Query 4-4,text,true,,271,159,10,70,http://localhost:8080/search?q=love&year=1994&language=English,508,0,0
1782356382905,111,HTTP Request,200,OK,Year-Language Query 4-9,text,true,,271,159,10,70,http://localhost:8080/search?q=love&year=1994&language=English,111,0,0
1782356382973,106,HTTP Request,200,OK,Year-Language Query 4-3,text,true,,271,159,10,70,http://localhost:8080/search?q=love&year=1994&language=English,106,0,0
1782356382983,97,HTTP Request,200,OK,Year-Language Query 4-6,text,true,,271,159,10,70,http://localhost:8080/search?q=love&year=1994&language=English,97,0,0
1782356382986,95,HTTP Request,200,OK,Year-Language Query 4-10,text,true,,271,159,10,70,http://localhost:8080/search?q=love&year=1994&language=English,95,0,0
1782356382965,128,HTTP Request,200,OK,Year-Language Query 4-8,text,true,,271,159,10,70,http://localhost:8080/search?q=love&year=1994&language=English,128,0,0
1782356383016,88,HTTP Request,200,OK,Year-Language Query 4-9,text,true,,271,159,10,70,http://localhost:8080/search?q=love&year=1994&language=English,88,0,0
1782356383013,92,HTTP Request,200,OK,Year-Language Query 4-5,text,true,,271,159,10,70,http://localhost:8080/search?q=love&year=1994&language=English,92,0,0
1782356382973,178,HTTP Request,200,OK,Year-Language Query 4-7,text,true,,271,159,10,70,http://localhost:8080/search?q=love&year=1994&language=English,178,0,0
1782356382981,172,HTTP Request,200,OK,Year-Language Query 4-1,text,true,,271,159,10,70,http://localhost:8080/search?q=love&year=1994&language=English,172,0,0
1782356382974,184,HTTP Request,200,OK,Year-Language Query 4-2,text,true,,271,159,10,70,http://localhost:8080/search?q=love&year=1994&language=English,184,0,0
1782356383016,179,HTTP Request,200,OK,Year-Language Query 4-4,text,true,,271,159,10,70,http://localhost:8080/search?q=love&year=1994&language=English,179,0,0
1782356383105,118,HTTP Request,200,OK,Year-Language Query 4-5,text,true,,271,159,10,70,http://localhost:8080/search?q=love&year=1994&language=English,118,0,0
1782356383158,65,HTTP Request,200,OK,Year-Language Query 4-2,text,true,,271,159,10,70,http://localhost:8080/search?q=love&year=1994&language=English,65,0,0
1782356383080,173,HTTP Request,200,OK,Year-Language Query 4-3,text,true,,271,159,10,70,http://localhost:8080/search?q=love&year=1994&language=English,173,0,0
1782356383151,103,HTTP Request,200,OK,Year-Language Query 4-7,text,true,,271,159,10,70,http://localhost:8080/search?q=love&year=1994&language=English,103,0,0
1782356383081,176,HTTP Request,200,OK,Year-Language Query 4-10,text,true,,271,159,10,70,http://localhost:8080/search?q=love&year=1994&language=English,176,0,0
1782356383080,181,HTTP Request,200,OK,Year-Language Query 4-6,text,true,,271,159,10,70,http://localhost:8080/search?q=love&year=1994&language=English,181,0,0
1782356383093,180,HTTP Request,200,OK,Year-Language Query 4-8,text,true,,271,159,10,70,http://localhost:8080/search?q=love&year=1994&language=English,180,0,0
1782356383105,176,HTTP Request,200,OK,Year-Language Query 4-9,text,true,,271,159,10,70,http://localhost:8080/search?q=love&year=1994&language=English,176,0,0
1782356383153,129,HTTP Request,200,OK,Year-Language Query 4-1,text,true,,271,159,10,70,http://localhost:8080/search?q=love&year=1994&language=English,129,0,0
1782356383195,103,HTTP Request,200,OK,Year-Language Query 4-4,text,true,,271,159,10,70,http://localhost:8080/search?q=love&year=1994&language=English,103,0,0
1782356383224,124,HTTP Request,200,OK,Year-Language Query 4-2,text,true,,271,159,10,70,http://localhost:8080/search?q=love&year=1994&language=English,124,0,0
1782356383224,124,HTTP Request,200,OK,Year-Language Query 4-5,text,true,,271,159,10,70,http://localhost:8080/search?q=love&year=1994&language=English,124,0,0
1782356383254,118,HTTP Request,200,OK,Year-Language Query 4-7,text,true,,271,159,10,70,http://localhost:8080/search?q=love&year=1994&language=English,118,0,0
1782356383257,120,HTTP Request,200,OK,Year-Language Query 4-10,text,true,,271,159,10,70,http://localhost:8080/search?q=love&year=1994&language=English,120,0,0
1782356383282,98,HTTP Request,200,OK,Year-Language Query 4-9,text,true,,271,159,10,70,http://localhost:8080/search?q=love&year=1994&language=English,98,0,0
1782356383253,127,HTTP Request,200,OK,Year-Language Query 4-3,text,true,,271,159,10,70,http://localhost:8080/search?q=love&year=1994&language=English,127,0,0
1782356383274,111,HTTP Request,200,OK,Year-Language Query 4-8,text,true,,271,159,10,70,http://localhost:8080/search?q=love&year=1994&language=English,111,0,0
1782356383262,131,HTTP Request,200,OK,Year-Language Query 4-6,text,true,,271,159,10,70,http://localhost:8080/search?q=love&year=1994&language=English,131,0,0
1782356383348,91,HTTP Request,200,OK,Year-Language Query 4-2,text,true,,271,159,10,70,http://localhost:8080/search?q=love&year=1994&language=English,91,0,0
1782356383348,91,HTTP Request,200,OK,Year-Language Query 4-5,text,true,,271,159,10,70,http://localhost:8080/search?q=love&year=1994&language=English,91,0,0
1782356383282,172,HTTP Request,200,OK,Year-Language Query 4-1,text,true,,271,159,10,70,http://localhost:8080/search?q=love&year=1994&language=English,172,0,0
1782356383300,154,HTTP Request,200,OK,Year-Language Query 4-4,text,true,,271,159,10,70,http://localhost:8080/search?q=love&year=1994&language=English,154,0,0
1782356383372,118,HTTP Request,200,OK,Year-Language Query 4-7,text,true,,271,159,10,70,http://localhost:8080/search?q=love&year=1994&language=English,118,0,0
1782356383380,110,HTTP Request,200,OK,Year-Language Query 4-3,text,true,,271,159,10,70,http://localhost:8080/search?q=love&year=1994&language=English,110,0,0
1782356383378,121,HTTP Request,200,OK,Year-Language Query 4-10,text,true,,271,159,10,70,http://localhost:8080/search?q=love&year=1994&language=English,121,0,0
1782356383386,131,HTTP Request,200,OK,Year-Language Query 4-8,text,true,,271,159,10,70,http://localhost:8080/search?q=love&year=1994&language=English,131,0,0
1782356383380,137,HTTP Request,200,OK,Year-Language Query 4-9,text,true,,271,159,10,70,http://localhost:8080/search?q=love&year=1994&language=English,137,0,0
1782356383393,125,HTTP Request,200,OK,Year-Language Query 4-6,text,true,,271,159,10,70,http://localhost:8080/search?q=love&year=1994&language=English,125,0,0
1782356383454,78,HTTP Request,200,OK,Year-Language Query 4-4,text,true,,271,159,10,70,http://localhost:8080/search?q=love&year=1994&language=English,78,0,0
1782356383490,80,HTTP Request,200,OK,Year-Language Query 4-7,text,true,,271,159,10,70,http://localhost:8080/search?q=love&year=1994&language=English,80,0,0
1782356383491,79,HTTP Request,200,OK,Year-Language Query 4-3,text,true,,271,159,10,70,http://localhost:8080/search?q=love&year=1994&language=English,79,0,0
1782356383439,143,HTTP Request,200,OK,Year-Language Query 4-5,text,true,,271,159,10,70,http://localhost:8080/search?q=love&year=1994&language=English,143,0,0
1782356383439,152,HTTP Request,200,OK,Year-Language Query 4-2,text,true,,271,159,10,70,http://localhost:8080/search?q=love&year=1994&language=English,152,0,0
1782356383454,137,HTTP Request,200,OK,Year-Language Query 4-1,text,true,,271,159,10,70,http://localhost:8080/search?q=love&year=1994&language=English,137,0,0
1782356383499,93,HTTP Request,200,OK,Year-Language Query 4-10,text,true,,271,159,10,70,http://localhost:8080/search?q=love&year=1994&language=English,93,0,0
1782356383517,96,HTTP Request,200,OK,Year-Language Query 4-8,text,true,,271,159,10,70,http://localhost:8080/search?q=love&year=1994&language=English,96,0,0
1782356383518,105,HTTP Request,200,OK,Year-Language Query 4-6,text,true,,271,159,10,70,http://localhost:8080/search?q=love&year=1994&language=English,105,0,1
1782356383517,108,HTTP Request,200,OK,Year-Language Query 4-9,text,true,,271,159,10,70,http://localhost:8080/search?q=love&year=1994&language=English,108,0,0
1782356383532,99,HTTP Request,200,OK,Year-Language Query 4-4,text,true,,271,159,10,70,http://localhost:8080/search?q=love&year=1994&language=English,99,0,0
1782356383613,143,HTTP Request,200,OK,Year-Language Query 4-8,text,true,,271,159,10,70,http://localhost:8080/search?q=love&year=1994&language=English,143,0,0
1782356383625,156,HTTP Request,200,OK,Year-Language Query 4-9,text,true,,271,159,10,70,http://localhost:8080/search?q=love&year=1994&language=English,156,0,0
1782356383592,189,HTTP Request,200,OK,Year-Language Query 4-10,text,true,,271,159,10,70,http://localhost:8080/search?q=love&year=1994&language=English,189,0,0
1782356383570,219,HTTP Request,200,OK,Year-Language Query 4-3,text,true,,271,159,10,70,http://localhost:8080/search?q=love&year=1994&language=English,219,0,0
1782356383631,163,HTTP Request,200,OK,Year-Language Query 4-4,text,true,,271,159,10,70,http://localhost:8080/search?q=love&year=1994&language=English,163,0,0
1782356383623,172,HTTP Request,200,OK,Year-Language Query 4-6,text,true,,271,159,10,70,http://localhost:8080/search?q=love&year=1994&language=English,172,0,0
1782356383582,218,HTTP Request,200,OK,Year-Language Query 4-5,text,true,,271,159,10,70,http://localhost:8080/search?q=love&year=1994&language=English,218,0,0
1782356383591,209,HTTP Request,200,OK,Year-Language Query 4-1,text,true,,271,159,10,70,http://localhost:8080/search?q=love&year=1994&language=English,209,0,0
1782356383570,231,HTTP Request,200,OK,Year-Language Query 4-7,text,true,,271,159,10,70,http://localhost:8080/search?q=love&year=1994&language=English,231,0,0
1782356383591,218,HTTP Request,200,OK,Year-Language Query 4-2,text,true,,271,159,10,70,http://localhost:8080/search?q=love&year=1994&language=English,218,0,0
1782356383756,100,HTTP Request,200,OK,Year-Language Query 4-8,text,true,,271,159,10,70,http://localhost:8080/search?q=love&year=1994&language=English,100,0,0
1782356383781,155,HTTP Request,200,OK,Year-Language Query 4-9,text,true,,271,159,10,70,http://localhost:8080/search?q=love&year=1994&language=English,155,0,0
1782356383801,156,HTTP Request,200,OK,Year-Language Query 4-1,text,true,,271,159,10,70,http://localhost:8080/search?q=love&year=1994&language=English,156,0,0
1782356383801,157,HTTP Request,200,OK,Year-Language Query 4-7,text,true,,271,159,10,70,http://localhost:8080/search?q=love&year=1994&language=English,157,0,0
1782356383783,184,HTTP Request,200,OK,Year-Language Query 4-10,text,true,,271,159,10,70,http://localhost:8080/search?q=love&year=1994&language=English,184,0,0
1782356383789,181,HTTP Request,200,OK,Year-Language Query 4-3,text,true,,271,159,10,70,http://localhost:8080/search?q=love&year=1994&language=English,181,0,0
1782356383857,155,HTTP Request,200,OK,Year-Language Query 4-8,text,true,,271,159,10,70,http://localhost:8080/search?q=love&year=1994&language=English,155,0,0
1782356383801,233,HTTP Request,200,OK,Year-Language Query 4-5,text,true,,271,159,10,70,http://localhost:8080/search?q=love&year=1994&language=English,233,0,0
1782356383794,245,HTTP Request,200,OK,Year-Language Query 4-4,text,true,,271,159,10,70,http://localhost:8080/search?q=love&year=1994&language=English,245,0,0
1782356383795,246,HTTP Request,200,OK,Year-Language Query 4-6,text,true,,271,159,10,70,http://localhost:8080/search?q=love&year=1994&language=English,246,0,0
1782356383810,232,HTTP Request,200,OK,Year-Language Query 4-2,text,true,,271,159,10,70,http://localhost:8080/search?q=love&year=1994&language=English,232,0,0
1782356383937,141,HTTP Request,200,OK,Year-Language Query 4-9,text,true,,271,159,10,70,http://localhost:8080/search?q=love&year=1994&language=English,141,0,0
1782356383957,122,HTTP Request,200,OK,Year-Language Query 4-1,text,true,,271,159,10,70,http://localhost:8080/search?q=love&year=1994&language=English,122,0,0
1782356383968,112,HTTP Request,200,OK,Year-Language Query 4-10,text,true,,271,159,10,70,http://localhost:8080/search?q=love&year=1994&language=English,112,0,0
1782356383959,121,HTTP Request,200,OK,Year-Language Query 4-7,text,true,,271,159,10,70,http://localhost:8080/search?q=love&year=1994&language=English,121,0,0
1782356383971,113,HTTP Request,200,OK,Year-Language Query 4-3,text,true,,271,159,10,70,http://localhost:8080/search?q=love&year=1994&language=English,113,0,0
1782356384012,107,HTTP Request,200,OK,Year-Language Query 4-8,text,true,,271,159,10,70,http://localhost:8080/search?q=love&year=1994&language=English,107,0,0
1782356384039,183,HTTP Request,200,OK,Year-Language Query 4-4,text,true,,271,159,10,70,http://localhost:8080/search?q=love&year=1994&language=English,183,0,0
1782356384034,188,HTTP Request,200,OK,Year-Language Query 4-5,text,true,,271,159,10,70,http://localhost:8080/search?q=love&year=1994&language=English,188,0,0
1782356384080,178,HTTP Request,200,OK,Year-Language Query 4-7,text,true,,271,159,10,70,http://localhost:8080/search?q=love&year=1994&language=English,178,0,0
1782356384079,179,HTTP Request,200,OK,Year-Language Query 4-1,text,true,,271,159,10,70,http://localhost:8080/search?q=love&year=1994&language=English,179,0,0
1782356384078,180,HTTP Request,200,OK,Year-Language Query 4-9,text,true,,271,159,10,70,http://localhost:8080/search?q=love&year=1994&language=English,180,0,0
1782356384085,173,HTTP Request,200,OK,Year-Language Query 4-3,text,true,,271,159,10,70,http://localhost:8080/search?q=love&year=1994&language=English,173,0,0
1782356384042,216,HTTP Request,200,OK,Year-Language Query 4-2,text,true,,271,159,10,70,http://localhost:8080/search?q=love&year=1994&language=English,216,0,0
1782356384041,217,HTTP Request,200,OK,Year-Language Query 4-6,text,true,,271,159,10,70,http://localhost:8080/search?q=love&year=1994&language=English,217,0,0
1782356384080,179,HTTP Request,200,OK,Year-Language Query 4-10,text,true,,271,159,10,70,http://localhost:8080/search?q=love&year=1994&language=English,179,0,0
1782356384120,173,HTTP Request,200,OK,Year-Language Query 4-8,text,true,,271,159,10,70,http://localhost:8080/search?q=love&year=1994&language=English,173,0,0
1782356384222,100,HTTP Request,200,OK,Year-Language Query 4-5,text,true,,271,159,10,70,http://localhost:8080/search?q=love&year=1994&language=English,100,0,0
1782356384222,100,HTTP Request,200,OK,Year-Language Query 4-4,text,true,,271,159,10,70,http://localhost:8080/search?q=love&year=1994&language=English,100,0,0
1782356384258,93,HTTP Request,200,OK,Year-Language Query 4-7,text,true,,271,159,10,70,http://localhost:8080/search?q=love&year=1994&language=English,93,0,0
1782356384258,93,HTTP Request,200,OK,Year-Language Query 4-1,text,true,,271,159,10,70,http://localhost:8080/search?q=love&year=1994&language=English,93,0,0
1782356384258,94,HTTP Request,200,OK,Year-Language Query 4-2,text,true,,271,159,10,70,http://localhost:8080/search?q=love&year=1994&language=English,94,0,0
1782356384258,116,HTTP Request,200,OK,Year-Language Query 4-9,text,true,,271,159,10,70,http://localhost:8080/search?q=love&year=1994&language=English,116,0,0
1782356384259,115,HTTP Request,200,OK,Year-Language Query 4-6,text,true,,271,159,10,70,http://localhost:8080/search?q=love&year=1994&language=English,115,0,0
1782356384258,117,HTTP Request,200,OK,Year-Language Query 4-3,text,true,,271,159,10,70,http://localhost:8080/search?q=love&year=1994&language=English,117,0,0
1782356384260,136,HTTP Request,200,OK,Year-Language Query 4-10,text,true,,271,159,10,70,http://localhost:8080/search?q=love&year=1994&language=English,136,0,0
1782356384322,90,HTTP Request,200,OK,Year-Language Query 4-4,text,true,,271,159,10,70,http://localhost:8080/search?q=love&year=1994&language=English,90,0,0
1782356384293,121,HTTP Request,200,OK,Year-Language Query 4-8,text,true,,271,159,10,70,http://localhost:8080/search?q=love&year=1994&language=English,121,0,0
1782356384322,133,HTTP Request,200,OK,Year-Language Query 4-5,text,true,,271,159,10,70,http://localhost:8080/search?q=love&year=1994&language=English,133,0,0
1782356384375,89,HTTP Request,200,OK,Year-Language Query 4-3,text,true,,271,159,10,70,http://localhost:8080/search?q=love&year=1994&language=English,89,0,0
1782356384374,90,HTTP Request,200,OK,Year-Language Query 4-9,text,true,,271,159,10,70,http://localhost:8080/search?q=love&year=1994&language=English,90,0,0
1782356384375,89,HTTP Request,200,OK,Year-Language Query 4-6,text,true,,271,159,10,70,http://localhost:8080/search?q=love&year=1994&language=English,89,0,0
1782356384351,120,HTTP Request,200,OK,Year-Language Query 4-7,text,true,,271,159,10,70,http://localhost:8080/search?q=love&year=1994&language=English,120,0,0
1782356384352,134,HTTP Request,200,OK,Year-Language Query 4-2,text,true,,271,159,10,70,http://localhost:8080/search?q=love&year=1994&language=English,134,0,0
1782356384351,136,HTTP Request,200,OK,Year-Language Query 4-1,text,true,,271,159,10,70,http://localhost:8080/search?q=love&year=1994&language=English,136,0,0
1782356384413,107,HTTP Request,200,OK,Year-Language Query 4-4,text,true,,271,159,10,70,http://localhost:8080/search?q=love&year=1994&language=English,107,0,0
1782356384414,108,HTTP Request,200,OK,Year-Language Query 4-8,text,true,,271,159,10,70,http://localhost:8080/search?q=love&year=1994&language=English,108,0,0
1782356384396,153,HTTP Request,200,OK,Year-Language Query 4-10,text,true,,271,159,10,70,http://localhost:8080/search?q=love&year=1994&language=English,153,0,0
1782356384455,125,HTTP Request,200,OK,Year-Language Query 4-5,text,true,,271,159,10,70,http://localhost:8080/search?q=love&year=1994&language=English,125,0,0
1782356384471,117,HTTP Request,200,OK,Year-Language Query 4-7,text,true,,271,159,10,70,http://localhost:8080/search?q=love&year=1994&language=English,117,0,0
1782356384487,103,HTTP Request,200,OK,Year-Language Query 4-1,text,true,,271,159,10,70,http://localhost:8080/search?q=love&year=1994&language=English,103,0,0
1782356384464,126,HTTP Request,200,OK,Year-Language Query 4-9,text,true,,271,159,10,70,http://localhost:8080/search?q=love&year=1994&language=English,126,0,0
1782356384464,143,HTTP Request,200,OK,Year-Language Query 4-6,text,true,,271,159,10,70,http://localhost:8080/search?q=love&year=1994&language=English,143,0,0
1782356384464,146,HTTP Request,200,OK,Year-Language Query 4-3,text,true,,271,159,10,70,http://localhost:8080/search?q=love&year=1994&language=English,146,0,0
1782356384522,89,HTTP Request,200,OK,Year-Language Query 4-8,text,true,,271,159,10,70,http://localhost:8080/search?q=love&year=1994&language=English,89,0,0
1782356384521,90,HTTP Request,200,OK,Year-Language Query 4-4,text,true,,271,159,10,70,http://localhost:8080/search?q=love&year=1994&language=English,90,0,0
1782356384486,139,HTTP Request,200,OK,Year-Language Query 4-2,text,true,,271,159,10,70,http://localhost:8080/search?q=love&year=1994&language=English,139,0,0
1782356384550,113,HTTP Request,200,OK,Year-Language Query 4-10,text,true,,271,159,10,70,http://localhost:8080/search?q=love&year=1994&language=English,113,0,0
1782356384580,83,HTTP Request,200,OK,Year-Language Query 4-5,text,true,,271,159,10,70,http://localhost:8080/search?q=love&year=1994&language=English,83,0,0
1782356384591,76,HTTP Request,200,OK,Year-Language Query 4-9,text,true,,271,159,10,70,http://localhost:8080/search?q=love&year=1994&language=English,76,0,0
1782356384611,151,HTTP Request,200,OK,Year-Language Query 4-4,text,true,,271,159,10,70,http://localhost:8080/search?q=love&year=1994&language=English,151,0,0
1782356384588,177,HTTP Request,200,OK,Year-Language Query 4-7,text,true,,271,159,10,70,http://localhost:8080/search?q=love&year=1994&language=English,177,0,1
1782356384610,156,HTTP Request,200,OK,Year-Language Query 4-3,text,true,,271,159,10,70,http://localhost:8080/search?q=love&year=1994&language=English,156,0,0
1782356384590,195,HTTP Request,200,OK,Year-Language Query 4-1,text,true,,271,159,10,70,http://localhost:8080/search?q=love&year=1994&language=English,195,0,0
1782356384607,183,HTTP Request,200,OK,Year-Language Query 4-6,text,true,,271,159,10,70,http://localhost:8080/search?q=love&year=1994&language=English,183,0,0
1782356384667,154,HTTP Request,200,OK,Year-Language Query 4-9,text,true,,271,159,10,70,http://localhost:8080/search?q=love&year=1994&language=English,154,0,0
1782356384664,157,HTTP Request,200,OK,Year-Language Query 4-5,text,true,,271,159,10,70,http://localhost:8080/search?q=love&year=1994&language=English,157,0,0
1782356384663,158,HTTP Request,200,OK,Year-Language Query 4-10,text,true,,271,159,10,70,http://localhost:8080/search?q=love&year=1994&language=English,158,0,0
1782356384611,246,HTTP Request,200,OK,Year-Language Query 4-8,text,true,,271,159,10,70,http://localhost:8080/search?q=love&year=1994&language=English,246,0,0
1782356384626,232,HTTP Request,200,OK,Year-Language Query 4-2,text,true,,271,159,10,70,http://localhost:8080/search?q=love&year=1994&language=English,232,0,0
1782356384765,106,HTTP Request,200,OK,Year-Language Query 4-7,text,true,,271,159,10,70,http://localhost:8080/search?q=love&year=1994&language=English,106,0,0
1782356384766,105,HTTP Request,200,OK,Year-Language Query 4-3,text,true,,271,159,10,70,http://localhost:8080/search?q=love&year=1994&language=English,105,0,0
1782356384762,110,HTTP Request,200,OK,Year-Language Query 4-4,text,true,,271,159,10,70,http://localhost:8080/search?q=love&year=1994&language=English,110,0,0
1782356384786,108,HTTP Request,200,OK,Year-Language Query 4-1,text,true,,271,159,10,70,http://localhost:8080/search?q=love&year=1994&language=English,108,0,0
1782356384790,126,HTTP Request,200,OK,Year-Language Query 4-6,text,true,,271,159,10,70,http://localhost:8080/search?q=love&year=1994&language=English,126,0,0
1782356384821,102,HTTP Request,200,OK,Year-Language Query 4-5,text,true,,271,159,10,70,http://localhost:8080/search?q=love&year=1994&language=English,102,0,0
1782356384821,107,HTTP Request,200,OK,Year-Language Query 4-9,text,true,,271,159,10,70,http://localhost:8080/search?q=love&year=1994&language=English,107,0,0
1782356384822,107,HTTP Request,200,OK,Year-Language Query 4-10,text,true,,271,159,10,70,http://localhost:8080/search?q=love&year=1994&language=English,107,0,0
1782356384872,73,HTTP Request,200,OK,Year-Language Query 4-7,text,true,,271,159,10,70,http://localhost:8080/search?q=love&year=1994&language=English,73,0,0
1782356384872,88,HTTP Request,200,OK,Year-Language Query 4-4,text,true,,271,159,10,70,http://localhost:8080/search?q=love&year=1994&language=English,88,0,0
1782356384858,103,HTTP Request,200,OK,Year-Language Query 4-2,text,true,,271,159,10,70,http://localhost:8080/search?q=love&year=1994&language=English,103,0,0
1782356384872,91,HTTP Request,200,OK,Year-Language Query 4-3,text,true,,271,159,10,70,http://localhost:8080/search?q=love&year=1994&language=English,91,0,0
1782356384857,142,HTTP Request,200,OK,Year-Language Query 4-8,text,true,,271,159,10,70,http://localhost:8080/search?q=love&year=1994&language=English,142,0,0
1782356384916,98,HTTP Request,200,OK,Year-Language Query 4-6,text,true,,271,159,10,70,http://localhost:8080/search?q=love&year=1994&language=English,98,0,0
1782356384928,105,HTTP Request,200,OK,Year-Language Query 4-9,text,true,,271,159,10,70,http://localhost:8080/search?q=love&year=1994&language=English,105,0,0
1782356384924,113,HTTP Request,200,OK,Year-Language Query 4-5,text,true,,271,159,10,70,http://localhost:8080/search?q=love&year=1994&language=English,113,0,0
1782356384945,97,HTTP Request,200,OK,Year-Language Query 4-7,text,true,,271,159,10,70,http://localhost:8080/search?q=love&year=1994&language=English,97,0,0
1782356384961,94,HTTP Request,200,OK,Year-Language Query 4-4,text,true,,271,159,10,70,http://localhost:8080/search?q=love&year=1994&language=English,94,0,0
1782356384895,174,HTTP Request,200,OK,Year-Language Query 4-1,text,true,,271,159,10,70,http://localhost:8080/search?q=love&year=1994&language=English,174,0,0
1782356384999,70,HTTP Request,200,OK,Year-Language Query 4-8,text,true,,271,159,10,70,http://localhost:8080/search?q=love&year=1994&language=English,70,0,0
1782356384929,141,HTTP Request,200,OK,Year-Language Query 4-10,text,true,,271,159,10,70,http://localhost:8080/search?q=love&year=1994&language=English,141,0,0
1782356384961,115,HTTP Request,200,OK,Year-Language Query 4-2,text,true,,271,159,10,70,http://localhost:8080/search?q=love&year=1994&language=English,115,0,0
1782356384963,125,HTTP Request,200,OK,Year-Language Query 4-3,text,true,,271,159,10,70,http://localhost:8080/search?q=love&year=1994&language=English,125,0,0
1782356385014,112,HTTP Request,200,OK,Year-Language Query 4-6,text,true,,271,159,10,70,http://localhost:8080/search?q=love&year=1994&language=English,111,0,0
1782356385055,73,HTTP Request,200,OK,Year-Language Query 4-4,text,true,,271,159,10,70,http://localhost:8080/search?q=love&year=1994&language=English,73,0,0
1782356385033,95,HTTP Request,200,OK,Year-Language Query 4-9,text,true,,271,159,10,70,http://localhost:8080/search?q=love&year=1994&language=English,95,0,0
1782356385038,94,HTTP Request,200,OK,Year-Language Query 4-5,text,true,,271,159,10,70,http://localhost:8080/search?q=love&year=1994&language=English,94,0,0
1782356385042,93,HTTP Request,200,OK,Year-Language Query 4-7,text,true,,271,159,10,70,http://localhost:8080/search?q=love&year=1994&language=English,93,0,0
1782356385070,71,HTTP Request,200,OK,Year-Language Query 4-10,text,true,,271,159,10,70,http://localhost:8080/search?q=love&year=1994&language=English,71,0,0
1782356385069,97,HTTP Request,200,OK,Year-Language Query 4-1,text,true,,271,159,10,70,http://localhost:8080/search?q=love&year=1994&language=English,97,0,0
1782356385069,97,HTTP Request,200,OK,Year-Language Query 4-8,text,true,,271,159,10,70,http://localhost:8080/search?q=love&year=1994&language=English,97,0,0
1782356385077,104,HTTP Request,200,OK,Year-Language Query 4-2,text,true,,271,159,10,70,http://localhost:8080/search?q=love&year=1994&language=English,104,0,0
1782356385088,109,HTTP Request,200,OK,Year-Language Query 4-3,text,true,,271,159,10,70,http://localhost:8080/search?q=love&year=1994&language=English,109,0,0
1782356385128,70,HTTP Request,200,OK,Year-Language Query 4-9,text,true,,271,159,10,70,http://localhost:8080/search?q=love&year=1994&language=English,70,0,0
1782356385126,76,HTTP Request,200,OK,Year-Language Query 4-6,text,true,,271,159,10,70,http://localhost:8080/search?q=love&year=1994&language=English,76,0,0
1782356385128,79,HTTP Request,200,OK,Year-Language Query 4-4,text,true,,271,159,10,70,http://localhost:8080/search?q=love&year=1994&language=English,79,0,0
1782356385135,105,HTTP Request,200,OK,Year-Language Query 4-7,text,true,,271,159,10,70,http://localhost:8080/search?q=love&year=1994&language=English,105,0,0
1782356385133,108,HTTP Request,200,OK,Year-Language Query 4-5,text,true,,271,159,10,70,http://localhost:8080/search?q=love&year=1994&language=English,108,0,0
1782356385166,137,HTTP Request,200,OK,Year-Language Query 4-1,text,true,,271,159,10,70,http://localhost:8080/search?q=love&year=1994&language=English,137,0,0
1782356385198,126,HTTP Request,200,OK,Year-Language Query 4-9,text,true,,271,159,10,70,http://localhost:8080/search?q=love&year=1994&language=English,126,0,0
1782356385181,143,HTTP Request,200,OK,Year-Language Query 4-2,text,true,,271,159,10,70,http://localhost:8080/search?q=love&year=1994&language=English,143,0,0
1782356385241,83,HTTP Request,200,OK,Year-Language Query 4-5,text,true,,271,159,10,70,http://localhost:8080/search?q=love&year=1994&language=English,83,0,0
1782356385240,86,HTTP Request,200,OK,Year-Language Query 4-7,text,true,,271,159,10,70,http://localhost:8080/search?q=love&year=1994&language=English,86,0,0
1782356385197,130,HTTP Request,200,OK,Year-Language Query 4-3,text,true,,271,159,10,70,http://localhost:8080/search?q=love&year=1994&language=English,130,0,0
1782356385142,191,HTTP Request,200,OK,Year-Language Query 4-10,text,true,,271,159,10,70,http://localhost:8080/search?q=love&year=1994&language=English,191,0,0
1782356385167,196,HTTP Request,200,OK,Year-Language Query 4-8,text,true,,271,159,10,70,http://localhost:8080/search?q=love&year=1994&language=English,196,0,0
1782356385208,156,HTTP Request,200,OK,Year-Language Query 4-4,text,true,,271,159,10,70,http://localhost:8080/search?q=love&year=1994&language=English,156,0,0
1782356385202,184,HTTP Request,200,OK,Year-Language Query 4-6,text,true,,271,159,10,70,http://localhost:8080/search?q=love&year=1994&language=English,184,0,0
1782356385303,151,HTTP Request,200,OK,Year-Language Query 4-1,text,true,,271,159,10,70,http://localhost:8080/search?q=love&year=1994&language=English,151,0,0
1782356385324,131,HTTP Request,200,OK,Year-Language Query 4-9,text,true,,271,159,10,70,http://localhost:8080/search?q=love&year=1994&language=English,131,0,0
1782356385324,135,HTTP Request,200,OK,Year-Language Query 4-5,text,true,,271,159,10,70,http://localhost:8080/search?q=love&year=1994&language=English,135,0,0
1782356385326,149,HTTP Request,200,OK,Year-Language Query 4-7,text,true,,271,159,10,70,http://localhost:8080/search?q=love&year=1994&language=English,149,0,0
1782356385324,151,HTTP Request,200,OK,Year-Language Query 4-2,text,true,,271,159,10,70,http://localhost:8080/search?q=love&year=1994&language=English,151,0,0
1782356385327,148,HTTP Request,200,OK,Year-Language Query 4-3,text,true,,271,159,10,70,http://localhost:8080/search?q=love&year=1994&language=English,148,0,0
1782356385333,162,HTTP Request,200,OK,Year-Language Query 4-10,text,true,,271,159,10,70,http://localhost:8080/search?q=love&year=1994&language=English,162,0,0
1782356385364,142,HTTP Request,200,OK,Year-Language Query 4-4,text,true,,271,159,10,70,http://localhost:8080/search?q=love&year=1994&language=English,142,0,0
1782356385454,95,HTTP Request,200,OK,Year-Language Query 4-1,text,true,,271,159,10,70,http://localhost:8080/search?q=love&year=1994&language=English,95,0,0
1782356385461,89,HTTP Request,200,OK,Year-Language Query 4-5,text,true,,271,159,10,70,http://localhost:8080/search?q=love&year=1994&language=English,89,0,0
1782356385455,96,HTTP Request,200,OK,Year-Language Query 4-9,text,true,,271,159,10,70,http://localhost:8080/search?q=love&year=1994&language=English,96,0,0
1782356385476,93,HTTP Request,200,OK,Year-Language Query 4-3,text,true,,271,159,10,70,http://localhost:8080/search?q=love&year=1994&language=English,93,0,0
1782356385475,100,HTTP Request,200,OK,Year-Language Query 4-7,text,true,,271,159,10,70,http://localhost:8080/search?q=love&year=1994&language=English,100,0,0
1782356385386,199,HTTP Request,200,OK,Year-Language Query 4-6,text,true,,271,159,10,70,http://localhost:8080/search?q=love&year=1994&language=English,199,0,0
1782356385363,235,HTTP Request,200,OK,Year-Language Query 4-8,text,true,,271,159,10,69,http://localhost:8080/search?q=love&year=1994&language=English,235,0,0
1782356385475,147,HTTP Request,200,OK,Year-Language Query 4-2,text,true,,271,159,10,69,http://localhost:8080/search?q=love&year=1994&language=English,147,0,0
1782356385495,186,HTTP Request,200,OK,Year-Language Query 4-10,text,true,,271,159,10,69,http://localhost:8080/search?q=love&year=1994&language=English,186,0,0
1782356385506,175,HTTP Request,200,OK,Year-Language Query 4-4,text,true,,271,159,10,69,http://localhost:8080/search?q=love&year=1994&language=English,175,0,0
1782356385552,146,HTTP Request,200,OK,Year-Language Query 4-9,text,true,,271,159,10,69,http://localhost:8080/search?q=love&year=1994&language=English,146,0,0
1782356385550,149,HTTP Request,200,OK,Year-Language Query 4-5,text,true,,271,159,10,69,http://localhost:8080/search?q=love&year=1994&language=English,149,0,0
1782356385549,150,HTTP Request,200,OK,Year-Language Query 4-1,text,true,,271,159,10,69,http://localhost:8080/search?q=love&year=1994&language=English,150,0,0
1782356385569,131,HTTP Request,200,OK,Year-Language Query 4-3,text,true,,271,159,10,69,http://localhost:8080/search?q=love&year=1994&language=English,131,0,0
1782356385599,150,HTTP Request,200,OK,Year-Language Query 4-8,text,true,,271,159,10,69,http://localhost:8080/search?q=love&year=1994&language=English,150,0,1
1782356385585,166,HTTP Request,200,OK,Year-Language Query 4-6,text,true,,271,159,10,69,http://localhost:8080/search?q=love&year=1994&language=English,166,0,0
1782356385623,219,HTTP Request,200,OK,Year-Language Query 4-2,text,true,,271,159,10,69,http://localhost:8080/search?q=love&year=1994&language=English,219,0,0
1782356385575,273,HTTP Request,200,OK,Year-Language Query 4-7,text,true,,271,159,10,69,http://localhost:8080/search?q=love&year=1994&language=English,273,0,0
1782356385699,178,HTTP Request,200,OK,Year-Language Query 4-1,text,true,,271,159,10,69,http://localhost:8080/search?q=love&year=1994&language=English,178,0,0
1782356385750,128,HTTP Request,200,OK,Year-Language Query 4-8,text,true,,271,159,10,69,http://localhost:8080/search?q=love&year=1994&language=English,128,0,0
1782356385699,180,HTTP Request,200,OK,Year-Language Query 4-5,text,true,,271,159,10,69,http://localhost:8080/search?q=love&year=1994&language=English,180,0,0
1782356385751,134,HTTP Request,200,OK,Year-Language Query 4-6,text,true,,271,159,10,69,http://localhost:8080/search?q=love&year=1994&language=English,134,0,0
1782356385698,187,HTTP Request,200,OK,Year-Language Query 4-9,text,true,,271,159,10,69,http://localhost:8080/search?q=love&year=1994&language=English,187,0,0
1782356385681,207,HTTP Request,200,OK,Year-Language Query 4-10,text,true,,271,159,10,69,http://localhost:8080/search?q=love&year=1994&language=English,207,0,0
1782356385681,229,HTTP Request,200,OK,Year-Language Query 4-4,text,true,,271,159,10,69,http://localhost:8080/search?q=love&year=1994&language=English,229,0,0
1782356385700,223,HTTP Request,200,OK,Year-Language Query 4-3,text,true,,271,159,10,69,http://localhost:8080/search?q=love&year=1994&language=English,223,0,0
1782356385842,136,HTTP Request,200,OK,Year-Language Query 4-2,text,true,,271,159,10,69,http://localhost:8080/search?q=love&year=1994&language=English,136,0,0
1782356385878,103,HTTP Request,200,OK,Year-Language Query 4-8,text,true,,271,159,10,69,http://localhost:8080/search?q=love&year=1994&language=English,103,0,0
1782356385879,109,HTTP Request,200,OK,Year-Language Query 4-5,text,true,,271,159,10,69,http://localhost:8080/search?q=love&year=1994&language=English,109,0,0
1782356385885,103,HTTP Request,200,OK,Year-Language Query 4-6,text,true,,271,159,10,69,http://localhost:8080/search?q=love&year=1994&language=English,103,0,0
1782356385877,111,HTTP Request,200,OK,Year-Language Query 4-1,text,true,,271,159,10,69,http://localhost:8080/search?q=love&year=1994&language=English,111,0,0
1782356385885,125,HTTP Request,200,OK,Year-Language Query 4-9,text,true,,271,159,10,69,http://localhost:8080/search?q=love&year=1994&language=English,125,0,0
1782356385848,168,HTTP Request,200,OK,Year-Language Query 4-7,text,true,,271,159,10,69,http://localhost:8080/search?q=love&year=1994&language=English,168,0,0
1782356385888,139,HTTP Request,200,OK,Year-Language Query 4-10,text,true,,271,159,10,69,http://localhost:8080/search?q=love&year=1994&language=English,139,0,0
1782356385910,145,HTTP Request,200,OK,Year-Language Query 4-4,text,true,,271,159,10,69,http://localhost:8080/search?q=love&year=1994&language=English,145,0,0
1782356385924,147,HTTP Request,200,OK,Year-Language Query 4-3,text,true,,271,159,10,69,http://localhost:8080/search?q=love&year=1994&language=English,147,0,0
1782356385989,117,HTTP Request,200,OK,Year-Language Query 4-1,text,true,,271,159,10,68,http://localhost:8080/search?q=love&year=1994&language=English,117,0,0
1782356385979,140,HTTP Request,200,OK,Year-Language Query 4-2,text,true,,271,159,10,68,http://localhost:8080/search?q=love&year=1994&language=English,140,0,0
1782356385982,138,HTTP Request,200,OK,Year-Language Query 4-8,text,true,,271,159,10,68,http://localhost:8080/search?q=love&year=1994&language=English,138,0,0
1782356385988,133,HTTP Request,200,OK,Year-Language Query 4-5,text,true,,271,159,10,68,http://localhost:8080/search?q=love&year=1994&language=English,133,0,0
1782356385989,132,HTTP Request,200,OK,Year-Language Query 4-6,text,true,,271,159,10,68,http://localhost:8080/search?q=love&year=1994&language=English,132,0,0
1782356386027,101,HTTP Request,200,OK,Year-Language Query 4-10,text,true,,271,159,10,68,http://localhost:8080/search?q=love&year=1994&language=English,101,0,0
1782356386016,113,HTTP Request,200,OK,Year-Language Query 4-7,text,true,,271,159,10,68,http://localhost:8080/search?q=love&year=1994&language=English,113,0,0
1782356386011,136,HTTP Request,200,OK,Year-Language Query 4-9,text,true,,271,159,10,68,http://localhost:8080/search?q=love&year=1994&language=English,136,0,0
1782356386055,152,HTTP Request,200,OK,Year-Language Query 4-4,text,true,,271,159,10,68,http://localhost:8080/search?q=love&year=1994&language=English,152,0,0
1782356386106,103,HTTP Request,200,OK,Year-Language Query 4-1,text,true,,271,159,10,68,http://localhost:8080/search?q=love&year=1994&language=English,103,0,0
1782356386119,93,HTTP Request,200,OK,Year-Language Query 4-2,text,true,,271,159,10,68,http://localhost:8080/search?q=love&year=1994&language=English,93,0,0
1782356386121,121,HTTP Request,200,OK,Year-Language Query 4-5,text,true,,271,159,10,68,http://localhost:8080/search?q=love&year=1994&language=English,121,0,0
1782356386120,128,HTTP Request,200,OK,Year-Language Query 4-8,text,true,,271,159,10,68,http://localhost:8080/search?q=love&year=1994&language=English,128,0,0
1782356386121,128,HTTP Request,200,OK,Year-Language Query 4-6,text,true,,271,159,10,68,http://localhost:8080/search?q=love&year=1994&language=English,128,0,0
1782356386071,179,HTTP Request,200,OK,Year-Language Query 4-3,text,true,,271,159,10,68,http://localhost:8080/search?q=love&year=1994&language=English,179,0,0
1782356386129,129,HTTP Request,200,OK,Year-Language Query 4-7,text,true,,271,159,10,68,http://localhost:8080/search?q=love&year=1994&language=English,129,0,0
1782356386128,134,HTTP Request,200,OK,Year-Language Query 4-10,text,true,,271,159,10,68,http://localhost:8080/search?q=love&year=1994&language=English,134,0,0
1782356386147,193,HTTP Request,200,OK,Year-Language Query 4-9,text,true,,271,159,10,68,http://localhost:8080/search?q=love&year=1994&language=English,193,0,0
1782356386258,140,HTTP Request,200,OK,Year-Language Query 4-7,text,true,,271,159,10,68,http://localhost:8080/search?q=love&year=1994&language=English,140,0,0
1782356386207,228,HTTP Request,200,OK,Year-Language Query 4-4,text,true,,271,159,10,68,http://localhost:8080/search?q=love&year=1994&language=English,228,0,0
1782356386212,226,HTTP Request,200,OK,Year-Language Query 4-2,text,true,,271,159,10,68,http://localhost:8080/search?q=love&year=1994&language=English,226,0,0
1782356386242,203,HTTP Request,200,OK,Year-Language Query 4-5,text,true,,271,159,10,68,http://localhost:8080/search?q=love&year=1994&language=English,203,0,0
1782356386262,184,HTTP Request,200,OK,Year-Language Query 4-10,text,true,,271,159,10,68,http://localhost:8080/search?q=love&year=1994&language=English,184,0,0
1782356386209,237,HTTP Request,200,OK,Year-Language Query 4-1,text,true,,271,159,10,68,http://localhost:8080/search?q=love&year=1994&language=English,237,0,0
1782356386250,214,HTTP Request,200,OK,Year-Language Query 4-3,text,true,,271,159,9,67,http://localhost:8080/search?q=love&year=1994&language=English,214,0,0
1782356386249,234,HTTP Request,200,OK,Year-Language Query 4-8,text,true,,271,159,9,67,http://localhost:8080/search?q=love&year=1994&language=English,234,0,0
1782356386249,234,HTTP Request,200,OK,Year-Language Query 4-6,text,true,,271,159,9,67,http://localhost:8080/search?q=love&year=1994&language=English,234,0,0
1782356386340,228,HTTP Request,200,OK,Year-Language Query 4-9,text,true,,271,159,9,67,http://localhost:8080/search?q=love&year=1994&language=English,228,0,0
1782356386436,202,HTTP Request,200,OK,Year-Language Query 4-4,text,true,,271,159,9,67,http://localhost:8080/search?q=love&year=1994&language=English,202,0,0
1782356386438,200,HTTP Request,200,OK,Year-Language Query 4-2,text,true,,271,159,9,67,http://localhost:8080/search?q=love&year=1994&language=English,200,0,0
1782356386398,240,HTTP Request,200,OK,Year-Language Query 4-7,text,true,,271,159,9,67,http://localhost:8080/search?q=love&year=1994&language=English,240,0,0
1782356386445,193,HTTP Request,200,OK,Year-Language Query 4-5,text,true,,271,159,9,67,http://localhost:8080/search?q=love&year=1994&language=English,193,0,0
1782356386464,176,HTTP Request,200,OK,Year-Language Query 4-3,text,true,,271,159,9,67,http://localhost:8080/search?q=love&year=1994&language=English,176,0,0
1782356386446,195,HTTP Request,200,OK,Year-Language Query 4-10,text,true,,271,159,9,67,http://localhost:8080/search?q=love&year=1994&language=English,195,0,0
1782356386483,172,HTTP Request,200,OK,Year-Language Query 4-6,text,true,,271,159,9,67,http://localhost:8080/search?q=love&year=1994&language=English,172,0,0
1782356386483,197,HTTP Request,200,OK,Year-Language Query 4-8,text,true,,271,159,9,67,http://localhost:8080/search?q=love&year=1994&language=English,197,0,0
1782356386568,118,HTTP Request,200,OK,Year-Language Query 4-9,text,true,,271,159,9,67,http://localhost:8080/search?q=love&year=1994&language=English,118,0,2
1782356386641,150,HTTP Request,200,OK,Year-Language Query 4-10,text,true,,271,159,9,67,http://localhost:8080/search?q=love&year=1994&language=English,150,0,0
1782356386656,144,HTTP Request,200,OK,Year-Language Query 4-6,text,true,,271,159,9,67,http://localhost:8080/search?q=love&year=1994&language=English,144,0,0
1782356386640,161,HTTP Request,200,OK,Year-Language Query 4-3,text,true,,271,159,9,67,http://localhost:8080/search?q=love&year=1994&language=English,161,0,0
1782356386639,169,HTTP Request,200,OK,Year-Language Query 4-5,text,true,,271,159,9,67,http://localhost:8080/search?q=love&year=1994&language=English,169,0,0
1782356386680,129,HTTP Request,200,OK,Year-Language Query 4-8,text,true,,271,159,9,67,http://localhost:8080/search?q=love&year=1994&language=English,129,0,0
1782356386638,181,HTTP Request,200,OK,Year-Language Query 4-7,text,true,,271,159,9,67,http://localhost:8080/search?q=love&year=1994&language=English,181,0,0
1782356386638,181,HTTP Request,200,OK,Year-Language Query 4-4,text,true,,271,159,9,67,http://localhost:8080/search?q=love&year=1994&language=English,181,0,0
1782356386686,191,HTTP Request,200,OK,Year-Language Query 4-9,text,true,,271,159,9,67,http://localhost:8080/search?q=love&year=1994&language=English,191,0,0
1782356386638,262,HTTP Request,200,OK,Year-Language Query 4-2,text,true,,271,159,9,67,http://localhost:8080/search?q=love&year=1994&language=English,262,0,0
1782356386792,125,HTTP Request,200,OK,Year-Language Query 4-10,text,true,,271,159,9,67,http://localhost:8080/search?q=love&year=1994&language=English,125,0,0
1782356386809,109,HTTP Request,200,OK,Year-Language Query 4-5,text,true,,271,159,9,67,http://localhost:8080/search?q=love&year=1994&language=English,109,0,0
1782356386801,132,HTTP Request,200,OK,Year-Language Query 4-3,text,true,,271,159,9,67,http://localhost:8080/search?q=love&year=1994&language=English,132,0,0
1782356386819,132,HTTP Request,200,OK,Year-Language Query 4-4,text,true,,271,159,9,67,http://localhost:8080/search?q=love&year=1994&language=English,132,0,0
1782356386810,150,HTTP Request,200,OK,Year-Language Query 4-8,text,true,,271,159,9,67,http://localhost:8080/search?q=love&year=1994&language=English,150,0,0
1782356386819,142,HTTP Request,200,OK,Year-Language Query 4-7,text,true,,271,159,9,67,http://localhost:8080/search?q=love&year=1994&language=English,142,0,0
1782356386800,162,HTTP Request,200,OK,Year-Language Query 4-6,text,true,,271,159,9,67,http://localhost:8080/search?q=love&year=1994&language=English,162,0,0
1782356386917,92,HTTP Request,200,OK,Year-Language Query 4-10,text,true,,271,159,9,67,http://localhost:8080/search?q=love&year=1994&language=English,92,0,0
1782356386919,92,HTTP Request,200,OK,Year-Language Query 4-5,text,true,,271,159,9,67,http://localhost:8080/search?q=love&year=1994&language=English,92,0,0
1782356386877,146,HTTP Request,200,OK,Year-Language Query 4-9,text,true,,271,159,9,67,http://localhost:8080/search?q=love&year=1994&language=English,146,0,0
1782356386901,146,HTTP Request,200,OK,Year-Language Query 4-2,text,true,,271,159,9,67,http://localhost:8080/search?q=love&year=1994&language=English,146,0,0
1782356386960,95,HTTP Request,200,OK,Year-Language Query 4-8,text,true,,271,159,9,67,http://localhost:8080/search?q=love&year=1994&language=English,95,0,0
1782356386951,133,HTTP Request,200,OK,Year-Language Query 4-4,text,true,,271,159,9,67,http://localhost:8080/search?q=love&year=1994&language=English,133,0,0
1782356386961,123,HTTP Request,200,OK,Year-Language Query 4-7,text,true,,271,159,9,67,http://localhost:8080/search?q=love&year=1994&language=English,123,0,0
1782356386933,152,HTTP Request,200,OK,Year-Language Query 4-3,text,true,,271,159,9,67,http://localhost:8080/search?q=love&year=1994&language=English,152,0,0
1782356386962,126,HTTP Request,200,OK,Year-Language Query 4-6,text,true,,271,159,9,67,http://localhost:8080/search?q=love&year=1994&language=English,126,0,0
1782356387011,201,HTTP Request,200,OK,Year-Language Query 4-5,text,true,,271,159,9,67,http://localhost:8080/search?q=love&year=1994&language=English,201,0,0
1782356387048,177,HTTP Request,200,OK,Year-Language Query 4-2,text,true,,271,159,9,67,http://localhost:8080/search?q=love&year=1994&language=English,176,0,0
1782356387056,169,HTTP Request,200,OK,Year-Language Query 4-8,text,true,,271,159,9,67,http://localhost:8080/search?q=love&year=1994&language=English,168,0,0
1782356387023,213,HTTP Request,200,OK,Year-Language Query 4-9,text,true,,271,159,9,67,http://localhost:8080/search?q=love&year=1994&language=English,213,0,0
1782356387010,235,HTTP Request,200,OK,Year-Language Query 4-10,text,true,,271,159,9,67,http://localhost:8080/search?q=love&year=1994&language=English,235,0,0
1782356387084,166,HTTP Request,200,OK,Year-Language Query 4-4,text,true,,271,159,9,67,http://localhost:8080/search?q=love&year=1994&language=English,166,0,0
1782356387085,168,HTTP Request,200,OK,Year-Language Query 4-7,text,true,,271,159,9,67,http://localhost:8080/search?q=love&year=1994&language=English,168,0,0
1782356387088,166,HTTP Request,200,OK,Year-Language Query 4-6,text,true,,271,159,9,67,http://localhost:8080/search?q=love&year=1994&language=English,166,0,0
1782356387085,177,HTTP Request,200,OK,Year-Language Query 4-3,text,true,,271,159,9,67,http://localhost:8080/search?q=love&year=1994&language=English,177,0,0
1782356387213,94,HTTP Request,200,OK,Year-Language Query 4-5,text,true,,271,159,9,67,http://localhost:8080/search?q=love&year=1994&language=English,94,0,0
1782356387225,188,HTTP Request,200,OK,Year-Language Query 4-8,text,true,,271,159,9,67,http://localhost:8080/search?q=love&year=1994&language=English,188,0,0
1782356387236,177,HTTP Request,200,OK,Year-Language Query 4-9,text,true,,271,159,9,67,http://localhost:8080/search?q=love&year=1994&language=English,177,0,0
1782356387245,168,HTTP Request,200,OK,Year-Language Query 4-10,text,true,,271,159,9,67,http://localhost:8080/search?q=love&year=1994&language=English,168,0,0
1782356387225,190,HTTP Request,200,OK,Year-Language Query 4-2,text,true,,271,159,9,67,http://localhost:8080/search?q=love&year=1994&language=English,190,0,0
1782356387251,167,HTTP Request,200,OK,Year-Language Query 4-4,text,true,,271,159,9,67,http://localhost:8080/search?q=love&year=1994&language=English,167,0,0
1782356387308,113,HTTP Request,200,OK,Year-Language Query 4-5,text,true,,271,159,9,66,http://localhost:8080/search?q=love&year=1994&language=English,113,0,0
1782356387255,166,HTTP Request,200,OK,Year-Language Query 4-6,text,true,,271,159,9,66,http://localhost:8080/search?q=love&year=1994&language=English,166,0,0
1782356387262,177,HTTP Request,200,OK,Year-Language Query 4-3,text,true,,271,159,9,66,http://localhost:8080/search?q=love&year=1994&language=English,176,0,0
1782356387253,199,HTTP Request,200,OK,Year-Language Query 4-7,text,true,,271,159,9,66,http://localhost:8080/search?q=love&year=1994&language=English,199,0,0
1782356387413,63,HTTP Request,200,OK,Year-Language Query 4-8,text,true,,271,159,9,66,http://localhost:8080/search?q=love&year=1994&language=English,63,0,0
1782356387413,75,HTTP Request,200,OK,Year-Language Query 4-9,text,true,,271,159,9,66,http://localhost:8080/search?q=love&year=1994&language=English,75,0,0
1782356387414,109,HTTP Request,200,OK,Year-Language Query 4-10,text,true,,271,159,9,66,http://localhost:8080/search?q=love&year=1994&language=English,109,0,0
1782356387423,109,HTTP Request,200,OK,Year-Language Query 4-6,text,true,,271,159,9,66,http://localhost:8080/search?q=love&year=1994&language=English,109,0,0
1782356387419,114,HTTP Request,200,OK,Year-Language Query 4-4,text,true,,271,159,9,66,http://localhost:8080/search?q=love&year=1994&language=English,114,0,0
1782356387416,118,HTTP Request,200,OK,Year-Language Query 4-2,text,true,,271,159,9,66,http://localhost:8080/search?q=love&year=1994&language=English,118,0,0
1782356387421,114,HTTP Request,200,OK,Year-Language Query 4-5,text,true,,271,159,9,66,http://localhost:8080/search?q=love&year=1994&language=English,114,0,0
1782356387452,131,HTTP Request,200,OK,Year-Language Query 4-7,text,true,,271,159,9,66,http://localhost:8080/search?q=love&year=1994&language=English,131,0,0
1782356387477,111,HTTP Request,200,OK,Year-Language Query 4-8,text,true,,271,159,9,66,http://localhost:8080/search?q=love&year=1994&language=English,111,0,0
1782356387439,149,HTTP Request,200,OK,Year-Language Query 4-3,text,true,,271,159,9,66,http://localhost:8080/search?q=love&year=1994&language=English,149,0,0
1782356387488,124,HTTP Request,200,OK,Year-Language Query 4-9,text,true,,271,159,9,66,http://localhost:8080/search?q=love&year=1994&language=English,124,0,0
1782356387532,97,HTTP Request,200,OK,Year-Language Query 4-6,text,true,,271,159,9,66,http://localhost:8080/search?q=love&year=1994&language=English,97,0,0
1782356387535,100,HTTP Request,200,OK,Year-Language Query 4-5,text,true,,271,159,9,66,http://localhost:8080/search?q=love&year=1994&language=English,100,0,0
1782356387533,127,HTTP Request,200,OK,Year-Language Query 4-4,text,true,,271,159,9,66,http://localhost:8080/search?q=love&year=1994&language=English,127,0,0
1782356387523,141,HTTP Request,200,OK,Year-Language Query 4-10,text,true,,271,159,9,66,http://localhost:8080/search?q=love&year=1994&language=English,141,0,3
1782356387534,140,HTTP Request,200,OK,Year-Language Query 4-2,text,true,,271,159,9,66,http://localhost:8080/search?q=love&year=1994&language=English,140,0,0
1782356387588,110,HTTP Request,200,OK,Year-Language Query 4-3,text,true,,271,159,9,66,http://localhost:8080/search?q=love&year=1994&language=English,110,0,0
1782356387612,88,HTTP Request,200,OK,Year-Language Query 4-9,text,true,,271,159,9,66,http://localhost:8080/search?q=love&year=1994&language=English,88,0,0
1782356387583,117,HTTP Request,200,OK,Year-Language Query 4-7,text,true,,271,159,9,66,http://localhost:8080/search?q=love&year=1994&language=English,117,0,0
1782356387629,75,HTTP Request,200,OK,Year-Language Query 4-6,text,true,,271,159,9,66,http://localhost:8080/search?q=love&year=1994&language=English,75,0,0
1782356387588,125,HTTP Request,200,OK,Year-Language Query 4-8,text,true,,271,159,9,66,http://localhost:8080/search?q=love&year=1994&language=English,125,0,0
1782356387635,101,HTTP Request,200,OK,Year-Language Query 4-5,text,true,,271,159,9,66,http://localhost:8080/search?q=love&year=1994&language=English,101,0,0
1782356387660,86,HTTP Request,200,OK,Year-Language Query 4-4,text,true,,271,159,9,66,http://localhost:8080/search?q=love&year=1994&language=English,86,0,0
1782356387664,82,HTTP Request,200,OK,Year-Language Query 4-10,text,true,,271,159,9,66,http://localhost:8080/search?q=love&year=1994&language=English,82,0,0
1782356387674,114,HTTP Request,200,OK,Year-Language Query 4-2,text,true,,271,159,9,66,http://localhost:8080/search?q=love&year=1994&language=English,114,0,0
1782356387698,104,HTTP Request,200,OK,Year-Language Query 4-3,text,true,,271,159,9,66,http://localhost:8080/search?q=love&year=1994&language=English,104,0,0
1782356387700,102,HTTP Request,200,OK,Year-Language Query 4-9,text,true,,271,159,9,66,http://localhost:8080/search?q=love&year=1994&language=English,102,0,0
1782356387701,112,HTTP Request,200,OK,Year-Language Query 4-7,text,true,,271,159,9,66,http://localhost:8080/search?q=love&year=1994&language=English,112,0,0
1782356387713,100,HTTP Request,200,OK,Year-Language Query 4-8,text,true,,271,159,9,66,http://localhost:8080/search?q=love&year=1994&language=English,100,0,0
1782356387704,109,HTTP Request,200,OK,Year-Language Query 4-6,text,true,,271,159,9,66,http://localhost:8080/search?q=love&year=1994&language=English,109,0,0
1782356387747,85,HTTP Request,200,OK,Year-Language Query 4-10,text,true,,271,159,9,65,http://localhost:8080/search?q=love&year=1994&language=English,85,0,0
1782356387747,85,HTTP Request,200,OK,Year-Language Query 4-4,text,true,,271,159,9,65,http://localhost:8080/search?q=love&year=1994&language=English,85,0,0
1782356387736,102,HTTP Request,200,OK,Year-Language Query 4-5,text,true,,271,159,9,65,http://localhost:8080/search?q=love&year=1994&language=English,102,0,0
1782356387813,171,HTTP Request,200,OK,Year-Language Query 4-7,text,true,,271,159,9,65,http://localhost:8080/search?q=love&year=1994&language=English,171,0,0
1782356387803,181,HTTP Request,200,OK,Year-Language Query 4-9,text,true,,271,159,9,65,http://localhost:8080/search?q=love&year=1994&language=English,181,0,0
1782356387802,183,HTTP Request,200,OK,Year-Language Query 4-3,text,true,,271,159,9,65,http://localhost:8080/search?q=love&year=1994&language=English,183,0,0
1782356387814,171,HTTP Request,200,OK,Year-Language Query 4-6,text,true,,271,159,9,65,http://localhost:8080/search?q=love&year=1994&language=English,171,0,0
1782356387788,200,HTTP Request,200,OK,Year-Language Query 4-2,text,true,,271,159,9,65,http://localhost:8080/search?q=love&year=1994&language=English,200,0,0
1782356387813,175,HTTP Request,200,OK,Year-Language Query 4-8,text,true,,271,159,9,65,http://localhost:8080/search?q=love&year=1994&language=English,175,0,0
1782356387832,164,HTTP Request,200,OK,Year-Language Query 4-10,text,true,,271,159,9,65,http://localhost:8080/search?q=love&year=1994&language=English,164,0,0
1782356387832,166,HTTP Request,200,OK,Year-Language Query 4-4,text,true,,271,159,9,65,http://localhost:8080/search?q=love&year=1994&language=English,166,0,0
1782356387839,161,HTTP Request,200,OK,Year-Language Query 4-5,text,true,,271,159,9,65,http://localhost:8080/search?q=love&year=1994&language=English,161,0,0
1782356387985,134,HTTP Request,200,OK,Year-Language Query 4-3,text,true,,271,159,9,65,http://localhost:8080/search?q=love&year=1994&language=English,134,0,0
1782356387997,123,HTTP Request,200,OK,Year-Language Query 4-10,text,true,,271,159,9,65,http://localhost:8080/search?q=love&year=1994&language=English,123,0,0
1782356387986,134,HTTP Request,200,OK,Year-Language Query 4-6,text,true,,271,159,9,65,http://localhost:8080/search?q=love&year=1994&language=English,134,0,0
1782356387988,133,HTTP Request,200,OK,Year-Language Query 4-2,text,true,,271,159,9,65,http://localhost:8080/search?q=love&year=1994&language=English,133,0,0
1782356387998,125,HTTP Request,200,OK,Year-Language Query 4-4,text,true,,271,159,9,65,http://localhost:8080/search?q=love&year=1994&language=English,125,0,0
1782356387984,139,HTTP Request,200,OK,Year-Language Query 4-9,text,true,,271,159,9,65,http://localhost:8080/search?q=love&year=1994&language=English,139,0,0
1782356387988,157,HTTP Request,200,OK,Year-Language Query 4-8,text,true,,271,159,9,65,http://localhost:8080/search?q=love&year=1994&language=English,157,0,0
1782356387984,183,HTTP Request,200,OK,Year-Language Query 4-7,text,true,,271,159,9,65,http://localhost:8080/search?q=love&year=1994&language=English,183,0,0
1782356388000,167,HTTP Request,200,OK,Year-Language Query 4-5,text,true,,271,159,9,65,http://localhost:8080/search?q=love&year=1994&language=English,167,0,0
1782356388121,77,HTTP Request,200,OK,Year-Language Query 4-10,text,true,,271,159,9,65,http://localhost:8080/search?q=love&year=1994&language=English,77,0,0
1782356388123,83,HTTP Request,200,OK,Year-Language Query 4-4,text,true,,271,159,9,65,http://localhost:8080/search?q=love&year=1994&language=English,83,0,0
1782356388122,84,HTTP Request,200,OK,Year-Language Query 4-2,text,true,,271,159,9,65,http://localhost:8080/search?q=love&year=1994&language=English,84,0,0
1782356388123,84,HTTP Request,200,OK,Year-Language Query 4-9,text,true,,271,159,9,65,http://localhost:8080/search?q=love&year=1994&language=English,84,0,0
1782356388146,89,HTTP Request,200,OK,Year-Language Query 4-8,text,true,,271,159,9,65,http://localhost:8080/search?q=love&year=1994&language=English,89,0,0
1782356388121,120,HTTP Request,200,OK,Year-Language Query 4-6,text,true,,271,159,9,65,http://localhost:8080/search?q=love&year=1994&language=English,120,0,0
1782356388167,111,HTTP Request,200,OK,Year-Language Query 4-5,text,true,,271,159,9,65,http://localhost:8080/search?q=love&year=1994&language=English,111,0,0
1782356388206,74,HTTP Request,200,OK,Year-Language Query 4-4,text,true,,271,159,9,65,http://localhost:8080/search?q=love&year=1994&language=English,74,0,0
1782356388199,82,HTTP Request,200,OK,Year-Language Query 4-10,text,true,,271,159,9,65,http://localhost:8080/search?q=love&year=1994&language=English,82,0,0
1782356388119,163,HTTP Request,200,OK,Year-Language Query 4-3,text,true,,271,159,9,65,http://localhost:8080/search?q=love&year=1994&language=English,163,0,0
1782356388167,115,HTTP Request,200,OK,Year-Language Query 4-7,text,true,,271,159,9,65,http://localhost:8080/search?q=love&year=1994&language=English,115,0,0
1782356388206,76,HTTP Request,200,OK,Year-Language Query 4-2,text,true,,271,159,9,65,http://localhost:8080/search?q=love&year=1994&language=English,76,0,0
1782356388207,112,HTTP Request,200,OK,Year-Language Query 4-9,text,true,,271,159,9,65,http://localhost:8080/search?q=love&year=1994&language=English,112,0,0
1782356388235,101,HTTP Request,200,OK,Year-Language Query 4-8,text,true,,271,159,9,64,http://localhost:8080/search?q=love&year=1994&language=English,101,0,0
1782356388242,95,HTTP Request,200,OK,Year-Language Query 4-6,text,true,,271,159,9,64,http://localhost:8080/search?q=love&year=1994&language=English,95,0,0
1782356388278,144,HTTP Request,200,OK,Year-Language Query 4-5,text,true,,271,159,9,64,http://localhost:8080/search?q=love&year=1994&language=English,144,0,0
1782356388281,141,HTTP Request,200,OK,Year-Language Query 4-10,text,true,,271,159,9,64,http://localhost:8080/search?q=love&year=1994&language=English,141,0,0
1782356388282,159,HTTP Request,200,OK,Year-Language Query 4-7,text,true,,271,159,9,64,http://localhost:8080/search?q=love&year=1994&language=English,159,0,0
1782356388280,171,HTTP Request,200,OK,Year-Language Query 4-4,text,true,,271,159,9,64,http://localhost:8080/search?q=love&year=1994&language=English,171,0,0
1782356388282,180,HTTP Request,200,OK,Year-Language Query 4-2,text,true,,271,159,9,64,http://localhost:8080/search?q=love&year=1994&language=English,180,0,0
1782356388282,182,HTTP Request,200,OK,Year-Language Query 4-3,text,true,,271,159,9,64,http://localhost:8080/search?q=love&year=1994&language=English,182,0,0
1782356388319,165,HTTP Request,200,OK,Year-Language Query 4-9,text,true,,271,159,9,64,http://localhost:8080/search?q=love&year=1994&language=English,165,0,0
1782356388422,90,HTTP Request,200,OK,Year-Language Query 4-10,text,true,,271,159,9,64,http://localhost:8080/search?q=love&year=1994&language=English,90,0,0
1782356388337,181,HTTP Request,200,OK,Year-Language Query 4-8,text,true,,271,159,9,64,http://localhost:8080/search?q=love&year=1994&language=English,181,0,0
1782356388422,96,HTTP Request,200,OK,Year-Language Query 4-5,text,true,,271,159,9,64,http://localhost:8080/search?q=love&year=1994&language=English,96,0,0
1782356388338,186,HTTP Request,200,OK,Year-Language Query 4-6,text,true,,271,159,9,64,http://localhost:8080/search?q=love&year=1994&language=English,186,0,0
1782356388451,89,HTTP Request,200,OK,Year-Language Query 4-4,text,true,,271,159,9,64,http://localhost:8080/search?q=love&year=1994&language=English,89,0,0
1782356388441,99,HTTP Request,200,OK,Year-Language Query 4-7,text,true,,271,159,9,64,http://localhost:8080/search?q=love&year=1994&language=English,99,0,0
1782356388464,99,HTTP Request,200,OK,Year-Language Query 4-2,text,true,,271,159,9,64,http://localhost:8080/search?q=love&year=1994&language=English,99,0,0
1782356388465,98,HTTP Request,200,OK,Year-Language Query 4-3,text,true,,271,159,9,64,http://localhost:8080/search?q=love&year=1994&language=English,98,0,0
1782356388485,95,HTTP Request,200,OK,Year-Language Query 4-9,text,true,,271,159,9,64,http://localhost:8080/search?q=love&year=1994&language=English,94,0,0
1782356388513,133,HTTP Request,200,OK,Year-Language Query 4-10,text,true,,271,159,9,64,http://localhost:8080/search?q=love&year=1994&language=English,133,0,0
1782356388541,138,HTTP Request,200,OK,Year-Language Query 4-7,text,true,,271,159,9,64,http://localhost:8080/search?q=love&year=1994&language=English,138,0,0
1782356388541,138,HTTP Request,200,OK,Year-Language Query 4-4,text,true,,271,159,9,64,http://localhost:8080/search?q=love&year=1994&language=English,138,0,0
1782356388524,156,HTTP Request,200,OK,Year-Language Query 4-6,text,true,,271,159,9,64,http://localhost:8080/search?q=love&year=1994&language=English,156,0,0
1782356388518,162,HTTP Request,200,OK,Year-Language Query 4-8,text,true,,271,159,9,64,http://localhost:8080/search?q=love&year=1994&language=English,162,0,0
1782356388518,162,HTTP Request,200,OK,Year-Language Query 4-5,text,true,,271,159,9,64,http://localhost:8080/search?q=love&year=1994&language=English,162,0,0
1782356388564,117,HTTP Request,200,OK,Year-Language Query 4-3,text,true,,271,159,9,64,http://localhost:8080/search?q=love&year=1994&language=English,117,0,0
1782356388564,127,HTTP Request,200,OK,Year-Language Query 4-2,text,true,,271,159,9,64,http://localhost:8080/search?q=love&year=1994&language=English,127,0,0
1782356388580,134,HTTP Request,200,OK,Year-Language Query 4-9,text,true,,271,159,9,63,http://localhost:8080/search?q=love&year=1994&language=English,134,0,0
1782356388680,91,HTTP Request,200,OK,Year-Language Query 4-6,text,true,,271,159,9,63,http://localhost:8080/search?q=love&year=1994&language=English,91,0,0
1782356388681,108,HTTP Request,200,OK,Year-Language Query 4-3,text,true,,271,159,9,63,http://localhost:8080/search?q=love&year=1994&language=English,108,0,0
1782356388680,109,HTTP Request,200,OK,Year-Language Query 4-5,text,true,,271,159,9,63,http://localhost:8080/search?q=love&year=1994&language=English,109,0,0
1782356388680,110,HTTP Request,200,OK,Year-Language Query 4-7,text,true,,271,159,9,63,http://localhost:8080/search?q=love&year=1994&language=English,110,0,0
1782356388646,144,HTTP Request,200,OK,Year-Language Query 4-10,text,true,,271,159,9,63,http://localhost:8080/search?q=love&year=1994&language=English,144,0,0
1782356388680,111,HTTP Request,200,OK,Year-Language Query 4-8,text,true,,271,159,9,63,http://localhost:8080/search?q=love&year=1994&language=English,111,0,0
1782356388680,111,HTTP Request,200,OK,Year-Language Query 4-4,text,true,,271,159,9,63,http://localhost:8080/search?q=love&year=1994&language=English,111,0,0
1782356388714,104,HTTP Request,200,OK,Year-Language Query 4-9,text,true,,271,159,9,63,http://localhost:8080/search?q=love&year=1994&language=English,104,0,0
1782356388691,138,HTTP Request,200,OK,Year-Language Query 4-2,text,true,,271,159,9,63,http://localhost:8080/search?q=love&year=1994&language=English,138,0,0
1782356388771,103,HTTP Request,200,OK,Year-Language Query 4-6,text,true,,271,159,9,63,http://localhost:8080/search?q=love&year=1994&language=English,103,0,0
1782356388791,92,HTTP Request,200,OK,Year-Language Query 4-8,text,true,,271,159,9,63,http://localhost:8080/search?q=love&year=1994&language=English,92,0,0
1782356388791,93,HTTP Request,200,OK,Year-Language Query 4-4,text,true,,271,159,9,63,http://localhost:8080/search?q=love&year=1994&language=English,93,0,0
1782356388790,184,HTTP Request,200,OK,Year-Language Query 4-7,text,true,,271,159,9,62,http://localhost:8080/search?q=love&year=1994&language=English,184,0,0
1782356388790,185,HTTP Request,200,OK,Year-Language Query 4-5,text,true,,271,159,9,62,http://localhost:8080/search?q=love&year=1994&language=English,185,0,0
1782356388790,187,HTTP Request,200,OK,Year-Language Query 4-10,text,true,,271,159,9,62,http://localhost:8080/search?q=love&year=1994&language=English,187,0,0
1782356388789,189,HTTP Request,200,OK,Year-Language Query 4-3,text,true,,271,159,9,62,http://localhost:8080/search?q=love&year=1994&language=English,189,0,0
1782356388874,126,HTTP Request,200,OK,Year-Language Query 4-6,text,true,,271,159,9,62,http://localhost:8080/search?q=love&year=1994&language=English,126,0,0
1782356388818,185,HTTP Request,200,OK,Year-Language Query 4-9,text,true,,271,159,9,62,http://localhost:8080/search?q=love&year=1994&language=English,185,0,0
1782356388884,119,HTTP Request,200,OK,Year-Language Query 4-4,text,true,,271,159,9,62,http://localhost:8080/search?q=love&year=1994&language=English,119,0,0
1782356388830,174,HTTP Request,200,OK,Year-Language Query 4-2,text,true,,271,159,9,62,http://localhost:8080/search?q=love&year=1994&language=English,174,0,0
1782356388884,164,HTTP Request,200,OK,Year-Language Query 4-8,text,true,,271,159,9,62,http://localhost:8080/search?q=love&year=1994&language=English,164,0,0
1782356389004,66,HTTP Request,200,OK,Year-Language Query 4-4,text,true,,271,159,9,62,http://localhost:8080/search?q=love&year=1994&language=English,66,0,0
1782356389003,82,HTTP Request,200,OK,Year-Language Query 4-9,text,true,,271,159,9,61,http://localhost:8080/search?q=love&year=1994&language=English,82,0,0
1782356389001,85,HTTP Request,200,OK,Year-Language Query 4-6,text,true,,271,159,9,61,http://localhost:8080/search?q=love&year=1994&language=English,85,0,0
1782356389004,82,HTTP Request,200,OK,Year-Language Query 4-2,text,true,,271,159,9,61,http://localhost:8080/search?q=love&year=1994&language=English,82,0,0
1782356388975,131,HTTP Request,200,OK,Year-Language Query 4-5,text,true,,271,159,8,59,http://localhost:8080/search?q=love&year=1994&language=English,131,0,0
1782356388978,141,HTTP Request,200,OK,Year-Language Query 4-3,text,true,,271,159,8,59,http://localhost:8080/search?q=love&year=1994&language=English,141,0,0
1782356388975,147,HTTP Request,200,OK,Year-Language Query 4-7,text,true,,271,159,8,59,http://localhost:8080/search?q=love&year=1994&language=English,147,0,0
1782356388977,146,HTTP Request,200,OK,Year-Language Query 4-10,text,true,,271,159,8,59,http://localhost:8080/search?q=love&year=1994&language=English,146,0,0
1782356389048,92,HTTP Request,200,OK,Year-Language Query 4-8,text,true,,271,159,8,59,http://localhost:8080/search?q=love&year=1994&language=English,92,0,0
1782356389070,82,HTTP Request,200,OK,Year-Language Query 4-4,text,true,,271,159,8,59,http://localhost:8080/search?q=love&year=1994&language=English,82,0,0
1782356389085,69,HTTP Request,200,OK,Year-Language Query 4-9,text,true,,271,159,8,59,http://localhost:8080/search?q=love&year=1994&language=English,69,0,0
1782356389086,78,HTTP Request,200,OK,Year-Language Query 4-6,text,true,,271,159,8,59,http://localhost:8080/search?q=love&year=1994&language=English,78,0,0
1782356389107,78,HTTP Request,200,OK,Year-Language Query 4-5,text,true,,271,159,8,59,http://localhost:8080/search?q=love&year=1994&language=English,78,0,0
1782356389140,59,HTTP Request,200,OK,Year-Language Query 4-8,text,true,,271,159,8,59,http://localhost:8080/search?q=love&year=1994&language=English,59,0,0
1782356389124,75,HTTP Request,200,OK,Year-Language Query 4-10,text,true,,271,159,8,59,http://localhost:8080/search?q=love&year=1994&language=English,75,0,0
1782356389120,82,HTTP Request,200,OK,Year-Language Query 4-3,text,true,,271,159,8,59,http://localhost:8080/search?q=love&year=1994&language=English,82,0,0
1782356389152,71,HTTP Request,200,OK,Year-Language Query 4-4,text,true,,271,159,8,59,http://localhost:8080/search?q=love&year=1994&language=English,71,0,0
1782356389154,69,HTTP Request,200,OK,Year-Language Query 4-9,text,true,,271,159,8,59,http://localhost:8080/search?q=love&year=1994&language=English,69,0,0
1782356389122,109,HTTP Request,200,OK,Year-Language Query 4-7,text,true,,271,159,8,59,http://localhost:8080/search?q=love&year=1994&language=English,109,0,0
1782356389164,76,HTTP Request,200,OK,Year-Language Query 4-6,text,true,,271,159,8,59,http://localhost:8080/search?q=love&year=1994&language=English,76,0,0
1782356389185,67,HTTP Request,200,OK,Year-Language Query 4-5,text,true,,271,159,8,59,http://localhost:8080/search?q=love&year=1994&language=English,67,0,0
1782356389202,64,HTTP Request,200,OK,Year-Language Query 4-3,text,true,,271,159,8,59,http://localhost:8080/search?q=love&year=1994&language=English,64,0,0
1782356389199,90,HTTP Request,200,OK,Year-Language Query 4-8,text,true,,271,159,7,58,http://localhost:8080/search?q=love&year=1994&language=English,90,0,0
1782356389200,89,HTTP Request,200,OK,Year-Language Query 4-10,text,true,,271,159,7,58,http://localhost:8080/search?q=love&year=1994&language=English,89,0,0
1782356389223,78,HTTP Request,200,OK,Year-Language Query 4-4,text,true,,271,159,7,58,http://localhost:8080/search?q=love&year=1994&language=English,78,0,0
1782356389223,91,HTTP Request,200,OK,Year-Language Query 4-9,text,true,,271,159,6,57,http://localhost:8080/search?q=love&year=1994&language=English,91,0,0
1782356389231,93,HTTP Request,200,OK,Year-Language Query 4-7,text,true,,271,159,6,57,http://localhost:8080/search?q=love&year=1994&language=English,93,0,0
1782356389252,72,HTTP Request,200,OK,Year-Language Query 4-5,text,true,,271,159,6,57,http://localhost:8080/search?q=love&year=1994&language=English,72,0,0
1782356389240,84,HTTP Request,200,OK,Year-Language Query 4-6,text,true,,271,159,6,57,http://localhost:8080/search?q=love&year=1994&language=English,84,0,0
1782356389289,77,HTTP Request,200,OK,Year-Language Query 4-10,text,true,,271,159,6,57,http://localhost:8080/search?q=love&year=1994&language=English,77,0,0
1782356389289,78,HTTP Request,200,OK,Year-Language Query 4-8,text,true,,271,159,6,57,http://localhost:8080/search?q=love&year=1994&language=English,78,0,0
1782356389314,81,HTTP Request,200,OK,Year-Language Query 4-9,text,true,,271,159,6,57,http://localhost:8080/search?q=love&year=1994&language=English,81,0,0
1782356389324,172,HTTP Request,200,OK,Year-Language Query 4-7,text,true,,271,159,6,57,http://localhost:8080/search?q=love&year=1994&language=English,172,0,0
1782356389324,176,HTTP Request,200,OK,Year-Language Query 4-5,text,true,,271,159,6,57,http://localhost:8080/search?q=love&year=1994&language=English,176,0,0
1782356389324,185,HTTP Request,200,OK,Year-Language Query 4-6,text,true,,271,159,6,57,http://localhost:8080/search?q=love&year=1994&language=English,185,0,0
1782356389396,135,HTTP Request,200,OK,Year-Language Query 4-9,text,true,,271,159,6,57,http://localhost:8080/search?q=love&year=1994&language=English,135,0,0
1782356389367,164,HTTP Request,200,OK,Year-Language Query 4-8,text,true,,271,159,6,57,http://localhost:8080/search?q=love&year=1994&language=English,164,0,0
1782356389366,165,HTTP Request,200,OK,Year-Language Query 4-10,text,true,,271,159,6,57,http://localhost:8080/search?q=love&year=1994&language=English,165,0,0
1782356389496,108,HTTP Request,200,OK,Year-Language Query 4-7,text,true,,271,159,6,57,http://localhost:8080/search?q=love&year=1994&language=English,108,0,0
1782356389531,80,HTTP Request,200,OK,Year-Language Query 4-10,text,true,,271,159,6,57,http://localhost:8080/search?q=love&year=1994&language=English,80,0,0
1782356389531,82,HTTP Request,200,OK,Year-Language Query 4-9,text,true,,271,159,6,57,http://localhost:8080/search?q=love&year=1994&language=English,82,0,0
1782356389531,83,HTTP Request,200,OK,Year-Language Query 4-8,text,true,,271,159,6,57,http://localhost:8080/search?q=love&year=1994&language=English,83,0,0
1782356389510,132,HTTP Request,200,OK,Year-Language Query 4-6,text,true,,271,159,6,57,http://localhost:8080/search?q=love&year=1994&language=English,132,0,0
1782356389501,154,HTTP Request,200,OK,Year-Language Query 4-5,text,true,,271,159,6,57,http://localhost:8080/search?q=love&year=1994&language=English,154,0,0
1782356389605,76,HTTP Request,200,OK,Year-Language Query 4-7,text,true,,271,159,6,57,http://localhost:8080/search?q=love&year=1994&language=English,76,0,0
1782356389655,81,HTTP Request,200,OK,Year-Language Query 4-5,text,true,,271,159,6,57,http://localhost:8080/search?q=love&year=1994&language=English,81,0,0
1782356389613,130,HTTP Request,200,OK,Year-Language Query 4-9,text,true,,271,159,6,57,http://localhost:8080/search?q=love&year=1994&language=English,130,0,0
1782356389612,131,HTTP Request,200,OK,Year-Language Query 4-10,text,true,,271,159,6,57,http://localhost:8080/search?q=love&year=1994&language=English,131,0,0
1782356389681,86,HTTP Request,200,OK,Year-Language Query 4-7,text,true,,271,159,6,57,http://localhost:8080/search?q=love&year=1994&language=English,86,0,0
1782356389642,137,HTTP Request,200,OK,Year-Language Query 4-6,text,true,,271,159,6,57,http://localhost:8080/search?q=love&year=1994&language=English,137,0,0
1782356389614,168,HTTP Request,200,OK,Year-Language Query 4-8,text,true,,271,159,6,57,http://localhost:8080/search?q=love&year=1994&language=English,168,0,0
1782356389767,66,HTTP Request,200,OK,Year-Language Query 4-7,text,true,,271,159,6,57,http://localhost:8080/search?q=love&year=1994&language=English,66,0,0
1782356389743,90,HTTP Request,200,OK,Year-Language Query 4-10,text,true,,271,159,6,57,http://localhost:8080/search?q=love&year=1994&language=English,90,0,0
1782356389743,91,HTTP Request,200,OK,Year-Language Query 4-9,text,true,,271,159,6,57,http://localhost:8080/search?q=love&year=1994&language=English,91,0,0
1782356389782,76,HTTP Request,200,OK,Year-Language Query 4-8,text,true,,271,159,6,57,http://localhost:8080/search?q=love&year=1994&language=English,76,0,0
1782356389736,153,HTTP Request,200,OK,Year-Language Query 4-5,text,true,,271,159,6,57,http://localhost:8080/search?q=love&year=1994&language=English,153,0,0
1782356389833,82,HTTP Request,200,OK,Year-Language Query 4-10,text,true,,271,159,6,57,http://localhost:8080/search?q=love&year=1994&language=English,82,0,0
1782356389833,84,HTTP Request,200,OK,Year-Language Query 4-7,text,true,,271,159,6,57,http://localhost:8080/search?q=love&year=1994&language=English,84,0,0
1782356389779,176,HTTP Request,200,OK,Year-Language Query 4-6,text,true,,271,159,6,56,http://localhost:8080/search?q=love&year=1994&language=English,176,0,0
1782356389834,121,HTTP Request,200,OK,Year-Language Query 4-9,text,true,,271,159,6,56,http://localhost:8080/search?q=love&year=1994&language=English,121,0,0
1782356389858,144,HTTP Request,200,OK,Year-Language Query 4-8,text,true,,271,159,6,56,http://localhost:8080/search?q=love&year=1994&language=English,144,0,0
1782356389955,82,HTTP Request,200,OK,Year-Language Query 4-9,text,true,,271,159,6,56,http://localhost:8080/search?q=love&year=1994&language=English,82,0,0
1782356389955,95,HTTP Request,200,OK,Year-Language Query 4-6,text,true,,271,159,6,56,http://localhost:8080/search?q=love&year=1994&language=English,95,0,0
1782356389918,132,HTTP Request,200,OK,Year-Language Query 4-7,text,true,,271,159,6,56,http://localhost:8080/search?q=love&year=1994&language=English,132,0,0
1782356389915,136,HTTP Request,200,OK,Year-Language Query 4-10,text,true,,271,159,6,56,http://localhost:8080/search?q=love&year=1994&language=English,136,0,0
1782356389889,196,HTTP Request,200,OK,Year-Language Query 4-5,text,true,,271,159,6,56,http://localhost:8080/search?q=love&year=1994&language=English,196,0,0
1782356390003,101,HTTP Request,200,OK,Year-Language Query 4-8,text,true,,271,159,6,56,http://localhost:8080/search?q=love&year=1994&language=English,101,0,0
1782356390037,91,HTTP Request,200,OK,Year-Language Query 4-9,text,true,,271,159,6,56,http://localhost:8080/search?q=love&year=1994&language=English,91,0,0
1782356390050,79,HTTP Request,200,OK,Year-Language Query 4-7,text,true,,271,159,6,56,http://localhost:8080/search?q=love&year=1994&language=English,78,0,0
1782356390052,84,HTTP Request,200,OK,Year-Language Query 4-10,text,true,,271,159,6,56,http://localhost:8080/search?q=love&year=1994&language=English,84,0,0
1782356390050,121,HTTP Request,200,OK,Year-Language Query 4-6,text,true,,271,159,6,56,http://localhost:8080/search?q=love&year=1994&language=English,121,0,0
1782356390085,117,HTTP Request,200,OK,Year-Language Query 4-5,text,true,,271,159,6,56,http://localhost:8080/search?q=love&year=1994&language=English,117,0,0
1782356390104,109,HTTP Request,200,OK,Year-Language Query 4-8,text,true,,271,159,6,56,http://localhost:8080/search?q=love&year=1994&language=English,109,0,0
1782356390129,90,HTTP Request,200,OK,Year-Language Query 4-7,text,true,,271,159,6,56,http://localhost:8080/search?q=love&year=1994&language=English,90,0,0
1782356390129,95,HTTP Request,200,OK,Year-Language Query 4-9,text,true,,271,159,6,56,http://localhost:8080/search?q=love&year=1994&language=English,95,0,0
1782356390136,123,HTTP Request,200,OK,Year-Language Query 4-10,text,true,,271,159,6,55,http://localhost:8080/search?q=love&year=1994&language=English,123,0,0
1782356390202,77,HTTP Request,200,OK,Year-Language Query 4-5,text,true,,271,159,6,55,http://localhost:8080/search?q=love&year=1994&language=English,76,0,0
1782356390213,80,HTTP Request,200,OK,Year-Language Query 4-8,text,true,,271,159,6,55,http://localhost:8080/search?q=love&year=1994&language=English,80,0,0
1782356390171,146,HTTP Request,200,OK,Year-Language Query 4-6,text,true,,271,159,6,55,http://localhost:8080/search?q=love&year=1994&language=English,146,0,0
1782356390220,110,HTTP Request,200,OK,Year-Language Query 4-7,text,true,,271,159,6,55,http://localhost:8080/search?q=love&year=1994&language=English,110,0,0
1782356390225,150,HTTP Request,200,OK,Year-Language Query 4-9,text,true,,271,159,6,55,http://localhost:8080/search?q=love&year=1994&language=English,150,0,0
1782356390259,129,HTTP Request,200,OK,Year-Language Query 4-10,text,true,,271,159,6,55,http://localhost:8080/search?q=love&year=1994&language=English,129,0,0
1782356390279,110,HTTP Request,200,OK,Year-Language Query 4-5,text,true,,271,159,6,55,http://localhost:8080/search?q=love&year=1994&language=English,110,0,0
1782356390293,99,HTTP Request,200,OK,Year-Language Query 4-8,text,true,,271,159,6,55,http://localhost:8080/search?q=love&year=1994&language=English,99,0,0
1782356390331,66,HTTP Request,200,OK,Year-Language Query 4-7,text,true,,271,159,6,55,http://localhost:8080/search?q=love&year=1994&language=English,66,0,0
1782356390317,109,HTTP Request,200,OK,Year-Language Query 4-6,text,true,,271,159,6,55,http://localhost:8080/search?q=love&year=1994&language=English,109,0,0
1782356390376,143,HTTP Request,200,OK,Year-Language Query 4-9,text,true,,271,159,6,55,http://localhost:8080/search?q=love&year=1994&language=English,143,0,0
1782356390390,150,HTTP Request,200,OK,Year-Language Query 4-5,text,true,,271,159,6,55,http://localhost:8080/search?q=love&year=1994&language=English,150,0,0
1782356390397,169,HTTP Request,200,OK,Year-Language Query 4-7,text,true,,271,159,6,55,http://localhost:8080/search?q=love&year=1994&language=English,169,0,0
1782356390392,180,HTTP Request,200,OK,Year-Language Query 4-8,text,true,,271,159,6,55,http://localhost:8080/search?q=love&year=1994&language=English,180,0,0
1782356390427,145,HTTP Request,200,OK,Year-Language Query 4-6,text,true,,271,159,6,55,http://localhost:8080/search?q=love&year=1994&language=English,145,0,0
1782356390388,184,HTTP Request,200,OK,Year-Language Query 4-10,text,true,,271,159,6,55,http://localhost:8080/search?q=love&year=1994&language=English,184,0,0
1782356390519,97,HTTP Request,200,OK,Year-Language Query 4-9,text,true,,271,159,6,55,http://localhost:8080/search?q=love&year=1994&language=English,97,0,0
1782356390540,84,HTTP Request,200,OK,Year-Language Query 4-5,text,true,,271,159,6,55,http://localhost:8080/search?q=love&year=1994&language=English,84,0,0
1782356390566,85,HTTP Request,200,OK,Year-Language Query 4-7,text,true,,271,159,6,55,http://localhost:8080/search?q=love&year=1994&language=English,85,0,0
1782356390573,78,HTTP Request,200,OK,Year-Language Query 4-10,text,true,,271,159,6,55,http://localhost:8080/search?q=love&year=1994&language=English,78,0,0
1782356390572,80,HTTP Request,200,OK,Year-Language Query 4-6,text,true,,271,159,6,55,http://localhost:8080/search?q=love&year=1994&language=English,80,0,0
1782356390572,116,HTTP Request,200,OK,Year-Language Query 4-8,text,true,,271,159,6,55,http://localhost:8080/search?q=love&year=1994&language=English,116,0,0
1782356390624,67,HTTP Request,200,OK,Year-Language Query 4-5,text,true,,271,159,6,55,http://localhost:8080/search?q=love&year=1994&language=English,67,0,0
1782356390616,87,HTTP Request,200,OK,Year-Language Query 4-9,text,true,,271,159,6,55,http://localhost:8080/search?q=love&year=1994&language=English,87,0,0
1782356390651,88,HTTP Request,200,OK,Year-Language Query 4-7,text,true,,271,159,6,55,http://localhost:8080/search?q=love&year=1994&language=English,88,0,0
1782356390653,87,HTTP Request,200,OK,Year-Language Query 4-6,text,true,,271,159,6,55,http://localhost:8080/search?q=love&year=1994&language=English,87,0,0
1782356390651,93,HTTP Request,200,OK,Year-Language Query 4-10,text,true,,271,159,6,55,http://localhost:8080/search?q=love&year=1994&language=English,93,0,0
1782356390691,100,HTTP Request,200,OK,Year-Language Query 4-5,text,true,,271,159,6,55,http://localhost:8080/search?q=love&year=1994&language=English,100,0,0
1782356390689,106,HTTP Request,200,OK,Year-Language Query 4-8,text,true,,271,159,6,55,http://localhost:8080/search?q=love&year=1994&language=English,106,0,0
1782356390703,107,HTTP Request,200,OK,Year-Language Query 4-9,text,true,,271,159,6,55,http://localhost:8080/search?q=love&year=1994&language=English,107,0,0
1782356390739,96,HTTP Request,200,OK,Year-Language Query 4-7,text,true,,271,159,6,55,http://localhost:8080/search?q=love&year=1994&language=English,96,0,0
1782356390740,113,HTTP Request,200,OK,Year-Language Query 4-6,text,true,,271,159,6,55,http://localhost:8080/search?q=love&year=1994&language=English,113,0,0
1782356390745,116,HTTP Request,200,OK,Year-Language Query 4-10,text,true,,271,159,6,55,http://localhost:8080/search?q=love&year=1994&language=English,116,0,0
1782356390791,90,HTTP Request,200,OK,Year-Language Query 4-5,text,true,,271,159,6,55,http://localhost:8080/search?q=love&year=1994&language=English,90,0,0
1782356390795,86,HTTP Request,200,OK,Year-Language Query 4-8,text,true,,271,159,6,55,http://localhost:8080/search?q=love&year=1994&language=English,86,0,0
1782356390835,78,HTTP Request,200,OK,Year-Language Query 4-7,text,true,,271,159,6,55,http://localhost:8080/search?q=love&year=1994&language=English,78,0,0
1782356390810,135,HTTP Request,200,OK,Year-Language Query 4-9,text,true,,271,159,6,55,http://localhost:8080/search?q=love&year=1994&language=English,135,0,0
1782356390854,91,HTTP Request,200,OK,Year-Language Query 4-6,text,true,,271,159,6,55,http://localhost:8080/search?q=love&year=1994&language=English,91,0,0
1782356390862,85,HTTP Request,200,OK,Year-Language Query 4-10,text,true,,271,159,6,55,http://localhost:8080/search?q=love&year=1994&language=English,85,0,0
1782356390882,65,HTTP Request,200,OK,Year-Language Query 4-5,text,true,,271,159,6,55,http://localhost:8080/search?q=love&year=1994&language=English,65,0,0
1782356390882,71,HTTP Request,200,OK,Year-Language Query 4-8,text,true,,271,159,6,55,http://localhost:8080/search?q=love&year=1994&language=English,71,0,0
1782356390913,169,HTTP Request,200,OK,Year-Language Query 4-7,text,true,,271,159,6,55,http://localhost:8080/search?q=love&year=1994&language=English,169,0,0
1782356390945,164,HTTP Request,200,OK,Year-Language Query 4-9,text,true,,271,159,6,55,http://localhost:8080/search?q=love&year=1994&language=English,164,0,0
1782356390947,163,HTTP Request,200,OK,Year-Language Query 4-10,text,true,,271,159,6,55,http://localhost:8080/search?q=love&year=1994&language=English,163,0,0
1782356390947,166,HTTP Request,200,OK,Year-Language Query 4-5,text,true,,271,159,6,55,http://localhost:8080/search?q=love&year=1994&language=English,166,0,0
1782356390946,167,HTTP Request,200,OK,Year-Language Query 4-6,text,true,,271,159,6,55,http://localhost:8080/search?q=love&year=1994&language=English,167,0,0
1782356390954,165,HTTP Request,200,OK,Year-Language Query 4-8,text,true,,271,159,6,54,http://localhost:8080/search?q=love&year=1994&language=English,165,0,0
1782356391082,121,HTTP Request,200,OK,Year-Language Query 4-7,text,true,,271,159,6,54,http://localhost:8080/search?q=love&year=1994&language=English,121,0,0
1782356391109,102,HTTP Request,200,OK,Year-Language Query 4-9,text,true,,271,159,6,54,http://localhost:8080/search?q=love&year=1994&language=English,102,0,0
1782356391114,98,HTTP Request,200,OK,Year-Language Query 4-5,text,true,,271,159,6,54,http://localhost:8080/search?q=love&year=1994&language=English,98,0,0
1782356391113,99,HTTP Request,200,OK,Year-Language Query 4-6,text,true,,271,159,6,54,http://localhost:8080/search?q=love&year=1994&language=English,98,0,0
1782356391119,97,HTTP Request,200,OK,Year-Language Query 4-8,text,true,,271,159,6,54,http://localhost:8080/search?q=love&year=1994&language=English,97,0,0
1782356391110,187,HTTP Request,200,OK,Year-Language Query 4-10,text,true,,271,159,6,54,http://localhost:8080/search?q=love&year=1994&language=English,186,0,0
1782356391204,98,HTTP Request,200,OK,Year-Language Query 4-7,text,true,,271,159,6,54,http://localhost:8080/search?q=love&year=1994&language=English,98,0,0
1782356391216,96,HTTP Request,200,OK,Year-Language Query 4-8,text,true,,271,159,6,54,http://localhost:8080/search?q=love&year=1994&language=English,96,0,0
1782356391212,101,HTTP Request,200,OK,Year-Language Query 4-5,text,true,,271,159,6,54,http://localhost:8080/search?q=love&year=1994&language=English,101,0,0
1782356391212,131,HTTP Request,200,OK,Year-Language Query 4-6,text,true,,271,159,5,53,http://localhost:8080/search?q=love&year=1994&language=English,131,0,0
1782356391212,132,HTTP Request,200,OK,Year-Language Query 4-9,text,true,,271,159,5,53,http://localhost:8080/search?q=love&year=1994&language=English,132,0,0
1782356391302,89,HTTP Request,200,OK,Year-Language Query 4-7,text,true,,271,159,5,53,http://localhost:8080/search?q=love&year=1994&language=English,89,0,0
1782356391297,107,HTTP Request,200,OK,Year-Language Query 4-10,text,true,,271,159,5,53,http://localhost:8080/search?q=love&year=1994&language=English,107,0,0
1782356391344,115,HTTP Request,200,OK,Year-Language Query 4-6,text,true,,271,159,5,53,http://localhost:8080/search?q=love&year=1994&language=English,115,0,0
1782356391345,114,HTTP Request,200,OK,Year-Language Query 4-9,text,true,,271,159,5,53,http://localhost:8080/search?q=love&year=1994&language=English,114,0,0
1782356391313,163,HTTP Request,200,OK,Year-Language Query 4-8,text,true,,271,159,5,53,http://localhost:8080/search?q=love&year=1994&language=English,163,0,0
1782356391392,102,HTTP Request,200,OK,Year-Language Query 4-7,text,true,,271,159,5,53,http://localhost:8080/search?q=love&year=1994&language=English,102,0,0
1782356391459,139,HTTP Request,200,OK,Year-Language Query 4-6,text,true,,271,159,5,53,http://localhost:8080/search?q=love&year=1994&language=English,139,0,0
1782356391460,145,HTTP Request,200,OK,Year-Language Query 4-9,text,true,,271,159,5,53,http://localhost:8080/search?q=love&year=1994&language=English,145,0,0
1782356391476,135,HTTP Request,200,OK,Year-Language Query 4-8,text,true,,271,159,5,53,http://localhost:8080/search?q=love&year=1994&language=English,135,0,0
1782356391494,118,HTTP Request,200,OK,Year-Language Query 4-7,text,true,,271,159,5,53,http://localhost:8080/search?q=love&year=1994&language=English,118,0,0
1782356391405,213,HTTP Request,200,OK,Year-Language Query 4-10,text,true,,271,159,5,53,http://localhost:8080/search?q=love&year=1994&language=English,213,0,0
1782356391605,54,HTTP Request,200,OK,Year-Language Query 4-9,text,true,,271,159,5,53,http://localhost:8080/search?q=love&year=1994&language=English,54,0,0
1782356391598,66,HTTP Request,200,OK,Year-Language Query 4-6,text,true,,271,159,5,53,http://localhost:8080/search?q=love&year=1994&language=English,66,0,0
1782356391611,73,HTTP Request,200,OK,Year-Language Query 4-8,text,true,,271,159,5,53,http://localhost:8080/search?q=love&year=1994&language=English,73,0,0
1782356391619,68,HTTP Request,200,OK,Year-Language Query 4-10,text,true,,271,159,5,53,http://localhost:8080/search?q=love&year=1994&language=English,68,0,0
1782356391612,103,HTTP Request,200,OK,Year-Language Query 4-7,text,true,,271,159,5,53,http://localhost:8080/search?q=love&year=1994&language=English,103,0,0
1782356391660,66,HTTP Request,200,OK,Year-Language Query 4-9,text,true,,271,159,5,53,http://localhost:8080/search?q=love&year=1994&language=English,66,0,0
1782356391664,74,HTTP Request,200,OK,Year-Language Query 4-6,text,true,,271,159,5,53,http://localhost:8080/search?q=love&year=1994&language=English,74,0,0
1782356391687,66,HTTP Request,200,OK,Year-Language Query 4-10,text,true,,271,159,4,52,http://localhost:8080/search?q=love&year=1994&language=English,66,0,0
1782356391684,69,HTTP Request,200,OK,Year-Language Query 4-8,text,true,,271,159,4,52,http://localhost:8080/search?q=love&year=1994&language=English,69,0,0
1782356391716,100,HTTP Request,200,OK,Year-Language Query 4-7,text,true,,271,159,4,52,http://localhost:8080/search?q=love&year=1994&language=English,100,0,0
1782356391753,84,HTTP Request,200,OK,Year-Language Query 4-8,text,true,,271,159,4,52,http://localhost:8080/search?q=love&year=1994&language=English,84,0,0
1782356391753,85,HTTP Request,200,OK,Year-Language Query 4-10,text,true,,271,159,4,52,http://localhost:8080/search?q=love&year=1994&language=English,85,0,0
1782356391726,113,HTTP Request,200,OK,Year-Language Query 4-9,text,true,,271,159,4,52,http://localhost:8080/search?q=love&year=1994&language=English,113,0,0
1782356391816,93,HTTP Request,200,OK,Year-Language Query 4-7,text,true,,271,159,4,51,http://localhost:8080/search?q=love&year=1994&language=English,93,0,0
1782356391838,87,HTTP Request,200,OK,Year-Language Query 4-8,text,true,,271,159,4,51,http://localhost:8080/search?q=love&year=1994&language=English,87,0,0
1782356391839,88,HTTP Request,200,OK,Year-Language Query 4-10,text,true,,271,159,4,51,http://localhost:8080/search?q=love&year=1994&language=English,88,0,0
1782356391840,88,HTTP Request,200,OK,Year-Language Query 4-9,text,true,,271,159,4,51,http://localhost:8080/search?q=love&year=1994&language=English,88,0,0
1782356391910,69,HTTP Request,200,OK,Year-Language Query 4-7,text,true,,271,159,4,51,http://localhost:8080/search?q=love&year=1994&language=English,69,0,0
1782356391925,79,HTTP Request,200,OK,Year-Language Query 4-8,text,true,,271,159,4,51,http://localhost:8080/search?q=love&year=1994&language=English,79,0,0
1782356391928,77,HTTP Request,200,OK,Year-Language Query 4-9,text,true,,271,159,4,51,http://localhost:8080/search?q=love&year=1994&language=English,77,0,0
1782356391927,84,HTTP Request,200,OK,Year-Language Query 4-10,text,true,,271,159,4,51,http://localhost:8080/search?q=love&year=1994&language=English,84,0,0
1782356391979,159,HTTP Request,200,OK,Year-Language Query 4-7,text,true,,271,159,4,50,http://localhost:8080/search?q=love&year=1994&language=English,159,0,0
1782356392005,137,HTTP Request,200,OK,Year-Language Query 4-9,text,true,,271,159,4,50,http://localhost:8080/search?q=love&year=1994&language=English,137,0,0
1782356392012,131,HTTP Request,200,OK,Year-Language Query 4-10,text,true,,271,159,4,50,http://localhost:8080/search?q=love&year=1994&language=English,131,0,0
1782356392004,139,HTTP Request,200,OK,Year-Language Query 4-8,text,true,,271,159,4,50,http://localhost:8080/search?q=love&year=1994&language=English,139,0,0
1782356392143,93,HTTP Request,200,OK,Year-Language Query 4-8,text,true,,271,159,4,50,http://localhost:8080/search?q=love&year=1994&language=English,93,0,0
1782356392138,98,HTTP Request,200,OK,Year-Language Query 4-7,text,true,,271,159,4,50,http://localhost:8080/search?q=love&year=1994&language=English,98,0,0
1782356392143,94,HTTP Request,200,OK,Year-Language Query 4-10,text,true,,271,159,4,50,http://localhost:8080/search?q=love&year=1994&language=English,94,0,0
1782356392143,94,HTTP Request,200,OK,Year-Language Query 4-9,text,true,,271,159,4,50,http://localhost:8080/search?q=love&year=1994&language=English,94,0,0
1782356392236,82,HTTP Request,200,OK,Year-Language Query 4-7,text,true,,271,159,4,49,http://localhost:8080/search?q=love&year=1994&language=English,82,0,0
1782356392237,85,HTTP Request,200,OK,Year-Language Query 4-9,text,true,,271,159,4,49,http://localhost:8080/search?q=love&year=1994&language=English,85,0,0
1782356392237,94,HTTP Request,200,OK,Year-Language Query 4-10,text,true,,271,159,4,49,http://localhost:8080/search?q=love&year=1994&language=English,94,0,0
1782356392236,102,HTTP Request,200,OK,Year-Language Query 4-8,text,true,,271,159,4,49,http://localhost:8080/search?q=love&year=1994&language=English,102,0,0
1782356392319,87,HTTP Request,200,OK,Year-Language Query 4-7,text,true,,271,159,4,49,http://localhost:8080/search?q=love&year=1994&language=English,87,0,0
1782356392332,87,HTTP Request,200,OK,Year-Language Query 4-10,text,true,,271,159,4,49,http://localhost:8080/search?q=love&year=1994&language=English,87,0,0
1782356392322,123,HTTP Request,200,OK,Year-Language Query 4-9,text,true,,271,159,4,49,http://localhost:8080/search?q=love&year=1994&language=English,123,0,0
1782356392406,79,HTTP Request,200,OK,Year-Language Query 4-7,text,true,,271,159,4,49,http://localhost:8080/search?q=love&year=1994&language=English,79,0,0
1782356392419,91,HTTP Request,200,OK,Year-Language Query 4-10,text,true,,271,159,4,49,http://localhost:8080/search?q=love&year=1994&language=English,91,0,0
1782356392338,173,HTTP Request,200,OK,Year-Language Query 4-8,text,true,,271,159,4,49,http://localhost:8080/search?q=love&year=1994&language=English,173,0,0
1782356392485,140,HTTP Request,200,OK,Year-Language Query 4-7,text,true,,271,159,4,49,http://localhost:8080/search?q=love&year=1994&language=English,140,0,0
1782356392445,199,HTTP Request,200,OK,Year-Language Query 4-9,text,true,,271,159,4,49,http://localhost:8080/search?q=love&year=1994&language=English,199,0,0
1782356392510,168,HTTP Request,200,OK,Year-Language Query 4-10,text,true,,271,159,4,49,http://localhost:8080/search?q=love&year=1994&language=English,168,0,0
1782356392511,188,HTTP Request,200,OK,Year-Language Query 4-8,text,true,,271,159,4,49,http://localhost:8080/search?q=love&year=1994&language=English,188,0,0
1782356392626,88,HTTP Request,200,OK,Year-Language Query 4-7,text,true,,271,159,4,49,http://localhost:8080/search?q=love&year=1994&language=English,88,0,0
1782356392644,122,HTTP Request,200,OK,Year-Language Query 4-9,text,true,,271,159,4,49,http://localhost:8080/search?q=love&year=1994&language=English,122,0,0
1782356392699,102,HTTP Request,200,OK,Year-Language Query 4-8,text,true,,271,159,4,49,http://localhost:8080/search?q=love&year=1994&language=English,102,0,0
1782356392679,130,HTTP Request,200,OK,Year-Language Query 4-10,text,true,,271,159,4,49,http://localhost:8080/search?q=love&year=1994&language=English,130,0,0
1782356392716,94,HTTP Request,200,OK,Year-Language Query 4-7,text,true,,271,159,4,49,http://localhost:8080/search?q=love&year=1994&language=English,94,0,0
1782356392767,73,HTTP Request,200,OK,Year-Language Query 4-9,text,true,,271,159,4,49,http://localhost:8080/search?q=love&year=1994&language=English,73,0,0
1782356392810,70,HTTP Request,200,OK,Year-Language Query 4-10,text,true,,271,159,4,49,http://localhost:8080/search?q=love&year=1994&language=English,70,0,0
1782356392810,73,HTTP Request,200,OK,Year-Language Query 4-7,text,true,,271,159,4,49,http://localhost:8080/search?q=love&year=1994&language=English,73,0,0
1782356392801,85,HTTP Request,200,OK,Year-Language Query 4-8,text,true,,271,159,4,49,http://localhost:8080/search?q=love&year=1994&language=English,85,0,0
1782356392841,85,HTTP Request,200,OK,Year-Language Query 4-9,text,true,,271,159,4,49,http://localhost:8080/search?q=love&year=1994&language=English,85,0,0
1782356392886,74,HTTP Request,200,OK,Year-Language Query 4-8,text,true,,271,159,4,49,http://localhost:8080/search?q=love&year=1994&language=English,74,0,0
1782356392884,76,HTTP Request,200,OK,Year-Language Query 4-7,text,true,,271,159,4,49,http://localhost:8080/search?q=love&year=1994&language=English,76,0,0
1782356392881,80,HTTP Request,200,OK,Year-Language Query 4-10,text,true,,271,159,4,49,http://localhost:8080/search?q=love&year=1994&language=English,80,0,0
1782356392926,101,HTTP Request,200,OK,Year-Language Query 4-9,text,true,,271,159,4,49,http://localhost:8080/search?q=love&year=1994&language=English,101,0,0
1782356392961,86,HTTP Request,200,OK,Year-Language Query 4-10,text,true,,271,159,4,49,http://localhost:8080/search?q=love&year=1994&language=English,86,0,0
1782356392960,112,HTTP Request,200,OK,Year-Language Query 4-7,text,true,,271,159,4,49,http://localhost:8080/search?q=love&year=1994&language=English,112,0,0
1782356392960,115,HTTP Request,200,OK,Year-Language Query 4-8,text,true,,271,159,4,49,http://localhost:8080/search?q=love&year=1994&language=English,115,0,0
1782356393075,120,HTTP Request,200,OK,Year-Language Query 4-8,text,true,,271,159,4,49,http://localhost:8080/search?q=love&year=1994&language=English,120,0,0
1782356393073,125,HTTP Request,200,OK,Year-Language Query 4-7,text,true,,271,159,3,48,http://localhost:8080/search?q=love&year=1994&language=English,125,0,0
1782356393047,152,HTTP Request,200,OK,Year-Language Query 4-10,text,true,,271,159,3,48,http://localhost:8080/search?q=love&year=1994&language=English,152,0,0
1782356393027,192,HTTP Request,200,OK,Year-Language Query 4-9,text,true,,271,159,3,48,http://localhost:8080/search?q=love&year=1994&language=English,192,0,0
1782356393219,102,HTTP Request,200,OK,Year-Language Query 4-9,text,true,,271,159,3,47,http://localhost:8080/search?q=love&year=1994&language=English,102,0,0
1782356393198,129,HTTP Request,200,OK,Year-Language Query 4-7,text,true,,271,159,3,47,http://localhost:8080/search?q=love&year=1994&language=English,129,0,0
1782356393200,188,HTTP Request,200,OK,Year-Language Query 4-10,text,true,,271,159,3,46,http://localhost:8080/search?q=love&year=1994&language=English,188,0,0
1782356393322,78,HTTP Request,200,OK,Year-Language Query 4-9,text,true,,271,159,3,46,http://localhost:8080/search?q=love&year=1994&language=English,78,0,0
1782356393327,103,HTTP Request,200,OK,Year-Language Query 4-7,text,true,,271,159,3,46,http://localhost:8080/search?q=love&year=1994&language=English,103,0,0
1782356393400,102,HTTP Request,200,OK,Year-Language Query 4-9,text,true,,271,159,3,46,http://localhost:8080/search?q=love&year=1994&language=English,102,0,0
1782356393430,80,HTTP Request,200,OK,Year-Language Query 4-7,text,true,,271,159,3,46,http://localhost:8080/search?q=love&year=1994&language=English,80,0,0
1782356393389,122,HTTP Request,200,OK,Year-Language Query 4-10,text,true,,271,159,3,46,http://localhost:8080/search?q=love&year=1994&language=English,122,0,0
1782356393502,72,HTTP Request,200,OK,Year-Language Query 4-9,text,true,,271,159,2,45,http://localhost:8080/search?q=love&year=1994&language=English,72,0,0
1782356393511,178,HTTP Request,200,OK,Year-Language Query 4-10,text,true,,271,159,2,44,http://localhost:8080/search?q=love&year=1994&language=English,178,0,0
1782356393574,138,HTTP Request,200,OK,Year-Language Query 4-9,text,true,,271,159,2,44,http://localhost:8080/search?q=love&year=1994&language=English,138,0,0
1782356393689,89,HTTP Request,200,OK,Year-Language Query 4-10,text,true,,271,159,2,44,http://localhost:8080/search?q=love&year=1994&language=English,89,0,0
1782356393712,158,HTTP Request,200,OK,Year-Language Query 4-9,text,true,,271,159,2,44,http://localhost:8080/search?q=love&year=1994&language=English,158,0,0
1782356393779,102,HTTP Request,200,OK,Year-Language Query 4-10,text,true,,271,159,2,44,http://localhost:8080/search?q=love&year=1994&language=English,102,0,0
1782356393871,107,HTTP Request,200,OK,Year-Language Query 4-9,text,true,,271,159,2,43,http://localhost:8080/search?q=love&year=1994&language=English,107,0,0
1782356393881,117,HTTP Request,200,OK,Year-Language Query 4-10,text,true,,271,159,2,42,http://localhost:8080/search?q=love&year=1994&language=English,117,0,0
1782356393978,74,HTTP Request,200,OK,Year-Language Query 4-9,text,true,,271,159,2,42,http://localhost:8080/search?q=love&year=1994&language=English,74,0,0
1782356393998,107,HTTP Request,200,OK,Year-Language Query 4-10,text,true,,271,159,2,41,http://localhost:8080/search?q=love&year=1994&language=English,107,0,0
1782356394052,67,HTTP Request,200,OK,Year-Language Query 4-9,text,true,,271,159,2,41,http://localhost:8080/search?q=love&year=1994&language=English,67,0,0
1782356394119,129,HTTP Request,200,OK,Year-Language Query 4-9,text,true,,271,159,2,41,http://localhost:8080/search?q=love&year=1994&language=English,129,0,0
1782356394105,145,HTTP Request,200,OK,Year-Language Query 4-10,text,true,,271,159,2,41,http://localhost:8080/search?q=love&year=1994&language=English,145,0,0
1782356394251,102,HTTP Request,200,OK,Year-Language Query 4-10,text,true,,271,159,2,40,http://localhost:8080/search?q=love&year=1994&language=English,102,0,0
1782356394249,114,HTTP Request,200,OK,Year-Language Query 4-9,text,true,,271,159,2,40,http://localhost:8080/search?q=love&year=1994&language=English,114,0,0
1782356394364,78,HTTP Request,200,OK,Year-Language Query 4-9,text,true,,271,159,2,40,http://localhost:8080/search?q=love&year=1994&language=English,78,0,0
1782356394353,104,HTTP Request,200,OK,Year-Language Query 4-10,text,true,,271,159,2,40,http://localhost:8080/search?q=love&year=1994&language=English,104,0,0
1782356394443,80,HTTP Request,200,OK,Year-Language Query 4-9,text,true,,271,159,2,40,http://localhost:8080/search?q=love&year=1994&language=English,80,0,0
1782356394523,197,HTTP Request,200,OK,Year-Language Query 4-9,text,true,,271,159,2,40,http://localhost:8080/search?q=love&year=1994&language=English,197,0,0
1782356394457,323,HTTP Request,200,OK,Year-Language Query 4-10,text,true,,271,159,2,40,http://localhost:8080/search?q=love&year=1994&language=English,323,0,0
1782356394721,122,HTTP Request,200,OK,Year-Language Query 4-9,text,true,,271,159,2,39,http://localhost:8080/search?q=love&year=1994&language=English,122,0,0
1782356394780,120,HTTP Request,200,OK,Year-Language Query 4-10,text,true,,271,159,2,39,http://localhost:8080/search?q=love&year=1994&language=English,120,0,0
1782356394843,83,HTTP Request,200,OK,Year-Language Query 4-9,text,true,,271,159,2,39,http://localhost:8080/search?q=love&year=1994&language=English,83,0,0
1782356394900,116,HTTP Request,200,OK,Year-Language Query 4-10,text,true,,271,159,2,39,http://localhost:8080/search?q=love&year=1994&language=English,116,0,0
1782356394926,106,HTTP Request,200,OK,Year-Language Query 4-9,text,true,,271,159,2,39,http://localhost:8080/search?q=love&year=1994&language=English,106,0,0
1782356395032,112,HTTP Request,200,OK,Year-Language Query 4-9,text,true,,271,159,2,39,http://localhost:8080/search?q=love&year=1994&language=English,112,0,0
1782356395016,143,HTTP Request,200,OK,Year-Language Query 4-10,text,true,,271,159,1,38,http://localhost:8080/search?q=love&year=1994&language=English,143,0,0
1782356395159,184,HTTP Request,200,OK,Year-Language Query 4-10,text,true,,271,159,1,38,http://localhost:8080/search?q=love&year=1994&language=English,184,0,0
1782356395343,107,HTTP Request,200,OK,Year-Language Query 4-10,text,true,,271,159,1,38,http://localhost:8080/search?q=love&year=1994&language=English,107,0,0
