timeStamp,elapsed,label,responseCode,responseMessage,threadName,dataType,success,failureMessage,bytes,sentBytes,grpThreads,allThreads,URL,Latency,IdleTime,Connect
1782351887011,58,HTTP Request,200,OK,Year-Language Query 4-4,text,true,,271,159,4,23,http://localhost:8080/search?q=love&year=1994&language=English,58,0,2
1782351887077,45,HTTP Request,200,OK,Year-Language Query 4-4,text,true,,271,159,4,23,http://localhost:8080/search?q=love&year=1994&language=English,45,0,0
1782351887123,42,HTTP Request,200,OK,Year-Language Query 4-4,text,true,,271,159,4,23,http://localhost:8080/search?q=love&year=1994&language=English,42,0,0
1782351887166,28,HTTP Request,200,OK,Year-Language Query 4-4,text,true,,271,159,4,23,http://localhost:8080/search?q=love&year=1994&language=English,28,0,0
1782351887194,58,HTTP Request,200,OK,Year-Language Query 4-4,text,true,,271,159,4,23,http://localhost:8080/search?q=love&year=1994&language=English,58,0,0
1782351887252,39,HTTP Request,200,OK,Year-Language Query 4-4,text,true,,271,159,4,23,http://localhost:8080/search?q=love&year=1994&language=English,39,0,0
1782351887291,36,HTTP Request,200,OK,Year-Language Query 4-4,text,true,,271,159,4,23,http://localhost:8080/search?q=love&year=1994&language=English,36,0,0
1782351887329,59,HTTP Request,200,OK,Year-Language Query 4-4,text,true,,271,159,4,23,http://localhost:8080/search?q=love&year=1994&language=English,59,0,0
1782351887389,51,HTTP Request,200,OK,Year-Language Query 4-4,text,true,,271,159,4,24,http://localhost:8080/search?q=love&year=1994&language=English,51,0,0
1782351887440,64,HTTP Request,200,OK,Year-Language Query 4-4,text,true,,271,159,4,24,http://localhost:8080/search?q=love&year=1994&language=English,64,0,0
1782351887504,44,HTTP Request,200,OK,Year-Language Query 4-4,text,true,,271,159,4,24,http://localhost:8080/search?q=love&year=1994&language=English,44,0,0
1782351887548,28,HTTP Request,200,OK,Year-Language Query 4-4,text,true,,271,159,4,24,http://localhost:8080/search?q=love&year=1994&language=English,28,0,0
1782351887576,58,HTTP Request,200,OK,Year-Language Query 4-4,text,true,,271,159,4,24,http://localhost:8080/search?q=love&year=1994&language=English,58,0,0
1782351887634,59,HTTP Request,200,OK,Year-Language Query 4-4,text,true,,271,159,4,24,http://localhost:8080/search?q=love&year=1994&language=English,59,0,0
1782351887693,33,HTTP Request,200,OK,Year-Language Query 4-4,text,true,,271,159,4,24,http://localhost:8080/search?q=love&year=1994&language=English,33,0,0
1782351887726,37,HTTP Request,200,OK,Year-Language Query 4-4,text,true,,271,159,4,24,http://localhost:8080/search?q=love&year=1994&language=English,37,0,0
1782351887763,52,HTTP Request,200,OK,Year-Language Query 4-4,text,true,,271,159,4,24,http://localhost:8080/search?q=love&year=1994&language=English,52,0,0
1782351887815,35,HTTP Request,200,OK,Year-Language Query 4-4,text,true,,271,159,4,24,http://localhost:8080/search?q=love&year=1994&language=English,35,0,0
1782351887850,48,HTTP Request,200,OK,Year-Language Query 4-4,text,true,,271,159,4,24,http://localhost:8080/search?q=love&year=1994&language=English,48,0,0
1782351887898,27,HTTP Request,200,OK,Year-Language Query 4-4,text,true,,271,159,4,24,http://localhost:8080/search?q=love&year=1994&language=English,27,0,0
1782351887925,66,HTTP Request,200,OK,Year-Language Query 4-4,text,true,,271,159,4,25,http://localhost:8080/search?q=love&year=1994&language=English,66,0,0
1782351887991,91,HTTP Request,200,OK,Year-Language Query 4-4,text,true,,271,159,5,29,http://localhost:8080/search?q=love&year=1994&language=English,91,0,0
1782351888084,58,HTTP Request,200,OK,Year-Language Query 4-4,text,true,,271,159,5,29,http://localhost:8080/search?q=love&year=1994&language=English,58,0,0
1782351888142,43,HTTP Request,200,OK,Year-Language Query 4-4,text,true,,271,159,5,29,http://localhost:8080/search?q=love&year=1994&language=English,43,0,0
1782351888185,60,HTTP Request,200,OK,Year-Language Query 4-4,text,true,,271,159,5,29,http://localhost:8080/search?q=love&year=1994&language=English,60,0,0
1782351888245,64,HTTP Request,200,OK,Year-Language Query 4-4,text,true,,271,159,5,29,http://localhost:8080/search?q=love&year=1994&language=English,63,0,0
1782351888309,46,HTTP Request,200,OK,Year-Language Query 4-4,text,true,,271,159,5,29,http://localhost:8080/search?q=love&year=1994&language=English,46,0,0
1782351888355,56,HTTP Request,200,OK,Year-Language Query 4-4,text,true,,271,159,5,29,http://localhost:8080/search?q=love&year=1994&language=English,56,0,0
1782351888413,66,HTTP Request,200,OK,Year-Language Query 4-4,text,true,,271,159,5,30,http://localhost:8080/search?q=love&year=1994&language=English,66,0,0
1782351888479,32,HTTP Request,200,OK,Year-Language Query 4-4,text,true,,271,159,5,30,http://localhost:8080/search?q=love&year=1994&language=English,32,0,0
1782351888513,58,HTTP Request,200,OK,Year-Language Query 4-4,text,true,,271,159,5,30,http://localhost:8080/search?q=love&year=1994&language=English,58,0,0
1782351888571,44,HTTP Request,200,OK,Year-Language Query 4-4,text,true,,271,159,5,30,http://localhost:8080/search?q=love&year=1994&language=English,44,0,0
1782351888616,60,HTTP Request,200,OK,Year-Language Query 4-4,text,true,,271,159,5,30,http://localhost:8080/search?q=love&year=1994&language=English,60,0,0
1782351888677,95,HTTP Request,200,OK,Year-Language Query 4-4,text,true,,271,159,5,30,http://localhost:8080/search?q=love&year=1994&language=English,95,0,0
1782351889030,62,HTTP Request,200,OK,Year-Language Query 4-6,text,true,,271,159,6,35,http://localhost:8080/search?q=love&year=1994&language=English,62,0,1
1782351889101,36,HTTP Request,200,OK,Year-Language Query 4-6,text,true,,271,159,6,35,http://localhost:8080/search?q=love&year=1994&language=English,35,0,0
1782351889137,37,HTTP Request,200,OK,Year-Language Query 4-6,text,true,,271,159,6,35,http://localhost:8080/search?q=love&year=1994&language=English,37,0,0
1782351889174,57,HTTP Request,200,OK,Year-Language Query 4-6,text,true,,271,159,6,35,http://localhost:8080/search?q=love&year=1994&language=English,57,0,0
1782351889231,43,HTTP Request,200,OK,Year-Language Query 4-6,text,true,,271,159,6,35,http://localhost:8080/search?q=love&year=1994&language=English,43,0,0
1782351889274,55,HTTP Request,200,OK,Year-Language Query 4-6,text,true,,271,159,6,35,http://localhost:8080/search?q=love&year=1994&language=English,55,0,0
1782351889329,40,HTTP Request,200,OK,Year-Language Query 4-6,text,true,,271,159,6,35,http://localhost:8080/search?q=love&year=1994&language=English,40,0,0
1782351889369,47,HTTP Request,200,OK,Year-Language Query 4-6,text,true,,271,159,6,35,http://localhost:8080/search?q=love&year=1994&language=English,47,0,0
1782351889417,104,HTTP Request,200,OK,Year-Language Query 4-6,text,true,,271,159,6,36,http://localhost:8080/search?q=love&year=1994&language=English,104,0,0
1782351889521,71,HTTP Request,200,OK,Year-Language Query 4-6,text,true,,271,159,6,36,http://localhost:8080/search?q=love&year=1994&language=English,71,0,0
1782351889592,58,HTTP Request,200,OK,Year-Language Query 4-6,text,true,,271,159,6,36,http://localhost:8080/search?q=love&year=1994&language=English,58,0,0
1782351889650,56,HTTP Request,200,OK,Year-Language Query 4-6,text,true,,271,159,6,36,http://localhost:8080/search?q=love&year=1994&language=English,55,0,0
1782351889706,56,HTTP Request,200,OK,Year-Language Query 4-6,text,true,,271,159,6,36,http://localhost:8080/search?q=love&year=1994&language=English,56,0,0
1782351889762,58,HTTP Request,200,OK,Year-Language Query 4-6,text,true,,271,159,6,36,http://localhost:8080/search?q=love&year=1994&language=English,58,0,0
1782351889820,82,HTTP Request,200,OK,Year-Language Query 4-6,text,true,,271,159,6,36,http://localhost:8080/search?q=love&year=1994&language=English,82,0,0
1782351889902,101,HTTP Request,200,OK,Year-Language Query 4-6,text,true,,271,159,6,38,http://localhost:8080/search?q=love&year=1994&language=English,101,0,0
1782351890003,79,HTTP Request,200,OK,Year-Language Query 4-6,text,true,,271,159,7,41,http://localhost:8080/search?q=love&year=1994&language=English,79,0,0
1782351885012,5100,HTTP Request,200,OK,Year-Language Query 4-2,text,true,,271,159,7,41,http://localhost:8080/search?q=love&year=1994&language=English,5100,0,2
1782351890082,41,HTTP Request,200,OK,Year-Language Query 4-6,text,true,,271,159,7,41,http://localhost:8080/search?q=love&year=1994&language=English,41,0,0
1782351890124,64,HTTP Request,200,OK,Year-Language Query 4-6,text,true,,271,159,7,41,http://localhost:8080/search?q=love&year=1994&language=English,64,0,0
1782351890113,86,HTTP Request,200,OK,Year-Language Query 4-2,text,true,,271,159,7,41,http://localhost:8080/search?q=love&year=1994&language=English,86,0,0
1782351890188,61,HTTP Request,200,OK,Year-Language Query 4-6,text,true,,271,159,7,41,http://localhost:8080/search?q=love&year=1994&language=English,61,0,0
1782351890200,74,HTTP Request,200,OK,Year-Language Query 4-2,text,true,,271,159,7,41,http://localhost:8080/search?q=love&year=1994&language=English,74,0,0
1782351890249,38,HTTP Request,200,OK,Year-Language Query 4-6,text,true,,271,159,7,41,http://localhost:8080/search?q=love&year=1994&language=English,38,0,0
1782351890288,51,HTTP Request,200,OK,Year-Language Query 4-6,text,true,,271,159,7,41,http://localhost:8080/search?q=love&year=1994&language=English,51,0,0
1782351890274,83,HTTP Request,200,OK,Year-Language Query 4-2,text,true,,271,159,7,41,http://localhost:8080/search?q=love&year=1994&language=English,83,0,0
1782351890339,52,HTTP Request,200,OK,Year-Language Query 4-6,text,true,,271,159,7,41,http://localhost:8080/search?q=love&year=1994&language=English,52,0,0
1782351890358,52,HTTP Request,200,OK,Year-Language Query 4-2,text,true,,271,159,7,41,http://localhost:8080/search?q=love&year=1994&language=English,52,0,0
1782351888034,2418,HTTP Request,200,OK,Year-Language Query 4-5,text,true,,271,159,7,42,http://localhost:8080/search?q=love&year=1994&language=English,2418,0,1
1782351890391,65,HTTP Request,200,OK,Year-Language Query 4-6,text,true,,271,159,7,42,http://localhost:8080/search?q=love&year=1994&language=English,65,0,0
1782351890410,78,HTTP Request,200,OK,Year-Language Query 4-2,text,true,,271,159,7,42,http://localhost:8080/search?q=love&year=1994&language=English,78,0,0
1782351890452,76,HTTP Request,200,OK,Year-Language Query 4-5,text,true,,271,159,7,42,http://localhost:8080/search?q=love&year=1994&language=English,76,0,0
1782351890456,83,HTTP Request,200,OK,Year-Language Query 4-6,text,true,,271,159,7,42,http://localhost:8080/search?q=love&year=1994&language=English,83,0,0
1782351890489,88,HTTP Request,200,OK,Year-Language Query 4-2,text,true,,271,159,7,42,http://localhost:8080/search?q=love&year=1994&language=English,87,0,0
1782351890539,102,HTTP Request,200,OK,Year-Language Query 4-6,text,true,,271,159,7,42,http://localhost:8080/search?q=love&year=1994&language=English,102,0,0
1782351890528,114,HTTP Request,200,OK,Year-Language Query 4-5,text,true,,271,159,7,42,http://localhost:8080/search?q=love&year=1994&language=English,114,0,0
1782351890577,77,HTTP Request,200,OK,Year-Language Query 4-2,text,true,,271,159,7,42,http://localhost:8080/search?q=love&year=1994&language=English,77,0,0
1782351890642,56,HTTP Request,200,OK,Year-Language Query 4-6,text,true,,271,159,7,42,http://localhost:8080/search?q=love&year=1994&language=English,56,0,0
1782351890642,66,HTTP Request,200,OK,Year-Language Query 4-5,text,true,,271,159,7,42,http://localhost:8080/search?q=love&year=1994&language=English,66,0,0
1782351890654,66,HTTP Request,200,OK,Year-Language Query 4-2,text,true,,271,159,7,42,http://localhost:8080/search?q=love&year=1994&language=English,66,0,0
1782351890698,72,HTTP Request,200,OK,Year-Language Query 4-6,text,true,,271,159,7,42,http://localhost:8080/search?q=love&year=1994&language=English,72,0,0
1782351890709,61,HTTP Request,200,OK,Year-Language Query 4-5,text,true,,271,159,7,42,http://localhost:8080/search?q=love&year=1994&language=English,61,0,0
1782351890720,71,HTTP Request,200,OK,Year-Language Query 4-2,text,true,,271,159,7,42,http://localhost:8080/search?q=love&year=1994&language=English,71,0,0
1782351890770,130,HTTP Request,200,OK,Year-Language Query 4-5,text,true,,271,159,7,42,http://localhost:8080/search?q=love&year=1994&language=English,130,0,0
1782351890791,131,HTTP Request,200,OK,Year-Language Query 4-2,text,true,,271,159,7,42,http://localhost:8080/search?q=love&year=1994&language=English,131,0,0
1782351890770,152,HTTP Request,200,OK,Year-Language Query 4-6,text,true,,271,159,7,42,http://localhost:8080/search?q=love&year=1994&language=English,152,0,0
1782351890922,199,HTTP Request,200,OK,Year-Language Query 4-2,text,true,,271,159,8,47,http://localhost:8080/search?q=love&year=1994&language=English,199,0,0
1782351890900,222,HTTP Request,200,OK,Year-Language Query 4-5,text,true,,271,159,8,47,http://localhost:8080/search?q=love&year=1994&language=English,222,0,0
1782351890922,214,HTTP Request,200,OK,Year-Language Query 4-6,text,true,,271,159,8,47,http://localhost:8080/search?q=love&year=1994&language=English,214,0,0
1782351886023,5148,HTTP Request,200,OK,Year-Language Query 4-3,text,true,,271,159,8,47,http://localhost:8080/search?q=love&year=1994&language=English,5148,0,3
1782351888772,2418,HTTP Request,200,OK,Year-Language Query 4-4,text,true,,271,159,8,47,http://localhost:8080/search?q=love&year=1994&language=English,2418,0,0
1782351891051,169,HTTP Request,200,OK,Year-Language Query 4-8,text,true,,271,159,8,47,http://localhost:8080/search?q=love&year=1994&language=English,169,0,1
1782351891122,116,HTTP Request,200,OK,Year-Language Query 4-5,text,true,,271,159,8,47,http://localhost:8080/search?q=love&year=1994&language=English,116,0,0
1782351891171,87,HTTP Request,200,OK,Year-Language Query 4-3,text,true,,271,159,8,47,http://localhost:8080/search?q=love&year=1994&language=English,87,0,0
1782351891137,149,HTTP Request,200,OK,Year-Language Query 4-6,text,true,,271,159,8,47,http://localhost:8080/search?q=love&year=1994&language=English,149,0,0
1782351891190,97,HTTP Request,200,OK,Year-Language Query 4-4,text,true,,271,159,8,47,http://localhost:8080/search?q=love&year=1994&language=English,97,0,0
1782351891220,94,HTTP Request,200,OK,Year-Language Query 4-8,text,true,,271,159,8,47,http://localhost:8080/search?q=love&year=1994&language=English,94,0,0
1782351891286,88,HTTP Request,200,OK,Year-Language Query 4-6,text,true,,271,159,8,47,http://localhost:8080/search?q=love&year=1994&language=English,88,0,0
1782351891238,137,HTTP Request,200,OK,Year-Language Query 4-5,text,true,,271,159,8,47,http://localhost:8080/search?q=love&year=1994&language=English,137,0,0
1782351891259,116,HTTP Request,200,OK,Year-Language Query 4-3,text,true,,271,159,8,47,http://localhost:8080/search?q=love&year=1994&language=English,116,0,0
1782351891287,129,HTTP Request,200,OK,Year-Language Query 4-4,text,true,,271,159,8,47,http://localhost:8080/search?q=love&year=1994&language=English,129,0,0
1782351891314,138,HTTP Request,200,OK,Year-Language Query 4-8,text,true,,271,159,8,47,http://localhost:8080/search?q=love&year=1994&language=English,138,0,0
1782351891375,102,HTTP Request,200,OK,Year-Language Query 4-3,text,true,,271,159,8,48,http://localhost:8080/search?q=love&year=1994&language=English,102,0,0
1782351891375,112,HTTP Request,200,OK,Year-Language Query 4-6,text,true,,271,159,8,48,http://localhost:8080/search?q=love&year=1994&language=English,112,0,0
1782351891416,88,HTTP Request,200,OK,Year-Language Query 4-4,text,true,,271,159,8,48,http://localhost:8080/search?q=love&year=1994&language=English,88,0,0
1782351891375,130,HTTP Request,200,OK,Year-Language Query 4-5,text,true,,271,159,8,48,http://localhost:8080/search?q=love&year=1994&language=English,130,0,0
1782351891452,107,HTTP Request,200,OK,Year-Language Query 4-8,text,true,,271,159,8,48,http://localhost:8080/search?q=love&year=1994&language=English,107,0,0
1782351891477,122,HTTP Request,200,OK,Year-Language Query 4-3,text,true,,271,159,8,48,http://localhost:8080/search?q=love&year=1994&language=English,122,0,0
1782351891504,96,HTTP Request,200,OK,Year-Language Query 4-4,text,true,,271,159,8,48,http://localhost:8080/search?q=love&year=1994&language=English,96,0,0
1782351891487,133,HTTP Request,200,OK,Year-Language Query 4-6,text,true,,271,159,8,48,http://localhost:8080/search?q=love&year=1994&language=English,133,0,0
1782351891505,115,HTTP Request,200,OK,Year-Language Query 4-5,text,true,,271,159,8,48,http://localhost:8080/search?q=love&year=1994&language=English,115,0,0
1782351891559,85,HTTP Request,200,OK,Year-Language Query 4-8,text,true,,271,159,8,48,http://localhost:8080/search?q=love&year=1994&language=English,85,0,0
1782351891599,129,HTTP Request,200,OK,Year-Language Query 4-3,text,true,,271,159,8,48,http://localhost:8080/search?q=love&year=1994&language=English,129,0,0
1782351891600,129,HTTP Request,200,OK,Year-Language Query 4-4,text,true,,271,159,8,48,http://localhost:8080/search?q=love&year=1994&language=English,129,0,0
1782351891623,113,HTTP Request,200,OK,Year-Language Query 4-5,text,true,,271,159,8,48,http://localhost:8080/search?q=love&year=1994&language=English,113,0,0
1782351884010,7727,HTTP Request,200,OK,Year-Language Query 4-1,text,true,,271,159,8,48,http://localhost:8080/search?q=love&year=1994&language=English,7727,0,1
1782351891623,140,HTTP Request,200,OK,Year-Language Query 4-6,text,true,,271,159,8,48,http://localhost:8080/search?q=love&year=1994&language=English,140,0,0
1782351891645,123,HTTP Request,200,OK,Year-Language Query 4-8,text,true,,271,159,8,48,http://localhost:8080/search?q=love&year=1994&language=English,123,0,0
1782351891729,82,HTTP Request,200,OK,Year-Language Query 4-3,text,true,,271,159,8,48,http://localhost:8080/search?q=love&year=1994&language=English,82,0,0
1782351891729,105,HTTP Request,200,OK,Year-Language Query 4-4,text,true,,271,159,8,48,http://localhost:8080/search?q=love&year=1994&language=English,105,0,0
1782351891736,108,HTTP Request,200,OK,Year-Language Query 4-5,text,true,,271,159,8,48,http://localhost:8080/search?q=love&year=1994&language=English,108,0,0
1782351891737,112,HTTP Request,200,OK,Year-Language Query 4-1,text,true,,271,159,8,48,http://localhost:8080/search?q=love&year=1994&language=English,112,0,0
1782351891763,91,HTTP Request,200,OK,Year-Language Query 4-6,text,true,,271,159,8,48,http://localhost:8080/search?q=love&year=1994&language=English,91,0,0
1782351891768,101,HTTP Request,200,OK,Year-Language Query 4-8,text,true,,271,159,8,48,http://localhost:8080/search?q=love&year=1994&language=English,101,0,0
1782351891834,63,HTTP Request,200,OK,Year-Language Query 4-4,text,true,,271,159,8,48,http://localhost:8080/search?q=love&year=1994&language=English,63,0,0
1782351891811,86,HTTP Request,200,OK,Year-Language Query 4-3,text,true,,271,159,8,48,http://localhost:8080/search?q=love&year=1994&language=English,86,0,0
1782351891844,63,HTTP Request,200,OK,Year-Language Query 4-5,text,true,,271,159,8,48,http://localhost:8080/search?q=love&year=1994&language=English,63,0,0
1782351891849,60,HTTP Request,200,OK,Year-Language Query 4-1,text,true,,271,159,8,48,http://localhost:8080/search?q=love&year=1994&language=English,60,0,0
1782351891854,59,HTTP Request,200,OK,Year-Language Query 4-6,text,true,,271,159,8,48,http://localhost:8080/search?q=love&year=1994&language=English,59,0,0
1782351891869,83,HTTP Request,200,OK,Year-Language Query 4-8,text,true,,271,159,8,49,http://localhost:8080/search?q=love&year=1994&language=English,83,0,0
1782351891897,87,HTTP Request,200,OK,Year-Language Query 4-3,text,true,,271,159,8,51,http://localhost:8080/search?q=love&year=1994&language=English,87,0,0
1782351891897,108,HTTP Request,200,OK,Year-Language Query 4-4,text,true,,271,159,8,51,http://localhost:8080/search?q=love&year=1994&language=English,108,0,0
1782351891913,108,HTTP Request,200,OK,Year-Language Query 4-6,text,true,,271,159,8,51,http://localhost:8080/search?q=love&year=1994&language=English,108,0,0
1782351891909,113,HTTP Request,200,OK,Year-Language Query 4-1,text,true,,271,159,8,51,http://localhost:8080/search?q=love&year=1994&language=English,113,0,0
1782351891908,114,HTTP Request,200,OK,Year-Language Query 4-5,text,true,,271,159,8,51,http://localhost:8080/search?q=love&year=1994&language=English,114,0,0
1782351891952,150,HTTP Request,200,OK,Year-Language Query 4-8,text,true,,271,159,9,53,http://localhost:8080/search?q=love&year=1994&language=English,150,0,0
1782351892021,93,HTTP Request,200,OK,Year-Language Query 4-6,text,true,,271,159,9,53,http://localhost:8080/search?q=love&year=1994&language=English,93,0,0
1782351891984,132,HTTP Request,200,OK,Year-Language Query 4-3,text,true,,271,159,9,53,http://localhost:8080/search?q=love&year=1994&language=English,132,0,0
1782351892005,112,HTTP Request,200,OK,Year-Language Query 4-4,text,true,,271,159,9,53,http://localhost:8080/search?q=love&year=1994&language=English,112,0,0
1782351892022,104,HTTP Request,200,OK,Year-Language Query 4-5,text,true,,271,159,9,53,http://localhost:8080/search?q=love&year=1994&language=English,104,0,0
1782351892022,104,HTTP Request,200,OK,Year-Language Query 4-1,text,true,,271,159,9,53,http://localhost:8080/search?q=love&year=1994&language=English,104,0,0
1782351892049,107,HTTP Request,200,OK,Year-Language Query 4-9,text,true,,271,159,9,53,http://localhost:8080/search?q=love&year=1994&language=English,107,0,1
1782351892118,39,HTTP Request,200,OK,Year-Language Query 4-4,text,true,,271,159,9,53,http://localhost:8080/search?q=love&year=1994&language=English,39,0,0
1782351892102,62,HTTP Request,200,OK,Year-Language Query 4-8,text,true,,271,159,9,53,http://localhost:8080/search?q=love&year=1994&language=English,62,0,0
1782351892116,60,HTTP Request,200,OK,Year-Language Query 4-3,text,true,,271,159,9,53,http://localhost:8080/search?q=love&year=1994&language=English,59,0,0
1782351892114,73,HTTP Request,200,OK,Year-Language Query 4-6,text,true,,271,159,9,53,http://localhost:8080/search?q=love&year=1994&language=English,73,0,0
1782351892127,62,HTTP Request,200,OK,Year-Language Query 4-5,text,true,,271,159,9,53,http://localhost:8080/search?q=love&year=1994&language=English,62,0,0
1782351892127,78,HTTP Request,200,OK,Year-Language Query 4-1,text,true,,271,159,9,53,http://localhost:8080/search?q=love&year=1994&language=English,78,0,0
1782351892156,76,HTTP Request,200,OK,Year-Language Query 4-9,text,true,,271,159,9,53,http://localhost:8080/search?q=love&year=1994&language=English,76,0,0
1782351892176,83,HTTP Request,200,OK,Year-Language Query 4-3,text,true,,271,159,9,53,http://localhost:8080/search?q=love&year=1994&language=English,83,0,0
1782351892188,72,HTTP Request,200,OK,Year-Language Query 4-6,text,true,,271,159,9,53,http://localhost:8080/search?q=love&year=1994&language=English,72,0,0
1782351892190,80,HTTP Request,200,OK,Year-Language Query 4-5,text,true,,271,159,9,53,http://localhost:8080/search?q=love&year=1994&language=English,80,0,0
1782351892157,117,HTTP Request,200,OK,Year-Language Query 4-4,text,true,,271,159,9,53,http://localhost:8080/search?q=love&year=1994&language=English,117,0,0
1782351892164,113,HTTP Request,200,OK,Year-Language Query 4-8,text,true,,271,159,9,53,http://localhost:8080/search?q=love&year=1994&language=English,113,0,0
1782351892232,65,HTTP Request,200,OK,Year-Language Query 4-9,text,true,,271,159,9,53,http://localhost:8080/search?q=love&year=1994&language=English,65,0,0
1782351892206,93,HTTP Request,200,OK,Year-Language Query 4-1,text,true,,271,159,9,53,http://localhost:8080/search?q=love&year=1994&language=English,93,0,0
1782351892259,74,HTTP Request,200,OK,Year-Language Query 4-3,text,true,,271,159,9,53,http://localhost:8080/search?q=love&year=1994&language=English,74,0,0
1782351892260,78,HTTP Request,200,OK,Year-Language Query 4-6,text,true,,271,159,9,53,http://localhost:8080/search?q=love&year=1994&language=English,78,0,0
1782351892277,77,HTTP Request,200,OK,Year-Language Query 4-8,text,true,,271,159,9,53,http://localhost:8080/search?q=love&year=1994&language=English,77,0,0
1782351892270,92,HTTP Request,200,OK,Year-Language Query 4-5,text,true,,271,159,9,53,http://localhost:8080/search?q=love&year=1994&language=English,92,0,0
1782351892275,101,HTTP Request,200,OK,Year-Language Query 4-4,text,true,,271,159,9,53,http://localhost:8080/search?q=love&year=1994&language=English,101,0,0
1782351892302,84,HTTP Request,200,OK,Year-Language Query 4-1,text,true,,271,159,9,53,http://localhost:8080/search?q=love&year=1994&language=English,84,0,0
1782351892333,53,HTTP Request,200,OK,Year-Language Query 4-3,text,true,,271,159,9,53,http://localhost:8080/search?q=love&year=1994&language=English,53,0,0
1782351892297,90,HTTP Request,200,OK,Year-Language Query 4-9,text,true,,271,159,9,53,http://localhost:8080/search?q=love&year=1994&language=English,90,0,0
1782351892338,66,HTTP Request,200,OK,Year-Language Query 4-6,text,true,,271,159,9,53,http://localhost:8080/search?q=love&year=1994&language=English,66,0,0
1782351892355,67,HTTP Request,200,OK,Year-Language Query 4-8,text,true,,271,159,9,53,http://localhost:8080/search?q=love&year=1994&language=English,67,0,0
1782351892363,76,HTTP Request,200,OK,Year-Language Query 4-5,text,true,,271,159,9,53,http://localhost:8080/search?q=love&year=1994&language=English,76,0,0
1782351892387,59,HTTP Request,200,OK,Year-Language Query 4-3,text,true,,271,159,9,54,http://localhost:8080/search?q=love&year=1994&language=English,59,0,0
1782351892387,77,HTTP Request,200,OK,Year-Language Query 4-9,text,true,,271,159,9,54,http://localhost:8080/search?q=love&year=1994&language=English,77,0,0
1782351892386,78,HTTP Request,200,OK,Year-Language Query 4-1,text,true,,271,159,9,54,http://localhost:8080/search?q=love&year=1994&language=English,78,0,0
1782351892377,87,HTTP Request,200,OK,Year-Language Query 4-4,text,true,,271,159,9,54,http://localhost:8080/search?q=love&year=1994&language=English,87,0,0
1782351892404,74,HTTP Request,200,OK,Year-Language Query 4-6,text,true,,271,159,9,54,http://localhost:8080/search?q=love&year=1994&language=English,74,0,0
1782351892423,92,HTTP Request,200,OK,Year-Language Query 4-8,text,true,,271,159,9,54,http://localhost:8080/search?q=love&year=1994&language=English,92,0,0
1782351892439,104,HTTP Request,200,OK,Year-Language Query 4-5,text,true,,271,159,9,54,http://localhost:8080/search?q=love&year=1994&language=English,104,0,0
1782351892479,156,HTTP Request,200,OK,Year-Language Query 4-6,text,true,,271,159,9,54,http://localhost:8080/search?q=love&year=1994&language=English,156,0,0
1782351892446,190,HTTP Request,200,OK,Year-Language Query 4-3,text,true,,271,159,9,54,http://localhost:8080/search?q=love&year=1994&language=English,190,0,0
1782351892464,173,HTTP Request,200,OK,Year-Language Query 4-9,text,true,,271,159,9,54,http://localhost:8080/search?q=love&year=1994&language=English,173,0,0
1782351892464,175,HTTP Request,200,OK,Year-Language Query 4-1,text,true,,271,159,9,54,http://localhost:8080/search?q=love&year=1994&language=English,175,0,0
1782351892464,192,HTTP Request,200,OK,Year-Language Query 4-4,text,true,,271,159,9,54,http://localhost:8080/search?q=love&year=1994&language=English,192,0,0
1782351892515,163,HTTP Request,200,OK,Year-Language Query 4-8,text,true,,271,159,9,54,http://localhost:8080/search?q=love&year=1994&language=English,162,0,0
1782351892543,142,HTTP Request,200,OK,Year-Language Query 4-5,text,true,,271,159,9,54,http://localhost:8080/search?q=love&year=1994&language=English,142,0,0
1782351892640,113,HTTP Request,200,OK,Year-Language Query 4-1,text,true,,271,159,9,54,http://localhost:8080/search?q=love&year=1994&language=English,113,0,0
1782351892635,118,HTTP Request,200,OK,Year-Language Query 4-6,text,true,,271,159,9,54,http://localhost:8080/search?q=love&year=1994&language=English,118,0,0
1782351892636,117,HTTP Request,200,OK,Year-Language Query 4-3,text,true,,271,159,9,54,http://localhost:8080/search?q=love&year=1994&language=English,117,0,0
1782351892637,124,HTTP Request,200,OK,Year-Language Query 4-9,text,true,,271,159,9,54,http://localhost:8080/search?q=love&year=1994&language=English,124,0,0
1782351892656,110,HTTP Request,200,OK,Year-Language Query 4-4,text,true,,271,159,9,54,http://localhost:8080/search?q=love&year=1994&language=English,110,0,0
1782351892678,112,HTTP Request,200,OK,Year-Language Query 4-8,text,true,,271,159,9,54,http://localhost:8080/search?q=love&year=1994&language=English,112,0,0
1782351892685,106,HTTP Request,200,OK,Year-Language Query 4-5,text,true,,271,159,9,54,http://localhost:8080/search?q=love&year=1994&language=English,106,0,0
1782351892762,90,HTTP Request,200,OK,Year-Language Query 4-9,text,true,,271,159,9,54,http://localhost:8080/search?q=love&year=1994&language=English,90,0,0
1782351892753,120,HTTP Request,200,OK,Year-Language Query 4-3,text,true,,271,159,9,54,http://localhost:8080/search?q=love&year=1994&language=English,120,0,0
1782351892753,129,HTTP Request,200,OK,Year-Language Query 4-6,text,true,,271,159,9,54,http://localhost:8080/search?q=love&year=1994&language=English,129,0,0
1782351892753,129,HTTP Request,200,OK,Year-Language Query 4-1,text,true,,271,159,9,54,http://localhost:8080/search?q=love&year=1994&language=English,129,0,0
1782351892766,129,HTTP Request,200,OK,Year-Language Query 4-4,text,true,,271,159,9,54,http://localhost:8080/search?q=love&year=1994&language=English,129,0,0
1782351892790,123,HTTP Request,200,OK,Year-Language Query 4-8,text,true,,271,159,9,54,http://localhost:8080/search?q=love&year=1994&language=English,123,0,0
1782351892791,135,HTTP Request,200,OK,Year-Language Query 4-5,text,true,,271,159,9,54,http://localhost:8080/search?q=love&year=1994&language=English,135,0,0
1782351892852,102,HTTP Request,200,OK,Year-Language Query 4-9,text,true,,271,159,9,54,http://localhost:8080/search?q=love&year=1994&language=English,102,0,0
1782351892882,112,HTTP Request,200,OK,Year-Language Query 4-6,text,true,,271,159,9,55,http://localhost:8080/search?q=love&year=1994&language=English,112,0,0
1782351892882,122,HTTP Request,200,OK,Year-Language Query 4-1,text,true,,271,159,9,56,http://localhost:8080/search?q=love&year=1994&language=English,122,0,0
1782351892874,132,HTTP Request,200,OK,Year-Language Query 4-3,text,true,,271,159,9,56,http://localhost:8080/search?q=love&year=1994&language=English,132,0,0
1782351892896,111,HTTP Request,200,OK,Year-Language Query 4-4,text,true,,271,159,9,56,http://localhost:8080/search?q=love&year=1994&language=English,111,0,0
1782351892913,108,HTTP Request,200,OK,Year-Language Query 4-8,text,true,,271,159,9,57,http://localhost:8080/search?q=love&year=1994&language=English,108,0,0
1782351892926,106,HTTP Request,200,OK,Year-Language Query 4-5,text,true,,271,159,9,57,http://localhost:8080/search?q=love&year=1994&language=English,106,0,0
1782351892955,168,HTTP Request,200,OK,Year-Language Query 4-9,text,true,,271,159,10,59,http://localhost:8080/search?q=love&year=1994&language=English,168,0,0
1782351893021,131,HTTP Request,200,OK,Year-Language Query 4-8,text,true,,271,159,10,59,http://localhost:8080/search?q=love&year=1994&language=English,131,0,0
1782351892995,162,HTTP Request,200,OK,Year-Language Query 4-6,text,true,,271,159,10,59,http://localhost:8080/search?q=love&year=1994&language=English,162,0,0
1782351893007,160,HTTP Request,200,OK,Year-Language Query 4-3,text,true,,271,159,10,59,http://localhost:8080/search?q=love&year=1994&language=English,160,0,0
1782351893007,166,HTTP Request,200,OK,Year-Language Query 4-4,text,true,,271,159,10,59,http://localhost:8080/search?q=love&year=1994&language=English,166,0,0
1782351893035,150,HTTP Request,200,OK,Year-Language Query 4-10,text,true,,271,159,10,59,http://localhost:8080/search?q=love&year=1994&language=English,150,0,4
1782351893173,68,HTTP Request,200,OK,Year-Language Query 4-4,text,true,,271,159,10,59,http://localhost:8080/search?q=love&year=1994&language=English,68,0,0
1782351893032,210,HTTP Request,200,OK,Year-Language Query 4-5,text,true,,271,159,10,59,http://localhost:8080/search?q=love&year=1994&language=English,210,0,0
1782351893123,127,HTTP Request,200,OK,Year-Language Query 4-9,text,true,,271,159,10,59,http://localhost:8080/search?q=love&year=1994&language=English,127,0,0
1782351893157,106,HTTP Request,200,OK,Year-Language Query 4-6,text,true,,271,159,10,59,http://localhost:8080/search?q=love&year=1994&language=English,106,0,0
1782351893153,110,HTTP Request,200,OK,Year-Language Query 4-8,text,true,,271,159,10,59,http://localhost:8080/search?q=love&year=1994&language=English,110,0,0
1782351893185,87,HTTP Request,200,OK,Year-Language Query 4-10,text,true,,271,159,10,59,http://localhost:8080/search?q=love&year=1994&language=English,87,0,0
1782351893167,109,HTTP Request,200,OK,Year-Language Query 4-3,text,true,,271,159,10,59,http://localhost:8080/search?q=love&year=1994&language=English,109,0,0
1782351893243,117,HTTP Request,200,OK,Year-Language Query 4-5,text,true,,271,159,10,59,http://localhost:8080/search?q=love&year=1994&language=English,117,0,0
1782351893242,138,HTTP Request,200,OK,Year-Language Query 4-4,text,true,,271,159,10,59,http://localhost:8080/search?q=love&year=1994&language=English,138,0,0
1782351893272,119,HTTP Request,200,OK,Year-Language Query 4-10,text,true,,271,159,10,59,http://localhost:8080/search?q=love&year=1994&language=English,119,0,0
1782351893263,133,HTTP Request,200,OK,Year-Language Query 4-6,text,true,,271,159,10,59,http://localhost:8080/search?q=love&year=1994&language=English,133,0,0
1782351893251,146,HTTP Request,200,OK,Year-Language Query 4-9,text,true,,271,159,10,59,http://localhost:8080/search?q=love&year=1994&language=English,146,0,0
1782351893277,141,HTTP Request,200,OK,Year-Language Query 4-3,text,true,,271,159,10,59,http://localhost:8080/search?q=love&year=1994&language=English,141,0,0
1782351893263,156,HTTP Request,200,OK,Year-Language Query 4-8,text,true,,271,159,10,59,http://localhost:8080/search?q=love&year=1994&language=English,156,0,0
1782351893380,90,HTTP Request,200,OK,Year-Language Query 4-4,text,true,,271,159,10,60,http://localhost:8080/search?q=love&year=1994&language=English,90,0,0
1782351893360,129,HTTP Request,200,OK,Year-Language Query 4-5,text,true,,271,159,10,60,http://localhost:8080/search?q=love&year=1994&language=English,129,0,0
1782351893419,74,HTTP Request,200,OK,Year-Language Query 4-3,text,true,,271,159,10,60,http://localhost:8080/search?q=love&year=1994&language=English,74,0,0
1782351893397,98,HTTP Request,200,OK,Year-Language Query 4-9,text,true,,271,159,10,60,http://localhost:8080/search?q=love&year=1994&language=English,98,0,0
1782351893397,100,HTTP Request,200,OK,Year-Language Query 4-6,text,true,,271,159,10,60,http://localhost:8080/search?q=love&year=1994&language=English,100,0,0
1782351893392,108,HTTP Request,200,OK,Year-Language Query 4-10,text,true,,271,159,10,60,http://localhost:8080/search?q=love&year=1994&language=English,108,0,0
1782351893419,102,HTTP Request,200,OK,Year-Language Query 4-8,text,true,,271,159,10,60,http://localhost:8080/search?q=love&year=1994&language=English,102,0,0
1782351893470,113,HTTP Request,200,OK,Year-Language Query 4-4,text,true,,271,159,10,60,http://localhost:8080/search?q=love&year=1994&language=English,113,0,0
1782351893489,98,HTTP Request,200,OK,Year-Language Query 4-5,text,true,,271,159,10,60,http://localhost:8080/search?q=love&year=1994&language=English,98,0,0
1782351893494,99,HTTP Request,200,OK,Year-Language Query 4-3,text,true,,271,159,10,60,http://localhost:8080/search?q=love&year=1994&language=English,99,0,0
1782351893495,103,HTTP Request,200,OK,Year-Language Query 4-9,text,true,,271,159,10,60,http://localhost:8080/search?q=love&year=1994&language=English,103,0,0
1782351893500,98,HTTP Request,200,OK,Year-Language Query 4-10,text,true,,271,159,10,60,http://localhost:8080/search?q=love&year=1994&language=English,98,0,0
1782351893521,78,HTTP Request,200,OK,Year-Language Query 4-8,text,true,,271,159,10,60,http://localhost:8080/search?q=love&year=1994&language=English,78,0,0
1782351893497,102,HTTP Request,200,OK,Year-Language Query 4-6,text,true,,271,159,10,60,http://localhost:8080/search?q=love&year=1994&language=English,102,0,0
1782351893583,83,HTTP Request,200,OK,Year-Language Query 4-4,text,true,,271,159,10,60,http://localhost:8080/search?q=love&year=1994&language=English,83,0,0
1782351893593,87,HTTP Request,200,OK,Year-Language Query 4-3,text,true,,271,159,10,60,http://localhost:8080/search?q=love&year=1994&language=English,87,0,0
1782351893588,98,HTTP Request,200,OK,Year-Language Query 4-5,text,true,,271,159,10,60,http://localhost:8080/search?q=love&year=1994&language=English,98,0,0
1782351893599,105,HTTP Request,200,OK,Year-Language Query 4-8,text,true,,271,159,10,60,http://localhost:8080/search?q=love&year=1994&language=English,105,0,0
1782351893599,106,HTTP Request,200,OK,Year-Language Query 4-9,text,true,,271,159,10,60,http://localhost:8080/search?q=love&year=1994&language=English,106,0,0
1782351893599,107,HTTP Request,200,OK,Year-Language Query 4-10,text,true,,271,159,10,60,http://localhost:8080/search?q=love&year=1994&language=English,107,0,0
1782351893599,121,HTTP Request,200,OK,Year-Language Query 4-6,text,true,,271,159,10,60,http://localhost:8080/search?q=love&year=1994&language=English,121,0,0
1782351893666,54,HTTP Request,200,OK,Year-Language Query 4-4,text,true,,271,159,10,60,http://localhost:8080/search?q=love&year=1994&language=English,54,0,0
1782351893680,49,HTTP Request,200,OK,Year-Language Query 4-3,text,true,,271,159,10,60,http://localhost:8080/search?q=love&year=1994&language=English,49,0,0
1782351893686,62,HTTP Request,200,OK,Year-Language Query 4-5,text,true,,271,159,10,60,http://localhost:8080/search?q=love&year=1994&language=English,62,0,0
1782351893706,66,HTTP Request,200,OK,Year-Language Query 4-10,text,true,,271,159,10,60,http://localhost:8080/search?q=love&year=1994&language=English,66,0,0
1782351893706,70,HTTP Request,200,OK,Year-Language Query 4-9,text,true,,271,159,10,60,http://localhost:8080/search?q=love&year=1994&language=English,70,0,0
1782351893720,59,HTTP Request,200,OK,Year-Language Query 4-6,text,true,,271,159,10,60,http://localhost:8080/search?q=love&year=1994&language=English,59,0,0
1782351893720,60,HTTP Request,200,OK,Year-Language Query 4-4,text,true,,271,159,10,60,http://localhost:8080/search?q=love&year=1994&language=English,60,0,0
1782351893704,76,HTTP Request,200,OK,Year-Language Query 4-8,text,true,,271,159,10,60,http://localhost:8080/search?q=love&year=1994&language=English,76,0,0
1782351893729,81,HTTP Request,200,OK,Year-Language Query 4-3,text,true,,271,159,10,60,http://localhost:8080/search?q=love&year=1994&language=English,81,0,0
1782351893749,82,HTTP Request,200,OK,Year-Language Query 4-5,text,true,,271,159,10,60,http://localhost:8080/search?q=love&year=1994&language=English,82,0,0
1782351893779,79,HTTP Request,200,OK,Year-Language Query 4-6,text,true,,271,159,10,60,http://localhost:8080/search?q=love&year=1994&language=English,79,0,0
1782351893777,84,HTTP Request,200,OK,Year-Language Query 4-9,text,true,,271,159,10,60,http://localhost:8080/search?q=love&year=1994&language=English,84,0,0
1782351893780,100,HTTP Request,200,OK,Year-Language Query 4-4,text,true,,271,159,10,60,http://localhost:8080/search?q=love&year=1994&language=English,100,0,0
1782351893780,110,HTTP Request,200,OK,Year-Language Query 4-8,text,true,,271,159,10,60,http://localhost:8080/search?q=love&year=1994&language=English,110,0,0
1782351893773,117,HTTP Request,200,OK,Year-Language Query 4-10,text,true,,271,159,10,60,http://localhost:8080/search?q=love&year=1994&language=English,117,0,0
1782351893810,165,HTTP Request,200,OK,Year-Language Query 4-3,text,true,,271,159,10,62,http://localhost:8080/search?q=love&year=1994&language=English,165,0,0
1782351893832,165,HTTP Request,200,OK,Year-Language Query 4-5,text,true,,271,159,10,62,http://localhost:8080/search?q=love&year=1994&language=English,165,0,0
1782351893858,139,HTTP Request,200,OK,Year-Language Query 4-6,text,true,,271,159,10,62,http://localhost:8080/search?q=love&year=1994&language=English,139,0,0
1782351893890,108,HTTP Request,200,OK,Year-Language Query 4-8,text,true,,271,159,10,62,http://localhost:8080/search?q=love&year=1994&language=English,108,0,0
1782351893880,118,HTTP Request,200,OK,Year-Language Query 4-4,text,true,,271,159,10,62,http://localhost:8080/search?q=love&year=1994&language=English,118,0,0
1782351893862,139,HTTP Request,200,OK,Year-Language Query 4-9,text,true,,271,159,10,62,http://localhost:8080/search?q=love&year=1994&language=English,139,0,0
1782351893891,115,HTTP Request,200,OK,Year-Language Query 4-10,text,true,,271,159,10,62,http://localhost:8080/search?q=love&year=1994&language=English,115,0,0
1782351893997,77,HTTP Request,200,OK,Year-Language Query 4-5,text,true,,271,159,10,62,http://localhost:8080/search?q=love&year=1994&language=English,77,0,0
1782351893998,79,HTTP Request,200,OK,Year-Language Query 4-8,text,true,,271,159,10,62,http://localhost:8080/search?q=love&year=1994&language=English,79,0,0
1782351893975,103,HTTP Request,200,OK,Year-Language Query 4-3,text,true,,271,159,10,62,http://localhost:8080/search?q=love&year=1994&language=English,103,0,0
1782351893997,93,HTTP Request,200,OK,Year-Language Query 4-6,text,true,,271,159,10,62,http://localhost:8080/search?q=love&year=1994&language=English,93,0,0
1782351894002,89,HTTP Request,200,OK,Year-Language Query 4-9,text,true,,271,159,10,62,http://localhost:8080/search?q=love&year=1994&language=English,89,0,0
1782351893998,99,HTTP Request,200,OK,Year-Language Query 4-4,text,true,,271,159,10,62,http://localhost:8080/search?q=love&year=1994&language=English,99,0,0
1782351894007,94,HTTP Request,200,OK,Year-Language Query 4-10,text,true,,271,159,10,62,http://localhost:8080/search?q=love&year=1994&language=English,94,0,0
1782351894078,62,HTTP Request,200,OK,Year-Language Query 4-3,text,true,,271,159,10,62,http://localhost:8080/search?q=love&year=1994&language=English,62,0,0
1782351894091,50,HTTP Request,200,OK,Year-Language Query 4-9,text,true,,271,159,10,62,http://localhost:8080/search?q=love&year=1994&language=English,50,0,0
1782351894074,89,HTTP Request,200,OK,Year-Language Query 4-5,text,true,,271,159,10,62,http://localhost:8080/search?q=love&year=1994&language=English,89,0,0
1782351894091,74,HTTP Request,200,OK,Year-Language Query 4-6,text,true,,271,159,10,62,http://localhost:8080/search?q=love&year=1994&language=English,74,0,0
1782351894077,98,HTTP Request,200,OK,Year-Language Query 4-8,text,true,,271,159,10,62,http://localhost:8080/search?q=love&year=1994&language=English,98,0,0
1782351894101,84,HTTP Request,200,OK,Year-Language Query 4-10,text,true,,271,159,10,62,http://localhost:8080/search?q=love&year=1994&language=English,84,0,0
1782351894098,87,HTTP Request,200,OK,Year-Language Query 4-4,text,true,,271,159,10,62,http://localhost:8080/search?q=love&year=1994&language=English,87,0,0
1782351894141,101,HTTP Request,200,OK,Year-Language Query 4-3,text,true,,271,159,10,62,http://localhost:8080/search?q=love&year=1994&language=English,101,0,0
1782351894142,134,HTTP Request,200,OK,Year-Language Query 4-9,text,true,,271,159,10,62,http://localhost:8080/search?q=love&year=1994&language=English,134,0,0
1782351894164,114,HTTP Request,200,OK,Year-Language Query 4-5,text,true,,271,159,10,62,http://localhost:8080/search?q=love&year=1994&language=English,113,0,0
1782351894165,123,HTTP Request,200,OK,Year-Language Query 4-6,text,true,,271,159,10,62,http://localhost:8080/search?q=love&year=1994&language=English,123,0,0
1782351894175,123,HTTP Request,200,OK,Year-Language Query 4-8,text,true,,271,159,10,62,http://localhost:8080/search?q=love&year=1994&language=English,123,0,0
1782351894185,118,HTTP Request,200,OK,Year-Language Query 4-4,text,true,,271,159,10,62,http://localhost:8080/search?q=love&year=1994&language=English,118,0,0
1782351894185,118,HTTP Request,200,OK,Year-Language Query 4-10,text,true,,271,159,10,62,http://localhost:8080/search?q=love&year=1994&language=English,118,0,0
1782351894242,82,HTTP Request,200,OK,Year-Language Query 4-3,text,true,,271,159,10,62,http://localhost:8080/search?q=love&year=1994&language=English,82,0,0
1782351894277,73,HTTP Request,200,OK,Year-Language Query 4-9,text,true,,271,159,10,62,http://localhost:8080/search?q=love&year=1994&language=English,73,0,0
1782351894288,84,HTTP Request,200,OK,Year-Language Query 4-6,text,true,,271,159,10,62,http://localhost:8080/search?q=love&year=1994&language=English,84,0,0
1782351894278,94,HTTP Request,200,OK,Year-Language Query 4-5,text,true,,271,159,10,62,http://localhost:8080/search?q=love&year=1994&language=English,94,0,0
1782351894298,81,HTTP Request,200,OK,Year-Language Query 4-8,text,true,,271,159,10,62,http://localhost:8080/search?q=love&year=1994&language=English,81,0,0
1782351894303,91,HTTP Request,200,OK,Year-Language Query 4-4,text,true,,271,159,10,62,http://localhost:8080/search?q=love&year=1994&language=English,91,0,0
1782351894303,94,HTTP Request,200,OK,Year-Language Query 4-10,text,true,,271,159,10,62,http://localhost:8080/search?q=love&year=1994&language=English,94,0,0
1782351894324,75,HTTP Request,200,OK,Year-Language Query 4-3,text,true,,271,159,10,62,http://localhost:8080/search?q=love&year=1994&language=English,75,0,0
1782351894350,89,HTTP Request,200,OK,Year-Language Query 4-9,text,true,,271,159,10,62,http://localhost:8080/search?q=love&year=1994&language=English,89,0,0
1782351894399,42,HTTP Request,200,OK,Year-Language Query 4-3,text,true,,271,159,10,62,http://localhost:8080/search?q=love&year=1994&language=English,42,0,0
1782351894372,72,HTTP Request,200,OK,Year-Language Query 4-5,text,true,,271,159,10,62,http://localhost:8080/search?q=love&year=1994&language=English,72,0,0
1782351894379,75,HTTP Request,200,OK,Year-Language Query 4-8,text,true,,271,159,10,62,http://localhost:8080/search?q=love&year=1994&language=English,75,0,0
1782351894394,68,HTTP Request,200,OK,Year-Language Query 4-4,text,true,,271,159,10,62,http://localhost:8080/search?q=love&year=1994&language=English,68,0,0
1782351894372,95,HTTP Request,200,OK,Year-Language Query 4-6,text,true,,271,159,10,62,http://localhost:8080/search?q=love&year=1994&language=English,95,0,0
1782351894397,74,HTTP Request,200,OK,Year-Language Query 4-10,text,true,,271,159,10,62,http://localhost:8080/search?q=love&year=1994&language=English,74,0,0
1782351894444,94,HTTP Request,200,OK,Year-Language Query 4-5,text,true,,271,159,10,62,http://localhost:8080/search?q=love&year=1994&language=English,94,0,0
1782351894454,84,HTTP Request,200,OK,Year-Language Query 4-8,text,true,,271,159,10,62,http://localhost:8080/search?q=love&year=1994&language=English,84,0,0
1782351894462,76,HTTP Request,200,OK,Year-Language Query 4-4,text,true,,271,159,10,62,http://localhost:8080/search?q=love&year=1994&language=English,76,0,0
1782351894439,100,HTTP Request,200,OK,Year-Language Query 4-9,text,true,,271,159,10,62,http://localhost:8080/search?q=love&year=1994&language=English,100,0,0
1782351894467,72,HTTP Request,200,OK,Year-Language Query 4-6,text,true,,271,159,10,62,http://localhost:8080/search?q=love&year=1994&language=English,72,0,0
1782351894441,98,HTTP Request,200,OK,Year-Language Query 4-3,text,true,,271,159,10,62,http://localhost:8080/search?q=love&year=1994&language=English,98,0,0
1782351894471,106,HTTP Request,200,OK,Year-Language Query 4-10,text,true,,271,159,10,62,http://localhost:8080/search?q=love&year=1994&language=English,106,0,0
1782351894538,90,HTTP Request,200,OK,Year-Language Query 4-8,text,true,,271,159,10,62,http://localhost:8080/search?q=love&year=1994&language=English,90,0,0
1782351894538,94,HTTP Request,200,OK,Year-Language Query 4-5,text,true,,271,159,10,62,http://localhost:8080/search?q=love&year=1994&language=English,94,0,0
1782351894540,92,HTTP Request,200,OK,Year-Language Query 4-3,text,true,,271,159,10,62,http://localhost:8080/search?q=love&year=1994&language=English,92,0,0
1782351894539,115,HTTP Request,200,OK,Year-Language Query 4-9,text,true,,271,159,10,62,http://localhost:8080/search?q=love&year=1994&language=English,115,0,0
1782351894577,77,HTTP Request,200,OK,Year-Language Query 4-10,text,true,,271,159,10,62,http://localhost:8080/search?q=love&year=1994&language=English,77,0,0
1782351894539,131,HTTP Request,200,OK,Year-Language Query 4-6,text,true,,271,159,10,62,http://localhost:8080/search?q=love&year=1994&language=English,131,0,0
1782351894538,133,HTTP Request,200,OK,Year-Language Query 4-4,text,true,,271,159,10,62,http://localhost:8080/search?q=love&year=1994&language=English,133,0,0
1782351894628,68,HTTP Request,200,OK,Year-Language Query 4-8,text,true,,271,159,10,62,http://localhost:8080/search?q=love&year=1994&language=English,68,0,0
1782351894633,73,HTTP Request,200,OK,Year-Language Query 4-3,text,true,,271,159,10,62,http://localhost:8080/search?q=love&year=1994&language=English,73,0,0
1782351894633,82,HTTP Request,200,OK,Year-Language Query 4-5,text,true,,271,159,10,62,http://localhost:8080/search?q=love&year=1994&language=English,82,0,0
1782351894654,67,HTTP Request,200,OK,Year-Language Query 4-9,text,true,,271,159,10,62,http://localhost:8080/search?q=love&year=1994&language=English,67,0,0
1782351894654,70,HTTP Request,200,OK,Year-Language Query 4-10,text,true,,271,159,10,62,http://localhost:8080/search?q=love&year=1994&language=English,70,0,0
1782351894671,82,HTTP Request,200,OK,Year-Language Query 4-6,text,true,,271,159,10,62,http://localhost:8080/search?q=love&year=1994&language=English,82,0,0
1782351894671,82,HTTP Request,200,OK,Year-Language Query 4-4,text,true,,271,159,10,62,http://localhost:8080/search?q=love&year=1994&language=English,82,0,0
1782351894696,65,HTTP Request,200,OK,Year-Language Query 4-8,text,true,,271,159,10,62,http://localhost:8080/search?q=love&year=1994&language=English,65,0,0
1782351894706,71,HTTP Request,200,OK,Year-Language Query 4-3,text,true,,271,159,10,62,http://localhost:8080/search?q=love&year=1994&language=English,71,0,0
1782351894715,74,HTTP Request,200,OK,Year-Language Query 4-5,text,true,,271,159,10,62,http://localhost:8080/search?q=love&year=1994&language=English,74,0,0
1782351894724,69,HTTP Request,200,OK,Year-Language Query 4-10,text,true,,271,159,10,62,http://localhost:8080/search?q=love&year=1994&language=English,69,0,0
1782351894721,73,HTTP Request,200,OK,Year-Language Query 4-9,text,true,,271,159,10,62,http://localhost:8080/search?q=love&year=1994&language=English,73,0,0
1782351894789,72,HTTP Request,200,OK,Year-Language Query 4-5,text,true,,271,159,10,62,http://localhost:8080/search?q=love&year=1994&language=English,72,0,0
1782351894753,109,HTTP Request,200,OK,Year-Language Query 4-6,text,true,,271,159,10,62,http://localhost:8080/search?q=love&year=1994&language=English,109,0,0
1782351894761,102,HTTP Request,200,OK,Year-Language Query 4-8,text,true,,271,159,10,62,http://localhost:8080/search?q=love&year=1994&language=English,102,0,0
1782351894778,85,HTTP Request,200,OK,Year-Language Query 4-3,text,true,,271,159,10,62,http://localhost:8080/search?q=love&year=1994&language=English,85,0,0
1782351894753,110,HTTP Request,200,OK,Year-Language Query 4-4,text,true,,271,159,10,62,http://localhost:8080/search?q=love&year=1994&language=English,110,0,0
1782351894793,97,HTTP Request,200,OK,Year-Language Query 4-10,text,true,,271,159,10,62,http://localhost:8080/search?q=love&year=1994&language=English,97,0,0
1782351894794,98,HTTP Request,200,OK,Year-Language Query 4-9,text,true,,271,159,10,62,http://localhost:8080/search?q=love&year=1994&language=English,98,0,0
1782351894863,90,HTTP Request,200,OK,Year-Language Query 4-8,text,true,,271,159,10,62,http://localhost:8080/search?q=love&year=1994&language=English,90,0,0
1782351894862,91,HTTP Request,200,OK,Year-Language Query 4-5,text,true,,271,159,10,62,http://localhost:8080/search?q=love&year=1994&language=English,91,0,0
1782351894863,90,HTTP Request,200,OK,Year-Language Query 4-3,text,true,,271,159,10,62,http://localhost:8080/search?q=love&year=1994&language=English,90,0,0
1782351894862,104,HTTP Request,200,OK,Year-Language Query 4-6,text,true,,271,159,10,62,http://localhost:8080/search?q=love&year=1994&language=English,104,0,0
1782351894864,102,HTTP Request,200,OK,Year-Language Query 4-4,text,true,,271,159,10,62,http://localhost:8080/search?q=love&year=1994&language=English,102,0,0
1782351894892,87,HTTP Request,200,OK,Year-Language Query 4-9,text,true,,271,159,10,62,http://localhost:8080/search?q=love&year=1994&language=English,87,0,0
1782351894890,127,HTTP Request,200,OK,Year-Language Query 4-10,text,true,,271,159,10,64,http://localhost:8080/search?q=love&year=1994&language=English,127,0,0
1782351894953,83,HTTP Request,200,OK,Year-Language Query 4-5,text,true,,271,159,10,64,http://localhost:8080/search?q=love&year=1994&language=English,83,0,0
1782351894953,102,HTTP Request,200,OK,Year-Language Query 4-3,text,true,,271,159,10,64,http://localhost:8080/search?q=love&year=1994&language=English,102,0,0
1782351894966,119,HTTP Request,200,OK,Year-Language Query 4-6,text,true,,271,159,10,64,http://localhost:8080/search?q=love&year=1994&language=English,119,0,0
1782351894966,128,HTTP Request,200,OK,Year-Language Query 4-4,text,true,,271,159,10,64,http://localhost:8080/search?q=love&year=1994&language=English,128,0,0
1782351894953,141,HTTP Request,200,OK,Year-Language Query 4-8,text,true,,271,159,10,64,http://localhost:8080/search?q=love&year=1994&language=English,141,0,0
1782351894979,130,HTTP Request,200,OK,Year-Language Query 4-9,text,true,,271,159,10,64,http://localhost:8080/search?q=love&year=1994&language=English,130,0,0
1782351895018,100,HTTP Request,200,OK,Year-Language Query 4-10,text,true,,271,159,10,64,http://localhost:8080/search?q=love&year=1994&language=English,100,0,0
1782351895036,122,HTTP Request,200,OK,Year-Language Query 4-5,text,true,,271,159,10,64,http://localhost:8080/search?q=love&year=1994&language=English,122,0,0
1782351890038,5121,HTTP Request,200,OK,Year-Language Query 4-7,text,true,,271,159,10,64,http://localhost:8080/search?q=love&year=1994&language=English,5121,0,3
1782351895055,125,HTTP Request,200,OK,Year-Language Query 4-3,text,true,,271,159,10,64,http://localhost:8080/search?q=love&year=1994&language=English,125,0,0
1782351895094,92,HTTP Request,200,OK,Year-Language Query 4-4,text,true,,271,159,10,64,http://localhost:8080/search?q=love&year=1994&language=English,92,0,0
1782351895085,103,HTTP Request,200,OK,Year-Language Query 4-6,text,true,,271,159,10,64,http://localhost:8080/search?q=love&year=1994&language=English,103,0,0
1782351895109,112,HTTP Request,200,OK,Year-Language Query 4-9,text,true,,271,159,10,64,http://localhost:8080/search?q=love&year=1994&language=English,112,0,0
1782351895094,168,HTTP Request,200,OK,Year-Language Query 4-8,text,true,,271,159,10,64,http://localhost:8080/search?q=love&year=1994&language=English,168,0,0
1782351895119,156,HTTP Request,200,OK,Year-Language Query 4-10,text,true,,271,159,10,64,http://localhost:8080/search?q=love&year=1994&language=English,156,0,0
1782351895158,152,HTTP Request,200,OK,Year-Language Query 4-5,text,true,,271,159,10,64,http://localhost:8080/search?q=love&year=1994&language=English,152,0,0
1782351895188,129,HTTP Request,200,OK,Year-Language Query 4-6,text,true,,271,159,10,64,http://localhost:8080/search?q=love&year=1994&language=English,129,0,0
1782351895159,158,HTTP Request,200,OK,Year-Language Query 4-7,text,true,,271,159,10,64,http://localhost:8080/search?q=love&year=1994&language=English,158,0,0
1782351895186,131,HTTP Request,200,OK,Year-Language Query 4-4,text,true,,271,159,10,64,http://localhost:8080/search?q=love&year=1994&language=English,131,0,0
1782351895180,150,HTTP Request,200,OK,Year-Language Query 4-3,text,true,,271,159,10,64,http://localhost:8080/search?q=love&year=1994&language=English,150,0,0
1782351895262,110,HTTP Request,200,OK,Year-Language Query 4-8,text,true,,271,159,10,64,http://localhost:8080/search?q=love&year=1994&language=English,110,0,0
1782351895275,136,HTTP Request,200,OK,Year-Language Query 4-10,text,true,,271,159,10,64,http://localhost:8080/search?q=love&year=1994&language=English,136,0,0
1782351895222,191,HTTP Request,200,OK,Year-Language Query 4-9,text,true,,271,159,10,64,http://localhost:8080/search?q=love&year=1994&language=English,191,0,0
1782351895318,127,HTTP Request,200,OK,Year-Language Query 4-6,text,true,,271,159,10,64,http://localhost:8080/search?q=love&year=1994&language=English,127,0,0
1782351895330,116,HTTP Request,200,OK,Year-Language Query 4-3,text,true,,271,159,10,64,http://localhost:8080/search?q=love&year=1994&language=English,116,0,0
1782351895318,129,HTTP Request,200,OK,Year-Language Query 4-4,text,true,,271,159,10,64,http://localhost:8080/search?q=love&year=1994&language=English,129,0,0
1782351895318,131,HTTP Request,200,OK,Year-Language Query 4-7,text,true,,271,159,10,64,http://localhost:8080/search?q=love&year=1994&language=English,131,0,0
1782351895311,158,HTTP Request,200,OK,Year-Language Query 4-5,text,true,,271,159,10,64,http://localhost:8080/search?q=love&year=1994&language=English,158,0,0
1782351895449,74,HTTP Request,200,OK,Year-Language Query 4-7,text,true,,271,159,10,64,http://localhost:8080/search?q=love&year=1994&language=English,74,0,0
1782351895372,152,HTTP Request,200,OK,Year-Language Query 4-8,text,true,,271,159,10,64,http://localhost:8080/search?q=love&year=1994&language=English,152,0,0
1782351895446,93,HTTP Request,200,OK,Year-Language Query 4-3,text,true,,271,159,10,64,http://localhost:8080/search?q=love&year=1994&language=English,93,0,0
1782351895414,147,HTTP Request,200,OK,Year-Language Query 4-9,text,true,,271,159,10,64,http://localhost:8080/search?q=love&year=1994&language=English,147,0,0
1782351895412,150,HTTP Request,200,OK,Year-Language Query 4-10,text,true,,271,159,10,64,http://localhost:8080/search?q=love&year=1994&language=English,150,0,0
1782351895445,117,HTTP Request,200,OK,Year-Language Query 4-6,text,true,,271,159,10,64,http://localhost:8080/search?q=love&year=1994&language=English,117,0,0
1782351895447,153,HTTP Request,200,OK,Year-Language Query 4-4,text,true,,271,159,10,64,http://localhost:8080/search?q=love&year=1994&language=English,153,0,0
1782351895470,133,HTTP Request,200,OK,Year-Language Query 4-5,text,true,,271,159,10,64,http://localhost:8080/search?q=love&year=1994&language=English,133,0,0
1782351895523,119,HTTP Request,200,OK,Year-Language Query 4-7,text,true,,271,159,10,64,http://localhost:8080/search?q=love&year=1994&language=English,119,0,0
1782351895524,130,HTTP Request,200,OK,Year-Language Query 4-8,text,true,,271,159,10,64,http://localhost:8080/search?q=love&year=1994&language=English,130,0,0
1782351895539,138,HTTP Request,200,OK,Year-Language Query 4-3,text,true,,271,159,10,64,http://localhost:8080/search?q=love&year=1994&language=English,138,0,0
1782351895562,143,HTTP Request,200,OK,Year-Language Query 4-10,text,true,,271,159,10,64,http://localhost:8080/search?q=love&year=1994&language=English,143,0,0
1782351895562,152,HTTP Request,200,OK,Year-Language Query 4-9,text,true,,271,159,10,64,http://localhost:8080/search?q=love&year=1994&language=English,152,0,0
1782351895562,152,HTTP Request,200,OK,Year-Language Query 4-6,text,true,,271,159,10,64,http://localhost:8080/search?q=love&year=1994&language=English,152,0,0
1782351895603,112,HTTP Request,200,OK,Year-Language Query 4-5,text,true,,271,159,10,64,http://localhost:8080/search?q=love&year=1994&language=English,112,0,0
1782351895600,129,HTTP Request,200,OK,Year-Language Query 4-4,text,true,,271,159,10,64,http://localhost:8080/search?q=love&year=1994&language=English,129,0,0
1782351895654,112,HTTP Request,200,OK,Year-Language Query 4-8,text,true,,271,159,10,64,http://localhost:8080/search?q=love&year=1994&language=English,112,0,0
1782351895643,139,HTTP Request,200,OK,Year-Language Query 4-7,text,true,,271,159,10,64,http://localhost:8080/search?q=love&year=1994&language=English,139,0,0
1782351895677,110,HTTP Request,200,OK,Year-Language Query 4-3,text,true,,271,159,10,64,http://localhost:8080/search?q=love&year=1994&language=English,110,0,0
1782351895705,104,HTTP Request,200,OK,Year-Language Query 4-10,text,true,,271,159,10,64,http://localhost:8080/search?q=love&year=1994&language=English,104,0,0
1782351895715,110,HTTP Request,200,OK,Year-Language Query 4-5,text,true,,271,159,10,64,http://localhost:8080/search?q=love&year=1994&language=English,110,0,0
1782351895730,109,HTTP Request,200,OK,Year-Language Query 4-4,text,true,,271,159,10,64,http://localhost:8080/search?q=love&year=1994&language=English,109,0,0
1782351895714,126,HTTP Request,200,OK,Year-Language Query 4-6,text,true,,271,159,10,64,http://localhost:8080/search?q=love&year=1994&language=English,126,0,0
1782351895714,126,HTTP Request,200,OK,Year-Language Query 4-9,text,true,,271,159,10,64,http://localhost:8080/search?q=love&year=1994&language=English,126,0,0
1782351895787,106,HTTP Request,200,OK,Year-Language Query 4-3,text,true,,271,159,10,64,http://localhost:8080/search?q=love&year=1994&language=English,106,0,0
1782351895767,127,HTTP Request,200,OK,Year-Language Query 4-8,text,true,,271,159,10,64,http://localhost:8080/search?q=love&year=1994&language=English,127,0,0
1782351895809,97,HTTP Request,200,OK,Year-Language Query 4-10,text,true,,271,159,10,64,http://localhost:8080/search?q=love&year=1994&language=English,97,0,0
1782351895782,125,HTTP Request,200,OK,Year-Language Query 4-7,text,true,,271,159,10,64,http://localhost:8080/search?q=love&year=1994&language=English,125,0,0
1782351895841,93,HTTP Request,200,OK,Year-Language Query 4-9,text,true,,271,159,10,64,http://localhost:8080/search?q=love&year=1994&language=English,93,0,0
1782351895825,117,HTTP Request,200,OK,Year-Language Query 4-5,text,true,,271,159,10,64,http://localhost:8080/search?q=love&year=1994&language=English,117,0,0
1782351895840,127,HTTP Request,200,OK,Year-Language Query 4-6,text,true,,271,159,10,64,http://localhost:8080/search?q=love&year=1994&language=English,127,0,0
1782351895839,130,HTTP Request,200,OK,Year-Language Query 4-4,text,true,,271,159,10,64,http://localhost:8080/search?q=love&year=1994&language=English,130,0,0
1782351895893,143,HTTP Request,200,OK,Year-Language Query 4-3,text,true,,271,159,10,66,http://localhost:8080/search?q=love&year=1994&language=English,143,0,0
1782351895906,133,HTTP Request,200,OK,Year-Language Query 4-10,text,true,,271,159,10,66,http://localhost:8080/search?q=love&year=1994&language=English,133,0,0
1782351895894,157,HTTP Request,200,OK,Year-Language Query 4-8,text,true,,271,159,10,66,http://localhost:8080/search?q=love&year=1994&language=English,157,0,0
1782351895907,194,HTTP Request,200,OK,Year-Language Query 4-7,text,true,,271,159,10,66,http://localhost:8080/search?q=love&year=1994&language=English,194,0,0
1782351895942,175,HTTP Request,200,OK,Year-Language Query 4-5,text,true,,271,159,10,66,http://localhost:8080/search?q=love&year=1994&language=English,175,0,0
1782351895967,168,HTTP Request,200,OK,Year-Language Query 4-6,text,true,,271,159,10,66,http://localhost:8080/search?q=love&year=1994&language=English,168,0,0
1782351895934,201,HTTP Request,200,OK,Year-Language Query 4-9,text,true,,271,159,10,66,http://localhost:8080/search?q=love&year=1994&language=English,201,0,0
1782351895969,192,HTTP Request,200,OK,Year-Language Query 4-4,text,true,,271,159,10,66,http://localhost:8080/search?q=love&year=1994&language=English,192,0,0
1782351896039,165,HTTP Request,200,OK,Year-Language Query 4-10,text,true,,271,159,10,66,http://localhost:8080/search?q=love&year=1994&language=English,165,0,0
1782351896036,190,HTTP Request,200,OK,Year-Language Query 4-3,text,true,,271,159,10,66,http://localhost:8080/search?q=love&year=1994&language=English,190,0,0
1782351891121,5153,HTTP Request,200,OK,Year-Language Query 4-2,text,true,,271,159,10,66,http://localhost:8080/search?q=love&year=1994&language=English,5153,0,0
1782351896052,224,HTTP Request,200,OK,Year-Language Query 4-8,text,true,,271,159,10,66,http://localhost:8080/search?q=love&year=1994&language=English,224,0,0
1782351896101,179,HTTP Request,200,OK,Year-Language Query 4-7,text,true,,271,159,10,66,http://localhost:8080/search?q=love&year=1994&language=English,179,0,0
1782351896117,194,HTTP Request,200,OK,Year-Language Query 4-5,text,true,,271,159,10,66,http://localhost:8080/search?q=love&year=1994&language=English,193,0,0
1782351896136,234,HTTP Request,200,OK,Year-Language Query 4-9,text,true,,271,159,10,66,http://localhost:8080/search?q=love&year=1994&language=English,234,0,0
1782351896135,247,HTTP Request,200,OK,Year-Language Query 4-6,text,true,,271,159,10,66,http://localhost:8080/search?q=love&year=1994&language=English,247,0,0
1782351896161,222,HTTP Request,200,OK,Year-Language Query 4-4,text,true,,271,159,10,66,http://localhost:8080/search?q=love&year=1994&language=English,222,0,0
1782351896274,126,HTTP Request,200,OK,Year-Language Query 4-2,text,true,,271,159,10,66,http://localhost:8080/search?q=love&year=1994&language=English,126,0,0
1782351896204,197,HTTP Request,200,OK,Year-Language Query 4-10,text,true,,271,159,10,66,http://localhost:8080/search?q=love&year=1994&language=English,197,0,0
1782351896280,134,HTTP Request,200,OK,Year-Language Query 4-7,text,true,,271,159,10,66,http://localhost:8080/search?q=love&year=1994&language=English,134,0,0
1782351896277,137,HTTP Request,200,OK,Year-Language Query 4-8,text,true,,271,159,10,66,http://localhost:8080/search?q=love&year=1994&language=English,137,0,0
1782351896227,222,HTTP Request,200,OK,Year-Language Query 4-3,text,true,,271,159,10,66,http://localhost:8080/search?q=love&year=1994&language=English,222,0,0
1782351896311,151,HTTP Request,200,OK,Year-Language Query 4-5,text,true,,271,159,10,66,http://localhost:8080/search?q=love&year=1994&language=English,151,0,0
1782351896401,105,HTTP Request,200,OK,Year-Language Query 4-2,text,true,,271,159,10,66,http://localhost:8080/search?q=love&year=1994&language=English,105,0,0
1782351896401,120,HTTP Request,200,OK,Year-Language Query 4-10,text,true,,271,159,10,66,http://localhost:8080/search?q=love&year=1994&language=English,120,0,0
1782351896382,149,HTTP Request,200,OK,Year-Language Query 4-6,text,true,,271,159,10,66,http://localhost:8080/search?q=love&year=1994&language=English,149,0,0
1782351896370,161,HTTP Request,200,OK,Year-Language Query 4-9,text,true,,271,159,10,66,http://localhost:8080/search?q=love&year=1994&language=English,161,0,0
1782351896383,162,HTTP Request,200,OK,Year-Language Query 4-4,text,true,,271,159,10,66,http://localhost:8080/search?q=love&year=1994&language=English,162,0,0
1782351896462,100,HTTP Request,200,OK,Year-Language Query 4-5,text,true,,271,159,10,66,http://localhost:8080/search?q=love&year=1994&language=English,100,0,0
1782351896450,112,HTTP Request,200,OK,Year-Language Query 4-3,text,true,,271,159,10,66,http://localhost:8080/search?q=love&year=1994&language=English,112,0,0
1782351896414,148,HTTP Request,200,OK,Year-Language Query 4-8,text,true,,271,159,10,66,http://localhost:8080/search?q=love&year=1994&language=English,148,0,0
1782351896414,198,HTTP Request,200,OK,Year-Language Query 4-7,text,true,,271,159,10,66,http://localhost:8080/search?q=love&year=1994&language=English,198,0,0
1782351896506,146,HTTP Request,200,OK,Year-Language Query 4-2,text,true,,271,159,10,66,http://localhost:8080/search?q=love&year=1994&language=English,146,0,0
1782351896545,147,HTTP Request,200,OK,Year-Language Query 4-4,text,true,,271,159,10,66,http://localhost:8080/search?q=love&year=1994&language=English,147,0,0
1782351896531,172,HTTP Request,200,OK,Year-Language Query 4-6,text,true,,271,159,10,66,http://localhost:8080/search?q=love&year=1994&language=English,172,0,0
1782351896562,142,HTTP Request,200,OK,Year-Language Query 4-8,text,true,,271,159,10,66,http://localhost:8080/search?q=love&year=1994&language=English,142,0,0
1782351896532,175,HTTP Request,200,OK,Year-Language Query 4-9,text,true,,271,159,10,66,http://localhost:8080/search?q=love&year=1994&language=English,175,0,0
1782351896562,146,HTTP Request,200,OK,Year-Language Query 4-3,text,true,,271,159,10,66,http://localhost:8080/search?q=love&year=1994&language=English,146,0,0
1782351896562,147,HTTP Request,200,OK,Year-Language Query 4-5,text,true,,271,159,10,66,http://localhost:8080/search?q=love&year=1994&language=English,147,0,0
1782351896521,206,HTTP Request,200,OK,Year-Language Query 4-10,text,true,,271,159,10,66,http://localhost:8080/search?q=love&year=1994&language=English,206,0,0
1782351896692,70,HTTP Request,200,OK,Year-Language Query 4-4,text,true,,271,159,10,66,http://localhost:8080/search?q=love&year=1994&language=English,70,0,0
1782351896652,110,HTTP Request,200,OK,Year-Language Query 4-2,text,true,,271,159,10,66,http://localhost:8080/search?q=love&year=1994&language=English,110,0,0
1782351896709,57,HTTP Request,200,OK,Year-Language Query 4-5,text,true,,271,159,10,66,http://localhost:8080/search?q=love&year=1994&language=English,57,0,0
1782351896613,153,HTTP Request,200,OK,Year-Language Query 4-7,text,true,,271,159,10,66,http://localhost:8080/search?q=love&year=1994&language=English,153,0,0
1782351896708,63,HTTP Request,200,OK,Year-Language Query 4-3,text,true,,271,159,10,66,http://localhost:8080/search?q=love&year=1994&language=English,63,0,0
1782351896703,82,HTTP Request,200,OK,Year-Language Query 4-6,text,true,,271,159,10,66,http://localhost:8080/search?q=love&year=1994&language=English,82,0,0
1782351896707,84,HTTP Request,200,OK,Year-Language Query 4-9,text,true,,271,159,10,66,http://localhost:8080/search?q=love&year=1994&language=English,84,0,0
1782351896705,90,HTTP Request,200,OK,Year-Language Query 4-8,text,true,,271,159,10,66,http://localhost:8080/search?q=love&year=1994&language=English,90,0,0
1782351896766,67,HTTP Request,200,OK,Year-Language Query 4-5,text,true,,271,159,10,66,http://localhost:8080/search?q=love&year=1994&language=English,67,0,0
1782351896762,93,HTTP Request,200,OK,Year-Language Query 4-2,text,true,,271,159,10,66,http://localhost:8080/search?q=love&year=1994&language=English,93,0,0
1782351896727,129,HTTP Request,200,OK,Year-Language Query 4-10,text,true,,271,159,10,66,http://localhost:8080/search?q=love&year=1994&language=English,129,0,0
1782351896771,85,HTTP Request,200,OK,Year-Language Query 4-3,text,true,,271,159,10,66,http://localhost:8080/search?q=love&year=1994&language=English,85,0,0
1782351896791,119,HTTP Request,200,OK,Year-Language Query 4-9,text,true,,271,159,10,66,http://localhost:8080/search?q=love&year=1994&language=English,119,0,0
1782351896762,149,HTTP Request,200,OK,Year-Language Query 4-4,text,true,,271,159,10,66,http://localhost:8080/search?q=love&year=1994&language=English,149,0,0
1782351896795,132,HTTP Request,200,OK,Year-Language Query 4-8,text,true,,271,159,10,66,http://localhost:8080/search?q=love&year=1994&language=English,132,0,0
1782351896767,161,HTTP Request,200,OK,Year-Language Query 4-7,text,true,,271,159,10,66,http://localhost:8080/search?q=love&year=1994&language=English,161,0,0
1782351896785,182,HTTP Request,200,OK,Year-Language Query 4-6,text,true,,271,159,10,67,http://localhost:8080/search?q=love&year=1994&language=English,182,0,0
1782351896833,147,HTTP Request,200,OK,Year-Language Query 4-5,text,true,,271,159,10,67,http://localhost:8080/search?q=love&year=1994&language=English,147,0,0
1782351896856,163,HTTP Request,200,OK,Year-Language Query 4-2,text,true,,271,159,10,68,http://localhost:8080/search?q=love&year=1994&language=English,163,0,0
1782351896856,186,HTTP Request,200,OK,Year-Language Query 4-10,text,true,,271,159,10,68,http://localhost:8080/search?q=love&year=1994&language=English,186,0,0
1782351896912,137,HTTP Request,200,OK,Year-Language Query 4-4,text,true,,271,159,10,68,http://localhost:8080/search?q=love&year=1994&language=English,137,0,0
1782351896856,194,HTTP Request,200,OK,Year-Language Query 4-3,text,true,,271,159,10,68,http://localhost:8080/search?q=love&year=1994&language=English,194,0,0
1782351896910,140,HTTP Request,200,OK,Year-Language Query 4-9,text,true,,271,159,10,68,http://localhost:8080/search?q=love&year=1994&language=English,140,0,0
1782351896928,135,HTTP Request,200,OK,Year-Language Query 4-8,text,true,,271,159,10,68,http://localhost:8080/search?q=love&year=1994&language=English,135,0,0
1782351896968,116,HTTP Request,200,OK,Year-Language Query 4-6,text,true,,271,159,10,68,http://localhost:8080/search?q=love&year=1994&language=English,116,0,0
1782351896928,157,HTTP Request,200,OK,Year-Language Query 4-7,text,true,,271,159,10,68,http://localhost:8080/search?q=love&year=1994&language=English,157,0,0
1782351897019,113,HTTP Request,200,OK,Year-Language Query 4-2,text,true,,271,159,10,68,http://localhost:8080/search?q=love&year=1994&language=English,113,0,0
1782351896982,150,HTTP Request,200,OK,Year-Language Query 4-5,text,true,,271,159,10,68,http://localhost:8080/search?q=love&year=1994&language=English,150,0,0
1782351897042,103,HTTP Request,200,OK,Year-Language Query 4-10,text,true,,271,159,10,68,http://localhost:8080/search?q=love&year=1994&language=English,103,0,0
1782351897050,96,HTTP Request,200,OK,Year-Language Query 4-3,text,true,,271,159,10,68,http://localhost:8080/search?q=love&year=1994&language=English,96,0,0
1782351897049,105,HTTP Request,200,OK,Year-Language Query 4-4,text,true,,271,159,10,68,http://localhost:8080/search?q=love&year=1994&language=English,105,0,0
1782351897050,104,HTTP Request,200,OK,Year-Language Query 4-9,text,true,,271,159,10,68,http://localhost:8080/search?q=love&year=1994&language=English,104,0,0
1782351897063,91,HTTP Request,200,OK,Year-Language Query 4-8,text,true,,271,159,10,68,http://localhost:8080/search?q=love&year=1994&language=English,91,0,0
1782351897085,92,HTTP Request,200,OK,Year-Language Query 4-6,text,true,,271,159,10,68,http://localhost:8080/search?q=love&year=1994&language=English,92,0,0
1782351897085,92,HTTP Request,200,OK,Year-Language Query 4-7,text,true,,271,159,10,68,http://localhost:8080/search?q=love&year=1994&language=English,92,0,0
1782351897133,104,HTTP Request,200,OK,Year-Language Query 4-2,text,true,,271,159,10,68,http://localhost:8080/search?q=love&year=1994&language=English,104,0,0
1782351897154,87,HTTP Request,200,OK,Year-Language Query 4-8,text,true,,271,159,10,68,http://localhost:8080/search?q=love&year=1994&language=English,87,0,0
1782351897145,96,HTTP Request,200,OK,Year-Language Query 4-10,text,true,,271,159,10,68,http://localhost:8080/search?q=love&year=1994&language=English,96,0,0
1782351897154,88,HTTP Request,200,OK,Year-Language Query 4-9,text,true,,271,159,10,68,http://localhost:8080/search?q=love&year=1994&language=English,88,0,0
1782351897177,100,HTTP Request,200,OK,Year-Language Query 4-6,text,true,,271,159,10,68,http://localhost:8080/search?q=love&year=1994&language=English,100,0,0
1782351897177,108,HTTP Request,200,OK,Year-Language Query 4-7,text,true,,271,159,10,68,http://localhost:8080/search?q=love&year=1994&language=English,108,0,0
1782351897146,140,HTTP Request,200,OK,Year-Language Query 4-3,text,true,,271,159,10,68,http://localhost:8080/search?q=love&year=1994&language=English,140,0,0
1782351897154,132,HTTP Request,200,OK,Year-Language Query 4-4,text,true,,271,159,10,68,http://localhost:8080/search?q=love&year=1994&language=English,132,0,0
1782351897133,153,HTTP Request,200,OK,Year-Language Query 4-5,text,true,,271,159,10,68,http://localhost:8080/search?q=love&year=1994&language=English,153,0,0
1782351897241,126,HTTP Request,200,OK,Year-Language Query 4-8,text,true,,271,159,10,68,http://localhost:8080/search?q=love&year=1994&language=English,126,0,0
1782351897237,141,HTTP Request,200,OK,Year-Language Query 4-2,text,true,,271,159,10,68,http://localhost:8080/search?q=love&year=1994&language=English,141,0,0
1782351897241,138,HTTP Request,200,OK,Year-Language Query 4-10,text,true,,271,159,10,68,http://localhost:8080/search?q=love&year=1994&language=English,138,0,0
1782351897242,138,HTTP Request,200,OK,Year-Language Query 4-9,text,true,,271,159,10,68,http://localhost:8080/search?q=love&year=1994&language=English,138,0,0
1782351897286,120,HTTP Request,200,OK,Year-Language Query 4-3,text,true,,271,159,10,68,http://localhost:8080/search?q=love&year=1994&language=English,120,0,0
1782351897286,124,HTTP Request,200,OK,Year-Language Query 4-4,text,true,,271,159,10,68,http://localhost:8080/search?q=love&year=1994&language=English,124,0,0
1782351897285,137,HTTP Request,200,OK,Year-Language Query 4-7,text,true,,271,159,10,68,http://localhost:8080/search?q=love&year=1994&language=English,137,0,0
1782351897277,147,HTTP Request,200,OK,Year-Language Query 4-6,text,true,,271,159,10,68,http://localhost:8080/search?q=love&year=1994&language=English,147,0,0
1782351897367,111,HTTP Request,200,OK,Year-Language Query 4-8,text,true,,271,159,10,68,http://localhost:8080/search?q=love&year=1994&language=English,111,0,0
1782351897286,198,HTTP Request,200,OK,Year-Language Query 4-5,text,true,,271,159,10,68,http://localhost:8080/search?q=love&year=1994&language=English,198,0,0
1782351897381,103,HTTP Request,200,OK,Year-Language Query 4-9,text,true,,271,159,10,68,http://localhost:8080/search?q=love&year=1994&language=English,103,0,0
1782351897406,88,HTTP Request,200,OK,Year-Language Query 4-3,text,true,,271,159,10,68,http://localhost:8080/search?q=love&year=1994&language=English,88,0,0
1782351897379,116,HTTP Request,200,OK,Year-Language Query 4-2,text,true,,271,159,10,68,http://localhost:8080/search?q=love&year=1994&language=English,116,0,0
1782351897410,90,HTTP Request,200,OK,Year-Language Query 4-4,text,true,,271,159,10,68,http://localhost:8080/search?q=love&year=1994&language=English,90,0,0
1782351897424,103,HTTP Request,200,OK,Year-Language Query 4-6,text,true,,271,159,10,68,http://localhost:8080/search?q=love&year=1994&language=English,103,0,0
1782351897379,149,HTTP Request,200,OK,Year-Language Query 4-10,text,true,,271,159,10,68,http://localhost:8080/search?q=love&year=1994&language=English,149,0,0
1782351897423,119,HTTP Request,200,OK,Year-Language Query 4-7,text,true,,271,159,10,68,http://localhost:8080/search?q=love&year=1994&language=English,119,0,0
1782351897495,131,HTTP Request,200,OK,Year-Language Query 4-3,text,true,,271,159,10,68,http://localhost:8080/search?q=love&year=1994&language=English,131,0,0
1782351897484,144,HTTP Request,200,OK,Year-Language Query 4-5,text,true,,271,159,10,68,http://localhost:8080/search?q=love&year=1994&language=English,144,0,0
1782351897478,165,HTTP Request,200,OK,Year-Language Query 4-8,text,true,,271,159,10,68,http://localhost:8080/search?q=love&year=1994&language=English,165,0,0
1782351897484,160,HTTP Request,200,OK,Year-Language Query 4-9,text,true,,271,159,10,68,http://localhost:8080/search?q=love&year=1994&language=English,160,0,0
1782351897495,149,HTTP Request,200,OK,Year-Language Query 4-2,text,true,,271,159,10,68,http://localhost:8080/search?q=love&year=1994&language=English,149,0,0
1782351897501,152,HTTP Request,200,OK,Year-Language Query 4-4,text,true,,271,159,10,68,http://localhost:8080/search?q=love&year=1994&language=English,152,0,0
1782351897529,143,HTTP Request,200,OK,Year-Language Query 4-10,text,true,,271,159,10,68,http://localhost:8080/search?q=love&year=1994&language=English,143,0,0
1782351897527,166,HTTP Request,200,OK,Year-Language Query 4-6,text,true,,271,159,10,68,http://localhost:8080/search?q=love&year=1994&language=English,166,0,0
1782351897542,159,HTTP Request,200,OK,Year-Language Query 4-7,text,true,,271,159,10,68,http://localhost:8080/search?q=love&year=1994&language=English,159,0,0
1782351897627,97,HTTP Request,200,OK,Year-Language Query 4-3,text,true,,271,159,10,68,http://localhost:8080/search?q=love&year=1994&language=English,97,0,0
1782351897644,111,HTTP Request,200,OK,Year-Language Query 4-9,text,true,,271,159,10,68,http://localhost:8080/search?q=love&year=1994&language=English,111,0,0
1782351897644,123,HTTP Request,200,OK,Year-Language Query 4-2,text,true,,271,159,10,68,http://localhost:8080/search?q=love&year=1994&language=English,123,0,0
1782351897653,116,HTTP Request,200,OK,Year-Language Query 4-4,text,true,,271,159,10,68,http://localhost:8080/search?q=love&year=1994&language=English,116,0,0
1782351897629,140,HTTP Request,200,OK,Year-Language Query 4-5,text,true,,271,159,10,68,http://localhost:8080/search?q=love&year=1994&language=English,140,0,0
1782351897693,96,HTTP Request,200,OK,Year-Language Query 4-6,text,true,,271,159,10,68,http://localhost:8080/search?q=love&year=1994&language=English,96,0,0
1782351897672,117,HTTP Request,200,OK,Year-Language Query 4-10,text,true,,271,159,10,68,http://localhost:8080/search?q=love&year=1994&language=English,117,0,0
1782351897643,151,HTTP Request,200,OK,Year-Language Query 4-8,text,true,,271,159,10,68,http://localhost:8080/search?q=love&year=1994&language=English,151,0,0
1782351897701,98,HTTP Request,200,OK,Year-Language Query 4-7,text,true,,271,159,10,68,http://localhost:8080/search?q=love&year=1994&language=English,98,0,0
1782351897724,86,HTTP Request,200,OK,Year-Language Query 4-3,text,true,,271,159,10,68,http://localhost:8080/search?q=love&year=1994&language=English,86,0,0
1782351897789,120,HTTP Request,200,OK,Year-Language Query 4-10,text,true,,271,159,10,68,http://localhost:8080/search?q=love&year=1994&language=English,120,0,0
1782351897769,140,HTTP Request,200,OK,Year-Language Query 4-4,text,true,,271,159,10,68,http://localhost:8080/search?q=love&year=1994&language=English,140,0,0
1782351897755,157,HTTP Request,200,OK,Year-Language Query 4-9,text,true,,271,159,10,68,http://localhost:8080/search?q=love&year=1994&language=English,157,0,0
1782351897767,156,HTTP Request,200,OK,Year-Language Query 4-2,text,true,,271,159,10,68,http://localhost:8080/search?q=love&year=1994&language=English,156,0,0
1782351897769,157,HTTP Request,200,OK,Year-Language Query 4-5,text,true,,271,159,10,68,http://localhost:8080/search?q=love&year=1994&language=English,157,0,0
1782351897789,158,HTTP Request,200,OK,Year-Language Query 4-6,text,true,,271,159,10,68,http://localhost:8080/search?q=love&year=1994&language=English,158,0,0
1782351897810,145,HTTP Request,200,OK,Year-Language Query 4-3,text,true,,271,159,10,68,http://localhost:8080/search?q=love&year=1994&language=English,145,0,0
1782351897795,161,HTTP Request,200,OK,Year-Language Query 4-8,text,true,,271,159,10,68,http://localhost:8080/search?q=love&year=1994&language=English,161,0,0
1782351897799,207,HTTP Request,200,OK,Year-Language Query 4-7,text,true,,271,159,10,70,http://localhost:8080/search?q=love&year=1994&language=English,207,0,0
1782351897910,145,HTTP Request,200,OK,Year-Language Query 4-10,text,true,,271,159,10,70,http://localhost:8080/search?q=love&year=1994&language=English,145,0,0
1782351897912,157,HTTP Request,200,OK,Year-Language Query 4-9,text,true,,271,159,10,70,http://localhost:8080/search?q=love&year=1994&language=English,157,0,0
1782351897910,161,HTTP Request,200,OK,Year-Language Query 4-4,text,true,,271,159,10,70,http://localhost:8080/search?q=love&year=1994&language=English,161,0,0
1782351897923,148,HTTP Request,200,OK,Year-Language Query 4-2,text,true,,271,159,10,70,http://localhost:8080/search?q=love&year=1994&language=English,148,0,0
1782351897956,160,HTTP Request,200,OK,Year-Language Query 4-8,text,true,,271,159,10,70,http://localhost:8080/search?q=love&year=1994&language=English,160,0,0
1782351897955,162,HTTP Request,200,OK,Year-Language Query 4-3,text,true,,271,159,10,70,http://localhost:8080/search?q=love&year=1994&language=English,162,0,0
1782351897926,191,HTTP Request,200,OK,Year-Language Query 4-5,text,true,,271,159,10,70,http://localhost:8080/search?q=love&year=1994&language=English,191,0,0
1782351897948,203,HTTP Request,200,OK,Year-Language Query 4-6,text,true,,271,159,10,70,http://localhost:8080/search?q=love&year=1994&language=English,203,0,0
1782351893004,5162,HTTP Request,200,OK,Year-Language Query 4-1,text,true,,271,159,10,70,http://localhost:8080/search?q=love&year=1994&language=English,5162,0,0
1782351898006,197,HTTP Request,200,OK,Year-Language Query 4-7,text,true,,271,159,10,70,http://localhost:8080/search?q=love&year=1994&language=English,197,0,0
1782351898070,148,HTTP Request,200,OK,Year-Language Query 4-9,text,true,,271,159,10,70,http://localhost:8080/search?q=love&year=1994&language=English,148,0,0
1782351898071,164,HTTP Request,200,OK,Year-Language Query 4-4,text,true,,271,159,10,70,http://localhost:8080/search?q=love&year=1994&language=English,164,0,0
1782351898056,179,HTTP Request,200,OK,Year-Language Query 4-10,text,true,,271,159,10,70,http://localhost:8080/search?q=love&year=1994&language=English,179,0,0
1782351898071,165,HTTP Request,200,OK,Year-Language Query 4-2,text,true,,271,159,10,70,http://localhost:8080/search?q=love&year=1994&language=English,165,0,0
1782351898116,137,HTTP Request,200,OK,Year-Language Query 4-8,text,true,,271,159,10,70,http://localhost:8080/search?q=love&year=1994&language=English,137,0,0
1782351898118,135,HTTP Request,200,OK,Year-Language Query 4-3,text,true,,271,159,10,70,http://localhost:8080/search?q=love&year=1994&language=English,135,0,0
1782351898118,137,HTTP Request,200,OK,Year-Language Query 4-5,text,true,,271,159,10,70,http://localhost:8080/search?q=love&year=1994&language=English,137,0,0
1782351898151,113,HTTP Request,200,OK,Year-Language Query 4-6,text,true,,271,159,10,70,http://localhost:8080/search?q=love&year=1994&language=English,113,0,0
1782351898167,126,HTTP Request,200,OK,Year-Language Query 4-1,text,true,,271,159,10,70,http://localhost:8080/search?q=love&year=1994&language=English,126,0,0
1782351898203,181,HTTP Request,200,OK,Year-Language Query 4-7,text,true,,271,159,10,70,http://localhost:8080/search?q=love&year=1994&language=English,181,0,0
1782351898219,175,HTTP Request,200,OK,Year-Language Query 4-9,text,true,,271,159,10,70,http://localhost:8080/search?q=love&year=1994&language=English,175,0,0
1782351898254,141,HTTP Request,200,OK,Year-Language Query 4-8,text,true,,271,159,10,70,http://localhost:8080/search?q=love&year=1994&language=English,141,0,0
1782351898254,204,HTTP Request,200,OK,Year-Language Query 4-3,text,true,,271,159,10,70,http://localhost:8080/search?q=love&year=1994&language=English,204,0,0
1782351898235,237,HTTP Request,200,OK,Year-Language Query 4-4,text,true,,271,159,10,70,http://localhost:8080/search?q=love&year=1994&language=English,237,0,0
1782351898236,237,HTTP Request,200,OK,Year-Language Query 4-2,text,true,,271,159,10,70,http://localhost:8080/search?q=love&year=1994&language=English,237,0,0
1782351898265,209,HTTP Request,200,OK,Year-Language Query 4-6,text,true,,271,159,10,70,http://localhost:8080/search?q=love&year=1994&language=English,209,0,0
1782351898236,238,HTTP Request,200,OK,Year-Language Query 4-10,text,true,,271,159,10,70,http://localhost:8080/search?q=love&year=1994&language=English,238,0,0
1782351898294,180,HTTP Request,200,OK,Year-Language Query 4-1,text,true,,271,159,10,70,http://localhost:8080/search?q=love&year=1994&language=English,180,0,0
1782351898255,220,HTTP Request,200,OK,Year-Language Query 4-5,text,true,,271,159,10,70,http://localhost:8080/search?q=love&year=1994&language=English,220,0,0
1782351898385,158,HTTP Request,200,OK,Year-Language Query 4-7,text,true,,271,159,10,70,http://localhost:8080/search?q=love&year=1994&language=English,158,0,0
1782351898395,154,HTTP Request,200,OK,Year-Language Query 4-9,text,true,,271,159,10,70,http://localhost:8080/search?q=love&year=1994&language=English,154,0,0
1782351898459,90,HTTP Request,200,OK,Year-Language Query 4-3,text,true,,271,159,10,70,http://localhost:8080/search?q=love&year=1994&language=English,90,0,0
1782351898395,193,HTTP Request,200,OK,Year-Language Query 4-8,text,true,,271,159,10,70,http://localhost:8080/search?q=love&year=1994&language=English,193,0,0
1782351898474,128,HTTP Request,200,OK,Year-Language Query 4-10,text,true,,271,159,10,70,http://localhost:8080/search?q=love&year=1994&language=English,128,0,0
1782351898473,136,HTTP Request,200,OK,Year-Language Query 4-2,text,true,,271,159,10,70,http://localhost:8080/search?q=love&year=1994&language=English,136,0,0
1782351898474,149,HTTP Request,200,OK,Year-Language Query 4-1,text,true,,271,159,10,70,http://localhost:8080/search?q=love&year=1994&language=English,149,0,0
1782351898475,149,HTTP Request,200,OK,Year-Language Query 4-5,text,true,,271,159,10,70,http://localhost:8080/search?q=love&year=1994&language=English,149,0,0
1782351898549,82,HTTP Request,200,OK,Year-Language Query 4-9,text,true,,271,159,10,70,http://localhost:8080/search?q=love&year=1994&language=English,82,0,0
1782351898472,193,HTTP Request,200,OK,Year-Language Query 4-4,text,true,,271,159,10,70,http://localhost:8080/search?q=love&year=1994&language=English,193,0,0
1782351898474,196,HTTP Request,200,OK,Year-Language Query 4-6,text,true,,271,159,10,70,http://localhost:8080/search?q=love&year=1994&language=English,196,0,0
1782351898549,125,HTTP Request,200,OK,Year-Language Query 4-3,text,true,,271,159,10,70,http://localhost:8080/search?q=love&year=1994&language=English,125,0,0
1782351898544,130,HTTP Request,200,OK,Year-Language Query 4-7,text,true,,271,159,10,70,http://localhost:8080/search?q=love&year=1994&language=English,130,0,0
1782351898588,109,HTTP Request,200,OK,Year-Language Query 4-8,text,true,,271,159,10,70,http://localhost:8080/search?q=love&year=1994&language=English,109,0,0
1782351898609,96,HTTP Request,200,OK,Year-Language Query 4-2,text,true,,271,159,10,70,http://localhost:8080/search?q=love&year=1994&language=English,96,0,0
1782351898603,131,HTTP Request,200,OK,Year-Language Query 4-10,text,true,,271,159,10,70,http://localhost:8080/search?q=love&year=1994&language=English,131,0,0
1782351898624,136,HTTP Request,200,OK,Year-Language Query 4-5,text,true,,271,159,10,70,http://localhost:8080/search?q=love&year=1994&language=English,136,0,0
1782351898632,158,HTTP Request,200,OK,Year-Language Query 4-9,text,true,,271,159,10,70,http://localhost:8080/search?q=love&year=1994&language=English,158,0,0
1782351898624,167,HTTP Request,200,OK,Year-Language Query 4-1,text,true,,271,159,10,70,http://localhost:8080/search?q=love&year=1994&language=English,167,0,0
1782351898670,161,HTTP Request,200,OK,Year-Language Query 4-6,text,true,,271,159,10,70,http://localhost:8080/search?q=love&year=1994&language=English,161,0,0
1782351898665,167,HTTP Request,200,OK,Year-Language Query 4-4,text,true,,271,159,10,70,http://localhost:8080/search?q=love&year=1994&language=English,167,0,0
1782351898674,173,HTTP Request,200,OK,Year-Language Query 4-3,text,true,,271,159,10,70,http://localhost:8080/search?q=love&year=1994&language=English,173,0,0
1782351898674,174,HTTP Request,200,OK,Year-Language Query 4-7,text,true,,271,159,10,70,http://localhost:8080/search?q=love&year=1994&language=English,174,0,0
1782351898734,114,HTTP Request,200,OK,Year-Language Query 4-10,text,true,,271,159,10,70,http://localhost:8080/search?q=love&year=1994&language=English,114,0,0
1782351898761,87,HTTP Request,200,OK,Year-Language Query 4-5,text,true,,271,159,10,70,http://localhost:8080/search?q=love&year=1994&language=English,87,0,0
1782351898706,154,HTTP Request,200,OK,Year-Language Query 4-2,text,true,,271,159,10,70,http://localhost:8080/search?q=love&year=1994&language=English,154,0,0
1782351898698,165,HTTP Request,200,OK,Year-Language Query 4-8,text,true,,271,159,10,70,http://localhost:8080/search?q=love&year=1994&language=English,165,0,0
1782351898791,82,HTTP Request,200,OK,Year-Language Query 4-1,text,true,,271,159,10,70,http://localhost:8080/search?q=love&year=1994&language=English,82,0,0
1782351898791,108,HTTP Request,200,OK,Year-Language Query 4-9,text,true,,271,159,10,70,http://localhost:8080/search?q=love&year=1994&language=English,108,0,0
1782351898860,76,HTTP Request,200,OK,Year-Language Query 4-2,text,true,,271,159,10,70,http://localhost:8080/search?q=love&year=1994&language=English,76,0,0
1782351898832,104,HTTP Request,200,OK,Year-Language Query 4-4,text,true,,271,159,10,70,http://localhost:8080/search?q=love&year=1994&language=English,104,0,0
1782351898848,95,HTTP Request,200,OK,Year-Language Query 4-10,text,true,,271,159,10,70,http://localhost:8080/search?q=love&year=1994&language=English,95,0,0
1782351898831,112,HTTP Request,200,OK,Year-Language Query 4-6,text,true,,271,159,10,70,http://localhost:8080/search?q=love&year=1994&language=English,112,0,0
1782351898848,137,HTTP Request,200,OK,Year-Language Query 4-3,text,true,,271,159,10,70,http://localhost:8080/search?q=love&year=1994&language=English,137,0,0
1782351898848,137,HTTP Request,200,OK,Year-Language Query 4-7,text,true,,271,159,10,70,http://localhost:8080/search?q=love&year=1994&language=English,137,0,0
1782351898848,146,HTTP Request,200,OK,Year-Language Query 4-5,text,true,,271,159,10,70,http://localhost:8080/search?q=love&year=1994&language=English,146,0,0
1782351898873,128,HTTP Request,200,OK,Year-Language Query 4-1,text,true,,271,159,10,70,http://localhost:8080/search?q=love&year=1994&language=English,128,0,0
1782351898863,162,HTTP Request,200,OK,Year-Language Query 4-8,text,true,,271,159,10,70,http://localhost:8080/search?q=love&year=1994&language=English,162,0,0
1782351898899,136,HTTP Request,200,OK,Year-Language Query 4-9,text,true,,271,159,10,70,http://localhost:8080/search?q=love&year=1994&language=English,136,0,0
1782351898936,108,HTTP Request,200,OK,Year-Language Query 4-2,text,true,,271,159,10,70,http://localhost:8080/search?q=love&year=1994&language=English,108,0,0
1782351898936,112,HTTP Request,200,OK,Year-Language Query 4-4,text,true,,271,159,10,70,http://localhost:8080/search?q=love&year=1994&language=English,112,0,0
1782351898943,144,HTTP Request,200,OK,Year-Language Query 4-6,text,true,,271,159,10,70,http://localhost:8080/search?q=love&year=1994&language=English,144,0,0
1782351898943,145,HTTP Request,200,OK,Year-Language Query 4-10,text,true,,271,159,10,70,http://localhost:8080/search?q=love&year=1994&language=English,145,0,0
1782351898985,110,HTTP Request,200,OK,Year-Language Query 4-3,text,true,,271,159,10,70,http://localhost:8080/search?q=love&year=1994&language=English,110,0,0
1782351898985,112,HTTP Request,200,OK,Year-Language Query 4-7,text,true,,271,159,10,70,http://localhost:8080/search?q=love&year=1994&language=English,112,0,0
1782351899001,107,HTTP Request,200,OK,Year-Language Query 4-1,text,true,,271,159,10,70,http://localhost:8080/search?q=love&year=1994&language=English,107,0,0
1782351899044,82,HTTP Request,200,OK,Year-Language Query 4-2,text,true,,271,159,10,70,http://localhost:8080/search?q=love&year=1994&language=English,82,0,0
1782351899048,83,HTTP Request,200,OK,Year-Language Query 4-4,text,true,,271,159,10,70,http://localhost:8080/search?q=love&year=1994&language=English,83,0,0
1782351899036,97,HTTP Request,200,OK,Year-Language Query 4-9,text,true,,271,159,10,70,http://localhost:8080/search?q=love&year=1994&language=English,97,0,0
1782351899025,127,HTTP Request,200,OK,Year-Language Query 4-8,text,true,,271,159,10,70,http://localhost:8080/search?q=love&year=1994&language=English,127,0,0
1782351898995,159,HTTP Request,200,OK,Year-Language Query 4-5,text,true,,271,159,10,70,http://localhost:8080/search?q=love&year=1994&language=English,159,0,0
1782351899097,67,HTTP Request,200,OK,Year-Language Query 4-7,text,true,,271,159,10,70,http://localhost:8080/search?q=love&year=1994&language=English,67,0,0
1782351899089,75,HTTP Request,200,OK,Year-Language Query 4-10,text,true,,271,159,10,70,http://localhost:8080/search?q=love&year=1994&language=English,75,0,0
1782351899095,100,HTTP Request,200,OK,Year-Language Query 4-3,text,true,,271,159,10,70,http://localhost:8080/search?q=love&year=1994&language=English,100,0,0
1782351899108,96,HTTP Request,200,OK,Year-Language Query 4-1,text,true,,271,159,10,70,http://localhost:8080/search?q=love&year=1994&language=English,96,0,0
1782351899127,91,HTTP Request,200,OK,Year-Language Query 4-2,text,true,,271,159,10,70,http://localhost:8080/search?q=love&year=1994&language=English,91,0,0
1782351899087,133,HTTP Request,200,OK,Year-Language Query 4-6,text,true,,271,159,10,70,http://localhost:8080/search?q=love&year=1994&language=English,133,0,0
1782351899132,89,HTTP Request,200,OK,Year-Language Query 4-4,text,true,,271,159,10,70,http://localhost:8080/search?q=love&year=1994&language=English,89,0,0
1782351899164,72,HTTP Request,200,OK,Year-Language Query 4-10,text,true,,271,159,10,70,http://localhost:8080/search?q=love&year=1994&language=English,72,0,0
1782351899133,110,HTTP Request,200,OK,Year-Language Query 4-9,text,true,,271,159,10,70,http://localhost:8080/search?q=love&year=1994&language=English,110,0,0
1782351899154,105,HTTP Request,200,OK,Year-Language Query 4-5,text,true,,271,159,10,70,http://localhost:8080/search?q=love&year=1994&language=English,105,0,0
1782351899152,107,HTTP Request,200,OK,Year-Language Query 4-8,text,true,,271,159,10,70,http://localhost:8080/search?q=love&year=1994&language=English,107,0,0
1782351899164,106,HTTP Request,200,OK,Year-Language Query 4-7,text,true,,271,159,10,70,http://localhost:8080/search?q=love&year=1994&language=English,106,0,0
1782351899195,76,HTTP Request,200,OK,Year-Language Query 4-3,text,true,,271,159,10,70,http://localhost:8080/search?q=love&year=1994&language=English,76,0,0
1782351899204,67,HTTP Request,200,OK,Year-Language Query 4-1,text,true,,271,159,10,70,http://localhost:8080/search?q=love&year=1994&language=English,67,0,0
1782351899221,94,HTTP Request,200,OK,Year-Language Query 4-4,text,true,,271,159,10,70,http://localhost:8080/search?q=love&year=1994&language=English,94,0,0
1782351899220,110,HTTP Request,200,OK,Year-Language Query 4-6,text,true,,271,159,10,70,http://localhost:8080/search?q=love&year=1994&language=English,110,0,0
1782351899218,114,HTTP Request,200,OK,Year-Language Query 4-2,text,true,,271,159,10,70,http://localhost:8080/search?q=love&year=1994&language=English,114,0,0
1782351899271,114,HTTP Request,200,OK,Year-Language Query 4-3,text,true,,271,159,10,70,http://localhost:8080/search?q=love&year=1994&language=English,114,0,0
1782351899259,144,HTTP Request,200,OK,Year-Language Query 4-5,text,true,,271,159,10,70,http://localhost:8080/search?q=love&year=1994&language=English,144,0,0
1782351899259,145,HTTP Request,200,OK,Year-Language Query 4-8,text,true,,271,159,10,70,http://localhost:8080/search?q=love&year=1994&language=English,145,0,0
1782351899236,168,HTTP Request,200,OK,Year-Language Query 4-10,text,true,,271,159,10,70,http://localhost:8080/search?q=love&year=1994&language=English,168,0,0
1782351899271,135,HTTP Request,200,OK,Year-Language Query 4-1,text,true,,271,159,10,70,http://localhost:8080/search?q=love&year=1994&language=English,135,0,0
1782351899243,166,HTTP Request,200,OK,Year-Language Query 4-9,text,true,,271,159,10,70,http://localhost:8080/search?q=love&year=1994&language=English,166,0,0
1782351899271,154,HTTP Request,200,OK,Year-Language Query 4-7,text,true,,271,159,10,70,http://localhost:8080/search?q=love&year=1994&language=English,154,0,0
1782351899315,142,HTTP Request,200,OK,Year-Language Query 4-4,text,true,,271,159,10,70,http://localhost:8080/search?q=love&year=1994&language=English,142,0,0
1782351899332,126,HTTP Request,200,OK,Year-Language Query 4-2,text,true,,271,159,10,70,http://localhost:8080/search?q=love&year=1994&language=English,126,0,0
1782351899385,92,HTTP Request,200,OK,Year-Language Query 4-3,text,true,,271,159,10,70,http://localhost:8080/search?q=love&year=1994&language=English,92,0,0
1782351899330,171,HTTP Request,200,OK,Year-Language Query 4-6,text,true,,271,159,10,70,http://localhost:8080/search?q=love&year=1994&language=English,171,0,0
1782351899405,96,HTTP Request,200,OK,Year-Language Query 4-10,text,true,,271,159,10,70,http://localhost:8080/search?q=love&year=1994&language=English,96,0,0
1782351899404,130,HTTP Request,200,OK,Year-Language Query 4-8,text,true,,271,159,10,70,http://localhost:8080/search?q=love&year=1994&language=English,130,0,0
1782351899404,138,HTTP Request,200,OK,Year-Language Query 4-5,text,true,,271,159,10,70,http://localhost:8080/search?q=love&year=1994&language=English,138,0,0
1782351899406,139,HTTP Request,200,OK,Year-Language Query 4-1,text,true,,271,159,10,70,http://localhost:8080/search?q=love&year=1994&language=English,139,0,0
1782351899425,131,HTTP Request,200,OK,Year-Language Query 4-7,text,true,,271,159,10,70,http://localhost:8080/search?q=love&year=1994&language=English,131,0,0
1782351899409,148,HTTP Request,200,OK,Year-Language Query 4-9,text,true,,271,159,10,70,http://localhost:8080/search?q=love&year=1994&language=English,148,0,0
1782351899457,116,HTTP Request,200,OK,Year-Language Query 4-4,text,true,,271,159,10,70,http://localhost:8080/search?q=love&year=1994&language=English,116,0,0
1782351899458,137,HTTP Request,200,OK,Year-Language Query 4-2,text,true,,271,159,10,70,http://localhost:8080/search?q=love&year=1994&language=English,137,0,0
1782351899477,127,HTTP Request,200,OK,Year-Language Query 4-3,text,true,,271,159,10,70,http://localhost:8080/search?q=love&year=1994&language=English,127,0,0
1782351899501,118,HTTP Request,200,OK,Year-Language Query 4-10,text,true,,271,159,10,70,http://localhost:8080/search?q=love&year=1994&language=English,118,0,0
1782351899534,90,HTTP Request,200,OK,Year-Language Query 4-8,text,true,,271,159,10,70,http://localhost:8080/search?q=love&year=1994&language=English,90,0,0
1782351899501,124,HTTP Request,200,OK,Year-Language Query 4-6,text,true,,271,159,10,70,http://localhost:8080/search?q=love&year=1994&language=English,124,0,0
1782351899543,91,HTTP Request,200,OK,Year-Language Query 4-5,text,true,,271,159,10,70,http://localhost:8080/search?q=love&year=1994&language=English,91,0,0
1782351899545,89,HTTP Request,200,OK,Year-Language Query 4-1,text,true,,271,159,10,70,http://localhost:8080/search?q=love&year=1994&language=English,89,0,0
1782351899574,85,HTTP Request,200,OK,Year-Language Query 4-4,text,true,,271,159,10,70,http://localhost:8080/search?q=love&year=1994&language=English,85,0,0
1782351899557,103,HTTP Request,200,OK,Year-Language Query 4-9,text,true,,271,159,10,70,http://localhost:8080/search?q=love&year=1994&language=English,103,0,0
1782351899556,119,HTTP Request,200,OK,Year-Language Query 4-7,text,true,,271,159,10,70,http://localhost:8080/search?q=love&year=1994&language=English,119,0,0
1782351899624,63,HTTP Request,200,OK,Year-Language Query 4-8,text,true,,271,159,10,70,http://localhost:8080/search?q=love&year=1994&language=English,63,0,0
1782351899604,83,HTTP Request,200,OK,Year-Language Query 4-3,text,true,,271,159,10,70,http://localhost:8080/search?q=love&year=1994&language=English,83,0,0
1782351899595,97,HTTP Request,200,OK,Year-Language Query 4-2,text,true,,271,159,10,70,http://localhost:8080/search?q=love&year=1994&language=English,97,0,0
1782351899619,133,HTTP Request,200,OK,Year-Language Query 4-10,text,true,,271,159,10,70,http://localhost:8080/search?q=love&year=1994&language=English,133,0,0
1782351899634,118,HTTP Request,200,OK,Year-Language Query 4-1,text,true,,271,159,10,70,http://localhost:8080/search?q=love&year=1994&language=English,118,0,0
1782351899634,118,HTTP Request,200,OK,Year-Language Query 4-5,text,true,,271,159,10,70,http://localhost:8080/search?q=love&year=1994&language=English,118,0,0
1782351899625,127,HTTP Request,200,OK,Year-Language Query 4-6,text,true,,271,159,10,70,http://localhost:8080/search?q=love&year=1994&language=English,127,0,0
1782351899687,97,HTTP Request,200,OK,Year-Language Query 4-8,text,true,,271,159,10,70,http://localhost:8080/search?q=love&year=1994&language=English,97,0,0
1782351899660,125,HTTP Request,200,OK,Year-Language Query 4-9,text,true,,271,159,10,70,http://localhost:8080/search?q=love&year=1994&language=English,125,0,0
1782351899659,128,HTTP Request,200,OK,Year-Language Query 4-4,text,true,,271,159,10,70,http://localhost:8080/search?q=love&year=1994&language=English,128,0,0
1782351899687,100,HTTP Request,200,OK,Year-Language Query 4-3,text,true,,271,159,10,70,http://localhost:8080/search?q=love&year=1994&language=English,100,0,0
1782351899692,135,HTTP Request,200,OK,Year-Language Query 4-2,text,true,,271,159,10,70,http://localhost:8080/search?q=love&year=1994&language=English,135,0,0
1782351899676,151,HTTP Request,200,OK,Year-Language Query 4-7,text,true,,271,159,10,70,http://localhost:8080/search?q=love&year=1994&language=English,151,0,0
1782351899752,97,HTTP Request,200,OK,Year-Language Query 4-1,text,true,,271,159,10,70,http://localhost:8080/search?q=love&year=1994&language=English,97,0,0
1782351899752,101,HTTP Request,200,OK,Year-Language Query 4-5,text,true,,271,159,10,70,http://localhost:8080/search?q=love&year=1994&language=English,101,0,0
1782351899752,102,HTTP Request,200,OK,Year-Language Query 4-10,text,true,,271,159,10,70,http://localhost:8080/search?q=love&year=1994&language=English,102,0,0
1782351899752,102,HTTP Request,200,OK,Year-Language Query 4-6,text,true,,271,159,10,70,http://localhost:8080/search?q=love&year=1994&language=English,102,0,0
1782351899787,105,HTTP Request,200,OK,Year-Language Query 4-3,text,true,,271,159,10,70,http://localhost:8080/search?q=love&year=1994&language=English,105,0,0
1782351899787,106,HTTP Request,200,OK,Year-Language Query 4-4,text,true,,271,159,10,70,http://localhost:8080/search?q=love&year=1994&language=English,106,0,0
1782351899785,110,HTTP Request,200,OK,Year-Language Query 4-9,text,true,,271,159,10,70,http://localhost:8080/search?q=love&year=1994&language=English,110,0,0
1782351899785,110,HTTP Request,200,OK,Year-Language Query 4-8,text,true,,271,159,10,70,http://localhost:8080/search?q=love&year=1994&language=English,110,0,0
1782351899827,93,HTTP Request,200,OK,Year-Language Query 4-7,text,true,,271,159,10,70,http://localhost:8080/search?q=love&year=1994&language=English,93,0,0
1782351899827,108,HTTP Request,200,OK,Year-Language Query 4-2,text,true,,271,159,10,70,http://localhost:8080/search?q=love&year=1994&language=English,108,0,0
1782351899850,110,HTTP Request,200,OK,Year-Language Query 4-1,text,true,,271,159,10,70,http://localhost:8080/search?q=love&year=1994&language=English,110,0,0
1782351899854,111,HTTP Request,200,OK,Year-Language Query 4-10,text,true,,271,159,10,70,http://localhost:8080/search?q=love&year=1994&language=English,111,0,0
1782351899854,111,HTTP Request,200,OK,Year-Language Query 4-6,text,true,,271,159,10,70,http://localhost:8080/search?q=love&year=1994&language=English,111,0,0
1782351899895,71,HTTP Request,200,OK,Year-Language Query 4-8,text,true,,271,159,10,70,http://localhost:8080/search?q=love&year=1994&language=English,71,0,0
1782351899853,119,HTTP Request,200,OK,Year-Language Query 4-5,text,true,,271,159,10,70,http://localhost:8080/search?q=love&year=1994&language=English,119,0,0
1782351899895,96,HTTP Request,200,OK,Year-Language Query 4-9,text,true,,271,159,10,70,http://localhost:8080/search?q=love&year=1994&language=English,96,0,0
1782351899893,115,HTTP Request,200,OK,Year-Language Query 4-3,text,true,,271,159,10,70,http://localhost:8080/search?q=love&year=1994&language=English,115,0,0
1782351899920,135,HTTP Request,200,OK,Year-Language Query 4-7,text,true,,271,159,10,70,http://localhost:8080/search?q=love&year=1994&language=English,135,0,0
1782351899893,163,HTTP Request,200,OK,Year-Language Query 4-4,text,true,,271,159,10,70,http://localhost:8080/search?q=love&year=1994&language=English,163,0,0
1782351899965,95,HTTP Request,200,OK,Year-Language Query 4-10,text,true,,271,159,10,70,http://localhost:8080/search?q=love&year=1994&language=English,95,0,0
1782351899936,171,HTTP Request,200,OK,Year-Language Query 4-2,text,true,,271,159,10,70,http://localhost:8080/search?q=love&year=1994&language=English,171,0,0
1782351899965,142,HTTP Request,200,OK,Year-Language Query 4-6,text,true,,271,159,10,70,http://localhost:8080/search?q=love&year=1994&language=English,142,0,0
1782351899966,141,HTTP Request,200,OK,Year-Language Query 4-8,text,true,,271,159,10,70,http://localhost:8080/search?q=love&year=1994&language=English,141,0,0
1782351899960,148,HTTP Request,200,OK,Year-Language Query 4-1,text,true,,271,159,10,70,http://localhost:8080/search?q=love&year=1994&language=English,148,0,0
1782351899973,152,HTTP Request,200,OK,Year-Language Query 4-5,text,true,,271,159,10,70,http://localhost:8080/search?q=love&year=1994&language=English,152,0,0
1782351899991,180,HTTP Request,200,OK,Year-Language Query 4-9,text,true,,271,159,10,70,http://localhost:8080/search?q=love&year=1994&language=English,180,0,0
1782351900061,118,HTTP Request,200,OK,Year-Language Query 4-10,text,true,,271,159,10,70,http://localhost:8080/search?q=love&year=1994&language=English,118,0,0
1782351900009,189,HTTP Request,200,OK,Year-Language Query 4-3,text,true,,271,159,10,70,http://localhost:8080/search?q=love&year=1994&language=English,189,0,0
1782351900056,175,HTTP Request,200,OK,Year-Language Query 4-7,text,true,,271,159,10,70,http://localhost:8080/search?q=love&year=1994&language=English,175,0,0
1782351900056,202,HTTP Request,200,OK,Year-Language Query 4-4,text,true,,271,159,10,70,http://localhost:8080/search?q=love&year=1994&language=English,202,0,0
1782351900107,151,HTTP Request,200,OK,Year-Language Query 4-2,text,true,,271,159,10,70,http://localhost:8080/search?q=love&year=1994&language=English,151,0,0
1782351900107,151,HTTP Request,200,OK,Year-Language Query 4-6,text,true,,271,159,10,70,http://localhost:8080/search?q=love&year=1994&language=English,151,0,0
1782351900126,158,HTTP Request,200,OK,Year-Language Query 4-5,text,true,,271,159,10,70,http://localhost:8080/search?q=love&year=1994&language=English,158,0,0
1782351900107,184,HTTP Request,200,OK,Year-Language Query 4-8,text,true,,271,159,10,70,http://localhost:8080/search?q=love&year=1994&language=English,184,0,0
1782351900108,212,HTTP Request,200,OK,Year-Language Query 4-1,text,true,,271,159,10,70,http://localhost:8080/search?q=love&year=1994&language=English,212,0,0
1782351900179,141,HTTP Request,200,OK,Year-Language Query 4-10,text,true,,271,159,10,70,http://localhost:8080/search?q=love&year=1994&language=English,141,0,0
1782351900171,150,HTTP Request,200,OK,Year-Language Query 4-9,text,true,,271,159,10,70,http://localhost:8080/search?q=love&year=1994&language=English,150,0,0
1782351900198,161,HTTP Request,200,OK,Year-Language Query 4-3,text,true,,271,159,10,70,http://localhost:8080/search?q=love&year=1994&language=English,161,0,0
1782351900258,144,HTTP Request,200,OK,Year-Language Query 4-4,text,true,,271,159,10,70,http://localhost:8080/search?q=love&year=1994&language=English,144,0,0
1782351900258,144,HTTP Request,200,OK,Year-Language Query 4-2,text,true,,271,159,10,70,http://localhost:8080/search?q=love&year=1994&language=English,144,0,0
1782351900231,172,HTTP Request,200,OK,Year-Language Query 4-7,text,true,,271,159,10,70,http://localhost:8080/search?q=love&year=1994&language=English,172,0,0
1782351900258,146,HTTP Request,200,OK,Year-Language Query 4-6,text,true,,271,159,10,70,http://localhost:8080/search?q=love&year=1994&language=English,146,0,0
1782351900321,121,HTTP Request,200,OK,Year-Language Query 4-10,text,true,,271,159,10,70,http://localhost:8080/search?q=love&year=1994&language=English,121,0,0
1782351900321,121,HTTP Request,200,OK,Year-Language Query 4-9,text,true,,271,159,10,70,http://localhost:8080/search?q=love&year=1994&language=English,121,0,0
1782351900321,126,HTTP Request,200,OK,Year-Language Query 4-1,text,true,,271,159,10,70,http://localhost:8080/search?q=love&year=1994&language=English,126,0,0
1782351900291,157,HTTP Request,200,OK,Year-Language Query 4-8,text,true,,271,159,10,70,http://localhost:8080/search?q=love&year=1994&language=English,157,0,0
1782351900285,164,HTTP Request,200,OK,Year-Language Query 4-5,text,true,,271,159,10,70,http://localhost:8080/search?q=love&year=1994&language=English,164,0,0
1782351900359,140,HTTP Request,200,OK,Year-Language Query 4-3,text,true,,271,159,10,70,http://localhost:8080/search?q=love&year=1994&language=English,140,0,0
1782351900404,119,HTTP Request,200,OK,Year-Language Query 4-7,text,true,,271,159,10,70,http://localhost:8080/search?q=love&year=1994&language=English,119,0,0
1782351900402,142,HTTP Request,200,OK,Year-Language Query 4-4,text,true,,271,159,10,70,http://localhost:8080/search?q=love&year=1994&language=English,142,0,0
1782351900404,150,HTTP Request,200,OK,Year-Language Query 4-6,text,true,,271,159,10,70,http://localhost:8080/search?q=love&year=1994&language=English,150,0,0
1782351900403,160,HTTP Request,200,OK,Year-Language Query 4-2,text,true,,271,159,10,70,http://localhost:8080/search?q=love&year=1994&language=English,160,0,0
1782351900448,146,HTTP Request,200,OK,Year-Language Query 4-8,text,true,,271,159,10,70,http://localhost:8080/search?q=love&year=1994&language=English,146,0,0
1782351900447,147,HTTP Request,200,OK,Year-Language Query 4-1,text,true,,271,159,10,70,http://localhost:8080/search?q=love&year=1994&language=English,147,0,0
1782351900443,156,HTTP Request,200,OK,Year-Language Query 4-9,text,true,,271,159,10,70,http://localhost:8080/search?q=love&year=1994&language=English,156,0,0
1782351900443,157,HTTP Request,200,OK,Year-Language Query 4-10,text,true,,271,159,10,70,http://localhost:8080/search?q=love&year=1994&language=English,157,0,0
1782351900449,151,HTTP Request,200,OK,Year-Language Query 4-5,text,true,,271,159,10,70,http://localhost:8080/search?q=love&year=1994&language=English,151,0,0
1782351900499,115,HTTP Request,200,OK,Year-Language Query 4-3,text,true,,271,159,10,70,http://localhost:8080/search?q=love&year=1994&language=English,115,0,0
1782351900523,140,HTTP Request,200,OK,Year-Language Query 4-7,text,true,,271,159,10,70,http://localhost:8080/search?q=love&year=1994&language=English,140,0,0
1782351900563,145,HTTP Request,200,OK,Year-Language Query 4-2,text,true,,271,159,10,70,http://localhost:8080/search?q=love&year=1994&language=English,145,0,0
1782351900554,155,HTTP Request,200,OK,Year-Language Query 4-6,text,true,,271,159,10,70,http://localhost:8080/search?q=love&year=1994&language=English,155,0,0
1782351900544,166,HTTP Request,200,OK,Year-Language Query 4-4,text,true,,271,159,10,70,http://localhost:8080/search?q=love&year=1994&language=English,166,0,0
1782351900599,142,HTTP Request,200,OK,Year-Language Query 4-9,text,true,,271,159,10,70,http://localhost:8080/search?q=love&year=1994&language=English,142,0,0
1782351900594,148,HTTP Request,200,OK,Year-Language Query 4-8,text,true,,271,159,10,70,http://localhost:8080/search?q=love&year=1994&language=English,148,0,0
1782351900600,155,HTTP Request,200,OK,Year-Language Query 4-10,text,true,,271,159,10,70,http://localhost:8080/search?q=love&year=1994&language=English,155,0,0
1782351900594,167,HTTP Request,200,OK,Year-Language Query 4-1,text,true,,271,159,10,70,http://localhost:8080/search?q=love&year=1994&language=English,167,0,0
1782351900614,149,HTTP Request,200,OK,Year-Language Query 4-3,text,true,,271,159,10,70,http://localhost:8080/search?q=love&year=1994&language=English,149,0,0
1782351900601,163,HTTP Request,200,OK,Year-Language Query 4-5,text,true,,271,159,10,70,http://localhost:8080/search?q=love&year=1994&language=English,163,0,0
1782351900664,111,HTTP Request,200,OK,Year-Language Query 4-7,text,true,,271,159,10,70,http://localhost:8080/search?q=love&year=1994&language=English,111,0,0
1782351900708,103,HTTP Request,200,OK,Year-Language Query 4-2,text,true,,271,159,10,70,http://localhost:8080/search?q=love&year=1994&language=English,103,0,0
1782351900709,109,HTTP Request,200,OK,Year-Language Query 4-6,text,true,,271,159,10,70,http://localhost:8080/search?q=love&year=1994&language=English,109,0,0
1782351900710,110,HTTP Request,200,OK,Year-Language Query 4-4,text,true,,271,159,10,70,http://localhost:8080/search?q=love&year=1994&language=English,110,0,0
1782351900742,80,HTTP Request,200,OK,Year-Language Query 4-8,text,true,,271,159,10,70,http://localhost:8080/search?q=love&year=1994&language=English,80,0,0
1782351900742,85,HTTP Request,200,OK,Year-Language Query 4-9,text,true,,271,159,10,70,http://localhost:8080/search?q=love&year=1994&language=English,85,0,0
1782351900761,85,HTTP Request,200,OK,Year-Language Query 4-1,text,true,,271,159,10,70,http://localhost:8080/search?q=love&year=1994&language=English,85,0,0
1782351900755,91,HTTP Request,200,OK,Year-Language Query 4-10,text,true,,271,159,10,70,http://localhost:8080/search?q=love&year=1994&language=English,91,0,0
1782351900764,88,HTTP Request,200,OK,Year-Language Query 4-5,text,true,,271,159,10,70,http://localhost:8080/search?q=love&year=1994&language=English,88,0,0
1782351900763,95,HTTP Request,200,OK,Year-Language Query 4-3,text,true,,271,159,10,70,http://localhost:8080/search?q=love&year=1994&language=English,95,0,0
1782351900776,92,HTTP Request,200,OK,Year-Language Query 4-7,text,true,,271,159,10,70,http://localhost:8080/search?q=love&year=1994&language=English,92,0,0
1782351900822,73,HTTP Request,200,OK,Year-Language Query 4-8,text,true,,271,159,10,70,http://localhost:8080/search?q=love&year=1994&language=English,73,0,0
1782351900819,83,HTTP Request,200,OK,Year-Language Query 4-6,text,true,,271,159,10,70,http://localhost:8080/search?q=love&year=1994&language=English,83,0,0
1782351900827,85,HTTP Request,200,OK,Year-Language Query 4-9,text,true,,271,159,10,70,http://localhost:8080/search?q=love&year=1994&language=English,85,0,0
1782351900821,91,HTTP Request,200,OK,Year-Language Query 4-4,text,true,,271,159,10,70,http://localhost:8080/search?q=love&year=1994&language=English,91,0,0
1782351900846,82,HTTP Request,200,OK,Year-Language Query 4-10,text,true,,271,159,10,70,http://localhost:8080/search?q=love&year=1994&language=English,82,0,0
1782351900811,118,HTTP Request,200,OK,Year-Language Query 4-2,text,true,,271,159,10,70,http://localhost:8080/search?q=love&year=1994&language=English,118,0,0
1782351900868,93,HTTP Request,200,OK,Year-Language Query 4-7,text,true,,271,159,10,70,http://localhost:8080/search?q=love&year=1994&language=English,93,0,0
1782351900846,146,HTTP Request,200,OK,Year-Language Query 4-1,text,true,,271,159,10,70,http://localhost:8080/search?q=love&year=1994&language=English,146,0,0
1782351900859,134,HTTP Request,200,OK,Year-Language Query 4-3,text,true,,271,159,10,70,http://localhost:8080/search?q=love&year=1994&language=English,134,0,0
1782351900852,162,HTTP Request,200,OK,Year-Language Query 4-5,text,true,,271,159,10,70,http://localhost:8080/search?q=love&year=1994&language=English,162,0,0
1782351900912,136,HTTP Request,200,OK,Year-Language Query 4-9,text,true,,271,159,10,70,http://localhost:8080/search?q=love&year=1994&language=English,136,0,0
1782351900895,175,HTTP Request,200,OK,Year-Language Query 4-8,text,true,,271,159,10,70,http://localhost:8080/search?q=love&year=1994&language=English,175,0,0
1782351900902,171,HTTP Request,200,OK,Year-Language Query 4-6,text,true,,271,159,10,70,http://localhost:8080/search?q=love&year=1994&language=English,171,0,0
1782351900913,162,HTTP Request,200,OK,Year-Language Query 4-4,text,true,,271,159,10,70,http://localhost:8080/search?q=love&year=1994&language=English,162,0,0
1782351900961,137,HTTP Request,200,OK,Year-Language Query 4-7,text,true,,271,159,10,70,http://localhost:8080/search?q=love&year=1994&language=English,137,0,0
1782351900929,178,HTTP Request,200,OK,Year-Language Query 4-10,text,true,,271,159,10,70,http://localhost:8080/search?q=love&year=1994&language=English,178,0,0
1782351900929,178,HTTP Request,200,OK,Year-Language Query 4-2,text,true,,271,159,10,70,http://localhost:8080/search?q=love&year=1994&language=English,178,0,0
1782351901014,126,HTTP Request,200,OK,Year-Language Query 4-5,text,true,,271,159,10,70,http://localhost:8080/search?q=love&year=1994&language=English,126,0,0
1782351900993,149,HTTP Request,200,OK,Year-Language Query 4-1,text,true,,271,159,10,70,http://localhost:8080/search?q=love&year=1994&language=English,149,0,0
1782351900994,152,HTTP Request,200,OK,Year-Language Query 4-3,text,true,,271,159,10,70,http://localhost:8080/search?q=love&year=1994&language=English,152,0,0
1782351901049,124,HTTP Request,200,OK,Year-Language Query 4-9,text,true,,271,159,10,70,http://localhost:8080/search?q=love&year=1994&language=English,124,0,0
1782351901073,144,HTTP Request,200,OK,Year-Language Query 4-6,text,true,,271,159,10,70,http://localhost:8080/search?q=love&year=1994&language=English,144,0,0
1782351901071,158,HTTP Request,200,OK,Year-Language Query 4-8,text,true,,271,159,10,70,http://localhost:8080/search?q=love&year=1994&language=English,158,0,0
1782351901098,132,HTTP Request,200,OK,Year-Language Query 4-7,text,true,,271,159,10,70,http://localhost:8080/search?q=love&year=1994&language=English,132,0,0
1782351901075,156,HTTP Request,200,OK,Year-Language Query 4-4,text,true,,271,159,10,70,http://localhost:8080/search?q=love&year=1994&language=English,156,0,0
1782351901141,166,HTTP Request,200,OK,Year-Language Query 4-5,text,true,,271,159,10,70,http://localhost:8080/search?q=love&year=1994&language=English,166,0,0
1782351901107,202,HTTP Request,200,OK,Year-Language Query 4-2,text,true,,271,159,10,70,http://localhost:8080/search?q=love&year=1994&language=English,202,0,0
1782351901107,204,HTTP Request,200,OK,Year-Language Query 4-10,text,true,,271,159,10,70,http://localhost:8080/search?q=love&year=1994&language=English,204,0,0
1782351901142,182,HTTP Request,200,OK,Year-Language Query 4-1,text,true,,271,159,10,70,http://localhost:8080/search?q=love&year=1994&language=English,182,0,0
1782351901146,183,HTTP Request,200,OK,Year-Language Query 4-3,text,true,,271,159,10,70,http://localhost:8080/search?q=love&year=1994&language=English,183,0,0
1782351901173,160,HTTP Request,200,OK,Year-Language Query 4-9,text,true,,271,159,10,70,http://localhost:8080/search?q=love&year=1994&language=English,160,0,0
1782351901217,126,HTTP Request,200,OK,Year-Language Query 4-6,text,true,,271,159,10,70,http://localhost:8080/search?q=love&year=1994&language=English,126,0,0
1782351901230,142,HTTP Request,200,OK,Year-Language Query 4-7,text,true,,271,159,10,70,http://localhost:8080/search?q=love&year=1994&language=English,142,0,0
1782351901229,161,HTTP Request,200,OK,Year-Language Query 4-8,text,true,,271,159,10,70,http://localhost:8080/search?q=love&year=1994&language=English,161,0,0
1782351901231,188,HTTP Request,200,OK,Year-Language Query 4-4,text,true,,271,159,10,70,http://localhost:8080/search?q=love&year=1994&language=English,188,0,0
1782351901311,138,HTTP Request,200,OK,Year-Language Query 4-10,text,true,,271,159,10,70,http://localhost:8080/search?q=love&year=1994&language=English,138,0,0
1782351901310,151,HTTP Request,200,OK,Year-Language Query 4-2,text,true,,271,159,10,70,http://localhost:8080/search?q=love&year=1994&language=English,151,0,0
1782351901333,136,HTTP Request,200,OK,Year-Language Query 4-9,text,true,,271,159,10,70,http://localhost:8080/search?q=love&year=1994&language=English,136,0,0
1782351901343,132,HTTP Request,200,OK,Year-Language Query 4-6,text,true,,271,159,10,70,http://localhost:8080/search?q=love&year=1994&language=English,132,0,0
1782351901307,177,HTTP Request,200,OK,Year-Language Query 4-5,text,true,,271,159,10,70,http://localhost:8080/search?q=love&year=1994&language=English,177,0,0
1782351901324,160,HTTP Request,200,OK,Year-Language Query 4-1,text,true,,271,159,10,70,http://localhost:8080/search?q=love&year=1994&language=English,160,0,0
1782351901329,182,HTTP Request,200,OK,Year-Language Query 4-3,text,true,,271,159,10,70,http://localhost:8080/search?q=love&year=1994&language=English,182,0,0
1782351901372,149,HTTP Request,200,OK,Year-Language Query 4-7,text,true,,271,159,10,70,http://localhost:8080/search?q=love&year=1994&language=English,149,0,0
1782351901391,166,HTTP Request,200,OK,Year-Language Query 4-8,text,true,,271,159,10,70,http://localhost:8080/search?q=love&year=1994&language=English,166,0,0
1782351901475,92,HTTP Request,200,OK,Year-Language Query 4-6,text,true,,271,159,10,70,http://localhost:8080/search?q=love&year=1994&language=English,92,0,0
1782351901461,106,HTTP Request,200,OK,Year-Language Query 4-2,text,true,,271,159,10,70,http://localhost:8080/search?q=love&year=1994&language=English,106,0,0
1782351901419,162,HTTP Request,200,OK,Year-Language Query 4-4,text,true,,271,159,10,70,http://localhost:8080/search?q=love&year=1994&language=English,162,0,0
1782351901469,113,HTTP Request,200,OK,Year-Language Query 4-9,text,true,,271,159,10,70,http://localhost:8080/search?q=love&year=1994&language=English,113,0,0
1782351901449,142,HTTP Request,200,OK,Year-Language Query 4-10,text,true,,271,159,10,70,http://localhost:8080/search?q=love&year=1994&language=English,142,0,0
1782351901484,120,HTTP Request,200,OK,Year-Language Query 4-1,text,true,,271,159,10,70,http://localhost:8080/search?q=love&year=1994&language=English,120,0,0
1782351901511,100,HTTP Request,200,OK,Year-Language Query 4-3,text,true,,271,159,10,70,http://localhost:8080/search?q=love&year=1994&language=English,100,0,0
1782351901484,169,HTTP Request,200,OK,Year-Language Query 4-5,text,true,,271,159,10,70,http://localhost:8080/search?q=love&year=1994&language=English,167,0,0
1782351901521,224,HTTP Request,200,OK,Year-Language Query 4-7,text,true,,271,159,10,70,http://localhost:8080/search?q=love&year=1994&language=English,224,0,0
1782351901582,164,HTTP Request,200,OK,Year-Language Query 4-4,text,true,,271,159,10,70,http://localhost:8080/search?q=love&year=1994&language=English,164,0,0
1782351901605,141,HTTP Request,200,OK,Year-Language Query 4-1,text,true,,271,159,10,70,http://localhost:8080/search?q=love&year=1994&language=English,141,0,0
1782351901567,179,HTTP Request,200,OK,Year-Language Query 4-2,text,true,,271,159,10,70,http://localhost:8080/search?q=love&year=1994&language=English,179,0,0
1782351901557,231,HTTP Request,200,OK,Year-Language Query 4-8,text,true,,271,159,10,70,http://localhost:8080/search?q=love&year=1994&language=English,231,0,0
1782351901591,197,HTTP Request,200,OK,Year-Language Query 4-10,text,true,,271,159,10,70,http://localhost:8080/search?q=love&year=1994&language=English,197,0,0
1782351901582,211,HTTP Request,200,OK,Year-Language Query 4-9,text,true,,271,159,10,70,http://localhost:8080/search?q=love&year=1994&language=English,211,0,0
1782351901567,248,HTTP Request,200,OK,Year-Language Query 4-6,text,true,,271,159,10,70,http://localhost:8080/search?q=love&year=1994&language=English,248,0,0
1782351901611,228,HTTP Request,200,OK,Year-Language Query 4-3,text,true,,271,159,10,70,http://localhost:8080/search?q=love&year=1994&language=English,228,0,0
1782351901655,185,HTTP Request,200,OK,Year-Language Query 4-5,text,true,,271,159,10,70,http://localhost:8080/search?q=love&year=1994&language=English,185,0,0
1782351901746,144,HTTP Request,200,OK,Year-Language Query 4-2,text,true,,271,159,10,70,http://localhost:8080/search?q=love&year=1994&language=English,144,0,0
1782351901746,145,HTTP Request,200,OK,Year-Language Query 4-7,text,true,,271,159,10,70,http://localhost:8080/search?q=love&year=1994&language=English,145,0,0
1782351901746,147,HTTP Request,200,OK,Year-Language Query 4-4,text,true,,271,159,10,70,http://localhost:8080/search?q=love&year=1994&language=English,147,0,0
1782351901746,148,HTTP Request,200,OK,Year-Language Query 4-1,text,true,,271,159,10,70,http://localhost:8080/search?q=love&year=1994&language=English,148,0,0
1782351901788,156,HTTP Request,200,OK,Year-Language Query 4-10,text,true,,271,159,10,70,http://localhost:8080/search?q=love&year=1994&language=English,156,0,0
1782351901788,157,HTTP Request,200,OK,Year-Language Query 4-8,text,true,,271,159,10,70,http://localhost:8080/search?q=love&year=1994&language=English,157,0,0
1782351901793,161,HTTP Request,200,OK,Year-Language Query 4-9,text,true,,271,159,10,70,http://localhost:8080/search?q=love&year=1994&language=English,161,0,0
1782351901815,152,HTTP Request,200,OK,Year-Language Query 4-6,text,true,,271,159,10,70,http://localhost:8080/search?q=love&year=1994&language=English,152,0,0
1782351901840,148,HTTP Request,200,OK,Year-Language Query 4-3,text,true,,271,159,10,70,http://localhost:8080/search?q=love&year=1994&language=English,148,0,0
1782351901890,126,HTTP Request,200,OK,Year-Language Query 4-2,text,true,,271,159,10,70,http://localhost:8080/search?q=love&year=1994&language=English,126,0,0
1782351901840,176,HTTP Request,200,OK,Year-Language Query 4-5,text,true,,271,159,10,70,http://localhost:8080/search?q=love&year=1994&language=English,176,0,0
1782351901891,143,HTTP Request,200,OK,Year-Language Query 4-7,text,true,,271,159,10,70,http://localhost:8080/search?q=love&year=1994&language=English,143,0,0
1782351901894,166,HTTP Request,200,OK,Year-Language Query 4-1,text,true,,271,159,10,70,http://localhost:8080/search?q=love&year=1994&language=English,166,0,0
1782351901894,167,HTTP Request,200,OK,Year-Language Query 4-4,text,true,,271,159,10,70,http://localhost:8080/search?q=love&year=1994&language=English,167,0,0
1782351901946,130,HTTP Request,200,OK,Year-Language Query 4-8,text,true,,271,159,10,70,http://localhost:8080/search?q=love&year=1994&language=English,130,0,0
1782351901945,147,HTTP Request,200,OK,Year-Language Query 4-10,text,true,,271,159,10,70,http://localhost:8080/search?q=love&year=1994&language=English,147,0,0
1782351901954,153,HTTP Request,200,OK,Year-Language Query 4-9,text,true,,271,159,10,70,http://localhost:8080/search?q=love&year=1994&language=English,153,0,0
1782351901967,157,HTTP Request,200,OK,Year-Language Query 4-6,text,true,,271,159,10,70,http://localhost:8080/search?q=love&year=1994&language=English,157,0,0
1782351902016,125,HTTP Request,200,OK,Year-Language Query 4-2,text,true,,271,159,10,70,http://localhost:8080/search?q=love&year=1994&language=English,125,0,0
1782351902017,130,HTTP Request,200,OK,Year-Language Query 4-5,text,true,,271,159,10,70,http://localhost:8080/search?q=love&year=1994&language=English,130,0,0
1782351902034,113,HTTP Request,200,OK,Year-Language Query 4-7,text,true,,271,159,10,70,http://localhost:8080/search?q=love&year=1994&language=English,113,0,0
1782351901989,172,HTTP Request,200,OK,Year-Language Query 4-3,text,true,,271,159,10,70,http://localhost:8080/search?q=love&year=1994&language=English,172,0,0
1782351902061,108,HTTP Request,200,OK,Year-Language Query 4-4,text,true,,271,159,10,70,http://localhost:8080/search?q=love&year=1994&language=English,108,0,0
1782351902061,115,HTTP Request,200,OK,Year-Language Query 4-1,text,true,,271,159,10,70,http://localhost:8080/search?q=love&year=1994&language=English,115,0,0
1782351902076,130,HTTP Request,200,OK,Year-Language Query 4-8,text,true,,271,159,10,70,http://localhost:8080/search?q=love&year=1994&language=English,130,0,0
1782351902092,123,HTTP Request,200,OK,Year-Language Query 4-10,text,true,,271,159,10,70,http://localhost:8080/search?q=love&year=1994&language=English,123,0,0
1782351902141,104,HTTP Request,200,OK,Year-Language Query 4-2,text,true,,271,159,10,70,http://localhost:8080/search?q=love&year=1994&language=English,104,0,0
1782351902162,85,HTTP Request,200,OK,Year-Language Query 4-3,text,true,,271,159,10,70,http://localhost:8080/search?q=love&year=1994&language=English,85,0,0
1782351902148,99,HTTP Request,200,OK,Year-Language Query 4-7,text,true,,271,159,10,70,http://localhost:8080/search?q=love&year=1994&language=English,99,0,0
1782351902108,140,HTTP Request,200,OK,Year-Language Query 4-9,text,true,,271,159,10,70,http://localhost:8080/search?q=love&year=1994&language=English,140,0,0
1782351902147,101,HTTP Request,200,OK,Year-Language Query 4-5,text,true,,271,159,10,70,http://localhost:8080/search?q=love&year=1994&language=English,101,0,0
1782351902169,90,HTTP Request,200,OK,Year-Language Query 4-4,text,true,,271,159,10,70,http://localhost:8080/search?q=love&year=1994&language=English,90,0,0
1782351902124,135,HTTP Request,200,OK,Year-Language Query 4-6,text,true,,271,159,10,70,http://localhost:8080/search?q=love&year=1994&language=English,135,0,0
1782351902176,84,HTTP Request,200,OK,Year-Language Query 4-1,text,true,,271,159,10,70,http://localhost:8080/search?q=love&year=1994&language=English,84,0,0
1782351902206,72,HTTP Request,200,OK,Year-Language Query 4-8,text,true,,271,159,10,70,http://localhost:8080/search?q=love&year=1994&language=English,72,0,0
1782351902215,104,HTTP Request,200,OK,Year-Language Query 4-10,text,true,,271,159,10,70,http://localhost:8080/search?q=love&year=1994&language=English,104,0,0
1782351902248,93,HTTP Request,200,OK,Year-Language Query 4-9,text,true,,271,159,10,70,http://localhost:8080/search?q=love&year=1994&language=English,93,0,0
1782351902245,96,HTTP Request,200,OK,Year-Language Query 4-2,text,true,,271,159,10,70,http://localhost:8080/search?q=love&year=1994&language=English,96,0,0
1782351902247,97,HTTP Request,200,OK,Year-Language Query 4-7,text,true,,271,159,10,70,http://localhost:8080/search?q=love&year=1994&language=English,97,0,0
1782351902248,114,HTTP Request,200,OK,Year-Language Query 4-5,text,true,,271,159,10,70,http://localhost:8080/search?q=love&year=1994&language=English,114,0,0
1782351902247,133,HTTP Request,200,OK,Year-Language Query 4-3,text,true,,271,159,10,70,http://localhost:8080/search?q=love&year=1994&language=English,133,0,0
1782351902259,127,HTTP Request,200,OK,Year-Language Query 4-4,text,true,,271,159,10,70,http://localhost:8080/search?q=love&year=1994&language=English,127,0,0
1782351902278,133,HTTP Request,200,OK,Year-Language Query 4-8,text,true,,271,159,10,70,http://localhost:8080/search?q=love&year=1994&language=English,133,0,0
1782351902259,164,HTTP Request,200,OK,Year-Language Query 4-6,text,true,,271,159,10,70,http://localhost:8080/search?q=love&year=1994&language=English,164,0,0
1782351902260,168,HTTP Request,200,OK,Year-Language Query 4-1,text,true,,271,159,10,70,http://localhost:8080/search?q=love&year=1994&language=English,168,0,0
1782351902363,136,HTTP Request,200,OK,Year-Language Query 4-5,text,true,,271,159,10,70,http://localhost:8080/search?q=love&year=1994&language=English,136,0,0
1782351902320,186,HTTP Request,200,OK,Year-Language Query 4-10,text,true,,271,159,10,70,http://localhost:8080/search?q=love&year=1994&language=English,186,0,0
1782351902342,165,HTTP Request,200,OK,Year-Language Query 4-2,text,true,,271,159,10,70,http://localhost:8080/search?q=love&year=1994&language=English,165,0,0
1782351902343,171,HTTP Request,200,OK,Year-Language Query 4-9,text,true,,271,159,10,70,http://localhost:8080/search?q=love&year=1994&language=English,171,0,0
1782351902344,177,HTTP Request,200,OK,Year-Language Query 4-7,text,true,,271,159,10,70,http://localhost:8080/search?q=love&year=1994&language=English,177,0,0
1782351902381,160,HTTP Request,200,OK,Year-Language Query 4-3,text,true,,271,159,10,70,http://localhost:8080/search?q=love&year=1994&language=English,160,0,0
1782351902386,187,HTTP Request,200,OK,Year-Language Query 4-4,text,true,,271,159,10,70,http://localhost:8080/search?q=love&year=1994&language=English,187,0,0
1782351902423,171,HTTP Request,200,OK,Year-Language Query 4-6,text,true,,271,159,10,70,http://localhost:8080/search?q=love&year=1994&language=English,171,0,0
1782351902411,184,HTTP Request,200,OK,Year-Language Query 4-8,text,true,,271,159,10,70,http://localhost:8080/search?q=love&year=1994&language=English,184,0,0
1782351902428,177,HTTP Request,200,OK,Year-Language Query 4-1,text,true,,271,159,10,70,http://localhost:8080/search?q=love&year=1994&language=English,177,0,0
1782351902507,140,HTTP Request,200,OK,Year-Language Query 4-2,text,true,,271,159,10,70,http://localhost:8080/search?q=love&year=1994&language=English,140,0,0
1782351902507,140,HTTP Request,200,OK,Year-Language Query 4-10,text,true,,271,159,10,70,http://localhost:8080/search?q=love&year=1994&language=English,140,0,0
1782351902521,144,HTTP Request,200,OK,Year-Language Query 4-7,text,true,,271,159,10,70,http://localhost:8080/search?q=love&year=1994&language=English,144,0,0
1782351902514,153,HTTP Request,200,OK,Year-Language Query 4-9,text,true,,271,159,10,70,http://localhost:8080/search?q=love&year=1994&language=English,153,0,0
1782351902499,168,HTTP Request,200,OK,Year-Language Query 4-5,text,true,,271,159,10,70,http://localhost:8080/search?q=love&year=1994&language=English,168,0,0
1782351902542,182,HTTP Request,200,OK,Year-Language Query 4-3,text,true,,271,159,10,70,http://localhost:8080/search?q=love&year=1994&language=English,182,0,0
1782351902594,159,HTTP Request,200,OK,Year-Language Query 4-6,text,true,,271,159,10,70,http://localhost:8080/search?q=love&year=1994&language=English,159,0,0
1782351902595,194,HTTP Request,200,OK,Year-Language Query 4-8,text,true,,271,159,10,70,http://localhost:8080/search?q=love&year=1994&language=English,194,0,0
1782351902573,217,HTTP Request,200,OK,Year-Language Query 4-4,text,true,,271,159,10,70,http://localhost:8080/search?q=love&year=1994&language=English,217,0,0
1782351902648,152,HTTP Request,200,OK,Year-Language Query 4-10,text,true,,271,159,10,70,http://localhost:8080/search?q=love&year=1994&language=English,152,0,0
1782351902605,195,HTTP Request,200,OK,Year-Language Query 4-1,text,true,,271,159,10,70,http://localhost:8080/search?q=love&year=1994&language=English,195,0,0
1782351902666,154,HTTP Request,200,OK,Year-Language Query 4-7,text,true,,271,159,10,70,http://localhost:8080/search?q=love&year=1994&language=English,154,0,0
1782351902647,173,HTTP Request,200,OK,Year-Language Query 4-2,text,true,,271,159,10,70,http://localhost:8080/search?q=love&year=1994&language=English,173,0,0
1782351902667,154,HTTP Request,200,OK,Year-Language Query 4-9,text,true,,271,159,10,70,http://localhost:8080/search?q=love&year=1994&language=English,154,0,0
1782351902667,182,HTTP Request,200,OK,Year-Language Query 4-5,text,true,,271,159,10,70,http://localhost:8080/search?q=love&year=1994&language=English,182,0,0
1782351902724,160,HTTP Request,200,OK,Year-Language Query 4-3,text,true,,271,159,10,70,http://localhost:8080/search?q=love&year=1994&language=English,160,0,0
1782351902754,141,HTTP Request,200,OK,Year-Language Query 4-6,text,true,,271,159,10,70,http://localhost:8080/search?q=love&year=1994&language=English,141,0,0
1782351902790,118,HTTP Request,200,OK,Year-Language Query 4-4,text,true,,271,159,10,70,http://localhost:8080/search?q=love&year=1994&language=English,118,0,0
1782351902790,126,HTTP Request,200,OK,Year-Language Query 4-8,text,true,,271,159,10,70,http://localhost:8080/search?q=love&year=1994&language=English,126,0,0
1782351902820,103,HTTP Request,200,OK,Year-Language Query 4-2,text,true,,271,159,10,70,http://localhost:8080/search?q=love&year=1994&language=English,103,0,0
1782351902821,113,HTTP Request,200,OK,Year-Language Query 4-9,text,true,,271,159,10,70,http://localhost:8080/search?q=love&year=1994&language=English,113,0,0
1782351902820,114,HTTP Request,200,OK,Year-Language Query 4-7,text,true,,271,159,10,70,http://localhost:8080/search?q=love&year=1994&language=English,114,0,0
1782351902800,172,HTTP Request,200,OK,Year-Language Query 4-10,text,true,,271,159,10,70,http://localhost:8080/search?q=love&year=1994&language=English,172,0,0
1782351902800,173,HTTP Request,200,OK,Year-Language Query 4-1,text,true,,271,159,10,70,http://localhost:8080/search?q=love&year=1994&language=English,173,0,0
1782351902850,139,HTTP Request,200,OK,Year-Language Query 4-5,text,true,,271,159,10,70,http://localhost:8080/search?q=love&year=1994&language=English,139,0,0
1782351902885,113,HTTP Request,200,OK,Year-Language Query 4-3,text,true,,271,159,10,70,http://localhost:8080/search?q=love&year=1994&language=English,113,0,0
1782351902916,105,HTTP Request,200,OK,Year-Language Query 4-8,text,true,,271,159,10,70,http://localhost:8080/search?q=love&year=1994&language=English,105,0,0
1782351902895,134,HTTP Request,200,OK,Year-Language Query 4-6,text,true,,271,159,10,70,http://localhost:8080/search?q=love&year=1994&language=English,134,0,0
1782351902923,118,HTTP Request,200,OK,Year-Language Query 4-2,text,true,,271,159,10,70,http://localhost:8080/search?q=love&year=1994&language=English,118,0,0
1782351902934,116,HTTP Request,200,OK,Year-Language Query 4-7,text,true,,271,159,10,70,http://localhost:8080/search?q=love&year=1994&language=English,116,0,0
1782351902908,142,HTTP Request,200,OK,Year-Language Query 4-4,text,true,,271,159,10,70,http://localhost:8080/search?q=love&year=1994&language=English,142,0,0
1782351902934,120,HTTP Request,200,OK,Year-Language Query 4-9,text,true,,271,159,10,70,http://localhost:8080/search?q=love&year=1994&language=English,120,0,0
1782351902973,116,HTTP Request,200,OK,Year-Language Query 4-1,text,true,,271,159,10,70,http://localhost:8080/search?q=love&year=1994&language=English,116,0,0
1782351902973,120,HTTP Request,200,OK,Year-Language Query 4-10,text,true,,271,159,10,70,http://localhost:8080/search?q=love&year=1994&language=English,120,0,0
1782351902998,133,HTTP Request,200,OK,Year-Language Query 4-3,text,true,,271,159,10,70,http://localhost:8080/search?q=love&year=1994&language=English,133,0,0
1782351903021,119,HTTP Request,200,OK,Year-Language Query 4-8,text,true,,271,159,10,70,http://localhost:8080/search?q=love&year=1994&language=English,119,0,0
1782351902989,152,HTTP Request,200,OK,Year-Language Query 4-5,text,true,,271,159,10,70,http://localhost:8080/search?q=love&year=1994&language=English,152,0,0
1782351903050,109,HTTP Request,200,OK,Year-Language Query 4-4,text,true,,271,159,10,70,http://localhost:8080/search?q=love&year=1994&language=English,109,0,0
1782351903055,125,HTTP Request,200,OK,Year-Language Query 4-9,text,true,,271,159,10,70,http://localhost:8080/search?q=love&year=1994&language=English,125,0,0
1782351903089,101,HTTP Request,200,OK,Year-Language Query 4-1,text,true,,271,159,10,70,http://localhost:8080/search?q=love&year=1994&language=English,101,0,0
1782351903029,172,HTTP Request,200,OK,Year-Language Query 4-6,text,true,,271,159,10,70,http://localhost:8080/search?q=love&year=1994&language=English,172,0,0
1782351903094,124,HTTP Request,200,OK,Year-Language Query 4-10,text,true,,271,159,10,70,http://localhost:8080/search?q=love&year=1994&language=English,124,0,0
1782351903050,169,HTTP Request,200,OK,Year-Language Query 4-7,text,true,,271,159,10,70,http://localhost:8080/search?q=love&year=1994&language=English,169,0,0
1782351903041,178,HTTP Request,200,OK,Year-Language Query 4-2,text,true,,271,159,10,70,http://localhost:8080/search?q=love&year=1994&language=English,178,0,0
1782351903141,97,HTTP Request,200,OK,Year-Language Query 4-8,text,true,,271,159,10,70,http://localhost:8080/search?q=love&year=1994&language=English,97,0,0
1782351903132,120,HTTP Request,200,OK,Year-Language Query 4-3,text,true,,271,159,10,70,http://localhost:8080/search?q=love&year=1994&language=English,120,0,0
1782351903141,111,HTTP Request,200,OK,Year-Language Query 4-5,text,true,,271,159,10,70,http://localhost:8080/search?q=love&year=1994&language=English,111,0,0
1782351903180,95,HTTP Request,200,OK,Year-Language Query 4-9,text,true,,271,159,10,70,http://localhost:8080/search?q=love&year=1994&language=English,95,0,0
1782351903190,95,HTTP Request,200,OK,Year-Language Query 4-1,text,true,,271,159,10,70,http://localhost:8080/search?q=love&year=1994&language=English,95,0,0
1782351903160,132,HTTP Request,200,OK,Year-Language Query 4-4,text,true,,271,159,10,70,http://localhost:8080/search?q=love&year=1994&language=English,132,0,0
1782351903219,97,HTTP Request,200,OK,Year-Language Query 4-2,text,true,,271,159,10,70,http://localhost:8080/search?q=love&year=1994&language=English,97,0,0
1782351903252,69,HTTP Request,200,OK,Year-Language Query 4-3,text,true,,271,159,10,70,http://localhost:8080/search?q=love&year=1994&language=English,68,0,0
1782351903238,84,HTTP Request,200,OK,Year-Language Query 4-8,text,true,,271,159,10,70,http://localhost:8080/search?q=love&year=1994&language=English,84,0,0
1782351903218,105,HTTP Request,200,OK,Year-Language Query 4-10,text,true,,271,159,10,70,http://localhost:8080/search?q=love&year=1994&language=English,105,0,0
1782351903201,122,HTTP Request,200,OK,Year-Language Query 4-6,text,true,,271,159,10,70,http://localhost:8080/search?q=love&year=1994&language=English,122,0,0
1782351903252,73,HTTP Request,200,OK,Year-Language Query 4-5,text,true,,271,159,10,70,http://localhost:8080/search?q=love&year=1994&language=English,73,0,0
1782351903219,114,HTTP Request,200,OK,Year-Language Query 4-7,text,true,,271,159,10,70,http://localhost:8080/search?q=love&year=1994&language=English,114,0,0
1782351903275,73,HTTP Request,200,OK,Year-Language Query 4-9,text,true,,271,159,10,70,http://localhost:8080/search?q=love&year=1994&language=English,73,0,0
1782351903285,83,HTTP Request,200,OK,Year-Language Query 4-1,text,true,,271,159,10,70,http://localhost:8080/search?q=love&year=1994&language=English,83,0,0
1782351903292,76,HTTP Request,200,OK,Year-Language Query 4-4,text,true,,271,159,10,70,http://localhost:8080/search?q=love&year=1994&language=English,76,0,0
1782351903325,77,HTTP Request,200,OK,Year-Language Query 4-5,text,true,,271,159,10,70,http://localhost:8080/search?q=love&year=1994&language=English,77,0,0
1782351903324,78,HTTP Request,200,OK,Year-Language Query 4-6,text,true,,271,159,10,70,http://localhost:8080/search?q=love&year=1994&language=English,78,0,0
1782351903316,86,HTTP Request,200,OK,Year-Language Query 4-2,text,true,,271,159,10,70,http://localhost:8080/search?q=love&year=1994&language=English,86,0,0
1782351903323,80,HTTP Request,200,OK,Year-Language Query 4-10,text,true,,271,159,10,70,http://localhost:8080/search?q=love&year=1994&language=English,80,0,0
1782351903323,134,HTTP Request,200,OK,Year-Language Query 4-8,text,true,,271,159,10,70,http://localhost:8080/search?q=love&year=1994&language=English,134,0,0
1782351903321,140,HTTP Request,200,OK,Year-Language Query 4-3,text,true,,271,159,10,70,http://localhost:8080/search?q=love&year=1994&language=English,140,0,0
1782351903349,117,HTTP Request,200,OK,Year-Language Query 4-9,text,true,,271,159,10,70,http://localhost:8080/search?q=love&year=1994&language=English,117,0,0
1782351903368,128,HTTP Request,200,OK,Year-Language Query 4-4,text,true,,271,159,10,70,http://localhost:8080/search?q=love&year=1994&language=English,128,0,0
1782351903368,156,HTTP Request,200,OK,Year-Language Query 4-1,text,true,,271,159,10,70,http://localhost:8080/search?q=love&year=1994&language=English,156,0,0
1782351903333,191,HTTP Request,200,OK,Year-Language Query 4-7,text,true,,271,159,10,70,http://localhost:8080/search?q=love&year=1994&language=English,191,0,0
1782351903404,144,HTTP Request,200,OK,Year-Language Query 4-10,text,true,,271,159,10,70,http://localhost:8080/search?q=love&year=1994&language=English,144,0,0
1782351903402,147,HTTP Request,200,OK,Year-Language Query 4-6,text,true,,271,159,10,70,http://localhost:8080/search?q=love&year=1994&language=English,147,0,0
1782351903403,146,HTTP Request,200,OK,Year-Language Query 4-2,text,true,,271,159,10,70,http://localhost:8080/search?q=love&year=1994&language=English,146,0,0
1782351903457,116,HTTP Request,200,OK,Year-Language Query 4-8,text,true,,271,159,10,70,http://localhost:8080/search?q=love&year=1994&language=English,116,0,0
1782351903402,176,HTTP Request,200,OK,Year-Language Query 4-5,text,true,,271,159,10,70,http://localhost:8080/search?q=love&year=1994&language=English,175,0,0
1782351903461,120,HTTP Request,200,OK,Year-Language Query 4-3,text,true,,271,159,10,70,http://localhost:8080/search?q=love&year=1994&language=English,120,0,0
1782351903466,116,HTTP Request,200,OK,Year-Language Query 4-9,text,true,,271,159,10,70,http://localhost:8080/search?q=love&year=1994&language=English,116,0,0
1782351903496,106,HTTP Request,200,OK,Year-Language Query 4-4,text,true,,271,159,10,70,http://localhost:8080/search?q=love&year=1994&language=English,106,0,0
1782351903524,80,HTTP Request,200,OK,Year-Language Query 4-1,text,true,,271,159,10,70,http://localhost:8080/search?q=love&year=1994&language=English,80,0,0
1782351903524,110,HTTP Request,200,OK,Year-Language Query 4-7,text,true,,271,159,10,70,http://localhost:8080/search?q=love&year=1994&language=English,110,0,0
1782351903549,85,HTTP Request,200,OK,Year-Language Query 4-6,text,true,,271,159,10,70,http://localhost:8080/search?q=love&year=1994&language=English,85,0,0
1782351903548,90,HTTP Request,200,OK,Year-Language Query 4-10,text,true,,271,159,10,70,http://localhost:8080/search?q=love&year=1994&language=English,90,0,0
1782351903550,88,HTTP Request,200,OK,Year-Language Query 4-2,text,true,,271,159,10,70,http://localhost:8080/search?q=love&year=1994&language=English,88,0,0
1782351903578,84,HTTP Request,200,OK,Year-Language Query 4-5,text,true,,271,159,10,70,http://localhost:8080/search?q=love&year=1994&language=English,84,0,0
1782351903603,74,HTTP Request,200,OK,Year-Language Query 4-4,text,true,,271,159,10,70,http://localhost:8080/search?q=love&year=1994&language=English,74,0,0
1782351903574,110,HTTP Request,200,OK,Year-Language Query 4-8,text,true,,271,159,10,70,http://localhost:8080/search?q=love&year=1994&language=English,110,0,0
1782351903582,102,HTTP Request,200,OK,Year-Language Query 4-9,text,true,,271,159,10,70,http://localhost:8080/search?q=love&year=1994&language=English,102,0,0
1782351903581,104,HTTP Request,200,OK,Year-Language Query 4-3,text,true,,271,159,10,70,http://localhost:8080/search?q=love&year=1994&language=English,104,0,0
1782351903635,86,HTTP Request,200,OK,Year-Language Query 4-7,text,true,,271,159,10,70,http://localhost:8080/search?q=love&year=1994&language=English,86,0,0
1782351903635,86,HTTP Request,200,OK,Year-Language Query 4-6,text,true,,271,159,10,70,http://localhost:8080/search?q=love&year=1994&language=English,86,0,0
1782351903685,84,HTTP Request,200,OK,Year-Language Query 4-9,text,true,,271,159,10,70,http://localhost:8080/search?q=love&year=1994&language=English,84,0,0
1782351903677,93,HTTP Request,200,OK,Year-Language Query 4-4,text,true,,271,159,10,70,http://localhost:8080/search?q=love&year=1994&language=English,93,0,0
1782351903638,164,HTTP Request,200,OK,Year-Language Query 4-2,text,true,,271,159,10,70,http://localhost:8080/search?q=love&year=1994&language=English,164,0,0
1782351903663,142,HTTP Request,200,OK,Year-Language Query 4-5,text,true,,271,159,10,70,http://localhost:8080/search?q=love&year=1994&language=English,142,0,0
1782351903604,202,HTTP Request,200,OK,Year-Language Query 4-1,text,true,,271,159,10,70,http://localhost:8080/search?q=love&year=1994&language=English,202,0,0
1782351903638,168,HTTP Request,200,OK,Year-Language Query 4-10,text,true,,271,159,10,70,http://localhost:8080/search?q=love&year=1994&language=English,168,0,0
1782351903685,122,HTTP Request,200,OK,Year-Language Query 4-3,text,true,,271,159,10,70,http://localhost:8080/search?q=love&year=1994&language=English,122,0,0
1782351903721,103,HTTP Request,200,OK,Year-Language Query 4-7,text,true,,271,159,10,70,http://localhost:8080/search?q=love&year=1994&language=English,103,0,0
1782351903722,108,HTTP Request,200,OK,Year-Language Query 4-6,text,true,,271,159,10,70,http://localhost:8080/search?q=love&year=1994&language=English,108,0,0
1782351903685,146,HTTP Request,200,OK,Year-Language Query 4-8,text,true,,271,159,10,70,http://localhost:8080/search?q=love&year=1994&language=English,146,0,0
1782351903770,100,HTTP Request,200,OK,Year-Language Query 4-9,text,true,,271,159,10,70,http://localhost:8080/search?q=love&year=1994&language=English,100,0,0
1782351903770,102,HTTP Request,200,OK,Year-Language Query 4-4,text,true,,271,159,10,70,http://localhost:8080/search?q=love&year=1994&language=English,102,0,0
1782351903807,111,HTTP Request,200,OK,Year-Language Query 4-1,text,true,,271,159,10,70,http://localhost:8080/search?q=love&year=1994&language=English,111,0,0
1782351903807,111,HTTP Request,200,OK,Year-Language Query 4-3,text,true,,271,159,10,70,http://localhost:8080/search?q=love&year=1994&language=English,111,0,0
1782351903805,113,HTTP Request,200,OK,Year-Language Query 4-5,text,true,,271,159,10,70,http://localhost:8080/search?q=love&year=1994&language=English,113,0,0
1782351903824,94,HTTP Request,200,OK,Year-Language Query 4-7,text,true,,271,159,10,70,http://localhost:8080/search?q=love&year=1994&language=English,94,0,0
1782351903806,121,HTTP Request,200,OK,Year-Language Query 4-10,text,true,,271,159,10,70,http://localhost:8080/search?q=love&year=1994&language=English,121,0,0
1782351903802,132,HTTP Request,200,OK,Year-Language Query 4-2,text,true,,271,159,10,70,http://localhost:8080/search?q=love&year=1994&language=English,132,0,0
1782351903831,104,HTTP Request,200,OK,Year-Language Query 4-8,text,true,,271,159,10,70,http://localhost:8080/search?q=love&year=1994&language=English,104,0,0
1782351903871,77,HTTP Request,200,OK,Year-Language Query 4-9,text,true,,271,159,10,70,http://localhost:8080/search?q=love&year=1994&language=English,77,0,0
1782351903872,79,HTTP Request,200,OK,Year-Language Query 4-4,text,true,,271,159,10,70,http://localhost:8080/search?q=love&year=1994&language=English,79,0,0
1782351903830,152,HTTP Request,200,OK,Year-Language Query 4-6,text,true,,271,159,10,70,http://localhost:8080/search?q=love&year=1994&language=English,152,0,0
1782351903918,86,HTTP Request,200,OK,Year-Language Query 4-7,text,true,,271,159,10,70,http://localhost:8080/search?q=love&year=1994&language=English,86,0,0
1782351903935,71,HTTP Request,200,OK,Year-Language Query 4-8,text,true,,271,159,10,70,http://localhost:8080/search?q=love&year=1994&language=English,71,0,0
1782351903918,98,HTTP Request,200,OK,Year-Language Query 4-1,text,true,,271,159,10,70,http://localhost:8080/search?q=love&year=1994&language=English,98,0,0
1782351903927,92,HTTP Request,200,OK,Year-Language Query 4-10,text,true,,271,159,10,70,http://localhost:8080/search?q=love&year=1994&language=English,92,0,0
1782351903918,120,HTTP Request,200,OK,Year-Language Query 4-3,text,true,,271,159,10,70,http://localhost:8080/search?q=love&year=1994&language=English,120,0,0
1782351903934,104,HTTP Request,200,OK,Year-Language Query 4-2,text,true,,271,159,10,70,http://localhost:8080/search?q=love&year=1994&language=English,104,0,0
1782351903949,100,HTTP Request,200,OK,Year-Language Query 4-9,text,true,,271,159,10,70,http://localhost:8080/search?q=love&year=1994&language=English,100,0,0
1782351903951,101,HTTP Request,200,OK,Year-Language Query 4-4,text,true,,271,159,10,70,http://localhost:8080/search?q=love&year=1994&language=English,101,0,0
1782351904017,61,HTTP Request,200,OK,Year-Language Query 4-1,text,true,,271,159,10,70,http://localhost:8080/search?q=love&year=1994&language=English,61,0,0
1782351904005,81,HTTP Request,200,OK,Year-Language Query 4-7,text,true,,271,159,10,70,http://localhost:8080/search?q=love&year=1994&language=English,81,0,0
1782351904020,73,HTTP Request,200,OK,Year-Language Query 4-10,text,true,,271,159,10,70,http://localhost:8080/search?q=love&year=1994&language=English,73,0,0
1782351903918,181,HTTP Request,200,OK,Year-Language Query 4-5,text,true,,271,159,10,70,http://localhost:8080/search?q=love&year=1994&language=English,181,0,0
1782351904038,62,HTTP Request,200,OK,Year-Language Query 4-3,text,true,,271,159,10,70,http://localhost:8080/search?q=love&year=1994&language=English,62,0,0
1782351903982,126,HTTP Request,200,OK,Year-Language Query 4-6,text,true,,271,159,10,70,http://localhost:8080/search?q=love&year=1994&language=English,126,0,0
1782351904007,115,HTTP Request,200,OK,Year-Language Query 4-8,text,true,,271,159,10,70,http://localhost:8080/search?q=love&year=1994&language=English,115,0,0
1782351904038,96,HTTP Request,200,OK,Year-Language Query 4-2,text,true,,271,159,10,70,http://localhost:8080/search?q=love&year=1994&language=English,96,0,0
1782351904049,127,HTTP Request,200,OK,Year-Language Query 4-9,text,true,,271,159,10,70,http://localhost:8080/search?q=love&year=1994&language=English,127,0,0
1782351904052,124,HTTP Request,200,OK,Year-Language Query 4-4,text,true,,271,159,10,70,http://localhost:8080/search?q=love&year=1994&language=English,124,0,0
1782351904086,100,HTTP Request,200,OK,Year-Language Query 4-7,text,true,,271,159,10,70,http://localhost:8080/search?q=love&year=1994&language=English,100,0,0
1782351904099,127,HTTP Request,200,OK,Year-Language Query 4-5,text,true,,271,159,10,70,http://localhost:8080/search?q=love&year=1994&language=English,127,0,0
1782351904108,132,HTTP Request,200,OK,Year-Language Query 4-6,text,true,,271,159,10,70,http://localhost:8080/search?q=love&year=1994&language=English,132,0,0
1782351904094,152,HTTP Request,200,OK,Year-Language Query 4-10,text,true,,271,159,10,70,http://localhost:8080/search?q=love&year=1994&language=English,152,0,0
1782351904079,167,HTTP Request,200,OK,Year-Language Query 4-1,text,true,,271,159,10,70,http://localhost:8080/search?q=love&year=1994&language=English,167,0,0
1782351904100,161,HTTP Request,200,OK,Year-Language Query 4-3,text,true,,271,159,10,70,http://localhost:8080/search?q=love&year=1994&language=English,161,0,0
1782351904122,142,HTTP Request,200,OK,Year-Language Query 4-8,text,true,,271,159,10,70,http://localhost:8080/search?q=love&year=1994&language=English,142,0,0
1782351904176,99,HTTP Request,200,OK,Year-Language Query 4-4,text,true,,271,159,10,70,http://localhost:8080/search?q=love&year=1994&language=English,99,0,0
1782351904134,142,HTTP Request,200,OK,Year-Language Query 4-2,text,true,,271,159,10,70,http://localhost:8080/search?q=love&year=1994&language=English,142,0,0
1782351904186,126,HTTP Request,200,OK,Year-Language Query 4-7,text,true,,271,159,10,70,http://localhost:8080/search?q=love&year=1994&language=English,126,0,0
1782351904227,90,HTTP Request,200,OK,Year-Language Query 4-5,text,true,,271,159,10,70,http://localhost:8080/search?q=love&year=1994&language=English,90,0,0
1782351904176,154,HTTP Request,200,OK,Year-Language Query 4-9,text,true,,271,159,10,70,http://localhost:8080/search?q=love&year=1994&language=English,154,0,0
1782351904264,72,HTTP Request,200,OK,Year-Language Query 4-8,text,true,,271,159,10,70,http://localhost:8080/search?q=love&year=1994&language=English,72,0,0
1782351904247,99,HTTP Request,200,OK,Year-Language Query 4-1,text,true,,271,159,10,70,http://localhost:8080/search?q=love&year=1994&language=English,99,0,0
1782351904275,83,HTTP Request,200,OK,Year-Language Query 4-4,text,true,,271,159,10,70,http://localhost:8080/search?q=love&year=1994&language=English,83,0,0
1782351904246,112,HTTP Request,200,OK,Year-Language Query 4-10,text,true,,271,159,10,70,http://localhost:8080/search?q=love&year=1994&language=English,112,0,0
1782351904261,101,HTTP Request,200,OK,Year-Language Query 4-3,text,true,,271,159,10,70,http://localhost:8080/search?q=love&year=1994&language=English,101,0,0
1782351904276,104,HTTP Request,200,OK,Year-Language Query 4-2,text,true,,271,159,10,70,http://localhost:8080/search?q=love&year=1994&language=English,104,0,0
1782351904240,149,HTTP Request,200,OK,Year-Language Query 4-6,text,true,,271,159,10,70,http://localhost:8080/search?q=love&year=1994&language=English,149,0,0
1782351904330,67,HTTP Request,200,OK,Year-Language Query 4-9,text,true,,271,159,10,70,http://localhost:8080/search?q=love&year=1994&language=English,67,0,0
1782351904317,98,HTTP Request,200,OK,Year-Language Query 4-5,text,true,,271,159,10,70,http://localhost:8080/search?q=love&year=1994&language=English,98,0,0
1782351904313,105,HTTP Request,200,OK,Year-Language Query 4-7,text,true,,271,159,10,70,http://localhost:8080/search?q=love&year=1994&language=English,105,0,0
1782351904337,102,HTTP Request,200,OK,Year-Language Query 4-8,text,true,,271,159,10,70,http://localhost:8080/search?q=love&year=1994&language=English,102,0,0
1782351904358,105,HTTP Request,200,OK,Year-Language Query 4-4,text,true,,271,159,10,70,http://localhost:8080/search?q=love&year=1994&language=English,105,0,0
1782351904390,85,HTTP Request,200,OK,Year-Language Query 4-6,text,true,,271,159,10,70,http://localhost:8080/search?q=love&year=1994&language=English,85,0,0
1782351904347,150,HTTP Request,200,OK,Year-Language Query 4-1,text,true,,271,159,10,70,http://localhost:8080/search?q=love&year=1994&language=English,150,0,0
1782351904362,135,HTTP Request,200,OK,Year-Language Query 4-3,text,true,,271,159,10,70,http://localhost:8080/search?q=love&year=1994&language=English,135,0,0
1782351904358,139,HTTP Request,200,OK,Year-Language Query 4-10,text,true,,271,159,10,70,http://localhost:8080/search?q=love&year=1994&language=English,139,0,0
1782351904380,119,HTTP Request,200,OK,Year-Language Query 4-2,text,true,,271,159,10,70,http://localhost:8080/search?q=love&year=1994&language=English,119,0,0
1782351904398,101,HTTP Request,200,OK,Year-Language Query 4-9,text,true,,271,159,10,70,http://localhost:8080/search?q=love&year=1994&language=English,101,0,0
1782351904415,122,HTTP Request,200,OK,Year-Language Query 4-5,text,true,,271,159,10,70,http://localhost:8080/search?q=love&year=1994&language=English,122,0,0
1782351904418,124,HTTP Request,200,OK,Year-Language Query 4-7,text,true,,271,159,10,70,http://localhost:8080/search?q=love&year=1994&language=English,124,0,0
1782351904439,104,HTTP Request,200,OK,Year-Language Query 4-8,text,true,,271,159,10,70,http://localhost:8080/search?q=love&year=1994&language=English,104,0,0
1782351904476,93,HTTP Request,200,OK,Year-Language Query 4-6,text,true,,271,159,10,70,http://localhost:8080/search?q=love&year=1994&language=English,93,0,0
1782351904498,95,HTTP Request,200,OK,Year-Language Query 4-3,text,true,,271,159,10,70,http://localhost:8080/search?q=love&year=1994&language=English,95,0,0
1782351904498,108,HTTP Request,200,OK,Year-Language Query 4-10,text,true,,271,159,10,70,http://localhost:8080/search?q=love&year=1994&language=English,108,0,0
1782351904499,113,HTTP Request,200,OK,Year-Language Query 4-9,text,true,,271,159,10,70,http://localhost:8080/search?q=love&year=1994&language=English,113,0,0
1782351904463,166,HTTP Request,200,OK,Year-Language Query 4-4,text,true,,271,159,10,70,http://localhost:8080/search?q=love&year=1994&language=English,166,0,0
1782351904497,140,HTTP Request,200,OK,Year-Language Query 4-1,text,true,,271,159,10,70,http://localhost:8080/search?q=love&year=1994&language=English,140,0,0
1782351904537,101,HTTP Request,200,OK,Year-Language Query 4-5,text,true,,271,159,10,70,http://localhost:8080/search?q=love&year=1994&language=English,101,0,0
1782351904543,95,HTTP Request,200,OK,Year-Language Query 4-7,text,true,,271,159,10,70,http://localhost:8080/search?q=love&year=1994&language=English,95,0,0
1782351904499,143,HTTP Request,200,OK,Year-Language Query 4-2,text,true,,271,159,10,70,http://localhost:8080/search?q=love&year=1994&language=English,143,0,0
1782351904543,113,HTTP Request,200,OK,Year-Language Query 4-8,text,true,,271,159,10,70,http://localhost:8080/search?q=love&year=1994&language=English,113,0,0
1782351904569,90,HTTP Request,200,OK,Year-Language Query 4-6,text,true,,271,159,10,70,http://localhost:8080/search?q=love&year=1994&language=English,90,0,0
1782351904612,78,HTTP Request,200,OK,Year-Language Query 4-9,text,true,,271,159,10,70,http://localhost:8080/search?q=love&year=1994&language=English,78,0,0
1782351904606,91,HTTP Request,200,OK,Year-Language Query 4-10,text,true,,271,159,10,70,http://localhost:8080/search?q=love&year=1994&language=English,91,0,0
1782351904593,109,HTTP Request,200,OK,Year-Language Query 4-3,text,true,,271,159,10,70,http://localhost:8080/search?q=love&year=1994&language=English,109,0,0
1782351904638,80,HTTP Request,200,OK,Year-Language Query 4-7,text,true,,271,159,10,70,http://localhost:8080/search?q=love&year=1994&language=English,80,0,0
1782351904637,81,HTTP Request,200,OK,Year-Language Query 4-1,text,true,,271,159,10,70,http://localhost:8080/search?q=love&year=1994&language=English,81,0,0
1782351904642,85,HTTP Request,200,OK,Year-Language Query 4-2,text,true,,271,159,10,70,http://localhost:8080/search?q=love&year=1994&language=English,85,0,0
1782351904638,96,HTTP Request,200,OK,Year-Language Query 4-5,text,true,,271,159,10,70,http://localhost:8080/search?q=love&year=1994&language=English,96,0,0
1782351904629,127,HTTP Request,200,OK,Year-Language Query 4-4,text,true,,271,159,10,70,http://localhost:8080/search?q=love&year=1994&language=English,127,0,0
1782351904656,116,HTTP Request,200,OK,Year-Language Query 4-8,text,true,,271,159,10,70,http://localhost:8080/search?q=love&year=1994&language=English,116,0,0
1782351904659,114,HTTP Request,200,OK,Year-Language Query 4-6,text,true,,271,159,10,70,http://localhost:8080/search?q=love&year=1994&language=English,114,0,0
1782351904691,82,HTTP Request,200,OK,Year-Language Query 4-9,text,true,,271,159,10,70,http://localhost:8080/search?q=love&year=1994&language=English,82,0,0
1782351904718,70,HTTP Request,200,OK,Year-Language Query 4-1,text,true,,271,159,10,70,http://localhost:8080/search?q=love&year=1994&language=English,70,0,0
1782351904697,92,HTTP Request,200,OK,Year-Language Query 4-10,text,true,,271,159,10,70,http://localhost:8080/search?q=love&year=1994&language=English,92,0,0
1782351904718,71,HTTP Request,200,OK,Year-Language Query 4-7,text,true,,271,159,10,70,http://localhost:8080/search?q=love&year=1994&language=English,71,0,0
1782351904702,89,HTTP Request,200,OK,Year-Language Query 4-3,text,true,,271,159,10,70,http://localhost:8080/search?q=love&year=1994&language=English,89,0,0
1782351904728,115,HTTP Request,200,OK,Year-Language Query 4-2,text,true,,271,159,10,70,http://localhost:8080/search?q=love&year=1994&language=English,115,0,0
1782351904756,91,HTTP Request,200,OK,Year-Language Query 4-4,text,true,,271,159,10,70,http://localhost:8080/search?q=love&year=1994&language=English,91,0,0
1782351904735,126,HTTP Request,200,OK,Year-Language Query 4-5,text,true,,271,159,10,70,http://localhost:8080/search?q=love&year=1994&language=English,126,0,0
1782351904789,92,HTTP Request,200,OK,Year-Language Query 4-10,text,true,,271,159,10,70,http://localhost:8080/search?q=love&year=1994&language=English,92,0,0
1782351904788,102,HTTP Request,200,OK,Year-Language Query 4-1,text,true,,271,159,10,70,http://localhost:8080/search?q=love&year=1994&language=English,102,0,0
1782351904792,110,HTTP Request,200,OK,Year-Language Query 4-3,text,true,,271,159,10,70,http://localhost:8080/search?q=love&year=1994&language=English,110,0,0
1782351904773,142,HTTP Request,200,OK,Year-Language Query 4-6,text,true,,271,159,10,70,http://localhost:8080/search?q=love&year=1994&language=English,142,0,0
1782351904773,155,HTTP Request,200,OK,Year-Language Query 4-9,text,true,,271,159,10,70,http://localhost:8080/search?q=love&year=1994&language=English,155,0,0
1782351904789,140,HTTP Request,200,OK,Year-Language Query 4-7,text,true,,271,159,10,70,http://localhost:8080/search?q=love&year=1994&language=English,140,0,0
1782351904772,157,HTTP Request,200,OK,Year-Language Query 4-8,text,true,,271,159,10,70,http://localhost:8080/search?q=love&year=1994&language=English,157,0,0
1782351904847,190,HTTP Request,200,OK,Year-Language Query 4-4,text,true,,271,159,10,70,http://localhost:8080/search?q=love&year=1994&language=English,190,0,0
1782351904843,196,HTTP Request,200,OK,Year-Language Query 4-2,text,true,,271,159,10,70,http://localhost:8080/search?q=love&year=1994&language=English,196,0,0
1782351904890,180,HTTP Request,200,OK,Year-Language Query 4-1,text,true,,271,159,10,70,http://localhost:8080/search?q=love&year=1994&language=English,180,0,0
1782351904929,141,HTTP Request,200,OK,Year-Language Query 4-8,text,true,,271,159,10,70,http://localhost:8080/search?q=love&year=1994&language=English,141,0,0
1782351904882,197,HTTP Request,200,OK,Year-Language Query 4-10,text,true,,271,159,10,70,http://localhost:8080/search?q=love&year=1994&language=English,197,0,0
1782351904929,168,HTTP Request,200,OK,Year-Language Query 4-7,text,true,,271,159,10,70,http://localhost:8080/search?q=love&year=1994&language=English,168,0,0
1782351904915,184,HTTP Request,200,OK,Year-Language Query 4-6,text,true,,271,159,10,70,http://localhost:8080/search?q=love&year=1994&language=English,184,0,0
1782351904929,176,HTTP Request,200,OK,Year-Language Query 4-9,text,true,,271,159,10,70,http://localhost:8080/search?q=love&year=1994&language=English,176,0,0
1782351904862,244,HTTP Request,200,OK,Year-Language Query 4-5,text,true,,271,159,10,70,http://localhost:8080/search?q=love&year=1994&language=English,243,0,0
1782351905038,85,HTTP Request,200,OK,Year-Language Query 4-4,text,true,,271,159,10,70,http://localhost:8080/search?q=love&year=1994&language=English,85,0,0
1782351905039,86,HTTP Request,200,OK,Year-Language Query 4-2,text,true,,271,159,10,70,http://localhost:8080/search?q=love&year=1994&language=English,86,0,0
1782351905070,68,HTTP Request,200,OK,Year-Language Query 4-1,text,true,,271,159,10,70,http://localhost:8080/search?q=love&year=1994&language=English,68,0,0
1782351904902,237,HTTP Request,200,OK,Year-Language Query 4-3,text,true,,271,159,10,70,http://localhost:8080/search?q=love&year=1994&language=English,237,0,0
1782351905079,63,HTTP Request,200,OK,Year-Language Query 4-10,text,true,,271,159,10,70,http://localhost:8080/search?q=love&year=1994&language=English,63,0,0
1782351905099,82,HTTP Request,200,OK,Year-Language Query 4-6,text,true,,271,159,10,70,http://localhost:8080/search?q=love&year=1994&language=English,82,0,0
1782351905070,126,HTTP Request,200,OK,Year-Language Query 4-8,text,true,,271,159,10,70,http://localhost:8080/search?q=love&year=1994&language=English,126,0,0
1782351905123,113,HTTP Request,200,OK,Year-Language Query 4-4,text,true,,271,159,10,70,http://localhost:8080/search?q=love&year=1994&language=English,113,0,0
1782351905097,140,HTTP Request,200,OK,Year-Language Query 4-7,text,true,,271,159,10,70,http://localhost:8080/search?q=love&year=1994&language=English,140,0,0
1782351905105,142,HTTP Request,200,OK,Year-Language Query 4-9,text,true,,271,159,10,70,http://localhost:8080/search?q=love&year=1994&language=English,142,0,0
1782351905106,158,HTTP Request,200,OK,Year-Language Query 4-5,text,true,,271,159,10,70,http://localhost:8080/search?q=love&year=1994&language=English,158,0,0
1782351905139,126,HTTP Request,200,OK,Year-Language Query 4-3,text,true,,271,159,10,70,http://localhost:8080/search?q=love&year=1994&language=English,126,0,0
1782351905125,140,HTTP Request,200,OK,Year-Language Query 4-2,text,true,,271,159,10,70,http://localhost:8080/search?q=love&year=1994&language=English,140,0,0
1782351905143,122,HTTP Request,200,OK,Year-Language Query 4-10,text,true,,271,159,10,70,http://localhost:8080/search?q=love&year=1994&language=English,122,0,0
1782351905138,127,HTTP Request,200,OK,Year-Language Query 4-1,text,true,,271,159,10,70,http://localhost:8080/search?q=love&year=1994&language=English,127,0,0
1782351905181,120,HTTP Request,200,OK,Year-Language Query 4-6,text,true,,271,159,10,70,http://localhost:8080/search?q=love&year=1994&language=English,120,0,0
1782351905196,111,HTTP Request,200,OK,Year-Language Query 4-8,text,true,,271,159,10,70,http://localhost:8080/search?q=love&year=1994&language=English,111,0,0
1782351905237,78,HTTP Request,200,OK,Year-Language Query 4-4,text,true,,271,159,10,70,http://localhost:8080/search?q=love&year=1994&language=English,78,0,0
1782351905237,83,HTTP Request,200,OK,Year-Language Query 4-7,text,true,,271,159,10,70,http://localhost:8080/search?q=love&year=1994&language=English,83,0,0
1782351905265,85,HTTP Request,200,OK,Year-Language Query 4-3,text,true,,271,159,10,70,http://localhost:8080/search?q=love&year=1994&language=English,85,0,0
1782351905265,96,HTTP Request,200,OK,Year-Language Query 4-2,text,true,,271,159,10,70,http://localhost:8080/search?q=love&year=1994&language=English,96,0,0
1782351905308,83,HTTP Request,200,OK,Year-Language Query 4-8,text,true,,271,159,10,70,http://localhost:8080/search?q=love&year=1994&language=English,83,0,0
1782351905301,116,HTTP Request,200,OK,Year-Language Query 4-6,text,true,,271,159,10,70,http://localhost:8080/search?q=love&year=1994&language=English,116,0,0
1782351905320,102,HTTP Request,200,OK,Year-Language Query 4-7,text,true,,271,159,10,70,http://localhost:8080/search?q=love&year=1994&language=English,102,0,0
1782351905265,175,HTTP Request,200,OK,Year-Language Query 4-1,text,true,,271,159,10,70,http://localhost:8080/search?q=love&year=1994&language=English,175,0,0
1782351905351,91,HTTP Request,200,OK,Year-Language Query 4-3,text,true,,271,159,10,70,http://localhost:8080/search?q=love&year=1994&language=English,91,0,0
1782351905265,202,HTTP Request,200,OK,Year-Language Query 4-10,text,true,,271,159,10,70,http://localhost:8080/search?q=love&year=1994&language=English,202,0,0
1782351905315,153,HTTP Request,200,OK,Year-Language Query 4-4,text,true,,271,159,10,70,http://localhost:8080/search?q=love&year=1994&language=English,153,0,0
1782351905247,221,HTTP Request,200,OK,Year-Language Query 4-9,text,true,,271,159,10,70,http://localhost:8080/search?q=love&year=1994&language=English,221,0,0
1782351905264,208,HTTP Request,200,OK,Year-Language Query 4-5,text,true,,271,159,10,70,http://localhost:8080/search?q=love&year=1994&language=English,208,0,0
1782351905361,142,HTTP Request,200,OK,Year-Language Query 4-2,text,true,,271,159,10,70,http://localhost:8080/search?q=love&year=1994&language=English,142,0,0
1782351905417,126,HTTP Request,200,OK,Year-Language Query 4-6,text,true,,271,159,10,70,http://localhost:8080/search?q=love&year=1994&language=English,126,0,0
1782351905391,160,HTTP Request,200,OK,Year-Language Query 4-8,text,true,,271,159,10,70,http://localhost:8080/search?q=love&year=1994&language=English,160,0,0
1782351905422,132,HTTP Request,200,OK,Year-Language Query 4-7,text,true,,271,159,10,70,http://localhost:8080/search?q=love&year=1994&language=English,132,0,0
1782351905440,160,HTTP Request,200,OK,Year-Language Query 4-1,text,true,,271,159,10,70,http://localhost:8080/search?q=love&year=1994&language=English,160,0,0
1782351905467,133,HTTP Request,200,OK,Year-Language Query 4-10,text,true,,271,159,10,70,http://localhost:8080/search?q=love&year=1994&language=English,133,0,0
1782351905443,179,HTTP Request,200,OK,Year-Language Query 4-3,text,true,,271,159,10,70,http://localhost:8080/search?q=love&year=1994&language=English,179,0,0
1782351905468,155,HTTP Request,200,OK,Year-Language Query 4-9,text,true,,271,159,10,70,http://localhost:8080/search?q=love&year=1994&language=English,155,0,0
1782351905473,164,HTTP Request,200,OK,Year-Language Query 4-5,text,true,,271,159,10,70,http://localhost:8080/search?q=love&year=1994&language=English,164,0,0
1782351905468,182,HTTP Request,200,OK,Year-Language Query 4-4,text,true,,271,159,10,70,http://localhost:8080/search?q=love&year=1994&language=English,182,0,0
1782351905554,96,HTTP Request,200,OK,Year-Language Query 4-7,text,true,,271,159,10,70,http://localhost:8080/search?q=love&year=1994&language=English,96,0,0
1782351905503,158,HTTP Request,200,OK,Year-Language Query 4-2,text,true,,271,159,10,70,http://localhost:8080/search?q=love&year=1994&language=English,158,0,0
1782351905551,116,HTTP Request,200,OK,Year-Language Query 4-8,text,true,,271,159,10,70,http://localhost:8080/search?q=love&year=1994&language=English,116,0,0
1782351905600,115,HTTP Request,200,OK,Year-Language Query 4-10,text,true,,271,159,10,70,http://localhost:8080/search?q=love&year=1994&language=English,115,0,0
1782351905543,173,HTTP Request,200,OK,Year-Language Query 4-6,text,true,,271,159,10,70,http://localhost:8080/search?q=love&year=1994&language=English,173,0,0
1782351905600,121,HTTP Request,200,OK,Year-Language Query 4-1,text,true,,271,159,10,70,http://localhost:8080/search?q=love&year=1994&language=English,121,0,0
1782351905624,97,HTTP Request,200,OK,Year-Language Query 4-9,text,true,,271,159,10,70,http://localhost:8080/search?q=love&year=1994&language=English,97,0,0
1782351905623,104,HTTP Request,200,OK,Year-Language Query 4-3,text,true,,271,159,10,70,http://localhost:8080/search?q=love&year=1994&language=English,104,0,0
1782351905650,85,HTTP Request,200,OK,Year-Language Query 4-7,text,true,,271,159,10,70,http://localhost:8080/search?q=love&year=1994&language=English,85,0,0
1782351905661,74,HTTP Request,200,OK,Year-Language Query 4-2,text,true,,271,159,10,70,http://localhost:8080/search?q=love&year=1994&language=English,74,0,0
1782351905667,77,HTTP Request,200,OK,Year-Language Query 4-8,text,true,,271,159,10,70,http://localhost:8080/search?q=love&year=1994&language=English,77,0,0
1782351905650,103,HTTP Request,200,OK,Year-Language Query 4-4,text,true,,271,159,10,70,http://localhost:8080/search?q=love&year=1994&language=English,103,0,0
1782351905637,127,HTTP Request,200,OK,Year-Language Query 4-5,text,true,,271,159,10,70,http://localhost:8080/search?q=love&year=1994&language=English,127,0,0
1782351905716,96,HTTP Request,200,OK,Year-Language Query 4-6,text,true,,271,159,10,70,http://localhost:8080/search?q=love&year=1994&language=English,96,0,0
1782351905744,69,HTTP Request,200,OK,Year-Language Query 4-8,text,true,,271,159,10,70,http://localhost:8080/search?q=love&year=1994&language=English,69,0,0
1782351905722,99,HTTP Request,200,OK,Year-Language Query 4-1,text,true,,271,159,10,70,http://localhost:8080/search?q=love&year=1994&language=English,99,0,0
1782351905727,103,HTTP Request,200,OK,Year-Language Query 4-3,text,true,,271,159,10,70,http://localhost:8080/search?q=love&year=1994&language=English,103,0,0
1782351905722,110,HTTP Request,200,OK,Year-Language Query 4-9,text,true,,271,159,10,70,http://localhost:8080/search?q=love&year=1994&language=English,110,0,0
1782351905716,118,HTTP Request,200,OK,Year-Language Query 4-10,text,true,,271,159,10,70,http://localhost:8080/search?q=love&year=1994&language=English,118,0,0
1782351905754,99,HTTP Request,200,OK,Year-Language Query 4-4,text,true,,271,159,10,70,http://localhost:8080/search?q=love&year=1994&language=English,99,0,0
1782351905764,126,HTTP Request,200,OK,Year-Language Query 4-5,text,true,,271,159,10,70,http://localhost:8080/search?q=love&year=1994&language=English,126,0,0
1782351905735,165,HTTP Request,200,OK,Year-Language Query 4-7,text,true,,271,159,10,70,http://localhost:8080/search?q=love&year=1994&language=English,165,0,0
1782351905735,168,HTTP Request,200,OK,Year-Language Query 4-2,text,true,,271,159,10,70,http://localhost:8080/search?q=love&year=1994&language=English,168,0,0
1782351905832,93,HTTP Request,200,OK,Year-Language Query 4-9,text,true,,271,159,10,70,http://localhost:8080/search?q=love&year=1994&language=English,93,0,0
1782351905813,113,HTTP Request,200,OK,Year-Language Query 4-6,text,true,,271,159,10,70,http://localhost:8080/search?q=love&year=1994&language=English,113,0,0
1782351905830,96,HTTP Request,200,OK,Year-Language Query 4-3,text,true,,271,159,10,70,http://localhost:8080/search?q=love&year=1994&language=English,96,0,0
1782351905813,113,HTTP Request,200,OK,Year-Language Query 4-8,text,true,,271,159,10,70,http://localhost:8080/search?q=love&year=1994&language=English,113,0,0
1782351905834,122,HTTP Request,200,OK,Year-Language Query 4-10,text,true,,271,159,10,70,http://localhost:8080/search?q=love&year=1994&language=English,122,0,0
1782351905821,135,HTTP Request,200,OK,Year-Language Query 4-1,text,true,,271,159,10,70,http://localhost:8080/search?q=love&year=1994&language=English,135,0,0
1782351905853,125,HTTP Request,200,OK,Year-Language Query 4-4,text,true,,271,159,10,70,http://localhost:8080/search?q=love&year=1994&language=English,125,0,0
1782351905926,100,HTTP Request,200,OK,Year-Language Query 4-9,text,true,,271,159,10,70,http://localhost:8080/search?q=love&year=1994&language=English,100,0,0
1782351905890,136,HTTP Request,200,OK,Year-Language Query 4-5,text,true,,271,159,10,70,http://localhost:8080/search?q=love&year=1994&language=English,136,0,0
1782351905903,124,HTTP Request,200,OK,Year-Language Query 4-2,text,true,,271,159,10,70,http://localhost:8080/search?q=love&year=1994&language=English,124,0,0
1782351905901,127,HTTP Request,200,OK,Year-Language Query 4-7,text,true,,271,159,10,70,http://localhost:8080/search?q=love&year=1994&language=English,127,0,0
1782351905926,117,HTTP Request,200,OK,Year-Language Query 4-6,text,true,,271,159,10,70,http://localhost:8080/search?q=love&year=1994&language=English,117,0,0
1782351905927,135,HTTP Request,200,OK,Year-Language Query 4-8,text,true,,271,159,10,70,http://localhost:8080/search?q=love&year=1994&language=English,135,0,0
1782351905927,138,HTTP Request,200,OK,Year-Language Query 4-3,text,true,,271,159,10,70,http://localhost:8080/search?q=love&year=1994&language=English,138,0,0
1782351905978,92,HTTP Request,200,OK,Year-Language Query 4-4,text,true,,271,159,10,70,http://localhost:8080/search?q=love&year=1994&language=English,92,0,0
1782351905956,168,HTTP Request,200,OK,Year-Language Query 4-1,text,true,,271,159,10,70,http://localhost:8080/search?q=love&year=1994&language=English,168,0,0
1782351905956,174,HTTP Request,200,OK,Year-Language Query 4-10,text,true,,271,159,10,70,http://localhost:8080/search?q=love&year=1994&language=English,174,0,0
1782351906026,105,HTTP Request,200,OK,Year-Language Query 4-9,text,true,,271,159,10,70,http://localhost:8080/search?q=love&year=1994&language=English,105,0,0
1782351906027,120,HTTP Request,200,OK,Year-Language Query 4-5,text,true,,271,159,10,70,http://localhost:8080/search?q=love&year=1994&language=English,120,0,0
1782351906027,133,HTTP Request,200,OK,Year-Language Query 4-2,text,true,,271,159,10,70,http://localhost:8080/search?q=love&year=1994&language=English,133,0,0
1782351906028,137,HTTP Request,200,OK,Year-Language Query 4-7,text,true,,271,159,10,70,http://localhost:8080/search?q=love&year=1994&language=English,137,0,0
1782351906071,114,HTTP Request,200,OK,Year-Language Query 4-4,text,true,,271,159,10,70,http://localhost:8080/search?q=love&year=1994&language=English,114,0,0
1782351906062,124,HTTP Request,200,OK,Year-Language Query 4-8,text,true,,271,159,10,70,http://localhost:8080/search?q=love&year=1994&language=English,124,0,0
1782351906065,128,HTTP Request,200,OK,Year-Language Query 4-3,text,true,,271,159,10,70,http://localhost:8080/search?q=love&year=1994&language=English,128,0,0
1782351906149,91,HTTP Request,200,OK,Year-Language Query 4-5,text,true,,271,159,10,70,http://localhost:8080/search?q=love&year=1994&language=English,91,0,0
1782351906043,215,HTTP Request,200,OK,Year-Language Query 4-6,text,true,,271,159,10,70,http://localhost:8080/search?q=love&year=1994&language=English,215,0,0
1782351906165,151,HTTP Request,200,OK,Year-Language Query 4-7,text,true,,271,159,10,70,http://localhost:8080/search?q=love&year=1994&language=English,151,0,0
1782351906131,190,HTTP Request,200,OK,Year-Language Query 4-9,text,true,,271,159,10,70,http://localhost:8080/search?q=love&year=1994&language=English,190,0,0
1782351906160,162,HTTP Request,200,OK,Year-Language Query 4-2,text,true,,271,159,10,70,http://localhost:8080/search?q=love&year=1994&language=English,162,0,0
1782351906186,136,HTTP Request,200,OK,Year-Language Query 4-8,text,true,,271,159,10,70,http://localhost:8080/search?q=love&year=1994&language=English,136,0,0
1782351906126,197,HTTP Request,200,OK,Year-Language Query 4-1,text,true,,271,159,10,70,http://localhost:8080/search?q=love&year=1994&language=English,197,0,0
1782351906130,193,HTTP Request,200,OK,Year-Language Query 4-10,text,true,,271,159,10,70,http://localhost:8080/search?q=love&year=1994&language=English,193,0,0
1782351906185,138,HTTP Request,200,OK,Year-Language Query 4-4,text,true,,271,159,10,70,http://localhost:8080/search?q=love&year=1994&language=English,138,0,0
1782351906259,135,HTTP Request,200,OK,Year-Language Query 4-6,text,true,,271,159,10,70,http://localhost:8080/search?q=love&year=1994&language=English,135,0,0
1782351906193,217,HTTP Request,200,OK,Year-Language Query 4-3,text,true,,271,159,10,70,http://localhost:8080/search?q=love&year=1994&language=English,217,0,0
1782351906240,174,HTTP Request,200,OK,Year-Language Query 4-5,text,true,,271,159,10,70,http://localhost:8080/search?q=love&year=1994&language=English,174,0,0
1782351906316,103,HTTP Request,200,OK,Year-Language Query 4-7,text,true,,271,159,10,70,http://localhost:8080/search?q=love&year=1994&language=English,103,0,0
1782351906323,124,HTTP Request,200,OK,Year-Language Query 4-10,text,true,,271,159,10,70,http://localhost:8080/search?q=love&year=1994&language=English,124,0,0
1782351906322,154,HTTP Request,200,OK,Year-Language Query 4-2,text,true,,271,159,10,70,http://localhost:8080/search?q=love&year=1994&language=English,154,0,0
1782351906321,155,HTTP Request,200,OK,Year-Language Query 4-9,text,true,,271,159,10,70,http://localhost:8080/search?q=love&year=1994&language=English,155,0,0
1782351906323,154,HTTP Request,200,OK,Year-Language Query 4-4,text,true,,271,159,10,70,http://localhost:8080/search?q=love&year=1994&language=English,154,0,0
1782351906322,160,HTTP Request,200,OK,Year-Language Query 4-8,text,true,,271,159,10,70,http://localhost:8080/search?q=love&year=1994&language=English,160,0,0
1782351906323,161,HTTP Request,200,OK,Year-Language Query 4-1,text,true,,271,159,10,70,http://localhost:8080/search?q=love&year=1994&language=English,161,0,0
1782351906448,58,HTTP Request,200,OK,Year-Language Query 4-10,text,true,,271,159,10,70,http://localhost:8080/search?q=love&year=1994&language=English,58,0,0
1782351906414,94,HTTP Request,200,OK,Year-Language Query 4-5,text,true,,271,159,10,70,http://localhost:8080/search?q=love&year=1994&language=English,94,0,0
1782351906394,141,HTTP Request,200,OK,Year-Language Query 4-6,text,true,,271,159,10,70,http://localhost:8080/search?q=love&year=1994&language=English,141,0,0
1782351906410,128,HTTP Request,200,OK,Year-Language Query 4-3,text,true,,271,159,10,70,http://localhost:8080/search?q=love&year=1994&language=English,128,0,0
1782351906482,82,HTTP Request,200,OK,Year-Language Query 4-8,text,true,,271,159,10,70,http://localhost:8080/search?q=love&year=1994&language=English,82,0,0
1782351906476,96,HTTP Request,200,OK,Year-Language Query 4-9,text,true,,271,159,10,70,http://localhost:8080/search?q=love&year=1994&language=English,96,0,0
1782351906419,153,HTTP Request,200,OK,Year-Language Query 4-7,text,true,,271,159,10,70,http://localhost:8080/search?q=love&year=1994&language=English,153,0,0
1782351906484,88,HTTP Request,200,OK,Year-Language Query 4-1,text,true,,271,159,10,70,http://localhost:8080/search?q=love&year=1994&language=English,88,0,0
1782351906477,125,HTTP Request,200,OK,Year-Language Query 4-4,text,true,,271,159,10,70,http://localhost:8080/search?q=love&year=1994&language=English,125,0,0
1782351906476,129,HTTP Request,200,OK,Year-Language Query 4-2,text,true,,271,159,10,70,http://localhost:8080/search?q=love&year=1994&language=English,129,0,0
1782351906535,89,HTTP Request,200,OK,Year-Language Query 4-6,text,true,,271,159,10,70,http://localhost:8080/search?q=love&year=1994&language=English,89,0,0
1782351906506,119,HTTP Request,200,OK,Year-Language Query 4-10,text,true,,271,159,10,70,http://localhost:8080/search?q=love&year=1994&language=English,119,0,0
1782351906508,130,HTTP Request,200,OK,Year-Language Query 4-5,text,true,,271,159,10,70,http://localhost:8080/search?q=love&year=1994&language=English,130,0,0
1782351906564,117,HTTP Request,200,OK,Year-Language Query 4-8,text,true,,271,159,10,70,http://localhost:8080/search?q=love&year=1994&language=English,117,0,0
1782351906572,130,HTTP Request,200,OK,Year-Language Query 4-1,text,true,,271,159,10,70,http://localhost:8080/search?q=love&year=1994&language=English,130,0,0
1782351906572,137,HTTP Request,200,OK,Year-Language Query 4-7,text,true,,271,159,10,70,http://localhost:8080/search?q=love&year=1994&language=English,137,0,0
1782351906538,171,HTTP Request,200,OK,Year-Language Query 4-3,text,true,,271,159,10,70,http://localhost:8080/search?q=love&year=1994&language=English,171,0,0
1782351906605,124,HTTP Request,200,OK,Year-Language Query 4-2,text,true,,271,159,10,70,http://localhost:8080/search?q=love&year=1994&language=English,124,0,0
1782351906572,170,HTTP Request,200,OK,Year-Language Query 4-9,text,true,,271,159,10,70,http://localhost:8080/search?q=love&year=1994&language=English,170,0,0
1782351906626,119,HTTP Request,200,OK,Year-Language Query 4-10,text,true,,271,159,10,70,http://localhost:8080/search?q=love&year=1994&language=English,119,0,0
1782351906624,123,HTTP Request,200,OK,Year-Language Query 4-6,text,true,,271,159,10,70,http://localhost:8080/search?q=love&year=1994&language=English,123,0,0
1782351906639,109,HTTP Request,200,OK,Year-Language Query 4-5,text,true,,271,159,10,70,http://localhost:8080/search?q=love&year=1994&language=English,109,0,0
1782351906602,148,HTTP Request,200,OK,Year-Language Query 4-4,text,true,,271,159,10,70,http://localhost:8080/search?q=love&year=1994&language=English,148,0,0
1782351906682,90,HTTP Request,200,OK,Year-Language Query 4-8,text,true,,271,159,10,70,http://localhost:8080/search?q=love&year=1994&language=English,90,0,0
1782351906709,91,HTTP Request,200,OK,Year-Language Query 4-7,text,true,,271,159,10,70,http://localhost:8080/search?q=love&year=1994&language=English,91,0,0
1782351906702,113,HTTP Request,200,OK,Year-Language Query 4-1,text,true,,271,159,10,70,http://localhost:8080/search?q=love&year=1994&language=English,113,0,0
1782351906709,108,HTTP Request,200,OK,Year-Language Query 4-3,text,true,,271,159,10,70,http://localhost:8080/search?q=love&year=1994&language=English,108,0,0
1782351906730,89,HTTP Request,200,OK,Year-Language Query 4-2,text,true,,271,159,10,70,http://localhost:8080/search?q=love&year=1994&language=English,89,0,0
1782351906748,79,HTTP Request,200,OK,Year-Language Query 4-6,text,true,,271,159,10,70,http://localhost:8080/search?q=love&year=1994&language=English,79,0,0
1782351906742,90,HTTP Request,200,OK,Year-Language Query 4-9,text,true,,271,159,10,70,http://localhost:8080/search?q=love&year=1994&language=English,90,0,0
1782351906746,87,HTTP Request,200,OK,Year-Language Query 4-10,text,true,,271,159,10,70,http://localhost:8080/search?q=love&year=1994&language=English,87,0,0
1782351906750,98,HTTP Request,200,OK,Year-Language Query 4-4,text,true,,271,159,10,70,http://localhost:8080/search?q=love&year=1994&language=English,98,0,0
1782351906748,102,HTTP Request,200,OK,Year-Language Query 4-5,text,true,,271,159,10,70,http://localhost:8080/search?q=love&year=1994&language=English,102,0,0
1782351906772,88,HTTP Request,200,OK,Year-Language Query 4-8,text,true,,271,159,10,70,http://localhost:8080/search?q=love&year=1994&language=English,88,0,0
1782351906815,68,HTTP Request,200,OK,Year-Language Query 4-1,text,true,,271,159,10,70,http://localhost:8080/search?q=love&year=1994&language=English,68,0,0
1782351906801,86,HTTP Request,200,OK,Year-Language Query 4-7,text,true,,271,159,10,70,http://localhost:8080/search?q=love&year=1994&language=English,86,0,0
1782351906828,65,HTTP Request,200,OK,Year-Language Query 4-6,text,true,,271,159,10,70,http://localhost:8080/search?q=love&year=1994&language=English,65,0,0
1782351906817,85,HTTP Request,200,OK,Year-Language Query 4-3,text,true,,271,159,10,70,http://localhost:8080/search?q=love&year=1994&language=English,85,0,0
1782351906819,102,HTTP Request,200,OK,Year-Language Query 4-2,text,true,,271,159,10,70,http://localhost:8080/search?q=love&year=1994&language=English,102,0,0
1782351906833,116,HTTP Request,200,OK,Year-Language Query 4-10,text,true,,271,159,10,70,http://localhost:8080/search?q=love&year=1994&language=English,116,0,0
1782351906860,90,HTTP Request,200,OK,Year-Language Query 4-8,text,true,,271,159,10,70,http://localhost:8080/search?q=love&year=1994&language=English,90,0,0
1782351906833,119,HTTP Request,200,OK,Year-Language Query 4-9,text,true,,271,159,10,70,http://localhost:8080/search?q=love&year=1994&language=English,119,0,0
1782351906883,95,HTTP Request,200,OK,Year-Language Query 4-1,text,true,,271,159,10,70,http://localhost:8080/search?q=love&year=1994&language=English,95,0,0
1782351906848,135,HTTP Request,200,OK,Year-Language Query 4-4,text,true,,271,159,10,70,http://localhost:8080/search?q=love&year=1994&language=English,135,0,0
1782351906850,134,HTTP Request,200,OK,Year-Language Query 4-5,text,true,,271,159,10,70,http://localhost:8080/search?q=love&year=1994&language=English,134,0,0
1782351906902,89,HTTP Request,200,OK,Year-Language Query 4-3,text,true,,271,159,10,70,http://localhost:8080/search?q=love&year=1994&language=English,89,0,0
1782351906887,125,HTTP Request,200,OK,Year-Language Query 4-7,text,true,,271,159,10,70,http://localhost:8080/search?q=love&year=1994&language=English,125,0,0
1782351906893,120,HTTP Request,200,OK,Year-Language Query 4-6,text,true,,271,159,10,70,http://localhost:8080/search?q=love&year=1994&language=English,120,0,0
1782351906922,106,HTTP Request,200,OK,Year-Language Query 4-2,text,true,,271,159,10,70,http://localhost:8080/search?q=love&year=1994&language=English,106,0,0
1782351906950,94,HTTP Request,200,OK,Year-Language Query 4-8,text,true,,271,159,10,70,http://localhost:8080/search?q=love&year=1994&language=English,94,0,0
1782351906983,91,HTTP Request,200,OK,Year-Language Query 4-4,text,true,,271,159,10,70,http://localhost:8080/search?q=love&year=1994&language=English,91,0,0
1782351906952,123,HTTP Request,200,OK,Year-Language Query 4-9,text,true,,271,159,10,70,http://localhost:8080/search?q=love&year=1994&language=English,123,0,0
1782351906949,127,HTTP Request,200,OK,Year-Language Query 4-10,text,true,,271,159,10,70,http://localhost:8080/search?q=love&year=1994&language=English,127,0,0
1782351906979,105,HTTP Request,200,OK,Year-Language Query 4-1,text,true,,271,159,10,70,http://localhost:8080/search?q=love&year=1994&language=English,105,0,0
1782351906984,100,HTTP Request,200,OK,Year-Language Query 4-5,text,true,,271,159,10,70,http://localhost:8080/search?q=love&year=1994&language=English,100,0,0
1782351907013,74,HTTP Request,200,OK,Year-Language Query 4-7,text,true,,271,159,10,70,http://localhost:8080/search?q=love&year=1994&language=English,74,0,0
1782351906991,119,HTTP Request,200,OK,Year-Language Query 4-3,text,true,,271,159,10,70,http://localhost:8080/search?q=love&year=1994&language=English,119,0,0
1782351907028,90,HTTP Request,200,OK,Year-Language Query 4-2,text,true,,271,159,10,70,http://localhost:8080/search?q=love&year=1994&language=English,90,0,0
1782351907044,111,HTTP Request,200,OK,Year-Language Query 4-8,text,true,,271,159,10,70,http://localhost:8080/search?q=love&year=1994&language=English,111,0,0
1782351907013,142,HTTP Request,200,OK,Year-Language Query 4-6,text,true,,271,159,10,70,http://localhost:8080/search?q=love&year=1994&language=English,142,0,0
1782351907075,100,HTTP Request,200,OK,Year-Language Query 4-9,text,true,,271,159,10,70,http://localhost:8080/search?q=love&year=1994&language=English,100,0,0
1782351907076,103,HTTP Request,200,OK,Year-Language Query 4-10,text,true,,271,159,10,70,http://localhost:8080/search?q=love&year=1994&language=English,103,0,0
1782351907075,105,HTTP Request,200,OK,Year-Language Query 4-4,text,true,,271,159,10,70,http://localhost:8080/search?q=love&year=1994&language=English,105,0,0
1782351907087,94,HTTP Request,200,OK,Year-Language Query 4-7,text,true,,271,159,10,70,http://localhost:8080/search?q=love&year=1994&language=English,94,0,0
1782351907084,98,HTTP Request,200,OK,Year-Language Query 4-1,text,true,,271,159,10,70,http://localhost:8080/search?q=love&year=1994&language=English,98,0,0
1782351907084,98,HTTP Request,200,OK,Year-Language Query 4-5,text,true,,271,159,10,70,http://localhost:8080/search?q=love&year=1994&language=English,98,0,0
1782351907110,125,HTTP Request,200,OK,Year-Language Query 4-3,text,true,,271,159,10,70,http://localhost:8080/search?q=love&year=1994&language=English,125,0,0
1782351907155,81,HTTP Request,200,OK,Year-Language Query 4-8,text,true,,271,159,10,70,http://localhost:8080/search?q=love&year=1994&language=English,81,0,0
1782351907155,81,HTTP Request,200,OK,Year-Language Query 4-6,text,true,,271,159,10,70,http://localhost:8080/search?q=love&year=1994&language=English,81,0,0
1782351907118,139,HTTP Request,200,OK,Year-Language Query 4-2,text,true,,271,159,10,70,http://localhost:8080/search?q=love&year=1994&language=English,139,0,0
1782351907175,129,HTTP Request,200,OK,Year-Language Query 4-9,text,true,,271,159,10,70,http://localhost:8080/search?q=love&year=1994&language=English,129,0,0
1782351907180,125,HTTP Request,200,OK,Year-Language Query 4-4,text,true,,271,159,10,70,http://localhost:8080/search?q=love&year=1994&language=English,125,0,0
1782351907181,134,HTTP Request,200,OK,Year-Language Query 4-7,text,true,,271,159,10,70,http://localhost:8080/search?q=love&year=1994&language=English,134,0,0
1782351907182,149,HTTP Request,200,OK,Year-Language Query 4-1,text,true,,271,159,10,70,http://localhost:8080/search?q=love&year=1994&language=English,149,0,0
1782351907180,177,HTTP Request,200,OK,Year-Language Query 4-10,text,true,,271,159,10,70,http://localhost:8080/search?q=love&year=1994&language=English,177,0,0
1782351907182,180,HTTP Request,200,OK,Year-Language Query 4-5,text,true,,271,159,10,70,http://localhost:8080/search?q=love&year=1994&language=English,180,0,0
1782351907236,146,HTTP Request,200,OK,Year-Language Query 4-8,text,true,,271,159,10,70,http://localhost:8080/search?q=love&year=1994&language=English,146,0,0
1782351907237,173,HTTP Request,200,OK,Year-Language Query 4-6,text,true,,271,159,10,70,http://localhost:8080/search?q=love&year=1994&language=English,173,0,0
1782351907257,154,HTTP Request,200,OK,Year-Language Query 4-2,text,true,,271,159,10,70,http://localhost:8080/search?q=love&year=1994&language=English,154,0,0
1782351907235,176,HTTP Request,200,OK,Year-Language Query 4-3,text,true,,271,159,10,70,http://localhost:8080/search?q=love&year=1994&language=English,176,0,0
1782351907357,80,HTTP Request,200,OK,Year-Language Query 4-10,text,true,,271,159,10,70,http://localhost:8080/search?q=love&year=1994&language=English,80,0,0
1782351907305,146,HTTP Request,200,OK,Year-Language Query 4-4,text,true,,271,159,10,70,http://localhost:8080/search?q=love&year=1994&language=English,146,0,0
1782351907305,164,HTTP Request,200,OK,Year-Language Query 4-9,text,true,,271,159,10,70,http://localhost:8080/search?q=love&year=1994&language=English,164,0,0
1782351907315,154,HTTP Request,200,OK,Year-Language Query 4-7,text,true,,271,159,10,70,http://localhost:8080/search?q=love&year=1994&language=English,154,0,0
1782351907383,94,HTTP Request,200,OK,Year-Language Query 4-8,text,true,,271,159,10,70,http://localhost:8080/search?q=love&year=1994&language=English,94,0,0
1782351907331,162,HTTP Request,200,OK,Year-Language Query 4-1,text,true,,271,159,10,70,http://localhost:8080/search?q=love&year=1994&language=English,162,0,0
1782351907363,139,HTTP Request,200,OK,Year-Language Query 4-5,text,true,,271,159,10,70,http://localhost:8080/search?q=love&year=1994&language=English,139,0,0
1782351907411,112,HTTP Request,200,OK,Year-Language Query 4-3,text,true,,271,159,10,70,http://localhost:8080/search?q=love&year=1994&language=English,112,0,0
1782351907410,124,HTTP Request,200,OK,Year-Language Query 4-6,text,true,,271,159,10,70,http://localhost:8080/search?q=love&year=1994&language=English,124,0,0
1782351907411,133,HTTP Request,200,OK,Year-Language Query 4-2,text,true,,271,159,10,70,http://localhost:8080/search?q=love&year=1994&language=English,133,0,0
1782351907437,110,HTTP Request,200,OK,Year-Language Query 4-10,text,true,,271,159,10,70,http://localhost:8080/search?q=love&year=1994&language=English,110,0,0
1782351907451,100,HTTP Request,200,OK,Year-Language Query 4-4,text,true,,271,159,10,70,http://localhost:8080/search?q=love&year=1994&language=English,100,0,0
1782351907478,100,HTTP Request,200,OK,Year-Language Query 4-8,text,true,,271,159,10,70,http://localhost:8080/search?q=love&year=1994&language=English,100,0,0
1782351907469,125,HTTP Request,200,OK,Year-Language Query 4-7,text,true,,271,159,10,70,http://localhost:8080/search?q=love&year=1994&language=English,125,0,0
1782351907493,114,HTTP Request,200,OK,Year-Language Query 4-1,text,true,,271,159,10,70,http://localhost:8080/search?q=love&year=1994&language=English,114,0,0
1782351907469,163,HTTP Request,200,OK,Year-Language Query 4-9,text,true,,271,159,10,70,http://localhost:8080/search?q=love&year=1994&language=English,163,0,0
1782351907534,102,HTTP Request,200,OK,Year-Language Query 4-6,text,true,,271,159,10,70,http://localhost:8080/search?q=love&year=1994&language=English,102,0,0
1782351907503,133,HTTP Request,200,OK,Year-Language Query 4-5,text,true,,271,159,10,70,http://localhost:8080/search?q=love&year=1994&language=English,133,0,0
1782351907548,122,HTTP Request,200,OK,Year-Language Query 4-10,text,true,,271,159,10,70,http://localhost:8080/search?q=love&year=1994&language=English,122,0,0
1782351907523,160,HTTP Request,200,OK,Year-Language Query 4-3,text,true,,271,159,10,70,http://localhost:8080/search?q=love&year=1994&language=English,160,0,0
1782351907552,137,HTTP Request,200,OK,Year-Language Query 4-4,text,true,,271,159,10,70,http://localhost:8080/search?q=love&year=1994&language=English,137,0,0
1782351907544,158,HTTP Request,200,OK,Year-Language Query 4-2,text,true,,271,159,10,70,http://localhost:8080/search?q=love&year=1994&language=English,158,0,0
1782351907636,86,HTTP Request,200,OK,Year-Language Query 4-6,text,true,,271,159,10,70,http://localhost:8080/search?q=love&year=1994&language=English,86,0,0
1782351907633,102,HTTP Request,200,OK,Year-Language Query 4-9,text,true,,271,159,10,70,http://localhost:8080/search?q=love&year=1994&language=English,102,0,0
1782351907636,101,HTTP Request,200,OK,Year-Language Query 4-5,text,true,,271,159,10,70,http://localhost:8080/search?q=love&year=1994&language=English,101,0,0
1782351907595,146,HTTP Request,200,OK,Year-Language Query 4-7,text,true,,271,159,10,70,http://localhost:8080/search?q=love&year=1994&language=English,146,0,0
1782351907607,137,HTTP Request,200,OK,Year-Language Query 4-1,text,true,,271,159,10,70,http://localhost:8080/search?q=love&year=1994&language=English,137,0,0
1782351907578,181,HTTP Request,200,OK,Year-Language Query 4-8,text,true,,271,159,10,70,http://localhost:8080/search?q=love&year=1994&language=English,181,0,0
1782351907703,88,HTTP Request,200,OK,Year-Language Query 4-2,text,true,,271,159,10,70,http://localhost:8080/search?q=love&year=1994&language=English,88,0,0
1782351907671,124,HTTP Request,200,OK,Year-Language Query 4-10,text,true,,271,159,10,70,http://localhost:8080/search?q=love&year=1994&language=English,124,0,0
1782351907689,108,HTTP Request,200,OK,Year-Language Query 4-4,text,true,,271,159,10,70,http://localhost:8080/search?q=love&year=1994&language=English,108,0,0
1782351907741,102,HTTP Request,200,OK,Year-Language Query 4-7,text,true,,271,159,10,70,http://localhost:8080/search?q=love&year=1994&language=English,102,0,0
1782351907722,121,HTTP Request,200,OK,Year-Language Query 4-6,text,true,,271,159,10,70,http://localhost:8080/search?q=love&year=1994&language=English,121,0,0
1782351907745,101,HTTP Request,200,OK,Year-Language Query 4-1,text,true,,271,159,10,70,http://localhost:8080/search?q=love&year=1994&language=English,101,0,0
1782351907683,166,HTTP Request,200,OK,Year-Language Query 4-3,text,true,,271,159,10,70,http://localhost:8080/search?q=love&year=1994&language=English,166,0,0
1782351907736,113,HTTP Request,200,OK,Year-Language Query 4-9,text,true,,271,159,10,70,http://localhost:8080/search?q=love&year=1994&language=English,113,0,0
1782351907737,141,HTTP Request,200,OK,Year-Language Query 4-5,text,true,,271,159,10,70,http://localhost:8080/search?q=love&year=1994&language=English,141,0,0
1782351907759,124,HTTP Request,200,OK,Year-Language Query 4-8,text,true,,271,159,10,70,http://localhost:8080/search?q=love&year=1994&language=English,124,0,0
1782351907791,120,HTTP Request,200,OK,Year-Language Query 4-2,text,true,,271,159,10,70,http://localhost:8080/search?q=love&year=1994&language=English,120,0,0
1782351907795,147,HTTP Request,200,OK,Year-Language Query 4-10,text,true,,271,159,10,70,http://localhost:8080/search?q=love&year=1994&language=English,147,0,0
1782351907797,145,HTTP Request,200,OK,Year-Language Query 4-4,text,true,,271,159,10,70,http://localhost:8080/search?q=love&year=1994&language=English,145,0,0
1782351907846,97,HTTP Request,200,OK,Year-Language Query 4-1,text,true,,271,159,10,70,http://localhost:8080/search?q=love&year=1994&language=English,97,0,0
1782351907843,100,HTTP Request,200,OK,Year-Language Query 4-7,text,true,,271,159,10,70,http://localhost:8080/search?q=love&year=1994&language=English,100,0,0
1782351907850,102,HTTP Request,200,OK,Year-Language Query 4-3,text,true,,271,159,10,70,http://localhost:8080/search?q=love&year=1994&language=English,102,0,0
1782351907843,110,HTTP Request,200,OK,Year-Language Query 4-6,text,true,,271,159,10,70,http://localhost:8080/search?q=love&year=1994&language=English,110,0,0
1782351907849,124,HTTP Request,200,OK,Year-Language Query 4-9,text,true,,271,159,10,70,http://localhost:8080/search?q=love&year=1994&language=English,124,0,0
1782351907883,99,HTTP Request,200,OK,Year-Language Query 4-8,text,true,,271,159,10,70,http://localhost:8080/search?q=love&year=1994&language=English,99,0,0
1782351907879,123,HTTP Request,200,OK,Year-Language Query 4-5,text,true,,271,159,10,70,http://localhost:8080/search?q=love&year=1994&language=English,123,0,0
1782351907911,127,HTTP Request,200,OK,Year-Language Query 4-2,text,true,,271,159,10,70,http://localhost:8080/search?q=love&year=1994&language=English,127,0,0
1782351907943,95,HTTP Request,200,OK,Year-Language Query 4-1,text,true,,271,159,10,70,http://localhost:8080/search?q=love&year=1994&language=English,95,0,0
1782351907942,99,HTTP Request,200,OK,Year-Language Query 4-4,text,true,,271,159,10,70,http://localhost:8080/search?q=love&year=1994&language=English,99,0,0
1782351907982,78,HTTP Request,200,OK,Year-Language Query 4-8,text,true,,271,159,10,70,http://localhost:8080/search?q=love&year=1994&language=English,78,0,0
1782351907942,118,HTTP Request,200,OK,Year-Language Query 4-10,text,true,,271,159,10,70,http://localhost:8080/search?q=love&year=1994&language=English,118,0,0
1782351907953,110,HTTP Request,200,OK,Year-Language Query 4-3,text,true,,271,159,10,70,http://localhost:8080/search?q=love&year=1994&language=English,110,0,0
1782351907953,121,HTTP Request,200,OK,Year-Language Query 4-6,text,true,,271,159,10,70,http://localhost:8080/search?q=love&year=1994&language=English,121,0,0
1782351907943,145,HTTP Request,200,OK,Year-Language Query 4-7,text,true,,271,159,10,70,http://localhost:8080/search?q=love&year=1994&language=English,145,0,0
1782351907973,115,HTTP Request,200,OK,Year-Language Query 4-9,text,true,,271,159,10,70,http://localhost:8080/search?q=love&year=1994&language=English,115,0,0
1782351908002,100,HTTP Request,200,OK,Year-Language Query 4-5,text,true,,271,159,10,70,http://localhost:8080/search?q=love&year=1994&language=English,100,0,0
1782351908038,76,HTTP Request,200,OK,Year-Language Query 4-2,text,true,,271,159,10,70,http://localhost:8080/search?q=love&year=1994&language=English,76,0,0
1782351908038,90,HTTP Request,200,OK,Year-Language Query 4-1,text,true,,271,159,10,70,http://localhost:8080/search?q=love&year=1994&language=English,90,0,0
1782351908042,92,HTTP Request,200,OK,Year-Language Query 4-4,text,true,,271,159,10,70,http://localhost:8080/search?q=love&year=1994&language=English,92,0,0
1782351908074,76,HTTP Request,200,OK,Year-Language Query 4-6,text,true,,271,159,10,70,http://localhost:8080/search?q=love&year=1994&language=English,76,0,0
1782351908060,90,HTTP Request,200,OK,Year-Language Query 4-8,text,true,,271,159,10,70,http://localhost:8080/search?q=love&year=1994&language=English,90,0,0
1782351908063,93,HTTP Request,200,OK,Year-Language Query 4-3,text,true,,271,159,10,70,http://localhost:8080/search?q=love&year=1994&language=English,93,0,0
1782351908060,100,HTTP Request,200,OK,Year-Language Query 4-10,text,true,,271,159,10,70,http://localhost:8080/search?q=love&year=1994&language=English,100,0,0
1782351908088,96,HTTP Request,200,OK,Year-Language Query 4-9,text,true,,271,159,10,70,http://localhost:8080/search?q=love&year=1994&language=English,96,0,0
1782351908088,98,HTTP Request,200,OK,Year-Language Query 4-7,text,true,,271,159,10,70,http://localhost:8080/search?q=love&year=1994&language=English,98,0,0
1782351908114,76,HTTP Request,200,OK,Year-Language Query 4-2,text,true,,271,159,10,70,http://localhost:8080/search?q=love&year=1994&language=English,76,0,0
1782351908104,98,HTTP Request,200,OK,Year-Language Query 4-5,text,true,,271,159,10,70,http://localhost:8080/search?q=love&year=1994&language=English,98,0,0
1782351908128,81,HTTP Request,200,OK,Year-Language Query 4-1,text,true,,271,159,10,70,http://localhost:8080/search?q=love&year=1994&language=English,81,0,0
1782351908134,86,HTTP Request,200,OK,Year-Language Query 4-4,text,true,,271,159,10,70,http://localhost:8080/search?q=love&year=1994&language=English,86,0,0
1782351908160,73,HTTP Request,200,OK,Year-Language Query 4-10,text,true,,271,159,10,70,http://localhost:8080/search?q=love&year=1994&language=English,73,0,0
1782351908150,87,HTTP Request,200,OK,Year-Language Query 4-6,text,true,,271,159,10,70,http://localhost:8080/search?q=love&year=1994&language=English,87,0,0
1782351908150,91,HTTP Request,200,OK,Year-Language Query 4-8,text,true,,271,159,10,70,http://localhost:8080/search?q=love&year=1994&language=English,91,0,0
1782351908184,70,HTTP Request,200,OK,Year-Language Query 4-9,text,true,,271,159,10,70,http://localhost:8080/search?q=love&year=1994&language=English,70,0,0
1782351908186,68,HTTP Request,200,OK,Year-Language Query 4-7,text,true,,271,159,10,70,http://localhost:8080/search?q=love&year=1994&language=English,68,0,0
1782351908190,69,HTTP Request,200,OK,Year-Language Query 4-2,text,true,,271,159,10,70,http://localhost:8080/search?q=love&year=1994&language=English,69,0,0
1782351908157,110,HTTP Request,200,OK,Year-Language Query 4-3,text,true,,271,159,10,70,http://localhost:8080/search?q=love&year=1994&language=English,110,0,0
1782351908202,75,HTTP Request,200,OK,Year-Language Query 4-5,text,true,,271,159,10,70,http://localhost:8080/search?q=love&year=1994&language=English,75,0,0
1782351908209,87,HTTP Request,200,OK,Year-Language Query 4-1,text,true,,271,159,10,70,http://localhost:8080/search?q=love&year=1994&language=English,86,0,0
1782351908237,68,HTTP Request,200,OK,Year-Language Query 4-6,text,true,,271,159,10,70,http://localhost:8080/search?q=love&year=1994&language=English,68,0,0
1782351908221,87,HTTP Request,200,OK,Year-Language Query 4-4,text,true,,271,159,10,70,http://localhost:8080/search?q=love&year=1994&language=English,87,0,0
1782351908241,74,HTTP Request,200,OK,Year-Language Query 4-8,text,true,,271,159,10,70,http://localhost:8080/search?q=love&year=1994&language=English,74,0,0
1782351908255,64,HTTP Request,200,OK,Year-Language Query 4-7,text,true,,271,159,10,70,http://localhost:8080/search?q=love&year=1994&language=English,64,0,0
1782351908233,86,HTTP Request,200,OK,Year-Language Query 4-10,text,true,,271,159,10,70,http://localhost:8080/search?q=love&year=1994&language=English,86,0,0
1782351908267,60,HTTP Request,200,OK,Year-Language Query 4-3,text,true,,271,159,10,70,http://localhost:8080/search?q=love&year=1994&language=English,60,0,0
1782351908254,74,HTTP Request,200,OK,Year-Language Query 4-9,text,true,,271,159,10,70,http://localhost:8080/search?q=love&year=1994&language=English,74,0,0
1782351908278,67,HTTP Request,200,OK,Year-Language Query 4-5,text,true,,271,159,10,70,http://localhost:8080/search?q=love&year=1994&language=English,67,0,0
1782351908296,104,HTTP Request,200,OK,Year-Language Query 4-1,text,true,,271,159,10,70,http://localhost:8080/search?q=love&year=1994&language=English,104,0,0
1782351908259,151,HTTP Request,200,OK,Year-Language Query 4-2,text,true,,271,159,10,70,http://localhost:8080/search?q=love&year=1994&language=English,151,0,0
1782351908308,120,HTTP Request,200,OK,Year-Language Query 4-4,text,true,,271,159,10,70,http://localhost:8080/search?q=love&year=1994&language=English,120,0,0
1782351908315,115,HTTP Request,200,OK,Year-Language Query 4-8,text,true,,271,159,10,70,http://localhost:8080/search?q=love&year=1994&language=English,115,0,0
1782351908306,138,HTTP Request,200,OK,Year-Language Query 4-6,text,true,,271,159,10,70,http://localhost:8080/search?q=love&year=1994&language=English,138,0,0
1782351908328,122,HTTP Request,200,OK,Year-Language Query 4-9,text,true,,271,159,10,70,http://localhost:8080/search?q=love&year=1994&language=English,122,0,0
1782351908319,137,HTTP Request,200,OK,Year-Language Query 4-10,text,true,,271,159,10,70,http://localhost:8080/search?q=love&year=1994&language=English,137,0,0
1782351908346,110,HTTP Request,200,OK,Year-Language Query 4-5,text,true,,271,159,10,70,http://localhost:8080/search?q=love&year=1994&language=English,110,0,0
1782351908319,138,HTTP Request,200,OK,Year-Language Query 4-7,text,true,,271,159,10,70,http://localhost:8080/search?q=love&year=1994&language=English,138,0,0
1782351908327,142,HTTP Request,200,OK,Year-Language Query 4-3,text,true,,271,159,10,70,http://localhost:8080/search?q=love&year=1994&language=English,142,0,0
1782351908401,137,HTTP Request,200,OK,Year-Language Query 4-1,text,true,,271,159,10,70,http://localhost:8080/search?q=love&year=1994&language=English,137,0,0
1782351908430,118,HTTP Request,200,OK,Year-Language Query 4-8,text,true,,271,159,10,70,http://localhost:8080/search?q=love&year=1994&language=English,118,0,0
1782351908457,119,HTTP Request,200,OK,Year-Language Query 4-7,text,true,,271,159,10,70,http://localhost:8080/search?q=love&year=1994&language=English,119,0,0
1782351908457,127,HTTP Request,200,OK,Year-Language Query 4-5,text,true,,271,159,10,70,http://localhost:8080/search?q=love&year=1994&language=English,127,0,0
1782351908456,128,HTTP Request,200,OK,Year-Language Query 4-10,text,true,,271,159,10,70,http://localhost:8080/search?q=love&year=1994&language=English,128,0,0
1782351908450,134,HTTP Request,200,OK,Year-Language Query 4-9,text,true,,271,159,10,70,http://localhost:8080/search?q=love&year=1994&language=English,134,0,0
1782351908469,130,HTTP Request,200,OK,Year-Language Query 4-3,text,true,,271,159,10,70,http://localhost:8080/search?q=love&year=1994&language=English,130,0,0
1782351908429,181,HTTP Request,200,OK,Year-Language Query 4-4,text,true,,271,159,10,70,http://localhost:8080/search?q=love&year=1994&language=English,181,0,0
1782351908411,213,HTTP Request,200,OK,Year-Language Query 4-2,text,true,,271,159,10,70,http://localhost:8080/search?q=love&year=1994&language=English,213,0,0
1782351908450,174,HTTP Request,200,OK,Year-Language Query 4-6,text,true,,271,159,10,70,http://localhost:8080/search?q=love&year=1994&language=English,174,0,0
1782351908548,110,HTTP Request,200,OK,Year-Language Query 4-8,text,true,,271,159,10,70,http://localhost:8080/search?q=love&year=1994&language=English,110,0,0
1782351908538,121,HTTP Request,200,OK,Year-Language Query 4-1,text,true,,271,159,10,70,http://localhost:8080/search?q=love&year=1994&language=English,121,0,0
1782351908625,95,HTTP Request,200,OK,Year-Language Query 4-6,text,true,,271,159,10,70,http://localhost:8080/search?q=love&year=1994&language=English,95,0,0
1782351908576,151,HTTP Request,200,OK,Year-Language Query 4-7,text,true,,271,159,10,70,http://localhost:8080/search?q=love&year=1994&language=English,151,0,0
1782351908599,129,HTTP Request,200,OK,Year-Language Query 4-3,text,true,,271,159,10,70,http://localhost:8080/search?q=love&year=1994&language=English,129,0,0
1782351908584,149,HTTP Request,200,OK,Year-Language Query 4-10,text,true,,271,159,10,70,http://localhost:8080/search?q=love&year=1994&language=English,149,0,0
1782351908584,150,HTTP Request,200,OK,Year-Language Query 4-5,text,true,,271,159,10,70,http://localhost:8080/search?q=love&year=1994&language=English,150,0,0
1782351908610,124,HTTP Request,200,OK,Year-Language Query 4-4,text,true,,271,159,10,70,http://localhost:8080/search?q=love&year=1994&language=English,124,0,0
1782351908624,111,HTTP Request,200,OK,Year-Language Query 4-2,text,true,,271,159,10,70,http://localhost:8080/search?q=love&year=1994&language=English,111,0,0
1782351908585,150,HTTP Request,200,OK,Year-Language Query 4-9,text,true,,271,159,10,70,http://localhost:8080/search?q=love&year=1994&language=English,150,0,0
1782351908659,103,HTTP Request,200,OK,Year-Language Query 4-8,text,true,,271,159,10,70,http://localhost:8080/search?q=love&year=1994&language=English,103,0,0
1782351908659,114,HTTP Request,200,OK,Year-Language Query 4-1,text,true,,271,159,10,70,http://localhost:8080/search?q=love&year=1994&language=English,113,0,0
1782351908727,87,HTTP Request,200,OK,Year-Language Query 4-7,text,true,,271,159,10,70,http://localhost:8080/search?q=love&year=1994&language=English,87,0,0
1782351908728,87,HTTP Request,200,OK,Year-Language Query 4-3,text,true,,271,159,10,70,http://localhost:8080/search?q=love&year=1994&language=English,87,0,0
1782351908734,81,HTTP Request,200,OK,Year-Language Query 4-10,text,true,,271,159,10,70,http://localhost:8080/search?q=love&year=1994&language=English,81,0,0
1782351908768,81,HTTP Request,200,OK,Year-Language Query 4-8,text,true,,271,159,10,70,http://localhost:8080/search?q=love&year=1994&language=English,81,0,0
1782351908734,119,HTTP Request,200,OK,Year-Language Query 4-5,text,true,,271,159,10,70,http://localhost:8080/search?q=love&year=1994&language=English,119,0,0
1782351908735,119,HTTP Request,200,OK,Year-Language Query 4-2,text,true,,271,159,10,70,http://localhost:8080/search?q=love&year=1994&language=English,119,0,0
1782351908721,139,HTTP Request,200,OK,Year-Language Query 4-6,text,true,,271,159,10,70,http://localhost:8080/search?q=love&year=1994&language=English,139,0,0
1782351908773,94,HTTP Request,200,OK,Year-Language Query 4-1,text,true,,271,159,10,70,http://localhost:8080/search?q=love&year=1994&language=English,94,0,0
1782351908734,139,HTTP Request,200,OK,Year-Language Query 4-4,text,true,,271,159,10,70,http://localhost:8080/search?q=love&year=1994&language=English,139,0,0
1782351908815,59,HTTP Request,200,OK,Year-Language Query 4-3,text,true,,271,159,10,70,http://localhost:8080/search?q=love&year=1994&language=English,59,0,0
1782351908736,141,HTTP Request,200,OK,Year-Language Query 4-9,text,true,,271,159,10,70,http://localhost:8080/search?q=love&year=1994&language=English,141,0,0
1782351908815,62,HTTP Request,200,OK,Year-Language Query 4-10,text,true,,271,159,10,70,http://localhost:8080/search?q=love&year=1994&language=English,62,0,0
1782351908814,68,HTTP Request,200,OK,Year-Language Query 4-7,text,true,,271,159,10,70,http://localhost:8080/search?q=love&year=1994&language=English,68,0,0
1782351908853,61,HTTP Request,200,OK,Year-Language Query 4-5,text,true,,271,159,10,70,http://localhost:8080/search?q=love&year=1994&language=English,61,0,0
1782351908849,76,HTTP Request,200,OK,Year-Language Query 4-8,text,true,,271,159,10,70,http://localhost:8080/search?q=love&year=1994&language=English,76,0,0
1782351908854,72,HTTP Request,200,OK,Year-Language Query 4-2,text,true,,271,159,10,70,http://localhost:8080/search?q=love&year=1994&language=English,72,0,0
1782351908861,82,HTTP Request,200,OK,Year-Language Query 4-6,text,true,,271,159,10,70,http://localhost:8080/search?q=love&year=1994&language=English,82,0,0
1782351908874,75,HTTP Request,200,OK,Year-Language Query 4-3,text,true,,271,159,10,70,http://localhost:8080/search?q=love&year=1994&language=English,75,0,0
1782351908877,87,HTTP Request,200,OK,Year-Language Query 4-10,text,true,,271,159,10,70,http://localhost:8080/search?q=love&year=1994&language=English,87,0,0
1782351908882,91,HTTP Request,200,OK,Year-Language Query 4-7,text,true,,271,159,10,70,http://localhost:8080/search?q=love&year=1994&language=English,91,0,0
1782351908877,103,HTTP Request,200,OK,Year-Language Query 4-9,text,true,,271,159,10,70,http://localhost:8080/search?q=love&year=1994&language=English,103,0,0
1782351908874,126,HTTP Request,200,OK,Year-Language Query 4-4,text,true,,271,159,10,70,http://localhost:8080/search?q=love&year=1994&language=English,126,0,0
1782351908867,133,HTTP Request,200,OK,Year-Language Query 4-1,text,true,,271,159,10,70,http://localhost:8080/search?q=love&year=1994&language=English,133,0,0
1782351908914,87,HTTP Request,200,OK,Year-Language Query 4-5,text,true,,271,159,10,70,http://localhost:8080/search?q=love&year=1994&language=English,87,0,0
1782351908943,58,HTTP Request,200,OK,Year-Language Query 4-6,text,true,,271,159,10,70,http://localhost:8080/search?q=love&year=1994&language=English,58,0,0
1782351908973,47,HTTP Request,200,OK,Year-Language Query 4-7,text,true,,271,159,10,70,http://localhost:8080/search?q=love&year=1994&language=English,47,0,0
1782351908925,96,HTTP Request,200,OK,Year-Language Query 4-8,text,true,,271,159,10,70,http://localhost:8080/search?q=love&year=1994&language=English,96,0,0
1782351908949,72,HTTP Request,200,OK,Year-Language Query 4-3,text,true,,271,159,10,70,http://localhost:8080/search?q=love&year=1994&language=English,72,0,0
1782351908926,101,HTTP Request,200,OK,Year-Language Query 4-2,text,true,,271,159,10,70,http://localhost:8080/search?q=love&year=1994&language=English,101,0,0
1782351908964,95,HTTP Request,200,OK,Year-Language Query 4-10,text,true,,271,159,10,70,http://localhost:8080/search?q=love&year=1994&language=English,95,0,0
1782351908980,93,HTTP Request,200,OK,Year-Language Query 4-9,text,true,,271,159,10,70,http://localhost:8080/search?q=love&year=1994&language=English,93,0,0
1782351909021,64,HTTP Request,200,OK,Year-Language Query 4-3,text,true,,271,159,10,70,http://localhost:8080/search?q=love&year=1994&language=English,64,0,0
1782351909001,130,HTTP Request,200,OK,Year-Language Query 4-6,text,true,,271,159,10,70,http://localhost:8080/search?q=love&year=1994&language=English,130,0,0
1782351909000,131,HTTP Request,200,OK,Year-Language Query 4-4,text,true,,271,159,10,70,http://localhost:8080/search?q=love&year=1994&language=English,131,0,0
1782351909027,105,HTTP Request,200,OK,Year-Language Query 4-2,text,true,,271,159,10,70,http://localhost:8080/search?q=love&year=1994&language=English,105,0,0
1782351909001,131,HTTP Request,200,OK,Year-Language Query 4-1,text,true,,271,159,10,70,http://localhost:8080/search?q=love&year=1994&language=English,131,0,0
1782351909001,142,HTTP Request,200,OK,Year-Language Query 4-5,text,true,,271,159,10,70,http://localhost:8080/search?q=love&year=1994&language=English,142,0,0
1782351909021,122,HTTP Request,200,OK,Year-Language Query 4-8,text,true,,271,159,10,70,http://localhost:8080/search?q=love&year=1994&language=English,122,0,0
1782351909021,122,HTTP Request,200,OK,Year-Language Query 4-7,text,true,,271,159,10,70,http://localhost:8080/search?q=love&year=1994&language=English,122,0,0
1782351909085,79,HTTP Request,200,OK,Year-Language Query 4-3,text,true,,271,159,10,70,http://localhost:8080/search?q=love&year=1994&language=English,79,0,0
1782351909074,108,HTTP Request,200,OK,Year-Language Query 4-9,text,true,,271,159,10,70,http://localhost:8080/search?q=love&year=1994&language=English,108,0,0
1782351909132,61,HTTP Request,200,OK,Year-Language Query 4-4,text,true,,271,159,10,70,http://localhost:8080/search?q=love&year=1994&language=English,61,0,0
1782351909059,146,HTTP Request,200,OK,Year-Language Query 4-10,text,true,,271,159,10,70,http://localhost:8080/search?q=love&year=1994&language=English,146,0,0
1782351909132,96,HTTP Request,200,OK,Year-Language Query 4-2,text,true,,271,159,10,70,http://localhost:8080/search?q=love&year=1994&language=English,96,0,0
1782351909132,100,HTTP Request,200,OK,Year-Language Query 4-1,text,true,,271,159,10,70,http://localhost:8080/search?q=love&year=1994&language=English,100,0,0
1782351909164,101,HTTP Request,200,OK,Year-Language Query 4-3,text,true,,271,159,10,70,http://localhost:8080/search?q=love&year=1994&language=English,101,0,0
1782351909131,137,HTTP Request,200,OK,Year-Language Query 4-6,text,true,,271,159,10,70,http://localhost:8080/search?q=love&year=1994&language=English,137,0,0
1782351909144,125,HTTP Request,200,OK,Year-Language Query 4-7,text,true,,271,159,10,70,http://localhost:8080/search?q=love&year=1994&language=English,125,0,0
1782351909144,147,HTTP Request,200,OK,Year-Language Query 4-8,text,true,,271,159,10,70,http://localhost:8080/search?q=love&year=1994&language=English,147,0,0
1782351909193,100,HTTP Request,200,OK,Year-Language Query 4-4,text,true,,271,159,10,70,http://localhost:8080/search?q=love&year=1994&language=English,100,0,0
1782351909233,68,HTTP Request,200,OK,Year-Language Query 4-1,text,true,,271,159,10,70,http://localhost:8080/search?q=love&year=1994&language=English,68,0,0
1782351909182,119,HTTP Request,200,OK,Year-Language Query 4-9,text,true,,271,159,10,70,http://localhost:8080/search?q=love&year=1994&language=English,119,0,0
1782351909143,169,HTTP Request,200,OK,Year-Language Query 4-5,text,true,,271,159,10,70,http://localhost:8080/search?q=love&year=1994&language=English,169,0,0
1782351909205,108,HTTP Request,200,OK,Year-Language Query 4-10,text,true,,271,159,10,70,http://localhost:8080/search?q=love&year=1994&language=English,108,0,0
1782351909228,107,HTTP Request,200,OK,Year-Language Query 4-2,text,true,,271,159,10,70,http://localhost:8080/search?q=love&year=1994&language=English,107,0,0
1782351909269,67,HTTP Request,200,OK,Year-Language Query 4-7,text,true,,271,159,10,70,http://localhost:8080/search?q=love&year=1994&language=English,67,0,0
1782351909269,118,HTTP Request,200,OK,Year-Language Query 4-6,text,true,,271,159,10,70,http://localhost:8080/search?q=love&year=1994&language=English,118,0,0
1782351909294,94,HTTP Request,200,OK,Year-Language Query 4-4,text,true,,271,159,10,70,http://localhost:8080/search?q=love&year=1994&language=English,94,0,0
1782351909266,122,HTTP Request,200,OK,Year-Language Query 4-3,text,true,,271,159,10,70,http://localhost:8080/search?q=love&year=1994&language=English,122,0,0
1782351909292,98,HTTP Request,200,OK,Year-Language Query 4-8,text,true,,271,159,10,70,http://localhost:8080/search?q=love&year=1994&language=English,98,0,0
1782351909312,78,HTTP Request,200,OK,Year-Language Query 4-5,text,true,,271,159,10,70,http://localhost:8080/search?q=love&year=1994&language=English,78,0,0
1782351909313,104,HTTP Request,200,OK,Year-Language Query 4-10,text,true,,271,159,10,70,http://localhost:8080/search?q=love&year=1994&language=English,104,0,0
1782351909301,117,HTTP Request,200,OK,Year-Language Query 4-1,text,true,,271,159,10,70,http://localhost:8080/search?q=love&year=1994&language=English,117,0,0
1782351909301,118,HTTP Request,200,OK,Year-Language Query 4-9,text,true,,271,159,10,70,http://localhost:8080/search?q=love&year=1994&language=English,118,0,0
1782351909336,108,HTTP Request,200,OK,Year-Language Query 4-7,text,true,,271,159,10,70,http://localhost:8080/search?q=love&year=1994&language=English,108,0,0
1782351909335,118,HTTP Request,200,OK,Year-Language Query 4-2,text,true,,271,159,10,70,http://localhost:8080/search?q=love&year=1994&language=English,118,0,0
1782351909390,75,HTTP Request,200,OK,Year-Language Query 4-8,text,true,,271,159,10,70,http://localhost:8080/search?q=love&year=1994&language=English,75,0,0
1782351909390,77,HTTP Request,200,OK,Year-Language Query 4-5,text,true,,271,159,10,70,http://localhost:8080/search?q=love&year=1994&language=English,77,0,0
1782351909389,84,HTTP Request,200,OK,Year-Language Query 4-4,text,true,,271,159,10,70,http://localhost:8080/search?q=love&year=1994&language=English,84,0,0
1782351909387,97,HTTP Request,200,OK,Year-Language Query 4-6,text,true,,271,159,10,70,http://localhost:8080/search?q=love&year=1994&language=English,97,0,0
1782351909389,98,HTTP Request,200,OK,Year-Language Query 4-3,text,true,,271,159,10,70,http://localhost:8080/search?q=love&year=1994&language=English,98,0,0
1782351909417,77,HTTP Request,200,OK,Year-Language Query 4-10,text,true,,271,159,10,70,http://localhost:8080/search?q=love&year=1994&language=English,77,0,0
1782351909418,81,HTTP Request,200,OK,Year-Language Query 4-1,text,true,,271,159,10,70,http://localhost:8080/search?q=love&year=1994&language=English,81,0,0
1782351909419,99,HTTP Request,200,OK,Year-Language Query 4-9,text,true,,271,159,10,70,http://localhost:8080/search?q=love&year=1994&language=English,99,0,0
1782351909445,102,HTTP Request,200,OK,Year-Language Query 4-7,text,true,,271,159,10,70,http://localhost:8080/search?q=love&year=1994&language=English,102,0,0
1782351909454,103,HTTP Request,200,OK,Year-Language Query 4-2,text,true,,271,159,10,70,http://localhost:8080/search?q=love&year=1994&language=English,103,0,0
1782351909474,83,HTTP Request,200,OK,Year-Language Query 4-4,text,true,,271,159,10,70,http://localhost:8080/search?q=love&year=1994&language=English,83,0,0
1782351909467,101,HTTP Request,200,OK,Year-Language Query 4-8,text,true,,271,159,10,70,http://localhost:8080/search?q=love&year=1994&language=English,101,0,0
1782351909495,74,HTTP Request,200,OK,Year-Language Query 4-10,text,true,,271,159,10,70,http://localhost:8080/search?q=love&year=1994&language=English,74,0,0
1782351909468,114,HTTP Request,200,OK,Year-Language Query 4-5,text,true,,271,159,10,70,http://localhost:8080/search?q=love&year=1994&language=English,114,0,0
1782351909484,112,HTTP Request,200,OK,Year-Language Query 4-6,text,true,,271,159,10,70,http://localhost:8080/search?q=love&year=1994&language=English,112,0,0
1782351909518,98,HTTP Request,200,OK,Year-Language Query 4-9,text,true,,271,159,10,70,http://localhost:8080/search?q=love&year=1994&language=English,98,0,0
1782351909487,130,HTTP Request,200,OK,Year-Language Query 4-3,text,true,,271,159,10,70,http://localhost:8080/search?q=love&year=1994&language=English,130,0,0
1782351909500,154,HTTP Request,200,OK,Year-Language Query 4-1,text,true,,271,159,10,70,http://localhost:8080/search?q=love&year=1994&language=English,154,0,0
1782351909582,104,HTTP Request,200,OK,Year-Language Query 4-5,text,true,,271,159,10,70,http://localhost:8080/search?q=love&year=1994&language=English,104,0,0
1782351909557,129,HTTP Request,200,OK,Year-Language Query 4-4,text,true,,271,159,10,70,http://localhost:8080/search?q=love&year=1994&language=English,129,0,0
1782351909548,139,HTTP Request,200,OK,Year-Language Query 4-7,text,true,,271,159,10,70,http://localhost:8080/search?q=love&year=1994&language=English,139,0,0
1782351909569,118,HTTP Request,200,OK,Year-Language Query 4-8,text,true,,271,159,10,70,http://localhost:8080/search?q=love&year=1994&language=English,118,0,0
1782351909569,131,HTTP Request,200,OK,Year-Language Query 4-10,text,true,,271,159,10,70,http://localhost:8080/search?q=love&year=1994&language=English,131,0,0
1782351909557,159,HTTP Request,200,OK,Year-Language Query 4-2,text,true,,271,159,10,70,http://localhost:8080/search?q=love&year=1994&language=English,159,0,0
1782351909617,108,HTTP Request,200,OK,Year-Language Query 4-9,text,true,,271,159,10,70,http://localhost:8080/search?q=love&year=1994&language=English,108,0,0
1782351909596,129,HTTP Request,200,OK,Year-Language Query 4-6,text,true,,271,159,10,70,http://localhost:8080/search?q=love&year=1994&language=English,129,0,0
1782351909617,109,HTTP Request,200,OK,Year-Language Query 4-3,text,true,,271,159,10,70,http://localhost:8080/search?q=love&year=1994&language=English,109,0,0
1782351909654,104,HTTP Request,200,OK,Year-Language Query 4-1,text,true,,271,159,10,70,http://localhost:8080/search?q=love&year=1994&language=English,104,0,0
1782351909700,76,HTTP Request,200,OK,Year-Language Query 4-10,text,true,,271,159,10,70,http://localhost:8080/search?q=love&year=1994&language=English,76,0,0
1782351909687,105,HTTP Request,200,OK,Year-Language Query 4-4,text,true,,271,159,10,70,http://localhost:8080/search?q=love&year=1994&language=English,105,0,0
1782351909687,111,HTTP Request,200,OK,Year-Language Query 4-5,text,true,,271,159,10,70,http://localhost:8080/search?q=love&year=1994&language=English,111,0,0
1782351909726,115,HTTP Request,200,OK,Year-Language Query 4-3,text,true,,271,159,10,70,http://localhost:8080/search?q=love&year=1994&language=English,115,0,0
1782351909687,154,HTTP Request,200,OK,Year-Language Query 4-7,text,true,,271,159,10,70,http://localhost:8080/search?q=love&year=1994&language=English,154,0,0
1782351909687,167,HTTP Request,200,OK,Year-Language Query 4-8,text,true,,271,159,10,70,http://localhost:8080/search?q=love&year=1994&language=English,167,0,0
1782351909725,131,HTTP Request,200,OK,Year-Language Query 4-6,text,true,,271,159,10,70,http://localhost:8080/search?q=love&year=1994&language=English,131,0,0
1782351909759,97,HTTP Request,200,OK,Year-Language Query 4-1,text,true,,271,159,10,70,http://localhost:8080/search?q=love&year=1994&language=English,97,0,0
1782351909725,136,HTTP Request,200,OK,Year-Language Query 4-9,text,true,,271,159,10,70,http://localhost:8080/search?q=love&year=1994&language=English,136,0,0
1782351909716,150,HTTP Request,200,OK,Year-Language Query 4-2,text,true,,271,159,10,70,http://localhost:8080/search?q=love&year=1994&language=English,150,0,0
1782351909776,105,HTTP Request,200,OK,Year-Language Query 4-10,text,true,,271,159,10,70,http://localhost:8080/search?q=love&year=1994&language=English,105,0,0
1782351909793,92,HTTP Request,200,OK,Year-Language Query 4-4,text,true,,271,159,10,70,http://localhost:8080/search?q=love&year=1994&language=English,92,0,0
1782351909798,93,HTTP Request,200,OK,Year-Language Query 4-5,text,true,,271,159,10,70,http://localhost:8080/search?q=love&year=1994&language=English,93,0,0
1782351909841,73,HTTP Request,200,OK,Year-Language Query 4-7,text,true,,271,159,10,70,http://localhost:8080/search?q=love&year=1994&language=English,73,0,0
1782351909856,92,HTTP Request,200,OK,Year-Language Query 4-6,text,true,,271,159,10,70,http://localhost:8080/search?q=love&year=1994&language=English,92,0,0
1782351909841,115,HTTP Request,200,OK,Year-Language Query 4-3,text,true,,271,159,10,70,http://localhost:8080/search?q=love&year=1994&language=English,115,0,0
1782351909855,102,HTTP Request,200,OK,Year-Language Query 4-8,text,true,,271,159,10,70,http://localhost:8080/search?q=love&year=1994&language=English,102,0,0
1782351909867,103,HTTP Request,200,OK,Year-Language Query 4-2,text,true,,271,159,10,70,http://localhost:8080/search?q=love&year=1994&language=English,103,0,0
1782351909886,84,HTTP Request,200,OK,Year-Language Query 4-4,text,true,,271,159,10,70,http://localhost:8080/search?q=love&year=1994&language=English,84,0,0
1782351909891,81,HTTP Request,200,OK,Year-Language Query 4-5,text,true,,271,159,10,70,http://localhost:8080/search?q=love&year=1994&language=English,81,0,0
1782351909857,133,HTTP Request,200,OK,Year-Language Query 4-1,text,true,,271,159,10,70,http://localhost:8080/search?q=love&year=1994&language=English,133,0,0
1782351909862,136,HTTP Request,200,OK,Year-Language Query 4-9,text,true,,271,159,10,70,http://localhost:8080/search?q=love&year=1994&language=English,136,0,0
1782351909881,122,HTTP Request,200,OK,Year-Language Query 4-10,text,true,,271,159,10,70,http://localhost:8080/search?q=love&year=1994&language=English,122,0,0
1782351909914,89,HTTP Request,200,OK,Year-Language Query 4-7,text,true,,271,159,10,70,http://localhost:8080/search?q=love&year=1994&language=English,89,0,0
1782351909956,83,HTTP Request,200,OK,Year-Language Query 4-3,text,true,,271,159,10,70,http://localhost:8080/search?q=love&year=1994&language=English,83,0,0
1782351909948,96,HTTP Request,200,OK,Year-Language Query 4-6,text,true,,271,159,10,70,http://localhost:8080/search?q=love&year=1994&language=English,96,0,0
1782351909957,89,HTTP Request,200,OK,Year-Language Query 4-8,text,true,,271,159,10,70,http://localhost:8080/search?q=love&year=1994&language=English,89,0,0
1782351909970,77,HTTP Request,200,OK,Year-Language Query 4-4,text,true,,271,159,10,70,http://localhost:8080/search?q=love&year=1994&language=English,77,0,0
1782351909970,79,HTTP Request,200,OK,Year-Language Query 4-2,text,true,,271,159,10,70,http://localhost:8080/search?q=love&year=1994&language=English,79,0,0
1782351909972,115,HTTP Request,200,OK,Year-Language Query 4-5,text,true,,271,159,10,70,http://localhost:8080/search?q=love&year=1994&language=English,115,0,0
1782351909998,90,HTTP Request,200,OK,Year-Language Query 4-9,text,true,,271,159,10,70,http://localhost:8080/search?q=love&year=1994&language=English,90,0,0
1782351910046,72,HTTP Request,200,OK,Year-Language Query 4-8,text,true,,271,159,10,70,http://localhost:8080/search?q=love&year=1994&language=English,72,0,0
1782351910039,80,HTTP Request,200,OK,Year-Language Query 4-3,text,true,,271,159,10,70,http://localhost:8080/search?q=love&year=1994&language=English,80,0,0
1782351910003,133,HTTP Request,200,OK,Year-Language Query 4-10,text,true,,271,159,10,70,http://localhost:8080/search?q=love&year=1994&language=English,133,0,0
1782351910003,134,HTTP Request,200,OK,Year-Language Query 4-7,text,true,,271,159,10,70,http://localhost:8080/search?q=love&year=1994&language=English,134,0,0
1782351909991,146,HTTP Request,200,OK,Year-Language Query 4-1,text,true,,271,159,10,70,http://localhost:8080/search?q=love&year=1994&language=English,145,0,0
1782351910049,94,HTTP Request,200,OK,Year-Language Query 4-2,text,true,,271,159,10,70,http://localhost:8080/search?q=love&year=1994&language=English,94,0,0
1782351910044,100,HTTP Request,200,OK,Year-Language Query 4-6,text,true,,271,159,10,70,http://localhost:8080/search?q=love&year=1994&language=English,100,0,0
1782351910047,100,HTTP Request,200,OK,Year-Language Query 4-4,text,true,,271,159,10,70,http://localhost:8080/search?q=love&year=1994&language=English,100,0,0
1782351910088,104,HTTP Request,200,OK,Year-Language Query 4-5,text,true,,271,159,10,70,http://localhost:8080/search?q=love&year=1994&language=English,104,0,0
1782351910088,108,HTTP Request,200,OK,Year-Language Query 4-9,text,true,,271,159,10,70,http://localhost:8080/search?q=love&year=1994&language=English,108,0,0
1782351910137,86,HTTP Request,200,OK,Year-Language Query 4-1,text,true,,271,159,10,70,http://localhost:8080/search?q=love&year=1994&language=English,86,0,0
1782351910119,107,HTTP Request,200,OK,Year-Language Query 4-3,text,true,,271,159,10,70,http://localhost:8080/search?q=love&year=1994&language=English,107,0,0
1782351910136,101,HTTP Request,200,OK,Year-Language Query 4-10,text,true,,271,159,10,70,http://localhost:8080/search?q=love&year=1994&language=English,101,0,0
1782351910118,120,HTTP Request,200,OK,Year-Language Query 4-8,text,true,,271,159,10,70,http://localhost:8080/search?q=love&year=1994&language=English,120,0,0
1782351910137,101,HTTP Request,200,OK,Year-Language Query 4-7,text,true,,271,159,10,70,http://localhost:8080/search?q=love&year=1994&language=English,101,0,0
1782351910145,95,HTTP Request,200,OK,Year-Language Query 4-6,text,true,,271,159,10,70,http://localhost:8080/search?q=love&year=1994&language=English,95,0,0
1782351910143,105,HTTP Request,200,OK,Year-Language Query 4-2,text,true,,271,159,10,70,http://localhost:8080/search?q=love&year=1994&language=English,105,0,0
1782351910147,112,HTTP Request,200,OK,Year-Language Query 4-4,text,true,,271,159,10,70,http://localhost:8080/search?q=love&year=1994&language=English,112,0,0
1782351910192,102,HTTP Request,200,OK,Year-Language Query 4-5,text,true,,271,159,10,70,http://localhost:8080/search?q=love&year=1994&language=English,102,0,0
1782351910223,80,HTTP Request,200,OK,Year-Language Query 4-1,text,true,,271,159,10,70,http://localhost:8080/search?q=love&year=1994&language=English,80,0,0
1782351910238,82,HTTP Request,200,OK,Year-Language Query 4-7,text,true,,271,159,10,70,http://localhost:8080/search?q=love&year=1994&language=English,82,0,0
1782351910249,73,HTTP Request,200,OK,Year-Language Query 4-2,text,true,,271,159,10,70,http://localhost:8080/search?q=love&year=1994&language=English,73,0,0
1782351910196,140,HTTP Request,200,OK,Year-Language Query 4-9,text,true,,271,159,10,70,http://localhost:8080/search?q=love&year=1994&language=English,139,0,0
1782351910237,102,HTTP Request,200,OK,Year-Language Query 4-10,text,true,,271,159,10,70,http://localhost:8080/search?q=love&year=1994&language=English,102,0,0
1782351910259,81,HTTP Request,200,OK,Year-Language Query 4-4,text,true,,271,159,10,70,http://localhost:8080/search?q=love&year=1994&language=English,81,0,0
1782351910227,113,HTTP Request,200,OK,Year-Language Query 4-3,text,true,,271,159,10,70,http://localhost:8080/search?q=love&year=1994&language=English,113,0,0
1782351910238,102,HTTP Request,200,OK,Year-Language Query 4-8,text,true,,271,159,10,70,http://localhost:8080/search?q=love&year=1994&language=English,102,0,0
1782351910240,120,HTTP Request,200,OK,Year-Language Query 4-6,text,true,,271,159,10,70,http://localhost:8080/search?q=love&year=1994&language=English,120,0,0
1782351910294,68,HTTP Request,200,OK,Year-Language Query 4-5,text,true,,271,159,10,70,http://localhost:8080/search?q=love&year=1994&language=English,68,0,0
1782351910320,78,HTTP Request,200,OK,Year-Language Query 4-7,text,true,,271,159,10,70,http://localhost:8080/search?q=love&year=1994&language=English,78,0,0
1782351910304,94,HTTP Request,200,OK,Year-Language Query 4-1,text,true,,271,159,10,70,http://localhost:8080/search?q=love&year=1994&language=English,94,0,0
1782351910323,76,HTTP Request,200,OK,Year-Language Query 4-2,text,true,,271,159,10,70,http://localhost:8080/search?q=love&year=1994&language=English,76,0,0
1782351910340,74,HTTP Request,200,OK,Year-Language Query 4-8,text,true,,271,159,10,70,http://localhost:8080/search?q=love&year=1994&language=English,74,0,0
1782351910339,84,HTTP Request,200,OK,Year-Language Query 4-10,text,true,,271,159,10,70,http://localhost:8080/search?q=love&year=1994&language=English,84,0,0
1782351910336,89,HTTP Request,200,OK,Year-Language Query 4-9,text,true,,271,159,10,70,http://localhost:8080/search?q=love&year=1994&language=English,89,0,0
1782351910340,89,HTTP Request,200,OK,Year-Language Query 4-3,text,true,,271,159,10,70,http://localhost:8080/search?q=love&year=1994&language=English,89,0,0
1782351910340,100,HTTP Request,200,OK,Year-Language Query 4-4,text,true,,271,159,10,70,http://localhost:8080/search?q=love&year=1994&language=English,100,0,0
1782351910362,165,HTTP Request,200,OK,Year-Language Query 4-5,text,true,,271,159,10,70,http://localhost:8080/search?q=love&year=1994&language=English,165,0,0
1782351910423,105,HTTP Request,200,OK,Year-Language Query 4-10,text,true,,271,159,10,70,http://localhost:8080/search?q=love&year=1994&language=English,105,0,0
1782351910398,130,HTTP Request,200,OK,Year-Language Query 4-1,text,true,,271,159,10,70,http://localhost:8080/search?q=love&year=1994&language=English,130,0,0
1782351910361,168,HTTP Request,200,OK,Year-Language Query 4-6,text,true,,271,159,10,70,http://localhost:8080/search?q=love&year=1994&language=English,168,0,0
1782351910399,138,HTTP Request,200,OK,Year-Language Query 4-2,text,true,,271,159,10,70,http://localhost:8080/search?q=love&year=1994&language=English,138,0,0
1782351910398,157,HTTP Request,200,OK,Year-Language Query 4-7,text,true,,271,159,10,70,http://localhost:8080/search?q=love&year=1994&language=English,157,0,0
1782351910414,142,HTTP Request,200,OK,Year-Language Query 4-8,text,true,,271,159,10,70,http://localhost:8080/search?q=love&year=1994&language=English,142,0,0
1782351910426,131,HTTP Request,200,OK,Year-Language Query 4-9,text,true,,271,159,10,70,http://localhost:8080/search?q=love&year=1994&language=English,131,0,0
1782351910429,128,HTTP Request,200,OK,Year-Language Query 4-3,text,true,,271,159,10,70,http://localhost:8080/search?q=love&year=1994&language=English,128,0,0
1782351910440,117,HTTP Request,200,OK,Year-Language Query 4-4,text,true,,271,159,10,70,http://localhost:8080/search?q=love&year=1994&language=English,117,0,0
1782351910528,48,HTTP Request,200,OK,Year-Language Query 4-10,text,true,,271,159,10,70,http://localhost:8080/search?q=love&year=1994&language=English,48,0,0
1782351910529,77,HTTP Request,200,OK,Year-Language Query 4-6,text,true,,271,159,10,70,http://localhost:8080/search?q=love&year=1994&language=English,77,0,0
1782351910529,78,HTTP Request,200,OK,Year-Language Query 4-1,text,true,,271,159,10,70,http://localhost:8080/search?q=love&year=1994&language=English,78,0,0
1782351910527,93,HTTP Request,200,OK,Year-Language Query 4-5,text,true,,271,159,10,70,http://localhost:8080/search?q=love&year=1994&language=English,93,0,0
1782351910557,80,HTTP Request,200,OK,Year-Language Query 4-4,text,true,,271,159,10,70,http://localhost:8080/search?q=love&year=1994&language=English,80,0,0
1782351910537,102,HTTP Request,200,OK,Year-Language Query 4-2,text,true,,271,159,10,70,http://localhost:8080/search?q=love&year=1994&language=English,102,0,0
1782351910557,83,HTTP Request,200,OK,Year-Language Query 4-9,text,true,,271,159,10,70,http://localhost:8080/search?q=love&year=1994&language=English,83,0,0
1782351910576,93,HTTP Request,200,OK,Year-Language Query 4-10,text,true,,271,159,10,70,http://localhost:8080/search?q=love&year=1994&language=English,93,0,0
1782351910556,122,HTTP Request,200,OK,Year-Language Query 4-8,text,true,,271,159,10,70,http://localhost:8080/search?q=love&year=1994&language=English,122,0,0
1782351910556,131,HTTP Request,200,OK,Year-Language Query 4-7,text,true,,271,159,10,70,http://localhost:8080/search?q=love&year=1994&language=English,131,0,0
1782351910557,136,HTTP Request,200,OK,Year-Language Query 4-3,text,true,,271,159,10,70,http://localhost:8080/search?q=love&year=1994&language=English,136,0,0
1782351910607,88,HTTP Request,200,OK,Year-Language Query 4-1,text,true,,271,159,10,70,http://localhost:8080/search?q=love&year=1994&language=English,88,0,0
1782351910606,113,HTTP Request,200,OK,Year-Language Query 4-6,text,true,,271,159,10,70,http://localhost:8080/search?q=love&year=1994&language=English,113,0,0
1782351910640,83,HTTP Request,200,OK,Year-Language Query 4-9,text,true,,271,159,10,70,http://localhost:8080/search?q=love&year=1994&language=English,83,0,0
1782351910620,114,HTTP Request,200,OK,Year-Language Query 4-5,text,true,,271,159,10,70,http://localhost:8080/search?q=love&year=1994&language=English,114,0,0
1782351910638,101,HTTP Request,200,OK,Year-Language Query 4-4,text,true,,271,159,10,70,http://localhost:8080/search?q=love&year=1994&language=English,101,0,0
1782351910639,102,HTTP Request,200,OK,Year-Language Query 4-2,text,true,,271,159,10,70,http://localhost:8080/search?q=love&year=1994&language=English,102,0,0
1782351910669,73,HTTP Request,200,OK,Year-Language Query 4-10,text,true,,271,159,10,70,http://localhost:8080/search?q=love&year=1994&language=English,73,0,0
1782351910695,75,HTTP Request,200,OK,Year-Language Query 4-1,text,true,,271,159,10,70,http://localhost:8080/search?q=love&year=1994&language=English,75,0,0
1782351910693,79,HTTP Request,200,OK,Year-Language Query 4-3,text,true,,271,159,10,70,http://localhost:8080/search?q=love&year=1994&language=English,79,0,0
1782351910688,88,HTTP Request,200,OK,Year-Language Query 4-7,text,true,,271,159,10,70,http://localhost:8080/search?q=love&year=1994&language=English,88,0,0
1782351910678,99,HTTP Request,200,OK,Year-Language Query 4-8,text,true,,271,159,10,70,http://localhost:8080/search?q=love&year=1994&language=English,99,0,0
1782351910719,69,HTTP Request,200,OK,Year-Language Query 4-6,text,true,,271,159,10,70,http://localhost:8080/search?q=love&year=1994&language=English,69,0,0
1782351910723,66,HTTP Request,200,OK,Year-Language Query 4-9,text,true,,271,159,10,70,http://localhost:8080/search?q=love&year=1994&language=English,66,0,0
1782351910734,73,HTTP Request,200,OK,Year-Language Query 4-5,text,true,,271,159,10,70,http://localhost:8080/search?q=love&year=1994&language=English,73,0,0
1782351910741,71,HTTP Request,200,OK,Year-Language Query 4-2,text,true,,271,159,10,70,http://localhost:8080/search?q=love&year=1994&language=English,71,0,0
1782351910742,74,HTTP Request,200,OK,Year-Language Query 4-10,text,true,,271,159,10,70,http://localhost:8080/search?q=love&year=1994&language=English,74,0,0
1782351910740,78,HTTP Request,200,OK,Year-Language Query 4-4,text,true,,271,159,10,70,http://localhost:8080/search?q=love&year=1994&language=English,78,0,0
1782351910788,55,HTTP Request,200,OK,Year-Language Query 4-6,text,true,,271,159,10,70,http://localhost:8080/search?q=love&year=1994&language=English,55,0,0
1782351910777,66,HTTP Request,200,OK,Year-Language Query 4-8,text,true,,271,159,10,70,http://localhost:8080/search?q=love&year=1994&language=English,66,0,0
1782351910770,87,HTTP Request,200,OK,Year-Language Query 4-1,text,true,,271,159,10,70,http://localhost:8080/search?q=love&year=1994&language=English,87,0,0
1782351910807,58,HTTP Request,200,OK,Year-Language Query 4-5,text,true,,271,159,10,70,http://localhost:8080/search?q=love&year=1994&language=English,58,0,0
1782351910772,97,HTTP Request,200,OK,Year-Language Query 4-3,text,true,,271,159,10,70,http://localhost:8080/search?q=love&year=1994&language=English,97,0,0
1782351910789,81,HTTP Request,200,OK,Year-Language Query 4-9,text,true,,271,159,10,70,http://localhost:8080/search?q=love&year=1994&language=English,81,0,0
1782351910776,94,HTTP Request,200,OK,Year-Language Query 4-7,text,true,,271,159,10,70,http://localhost:8080/search?q=love&year=1994&language=English,94,0,0
1782351910812,70,HTTP Request,200,OK,Year-Language Query 4-2,text,true,,271,159,10,70,http://localhost:8080/search?q=love&year=1994&language=English,70,0,0
1782351910819,65,HTTP Request,200,OK,Year-Language Query 4-4,text,true,,271,159,10,70,http://localhost:8080/search?q=love&year=1994&language=English,65,0,0
1782351910816,94,HTTP Request,200,OK,Year-Language Query 4-10,text,true,,271,159,10,70,http://localhost:8080/search?q=love&year=1994&language=English,94,0,0
1782351910843,67,HTTP Request,200,OK,Year-Language Query 4-6,text,true,,271,159,10,70,http://localhost:8080/search?q=love&year=1994&language=English,67,0,0
1782351910843,93,HTTP Request,200,OK,Year-Language Query 4-8,text,true,,271,159,10,70,http://localhost:8080/search?q=love&year=1994&language=English,93,0,0
1782351910870,70,HTTP Request,200,OK,Year-Language Query 4-7,text,true,,271,159,10,70,http://localhost:8080/search?q=love&year=1994&language=English,70,0,0
1782351910869,71,HTTP Request,200,OK,Year-Language Query 4-3,text,true,,271,159,10,70,http://localhost:8080/search?q=love&year=1994&language=English,71,0,0
1782351910870,77,HTTP Request,200,OK,Year-Language Query 4-9,text,true,,271,159,10,70,http://localhost:8080/search?q=love&year=1994&language=English,77,0,0
1782351910884,111,HTTP Request,200,OK,Year-Language Query 4-4,text,true,,271,159,10,70,http://localhost:8080/search?q=love&year=1994&language=English,111,0,0
1782351910866,133,HTTP Request,200,OK,Year-Language Query 4-5,text,true,,271,159,10,70,http://localhost:8080/search?q=love&year=1994&language=English,133,0,0
1782351910858,157,HTTP Request,200,OK,Year-Language Query 4-1,text,true,,271,159,10,70,http://localhost:8080/search?q=love&year=1994&language=English,157,0,0
1782351910883,135,HTTP Request,200,OK,Year-Language Query 4-2,text,true,,271,159,10,70,http://localhost:8080/search?q=love&year=1994&language=English,135,0,0
1782351910910,124,HTTP Request,200,OK,Year-Language Query 4-10,text,true,,271,159,10,70,http://localhost:8080/search?q=love&year=1994&language=English,124,0,0
1782351910910,126,HTTP Request,200,OK,Year-Language Query 4-6,text,true,,271,159,10,70,http://localhost:8080/search?q=love&year=1994&language=English,126,0,0
1782351910948,123,HTTP Request,200,OK,Year-Language Query 4-9,text,true,,271,159,10,70,http://localhost:8080/search?q=love&year=1994&language=English,123,0,0
1782351910941,138,HTTP Request,200,OK,Year-Language Query 4-3,text,true,,271,159,10,70,http://localhost:8080/search?q=love&year=1994&language=English,138,0,0
1782351910940,155,HTTP Request,200,OK,Year-Language Query 4-7,text,true,,271,159,10,70,http://localhost:8080/search?q=love&year=1994&language=English,155,0,0
1782351910999,103,HTTP Request,200,OK,Year-Language Query 4-5,text,true,,271,159,10,70,http://localhost:8080/search?q=love&year=1994&language=English,103,0,0
1782351910995,107,HTTP Request,200,OK,Year-Language Query 4-4,text,true,,271,159,10,70,http://localhost:8080/search?q=love&year=1994&language=English,107,0,0
1782351910936,168,HTTP Request,200,OK,Year-Language Query 4-8,text,true,,271,159,10,70,http://localhost:8080/search?q=love&year=1994&language=English,168,0,0
1782351911015,98,HTTP Request,200,OK,Year-Language Query 4-1,text,true,,271,159,10,70,http://localhost:8080/search?q=love&year=1994&language=English,98,0,0
1782351911019,103,HTTP Request,200,OK,Year-Language Query 4-2,text,true,,271,159,10,70,http://localhost:8080/search?q=love&year=1994&language=English,103,0,0
1782351911034,107,HTTP Request,200,OK,Year-Language Query 4-10,text,true,,271,159,10,70,http://localhost:8080/search?q=love&year=1994&language=English,107,0,0
1782351911036,113,HTTP Request,200,OK,Year-Language Query 4-6,text,true,,271,159,10,70,http://localhost:8080/search?q=love&year=1994&language=English,113,0,0
1782351911072,78,HTTP Request,200,OK,Year-Language Query 4-9,text,true,,271,159,10,70,http://localhost:8080/search?q=love&year=1994&language=English,78,0,0
1782351911096,75,HTTP Request,200,OK,Year-Language Query 4-7,text,true,,271,159,10,70,http://localhost:8080/search?q=love&year=1994&language=English,75,0,0
1782351911080,93,HTTP Request,200,OK,Year-Language Query 4-3,text,true,,271,159,10,70,http://localhost:8080/search?q=love&year=1994&language=English,93,0,0
1782351911103,104,HTTP Request,200,OK,Year-Language Query 4-4,text,true,,271,159,10,70,http://localhost:8080/search?q=love&year=1994&language=English,104,0,0
1782351911113,94,HTTP Request,200,OK,Year-Language Query 4-1,text,true,,271,159,10,70,http://localhost:8080/search?q=love&year=1994&language=English,94,0,0
1782351911105,105,HTTP Request,200,OK,Year-Language Query 4-8,text,true,,271,159,10,70,http://localhost:8080/search?q=love&year=1994&language=English,105,0,0
1782351911122,92,HTTP Request,200,OK,Year-Language Query 4-2,text,true,,271,159,10,70,http://localhost:8080/search?q=love&year=1994&language=English,92,0,0
1782351911142,72,HTTP Request,200,OK,Year-Language Query 4-10,text,true,,271,159,10,70,http://localhost:8080/search?q=love&year=1994&language=English,72,0,0
1782351911103,113,HTTP Request,200,OK,Year-Language Query 4-5,text,true,,271,159,10,70,http://localhost:8080/search?q=love&year=1994&language=English,113,0,0
1782351911171,61,HTTP Request,200,OK,Year-Language Query 4-7,text,true,,271,159,10,70,http://localhost:8080/search?q=love&year=1994&language=English,61,0,0
1782351911150,96,HTTP Request,200,OK,Year-Language Query 4-9,text,true,,271,159,10,70,http://localhost:8080/search?q=love&year=1994&language=English,96,0,0
1782351911174,87,HTTP Request,200,OK,Year-Language Query 4-3,text,true,,271,159,10,70,http://localhost:8080/search?q=love&year=1994&language=English,87,0,0
1782351911208,88,HTTP Request,200,OK,Year-Language Query 4-1,text,true,,271,159,10,70,http://localhost:8080/search?q=love&year=1994&language=English,88,0,0
1782351911149,150,HTTP Request,200,OK,Year-Language Query 4-6,text,true,,271,159,10,70,http://localhost:8080/search?q=love&year=1994&language=English,150,0,0
1782351911214,97,HTTP Request,200,OK,Year-Language Query 4-2,text,true,,271,159,10,70,http://localhost:8080/search?q=love&year=1994&language=English,97,0,0
1782351911207,111,HTTP Request,200,OK,Year-Language Query 4-4,text,true,,271,159,10,70,http://localhost:8080/search?q=love&year=1994&language=English,111,0,0
1782351911261,66,HTTP Request,200,OK,Year-Language Query 4-3,text,true,,271,159,10,70,http://localhost:8080/search?q=love&year=1994&language=English,66,0,0
1782351911214,125,HTTP Request,200,OK,Year-Language Query 4-10,text,true,,271,159,10,70,http://localhost:8080/search?q=love&year=1994&language=English,125,0,0
1782351911246,97,HTTP Request,200,OK,Year-Language Query 4-9,text,true,,271,159,10,70,http://localhost:8080/search?q=love&year=1994&language=English,97,0,0
1782351911216,127,HTTP Request,200,OK,Year-Language Query 4-5,text,true,,271,159,10,70,http://localhost:8080/search?q=love&year=1994&language=English,127,0,0
1782351911210,154,HTTP Request,200,OK,Year-Language Query 4-8,text,true,,271,159,10,70,http://localhost:8080/search?q=love&year=1994&language=English,154,0,0
1782351911233,155,HTTP Request,200,OK,Year-Language Query 4-7,text,true,,271,159,10,70,http://localhost:8080/search?q=love&year=1994&language=English,155,0,0
1782351911297,92,HTTP Request,200,OK,Year-Language Query 4-1,text,true,,271,159,10,70,http://localhost:8080/search?q=love&year=1994&language=English,92,0,0
1782351911319,140,HTTP Request,200,OK,Year-Language Query 4-4,text,true,,271,159,10,70,http://localhost:8080/search?q=love&year=1994&language=English,140,0,0
1782351911312,155,HTTP Request,200,OK,Year-Language Query 4-2,text,true,,271,159,10,70,http://localhost:8080/search?q=love&year=1994&language=English,155,0,0
1782351911299,168,HTTP Request,200,OK,Year-Language Query 4-6,text,true,,271,159,10,70,http://localhost:8080/search?q=love&year=1994&language=English,168,0,0
1782351911339,132,HTTP Request,200,OK,Year-Language Query 4-10,text,true,,271,159,10,70,http://localhost:8080/search?q=love&year=1994&language=English,132,0,0
1782351911343,146,HTTP Request,200,OK,Year-Language Query 4-9,text,true,,271,159,10,70,http://localhost:8080/search?q=love&year=1994&language=English,146,0,0
1782351911343,149,HTTP Request,200,OK,Year-Language Query 4-5,text,true,,271,159,10,70,http://localhost:8080/search?q=love&year=1994&language=English,149,0,0
1782351911328,192,HTTP Request,200,OK,Year-Language Query 4-3,text,true,,271,159,10,70,http://localhost:8080/search?q=love&year=1994&language=English,192,0,0
1782351911364,175,HTTP Request,200,OK,Year-Language Query 4-8,text,true,,271,159,10,70,http://localhost:8080/search?q=love&year=1994&language=English,175,0,0
1782351911389,189,HTTP Request,200,OK,Year-Language Query 4-7,text,true,,271,159,10,70,http://localhost:8080/search?q=love&year=1994&language=English,189,0,0
1782351911389,222,HTTP Request,200,OK,Year-Language Query 4-1,text,true,,271,159,10,70,http://localhost:8080/search?q=love&year=1994&language=English,222,0,0
1782351911460,160,HTTP Request,200,OK,Year-Language Query 4-4,text,true,,271,159,10,70,http://localhost:8080/search?q=love&year=1994&language=English,160,0,0
1782351911489,148,HTTP Request,200,OK,Year-Language Query 4-9,text,true,,271,159,10,70,http://localhost:8080/search?q=love&year=1994&language=English,148,0,0
1782351911471,191,HTTP Request,200,OK,Year-Language Query 4-10,text,true,,271,159,10,70,http://localhost:8080/search?q=love&year=1994&language=English,191,0,0
1782351911539,123,HTTP Request,200,OK,Year-Language Query 4-8,text,true,,271,159,10,70,http://localhost:8080/search?q=love&year=1994&language=English,123,0,0
1782351911520,146,HTTP Request,200,OK,Year-Language Query 4-3,text,true,,271,159,10,70,http://localhost:8080/search?q=love&year=1994&language=English,146,0,0
1782351911468,199,HTTP Request,200,OK,Year-Language Query 4-6,text,true,,271,159,10,70,http://localhost:8080/search?q=love&year=1994&language=English,199,0,0
1782351911468,200,HTTP Request,200,OK,Year-Language Query 4-2,text,true,,271,159,10,70,http://localhost:8080/search?q=love&year=1994&language=English,200,0,0
1782351911492,197,HTTP Request,200,OK,Year-Language Query 4-5,text,true,,271,159,10,70,http://localhost:8080/search?q=love&year=1994&language=English,197,0,0
1782351911620,125,HTTP Request,200,OK,Year-Language Query 4-4,text,true,,271,159,10,70,http://localhost:8080/search?q=love&year=1994&language=English,125,0,0
1782351911578,168,HTTP Request,200,OK,Year-Language Query 4-7,text,true,,271,159,10,70,http://localhost:8080/search?q=love&year=1994&language=English,168,0,0
1782351911637,119,HTTP Request,200,OK,Year-Language Query 4-9,text,true,,271,159,10,70,http://localhost:8080/search?q=love&year=1994&language=English,119,0,0
1782351911668,131,HTTP Request,200,OK,Year-Language Query 4-2,text,true,,271,159,10,70,http://localhost:8080/search?q=love&year=1994&language=English,131,0,0
1782351911662,149,HTTP Request,200,OK,Year-Language Query 4-10,text,true,,271,159,10,70,http://localhost:8080/search?q=love&year=1994&language=English,149,0,0
1782351911667,150,HTTP Request,200,OK,Year-Language Query 4-3,text,true,,271,159,10,70,http://localhost:8080/search?q=love&year=1994&language=English,150,0,0
1782351911662,155,HTTP Request,200,OK,Year-Language Query 4-8,text,true,,271,159,10,70,http://localhost:8080/search?q=love&year=1994&language=English,155,0,0
1782351911611,216,HTTP Request,200,OK,Year-Language Query 4-1,text,true,,271,159,10,70,http://localhost:8080/search?q=love&year=1994&language=English,216,0,0
1782351911667,188,HTTP Request,200,OK,Year-Language Query 4-6,text,true,,271,159,10,70,http://localhost:8080/search?q=love&year=1994&language=English,188,0,0
1782351911689,166,HTTP Request,200,OK,Year-Language Query 4-5,text,true,,271,159,10,70,http://localhost:8080/search?q=love&year=1994&language=English,166,0,0
1782351911746,138,HTTP Request,200,OK,Year-Language Query 4-7,text,true,,271,159,10,70,http://localhost:8080/search?q=love&year=1994&language=English,138,0,0
1782351911756,128,HTTP Request,200,OK,Year-Language Query 4-9,text,true,,271,159,10,70,http://localhost:8080/search?q=love&year=1994&language=English,128,0,0
1782351911745,155,HTTP Request,200,OK,Year-Language Query 4-4,text,true,,271,159,10,70,http://localhost:8080/search?q=love&year=1994&language=English,155,0,0
1782351911811,112,HTTP Request,200,OK,Year-Language Query 4-10,text,true,,271,159,10,70,http://localhost:8080/search?q=love&year=1994&language=English,112,0,0
1782351911800,124,HTTP Request,200,OK,Year-Language Query 4-2,text,true,,271,159,10,70,http://localhost:8080/search?q=love&year=1994&language=English,124,0,0
1782351911818,137,HTTP Request,200,OK,Year-Language Query 4-8,text,true,,271,159,10,70,http://localhost:8080/search?q=love&year=1994&language=English,137,0,0
1782351911855,134,HTTP Request,200,OK,Year-Language Query 4-6,text,true,,271,159,10,70,http://localhost:8080/search?q=love&year=1994&language=English,134,0,0
1782351911856,152,HTTP Request,200,OK,Year-Language Query 4-5,text,true,,271,159,10,70,http://localhost:8080/search?q=love&year=1994&language=English,152,0,0
1782351911818,198,HTTP Request,200,OK,Year-Language Query 4-3,text,true,,271,159,10,70,http://localhost:8080/search?q=love&year=1994&language=English,198,0,0
1782351911884,137,HTTP Request,200,OK,Year-Language Query 4-7,text,true,,271,159,10,70,http://localhost:8080/search?q=love&year=1994&language=English,137,0,0
1782351911885,153,HTTP Request,200,OK,Year-Language Query 4-9,text,true,,271,159,10,70,http://localhost:8080/search?q=love&year=1994&language=English,153,0,0
1782351911827,224,HTTP Request,200,OK,Year-Language Query 4-1,text,true,,271,159,10,70,http://localhost:8080/search?q=love&year=1994&language=English,224,0,0
1782351911900,151,HTTP Request,200,OK,Year-Language Query 4-4,text,true,,271,159,10,70,http://localhost:8080/search?q=love&year=1994&language=English,151,0,0
1782351911955,127,HTTP Request,200,OK,Year-Language Query 4-8,text,true,,271,159,10,70,http://localhost:8080/search?q=love&year=1994&language=English,127,0,0
1782351911923,162,HTTP Request,200,OK,Year-Language Query 4-10,text,true,,271,159,10,70,http://localhost:8080/search?q=love&year=1994&language=English,162,0,0
1782351911989,142,HTTP Request,200,OK,Year-Language Query 4-6,text,true,,271,159,10,70,http://localhost:8080/search?q=love&year=1994&language=English,142,0,0
1782351911925,221,HTTP Request,200,OK,Year-Language Query 4-2,text,true,,271,159,10,70,http://localhost:8080/search?q=love&year=1994&language=English,221,0,0
1782351912082,64,HTTP Request,200,OK,Year-Language Query 4-8,text,true,,271,159,10,70,http://localhost:8080/search?q=love&year=1994&language=English,64,0,0
1782351912039,139,HTTP Request,200,OK,Year-Language Query 4-9,text,true,,271,159,10,70,http://localhost:8080/search?q=love&year=1994&language=English,139,0,0
1782351912051,128,HTTP Request,200,OK,Year-Language Query 4-1,text,true,,271,159,10,70,http://localhost:8080/search?q=love&year=1994&language=English,128,0,0
1782351912051,130,HTTP Request,200,OK,Year-Language Query 4-4,text,true,,271,159,10,70,http://localhost:8080/search?q=love&year=1994&language=English,130,0,0
1782351912016,166,HTTP Request,200,OK,Year-Language Query 4-3,text,true,,271,159,10,70,http://localhost:8080/search?q=love&year=1994&language=English,166,0,0
1782351912008,175,HTTP Request,200,OK,Year-Language Query 4-5,text,true,,271,159,10,70,http://localhost:8080/search?q=love&year=1994&language=English,175,0,0
1782351912086,102,HTTP Request,200,OK,Year-Language Query 4-10,text,true,,271,159,10,70,http://localhost:8080/search?q=love&year=1994&language=English,102,0,0
1782351912022,176,HTTP Request,200,OK,Year-Language Query 4-7,text,true,,271,159,10,70,http://localhost:8080/search?q=love&year=1994&language=English,176,0,0
1782351912146,116,HTTP Request,200,OK,Year-Language Query 4-2,text,true,,271,159,10,70,http://localhost:8080/search?q=love&year=1994&language=English,116,0,0
1782351912146,116,HTTP Request,200,OK,Year-Language Query 4-8,text,true,,271,159,10,70,http://localhost:8080/search?q=love&year=1994&language=English,116,0,0
1782351912131,175,HTTP Request,200,OK,Year-Language Query 4-6,text,true,,271,159,10,70,http://localhost:8080/search?q=love&year=1994&language=English,175,0,0
1782351912179,146,HTTP Request,200,OK,Year-Language Query 4-9,text,true,,271,159,10,70,http://localhost:8080/search?q=love&year=1994&language=English,146,0,0
1782351912199,139,HTTP Request,200,OK,Year-Language Query 4-7,text,true,,271,159,10,70,http://localhost:8080/search?q=love&year=1994&language=English,139,0,0
1782351912183,155,HTTP Request,200,OK,Year-Language Query 4-3,text,true,,271,159,10,70,http://localhost:8080/search?q=love&year=1994&language=English,155,0,0
1782351912179,166,HTTP Request,200,OK,Year-Language Query 4-1,text,true,,271,159,10,70,http://localhost:8080/search?q=love&year=1994&language=English,166,0,0
1782351912182,164,HTTP Request,200,OK,Year-Language Query 4-4,text,true,,271,159,10,70,http://localhost:8080/search?q=love&year=1994&language=English,164,0,0
1782351912188,158,HTTP Request,200,OK,Year-Language Query 4-10,text,true,,271,159,10,70,http://localhost:8080/search?q=love&year=1994&language=English,158,0,0
1782351912183,172,HTTP Request,200,OK,Year-Language Query 4-5,text,true,,271,159,10,70,http://localhost:8080/search?q=love&year=1994&language=English,172,0,0
1782351912263,115,HTTP Request,200,OK,Year-Language Query 4-8,text,true,,271,159,10,70,http://localhost:8080/search?q=love&year=1994&language=English,115,0,0
1782351912347,66,HTTP Request,200,OK,Year-Language Query 4-10,text,true,,271,159,10,70,http://localhost:8080/search?q=love&year=1994&language=English,66,0,0
1782351912306,108,HTTP Request,200,OK,Year-Language Query 4-6,text,true,,271,159,10,70,http://localhost:8080/search?q=love&year=1994&language=English,108,0,0
1782351912338,84,HTTP Request,200,OK,Year-Language Query 4-3,text,true,,271,159,10,70,http://localhost:8080/search?q=love&year=1994&language=English,84,0,0
1782351912338,113,HTTP Request,200,OK,Year-Language Query 4-7,text,true,,271,159,10,70,http://localhost:8080/search?q=love&year=1994&language=English,113,0,0
1782351912346,106,HTTP Request,200,OK,Year-Language Query 4-1,text,true,,271,159,10,70,http://localhost:8080/search?q=love&year=1994&language=English,106,0,0
1782351912346,106,HTTP Request,200,OK,Year-Language Query 4-4,text,true,,271,159,10,70,http://localhost:8080/search?q=love&year=1994&language=English,106,0,0
1782351912262,190,HTTP Request,200,OK,Year-Language Query 4-2,text,true,,271,159,10,70,http://localhost:8080/search?q=love&year=1994&language=English,190,0,0
1782351912355,107,HTTP Request,200,OK,Year-Language Query 4-5,text,true,,271,159,10,70,http://localhost:8080/search?q=love&year=1994&language=English,107,0,0
1782351912379,83,HTTP Request,200,OK,Year-Language Query 4-8,text,true,,271,159,10,70,http://localhost:8080/search?q=love&year=1994&language=English,83,0,0
1782351912325,143,HTTP Request,200,OK,Year-Language Query 4-9,text,true,,271,159,10,70,http://localhost:8080/search?q=love&year=1994&language=English,143,0,0
1782351912422,76,HTTP Request,200,OK,Year-Language Query 4-3,text,true,,271,159,10,70,http://localhost:8080/search?q=love&year=1994&language=English,76,0,0
1782351912413,92,HTTP Request,200,OK,Year-Language Query 4-10,text,true,,271,159,10,70,http://localhost:8080/search?q=love&year=1994&language=English,92,0,0
1782351912414,115,HTTP Request,200,OK,Year-Language Query 4-6,text,true,,271,159,10,70,http://localhost:8080/search?q=love&year=1994&language=English,115,0,0
1782351912451,86,HTTP Request,200,OK,Year-Language Query 4-7,text,true,,271,159,10,70,http://localhost:8080/search?q=love&year=1994&language=English,86,0,0
1782351912452,109,HTTP Request,200,OK,Year-Language Query 4-4,text,true,,271,159,10,70,http://localhost:8080/search?q=love&year=1994&language=English,109,0,0
1782351912452,123,HTTP Request,200,OK,Year-Language Query 4-2,text,true,,271,159,10,70,http://localhost:8080/search?q=love&year=1994&language=English,123,0,0
1782351912463,116,HTTP Request,200,OK,Year-Language Query 4-5,text,true,,271,159,10,70,http://localhost:8080/search?q=love&year=1994&language=English,116,0,0
1782351912498,105,HTTP Request,200,OK,Year-Language Query 4-3,text,true,,271,159,10,70,http://localhost:8080/search?q=love&year=1994&language=English,105,0,0
1782351912452,176,HTTP Request,200,OK,Year-Language Query 4-1,text,true,,271,159,10,70,http://localhost:8080/search?q=love&year=1994&language=English,176,0,0
1782351912469,164,HTTP Request,200,OK,Year-Language Query 4-9,text,true,,271,159,10,70,http://localhost:8080/search?q=love&year=1994&language=English,164,0,0
1782351912463,181,HTTP Request,200,OK,Year-Language Query 4-8,text,true,,271,159,10,70,http://localhost:8080/search?q=love&year=1994&language=English,181,0,0
1782351912529,119,HTTP Request,200,OK,Year-Language Query 4-6,text,true,,271,159,10,70,http://localhost:8080/search?q=love&year=1994&language=English,119,0,0
1782351912561,87,HTTP Request,200,OK,Year-Language Query 4-4,text,true,,271,159,10,70,http://localhost:8080/search?q=love&year=1994&language=English,87,0,0
1782351912505,148,HTTP Request,200,OK,Year-Language Query 4-10,text,true,,271,159,10,70,http://localhost:8080/search?q=love&year=1994&language=English,148,0,0
1782351912575,83,HTTP Request,200,OK,Year-Language Query 4-2,text,true,,271,159,10,70,http://localhost:8080/search?q=love&year=1994&language=English,83,0,0
1782351912537,122,HTTP Request,200,OK,Year-Language Query 4-7,text,true,,271,159,10,70,http://localhost:8080/search?q=love&year=1994&language=English,122,0,0
1782351912581,90,HTTP Request,200,OK,Year-Language Query 4-5,text,true,,271,159,10,70,http://localhost:8080/search?q=love&year=1994&language=English,90,0,0
1782351912603,105,HTTP Request,200,OK,Year-Language Query 4-3,text,true,,271,159,10,70,http://localhost:8080/search?q=love&year=1994&language=English,105,0,0
1782351912629,87,HTTP Request,200,OK,Year-Language Query 4-1,text,true,,271,159,10,70,http://localhost:8080/search?q=love&year=1994&language=English,87,0,0
1782351912633,93,HTTP Request,200,OK,Year-Language Query 4-9,text,true,,271,159,10,70,http://localhost:8080/search?q=love&year=1994&language=English,93,0,0
1782351912654,78,HTTP Request,200,OK,Year-Language Query 4-10,text,true,,271,159,10,70,http://localhost:8080/search?q=love&year=1994&language=English,78,0,0
1782351912644,101,HTTP Request,200,OK,Year-Language Query 4-8,text,true,,271,159,10,70,http://localhost:8080/search?q=love&year=1994&language=English,101,0,0
1782351912649,96,HTTP Request,200,OK,Year-Language Query 4-4,text,true,,271,159,10,70,http://localhost:8080/search?q=love&year=1994&language=English,96,0,0
1782351912659,87,HTTP Request,200,OK,Year-Language Query 4-7,text,true,,271,159,10,70,http://localhost:8080/search?q=love&year=1994&language=English,87,0,0
1782351912649,105,HTTP Request,200,OK,Year-Language Query 4-6,text,true,,271,159,10,70,http://localhost:8080/search?q=love&year=1994&language=English,105,0,0
1782351912659,100,HTTP Request,200,OK,Year-Language Query 4-2,text,true,,271,159,10,70,http://localhost:8080/search?q=love&year=1994&language=English,100,0,0
1782351912671,88,HTTP Request,200,OK,Year-Language Query 4-5,text,true,,271,159,10,70,http://localhost:8080/search?q=love&year=1994&language=English,88,0,0
1782351912708,59,HTTP Request,200,OK,Year-Language Query 4-3,text,true,,271,159,10,70,http://localhost:8080/search?q=love&year=1994&language=English,59,0,0
1782351912732,49,HTTP Request,200,OK,Year-Language Query 4-10,text,true,,271,159,10,70,http://localhost:8080/search?q=love&year=1994&language=English,49,0,0
1782351912716,74,HTTP Request,200,OK,Year-Language Query 4-1,text,true,,271,159,10,70,http://localhost:8080/search?q=love&year=1994&language=English,74,0,0
1782351912727,66,HTTP Request,200,OK,Year-Language Query 4-9,text,true,,271,159,10,70,http://localhost:8080/search?q=love&year=1994&language=English,66,0,0
1782351912745,63,HTTP Request,200,OK,Year-Language Query 4-8,text,true,,271,159,10,70,http://localhost:8080/search?q=love&year=1994&language=English,63,0,0
1782351912768,69,HTTP Request,200,OK,Year-Language Query 4-3,text,true,,271,159,10,70,http://localhost:8080/search?q=love&year=1994&language=English,69,0,0
1782351912754,90,HTTP Request,200,OK,Year-Language Query 4-6,text,true,,271,159,10,70,http://localhost:8080/search?q=love&year=1994&language=English,90,0,0
1782351912746,99,HTTP Request,200,OK,Year-Language Query 4-7,text,true,,271,159,10,70,http://localhost:8080/search?q=love&year=1994&language=English,99,0,0
1782351912745,128,HTTP Request,200,OK,Year-Language Query 4-4,text,true,,271,159,10,70,http://localhost:8080/search?q=love&year=1994&language=English,128,0,0
1782351912760,114,HTTP Request,200,OK,Year-Language Query 4-5,text,true,,271,159,10,70,http://localhost:8080/search?q=love&year=1994&language=English,113,0,0
1782351912793,95,HTTP Request,200,OK,Year-Language Query 4-9,text,true,,271,159,10,70,http://localhost:8080/search?q=love&year=1994&language=English,95,0,0
1782351912759,133,HTTP Request,200,OK,Year-Language Query 4-2,text,true,,271,159,10,70,http://localhost:8080/search?q=love&year=1994&language=English,133,0,0
1782351912790,127,HTTP Request,200,OK,Year-Language Query 4-1,text,true,,271,159,10,70,http://localhost:8080/search?q=love&year=1994&language=English,127,0,0
1782351912844,75,HTTP Request,200,OK,Year-Language Query 4-6,text,true,,271,159,10,70,http://localhost:8080/search?q=love&year=1994&language=English,75,0,0
1782351912837,84,HTTP Request,200,OK,Year-Language Query 4-3,text,true,,271,159,10,70,http://localhost:8080/search?q=love&year=1994&language=English,84,0,0
1782351912808,113,HTTP Request,200,OK,Year-Language Query 4-8,text,true,,271,159,10,70,http://localhost:8080/search?q=love&year=1994&language=English,113,0,0
1782351912846,96,HTTP Request,200,OK,Year-Language Query 4-7,text,true,,271,159,10,70,http://localhost:8080/search?q=love&year=1994&language=English,96,0,0
1782351912782,165,HTTP Request,200,OK,Year-Language Query 4-10,text,true,,271,159,10,70,http://localhost:8080/search?q=love&year=1994&language=English,165,0,0
1782351912892,116,HTTP Request,200,OK,Year-Language Query 4-2,text,true,,271,159,10,70,http://localhost:8080/search?q=love&year=1994&language=English,116,0,0
1782351912873,143,HTTP Request,200,OK,Year-Language Query 4-4,text,true,,271,159,10,70,http://localhost:8080/search?q=love&year=1994&language=English,143,0,0
1782351912920,110,HTTP Request,200,OK,Year-Language Query 4-6,text,true,,271,159,10,70,http://localhost:8080/search?q=love&year=1994&language=English,110,0,0
1782351912921,110,HTTP Request,200,OK,Year-Language Query 4-3,text,true,,271,159,10,70,http://localhost:8080/search?q=love&year=1994&language=English,110,0,0
1782351912874,157,HTTP Request,200,OK,Year-Language Query 4-5,text,true,,271,159,10,70,http://localhost:8080/search?q=love&year=1994&language=English,157,0,0
1782351912917,118,HTTP Request,200,OK,Year-Language Query 4-1,text,true,,271,159,10,70,http://localhost:8080/search?q=love&year=1994&language=English,118,0,0
1782351912922,139,HTTP Request,200,OK,Year-Language Query 4-8,text,true,,271,159,10,70,http://localhost:8080/search?q=love&year=1994&language=English,138,0,0
1782351912888,184,HTTP Request,200,OK,Year-Language Query 4-9,text,true,,271,159,10,70,http://localhost:8080/search?q=love&year=1994&language=English,184,0,0
1782351912947,139,HTTP Request,200,OK,Year-Language Query 4-10,text,true,,271,159,10,70,http://localhost:8080/search?q=love&year=1994&language=English,139,0,0
1782351912942,163,HTTP Request,200,OK,Year-Language Query 4-7,text,true,,271,159,10,70,http://localhost:8080/search?q=love&year=1994&language=English,163,0,0
1782351913009,117,HTTP Request,200,OK,Year-Language Query 4-2,text,true,,271,159,10,70,http://localhost:8080/search?q=love&year=1994&language=English,117,0,0
1782351913031,95,HTTP Request,200,OK,Year-Language Query 4-3,text,true,,271,159,10,70,http://localhost:8080/search?q=love&year=1994&language=English,95,0,0
1782351913016,110,HTTP Request,200,OK,Year-Language Query 4-4,text,true,,271,159,10,70,http://localhost:8080/search?q=love&year=1994&language=English,110,0,0
1782351913032,94,HTTP Request,200,OK,Year-Language Query 4-5,text,true,,271,159,10,70,http://localhost:8080/search?q=love&year=1994&language=English,94,0,0
1782351913031,97,HTTP Request,200,OK,Year-Language Query 4-6,text,true,,271,159,10,70,http://localhost:8080/search?q=love&year=1994&language=English,97,0,0
1782351913035,98,HTTP Request,200,OK,Year-Language Query 4-1,text,true,,271,159,10,70,http://localhost:8080/search?q=love&year=1994&language=English,98,0,0
1782351913105,56,HTTP Request,200,OK,Year-Language Query 4-7,text,true,,271,159,10,70,http://localhost:8080/search?q=love&year=1994&language=English,56,0,0
1782351913061,102,HTTP Request,200,OK,Year-Language Query 4-8,text,true,,271,159,10,70,http://localhost:8080/search?q=love&year=1994&language=English,102,0,0
1782351913087,84,HTTP Request,200,OK,Year-Language Query 4-10,text,true,,271,159,10,70,http://localhost:8080/search?q=love&year=1994&language=English,84,0,0
1782351913072,100,HTTP Request,200,OK,Year-Language Query 4-9,text,true,,271,159,10,70,http://localhost:8080/search?q=love&year=1994&language=English,100,0,0
1782351913126,69,HTTP Request,200,OK,Year-Language Query 4-3,text,true,,271,159,10,70,http://localhost:8080/search?q=love&year=1994&language=English,69,0,0
1782351913126,81,HTTP Request,200,OK,Year-Language Query 4-2,text,true,,271,159,10,70,http://localhost:8080/search?q=love&year=1994&language=English,81,0,0
1782351913126,93,HTTP Request,200,OK,Year-Language Query 4-4,text,true,,271,159,10,70,http://localhost:8080/search?q=love&year=1994&language=English,93,0,0
1782351913129,118,HTTP Request,200,OK,Year-Language Query 4-6,text,true,,271,159,10,70,http://localhost:8080/search?q=love&year=1994&language=English,118,0,0
1782351913161,88,HTTP Request,200,OK,Year-Language Query 4-7,text,true,,271,159,10,70,http://localhost:8080/search?q=love&year=1994&language=English,88,0,0
1782351913133,121,HTTP Request,200,OK,Year-Language Query 4-1,text,true,,271,159,10,70,http://localhost:8080/search?q=love&year=1994&language=English,121,0,0
1782351913127,141,HTTP Request,200,OK,Year-Language Query 4-5,text,true,,271,159,10,70,http://localhost:8080/search?q=love&year=1994&language=English,141,0,0
1782351913172,98,HTTP Request,200,OK,Year-Language Query 4-10,text,true,,271,159,10,70,http://localhost:8080/search?q=love&year=1994&language=English,98,0,0
1782351913195,77,HTTP Request,200,OK,Year-Language Query 4-3,text,true,,271,159,10,70,http://localhost:8080/search?q=love&year=1994&language=English,77,0,0
1782351913219,53,HTTP Request,200,OK,Year-Language Query 4-4,text,true,,271,159,10,70,http://localhost:8080/search?q=love&year=1994&language=English,53,0,0
1782351913207,75,HTTP Request,200,OK,Year-Language Query 4-2,text,true,,271,159,10,70,http://localhost:8080/search?q=love&year=1994&language=English,75,0,0
1782351913163,120,HTTP Request,200,OK,Year-Language Query 4-8,text,true,,271,159,10,70,http://localhost:8080/search?q=love&year=1994&language=English,120,0,0
1782351913172,111,HTTP Request,200,OK,Year-Language Query 4-9,text,true,,271,159,10,70,http://localhost:8080/search?q=love&year=1994&language=English,111,0,0
1782351913247,57,HTTP Request,200,OK,Year-Language Query 4-6,text,true,,271,159,10,70,http://localhost:8080/search?q=love&year=1994&language=English,57,0,0
1782351913250,78,HTTP Request,200,OK,Year-Language Query 4-7,text,true,,271,159,10,70,http://localhost:8080/search?q=love&year=1994&language=English,78,0,0
1782351913268,70,HTTP Request,200,OK,Year-Language Query 4-5,text,true,,271,159,10,70,http://localhost:8080/search?q=love&year=1994&language=English,70,0,0
1782351913255,87,HTTP Request,200,OK,Year-Language Query 4-1,text,true,,271,159,10,70,http://localhost:8080/search?q=love&year=1994&language=English,87,0,0
1782351913282,66,HTTP Request,200,OK,Year-Language Query 4-2,text,true,,271,159,10,70,http://localhost:8080/search?q=love&year=1994&language=English,66,0,0
1782351913272,76,HTTP Request,200,OK,Year-Language Query 4-3,text,true,,271,159,10,70,http://localhost:8080/search?q=love&year=1994&language=English,76,0,0
1782351913305,55,HTTP Request,200,OK,Year-Language Query 4-6,text,true,,271,159,10,70,http://localhost:8080/search?q=love&year=1994&language=English,55,0,0
1782351913284,83,HTTP Request,200,OK,Year-Language Query 4-9,text,true,,271,159,10,70,http://localhost:8080/search?q=love&year=1994&language=English,83,0,0
1782351913271,105,HTTP Request,200,OK,Year-Language Query 4-10,text,true,,271,159,10,70,http://localhost:8080/search?q=love&year=1994&language=English,105,0,0
1782351913273,104,HTTP Request,200,OK,Year-Language Query 4-4,text,true,,271,159,10,70,http://localhost:8080/search?q=love&year=1994&language=English,104,0,0
1782351913283,94,HTTP Request,200,OK,Year-Language Query 4-8,text,true,,271,159,10,70,http://localhost:8080/search?q=love&year=1994&language=English,94,0,0
1782351913329,130,HTTP Request,200,OK,Year-Language Query 4-7,text,true,,271,159,10,70,http://localhost:8080/search?q=love&year=1994&language=English,130,0,0
1782351913348,124,HTTP Request,200,OK,Year-Language Query 4-2,text,true,,271,159,10,70,http://localhost:8080/search?q=love&year=1994&language=English,124,0,0
1782351913342,137,HTTP Request,200,OK,Year-Language Query 4-1,text,true,,271,159,10,70,http://localhost:8080/search?q=love&year=1994&language=English,137,0,0
1782351913348,133,HTTP Request,200,OK,Year-Language Query 4-3,text,true,,271,159,10,70,http://localhost:8080/search?q=love&year=1994&language=English,133,0,0
1782351913338,155,HTTP Request,200,OK,Year-Language Query 4-5,text,true,,271,159,10,70,http://localhost:8080/search?q=love&year=1994&language=English,155,0,0
1782351913360,160,HTTP Request,200,OK,Year-Language Query 4-6,text,true,,271,159,10,70,http://localhost:8080/search?q=love&year=1994&language=English,160,0,0
1782351913377,166,HTTP Request,200,OK,Year-Language Query 4-10,text,true,,271,159,10,70,http://localhost:8080/search?q=love&year=1994&language=English,166,0,0
1782351913367,176,HTTP Request,200,OK,Year-Language Query 4-9,text,true,,271,159,10,70,http://localhost:8080/search?q=love&year=1994&language=English,176,0,0
1782351913459,92,HTTP Request,200,OK,Year-Language Query 4-7,text,true,,271,159,10,70,http://localhost:8080/search?q=love&year=1994&language=English,92,0,0
1782351913480,82,HTTP Request,200,OK,Year-Language Query 4-1,text,true,,271,159,10,70,http://localhost:8080/search?q=love&year=1994&language=English,82,0,0
1782351913377,193,HTTP Request,200,OK,Year-Language Query 4-8,text,true,,271,159,10,70,http://localhost:8080/search?q=love&year=1994&language=English,193,0,0
1782351913472,99,HTTP Request,200,OK,Year-Language Query 4-2,text,true,,271,159,10,70,http://localhost:8080/search?q=love&year=1994&language=English,99,0,0
1782351913377,194,HTTP Request,200,OK,Year-Language Query 4-4,text,true,,271,159,10,70,http://localhost:8080/search?q=love&year=1994&language=English,194,0,0
1782351913494,90,HTTP Request,200,OK,Year-Language Query 4-5,text,true,,271,159,10,70,http://localhost:8080/search?q=love&year=1994&language=English,90,0,0
1782351913482,106,HTTP Request,200,OK,Year-Language Query 4-3,text,true,,271,159,10,70,http://localhost:8080/search?q=love&year=1994&language=English,106,0,0
1782351913520,82,HTTP Request,200,OK,Year-Language Query 4-6,text,true,,271,159,10,70,http://localhost:8080/search?q=love&year=1994&language=English,82,0,0
1782351913543,70,HTTP Request,200,OK,Year-Language Query 4-10,text,true,,271,159,10,70,http://localhost:8080/search?q=love&year=1994&language=English,70,0,0
1782351913543,83,HTTP Request,200,OK,Year-Language Query 4-9,text,true,,271,159,10,70,http://localhost:8080/search?q=love&year=1994&language=English,83,0,0
1782351913563,64,HTTP Request,200,OK,Year-Language Query 4-1,text,true,,271,159,10,70,http://localhost:8080/search?q=love&year=1994&language=English,64,0,0
1782351913551,76,HTTP Request,200,OK,Year-Language Query 4-7,text,true,,271,159,10,70,http://localhost:8080/search?q=love&year=1994&language=English,76,0,0
1782351913571,72,HTTP Request,200,OK,Year-Language Query 4-2,text,true,,271,159,10,70,http://localhost:8080/search?q=love&year=1994&language=English,72,0,0
1782351913571,72,HTTP Request,200,OK,Year-Language Query 4-4,text,true,,271,159,10,70,http://localhost:8080/search?q=love&year=1994&language=English,72,0,0
1782351913571,72,HTTP Request,200,OK,Year-Language Query 4-8,text,true,,271,159,10,70,http://localhost:8080/search?q=love&year=1994&language=English,72,0,0
1782351913588,62,HTTP Request,200,OK,Year-Language Query 4-3,text,true,,271,159,10,70,http://localhost:8080/search?q=love&year=1994&language=English,62,0,0
1782351913584,67,HTTP Request,200,OK,Year-Language Query 4-5,text,true,,271,159,10,70,http://localhost:8080/search?q=love&year=1994&language=English,67,0,0
1782351913602,101,HTTP Request,200,OK,Year-Language Query 4-6,text,true,,271,159,10,70,http://localhost:8080/search?q=love&year=1994&language=English,101,0,0
1782351913614,96,HTTP Request,200,OK,Year-Language Query 4-10,text,true,,271,159,10,70,http://localhost:8080/search?q=love&year=1994&language=English,96,0,0
1782351913627,107,HTTP Request,200,OK,Year-Language Query 4-1,text,true,,271,159,10,70,http://localhost:8080/search?q=love&year=1994&language=English,107,0,0
1782351913627,107,HTTP Request,200,OK,Year-Language Query 4-7,text,true,,271,159,10,70,http://localhost:8080/search?q=love&year=1994&language=English,107,0,0
1782351913626,108,HTTP Request,200,OK,Year-Language Query 4-9,text,true,,271,159,10,70,http://localhost:8080/search?q=love&year=1994&language=English,108,0,0
1782351913652,91,HTTP Request,200,OK,Year-Language Query 4-5,text,true,,271,159,10,70,http://localhost:8080/search?q=love&year=1994&language=English,91,0,0
1782351913643,107,HTTP Request,200,OK,Year-Language Query 4-2,text,true,,271,159,10,70,http://localhost:8080/search?q=love&year=1994&language=English,107,0,0
1782351913644,141,HTTP Request,200,OK,Year-Language Query 4-8,text,true,,271,159,10,70,http://localhost:8080/search?q=love&year=1994&language=English,141,0,0
1782351913703,107,HTTP Request,200,OK,Year-Language Query 4-6,text,true,,271,159,10,70,http://localhost:8080/search?q=love&year=1994&language=English,107,0,0
1782351913734,77,HTTP Request,200,OK,Year-Language Query 4-7,text,true,,271,159,10,70,http://localhost:8080/search?q=love&year=1994&language=English,77,0,0
1782351913643,169,HTTP Request,200,OK,Year-Language Query 4-4,text,true,,271,159,10,70,http://localhost:8080/search?q=love&year=1994&language=English,169,0,0
1782351913650,163,HTTP Request,200,OK,Year-Language Query 4-3,text,true,,271,159,10,70,http://localhost:8080/search?q=love&year=1994&language=English,163,0,0
1782351913710,103,HTTP Request,200,OK,Year-Language Query 4-10,text,true,,271,159,10,70,http://localhost:8080/search?q=love&year=1994&language=English,103,0,0
1782351913734,95,HTTP Request,200,OK,Year-Language Query 4-1,text,true,,271,159,10,70,http://localhost:8080/search?q=love&year=1994&language=English,95,0,0
1782351913734,139,HTTP Request,200,OK,Year-Language Query 4-9,text,true,,271,159,10,70,http://localhost:8080/search?q=love&year=1994&language=English,139,0,0
1782351913743,139,HTTP Request,200,OK,Year-Language Query 4-5,text,true,,271,159,10,70,http://localhost:8080/search?q=love&year=1994&language=English,139,0,0
1782351913750,134,HTTP Request,200,OK,Year-Language Query 4-2,text,true,,271,159,10,70,http://localhost:8080/search?q=love&year=1994&language=English,134,0,0
1782351913785,112,HTTP Request,200,OK,Year-Language Query 4-8,text,true,,271,159,10,70,http://localhost:8080/search?q=love&year=1994&language=English,112,0,0
1782351913810,89,HTTP Request,200,OK,Year-Language Query 4-6,text,true,,271,159,10,70,http://localhost:8080/search?q=love&year=1994&language=English,89,0,0
1782351913811,89,HTTP Request,200,OK,Year-Language Query 4-7,text,true,,271,159,10,70,http://localhost:8080/search?q=love&year=1994&language=English,89,0,0
1782351913830,88,HTTP Request,200,OK,Year-Language Query 4-1,text,true,,271,159,10,70,http://localhost:8080/search?q=love&year=1994&language=English,88,0,0
1782351913812,113,HTTP Request,200,OK,Year-Language Query 4-4,text,true,,271,159,10,70,http://localhost:8080/search?q=love&year=1994&language=English,113,0,0
1782351913813,115,HTTP Request,200,OK,Year-Language Query 4-3,text,true,,271,159,10,70,http://localhost:8080/search?q=love&year=1994&language=English,115,0,0
1782351913813,129,HTTP Request,200,OK,Year-Language Query 4-10,text,true,,271,159,10,70,http://localhost:8080/search?q=love&year=1994&language=English,129,0,0
1782351913874,75,HTTP Request,200,OK,Year-Language Query 4-9,text,true,,271,159,10,70,http://localhost:8080/search?q=love&year=1994&language=English,75,0,0
1782351913884,78,HTTP Request,200,OK,Year-Language Query 4-2,text,true,,271,159,10,70,http://localhost:8080/search?q=love&year=1994&language=English,78,0,0
1782351913882,90,HTTP Request,200,OK,Year-Language Query 4-5,text,true,,271,159,10,70,http://localhost:8080/search?q=love&year=1994&language=English,90,0,0
1782351913897,75,HTTP Request,200,OK,Year-Language Query 4-8,text,true,,271,159,10,70,http://localhost:8080/search?q=love&year=1994&language=English,75,0,0
1782351913900,89,HTTP Request,200,OK,Year-Language Query 4-6,text,true,,271,159,10,70,http://localhost:8080/search?q=love&year=1994&language=English,89,0,0
1782351913918,82,HTTP Request,200,OK,Year-Language Query 4-1,text,true,,271,159,10,70,http://localhost:8080/search?q=love&year=1994&language=English,82,0,0
1782351913925,75,HTTP Request,200,OK,Year-Language Query 4-4,text,true,,271,159,10,70,http://localhost:8080/search?q=love&year=1994&language=English,75,0,0
1782351913928,73,HTTP Request,200,OK,Year-Language Query 4-3,text,true,,271,159,10,70,http://localhost:8080/search?q=love&year=1994&language=English,73,0,0
1782351913900,111,HTTP Request,200,OK,Year-Language Query 4-7,text,true,,271,159,10,70,http://localhost:8080/search?q=love&year=1994&language=English,111,0,0
1782351913942,74,HTTP Request,200,OK,Year-Language Query 4-10,text,true,,271,159,10,70,http://localhost:8080/search?q=love&year=1994&language=English,74,0,0
1782351913990,74,HTTP Request,200,OK,Year-Language Query 4-6,text,true,,271,159,10,70,http://localhost:8080/search?q=love&year=1994&language=English,74,0,0
1782351913950,115,HTTP Request,200,OK,Year-Language Query 4-9,text,true,,271,159,10,70,http://localhost:8080/search?q=love&year=1994&language=English,115,0,0
1782351913962,105,HTTP Request,200,OK,Year-Language Query 4-2,text,true,,271,159,10,70,http://localhost:8080/search?q=love&year=1994&language=English,105,0,0
1782351913972,101,HTTP Request,200,OK,Year-Language Query 4-8,text,true,,271,159,10,70,http://localhost:8080/search?q=love&year=1994&language=English,101,0,0
1782351914001,88,HTTP Request,200,OK,Year-Language Query 4-3,text,true,,271,159,10,70,http://localhost:8080/search?q=love&year=1994&language=English,88,0,0
1782351914000,95,HTTP Request,200,OK,Year-Language Query 4-4,text,true,,271,159,10,70,http://localhost:8080/search?q=love&year=1994&language=English,95,0,0
1782351914017,93,HTTP Request,200,OK,Year-Language Query 4-10,text,true,,271,159,10,70,http://localhost:8080/search?q=love&year=1994&language=English,93,0,0
1782351914000,110,HTTP Request,200,OK,Year-Language Query 4-1,text,true,,271,159,10,70,http://localhost:8080/search?q=love&year=1994&language=English,110,0,0
1782351913972,172,HTTP Request,200,OK,Year-Language Query 4-5,text,true,,271,159,10,70,http://localhost:8080/search?q=love&year=1994&language=English,172,0,0
1782351914011,154,HTTP Request,200,OK,Year-Language Query 4-7,text,true,,271,159,10,70,http://localhost:8080/search?q=love&year=1994&language=English,154,0,0
1782351914067,109,HTTP Request,200,OK,Year-Language Query 4-2,text,true,,271,159,10,70,http://localhost:8080/search?q=love&year=1994&language=English,109,0,0
1782351914064,113,HTTP Request,200,OK,Year-Language Query 4-6,text,true,,271,159,10,70,http://localhost:8080/search?q=love&year=1994&language=English,113,0,0
1782351914111,80,HTTP Request,200,OK,Year-Language Query 4-1,text,true,,271,159,10,70,http://localhost:8080/search?q=love&year=1994&language=English,80,0,0
1782351914066,131,HTTP Request,200,OK,Year-Language Query 4-9,text,true,,271,159,10,70,http://localhost:8080/search?q=love&year=1994&language=English,131,0,0
1782351914095,108,HTTP Request,200,OK,Year-Language Query 4-4,text,true,,271,159,10,70,http://localhost:8080/search?q=love&year=1994&language=English,108,0,0
1782351914073,133,HTTP Request,200,OK,Year-Language Query 4-8,text,true,,271,159,10,70,http://localhost:8080/search?q=love&year=1994&language=English,133,0,0
1782351914089,119,HTTP Request,200,OK,Year-Language Query 4-3,text,true,,271,159,10,70,http://localhost:8080/search?q=love&year=1994&language=English,119,0,0
1782351914110,108,HTTP Request,200,OK,Year-Language Query 4-10,text,true,,271,159,10,70,http://localhost:8080/search?q=love&year=1994&language=English,108,0,0
1782351914165,102,HTTP Request,200,OK,Year-Language Query 4-7,text,true,,271,159,10,70,http://localhost:8080/search?q=love&year=1994&language=English,102,0,0
1782351914144,126,HTTP Request,200,OK,Year-Language Query 4-5,text,true,,271,159,10,70,http://localhost:8080/search?q=love&year=1994&language=English,126,0,0
1782351914176,94,HTTP Request,200,OK,Year-Language Query 4-2,text,true,,271,159,10,70,http://localhost:8080/search?q=love&year=1994&language=English,94,0,0
1782351914219,88,HTTP Request,200,OK,Year-Language Query 4-10,text,true,,271,159,10,70,http://localhost:8080/search?q=love&year=1994&language=English,88,0,0
1782351914207,100,HTTP Request,200,OK,Year-Language Query 4-8,text,true,,271,159,10,70,http://localhost:8080/search?q=love&year=1994&language=English,100,0,0
1782351914208,99,HTTP Request,200,OK,Year-Language Query 4-3,text,true,,271,159,10,70,http://localhost:8080/search?q=love&year=1994&language=English,99,0,0
1782351914177,131,HTTP Request,200,OK,Year-Language Query 4-6,text,true,,271,159,10,70,http://localhost:8080/search?q=love&year=1994&language=English,131,0,0
1782351914191,117,HTTP Request,200,OK,Year-Language Query 4-1,text,true,,271,159,10,70,http://localhost:8080/search?q=love&year=1994&language=English,117,0,0
1782351914203,111,HTTP Request,200,OK,Year-Language Query 4-4,text,true,,271,159,10,70,http://localhost:8080/search?q=love&year=1994&language=English,111,0,0
1782351914198,123,HTTP Request,200,OK,Year-Language Query 4-9,text,true,,271,159,10,70,http://localhost:8080/search?q=love&year=1994&language=English,123,0,0
1782351914268,80,HTTP Request,200,OK,Year-Language Query 4-7,text,true,,271,159,10,70,http://localhost:8080/search?q=love&year=1994&language=English,80,0,0
1782351914270,88,HTTP Request,200,OK,Year-Language Query 4-5,text,true,,271,159,10,70,http://localhost:8080/search?q=love&year=1994&language=English,88,0,0
1782351914270,97,HTTP Request,200,OK,Year-Language Query 4-2,text,true,,271,159,10,70,http://localhost:8080/search?q=love&year=1994&language=English,97,0,0
1782351914314,57,HTTP Request,200,OK,Year-Language Query 4-4,text,true,,271,159,10,70,http://localhost:8080/search?q=love&year=1994&language=English,57,0,0
1782351914321,70,HTTP Request,200,OK,Year-Language Query 4-9,text,true,,271,159,10,70,http://localhost:8080/search?q=love&year=1994&language=English,70,0,0
1782351914308,94,HTTP Request,200,OK,Year-Language Query 4-6,text,true,,271,159,10,70,http://localhost:8080/search?q=love&year=1994&language=English,94,0,0
1782351914309,109,HTTP Request,200,OK,Year-Language Query 4-1,text,true,,271,159,10,70,http://localhost:8080/search?q=love&year=1994&language=English,109,0,0
1782351914307,111,HTTP Request,200,OK,Year-Language Query 4-10,text,true,,271,159,10,70,http://localhost:8080/search?q=love&year=1994&language=English,111,0,0
1782351914308,112,HTTP Request,200,OK,Year-Language Query 4-3,text,true,,271,159,10,70,http://localhost:8080/search?q=love&year=1994&language=English,112,0,0
1782351914307,113,HTTP Request,200,OK,Year-Language Query 4-8,text,true,,271,159,10,70,http://localhost:8080/search?q=love&year=1994&language=English,113,0,0
1782351914348,108,HTTP Request,200,OK,Year-Language Query 4-7,text,true,,271,159,10,70,http://localhost:8080/search?q=love&year=1994&language=English,108,0,0
1782351914367,89,HTTP Request,200,OK,Year-Language Query 4-2,text,true,,271,159,10,70,http://localhost:8080/search?q=love&year=1994&language=English,89,0,0
1782351914359,100,HTTP Request,200,OK,Year-Language Query 4-5,text,true,,271,159,10,70,http://localhost:8080/search?q=love&year=1994&language=English,100,0,0
1782351914372,92,HTTP Request,200,OK,Year-Language Query 4-4,text,true,,271,159,10,70,http://localhost:8080/search?q=love&year=1994&language=English,92,0,0
1782351914402,74,HTTP Request,200,OK,Year-Language Query 4-6,text,true,,271,159,10,70,http://localhost:8080/search?q=love&year=1994&language=English,74,0,0
1782351914391,95,HTTP Request,200,OK,Year-Language Query 4-9,text,true,,271,159,10,70,http://localhost:8080/search?q=love&year=1994&language=English,95,0,0
1782351914418,95,HTTP Request,200,OK,Year-Language Query 4-10,text,true,,271,159,10,70,http://localhost:8080/search?q=love&year=1994&language=English,95,0,0
1782351914421,93,HTTP Request,200,OK,Year-Language Query 4-8,text,true,,271,159,10,70,http://localhost:8080/search?q=love&year=1994&language=English,93,0,0
1782351914421,94,HTTP Request,200,OK,Year-Language Query 4-3,text,true,,271,159,10,70,http://localhost:8080/search?q=love&year=1994&language=English,94,0,0
1782351914418,98,HTTP Request,200,OK,Year-Language Query 4-1,text,true,,271,159,10,70,http://localhost:8080/search?q=love&year=1994&language=English,98,0,0
1782351914476,77,HTTP Request,200,OK,Year-Language Query 4-6,text,true,,271,159,10,70,http://localhost:8080/search?q=love&year=1994&language=English,77,0,0
1782351914457,96,HTTP Request,200,OK,Year-Language Query 4-2,text,true,,271,159,10,70,http://localhost:8080/search?q=love&year=1994&language=English,96,0,0
1782351914456,98,HTTP Request,200,OK,Year-Language Query 4-7,text,true,,271,159,10,70,http://localhost:8080/search?q=love&year=1994&language=English,98,0,0
1782351914459,97,HTTP Request,200,OK,Year-Language Query 4-5,text,true,,271,159,10,70,http://localhost:8080/search?q=love&year=1994&language=English,97,0,0
1782351914486,94,HTTP Request,200,OK,Year-Language Query 4-9,text,true,,271,159,10,70,http://localhost:8080/search?q=love&year=1994&language=English,94,0,0
1782351914465,124,HTTP Request,200,OK,Year-Language Query 4-4,text,true,,271,159,10,70,http://localhost:8080/search?q=love&year=1994&language=English,124,0,0
1782351914515,90,HTTP Request,200,OK,Year-Language Query 4-8,text,true,,271,159,10,70,http://localhost:8080/search?q=love&year=1994&language=English,90,0,0
1782351914556,61,HTTP Request,200,OK,Year-Language Query 4-5,text,true,,271,159,10,70,http://localhost:8080/search?q=love&year=1994&language=English,61,0,0
1782351914554,71,HTTP Request,200,OK,Year-Language Query 4-6,text,true,,271,159,10,70,http://localhost:8080/search?q=love&year=1994&language=English,71,0,0
1782351914555,71,HTTP Request,200,OK,Year-Language Query 4-7,text,true,,271,159,10,70,http://localhost:8080/search?q=love&year=1994&language=English,71,0,0
1782351914513,134,HTTP Request,200,OK,Year-Language Query 4-10,text,true,,271,159,10,70,http://localhost:8080/search?q=love&year=1994&language=English,134,0,0
1782351914517,134,HTTP Request,200,OK,Year-Language Query 4-1,text,true,,271,159,10,70,http://localhost:8080/search?q=love&year=1994&language=English,134,0,0
1782351914554,97,HTTP Request,200,OK,Year-Language Query 4-2,text,true,,271,159,10,70,http://localhost:8080/search?q=love&year=1994&language=English,97,0,0
1782351914589,66,HTTP Request,200,OK,Year-Language Query 4-4,text,true,,271,159,10,70,http://localhost:8080/search?q=love&year=1994&language=English,66,0,0
1782351914515,144,HTTP Request,200,OK,Year-Language Query 4-3,text,true,,271,159,10,70,http://localhost:8080/search?q=love&year=1994&language=English,144,0,0
1782351914581,87,HTTP Request,200,OK,Year-Language Query 4-9,text,true,,271,159,10,70,http://localhost:8080/search?q=love&year=1994&language=English,87,0,0
1782351914618,57,HTTP Request,200,OK,Year-Language Query 4-5,text,true,,271,159,10,70,http://localhost:8080/search?q=love&year=1994&language=English,57,0,0
1782351914606,75,HTTP Request,200,OK,Year-Language Query 4-8,text,true,,271,159,10,70,http://localhost:8080/search?q=love&year=1994&language=English,75,0,0
1782351914626,67,HTTP Request,200,OK,Year-Language Query 4-7,text,true,,271,159,10,70,http://localhost:8080/search?q=love&year=1994&language=English,67,0,0
1782351914625,94,HTTP Request,200,OK,Year-Language Query 4-6,text,true,,271,159,10,70,http://localhost:8080/search?q=love&year=1994&language=English,94,0,0
1782351914659,70,HTTP Request,200,OK,Year-Language Query 4-3,text,true,,271,159,10,70,http://localhost:8080/search?q=love&year=1994&language=English,70,0,0
1782351914648,85,HTTP Request,200,OK,Year-Language Query 4-10,text,true,,271,159,10,70,http://localhost:8080/search?q=love&year=1994&language=English,85,0,0
1782351914655,80,HTTP Request,200,OK,Year-Language Query 4-4,text,true,,271,159,10,70,http://localhost:8080/search?q=love&year=1994&language=English,80,0,0
1782351914651,84,HTTP Request,200,OK,Year-Language Query 4-2,text,true,,271,159,10,70,http://localhost:8080/search?q=love&year=1994&language=English,84,0,0
1782351914651,87,HTTP Request,200,OK,Year-Language Query 4-1,text,true,,271,159,10,70,http://localhost:8080/search?q=love&year=1994&language=English,87,0,0
1782351914694,57,HTTP Request,200,OK,Year-Language Query 4-7,text,true,,271,159,10,70,http://localhost:8080/search?q=love&year=1994&language=English,57,0,0
1782351914668,89,HTTP Request,200,OK,Year-Language Query 4-9,text,true,,271,159,10,70,http://localhost:8080/search?q=love&year=1994&language=English,89,0,0
1782351914675,95,HTTP Request,200,OK,Year-Language Query 4-5,text,true,,271,159,10,70,http://localhost:8080/search?q=love&year=1994&language=English,95,0,0
1782351914681,96,HTTP Request,200,OK,Year-Language Query 4-8,text,true,,271,159,10,70,http://localhost:8080/search?q=love&year=1994&language=English,96,0,0
1782351914734,85,HTTP Request,200,OK,Year-Language Query 4-10,text,true,,271,159,10,70,http://localhost:8080/search?q=love&year=1994&language=English,85,0,0
1782351914736,83,HTTP Request,200,OK,Year-Language Query 4-4,text,true,,271,159,10,70,http://localhost:8080/search?q=love&year=1994&language=English,83,0,0
1782351914751,79,HTTP Request,200,OK,Year-Language Query 4-7,text,true,,271,159,10,70,http://localhost:8080/search?q=love&year=1994&language=English,79,0,0
1782351914719,112,HTTP Request,200,OK,Year-Language Query 4-6,text,true,,271,159,10,70,http://localhost:8080/search?q=love&year=1994&language=English,112,0,0
1782351914739,95,HTTP Request,200,OK,Year-Language Query 4-1,text,true,,271,159,10,70,http://localhost:8080/search?q=love&year=1994&language=English,95,0,0
1782351914729,107,HTTP Request,200,OK,Year-Language Query 4-3,text,true,,271,159,10,70,http://localhost:8080/search?q=love&year=1994&language=English,107,0,0
1782351914736,101,HTTP Request,200,OK,Year-Language Query 4-2,text,true,,271,159,10,70,http://localhost:8080/search?q=love&year=1994&language=English,101,0,0
1782351914757,81,HTTP Request,200,OK,Year-Language Query 4-9,text,true,,271,159,10,70,http://localhost:8080/search?q=love&year=1994&language=English,81,0,0
1782351914770,73,HTTP Request,200,OK,Year-Language Query 4-5,text,true,,271,159,10,70,http://localhost:8080/search?q=love&year=1994&language=English,73,0,0
1782351914777,107,HTTP Request,200,OK,Year-Language Query 4-8,text,true,,271,159,10,70,http://localhost:8080/search?q=love&year=1994&language=English,107,0,0
1782351914819,110,HTTP Request,200,OK,Year-Language Query 4-10,text,true,,271,159,10,70,http://localhost:8080/search?q=love&year=1994&language=English,110,0,0
1782351914831,98,HTTP Request,200,OK,Year-Language Query 4-6,text,true,,271,159,10,70,http://localhost:8080/search?q=love&year=1994&language=English,98,0,0
1782351914819,110,HTTP Request,200,OK,Year-Language Query 4-4,text,true,,271,159,10,70,http://localhost:8080/search?q=love&year=1994&language=English,110,0,0
1782351914843,93,HTTP Request,200,OK,Year-Language Query 4-5,text,true,,271,159,10,70,http://localhost:8080/search?q=love&year=1994&language=English,93,0,0
1782351914838,101,HTTP Request,200,OK,Year-Language Query 4-9,text,true,,271,159,10,70,http://localhost:8080/search?q=love&year=1994&language=English,101,0,0
1782351914837,105,HTTP Request,200,OK,Year-Language Query 4-2,text,true,,271,159,10,70,http://localhost:8080/search?q=love&year=1994&language=English,105,0,0
1782351914836,116,HTTP Request,200,OK,Year-Language Query 4-3,text,true,,271,159,10,70,http://localhost:8080/search?q=love&year=1994&language=English,116,0,0
1782351914831,124,HTTP Request,200,OK,Year-Language Query 4-7,text,true,,271,159,10,70,http://localhost:8080/search?q=love&year=1994&language=English,124,0,0
1782351914834,124,HTTP Request,200,OK,Year-Language Query 4-1,text,true,,271,159,10,70,http://localhost:8080/search?q=love&year=1994&language=English,124,0,0
1782351914885,101,HTTP Request,200,OK,Year-Language Query 4-8,text,true,,271,159,10,70,http://localhost:8080/search?q=love&year=1994&language=English,101,0,0
1782351914936,66,HTTP Request,200,OK,Year-Language Query 4-5,text,true,,271,159,10,70,http://localhost:8080/search?q=love&year=1994&language=English,66,0,0
1782351914929,85,HTTP Request,200,OK,Year-Language Query 4-10,text,true,,271,159,10,70,http://localhost:8080/search?q=love&year=1994&language=English,85,0,0
1782351914939,81,HTTP Request,200,OK,Year-Language Query 4-9,text,true,,271,159,10,70,http://localhost:8080/search?q=love&year=1994&language=English,80,0,0
1782351914929,97,HTTP Request,200,OK,Year-Language Query 4-4,text,true,,271,159,10,70,http://localhost:8080/search?q=love&year=1994&language=English,97,0,0
1782351914943,87,HTTP Request,200,OK,Year-Language Query 4-2,text,true,,271,159,10,70,http://localhost:8080/search?q=love&year=1994&language=English,87,0,0
1782351914929,102,HTTP Request,200,OK,Year-Language Query 4-6,text,true,,271,159,10,70,http://localhost:8080/search?q=love&year=1994&language=English,102,0,0
1782351914952,114,HTTP Request,200,OK,Year-Language Query 4-3,text,true,,271,159,10,70,http://localhost:8080/search?q=love&year=1994&language=English,114,0,0
1782351915002,64,HTTP Request,200,OK,Year-Language Query 4-5,text,true,,271,159,10,70,http://localhost:8080/search?q=love&year=1994&language=English,64,0,0
1782351914956,114,HTTP Request,200,OK,Year-Language Query 4-7,text,true,,271,159,10,70,http://localhost:8080/search?q=love&year=1994&language=English,114,0,0
1782351915015,65,HTTP Request,200,OK,Year-Language Query 4-10,text,true,,271,159,10,70,http://localhost:8080/search?q=love&year=1994&language=English,65,0,0
1782351915020,60,HTTP Request,200,OK,Year-Language Query 4-9,text,true,,271,159,10,70,http://localhost:8080/search?q=love&year=1994&language=English,60,0,0
1782351914986,96,HTTP Request,200,OK,Year-Language Query 4-8,text,true,,271,159,10,70,http://localhost:8080/search?q=love&year=1994&language=English,96,0,0
1782351914958,126,HTTP Request,200,OK,Year-Language Query 4-1,text,true,,271,159,10,70,http://localhost:8080/search?q=love&year=1994&language=English,126,0,0
1782351915026,86,HTTP Request,200,OK,Year-Language Query 4-4,text,true,,271,159,10,70,http://localhost:8080/search?q=love&year=1994&language=English,86,0,0
1782351915030,96,HTTP Request,200,OK,Year-Language Query 4-2,text,true,,271,159,10,70,http://localhost:8080/search?q=love&year=1994&language=English,96,0,0
1782351915031,99,HTTP Request,200,OK,Year-Language Query 4-6,text,true,,271,159,10,70,http://localhost:8080/search?q=love&year=1994&language=English,99,0,0
1782351915067,78,HTTP Request,200,OK,Year-Language Query 4-3,text,true,,271,159,10,70,http://localhost:8080/search?q=love&year=1994&language=English,78,0,0
1782351915070,75,HTTP Request,200,OK,Year-Language Query 4-7,text,true,,271,159,10,70,http://localhost:8080/search?q=love&year=1994&language=English,75,0,0
1782351915082,80,HTTP Request,200,OK,Year-Language Query 4-8,text,true,,271,159,10,70,http://localhost:8080/search?q=love&year=1994&language=English,80,0,0
1782351915069,93,HTTP Request,200,OK,Year-Language Query 4-5,text,true,,271,159,10,70,http://localhost:8080/search?q=love&year=1994&language=English,93,0,0
1782351915080,96,HTTP Request,200,OK,Year-Language Query 4-10,text,true,,271,159,10,70,http://localhost:8080/search?q=love&year=1994&language=English,96,0,0
1782351915084,102,HTTP Request,200,OK,Year-Language Query 4-1,text,true,,271,159,10,70,http://localhost:8080/search?q=love&year=1994&language=English,102,0,0
1782351915112,95,HTTP Request,200,OK,Year-Language Query 4-4,text,true,,271,159,10,70,http://localhost:8080/search?q=love&year=1994&language=English,95,0,0
1782351915080,151,HTTP Request,200,OK,Year-Language Query 4-9,text,true,,271,159,10,70,http://localhost:8080/search?q=love&year=1994&language=English,151,0,0
1782351915162,69,HTTP Request,200,OK,Year-Language Query 4-8,text,true,,271,159,10,70,http://localhost:8080/search?q=love&year=1994&language=English,69,0,0
1782351915131,124,HTTP Request,200,OK,Year-Language Query 4-6,text,true,,271,159,10,70,http://localhost:8080/search?q=love&year=1994&language=English,124,0,0
1782351915177,78,HTTP Request,200,OK,Year-Language Query 4-10,text,true,,271,159,10,70,http://localhost:8080/search?q=love&year=1994&language=English,78,0,0
1782351915163,102,HTTP Request,200,OK,Year-Language Query 4-5,text,true,,271,159,10,70,http://localhost:8080/search?q=love&year=1994&language=English,102,0,0
1782351915145,125,HTTP Request,200,OK,Year-Language Query 4-3,text,true,,271,159,10,70,http://localhost:8080/search?q=love&year=1994&language=English,125,0,0
1782351915126,151,HTTP Request,200,OK,Year-Language Query 4-2,text,true,,271,159,10,70,http://localhost:8080/search?q=love&year=1994&language=English,151,0,0
1782351915186,102,HTTP Request,200,OK,Year-Language Query 4-1,text,true,,271,159,10,70,http://localhost:8080/search?q=love&year=1994&language=English,102,0,0
1782351915207,81,HTTP Request,200,OK,Year-Language Query 4-4,text,true,,271,159,10,70,http://localhost:8080/search?q=love&year=1994&language=English,81,0,0
1782351915145,148,HTTP Request,200,OK,Year-Language Query 4-7,text,true,,271,159,10,70,http://localhost:8080/search?q=love&year=1994&language=English,148,0,0
1782351915270,70,HTTP Request,200,OK,Year-Language Query 4-3,text,true,,271,159,10,70,http://localhost:8080/search?q=love&year=1994&language=English,70,0,0
1782351915231,113,HTTP Request,200,OK,Year-Language Query 4-8,text,true,,271,159,10,70,http://localhost:8080/search?q=love&year=1994&language=English,113,0,0
1782351915255,90,HTTP Request,200,OK,Year-Language Query 4-10,text,true,,271,159,10,70,http://localhost:8080/search?q=love&year=1994&language=English,90,0,0
1782351915255,93,HTTP Request,200,OK,Year-Language Query 4-6,text,true,,271,159,10,70,http://localhost:8080/search?q=love&year=1994&language=English,93,0,0
1782351915278,83,HTTP Request,200,OK,Year-Language Query 4-2,text,true,,271,159,10,70,http://localhost:8080/search?q=love&year=1994&language=English,83,0,0
1782351915231,145,HTTP Request,200,OK,Year-Language Query 4-9,text,true,,271,159,10,70,http://localhost:8080/search?q=love&year=1994&language=English,145,0,0
1782351915265,118,HTTP Request,200,OK,Year-Language Query 4-5,text,true,,271,159,10,70,http://localhost:8080/search?q=love&year=1994&language=English,118,0,0
1782351915293,101,HTTP Request,200,OK,Year-Language Query 4-7,text,true,,271,159,10,70,http://localhost:8080/search?q=love&year=1994&language=English,101,0,0
1782351915288,109,HTTP Request,200,OK,Year-Language Query 4-4,text,true,,271,159,10,70,http://localhost:8080/search?q=love&year=1994&language=English,109,0,0
1782351915344,80,HTTP Request,200,OK,Year-Language Query 4-8,text,true,,271,159,10,70,http://localhost:8080/search?q=love&year=1994&language=English,80,0,0
1782351915288,136,HTTP Request,200,OK,Year-Language Query 4-1,text,true,,271,159,10,70,http://localhost:8080/search?q=love&year=1994&language=English,136,0,0
1782351915349,77,HTTP Request,200,OK,Year-Language Query 4-6,text,true,,271,159,10,70,http://localhost:8080/search?q=love&year=1994&language=English,77,0,0
1782351915345,104,HTTP Request,200,OK,Year-Language Query 4-10,text,true,,271,159,10,70,http://localhost:8080/search?q=love&year=1994&language=English,104,0,0
1782351915361,95,HTTP Request,200,OK,Year-Language Query 4-2,text,true,,271,159,10,70,http://localhost:8080/search?q=love&year=1994&language=English,95,0,0
1782351915340,117,HTTP Request,200,OK,Year-Language Query 4-3,text,true,,271,159,10,70,http://localhost:8080/search?q=love&year=1994&language=English,117,0,0
1782351915395,87,HTTP Request,200,OK,Year-Language Query 4-7,text,true,,271,159,10,70,http://localhost:8080/search?q=love&year=1994&language=English,87,0,0
1782351915376,117,HTTP Request,200,OK,Year-Language Query 4-9,text,true,,271,159,10,70,http://localhost:8080/search?q=love&year=1994&language=English,117,0,0
1782351915383,113,HTTP Request,200,OK,Year-Language Query 4-5,text,true,,271,159,10,70,http://localhost:8080/search?q=love&year=1994&language=English,113,0,0
1782351915398,112,HTTP Request,200,OK,Year-Language Query 4-4,text,true,,271,159,10,70,http://localhost:8080/search?q=love&year=1994&language=English,112,0,0
1782351915424,98,HTTP Request,200,OK,Year-Language Query 4-1,text,true,,271,159,10,70,http://localhost:8080/search?q=love&year=1994&language=English,98,0,0
1782351915426,97,HTTP Request,200,OK,Year-Language Query 4-6,text,true,,271,159,10,70,http://localhost:8080/search?q=love&year=1994&language=English,97,0,0
1782351915424,99,HTTP Request,200,OK,Year-Language Query 4-8,text,true,,271,159,10,70,http://localhost:8080/search?q=love&year=1994&language=English,99,0,0
1782351915458,89,HTTP Request,200,OK,Year-Language Query 4-3,text,true,,271,159,10,70,http://localhost:8080/search?q=love&year=1994&language=English,89,0,0
1782351915456,92,HTTP Request,200,OK,Year-Language Query 4-2,text,true,,271,159,10,70,http://localhost:8080/search?q=love&year=1994&language=English,92,0,0
1782351915449,100,HTTP Request,200,OK,Year-Language Query 4-10,text,true,,271,159,10,70,http://localhost:8080/search?q=love&year=1994&language=English,100,0,0
1782351915482,107,HTTP Request,200,OK,Year-Language Query 4-7,text,true,,271,159,10,70,http://localhost:8080/search?q=love&year=1994&language=English,107,0,0
1782351915496,109,HTTP Request,200,OK,Year-Language Query 4-5,text,true,,271,159,10,70,http://localhost:8080/search?q=love&year=1994&language=English,109,0,0
1782351915494,116,HTTP Request,200,OK,Year-Language Query 4-9,text,true,,271,159,10,70,http://localhost:8080/search?q=love&year=1994&language=English,116,0,0
1782351915510,102,HTTP Request,200,OK,Year-Language Query 4-4,text,true,,271,159,10,70,http://localhost:8080/search?q=love&year=1994&language=English,102,0,0
1782351915523,112,HTTP Request,200,OK,Year-Language Query 4-6,text,true,,271,159,10,70,http://localhost:8080/search?q=love&year=1994&language=English,112,0,0
1782351915523,113,HTTP Request,200,OK,Year-Language Query 4-8,text,true,,271,159,10,70,http://localhost:8080/search?q=love&year=1994&language=English,113,0,0
1782351915549,94,HTTP Request,200,OK,Year-Language Query 4-10,text,true,,271,159,10,70,http://localhost:8080/search?q=love&year=1994&language=English,94,0,0
1782351915523,120,HTTP Request,200,OK,Year-Language Query 4-1,text,true,,271,159,10,70,http://localhost:8080/search?q=love&year=1994&language=English,120,0,0
1782351915547,96,HTTP Request,200,OK,Year-Language Query 4-3,text,true,,271,159,10,70,http://localhost:8080/search?q=love&year=1994&language=English,96,0,0
1782351915589,100,HTTP Request,200,OK,Year-Language Query 4-7,text,true,,271,159,10,70,http://localhost:8080/search?q=love&year=1994&language=English,100,0,0
1782351915549,144,HTTP Request,200,OK,Year-Language Query 4-2,text,true,,271,159,10,70,http://localhost:8080/search?q=love&year=1994&language=English,144,0,0
1782351915611,90,HTTP Request,200,OK,Year-Language Query 4-9,text,true,,271,159,10,70,http://localhost:8080/search?q=love&year=1994&language=English,90,0,0
1782351915612,99,HTTP Request,200,OK,Year-Language Query 4-4,text,true,,271,159,10,70,http://localhost:8080/search?q=love&year=1994&language=English,99,0,0
1782351915605,125,HTTP Request,200,OK,Year-Language Query 4-5,text,true,,271,159,10,70,http://localhost:8080/search?q=love&year=1994&language=English,125,0,0
1782351915643,88,HTTP Request,200,OK,Year-Language Query 4-1,text,true,,271,159,10,70,http://localhost:8080/search?q=love&year=1994&language=English,88,0,0
1782351915643,96,HTTP Request,200,OK,Year-Language Query 4-10,text,true,,271,159,10,70,http://localhost:8080/search?q=love&year=1994&language=English,96,0,0
1782351915644,96,HTTP Request,200,OK,Year-Language Query 4-3,text,true,,271,159,10,70,http://localhost:8080/search?q=love&year=1994&language=English,96,0,0
1782351915636,108,HTTP Request,200,OK,Year-Language Query 4-8,text,true,,271,159,10,70,http://localhost:8080/search?q=love&year=1994&language=English,108,0,0
1782351915636,125,HTTP Request,200,OK,Year-Language Query 4-6,text,true,,271,159,10,70,http://localhost:8080/search?q=love&year=1994&language=English,125,0,0
1782351915689,72,HTTP Request,200,OK,Year-Language Query 4-7,text,true,,271,159,10,70,http://localhost:8080/search?q=love&year=1994&language=English,72,0,0
1782351915694,79,HTTP Request,200,OK,Year-Language Query 4-2,text,true,,271,159,10,70,http://localhost:8080/search?q=love&year=1994&language=English,79,0,0
1782351915701,82,HTTP Request,200,OK,Year-Language Query 4-9,text,true,,271,159,10,70,http://localhost:8080/search?q=love&year=1994&language=English,82,0,0
1782351915740,77,HTTP Request,200,OK,Year-Language Query 4-3,text,true,,271,159,10,70,http://localhost:8080/search?q=love&year=1994&language=English,77,0,0
1782351915761,59,HTTP Request,200,OK,Year-Language Query 4-6,text,true,,271,159,10,70,http://localhost:8080/search?q=love&year=1994&language=English,59,0,0
1782351915731,96,HTTP Request,200,OK,Year-Language Query 4-1,text,true,,271,159,10,70,http://localhost:8080/search?q=love&year=1994&language=English,96,0,0
1782351915761,73,HTTP Request,200,OK,Year-Language Query 4-7,text,true,,271,159,10,70,http://localhost:8080/search?q=love&year=1994&language=English,73,0,0
1782351915730,105,HTTP Request,200,OK,Year-Language Query 4-5,text,true,,271,159,10,70,http://localhost:8080/search?q=love&year=1994&language=English,105,0,0
1782351915740,95,HTTP Request,200,OK,Year-Language Query 4-10,text,true,,271,159,10,70,http://localhost:8080/search?q=love&year=1994&language=English,95,0,0
1782351915783,63,HTTP Request,200,OK,Year-Language Query 4-9,text,true,,271,159,10,70,http://localhost:8080/search?q=love&year=1994&language=English,63,0,0
1782351915744,104,HTTP Request,200,OK,Year-Language Query 4-8,text,true,,271,159,10,70,http://localhost:8080/search?q=love&year=1994&language=English,104,0,0
1782351915711,137,HTTP Request,200,OK,Year-Language Query 4-4,text,true,,271,159,10,70,http://localhost:8080/search?q=love&year=1994&language=English,137,0,0
1782351915774,165,HTTP Request,200,OK,Year-Language Query 4-2,text,true,,271,159,10,70,http://localhost:8080/search?q=love&year=1994&language=English,165,0,0
1782351915846,115,HTTP Request,200,OK,Year-Language Query 4-9,text,true,,271,159,10,70,http://localhost:8080/search?q=love&year=1994&language=English,115,0,0
1782351915827,134,HTTP Request,200,OK,Year-Language Query 4-1,text,true,,271,159,10,70,http://localhost:8080/search?q=love&year=1994&language=English,134,0,0
1782351915848,117,HTTP Request,200,OK,Year-Language Query 4-4,text,true,,271,159,10,70,http://localhost:8080/search?q=love&year=1994&language=English,117,0,0
1782351915835,135,HTTP Request,200,OK,Year-Language Query 4-7,text,true,,271,159,10,70,http://localhost:8080/search?q=love&year=1994&language=English,135,0,0
1782351915848,122,HTTP Request,200,OK,Year-Language Query 4-8,text,true,,271,159,10,70,http://localhost:8080/search?q=love&year=1994&language=English,122,0,0
1782351915821,150,HTTP Request,200,OK,Year-Language Query 4-6,text,true,,271,159,10,70,http://localhost:8080/search?q=love&year=1994&language=English,150,0,0
1782351915817,154,HTTP Request,200,OK,Year-Language Query 4-3,text,true,,271,159,10,70,http://localhost:8080/search?q=love&year=1994&language=English,154,0,0
1782351915835,144,HTTP Request,200,OK,Year-Language Query 4-5,text,true,,271,159,10,70,http://localhost:8080/search?q=love&year=1994&language=English,144,0,0
1782351915836,156,HTTP Request,200,OK,Year-Language Query 4-10,text,true,,271,159,10,70,http://localhost:8080/search?q=love&year=1994&language=English,156,0,0
1782351915940,130,HTTP Request,200,OK,Year-Language Query 4-2,text,true,,271,159,10,70,http://localhost:8080/search?q=love&year=1994&language=English,130,0,0
1782351915961,114,HTTP Request,200,OK,Year-Language Query 4-9,text,true,,271,159,10,70,http://localhost:8080/search?q=love&year=1994&language=English,114,0,0
1782351915971,113,HTTP Request,200,OK,Year-Language Query 4-3,text,true,,271,159,10,70,http://localhost:8080/search?q=love&year=1994&language=English,113,0,0
1782351915965,127,HTTP Request,200,OK,Year-Language Query 4-4,text,true,,271,159,10,70,http://localhost:8080/search?q=love&year=1994&language=English,127,0,0
1782351915970,130,HTTP Request,200,OK,Year-Language Query 4-7,text,true,,271,159,10,70,http://localhost:8080/search?q=love&year=1994&language=English,130,0,0
1782351915961,139,HTTP Request,200,OK,Year-Language Query 4-1,text,true,,271,159,10,70,http://localhost:8080/search?q=love&year=1994&language=English,139,0,0
1782351915970,130,HTTP Request,200,OK,Year-Language Query 4-8,text,true,,271,159,10,70,http://localhost:8080/search?q=love&year=1994&language=English,130,0,0
1782351915971,143,HTTP Request,200,OK,Year-Language Query 4-6,text,true,,271,159,10,70,http://localhost:8080/search?q=love&year=1994&language=English,143,0,0
1782351915993,131,HTTP Request,200,OK,Year-Language Query 4-10,text,true,,271,159,10,70,http://localhost:8080/search?q=love&year=1994&language=English,131,0,0
1782351915979,146,HTTP Request,200,OK,Year-Language Query 4-5,text,true,,271,159,10,70,http://localhost:8080/search?q=love&year=1994&language=English,146,0,0
1782351916070,67,HTTP Request,200,OK,Year-Language Query 4-2,text,true,,271,159,10,70,http://localhost:8080/search?q=love&year=1994&language=English,67,0,0
1782351916076,105,HTTP Request,200,OK,Year-Language Query 4-9,text,true,,271,159,10,70,http://localhost:8080/search?q=love&year=1994&language=English,105,0,0
1782351916084,98,HTTP Request,200,OK,Year-Language Query 4-3,text,true,,271,159,10,70,http://localhost:8080/search?q=love&year=1994&language=English,98,0,0
1782351916100,114,HTTP Request,200,OK,Year-Language Query 4-8,text,true,,271,159,10,70,http://localhost:8080/search?q=love&year=1994&language=English,114,0,0
1782351916092,133,HTTP Request,200,OK,Year-Language Query 4-4,text,true,,271,159,10,70,http://localhost:8080/search?q=love&year=1994&language=English,133,0,0
1782351916100,159,HTTP Request,200,OK,Year-Language Query 4-1,text,true,,271,159,10,70,http://localhost:8080/search?q=love&year=1994&language=English,159,0,0
1782351916114,147,HTTP Request,200,OK,Year-Language Query 4-6,text,true,,271,159,10,70,http://localhost:8080/search?q=love&year=1994&language=English,147,0,0
1782351916137,126,HTTP Request,200,OK,Year-Language Query 4-2,text,true,,271,159,10,70,http://localhost:8080/search?q=love&year=1994&language=English,126,0,0
1782351916124,141,HTTP Request,200,OK,Year-Language Query 4-10,text,true,,271,159,10,70,http://localhost:8080/search?q=love&year=1994&language=English,141,0,0
1782351916181,113,HTTP Request,200,OK,Year-Language Query 4-9,text,true,,271,159,10,70,http://localhost:8080/search?q=love&year=1994&language=English,113,0,0
1782351916182,144,HTTP Request,200,OK,Year-Language Query 4-3,text,true,,271,159,10,70,http://localhost:8080/search?q=love&year=1994&language=English,144,0,0
1782351916125,202,HTTP Request,200,OK,Year-Language Query 4-5,text,true,,271,159,10,70,http://localhost:8080/search?q=love&year=1994&language=English,202,0,0
1782351916100,238,HTTP Request,200,OK,Year-Language Query 4-7,text,true,,271,159,10,70,http://localhost:8080/search?q=love&year=1994&language=English,237,0,0
1782351916265,111,HTTP Request,200,OK,Year-Language Query 4-10,text,true,,271,159,10,70,http://localhost:8080/search?q=love&year=1994&language=English,111,0,0
1782351916259,124,HTTP Request,200,OK,Year-Language Query 4-1,text,true,,271,159,10,70,http://localhost:8080/search?q=love&year=1994&language=English,124,0,0
1782351916264,119,HTTP Request,200,OK,Year-Language Query 4-2,text,true,,271,159,10,70,http://localhost:8080/search?q=love&year=1994&language=English,119,0,0
1782351916294,158,HTTP Request,200,OK,Year-Language Query 4-9,text,true,,271,159,10,70,http://localhost:8080/search?q=love&year=1994&language=English,158,0,0
1782351916261,199,HTTP Request,200,OK,Year-Language Query 4-6,text,true,,271,159,10,70,http://localhost:8080/search?q=love&year=1994&language=English,199,0,0
1782351916215,260,HTTP Request,200,OK,Year-Language Query 4-8,text,true,,271,159,10,70,http://localhost:8080/search?q=love&year=1994&language=English,260,0,0
1782351916338,140,HTTP Request,200,OK,Year-Language Query 4-7,text,true,,271,159,10,70,http://localhost:8080/search?q=love&year=1994&language=English,140,0,0
1782351916326,162,HTTP Request,200,OK,Year-Language Query 4-3,text,true,,271,159,10,70,http://localhost:8080/search?q=love&year=1994&language=English,162,0,0
1782351916225,269,HTTP Request,200,OK,Year-Language Query 4-4,text,true,,271,159,10,70,http://localhost:8080/search?q=love&year=1994&language=English,269,0,0
1782351916327,170,HTTP Request,200,OK,Year-Language Query 4-5,text,true,,271,159,10,70,http://localhost:8080/search?q=love&year=1994&language=English,170,0,0
1782351916384,131,HTTP Request,200,OK,Year-Language Query 4-2,text,true,,271,159,10,70,http://localhost:8080/search?q=love&year=1994&language=English,131,0,0
1782351916376,141,HTTP Request,200,OK,Year-Language Query 4-10,text,true,,271,159,10,70,http://localhost:8080/search?q=love&year=1994&language=English,141,0,0
1782351916384,159,HTTP Request,200,OK,Year-Language Query 4-1,text,true,,271,159,10,70,http://localhost:8080/search?q=love&year=1994&language=English,159,0,0
1782351916461,93,HTTP Request,200,OK,Year-Language Query 4-6,text,true,,271,159,10,70,http://localhost:8080/search?q=love&year=1994&language=English,93,0,0
1782351916478,104,HTTP Request,200,OK,Year-Language Query 4-7,text,true,,271,159,10,70,http://localhost:8080/search?q=love&year=1994&language=English,104,0,0
1782351916475,107,HTTP Request,200,OK,Year-Language Query 4-8,text,true,,271,159,10,70,http://localhost:8080/search?q=love&year=1994&language=English,107,0,0
1782351916452,131,HTTP Request,200,OK,Year-Language Query 4-9,text,true,,271,159,10,70,http://localhost:8080/search?q=love&year=1994&language=English,131,0,0
1782351916495,94,HTTP Request,200,OK,Year-Language Query 4-4,text,true,,271,159,10,70,http://localhost:8080/search?q=love&year=1994&language=English,94,0,0
1782351916515,100,HTTP Request,200,OK,Year-Language Query 4-2,text,true,,271,159,10,70,http://localhost:8080/search?q=love&year=1994&language=English,100,0,0
1782351916488,127,HTTP Request,200,OK,Year-Language Query 4-3,text,true,,271,159,10,70,http://localhost:8080/search?q=love&year=1994&language=English,127,0,0
1782351916497,126,HTTP Request,200,OK,Year-Language Query 4-5,text,true,,271,159,10,70,http://localhost:8080/search?q=love&year=1994&language=English,126,0,0
1782351916518,124,HTTP Request,200,OK,Year-Language Query 4-10,text,true,,271,159,10,70,http://localhost:8080/search?q=love&year=1994&language=English,124,0,0
1782351916554,102,HTTP Request,200,OK,Year-Language Query 4-6,text,true,,271,159,10,70,http://localhost:8080/search?q=love&year=1994&language=English,102,0,0
1782351916543,139,HTTP Request,200,OK,Year-Language Query 4-1,text,true,,271,159,10,70,http://localhost:8080/search?q=love&year=1994&language=English,139,0,0
1782351916582,117,HTTP Request,200,OK,Year-Language Query 4-8,text,true,,271,159,10,70,http://localhost:8080/search?q=love&year=1994&language=English,117,0,0
1782351916589,111,HTTP Request,200,OK,Year-Language Query 4-4,text,true,,271,159,10,70,http://localhost:8080/search?q=love&year=1994&language=English,111,0,0
1782351916582,118,HTTP Request,200,OK,Year-Language Query 4-7,text,true,,271,159,10,70,http://localhost:8080/search?q=love&year=1994&language=English,118,0,0
1782351916583,118,HTTP Request,200,OK,Year-Language Query 4-9,text,true,,271,159,10,70,http://localhost:8080/search?q=love&year=1994&language=English,118,0,0
1782351916615,86,HTTP Request,200,OK,Year-Language Query 4-2,text,true,,271,159,10,70,http://localhost:8080/search?q=love&year=1994&language=English,86,0,0
1782351916615,98,HTTP Request,200,OK,Year-Language Query 4-3,text,true,,271,159,10,70,http://localhost:8080/search?q=love&year=1994&language=English,98,0,0
1782351916623,110,HTTP Request,200,OK,Year-Language Query 4-5,text,true,,271,159,10,70,http://localhost:8080/search?q=love&year=1994&language=English,110,0,0
1782351916642,96,HTTP Request,200,OK,Year-Language Query 4-10,text,true,,271,159,10,70,http://localhost:8080/search?q=love&year=1994&language=English,96,0,0
1782351916656,100,HTTP Request,200,OK,Year-Language Query 4-6,text,true,,271,159,10,70,http://localhost:8080/search?q=love&year=1994&language=English,100,0,0
1782351916714,78,HTTP Request,200,OK,Year-Language Query 4-3,text,true,,271,159,10,70,http://localhost:8080/search?q=love&year=1994&language=English,78,0,0
1782351916700,95,HTTP Request,200,OK,Year-Language Query 4-7,text,true,,271,159,10,70,http://localhost:8080/search?q=love&year=1994&language=English,95,0,0
1782351916701,94,HTTP Request,200,OK,Year-Language Query 4-9,text,true,,271,159,10,70,http://localhost:8080/search?q=love&year=1994&language=English,94,0,0
1782351916700,96,HTTP Request,200,OK,Year-Language Query 4-4,text,true,,271,159,10,70,http://localhost:8080/search?q=love&year=1994&language=English,96,0,0
1782351916701,111,HTTP Request,200,OK,Year-Language Query 4-2,text,true,,271,159,10,70,http://localhost:8080/search?q=love&year=1994&language=English,111,0,0
1782351916699,117,HTTP Request,200,OK,Year-Language Query 4-8,text,true,,271,159,10,70,http://localhost:8080/search?q=love&year=1994&language=English,117,0,0
1782351916733,83,HTTP Request,200,OK,Year-Language Query 4-5,text,true,,271,159,10,70,http://localhost:8080/search?q=love&year=1994&language=English,83,0,0
1782351916682,134,HTTP Request,200,OK,Year-Language Query 4-1,text,true,,271,159,10,70,http://localhost:8080/search?q=love&year=1994&language=English,134,0,0
1782351916739,90,HTTP Request,200,OK,Year-Language Query 4-10,text,true,,271,159,10,70,http://localhost:8080/search?q=love&year=1994&language=English,90,0,0
1782351916756,86,HTTP Request,200,OK,Year-Language Query 4-6,text,true,,271,159,10,70,http://localhost:8080/search?q=love&year=1994&language=English,86,0,0
1782351916816,68,HTTP Request,200,OK,Year-Language Query 4-8,text,true,,271,159,10,70,http://localhost:8080/search?q=love&year=1994&language=English,68,0,0
1782351916812,73,HTTP Request,200,OK,Year-Language Query 4-2,text,true,,271,159,10,70,http://localhost:8080/search?q=love&year=1994&language=English,73,0,0
1782351916816,72,HTTP Request,200,OK,Year-Language Query 4-1,text,true,,271,159,10,70,http://localhost:8080/search?q=love&year=1994&language=English,72,0,0
1782351916796,92,HTTP Request,200,OK,Year-Language Query 4-7,text,true,,271,159,10,70,http://localhost:8080/search?q=love&year=1994&language=English,92,0,0
1782351916793,96,HTTP Request,200,OK,Year-Language Query 4-3,text,true,,271,159,10,70,http://localhost:8080/search?q=love&year=1994&language=English,96,0,0
1782351916796,93,HTTP Request,200,OK,Year-Language Query 4-9,text,true,,271,159,10,70,http://localhost:8080/search?q=love&year=1994&language=English,93,0,0
1782351916816,73,HTTP Request,200,OK,Year-Language Query 4-5,text,true,,271,159,10,70,http://localhost:8080/search?q=love&year=1994&language=English,73,0,0
1782351916796,93,HTTP Request,200,OK,Year-Language Query 4-4,text,true,,271,159,10,70,http://localhost:8080/search?q=love&year=1994&language=English,93,0,0
1782351916829,70,HTTP Request,200,OK,Year-Language Query 4-10,text,true,,271,159,10,70,http://localhost:8080/search?q=love&year=1994&language=English,70,0,0
1782351916843,82,HTTP Request,200,OK,Year-Language Query 4-6,text,true,,271,159,10,70,http://localhost:8080/search?q=love&year=1994&language=English,82,0,0
1782351916885,85,HTTP Request,200,OK,Year-Language Query 4-2,text,true,,271,159,10,70,http://localhost:8080/search?q=love&year=1994&language=English,85,0,0
1782351916884,96,HTTP Request,200,OK,Year-Language Query 4-8,text,true,,271,159,10,70,http://localhost:8080/search?q=love&year=1994&language=English,96,0,0
1782351916889,99,HTTP Request,200,OK,Year-Language Query 4-3,text,true,,271,159,10,70,http://localhost:8080/search?q=love&year=1994&language=English,99,0,0
1782351916888,100,HTTP Request,200,OK,Year-Language Query 4-7,text,true,,271,159,10,70,http://localhost:8080/search?q=love&year=1994&language=English,100,0,0
1782351916888,105,HTTP Request,200,OK,Year-Language Query 4-1,text,true,,271,159,10,70,http://localhost:8080/search?q=love&year=1994&language=English,105,0,0
1782351916889,111,HTTP Request,200,OK,Year-Language Query 4-9,text,true,,271,159,10,70,http://localhost:8080/search?q=love&year=1994&language=English,111,0,0
1782351916925,81,HTTP Request,200,OK,Year-Language Query 4-6,text,true,,271,159,10,70,http://localhost:8080/search?q=love&year=1994&language=English,81,0,0
1782351916900,106,HTTP Request,200,OK,Year-Language Query 4-10,text,true,,271,159,10,70,http://localhost:8080/search?q=love&year=1994&language=English,106,0,0
1782351916890,117,HTTP Request,200,OK,Year-Language Query 4-4,text,true,,271,159,10,70,http://localhost:8080/search?q=love&year=1994&language=English,117,0,0
1782351916889,123,HTTP Request,200,OK,Year-Language Query 4-5,text,true,,271,159,10,70,http://localhost:8080/search?q=love&year=1994&language=English,123,0,0
1782351916980,76,HTTP Request,200,OK,Year-Language Query 4-8,text,true,,271,159,10,70,http://localhost:8080/search?q=love&year=1994&language=English,76,0,0
1782351916988,72,HTTP Request,200,OK,Year-Language Query 4-3,text,true,,271,159,10,70,http://localhost:8080/search?q=love&year=1994&language=English,72,0,0
1782351916971,89,HTTP Request,200,OK,Year-Language Query 4-2,text,true,,271,159,10,70,http://localhost:8080/search?q=love&year=1994&language=English,89,0,0
1782351916989,71,HTTP Request,200,OK,Year-Language Query 4-7,text,true,,271,159,10,70,http://localhost:8080/search?q=love&year=1994&language=English,71,0,0
1782351916993,79,HTTP Request,200,OK,Year-Language Query 4-1,text,true,,271,159,10,70,http://localhost:8080/search?q=love&year=1994&language=English,79,0,0
1782351917006,75,HTTP Request,200,OK,Year-Language Query 4-6,text,true,,271,159,10,70,http://localhost:8080/search?q=love&year=1994&language=English,75,0,0
1782351917007,74,HTTP Request,200,OK,Year-Language Query 4-4,text,true,,271,159,10,70,http://localhost:8080/search?q=love&year=1994&language=English,74,0,0
1782351917000,92,HTTP Request,200,OK,Year-Language Query 4-9,text,true,,271,159,10,70,http://localhost:8080/search?q=love&year=1994&language=English,92,0,0
1782351917012,82,HTTP Request,200,OK,Year-Language Query 4-5,text,true,,271,159,10,70,http://localhost:8080/search?q=love&year=1994&language=English,82,0,0
1782351917006,109,HTTP Request,200,OK,Year-Language Query 4-10,text,true,,271,159,10,70,http://localhost:8080/search?q=love&year=1994&language=English,109,0,0
1782351917057,58,HTTP Request,200,OK,Year-Language Query 4-8,text,true,,271,159,10,70,http://localhost:8080/search?q=love&year=1994&language=English,58,0,0
1782351917060,56,HTTP Request,200,OK,Year-Language Query 4-3,text,true,,271,159,10,70,http://localhost:8080/search?q=love&year=1994&language=English,56,0,0
1782351917060,75,HTTP Request,200,OK,Year-Language Query 4-2,text,true,,271,159,10,70,http://localhost:8080/search?q=love&year=1994&language=English,75,0,0
1782351917081,56,HTTP Request,200,OK,Year-Language Query 4-4,text,true,,271,159,10,70,http://localhost:8080/search?q=love&year=1994&language=English,56,0,0
1782351917072,65,HTTP Request,200,OK,Year-Language Query 4-1,text,true,,271,159,10,70,http://localhost:8080/search?q=love&year=1994&language=English,65,0,0
1782351917060,80,HTTP Request,200,OK,Year-Language Query 4-7,text,true,,271,159,10,70,http://localhost:8080/search?q=love&year=1994&language=English,80,0,0
1782351917081,63,HTTP Request,200,OK,Year-Language Query 4-6,text,true,,271,159,10,70,http://localhost:8080/search?q=love&year=1994&language=English,63,0,0
1782351917092,65,HTTP Request,200,OK,Year-Language Query 4-9,text,true,,271,159,10,70,http://localhost:8080/search?q=love&year=1994&language=English,65,0,0
1782351917094,67,HTTP Request,200,OK,Year-Language Query 4-5,text,true,,271,159,10,70,http://localhost:8080/search?q=love&year=1994&language=English,67,0,0
1782351917116,69,HTTP Request,200,OK,Year-Language Query 4-8,text,true,,271,159,10,70,http://localhost:8080/search?q=love&year=1994&language=English,69,0,0
1782351917116,69,HTTP Request,200,OK,Year-Language Query 4-10,text,true,,271,159,10,70,http://localhost:8080/search?q=love&year=1994&language=English,69,0,0
1782351917117,69,HTTP Request,200,OK,Year-Language Query 4-3,text,true,,271,159,10,70,http://localhost:8080/search?q=love&year=1994&language=English,69,0,0
1782351917137,70,HTTP Request,200,OK,Year-Language Query 4-1,text,true,,271,159,10,70,http://localhost:8080/search?q=love&year=1994&language=English,70,0,0
1782351917135,73,HTTP Request,200,OK,Year-Language Query 4-2,text,true,,271,159,10,70,http://localhost:8080/search?q=love&year=1994&language=English,73,0,0
1782351917137,90,HTTP Request,200,OK,Year-Language Query 4-4,text,true,,271,159,10,70,http://localhost:8080/search?q=love&year=1994&language=English,90,0,0
1782351917140,87,HTTP Request,200,OK,Year-Language Query 4-7,text,true,,271,159,10,70,http://localhost:8080/search?q=love&year=1994&language=English,87,0,0
1782351917157,72,HTTP Request,200,OK,Year-Language Query 4-9,text,true,,271,159,10,70,http://localhost:8080/search?q=love&year=1994&language=English,72,0,0
1782351917144,85,HTTP Request,200,OK,Year-Language Query 4-6,text,true,,271,159,10,70,http://localhost:8080/search?q=love&year=1994&language=English,85,0,0
1782351917162,71,HTTP Request,200,OK,Year-Language Query 4-5,text,true,,271,159,10,70,http://localhost:8080/search?q=love&year=1994&language=English,71,0,0
1782351917185,69,HTTP Request,200,OK,Year-Language Query 4-8,text,true,,271,159,10,70,http://localhost:8080/search?q=love&year=1994&language=English,69,0,0
1782351917185,69,HTTP Request,200,OK,Year-Language Query 4-10,text,true,,271,159,10,70,http://localhost:8080/search?q=love&year=1994&language=English,69,0,0
1782351917186,95,HTTP Request,200,OK,Year-Language Query 4-3,text,true,,271,159,10,70,http://localhost:8080/search?q=love&year=1994&language=English,95,0,0
1782351917227,76,HTTP Request,200,OK,Year-Language Query 4-4,text,true,,271,159,10,70,http://localhost:8080/search?q=love&year=1994&language=English,76,0,0
1782351917207,96,HTTP Request,200,OK,Year-Language Query 4-1,text,true,,271,159,10,70,http://localhost:8080/search?q=love&year=1994&language=English,96,0,0
1782351917227,76,HTTP Request,200,OK,Year-Language Query 4-7,text,true,,271,159,10,70,http://localhost:8080/search?q=love&year=1994&language=English,76,0,0
1782351917208,96,HTTP Request,200,OK,Year-Language Query 4-2,text,true,,271,159,10,70,http://localhost:8080/search?q=love&year=1994&language=English,96,0,0
1782351917230,77,HTTP Request,200,OK,Year-Language Query 4-9,text,true,,271,159,10,70,http://localhost:8080/search?q=love&year=1994&language=English,77,0,0
1782351917233,74,HTTP Request,200,OK,Year-Language Query 4-5,text,true,,271,159,10,70,http://localhost:8080/search?q=love&year=1994&language=English,74,0,0
1782351917256,55,HTTP Request,200,OK,Year-Language Query 4-10,text,true,,271,159,10,70,http://localhost:8080/search?q=love&year=1994&language=English,55,0,0
1782351917230,85,HTTP Request,200,OK,Year-Language Query 4-6,text,true,,271,159,10,70,http://localhost:8080/search?q=love&year=1994&language=English,85,0,0
1782351917255,64,HTTP Request,200,OK,Year-Language Query 4-8,text,true,,271,159,10,70,http://localhost:8080/search?q=love&year=1994&language=English,64,0,0
1782351917281,49,HTTP Request,200,OK,Year-Language Query 4-3,text,true,,271,159,10,70,http://localhost:8080/search?q=love&year=1994&language=English,49,0,0
1782351917307,58,HTTP Request,200,OK,Year-Language Query 4-9,text,true,,271,159,10,70,http://localhost:8080/search?q=love&year=1994&language=English,58,0,0
1782351917307,58,HTTP Request,200,OK,Year-Language Query 4-5,text,true,,271,159,10,70,http://localhost:8080/search?q=love&year=1994&language=English,58,0,0
1782351917303,62,HTTP Request,200,OK,Year-Language Query 4-1,text,true,,271,159,10,70,http://localhost:8080/search?q=love&year=1994&language=English,62,0,0
1782351917304,72,HTTP Request,200,OK,Year-Language Query 4-2,text,true,,271,159,10,70,http://localhost:8080/search?q=love&year=1994&language=English,72,0,0
1782351917304,77,HTTP Request,200,OK,Year-Language Query 4-7,text,true,,271,159,10,70,http://localhost:8080/search?q=love&year=1994&language=English,77,0,0
1782351917315,72,HTTP Request,200,OK,Year-Language Query 4-6,text,true,,271,159,10,70,http://localhost:8080/search?q=love&year=1994&language=English,72,0,0
1782351917303,84,HTTP Request,200,OK,Year-Language Query 4-4,text,true,,271,159,10,70,http://localhost:8080/search?q=love&year=1994&language=English,84,0,0
1782351917312,85,HTTP Request,200,OK,Year-Language Query 4-10,text,true,,271,159,10,70,http://localhost:8080/search?q=love&year=1994&language=English,85,0,0
1782351917331,68,HTTP Request,200,OK,Year-Language Query 4-3,text,true,,271,159,10,70,http://localhost:8080/search?q=love&year=1994&language=English,68,0,0
1782351917319,100,HTTP Request,200,OK,Year-Language Query 4-8,text,true,,271,159,10,70,http://localhost:8080/search?q=love&year=1994&language=English,100,0,0
1782351917365,66,HTTP Request,200,OK,Year-Language Query 4-1,text,true,,271,159,10,70,http://localhost:8080/search?q=love&year=1994&language=English,66,0,0
1782351917365,82,HTTP Request,200,OK,Year-Language Query 4-9,text,true,,271,159,10,70,http://localhost:8080/search?q=love&year=1994&language=English,82,0,0
1782351917387,62,HTTP Request,200,OK,Year-Language Query 4-6,text,true,,271,159,10,70,http://localhost:8080/search?q=love&year=1994&language=English,62,0,0
1782351917381,69,HTTP Request,200,OK,Year-Language Query 4-7,text,true,,271,159,10,70,http://localhost:8080/search?q=love&year=1994&language=English,69,0,0
1782351917376,76,HTTP Request,200,OK,Year-Language Query 4-2,text,true,,271,159,10,70,http://localhost:8080/search?q=love&year=1994&language=English,76,0,0
1782351917365,87,HTTP Request,200,OK,Year-Language Query 4-5,text,true,,271,159,10,70,http://localhost:8080/search?q=love&year=1994&language=English,87,0,0
1782351917398,58,HTTP Request,200,OK,Year-Language Query 4-10,text,true,,271,159,10,70,http://localhost:8080/search?q=love&year=1994&language=English,58,0,0
1782351917387,72,HTTP Request,200,OK,Year-Language Query 4-4,text,true,,271,159,10,70,http://localhost:8080/search?q=love&year=1994&language=English,72,0,0
1782351917400,84,HTTP Request,200,OK,Year-Language Query 4-3,text,true,,271,159,10,70,http://localhost:8080/search?q=love&year=1994&language=English,84,0,0
1782351917419,82,HTTP Request,200,OK,Year-Language Query 4-8,text,true,,271,159,10,70,http://localhost:8080/search?q=love&year=1994&language=English,82,0,0
1782351917431,70,HTTP Request,200,OK,Year-Language Query 4-1,text,true,,271,159,10,70,http://localhost:8080/search?q=love&year=1994&language=English,70,0,0
1782351917452,59,HTTP Request,200,OK,Year-Language Query 4-5,text,true,,271,159,10,70,http://localhost:8080/search?q=love&year=1994&language=English,59,0,0
1782351917459,68,HTTP Request,200,OK,Year-Language Query 4-4,text,true,,271,159,10,70,http://localhost:8080/search?q=love&year=1994&language=English,68,0,0
1782351917450,77,HTTP Request,200,OK,Year-Language Query 4-6,text,true,,271,159,10,70,http://localhost:8080/search?q=love&year=1994&language=English,77,0,0
1782351917448,80,HTTP Request,200,OK,Year-Language Query 4-9,text,true,,271,159,10,70,http://localhost:8080/search?q=love&year=1994&language=English,80,0,0
1782351917484,45,HTTP Request,200,OK,Year-Language Query 4-3,text,true,,271,159,10,70,http://localhost:8080/search?q=love&year=1994&language=English,45,0,0
1782351917450,79,HTTP Request,200,OK,Year-Language Query 4-7,text,true,,271,159,10,70,http://localhost:8080/search?q=love&year=1994&language=English,79,0,0
1782351917452,77,HTTP Request,200,OK,Year-Language Query 4-2,text,true,,271,159,10,70,http://localhost:8080/search?q=love&year=1994&language=English,77,0,0
1782351917457,72,HTTP Request,200,OK,Year-Language Query 4-10,text,true,,271,159,10,70,http://localhost:8080/search?q=love&year=1994&language=English,72,0,0
1782351917501,59,HTTP Request,200,OK,Year-Language Query 4-8,text,true,,271,159,10,70,http://localhost:8080/search?q=love&year=1994&language=English,59,0,0
1782351917501,60,HTTP Request,200,OK,Year-Language Query 4-1,text,true,,271,159,10,70,http://localhost:8080/search?q=love&year=1994&language=English,60,0,0
1782351917527,58,HTTP Request,200,OK,Year-Language Query 4-4,text,true,,271,159,10,70,http://localhost:8080/search?q=love&year=1994&language=English,58,0,0
1782351917512,74,HTTP Request,200,OK,Year-Language Query 4-5,text,true,,271,159,10,70,http://localhost:8080/search?q=love&year=1994&language=English,74,0,0
1782351917527,68,HTTP Request,200,OK,Year-Language Query 4-6,text,true,,271,159,10,70,http://localhost:8080/search?q=love&year=1994&language=English,68,0,0
1782351917529,81,HTTP Request,200,OK,Year-Language Query 4-3,text,true,,271,159,10,70,http://localhost:8080/search?q=love&year=1994&language=English,81,0,0
1782351917529,86,HTTP Request,200,OK,Year-Language Query 4-10,text,true,,271,159,10,70,http://localhost:8080/search?q=love&year=1994&language=English,86,0,0
1782351917529,90,HTTP Request,200,OK,Year-Language Query 4-7,text,true,,271,159,10,70,http://localhost:8080/search?q=love&year=1994&language=English,90,0,0
1782351917528,91,HTTP Request,200,OK,Year-Language Query 4-9,text,true,,271,159,10,70,http://localhost:8080/search?q=love&year=1994&language=English,91,0,0
1782351917529,91,HTTP Request,200,OK,Year-Language Query 4-2,text,true,,271,159,10,70,http://localhost:8080/search?q=love&year=1994&language=English,91,0,0
1782351917561,72,HTTP Request,200,OK,Year-Language Query 4-1,text,true,,271,159,10,70,http://localhost:8080/search?q=love&year=1994&language=English,72,0,0
1782351917561,90,HTTP Request,200,OK,Year-Language Query 4-8,text,true,,271,159,10,70,http://localhost:8080/search?q=love&year=1994&language=English,90,0,0
1782351917586,65,HTTP Request,200,OK,Year-Language Query 4-4,text,true,,271,159,10,70,http://localhost:8080/search?q=love&year=1994&language=English,65,0,0
1782351917586,65,HTTP Request,200,OK,Year-Language Query 4-5,text,true,,271,159,10,70,http://localhost:8080/search?q=love&year=1994&language=English,65,0,0
1782351917596,75,HTTP Request,200,OK,Year-Language Query 4-6,text,true,,271,159,10,70,http://localhost:8080/search?q=love&year=1994&language=English,75,0,0
1782351917619,71,HTTP Request,200,OK,Year-Language Query 4-7,text,true,,271,159,10,70,http://localhost:8080/search?q=love&year=1994&language=English,71,0,0
1782351917610,80,HTTP Request,200,OK,Year-Language Query 4-3,text,true,,271,159,10,70,http://localhost:8080/search?q=love&year=1994&language=English,80,0,0
1782351917620,72,HTTP Request,200,OK,Year-Language Query 4-2,text,true,,271,159,10,70,http://localhost:8080/search?q=love&year=1994&language=English,72,0,0
1782351917615,78,HTTP Request,200,OK,Year-Language Query 4-10,text,true,,271,159,10,70,http://localhost:8080/search?q=love&year=1994&language=English,78,0,0
1782351917619,97,HTTP Request,200,OK,Year-Language Query 4-9,text,true,,271,159,10,70,http://localhost:8080/search?q=love&year=1994&language=English,97,0,0
1782351917651,71,HTTP Request,200,OK,Year-Language Query 4-5,text,true,,271,159,10,70,http://localhost:8080/search?q=love&year=1994&language=English,71,0,0
1782351917651,72,HTTP Request,200,OK,Year-Language Query 4-8,text,true,,271,159,10,70,http://localhost:8080/search?q=love&year=1994&language=English,72,0,0
1782351917651,75,HTTP Request,200,OK,Year-Language Query 4-4,text,true,,271,159,10,70,http://localhost:8080/search?q=love&year=1994&language=English,75,0,0
1782351917633,93,HTTP Request,200,OK,Year-Language Query 4-1,text,true,,271,159,10,70,http://localhost:8080/search?q=love&year=1994&language=English,93,0,0
1782351917693,54,HTTP Request,200,OK,Year-Language Query 4-10,text,true,,271,159,10,70,http://localhost:8080/search?q=love&year=1994&language=English,54,0,0
1782351917692,60,HTTP Request,200,OK,Year-Language Query 4-2,text,true,,271,159,10,70,http://localhost:8080/search?q=love&year=1994&language=English,60,0,0
1782351917671,81,HTTP Request,200,OK,Year-Language Query 4-6,text,true,,271,159,10,70,http://localhost:8080/search?q=love&year=1994&language=English,81,0,0
1782351917690,68,HTTP Request,200,OK,Year-Language Query 4-7,text,true,,271,159,10,70,http://localhost:8080/search?q=love&year=1994&language=English,68,0,0
1782351917716,53,HTTP Request,200,OK,Year-Language Query 4-9,text,true,,271,159,10,70,http://localhost:8080/search?q=love&year=1994&language=English,53,0,0
1782351917690,83,HTTP Request,200,OK,Year-Language Query 4-3,text,true,,271,159,10,70,http://localhost:8080/search?q=love&year=1994&language=English,83,0,0
1782351917726,64,HTTP Request,200,OK,Year-Language Query 4-4,text,true,,271,159,10,70,http://localhost:8080/search?q=love&year=1994&language=English,64,0,0
1782351917724,66,HTTP Request,200,OK,Year-Language Query 4-8,text,true,,271,159,10,70,http://localhost:8080/search?q=love&year=1994&language=English,66,0,0
1782351917722,71,HTTP Request,200,OK,Year-Language Query 4-5,text,true,,271,159,10,70,http://localhost:8080/search?q=love&year=1994&language=English,71,0,0
1782351917726,69,HTTP Request,200,OK,Year-Language Query 4-1,text,true,,271,159,10,70,http://localhost:8080/search?q=love&year=1994&language=English,69,0,0
1782351917752,43,HTTP Request,200,OK,Year-Language Query 4-6,text,true,,271,159,10,70,http://localhost:8080/search?q=love&year=1994&language=English,43,0,0
1782351917752,61,HTTP Request,200,OK,Year-Language Query 4-2,text,true,,271,159,10,70,http://localhost:8080/search?q=love&year=1994&language=English,61,0,0
1782351917748,65,HTTP Request,200,OK,Year-Language Query 4-10,text,true,,271,159,10,70,http://localhost:8080/search?q=love&year=1994&language=English,65,0,0
1782351917759,58,HTTP Request,200,OK,Year-Language Query 4-7,text,true,,271,159,10,70,http://localhost:8080/search?q=love&year=1994&language=English,58,0,0
1782351917773,50,HTTP Request,200,OK,Year-Language Query 4-3,text,true,,271,159,10,70,http://localhost:8080/search?q=love&year=1994&language=English,50,0,0
1782351917769,60,HTTP Request,200,OK,Year-Language Query 4-9,text,true,,271,159,10,70,http://localhost:8080/search?q=love&year=1994&language=English,60,0,0
1782351917790,58,HTTP Request,200,OK,Year-Language Query 4-4,text,true,,271,159,10,70,http://localhost:8080/search?q=love&year=1994&language=English,58,0,0
1782351917795,62,HTTP Request,200,OK,Year-Language Query 4-1,text,true,,271,159,10,70,http://localhost:8080/search?q=love&year=1994&language=English,62,0,0
1782351917790,68,HTTP Request,200,OK,Year-Language Query 4-8,text,true,,271,159,10,70,http://localhost:8080/search?q=love&year=1994&language=English,68,0,0
1782351917823,38,HTTP Request,200,OK,Year-Language Query 4-3,text,true,,271,159,10,70,http://localhost:8080/search?q=love&year=1994&language=English,38,0,0
1782351917795,66,HTTP Request,200,OK,Year-Language Query 4-6,text,true,,271,159,10,70,http://localhost:8080/search?q=love&year=1994&language=English,66,0,0
1782351917813,49,HTTP Request,200,OK,Year-Language Query 4-10,text,true,,271,159,10,70,http://localhost:8080/search?q=love&year=1994&language=English,48,0,0
1782351917813,50,HTTP Request,200,OK,Year-Language Query 4-2,text,true,,271,159,10,70,http://localhost:8080/search?q=love&year=1994&language=English,50,0,0
1782351917794,84,HTTP Request,200,OK,Year-Language Query 4-5,text,true,,271,159,10,70,http://localhost:8080/search?q=love&year=1994&language=English,84,0,0
1782351917817,61,HTTP Request,200,OK,Year-Language Query 4-7,text,true,,271,159,10,70,http://localhost:8080/search?q=love&year=1994&language=English,61,0,0
1782351917829,49,HTTP Request,200,OK,Year-Language Query 4-9,text,true,,271,159,10,70,http://localhost:8080/search?q=love&year=1994&language=English,49,0,0
1782351917848,61,HTTP Request,200,OK,Year-Language Query 4-4,text,true,,271,159,10,70,http://localhost:8080/search?q=love&year=1994&language=English,61,0,0
1782351917858,69,HTTP Request,200,OK,Year-Language Query 4-8,text,true,,271,159,10,70,http://localhost:8080/search?q=love&year=1994&language=English,69,0,0
1782351917858,69,HTTP Request,200,OK,Year-Language Query 4-1,text,true,,271,159,10,70,http://localhost:8080/search?q=love&year=1994&language=English,69,0,0
1782351917862,66,HTTP Request,200,OK,Year-Language Query 4-10,text,true,,271,159,10,70,http://localhost:8080/search?q=love&year=1994&language=English,66,0,0
1782351917861,67,HTTP Request,200,OK,Year-Language Query 4-3,text,true,,271,159,10,70,http://localhost:8080/search?q=love&year=1994&language=English,67,0,0
1782351917863,67,HTTP Request,200,OK,Year-Language Query 4-2,text,true,,271,159,10,70,http://localhost:8080/search?q=love&year=1994&language=English,67,0,0
1782351917862,72,HTTP Request,200,OK,Year-Language Query 4-6,text,true,,271,159,10,70,http://localhost:8080/search?q=love&year=1994&language=English,72,0,0
1782351917878,78,HTTP Request,200,OK,Year-Language Query 4-5,text,true,,271,159,10,70,http://localhost:8080/search?q=love&year=1994&language=English,78,0,0
1782351917878,78,HTTP Request,200,OK,Year-Language Query 4-7,text,true,,271,159,10,70,http://localhost:8080/search?q=love&year=1994&language=English,78,0,0
1782351917878,82,HTTP Request,200,OK,Year-Language Query 4-9,text,true,,271,159,10,70,http://localhost:8080/search?q=love&year=1994&language=English,82,0,0
1782351917909,109,HTTP Request,200,OK,Year-Language Query 4-4,text,true,,271,159,10,70,http://localhost:8080/search?q=love&year=1994&language=English,109,0,0
1782351917928,94,HTTP Request,200,OK,Year-Language Query 4-10,text,true,,271,159,10,70,http://localhost:8080/search?q=love&year=1994&language=English,94,0,0
1782351917927,99,HTTP Request,200,OK,Year-Language Query 4-8,text,true,,271,159,10,70,http://localhost:8080/search?q=love&year=1994&language=English,99,0,0
1782351917930,186,HTTP Request,200,OK,Year-Language Query 4-2,text,true,,271,159,10,70,http://localhost:8080/search?q=love&year=1994&language=English,186,0,0
1782351917928,197,HTTP Request,200,OK,Year-Language Query 4-3,text,true,,271,159,10,70,http://localhost:8080/search?q=love&year=1994&language=English,197,0,0
1782351917956,170,HTTP Request,200,OK,Year-Language Query 4-5,text,true,,271,159,10,70,http://localhost:8080/search?q=love&year=1994&language=English,170,0,0
1782351917928,198,HTTP Request,200,OK,Year-Language Query 4-1,text,true,,271,159,10,70,http://localhost:8080/search?q=love&year=1994&language=English,198,0,0
1782351917956,180,HTTP Request,200,OK,Year-Language Query 4-7,text,true,,271,159,10,70,http://localhost:8080/search?q=love&year=1994&language=English,180,0,0
1782351917960,176,HTTP Request,200,OK,Year-Language Query 4-9,text,true,,271,159,10,70,http://localhost:8080/search?q=love&year=1994&language=English,176,0,0
1782351917935,201,HTTP Request,200,OK,Year-Language Query 4-6,text,true,,271,159,10,70,http://localhost:8080/search?q=love&year=1994&language=English,201,0,0
1782351918018,144,HTTP Request,200,OK,Year-Language Query 4-4,text,true,,271,159,10,70,http://localhost:8080/search?q=love&year=1994&language=English,144,0,0
1782351918022,153,HTTP Request,200,OK,Year-Language Query 4-10,text,true,,271,159,10,70,http://localhost:8080/search?q=love&year=1994&language=English,153,0,0
1782351918026,155,HTTP Request,200,OK,Year-Language Query 4-8,text,true,,271,159,10,70,http://localhost:8080/search?q=love&year=1994&language=English,155,0,0
1782351918116,90,HTTP Request,200,OK,Year-Language Query 4-2,text,true,,271,159,10,70,http://localhost:8080/search?q=love&year=1994&language=English,90,0,0
1782351918125,90,HTTP Request,200,OK,Year-Language Query 4-3,text,true,,271,159,10,70,http://localhost:8080/search?q=love&year=1994&language=English,90,0,0
1782351918126,90,HTTP Request,200,OK,Year-Language Query 4-5,text,true,,271,159,10,70,http://localhost:8080/search?q=love&year=1994&language=English,90,0,0
1782351918137,82,HTTP Request,200,OK,Year-Language Query 4-6,text,true,,271,159,10,70,http://localhost:8080/search?q=love&year=1994&language=English,82,0,0
1782351918136,85,HTTP Request,200,OK,Year-Language Query 4-9,text,true,,271,159,10,70,http://localhost:8080/search?q=love&year=1994&language=English,85,0,0
1782351918126,95,HTTP Request,200,OK,Year-Language Query 4-1,text,true,,271,159,10,70,http://localhost:8080/search?q=love&year=1994&language=English,95,0,0
1782351918136,87,HTTP Request,200,OK,Year-Language Query 4-7,text,true,,271,159,10,70,http://localhost:8080/search?q=love&year=1994&language=English,87,0,0
1782351918162,112,HTTP Request,200,OK,Year-Language Query 4-4,text,true,,271,159,10,70,http://localhost:8080/search?q=love&year=1994&language=English,112,0,0
1782351918220,71,HTTP Request,200,OK,Year-Language Query 4-6,text,true,,271,159,10,70,http://localhost:8080/search?q=love&year=1994&language=English,71,0,0
1782351918206,86,HTTP Request,200,OK,Year-Language Query 4-2,text,true,,271,159,10,70,http://localhost:8080/search?q=love&year=1994&language=English,86,0,0
1782351918216,77,HTTP Request,200,OK,Year-Language Query 4-3,text,true,,271,159,10,70,http://localhost:8080/search?q=love&year=1994&language=English,77,0,0
1782351918182,115,HTTP Request,200,OK,Year-Language Query 4-8,text,true,,271,159,10,70,http://localhost:8080/search?q=love&year=1994&language=English,115,0,0
1782351918177,133,HTTP Request,200,OK,Year-Language Query 4-10,text,true,,271,159,10,70,http://localhost:8080/search?q=love&year=1994&language=English,133,0,0
1782351918221,108,HTTP Request,200,OK,Year-Language Query 4-9,text,true,,271,159,10,70,http://localhost:8080/search?q=love&year=1994&language=English,108,0,0
1782351918216,113,HTTP Request,200,OK,Year-Language Query 4-5,text,true,,271,159,10,70,http://localhost:8080/search?q=love&year=1994&language=English,113,0,0
1782351918223,106,HTTP Request,200,OK,Year-Language Query 4-7,text,true,,271,159,10,70,http://localhost:8080/search?q=love&year=1994&language=English,106,0,0
1782351918221,109,HTTP Request,200,OK,Year-Language Query 4-1,text,true,,271,159,10,70,http://localhost:8080/search?q=love&year=1994&language=English,109,0,0
1782351918274,100,HTTP Request,200,OK,Year-Language Query 4-4,text,true,,271,159,10,70,http://localhost:8080/search?q=love&year=1994&language=English,100,0,0
1782351918291,96,HTTP Request,200,OK,Year-Language Query 4-6,text,true,,271,159,10,70,http://localhost:8080/search?q=love&year=1994&language=English,96,0,0
1782351918297,90,HTTP Request,200,OK,Year-Language Query 4-8,text,true,,271,159,10,70,http://localhost:8080/search?q=love&year=1994&language=English,90,0,0
1782351918329,63,HTTP Request,200,OK,Year-Language Query 4-9,text,true,,271,159,10,70,http://localhost:8080/search?q=love&year=1994&language=English,63,0,0
1782351918292,101,HTTP Request,200,OK,Year-Language Query 4-2,text,true,,271,159,10,70,http://localhost:8080/search?q=love&year=1994&language=English,101,0,0
1782351918310,89,HTTP Request,200,OK,Year-Language Query 4-10,text,true,,271,159,10,70,http://localhost:8080/search?q=love&year=1994&language=English,89,0,0
1782351918293,109,HTTP Request,200,OK,Year-Language Query 4-3,text,true,,271,159,10,70,http://localhost:8080/search?q=love&year=1994&language=English,109,0,0
1782351918330,78,HTTP Request,200,OK,Year-Language Query 4-1,text,true,,271,159,10,70,http://localhost:8080/search?q=love&year=1994&language=English,78,0,0
1782351918329,82,HTTP Request,200,OK,Year-Language Query 4-5,text,true,,271,159,10,70,http://localhost:8080/search?q=love&year=1994&language=English,82,0,0
1782351918329,100,HTTP Request,200,OK,Year-Language Query 4-7,text,true,,271,159,10,70,http://localhost:8080/search?q=love&year=1994&language=English,100,0,0
1782351918374,116,HTTP Request,200,OK,Year-Language Query 4-4,text,true,,271,159,10,70,http://localhost:8080/search?q=love&year=1994&language=English,116,0,0
1782351918402,103,HTTP Request,200,OK,Year-Language Query 4-3,text,true,,271,159,10,70,http://localhost:8080/search?q=love&year=1994&language=English,103,0,0
1782351918387,126,HTTP Request,200,OK,Year-Language Query 4-8,text,true,,271,159,10,70,http://localhost:8080/search?q=love&year=1994&language=English,126,0,0
1782351918408,106,HTTP Request,200,OK,Year-Language Query 4-1,text,true,,271,159,10,70,http://localhost:8080/search?q=love&year=1994&language=English,106,0,0
1782351918400,119,HTTP Request,200,OK,Year-Language Query 4-10,text,true,,271,159,10,70,http://localhost:8080/search?q=love&year=1994&language=English,119,0,0
1782351918393,126,HTTP Request,200,OK,Year-Language Query 4-9,text,true,,271,159,10,70,http://localhost:8080/search?q=love&year=1994&language=English,126,0,0
1782351918387,133,HTTP Request,200,OK,Year-Language Query 4-6,text,true,,271,159,10,70,http://localhost:8080/search?q=love&year=1994&language=English,133,0,0
1782351918393,146,HTTP Request,200,OK,Year-Language Query 4-2,text,true,,271,159,10,70,http://localhost:8080/search?q=love&year=1994&language=English,146,0,0
1782351918429,110,HTTP Request,200,OK,Year-Language Query 4-7,text,true,,271,159,10,70,http://localhost:8080/search?q=love&year=1994&language=English,110,0,0
1782351918412,129,HTTP Request,200,OK,Year-Language Query 4-5,text,true,,271,159,10,70,http://localhost:8080/search?q=love&year=1994&language=English,129,0,0
1782351918490,98,HTTP Request,200,OK,Year-Language Query 4-4,text,true,,271,159,10,70,http://localhost:8080/search?q=love&year=1994&language=English,98,0,0
1782351918505,84,HTTP Request,200,OK,Year-Language Query 4-3,text,true,,271,159,10,70,http://localhost:8080/search?q=love&year=1994&language=English,84,0,0
1782351918540,95,HTTP Request,200,OK,Year-Language Query 4-2,text,true,,271,159,10,70,http://localhost:8080/search?q=love&year=1994&language=English,95,0,0
1782351918524,111,HTTP Request,200,OK,Year-Language Query 4-10,text,true,,271,159,10,70,http://localhost:8080/search?q=love&year=1994&language=English,111,0,0
1782351918524,113,HTTP Request,200,OK,Year-Language Query 4-9,text,true,,271,159,10,70,http://localhost:8080/search?q=love&year=1994&language=English,113,0,0
1782351918514,132,HTTP Request,200,OK,Year-Language Query 4-1,text,true,,271,159,10,70,http://localhost:8080/search?q=love&year=1994&language=English,132,0,0
1782351918513,140,HTTP Request,200,OK,Year-Language Query 4-8,text,true,,271,159,10,70,http://localhost:8080/search?q=love&year=1994&language=English,140,0,0
1782351918540,114,HTTP Request,200,OK,Year-Language Query 4-7,text,true,,271,159,10,70,http://localhost:8080/search?q=love&year=1994&language=English,114,0,0
1782351918520,134,HTTP Request,200,OK,Year-Language Query 4-6,text,true,,271,159,10,70,http://localhost:8080/search?q=love&year=1994&language=English,134,0,0
1782351918541,142,HTTP Request,200,OK,Year-Language Query 4-5,text,true,,271,159,10,70,http://localhost:8080/search?q=love&year=1994&language=English,142,0,0
1782351918589,105,HTTP Request,200,OK,Year-Language Query 4-4,text,true,,271,159,10,70,http://localhost:8080/search?q=love&year=1994&language=English,105,0,0
1782351918590,106,HTTP Request,200,OK,Year-Language Query 4-3,text,true,,271,159,10,70,http://localhost:8080/search?q=love&year=1994&language=English,106,0,0
1782351918646,69,HTTP Request,200,OK,Year-Language Query 4-1,text,true,,271,159,10,70,http://localhost:8080/search?q=love&year=1994&language=English,69,0,0
1782351918635,86,HTTP Request,200,OK,Year-Language Query 4-10,text,true,,271,159,10,70,http://localhost:8080/search?q=love&year=1994&language=English,86,0,0
1782351918654,77,HTTP Request,200,OK,Year-Language Query 4-6,text,true,,271,159,10,70,http://localhost:8080/search?q=love&year=1994&language=English,77,0,0
1782351918654,77,HTTP Request,200,OK,Year-Language Query 4-7,text,true,,271,159,10,70,http://localhost:8080/search?q=love&year=1994&language=English,77,0,0
1782351918654,78,HTTP Request,200,OK,Year-Language Query 4-8,text,true,,271,159,10,70,http://localhost:8080/search?q=love&year=1994&language=English,78,0,0
1782351918637,106,HTTP Request,200,OK,Year-Language Query 4-9,text,true,,271,159,10,70,http://localhost:8080/search?q=love&year=1994&language=English,106,0,0
1782351918635,108,HTTP Request,200,OK,Year-Language Query 4-2,text,true,,271,159,10,70,http://localhost:8080/search?q=love&year=1994&language=English,108,0,0
1782351918683,97,HTTP Request,200,OK,Year-Language Query 4-5,text,true,,271,159,10,70,http://localhost:8080/search?q=love&year=1994&language=English,97,0,0
1782351918697,94,HTTP Request,200,OK,Year-Language Query 4-3,text,true,,271,159,10,70,http://localhost:8080/search?q=love&year=1994&language=English,94,0,0
1782351918695,96,HTTP Request,200,OK,Year-Language Query 4-4,text,true,,271,159,10,70,http://localhost:8080/search?q=love&year=1994&language=English,96,0,0
1782351918732,72,HTTP Request,200,OK,Year-Language Query 4-8,text,true,,271,159,10,70,http://localhost:8080/search?q=love&year=1994&language=English,72,0,0
1782351918721,90,HTTP Request,200,OK,Year-Language Query 4-10,text,true,,271,159,10,70,http://localhost:8080/search?q=love&year=1994&language=English,90,0,0
1782351918731,89,HTTP Request,200,OK,Year-Language Query 4-6,text,true,,271,159,10,70,http://localhost:8080/search?q=love&year=1994&language=English,89,0,0
1782351918744,85,HTTP Request,200,OK,Year-Language Query 4-2,text,true,,271,159,10,70,http://localhost:8080/search?q=love&year=1994&language=English,85,0,0
1782351918744,86,HTTP Request,200,OK,Year-Language Query 4-9,text,true,,271,159,10,70,http://localhost:8080/search?q=love&year=1994&language=English,86,0,0
1782351918731,99,HTTP Request,200,OK,Year-Language Query 4-7,text,true,,271,159,10,70,http://localhost:8080/search?q=love&year=1994&language=English,99,0,0
1782351918781,60,HTTP Request,200,OK,Year-Language Query 4-5,text,true,,271,159,10,70,http://localhost:8080/search?q=love&year=1994&language=English,60,0,0
1782351918715,127,HTTP Request,200,OK,Year-Language Query 4-1,text,true,,271,159,10,70,http://localhost:8080/search?q=love&year=1994&language=English,127,0,0
1782351918804,61,HTTP Request,200,OK,Year-Language Query 4-8,text,true,,271,159,10,70,http://localhost:8080/search?q=love&year=1994&language=English,61,0,0
1782351918791,76,HTTP Request,200,OK,Year-Language Query 4-3,text,true,,271,159,10,70,http://localhost:8080/search?q=love&year=1994&language=English,76,0,0
1782351918792,90,HTTP Request,200,OK,Year-Language Query 4-4,text,true,,271,159,10,70,http://localhost:8080/search?q=love&year=1994&language=English,90,0,0
1782351918821,76,HTTP Request,200,OK,Year-Language Query 4-6,text,true,,271,159,10,70,http://localhost:8080/search?q=love&year=1994&language=English,76,0,0
1782351918811,98,HTTP Request,200,OK,Year-Language Query 4-10,text,true,,271,159,10,70,http://localhost:8080/search?q=love&year=1994&language=English,98,0,0
1782351918831,79,HTTP Request,200,OK,Year-Language Query 4-9,text,true,,271,159,10,70,http://localhost:8080/search?q=love&year=1994&language=English,79,0,0
1782351918842,70,HTTP Request,200,OK,Year-Language Query 4-1,text,true,,271,159,10,70,http://localhost:8080/search?q=love&year=1994&language=English,70,0,0
1782351918831,81,HTTP Request,200,OK,Year-Language Query 4-7,text,true,,271,159,10,70,http://localhost:8080/search?q=love&year=1994&language=English,81,0,0
1782351918829,84,HTTP Request,200,OK,Year-Language Query 4-2,text,true,,271,159,10,70,http://localhost:8080/search?q=love&year=1994&language=English,84,0,0
1782351918842,80,HTTP Request,200,OK,Year-Language Query 4-5,text,true,,271,159,10,70,http://localhost:8080/search?q=love&year=1994&language=English,80,0,0
1782351918865,93,HTTP Request,200,OK,Year-Language Query 4-8,text,true,,271,159,10,70,http://localhost:8080/search?q=love&year=1994&language=English,93,0,0
1782351918867,91,HTTP Request,200,OK,Year-Language Query 4-3,text,true,,271,159,10,70,http://localhost:8080/search?q=love&year=1994&language=English,91,0,0
1782351918882,77,HTTP Request,200,OK,Year-Language Query 4-4,text,true,,271,159,10,70,http://localhost:8080/search?q=love&year=1994&language=English,77,0,0
1782351918898,96,HTTP Request,200,OK,Year-Language Query 4-6,text,true,,271,159,10,70,http://localhost:8080/search?q=love&year=1994&language=English,96,0,0
1782351918913,106,HTTP Request,200,OK,Year-Language Query 4-2,text,true,,271,159,10,70,http://localhost:8080/search?q=love&year=1994&language=English,106,0,0
1782351918911,120,HTTP Request,200,OK,Year-Language Query 4-9,text,true,,271,159,10,70,http://localhost:8080/search?q=love&year=1994&language=English,120,0,0
1782351918913,118,HTTP Request,200,OK,Year-Language Query 4-1,text,true,,271,159,10,70,http://localhost:8080/search?q=love&year=1994&language=English,118,0,0
1782351918910,129,HTTP Request,200,OK,Year-Language Query 4-10,text,true,,271,159,10,70,http://localhost:8080/search?q=love&year=1994&language=English,129,0,0
1782351918922,117,HTTP Request,200,OK,Year-Language Query 4-5,text,true,,271,159,10,70,http://localhost:8080/search?q=love&year=1994&language=English,117,0,0
1782351918959,83,HTTP Request,200,OK,Year-Language Query 4-4,text,true,,271,159,10,70,http://localhost:8080/search?q=love&year=1994&language=English,83,0,0
1782351918913,134,HTTP Request,200,OK,Year-Language Query 4-7,text,true,,271,159,10,70,http://localhost:8080/search?q=love&year=1994&language=English,134,0,0
1782351918958,89,HTTP Request,200,OK,Year-Language Query 4-8,text,true,,271,159,10,70,http://localhost:8080/search?q=love&year=1994&language=English,89,0,0
1782351918959,89,HTTP Request,200,OK,Year-Language Query 4-3,text,true,,271,159,10,70,http://localhost:8080/search?q=love&year=1994&language=English,89,0,0
1782351918994,74,HTTP Request,200,OK,Year-Language Query 4-6,text,true,,271,159,10,70,http://localhost:8080/search?q=love&year=1994&language=English,74,0,0
1782351919020,73,HTTP Request,200,OK,Year-Language Query 4-2,text,true,,271,159,10,70,http://localhost:8080/search?q=love&year=1994&language=English,73,0,0
1782351919047,54,HTTP Request,200,OK,Year-Language Query 4-8,text,true,,271,159,10,70,http://localhost:8080/search?q=love&year=1994&language=English,54,0,0
1782351919039,66,HTTP Request,200,OK,Year-Language Query 4-5,text,true,,271,159,10,70,http://localhost:8080/search?q=love&year=1994&language=English,66,0,0
1782351919032,75,HTTP Request,200,OK,Year-Language Query 4-1,text,true,,271,159,10,70,http://localhost:8080/search?q=love&year=1994&language=English,75,0,0
1782351919048,60,HTTP Request,200,OK,Year-Language Query 4-3,text,true,,271,159,10,70,http://localhost:8080/search?q=love&year=1994&language=English,60,0,0
1782351919032,76,HTTP Request,200,OK,Year-Language Query 4-9,text,true,,271,159,10,70,http://localhost:8080/search?q=love&year=1994&language=English,76,0,0
1782351919039,70,HTTP Request,200,OK,Year-Language Query 4-10,text,true,,271,159,10,70,http://localhost:8080/search?q=love&year=1994&language=English,70,0,0
1782351919047,64,HTTP Request,200,OK,Year-Language Query 4-7,text,true,,271,159,10,70,http://localhost:8080/search?q=love&year=1994&language=English,64,0,0
1782351919042,72,HTTP Request,200,OK,Year-Language Query 4-4,text,true,,271,159,10,70,http://localhost:8080/search?q=love&year=1994&language=English,72,0,0
1782351919068,65,HTTP Request,200,OK,Year-Language Query 4-6,text,true,,271,159,10,70,http://localhost:8080/search?q=love&year=1994&language=English,65,0,0
1782351919105,55,HTTP Request,200,OK,Year-Language Query 4-5,text,true,,271,159,10,70,http://localhost:8080/search?q=love&year=1994&language=English,55,0,0
1782351919094,67,HTTP Request,200,OK,Year-Language Query 4-2,text,true,,271,159,10,70,http://localhost:8080/search?q=love&year=1994&language=English,67,0,0
1782351919102,65,HTTP Request,200,OK,Year-Language Query 4-8,text,true,,271,159,10,70,http://localhost:8080/search?q=love&year=1994&language=English,65,0,0
1782351919114,61,HTTP Request,200,OK,Year-Language Query 4-4,text,true,,271,159,10,70,http://localhost:8080/search?q=love&year=1994&language=English,61,0,0
1782351919108,67,HTTP Request,200,OK,Year-Language Query 4-1,text,true,,271,159,10,70,http://localhost:8080/search?q=love&year=1994&language=English,67,0,0
1782351919108,78,HTTP Request,200,OK,Year-Language Query 4-9,text,true,,271,159,10,70,http://localhost:8080/search?q=love&year=1994&language=English,78,0,0
1782351919111,75,HTTP Request,200,OK,Year-Language Query 4-7,text,true,,271,159,10,70,http://localhost:8080/search?q=love&year=1994&language=English,75,0,0
1782351919109,82,HTTP Request,200,OK,Year-Language Query 4-10,text,true,,271,159,10,70,http://localhost:8080/search?q=love&year=1994&language=English,82,0,0
1782351919108,86,HTTP Request,200,OK,Year-Language Query 4-3,text,true,,271,159,10,70,http://localhost:8080/search?q=love&year=1994&language=English,86,0,0
1782351919133,83,HTTP Request,200,OK,Year-Language Query 4-6,text,true,,271,159,10,70,http://localhost:8080/search?q=love&year=1994&language=English,83,0,0
1782351919161,75,HTTP Request,200,OK,Year-Language Query 4-2,text,true,,271,159,10,70,http://localhost:8080/search?q=love&year=1994&language=English,75,0,0
1782351919167,69,HTTP Request,200,OK,Year-Language Query 4-8,text,true,,271,159,10,70,http://localhost:8080/search?q=love&year=1994&language=English,69,0,0
1782351919161,76,HTTP Request,200,OK,Year-Language Query 4-5,text,true,,271,159,10,70,http://localhost:8080/search?q=love&year=1994&language=English,76,0,0
1782351919175,65,HTTP Request,200,OK,Year-Language Query 4-1,text,true,,271,159,10,70,http://localhost:8080/search?q=love&year=1994&language=English,65,0,0
1782351919175,66,HTTP Request,200,OK,Year-Language Query 4-4,text,true,,271,159,10,70,http://localhost:8080/search?q=love&year=1994&language=English,66,0,0
1782351919186,82,HTTP Request,200,OK,Year-Language Query 4-7,text,true,,271,159,10,70,http://localhost:8080/search?q=love&year=1994&language=English,82,0,0
1782351919186,83,HTTP Request,200,OK,Year-Language Query 4-9,text,true,,271,159,10,70,http://localhost:8080/search?q=love&year=1994&language=English,83,0,0
1782351919194,87,HTTP Request,200,OK,Year-Language Query 4-3,text,true,,271,159,10,70,http://localhost:8080/search?q=love&year=1994&language=English,87,0,0
1782351919191,93,HTTP Request,200,OK,Year-Language Query 4-10,text,true,,271,159,10,70,http://localhost:8080/search?q=love&year=1994&language=English,93,0,0
1782351919217,78,HTTP Request,200,OK,Year-Language Query 4-6,text,true,,271,159,10,70,http://localhost:8080/search?q=love&year=1994&language=English,78,0,0
1782351919268,57,HTTP Request,200,OK,Year-Language Query 4-7,text,true,,271,159,10,70,http://localhost:8080/search?q=love&year=1994&language=English,57,0,0
1782351919236,95,HTTP Request,200,OK,Year-Language Query 4-8,text,true,,271,159,10,70,http://localhost:8080/search?q=love&year=1994&language=English,95,0,0
1782351919236,102,HTTP Request,200,OK,Year-Language Query 4-2,text,true,,271,159,10,70,http://localhost:8080/search?q=love&year=1994&language=English,102,0,0
1782351919237,102,HTTP Request,200,OK,Year-Language Query 4-5,text,true,,271,159,10,70,http://localhost:8080/search?q=love&year=1994&language=English,102,0,0
1782351919242,97,HTTP Request,200,OK,Year-Language Query 4-4,text,true,,271,159,10,70,http://localhost:8080/search?q=love&year=1994&language=English,97,0,0
1782351919241,99,HTTP Request,200,OK,Year-Language Query 4-1,text,true,,271,159,10,70,http://localhost:8080/search?q=love&year=1994&language=English,99,0,0
1782351919284,64,HTTP Request,200,OK,Year-Language Query 4-10,text,true,,271,159,10,70,http://localhost:8080/search?q=love&year=1994&language=English,64,0,0
1782351919269,104,HTTP Request,200,OK,Year-Language Query 4-9,text,true,,271,159,10,70,http://localhost:8080/search?q=love&year=1994&language=English,104,0,0
1782351919295,90,HTTP Request,200,OK,Year-Language Query 4-6,text,true,,271,159,10,70,http://localhost:8080/search?q=love&year=1994&language=English,90,0,0
1782351919281,115,HTTP Request,200,OK,Year-Language Query 4-3,text,true,,271,159,10,70,http://localhost:8080/search?q=love&year=1994&language=English,115,0,0
1782351919325,76,HTTP Request,200,OK,Year-Language Query 4-7,text,true,,271,159,10,70,http://localhost:8080/search?q=love&year=1994&language=English,76,0,0
1782351919332,73,HTTP Request,200,OK,Year-Language Query 4-8,text,true,,271,159,10,70,http://localhost:8080/search?q=love&year=1994&language=English,73,0,0
1782351919339,85,HTTP Request,200,OK,Year-Language Query 4-5,text,true,,271,159,10,70,http://localhost:8080/search?q=love&year=1994&language=English,85,0,0
1782351919340,84,HTTP Request,200,OK,Year-Language Query 4-1,text,true,,271,159,10,70,http://localhost:8080/search?q=love&year=1994&language=English,84,0,0
1782351919338,86,HTTP Request,200,OK,Year-Language Query 4-2,text,true,,271,159,10,70,http://localhost:8080/search?q=love&year=1994&language=English,86,0,0
1782351919339,96,HTTP Request,200,OK,Year-Language Query 4-4,text,true,,271,159,10,70,http://localhost:8080/search?q=love&year=1994&language=English,96,0,0
1782351919348,93,HTTP Request,200,OK,Year-Language Query 4-10,text,true,,271,159,10,70,http://localhost:8080/search?q=love&year=1994&language=English,93,0,0
1782351919374,76,HTTP Request,200,OK,Year-Language Query 4-9,text,true,,271,159,10,70,http://localhost:8080/search?q=love&year=1994&language=English,76,0,0
1782351919396,54,HTTP Request,200,OK,Year-Language Query 4-3,text,true,,271,159,10,70,http://localhost:8080/search?q=love&year=1994&language=English,54,0,0
1782351919385,66,HTTP Request,200,OK,Year-Language Query 4-6,text,true,,271,159,10,70,http://localhost:8080/search?q=love&year=1994&language=English,66,0,0
1782351919401,71,HTTP Request,200,OK,Year-Language Query 4-7,text,true,,271,159,10,70,http://localhost:8080/search?q=love&year=1994&language=English,71,0,0
1782351919424,55,HTTP Request,200,OK,Year-Language Query 4-5,text,true,,271,159,10,70,http://localhost:8080/search?q=love&year=1994&language=English,55,0,0
1782351919405,78,HTTP Request,200,OK,Year-Language Query 4-8,text,true,,271,159,10,70,http://localhost:8080/search?q=love&year=1994&language=English,78,0,0
1782351919424,59,HTTP Request,200,OK,Year-Language Query 4-2,text,true,,271,159,10,70,http://localhost:8080/search?q=love&year=1994&language=English,59,0,0
1782351919442,58,HTTP Request,200,OK,Year-Language Query 4-10,text,true,,271,159,10,70,http://localhost:8080/search?q=love&year=1994&language=English,58,0,0
1782351919450,50,HTTP Request,200,OK,Year-Language Query 4-3,text,true,,271,159,10,70,http://localhost:8080/search?q=love&year=1994&language=English,50,0,0
1782351919436,65,HTTP Request,200,OK,Year-Language Query 4-4,text,true,,271,159,10,70,http://localhost:8080/search?q=love&year=1994&language=English,65,0,0
1782351919424,78,HTTP Request,200,OK,Year-Language Query 4-1,text,true,,271,159,10,70,http://localhost:8080/search?q=love&year=1994&language=English,78,0,0
1782351919451,56,HTTP Request,200,OK,Year-Language Query 4-6,text,true,,271,159,10,70,http://localhost:8080/search?q=love&year=1994&language=English,56,0,0
1782351919450,58,HTTP Request,200,OK,Year-Language Query 4-9,text,true,,271,159,10,70,http://localhost:8080/search?q=love&year=1994&language=English,58,0,0
1782351919483,57,HTTP Request,200,OK,Year-Language Query 4-8,text,true,,271,159,10,70,http://localhost:8080/search?q=love&year=1994&language=English,57,0,0
1782351919479,61,HTTP Request,200,OK,Year-Language Query 4-5,text,true,,271,159,10,70,http://localhost:8080/search?q=love&year=1994&language=English,61,0,0
1782351919472,71,HTTP Request,200,OK,Year-Language Query 4-7,text,true,,271,159,10,70,http://localhost:8080/search?q=love&year=1994&language=English,71,0,0
1782351919483,61,HTTP Request,200,OK,Year-Language Query 4-2,text,true,,271,159,10,70,http://localhost:8080/search?q=love&year=1994&language=English,61,0,0
1782351919502,70,HTTP Request,200,OK,Year-Language Query 4-1,text,true,,271,159,10,70,http://localhost:8080/search?q=love&year=1994&language=English,70,0,0
1782351919508,83,HTTP Request,200,OK,Year-Language Query 4-9,text,true,,271,159,10,70,http://localhost:8080/search?q=love&year=1994&language=English,83,0,0
1782351919500,91,HTTP Request,200,OK,Year-Language Query 4-3,text,true,,271,159,10,70,http://localhost:8080/search?q=love&year=1994&language=English,91,0,0
1782351919500,99,HTTP Request,200,OK,Year-Language Query 4-10,text,true,,271,159,10,70,http://localhost:8080/search?q=love&year=1994&language=English,99,0,0
1782351919501,99,HTTP Request,200,OK,Year-Language Query 4-4,text,true,,271,159,10,70,http://localhost:8080/search?q=love&year=1994&language=English,99,0,0
1782351919508,92,HTTP Request,200,OK,Year-Language Query 4-6,text,true,,271,159,10,70,http://localhost:8080/search?q=love&year=1994&language=English,92,0,0
1782351919544,75,HTTP Request,200,OK,Year-Language Query 4-2,text,true,,271,159,10,70,http://localhost:8080/search?q=love&year=1994&language=English,75,0,0
1782351919540,82,HTTP Request,200,OK,Year-Language Query 4-8,text,true,,271,159,10,70,http://localhost:8080/search?q=love&year=1994&language=English,82,0,0
1782351919540,82,HTTP Request,200,OK,Year-Language Query 4-5,text,true,,271,159,10,70,http://localhost:8080/search?q=love&year=1994&language=English,82,0,0
1782351919543,79,HTTP Request,200,OK,Year-Language Query 4-7,text,true,,271,159,10,70,http://localhost:8080/search?q=love&year=1994&language=English,79,0,0
1782351919591,59,HTTP Request,200,OK,Year-Language Query 4-3,text,true,,271,159,10,70,http://localhost:8080/search?q=love&year=1994&language=English,59,0,0
1782351919591,60,HTTP Request,200,OK,Year-Language Query 4-9,text,true,,271,159,10,70,http://localhost:8080/search?q=love&year=1994&language=English,60,0,0
1782351919572,79,HTTP Request,200,OK,Year-Language Query 4-1,text,true,,271,159,10,70,http://localhost:8080/search?q=love&year=1994&language=English,79,0,0
1782351919599,64,HTTP Request,200,OK,Year-Language Query 4-10,text,true,,271,159,10,70,http://localhost:8080/search?q=love&year=1994&language=English,64,0,0
1782351919600,74,HTTP Request,200,OK,Year-Language Query 4-4,text,true,,271,159,10,70,http://localhost:8080/search?q=love&year=1994&language=English,74,0,0
1782351919600,74,HTTP Request,200,OK,Year-Language Query 4-6,text,true,,271,159,10,70,http://localhost:8080/search?q=love&year=1994&language=English,74,0,0
1782351919622,71,HTTP Request,200,OK,Year-Language Query 4-8,text,true,,271,159,10,70,http://localhost:8080/search?q=love&year=1994&language=English,71,0,0
1782351919623,77,HTTP Request,200,OK,Year-Language Query 4-7,text,true,,271,159,10,70,http://localhost:8080/search?q=love&year=1994&language=English,77,0,0
1782351919619,84,HTTP Request,200,OK,Year-Language Query 4-2,text,true,,271,159,10,70,http://localhost:8080/search?q=love&year=1994&language=English,84,0,0
1782351919622,86,HTTP Request,200,OK,Year-Language Query 4-5,text,true,,271,159,10,70,http://localhost:8080/search?q=love&year=1994&language=English,86,0,0
1782351919651,73,HTTP Request,200,OK,Year-Language Query 4-3,text,true,,271,159,10,70,http://localhost:8080/search?q=love&year=1994&language=English,73,0,0
1782351919651,93,HTTP Request,200,OK,Year-Language Query 4-9,text,true,,271,159,10,70,http://localhost:8080/search?q=love&year=1994&language=English,93,0,0
1782351919651,96,HTTP Request,200,OK,Year-Language Query 4-1,text,true,,271,159,10,70,http://localhost:8080/search?q=love&year=1994&language=English,96,0,0
1782351919663,96,HTTP Request,200,OK,Year-Language Query 4-10,text,true,,271,159,10,70,http://localhost:8080/search?q=love&year=1994&language=English,96,0,0
1782351919674,97,HTTP Request,200,OK,Year-Language Query 4-4,text,true,,271,159,10,70,http://localhost:8080/search?q=love&year=1994&language=English,97,0,0
1782351919674,103,HTTP Request,200,OK,Year-Language Query 4-6,text,true,,271,159,10,70,http://localhost:8080/search?q=love&year=1994&language=English,103,0,0
1782351919724,73,HTTP Request,200,OK,Year-Language Query 4-3,text,true,,271,159,10,70,http://localhost:8080/search?q=love&year=1994&language=English,73,0,0
1782351919703,96,HTTP Request,200,OK,Year-Language Query 4-2,text,true,,271,159,10,70,http://localhost:8080/search?q=love&year=1994&language=English,96,0,0
1782351919702,97,HTTP Request,200,OK,Year-Language Query 4-7,text,true,,271,159,10,70,http://localhost:8080/search?q=love&year=1994&language=English,97,0,0
1782351919694,106,HTTP Request,200,OK,Year-Language Query 4-8,text,true,,271,159,10,70,http://localhost:8080/search?q=love&year=1994&language=English,106,0,0
1782351919708,94,HTTP Request,200,OK,Year-Language Query 4-5,text,true,,271,159,10,70,http://localhost:8080/search?q=love&year=1994&language=English,94,0,0
1782351919747,87,HTTP Request,200,OK,Year-Language Query 4-1,text,true,,271,159,10,70,http://localhost:8080/search?q=love&year=1994&language=English,87,0,0
1782351919744,90,HTTP Request,200,OK,Year-Language Query 4-9,text,true,,271,159,10,70,http://localhost:8080/search?q=love&year=1994&language=English,90,0,0
1782351919759,93,HTTP Request,200,OK,Year-Language Query 4-10,text,true,,271,159,10,70,http://localhost:8080/search?q=love&year=1994&language=English,93,0,0
1782351919771,94,HTTP Request,200,OK,Year-Language Query 4-4,text,true,,271,159,10,70,http://localhost:8080/search?q=love&year=1994&language=English,94,0,0
1782351919799,70,HTTP Request,200,OK,Year-Language Query 4-2,text,true,,271,159,10,70,http://localhost:8080/search?q=love&year=1994&language=English,70,0,0
1782351919799,76,HTTP Request,200,OK,Year-Language Query 4-7,text,true,,271,159,10,70,http://localhost:8080/search?q=love&year=1994&language=English,76,0,0
1782351919777,100,HTTP Request,200,OK,Year-Language Query 4-6,text,true,,271,159,10,70,http://localhost:8080/search?q=love&year=1994&language=English,100,0,0
1782351919798,107,HTTP Request,200,OK,Year-Language Query 4-3,text,true,,271,159,10,70,http://localhost:8080/search?q=love&year=1994&language=English,107,0,0
1782351919802,108,HTTP Request,200,OK,Year-Language Query 4-5,text,true,,271,159,10,70,http://localhost:8080/search?q=love&year=1994&language=English,108,0,0
1782351919800,121,HTTP Request,200,OK,Year-Language Query 4-8,text,true,,271,159,10,70,http://localhost:8080/search?q=love&year=1994&language=English,121,0,0
1782351919865,56,HTTP Request,200,OK,Year-Language Query 4-4,text,true,,271,159,10,70,http://localhost:8080/search?q=love&year=1994&language=English,56,0,0
1782351919875,80,HTTP Request,200,OK,Year-Language Query 4-7,text,true,,271,159,10,70,http://localhost:8080/search?q=love&year=1994&language=English,80,0,0
1782351919878,84,HTTP Request,200,OK,Year-Language Query 4-6,text,true,,271,159,10,70,http://localhost:8080/search?q=love&year=1994&language=English,84,0,0
1782351919834,128,HTTP Request,200,OK,Year-Language Query 4-9,text,true,,271,159,10,70,http://localhost:8080/search?q=love&year=1994&language=English,128,0,0
1782351919869,94,HTTP Request,200,OK,Year-Language Query 4-2,text,true,,271,159,10,70,http://localhost:8080/search?q=love&year=1994&language=English,94,0,0
1782351919852,111,HTTP Request,200,OK,Year-Language Query 4-10,text,true,,271,159,10,70,http://localhost:8080/search?q=love&year=1994&language=English,111,0,0
1782351919834,129,HTTP Request,200,OK,Year-Language Query 4-1,text,true,,271,159,10,70,http://localhost:8080/search?q=love&year=1994&language=English,129,0,0
1782351919905,79,HTTP Request,200,OK,Year-Language Query 4-3,text,true,,271,159,10,70,http://localhost:8080/search?q=love&year=1994&language=English,79,0,0
1782351919910,123,HTTP Request,200,OK,Year-Language Query 4-5,text,true,,271,159,10,70,http://localhost:8080/search?q=love&year=1994&language=English,123,0,0
1782351919921,112,HTTP Request,200,OK,Year-Language Query 4-4,text,true,,271,159,10,70,http://localhost:8080/search?q=love&year=1994&language=English,112,0,0
1782351919921,133,HTTP Request,200,OK,Year-Language Query 4-8,text,true,,271,159,10,70,http://localhost:8080/search?q=love&year=1994&language=English,133,0,0
1782351919964,102,HTTP Request,200,OK,Year-Language Query 4-1,text,true,,271,159,10,70,http://localhost:8080/search?q=love&year=1994&language=English,102,0,0
1782351919962,105,HTTP Request,200,OK,Year-Language Query 4-9,text,true,,271,159,10,70,http://localhost:8080/search?q=love&year=1994&language=English,105,0,0
1782351919964,120,HTTP Request,200,OK,Year-Language Query 4-10,text,true,,271,159,10,70,http://localhost:8080/search?q=love&year=1994&language=English,120,0,0
1782351919963,143,HTTP Request,200,OK,Year-Language Query 4-2,text,true,,271,159,10,70,http://localhost:8080/search?q=love&year=1994&language=English,143,0,0
1782351919955,152,HTTP Request,200,OK,Year-Language Query 4-7,text,true,,271,159,10,70,http://localhost:8080/search?q=love&year=1994&language=English,152,0,0
1782351919962,145,HTTP Request,200,OK,Year-Language Query 4-6,text,true,,271,159,10,70,http://localhost:8080/search?q=love&year=1994&language=English,145,0,0
1782351919985,136,HTTP Request,200,OK,Year-Language Query 4-3,text,true,,271,159,10,70,http://localhost:8080/search?q=love&year=1994&language=English,136,0,0
1782351920033,117,HTTP Request,200,OK,Year-Language Query 4-4,text,true,,271,159,10,70,http://localhost:8080/search?q=love&year=1994&language=English,117,0,0
1782351920033,124,HTTP Request,200,OK,Year-Language Query 4-5,text,true,,271,159,10,70,http://localhost:8080/search?q=love&year=1994&language=English,124,0,0
1782351920055,124,HTTP Request,200,OK,Year-Language Query 4-8,text,true,,271,159,10,70,http://localhost:8080/search?q=love&year=1994&language=English,124,0,0
1782351920066,163,HTTP Request,200,OK,Year-Language Query 4-1,text,true,,271,159,10,70,http://localhost:8080/search?q=love&year=1994&language=English,163,0,0
1782351920067,163,HTTP Request,200,OK,Year-Language Query 4-9,text,true,,271,159,10,70,http://localhost:8080/search?q=love&year=1994&language=English,163,0,0
1782351920106,125,HTTP Request,200,OK,Year-Language Query 4-2,text,true,,271,159,10,70,http://localhost:8080/search?q=love&year=1994&language=English,125,0,0
1782351920084,164,HTTP Request,200,OK,Year-Language Query 4-10,text,true,,271,159,10,70,http://localhost:8080/search?q=love&year=1994&language=English,164,0,0
1782351920107,142,HTTP Request,200,OK,Year-Language Query 4-7,text,true,,271,159,10,70,http://localhost:8080/search?q=love&year=1994&language=English,142,0,0
1782351920107,168,HTTP Request,200,OK,Year-Language Query 4-6,text,true,,271,159,10,70,http://localhost:8080/search?q=love&year=1994&language=English,168,0,0
1782351920157,119,HTTP Request,200,OK,Year-Language Query 4-5,text,true,,271,159,10,70,http://localhost:8080/search?q=love&year=1994&language=English,119,0,0
1782351920150,127,HTTP Request,200,OK,Year-Language Query 4-4,text,true,,271,159,10,70,http://localhost:8080/search?q=love&year=1994&language=English,127,0,0
1782351920121,199,HTTP Request,200,OK,Year-Language Query 4-3,text,true,,271,159,10,70,http://localhost:8080/search?q=love&year=1994&language=English,199,0,0
1782351920179,141,HTTP Request,200,OK,Year-Language Query 4-8,text,true,,271,159,10,70,http://localhost:8080/search?q=love&year=1994&language=English,141,0,0
1782351920230,106,HTTP Request,200,OK,Year-Language Query 4-9,text,true,,271,159,10,70,http://localhost:8080/search?q=love&year=1994&language=English,106,0,0
1782351920248,104,HTTP Request,200,OK,Year-Language Query 4-10,text,true,,271,159,10,70,http://localhost:8080/search?q=love&year=1994&language=English,104,0,0
1782351920231,125,HTTP Request,200,OK,Year-Language Query 4-2,text,true,,271,159,10,70,http://localhost:8080/search?q=love&year=1994&language=English,125,0,0
1782351920229,139,HTTP Request,200,OK,Year-Language Query 4-1,text,true,,271,159,10,70,http://localhost:8080/search?q=love&year=1994&language=English,139,0,0
1782351920249,137,HTTP Request,200,OK,Year-Language Query 4-7,text,true,,271,159,10,70,http://localhost:8080/search?q=love&year=1994&language=English,137,0,0
1782351920275,119,HTTP Request,200,OK,Year-Language Query 4-6,text,true,,271,159,10,70,http://localhost:8080/search?q=love&year=1994&language=English,119,0,0
1782351920277,130,HTTP Request,200,OK,Year-Language Query 4-4,text,true,,271,159,10,70,http://localhost:8080/search?q=love&year=1994&language=English,130,0,0
1782351920320,104,HTTP Request,200,OK,Year-Language Query 4-8,text,true,,271,159,10,70,http://localhost:8080/search?q=love&year=1994&language=English,104,0,0
1782351920320,105,HTTP Request,200,OK,Year-Language Query 4-3,text,true,,271,159,10,70,http://localhost:8080/search?q=love&year=1994&language=English,105,0,0
1782351920276,149,HTTP Request,200,OK,Year-Language Query 4-5,text,true,,271,159,10,70,http://localhost:8080/search?q=love&year=1994&language=English,149,0,0
1782351920336,125,HTTP Request,200,OK,Year-Language Query 4-9,text,true,,271,159,10,70,http://localhost:8080/search?q=love&year=1994&language=English,125,0,0
1782351920386,81,HTTP Request,200,OK,Year-Language Query 4-7,text,true,,271,159,10,70,http://localhost:8080/search?q=love&year=1994&language=English,81,0,0
1782351920352,115,HTTP Request,200,OK,Year-Language Query 4-10,text,true,,271,159,10,70,http://localhost:8080/search?q=love&year=1994&language=English,115,0,0
1782351920356,112,HTTP Request,200,OK,Year-Language Query 4-2,text,true,,271,159,10,70,http://localhost:8080/search?q=love&year=1994&language=English,112,0,0
1782351920394,85,HTTP Request,200,OK,Year-Language Query 4-6,text,true,,271,159,10,70,http://localhost:8080/search?q=love&year=1994&language=English,85,0,0
1782351920424,92,HTTP Request,200,OK,Year-Language Query 4-8,text,true,,271,159,10,70,http://localhost:8080/search?q=love&year=1994&language=English,92,0,0
1782351920407,109,HTTP Request,200,OK,Year-Language Query 4-4,text,true,,271,159,10,70,http://localhost:8080/search?q=love&year=1994&language=English,109,0,0
1782351920368,148,HTTP Request,200,OK,Year-Language Query 4-1,text,true,,271,159,10,70,http://localhost:8080/search?q=love&year=1994&language=English,148,0,0
1782351920425,107,HTTP Request,200,OK,Year-Language Query 4-3,text,true,,271,159,10,70,http://localhost:8080/search?q=love&year=1994&language=English,107,0,0
1782351920425,128,HTTP Request,200,OK,Year-Language Query 4-5,text,true,,271,159,10,70,http://localhost:8080/search?q=love&year=1994&language=English,128,0,0
1782351920467,109,HTTP Request,200,OK,Year-Language Query 4-7,text,true,,271,159,10,70,http://localhost:8080/search?q=love&year=1994&language=English,109,0,0
1782351920468,109,HTTP Request,200,OK,Year-Language Query 4-2,text,true,,271,159,10,70,http://localhost:8080/search?q=love&year=1994&language=English,109,0,0
1782351920479,98,HTTP Request,200,OK,Year-Language Query 4-6,text,true,,271,159,10,70,http://localhost:8080/search?q=love&year=1994&language=English,98,0,0
1782351920462,124,HTTP Request,200,OK,Year-Language Query 4-9,text,true,,271,159,10,70,http://localhost:8080/search?q=love&year=1994&language=English,124,0,0
1782351920467,130,HTTP Request,200,OK,Year-Language Query 4-10,text,true,,271,159,10,70,http://localhost:8080/search?q=love&year=1994&language=English,130,0,0
1782351920516,99,HTTP Request,200,OK,Year-Language Query 4-4,text,true,,271,159,10,70,http://localhost:8080/search?q=love&year=1994&language=English,99,0,0
1782351920516,104,HTTP Request,200,OK,Year-Language Query 4-8,text,true,,271,159,10,70,http://localhost:8080/search?q=love&year=1994&language=English,104,0,0
1782351920516,113,HTTP Request,200,OK,Year-Language Query 4-1,text,true,,271,159,10,70,http://localhost:8080/search?q=love&year=1994&language=English,113,0,0
1782351920532,105,HTTP Request,200,OK,Year-Language Query 4-3,text,true,,271,159,10,70,http://localhost:8080/search?q=love&year=1994&language=English,105,0,0
1782351920553,108,HTTP Request,200,OK,Year-Language Query 4-5,text,true,,271,159,10,70,http://localhost:8080/search?q=love&year=1994&language=English,108,0,0
1782351920577,98,HTTP Request,200,OK,Year-Language Query 4-6,text,true,,271,159,10,70,http://localhost:8080/search?q=love&year=1994&language=English,98,0,0
1782351920577,98,HTTP Request,200,OK,Year-Language Query 4-2,text,true,,271,159,10,70,http://localhost:8080/search?q=love&year=1994&language=English,98,0,0
1782351920577,98,HTTP Request,200,OK,Year-Language Query 4-7,text,true,,271,159,10,70,http://localhost:8080/search?q=love&year=1994&language=English,98,0,0
1782351920587,95,HTTP Request,200,OK,Year-Language Query 4-9,text,true,,271,159,10,70,http://localhost:8080/search?q=love&year=1994&language=English,95,0,0
1782351920615,82,HTTP Request,200,OK,Year-Language Query 4-4,text,true,,271,159,10,70,http://localhost:8080/search?q=love&year=1994&language=English,82,0,0
1782351920597,101,HTTP Request,200,OK,Year-Language Query 4-10,text,true,,271,159,10,70,http://localhost:8080/search?q=love&year=1994&language=English,101,0,0
1782351920620,79,HTTP Request,200,OK,Year-Language Query 4-8,text,true,,271,159,10,70,http://localhost:8080/search?q=love&year=1994&language=English,79,0,0
1782351920629,77,HTTP Request,200,OK,Year-Language Query 4-1,text,true,,271,159,10,70,http://localhost:8080/search?q=love&year=1994&language=English,77,0,0
1782351920638,84,HTTP Request,200,OK,Year-Language Query 4-3,text,true,,271,159,10,70,http://localhost:8080/search?q=love&year=1994&language=English,84,0,0
1782351920682,74,HTTP Request,200,OK,Year-Language Query 4-9,text,true,,271,159,10,70,http://localhost:8080/search?q=love&year=1994&language=English,74,0,0
1782351920675,81,HTTP Request,200,OK,Year-Language Query 4-6,text,true,,271,159,10,70,http://localhost:8080/search?q=love&year=1994&language=English,81,0,0
1782351920662,94,HTTP Request,200,OK,Year-Language Query 4-5,text,true,,271,159,10,70,http://localhost:8080/search?q=love&year=1994&language=English,94,0,0
1782351920675,81,HTTP Request,200,OK,Year-Language Query 4-2,text,true,,271,159,10,70,http://localhost:8080/search?q=love&year=1994&language=English,81,0,0
1782351920676,80,HTTP Request,200,OK,Year-Language Query 4-7,text,true,,271,159,10,70,http://localhost:8080/search?q=love&year=1994&language=English,80,0,0
1782351920698,62,HTTP Request,200,OK,Year-Language Query 4-10,text,true,,271,159,10,70,http://localhost:8080/search?q=love&year=1994&language=English,62,0,0
1782351920706,68,HTTP Request,200,OK,Year-Language Query 4-1,text,true,,271,159,10,70,http://localhost:8080/search?q=love&year=1994&language=English,68,0,0
1782351920699,80,HTTP Request,200,OK,Year-Language Query 4-8,text,true,,271,159,10,70,http://localhost:8080/search?q=love&year=1994&language=English,80,0,0
1782351920697,97,HTTP Request,200,OK,Year-Language Query 4-4,text,true,,271,159,10,70,http://localhost:8080/search?q=love&year=1994&language=English,97,0,0
1782351920722,74,HTTP Request,200,OK,Year-Language Query 4-3,text,true,,271,159,10,70,http://localhost:8080/search?q=love&year=1994&language=English,74,0,0
1782351920756,57,HTTP Request,200,OK,Year-Language Query 4-9,text,true,,271,159,10,70,http://localhost:8080/search?q=love&year=1994&language=English,57,0,0
1782351920756,58,HTTP Request,200,OK,Year-Language Query 4-6,text,true,,271,159,10,70,http://localhost:8080/search?q=love&year=1994&language=English,58,0,0
1782351920756,58,HTTP Request,200,OK,Year-Language Query 4-2,text,true,,271,159,10,70,http://localhost:8080/search?q=love&year=1994&language=English,58,0,0
1782351920756,61,HTTP Request,200,OK,Year-Language Query 4-7,text,true,,271,159,10,70,http://localhost:8080/search?q=love&year=1994&language=English,61,0,0
1782351920756,61,HTTP Request,200,OK,Year-Language Query 4-5,text,true,,271,159,10,70,http://localhost:8080/search?q=love&year=1994&language=English,61,0,0
1782351920760,68,HTTP Request,200,OK,Year-Language Query 4-10,text,true,,271,159,10,70,http://localhost:8080/search?q=love&year=1994&language=English,68,0,0
1782351920775,62,HTTP Request,200,OK,Year-Language Query 4-1,text,true,,271,159,10,70,http://localhost:8080/search?q=love&year=1994&language=English,62,0,0
1782351920779,69,HTTP Request,200,OK,Year-Language Query 4-8,text,true,,271,159,10,70,http://localhost:8080/search?q=love&year=1994&language=English,69,0,0
1782351920817,65,HTTP Request,200,OK,Year-Language Query 4-7,text,true,,271,159,10,70,http://localhost:8080/search?q=love&year=1994&language=English,65,0,0
1782351920813,69,HTTP Request,200,OK,Year-Language Query 4-9,text,true,,271,159,10,70,http://localhost:8080/search?q=love&year=1994&language=English,69,0,0
1782351920796,97,HTTP Request,200,OK,Year-Language Query 4-3,text,true,,271,159,10,70,http://localhost:8080/search?q=love&year=1994&language=English,97,0,0
1782351920837,57,HTTP Request,200,OK,Year-Language Query 4-1,text,true,,271,159,10,70,http://localhost:8080/search?q=love&year=1994&language=English,57,0,0
1782351920817,77,HTTP Request,200,OK,Year-Language Query 4-5,text,true,,271,159,10,70,http://localhost:8080/search?q=love&year=1994&language=English,77,0,0
1782351920814,80,HTTP Request,200,OK,Year-Language Query 4-6,text,true,,271,159,10,70,http://localhost:8080/search?q=love&year=1994&language=English,80,0,0
1782351920794,100,HTTP Request,200,OK,Year-Language Query 4-4,text,true,,271,159,10,70,http://localhost:8080/search?q=love&year=1994&language=English,100,0,0
1782351920829,89,HTTP Request,200,OK,Year-Language Query 4-10,text,true,,271,159,10,70,http://localhost:8080/search?q=love&year=1994&language=English,89,0,0
1782351920814,115,HTTP Request,200,OK,Year-Language Query 4-2,text,true,,271,159,10,70,http://localhost:8080/search?q=love&year=1994&language=English,115,0,0
1782351920848,89,HTTP Request,200,OK,Year-Language Query 4-8,text,true,,271,159,10,70,http://localhost:8080/search?q=love&year=1994&language=English,89,0,0
1782351920894,106,HTTP Request,200,OK,Year-Language Query 4-5,text,true,,271,159,10,70,http://localhost:8080/search?q=love&year=1994&language=English,106,0,0
1782351920882,119,HTTP Request,200,OK,Year-Language Query 4-9,text,true,,271,159,10,70,http://localhost:8080/search?q=love&year=1994&language=English,119,0,0
1782351920894,113,HTTP Request,200,OK,Year-Language Query 4-1,text,true,,271,159,10,70,http://localhost:8080/search?q=love&year=1994&language=English,113,0,0
1782351920882,163,HTTP Request,200,OK,Year-Language Query 4-7,text,true,,271,159,10,70,http://localhost:8080/search?q=love&year=1994&language=English,163,0,0
1782351920894,158,HTTP Request,200,OK,Year-Language Query 4-6,text,true,,271,159,10,70,http://localhost:8080/search?q=love&year=1994&language=English,158,0,0
1782351920893,159,HTTP Request,200,OK,Year-Language Query 4-3,text,true,,271,159,10,70,http://localhost:8080/search?q=love&year=1994&language=English,159,0,0
1782351920918,135,HTTP Request,200,OK,Year-Language Query 4-10,text,true,,271,159,10,70,http://localhost:8080/search?q=love&year=1994&language=English,135,0,0
1782351920894,159,HTTP Request,200,OK,Year-Language Query 4-4,text,true,,271,159,10,70,http://localhost:8080/search?q=love&year=1994&language=English,159,0,0
1782351920929,142,HTTP Request,200,OK,Year-Language Query 4-2,text,true,,271,159,10,70,http://localhost:8080/search?q=love&year=1994&language=English,142,0,0
1782351920937,141,HTTP Request,200,OK,Year-Language Query 4-8,text,true,,271,159,10,70,http://localhost:8080/search?q=love&year=1994&language=English,141,0,0
1782351921008,89,HTTP Request,200,OK,Year-Language Query 4-1,text,true,,271,159,10,70,http://localhost:8080/search?q=love&year=1994&language=English,89,0,0
1782351921001,105,HTTP Request,200,OK,Year-Language Query 4-9,text,true,,271,159,10,70,http://localhost:8080/search?q=love&year=1994&language=English,105,0,0
1782351921000,119,HTTP Request,200,OK,Year-Language Query 4-5,text,true,,271,159,10,70,http://localhost:8080/search?q=love&year=1994&language=English,119,0,0
1782351921052,89,HTTP Request,200,OK,Year-Language Query 4-3,text,true,,271,159,10,70,http://localhost:8080/search?q=love&year=1994&language=English,89,0,0
1782351921053,88,HTTP Request,200,OK,Year-Language Query 4-10,text,true,,271,159,10,70,http://localhost:8080/search?q=love&year=1994&language=English,88,0,0
1782351921052,110,HTTP Request,200,OK,Year-Language Query 4-6,text,true,,271,159,10,70,http://localhost:8080/search?q=love&year=1994&language=English,110,0,0
1782351921072,91,HTTP Request,200,OK,Year-Language Query 4-2,text,true,,271,159,10,70,http://localhost:8080/search?q=love&year=1994&language=English,91,0,0
1782351921045,118,HTTP Request,200,OK,Year-Language Query 4-7,text,true,,271,159,10,70,http://localhost:8080/search?q=love&year=1994&language=English,118,0,0
1782351921053,111,HTTP Request,200,OK,Year-Language Query 4-4,text,true,,271,159,10,70,http://localhost:8080/search?q=love&year=1994&language=English,111,0,0
1782351921078,108,HTTP Request,200,OK,Year-Language Query 4-8,text,true,,271,159,10,70,http://localhost:8080/search?q=love&year=1994&language=English,108,0,0
1782351921097,112,HTTP Request,200,OK,Year-Language Query 4-1,text,true,,271,159,10,70,http://localhost:8080/search?q=love&year=1994&language=English,112,0,0
1782351921120,103,HTTP Request,200,OK,Year-Language Query 4-5,text,true,,271,159,10,70,http://localhost:8080/search?q=love&year=1994&language=English,103,0,0
1782351921106,120,HTTP Request,200,OK,Year-Language Query 4-9,text,true,,271,159,10,70,http://localhost:8080/search?q=love&year=1994&language=English,120,0,0
1782351921141,97,HTTP Request,200,OK,Year-Language Query 4-3,text,true,,271,159,10,70,http://localhost:8080/search?q=love&year=1994&language=English,97,0,0
1782351921141,97,HTTP Request,200,OK,Year-Language Query 4-10,text,true,,271,159,10,70,http://localhost:8080/search?q=love&year=1994&language=English,97,0,0
1782351921164,152,HTTP Request,200,OK,Year-Language Query 4-4,text,true,,271,159,10,70,http://localhost:8080/search?q=love&year=1994&language=English,152,0,0
1782351921186,133,HTTP Request,200,OK,Year-Language Query 4-8,text,true,,271,159,10,70,http://localhost:8080/search?q=love&year=1994&language=English,133,0,0
1782351921162,158,HTTP Request,200,OK,Year-Language Query 4-6,text,true,,271,159,10,70,http://localhost:8080/search?q=love&year=1994&language=English,158,0,0
1782351921163,157,HTTP Request,200,OK,Year-Language Query 4-7,text,true,,271,159,10,70,http://localhost:8080/search?q=love&year=1994&language=English,157,0,0
1782351921163,157,HTTP Request,200,OK,Year-Language Query 4-2,text,true,,271,159,10,70,http://localhost:8080/search?q=love&year=1994&language=English,157,0,0
1782351921210,119,HTTP Request,200,OK,Year-Language Query 4-1,text,true,,271,159,10,70,http://localhost:8080/search?q=love&year=1994&language=English,119,0,0
1782351921224,127,HTTP Request,200,OK,Year-Language Query 4-5,text,true,,271,159,10,70,http://localhost:8080/search?q=love&year=1994&language=English,127,0,0
1782351921226,126,HTTP Request,200,OK,Year-Language Query 4-9,text,true,,271,159,10,70,http://localhost:8080/search?q=love&year=1994&language=English,126,0,0
1782351921239,115,HTTP Request,200,OK,Year-Language Query 4-3,text,true,,271,159,10,70,http://localhost:8080/search?q=love&year=1994&language=English,115,0,0
1782351921239,141,HTTP Request,200,OK,Year-Language Query 4-10,text,true,,271,159,10,70,http://localhost:8080/search?q=love&year=1994&language=English,141,0,0
1782351921330,102,HTTP Request,200,OK,Year-Language Query 4-1,text,true,,271,159,10,70,http://localhost:8080/search?q=love&year=1994&language=English,101,0,0
1782351921321,111,HTTP Request,200,OK,Year-Language Query 4-2,text,true,,271,159,10,70,http://localhost:8080/search?q=love&year=1994&language=English,111,0,0
1782351921316,116,HTTP Request,200,OK,Year-Language Query 4-4,text,true,,271,159,10,70,http://localhost:8080/search?q=love&year=1994&language=English,116,0,0
1782351921320,113,HTTP Request,200,OK,Year-Language Query 4-8,text,true,,271,159,10,70,http://localhost:8080/search?q=love&year=1994&language=English,113,0,0
1782351921320,113,HTTP Request,200,OK,Year-Language Query 4-6,text,true,,271,159,10,70,http://localhost:8080/search?q=love&year=1994&language=English,113,0,0
1782351921320,126,HTTP Request,200,OK,Year-Language Query 4-7,text,true,,271,159,10,70,http://localhost:8080/search?q=love&year=1994&language=English,126,0,0
1782351921380,89,HTTP Request,200,OK,Year-Language Query 4-10,text,true,,271,159,10,70,http://localhost:8080/search?q=love&year=1994&language=English,89,0,0
1782351921352,119,HTTP Request,200,OK,Year-Language Query 4-5,text,true,,271,159,10,70,http://localhost:8080/search?q=love&year=1994&language=English,119,0,0
1782351921355,116,HTTP Request,200,OK,Year-Language Query 4-3,text,true,,271,159,10,70,http://localhost:8080/search?q=love&year=1994&language=English,116,0,0
1782351921352,126,HTTP Request,200,OK,Year-Language Query 4-9,text,true,,271,159,10,70,http://localhost:8080/search?q=love&year=1994&language=English,126,0,0
1782351921432,71,HTTP Request,200,OK,Year-Language Query 4-2,text,true,,271,159,10,70,http://localhost:8080/search?q=love&year=1994&language=English,71,0,0
1782351921433,84,HTTP Request,200,OK,Year-Language Query 4-8,text,true,,271,159,10,70,http://localhost:8080/search?q=love&year=1994&language=English,84,0,0
1782351921447,75,HTTP Request,200,OK,Year-Language Query 4-7,text,true,,271,159,10,70,http://localhost:8080/search?q=love&year=1994&language=English,75,0,0
1782351921469,65,HTTP Request,200,OK,Year-Language Query 4-10,text,true,,271,159,10,70,http://localhost:8080/search?q=love&year=1994&language=English,65,0,0
1782351921471,63,HTTP Request,200,OK,Year-Language Query 4-5,text,true,,271,159,10,70,http://localhost:8080/search?q=love&year=1994&language=English,63,0,0
1782351921432,103,HTTP Request,200,OK,Year-Language Query 4-4,text,true,,271,159,10,70,http://localhost:8080/search?q=love&year=1994&language=English,103,0,0
1782351921433,112,HTTP Request,200,OK,Year-Language Query 4-6,text,true,,271,159,10,70,http://localhost:8080/search?q=love&year=1994&language=English,112,0,0
1782351921432,113,HTTP Request,200,OK,Year-Language Query 4-1,text,true,,271,159,10,70,http://localhost:8080/search?q=love&year=1994&language=English,113,0,0
1782351921478,68,HTTP Request,200,OK,Year-Language Query 4-9,text,true,,271,159,10,70,http://localhost:8080/search?q=love&year=1994&language=English,68,0,0
1782351921503,68,HTTP Request,200,OK,Year-Language Query 4-2,text,true,,271,159,10,70,http://localhost:8080/search?q=love&year=1994&language=English,68,0,0
1782351921471,100,HTTP Request,200,OK,Year-Language Query 4-3,text,true,,271,159,10,70,http://localhost:8080/search?q=love&year=1994&language=English,100,0,0
1782351921517,84,HTTP Request,200,OK,Year-Language Query 4-8,text,true,,271,159,10,70,http://localhost:8080/search?q=love&year=1994&language=English,84,0,0
1782351921535,75,HTTP Request,200,OK,Year-Language Query 4-4,text,true,,271,159,10,70,http://localhost:8080/search?q=love&year=1994&language=English,75,0,0
1782351921523,87,HTTP Request,200,OK,Year-Language Query 4-7,text,true,,271,159,10,70,http://localhost:8080/search?q=love&year=1994&language=English,87,0,0
1782351921545,76,HTTP Request,200,OK,Year-Language Query 4-6,text,true,,271,159,10,70,http://localhost:8080/search?q=love&year=1994&language=English,76,0,0
1782351921545,76,HTTP Request,200,OK,Year-Language Query 4-1,text,true,,271,159,10,70,http://localhost:8080/search?q=love&year=1994&language=English,76,0,0
1782351921546,76,HTTP Request,200,OK,Year-Language Query 4-9,text,true,,271,159,10,70,http://localhost:8080/search?q=love&year=1994&language=English,76,0,0
1782351921534,88,HTTP Request,200,OK,Year-Language Query 4-10,text,true,,271,159,10,70,http://localhost:8080/search?q=love&year=1994&language=English,88,0,0
1782351921534,88,HTTP Request,200,OK,Year-Language Query 4-5,text,true,,271,159,10,70,http://localhost:8080/search?q=love&year=1994&language=English,88,0,0
1782351921571,70,HTTP Request,200,OK,Year-Language Query 4-2,text,true,,271,159,10,70,http://localhost:8080/search?q=love&year=1994&language=English,70,0,0
1782351921571,70,HTTP Request,200,OK,Year-Language Query 4-3,text,true,,271,159,10,70,http://localhost:8080/search?q=love&year=1994&language=English,70,0,0
1782351921601,61,HTTP Request,200,OK,Year-Language Query 4-8,text,true,,271,159,10,70,http://localhost:8080/search?q=love&year=1994&language=English,61,0,0
1782351921610,57,HTTP Request,200,OK,Year-Language Query 4-4,text,true,,271,159,10,70,http://localhost:8080/search?q=love&year=1994&language=English,57,0,0
1782351921610,69,HTTP Request,200,OK,Year-Language Query 4-7,text,true,,271,159,10,70,http://localhost:8080/search?q=love&year=1994&language=English,69,0,0
1782351921622,57,HTTP Request,200,OK,Year-Language Query 4-5,text,true,,271,159,10,70,http://localhost:8080/search?q=love&year=1994&language=English,57,0,0
1782351921622,63,HTTP Request,200,OK,Year-Language Query 4-10,text,true,,271,159,10,70,http://localhost:8080/search?q=love&year=1994&language=English,63,0,0
1782351921622,64,HTTP Request,200,OK,Year-Language Query 4-9,text,true,,271,159,10,70,http://localhost:8080/search?q=love&year=1994&language=English,64,0,0
1782351921622,74,HTTP Request,200,OK,Year-Language Query 4-1,text,true,,271,159,10,70,http://localhost:8080/search?q=love&year=1994&language=English,74,0,0
1782351921622,101,HTTP Request,200,OK,Year-Language Query 4-6,text,true,,271,159,10,70,http://localhost:8080/search?q=love&year=1994&language=English,101,0,0
1782351921662,73,HTTP Request,200,OK,Year-Language Query 4-8,text,true,,271,159,10,70,http://localhost:8080/search?q=love&year=1994&language=English,73,0,0
1782351921641,144,HTTP Request,200,OK,Year-Language Query 4-2,text,true,,271,159,10,70,http://localhost:8080/search?q=love&year=1994&language=English,144,0,0
1782351921679,107,HTTP Request,200,OK,Year-Language Query 4-5,text,true,,271,159,10,70,http://localhost:8080/search?q=love&year=1994&language=English,107,0,0
1782351921686,101,HTTP Request,200,OK,Year-Language Query 4-9,text,true,,271,159,10,70,http://localhost:8080/search?q=love&year=1994&language=English,101,0,0
1782351921641,146,HTTP Request,200,OK,Year-Language Query 4-3,text,true,,271,159,10,70,http://localhost:8080/search?q=love&year=1994&language=English,146,0,0
1782351921685,102,HTTP Request,200,OK,Year-Language Query 4-10,text,true,,271,159,10,70,http://localhost:8080/search?q=love&year=1994&language=English,102,0,0
1782351921667,127,HTTP Request,200,OK,Year-Language Query 4-4,text,true,,271,159,10,70,http://localhost:8080/search?q=love&year=1994&language=English,127,0,0
1782351921697,97,HTTP Request,200,OK,Year-Language Query 4-1,text,true,,271,159,10,70,http://localhost:8080/search?q=love&year=1994&language=English,97,0,0
1782351921679,115,HTTP Request,200,OK,Year-Language Query 4-7,text,true,,271,159,10,70,http://localhost:8080/search?q=love&year=1994&language=English,115,0,0
1782351921723,95,HTTP Request,200,OK,Year-Language Query 4-6,text,true,,271,159,10,70,http://localhost:8080/search?q=love&year=1994&language=English,95,0,0
1782351921735,83,HTTP Request,200,OK,Year-Language Query 4-8,text,true,,271,159,10,70,http://localhost:8080/search?q=love&year=1994&language=English,83,0,0
1782351921794,56,HTTP Request,200,OK,Year-Language Query 4-4,text,true,,271,159,10,70,http://localhost:8080/search?q=love&year=1994&language=English,56,0,0
1782351921788,69,HTTP Request,200,OK,Year-Language Query 4-10,text,true,,271,159,10,70,http://localhost:8080/search?q=love&year=1994&language=English,69,0,0
1782351921785,73,HTTP Request,200,OK,Year-Language Query 4-2,text,true,,271,159,10,70,http://localhost:8080/search?q=love&year=1994&language=English,73,0,0
1782351921787,72,HTTP Request,200,OK,Year-Language Query 4-3,text,true,,271,159,10,70,http://localhost:8080/search?q=love&year=1994&language=English,72,0,0
1782351921786,73,HTTP Request,200,OK,Year-Language Query 4-5,text,true,,271,159,10,70,http://localhost:8080/search?q=love&year=1994&language=English,73,0,0
1782351921794,65,HTTP Request,200,OK,Year-Language Query 4-1,text,true,,271,159,10,70,http://localhost:8080/search?q=love&year=1994&language=English,65,0,0
1782351921787,78,HTTP Request,200,OK,Year-Language Query 4-9,text,true,,271,159,10,70,http://localhost:8080/search?q=love&year=1994&language=English,78,0,0
1782351921794,80,HTTP Request,200,OK,Year-Language Query 4-7,text,true,,271,159,10,70,http://localhost:8080/search?q=love&year=1994&language=English,80,0,0
1782351921818,62,HTTP Request,200,OK,Year-Language Query 4-8,text,true,,271,159,10,70,http://localhost:8080/search?q=love&year=1994&language=English,62,0,0
1782351921818,66,HTTP Request,200,OK,Year-Language Query 4-6,text,true,,271,159,10,70,http://localhost:8080/search?q=love&year=1994&language=English,66,0,0
1782351921859,61,HTTP Request,200,OK,Year-Language Query 4-1,text,true,,271,159,10,70,http://localhost:8080/search?q=love&year=1994&language=English,61,0,0
1782351921859,62,HTTP Request,200,OK,Year-Language Query 4-3,text,true,,271,159,10,70,http://localhost:8080/search?q=love&year=1994&language=English,62,0,0
1782351921850,78,HTTP Request,200,OK,Year-Language Query 4-4,text,true,,271,159,10,70,http://localhost:8080/search?q=love&year=1994&language=English,78,0,0
1782351921874,56,HTTP Request,200,OK,Year-Language Query 4-7,text,true,,271,159,10,70,http://localhost:8080/search?q=love&year=1994&language=English,56,0,0
1782351921858,74,HTTP Request,200,OK,Year-Language Query 4-10,text,true,,271,159,10,70,http://localhost:8080/search?q=love&year=1994&language=English,74,0,0
1782351921858,89,HTTP Request,200,OK,Year-Language Query 4-2,text,true,,271,159,10,70,http://localhost:8080/search?q=love&year=1994&language=English,89,0,0
1782351921859,89,HTTP Request,200,OK,Year-Language Query 4-5,text,true,,271,159,10,70,http://localhost:8080/search?q=love&year=1994&language=English,89,0,0
1782351921865,92,HTTP Request,200,OK,Year-Language Query 4-9,text,true,,271,159,10,70,http://localhost:8080/search?q=love&year=1994&language=English,92,0,0
1782351921880,99,HTTP Request,200,OK,Year-Language Query 4-8,text,true,,271,159,10,70,http://localhost:8080/search?q=love&year=1994&language=English,99,0,0
1782351921884,98,HTTP Request,200,OK,Year-Language Query 4-6,text,true,,271,159,10,70,http://localhost:8080/search?q=love&year=1994&language=English,98,0,0
1782351921920,103,HTTP Request,200,OK,Year-Language Query 4-1,text,true,,271,159,10,70,http://localhost:8080/search?q=love&year=1994&language=English,103,0,0
1782351921921,102,HTTP Request,200,OK,Year-Language Query 4-3,text,true,,271,159,10,70,http://localhost:8080/search?q=love&year=1994&language=English,102,0,0
1782351921948,82,HTTP Request,200,OK,Year-Language Query 4-2,text,true,,271,159,10,70,http://localhost:8080/search?q=love&year=1994&language=English,82,0,0
1782351921932,98,HTTP Request,200,OK,Year-Language Query 4-10,text,true,,271,159,10,70,http://localhost:8080/search?q=love&year=1994&language=English,98,0,0
1782351921931,100,HTTP Request,200,OK,Year-Language Query 4-7,text,true,,271,159,10,70,http://localhost:8080/search?q=love&year=1994&language=English,100,0,0
1782351921928,103,HTTP Request,200,OK,Year-Language Query 4-4,text,true,,271,159,10,70,http://localhost:8080/search?q=love&year=1994&language=English,103,0,0
1782351921957,82,HTTP Request,200,OK,Year-Language Query 4-9,text,true,,271,159,10,70,http://localhost:8080/search?q=love&year=1994&language=English,82,0,0
1782351921949,91,HTTP Request,200,OK,Year-Language Query 4-5,text,true,,271,159,10,70,http://localhost:8080/search?q=love&year=1994&language=English,91,0,0
1782351921979,76,HTTP Request,200,OK,Year-Language Query 4-8,text,true,,271,159,10,70,http://localhost:8080/search?q=love&year=1994&language=English,76,0,0
1782351921982,93,HTTP Request,200,OK,Year-Language Query 4-6,text,true,,271,159,10,70,http://localhost:8080/search?q=love&year=1994&language=English,93,0,0
1782351922023,73,HTTP Request,200,OK,Year-Language Query 4-1,text,true,,271,159,10,70,http://localhost:8080/search?q=love&year=1994&language=English,73,0,0
1782351922041,64,HTTP Request,200,OK,Year-Language Query 4-5,text,true,,271,159,10,70,http://localhost:8080/search?q=love&year=1994&language=English,64,0,0
1782351922031,77,HTTP Request,200,OK,Year-Language Query 4-7,text,true,,271,159,10,70,http://localhost:8080/search?q=love&year=1994&language=English,76,0,0
1782351922031,80,HTTP Request,200,OK,Year-Language Query 4-4,text,true,,271,159,10,70,http://localhost:8080/search?q=love&year=1994&language=English,80,0,0
1782351922040,73,HTTP Request,200,OK,Year-Language Query 4-9,text,true,,271,159,10,70,http://localhost:8080/search?q=love&year=1994&language=English,73,0,0
1782351922030,98,HTTP Request,200,OK,Year-Language Query 4-2,text,true,,271,159,10,70,http://localhost:8080/search?q=love&year=1994&language=English,98,0,0
1782351922023,108,HTTP Request,200,OK,Year-Language Query 4-3,text,true,,271,159,10,70,http://localhost:8080/search?q=love&year=1994&language=English,108,0,0
1782351922030,101,HTTP Request,200,OK,Year-Language Query 4-10,text,true,,271,159,10,70,http://localhost:8080/search?q=love&year=1994&language=English,101,0,0
1782351922055,84,HTTP Request,200,OK,Year-Language Query 4-8,text,true,,271,159,10,70,http://localhost:8080/search?q=love&year=1994&language=English,84,0,0
1782351922075,82,HTTP Request,200,OK,Year-Language Query 4-6,text,true,,271,159,10,70,http://localhost:8080/search?q=love&year=1994&language=English,82,0,0
1782351922108,67,HTTP Request,200,OK,Year-Language Query 4-7,text,true,,271,159,10,70,http://localhost:8080/search?q=love&year=1994&language=English,67,0,0
1782351922096,79,HTTP Request,200,OK,Year-Language Query 4-1,text,true,,271,159,10,70,http://localhost:8080/search?q=love&year=1994&language=English,79,0,0
1782351922112,73,HTTP Request,200,OK,Year-Language Query 4-4,text,true,,271,159,10,70,http://localhost:8080/search?q=love&year=1994&language=English,73,0,0
1782351922106,79,HTTP Request,200,OK,Year-Language Query 4-5,text,true,,271,159,10,70,http://localhost:8080/search?q=love&year=1994&language=English,79,0,0
1782351922113,74,HTTP Request,200,OK,Year-Language Query 4-9,text,true,,271,159,10,70,http://localhost:8080/search?q=love&year=1994&language=English,74,0,0
1782351922139,65,HTTP Request,200,OK,Year-Language Query 4-8,text,true,,271,159,10,70,http://localhost:8080/search?q=love&year=1994&language=English,65,0,0
1782351922131,87,HTTP Request,200,OK,Year-Language Query 4-3,text,true,,271,159,10,70,http://localhost:8080/search?q=love&year=1994&language=English,87,0,0
1782351922128,93,HTTP Request,200,OK,Year-Language Query 4-2,text,true,,271,159,10,70,http://localhost:8080/search?q=love&year=1994&language=English,93,0,0
1782351922131,92,HTTP Request,200,OK,Year-Language Query 4-10,text,true,,271,159,10,70,http://localhost:8080/search?q=love&year=1994&language=English,92,0,0
1782351922157,99,HTTP Request,200,OK,Year-Language Query 4-6,text,true,,271,159,10,70,http://localhost:8080/search?q=love&year=1994&language=English,99,0,0
1782351922187,92,HTTP Request,200,OK,Year-Language Query 4-9,text,true,,271,159,10,70,http://localhost:8080/search?q=love&year=1994&language=English,92,0,0
1782351922175,106,HTTP Request,200,OK,Year-Language Query 4-1,text,true,,271,159,10,70,http://localhost:8080/search?q=love&year=1994&language=English,106,0,0
1782351922205,77,HTTP Request,200,OK,Year-Language Query 4-8,text,true,,271,159,10,70,http://localhost:8080/search?q=love&year=1994&language=English,77,0,0
1782351922186,104,HTTP Request,200,OK,Year-Language Query 4-5,text,true,,271,159,10,70,http://localhost:8080/search?q=love&year=1994&language=English,104,0,0
1782351922175,115,HTTP Request,200,OK,Year-Language Query 4-7,text,true,,271,159,10,70,http://localhost:8080/search?q=love&year=1994&language=English,115,0,0
1782351922185,109,HTTP Request,200,OK,Year-Language Query 4-4,text,true,,271,159,10,70,http://localhost:8080/search?q=love&year=1994&language=English,109,0,0
1782351922224,101,HTTP Request,200,OK,Year-Language Query 4-10,text,true,,271,159,10,70,http://localhost:8080/search?q=love&year=1994&language=English,101,0,0
1782351922222,104,HTTP Request,200,OK,Year-Language Query 4-2,text,true,,271,159,10,70,http://localhost:8080/search?q=love&year=1994&language=English,104,0,0
1782351922218,109,HTTP Request,200,OK,Year-Language Query 4-3,text,true,,271,159,10,70,http://localhost:8080/search?q=love&year=1994&language=English,109,0,0
1782351922256,86,HTTP Request,200,OK,Year-Language Query 4-6,text,true,,271,159,10,70,http://localhost:8080/search?q=love&year=1994&language=English,86,0,0
1782351922279,73,HTTP Request,200,OK,Year-Language Query 4-9,text,true,,271,159,10,70,http://localhost:8080/search?q=love&year=1994&language=English,73,0,0
1782351922281,97,HTTP Request,200,OK,Year-Language Query 4-1,text,true,,271,159,10,70,http://localhost:8080/search?q=love&year=1994&language=English,97,0,0
1782351922290,94,HTTP Request,200,OK,Year-Language Query 4-7,text,true,,271,159,10,70,http://localhost:8080/search?q=love&year=1994&language=English,94,0,0
1782351922282,116,HTTP Request,200,OK,Year-Language Query 4-8,text,true,,271,159,10,70,http://localhost:8080/search?q=love&year=1994&language=English,116,0,0
1782351922294,104,HTTP Request,200,OK,Year-Language Query 4-4,text,true,,271,159,10,70,http://localhost:8080/search?q=love&year=1994&language=English,104,0,0
1782351922326,80,HTTP Request,200,OK,Year-Language Query 4-10,text,true,,271,159,10,70,http://localhost:8080/search?q=love&year=1994&language=English,80,0,0
1782351922326,81,HTTP Request,200,OK,Year-Language Query 4-2,text,true,,271,159,10,70,http://localhost:8080/search?q=love&year=1994&language=English,81,0,0
1782351922290,117,HTTP Request,200,OK,Year-Language Query 4-5,text,true,,271,159,10,70,http://localhost:8080/search?q=love&year=1994&language=English,117,0,0
1782351922327,91,HTTP Request,200,OK,Year-Language Query 4-3,text,true,,271,159,10,70,http://localhost:8080/search?q=love&year=1994&language=English,91,0,0
1782351922342,88,HTTP Request,200,OK,Year-Language Query 4-6,text,true,,271,159,10,70,http://localhost:8080/search?q=love&year=1994&language=English,88,0,0
1782351922352,86,HTTP Request,200,OK,Year-Language Query 4-9,text,true,,271,159,10,70,http://localhost:8080/search?q=love&year=1994&language=English,86,0,0
1782351922384,83,HTTP Request,200,OK,Year-Language Query 4-7,text,true,,271,159,10,70,http://localhost:8080/search?q=love&year=1994&language=English,83,0,0
1782351922378,92,HTTP Request,200,OK,Year-Language Query 4-1,text,true,,271,159,10,70,http://localhost:8080/search?q=love&year=1994&language=English,92,0,0
1782351922408,70,HTTP Request,200,OK,Year-Language Query 4-2,text,true,,271,159,10,70,http://localhost:8080/search?q=love&year=1994&language=English,70,0,0
1782351922398,80,HTTP Request,200,OK,Year-Language Query 4-4,text,true,,271,159,10,70,http://localhost:8080/search?q=love&year=1994&language=English,80,0,0
1782351922398,80,HTTP Request,200,OK,Year-Language Query 4-8,text,true,,271,159,10,70,http://localhost:8080/search?q=love&year=1994&language=English,80,0,0
1782351922418,67,HTTP Request,200,OK,Year-Language Query 4-3,text,true,,271,159,10,70,http://localhost:8080/search?q=love&year=1994&language=English,67,0,0
1782351922406,79,HTTP Request,200,OK,Year-Language Query 4-10,text,true,,271,159,10,70,http://localhost:8080/search?q=love&year=1994&language=English,79,0,0
1782351922438,68,HTTP Request,200,OK,Year-Language Query 4-9,text,true,,271,159,10,70,http://localhost:8080/search?q=love&year=1994&language=English,68,0,0
1782351922408,98,HTTP Request,200,OK,Year-Language Query 4-5,text,true,,271,159,10,70,http://localhost:8080/search?q=love&year=1994&language=English,98,0,0
1782351922431,75,HTTP Request,200,OK,Year-Language Query 4-6,text,true,,271,159,10,70,http://localhost:8080/search?q=love&year=1994&language=English,75,0,0
1782351922470,84,HTTP Request,200,OK,Year-Language Query 4-1,text,true,,271,159,10,70,http://localhost:8080/search?q=love&year=1994&language=English,84,0,0
1782351922467,87,HTTP Request,200,OK,Year-Language Query 4-7,text,true,,271,159,10,70,http://localhost:8080/search?q=love&year=1994&language=English,87,0,0
1782351922478,92,HTTP Request,200,OK,Year-Language Query 4-8,text,true,,271,159,10,70,http://localhost:8080/search?q=love&year=1994&language=English,92,0,0
1782351922478,92,HTTP Request,200,OK,Year-Language Query 4-2,text,true,,271,159,10,70,http://localhost:8080/search?q=love&year=1994&language=English,92,0,0
1782351922486,89,HTTP Request,200,OK,Year-Language Query 4-10,text,true,,271,159,10,70,http://localhost:8080/search?q=love&year=1994&language=English,89,0,0
1782351922485,90,HTTP Request,200,OK,Year-Language Query 4-3,text,true,,271,159,10,70,http://localhost:8080/search?q=love&year=1994&language=English,90,0,0
1782351922506,70,HTTP Request,200,OK,Year-Language Query 4-9,text,true,,271,159,10,70,http://localhost:8080/search?q=love&year=1994&language=English,70,0,0
1782351922478,100,HTTP Request,200,OK,Year-Language Query 4-4,text,true,,271,159,10,70,http://localhost:8080/search?q=love&year=1994&language=English,100,0,0
1782351922506,72,HTTP Request,200,OK,Year-Language Query 4-6,text,true,,271,159,10,70,http://localhost:8080/search?q=love&year=1994&language=English,72,0,0
1782351922506,100,HTTP Request,200,OK,Year-Language Query 4-5,text,true,,271,159,10,70,http://localhost:8080/search?q=love&year=1994&language=English,100,0,0
1782351922554,75,HTTP Request,200,OK,Year-Language Query 4-1,text,true,,271,159,10,70,http://localhost:8080/search?q=love&year=1994&language=English,75,0,0
1782351922576,74,HTTP Request,200,OK,Year-Language Query 4-9,text,true,,271,159,10,70,http://localhost:8080/search?q=love&year=1994&language=English,74,0,0
1782351922555,112,HTTP Request,200,OK,Year-Language Query 4-7,text,true,,271,159,10,70,http://localhost:8080/search?q=love&year=1994&language=English,112,0,0
1782351922570,99,HTTP Request,200,OK,Year-Language Query 4-8,text,true,,271,159,10,70,http://localhost:8080/search?q=love&year=1994&language=English,99,0,0
1782351922578,91,HTTP Request,200,OK,Year-Language Query 4-6,text,true,,271,159,10,70,http://localhost:8080/search?q=love&year=1994&language=English,91,0,0
1782351922571,99,HTTP Request,200,OK,Year-Language Query 4-2,text,true,,271,159,10,70,http://localhost:8080/search?q=love&year=1994&language=English,99,0,0
1782351922575,101,HTTP Request,200,OK,Year-Language Query 4-3,text,true,,271,159,10,70,http://localhost:8080/search?q=love&year=1994&language=English,101,0,0
1782351922578,104,HTTP Request,200,OK,Year-Language Query 4-4,text,true,,271,159,10,70,http://localhost:8080/search?q=love&year=1994&language=English,104,0,0
1782351922575,107,HTTP Request,200,OK,Year-Language Query 4-10,text,true,,271,159,10,70,http://localhost:8080/search?q=love&year=1994&language=English,107,0,0
1782351922607,75,HTTP Request,200,OK,Year-Language Query 4-5,text,true,,271,159,10,70,http://localhost:8080/search?q=love&year=1994&language=English,75,0,0
1782351922630,69,HTTP Request,200,OK,Year-Language Query 4-1,text,true,,271,159,10,70,http://localhost:8080/search?q=love&year=1994&language=English,69,0,0
1782351922669,59,HTTP Request,200,OK,Year-Language Query 4-6,text,true,,271,159,10,70,http://localhost:8080/search?q=love&year=1994&language=English,59,0,0
1782351922669,59,HTTP Request,200,OK,Year-Language Query 4-8,text,true,,271,159,10,70,http://localhost:8080/search?q=love&year=1994&language=English,59,0,0
1782351922650,83,HTTP Request,200,OK,Year-Language Query 4-9,text,true,,271,159,10,70,http://localhost:8080/search?q=love&year=1994&language=English,83,0,0
1782351922670,64,HTTP Request,200,OK,Year-Language Query 4-2,text,true,,271,159,10,70,http://localhost:8080/search?q=love&year=1994&language=English,64,0,0
1782351922667,85,HTTP Request,200,OK,Year-Language Query 4-7,text,true,,271,159,10,70,http://localhost:8080/search?q=love&year=1994&language=English,85,0,0
1782351922676,77,HTTP Request,200,OK,Year-Language Query 4-3,text,true,,271,159,10,70,http://localhost:8080/search?q=love&year=1994&language=English,77,0,0
1782351922682,79,HTTP Request,200,OK,Year-Language Query 4-4,text,true,,271,159,10,70,http://localhost:8080/search?q=love&year=1994&language=English,79,0,0
1782351922682,90,HTTP Request,200,OK,Year-Language Query 4-5,text,true,,271,159,10,70,http://localhost:8080/search?q=love&year=1994&language=English,90,0,0
1782351922682,90,HTTP Request,200,OK,Year-Language Query 4-10,text,true,,271,159,10,70,http://localhost:8080/search?q=love&year=1994&language=English,90,0,0
1782351922699,73,HTTP Request,200,OK,Year-Language Query 4-1,text,true,,271,159,10,70,http://localhost:8080/search?q=love&year=1994&language=English,73,0,0
1782351922728,60,HTTP Request,200,OK,Year-Language Query 4-6,text,true,,271,159,10,70,http://localhost:8080/search?q=love&year=1994&language=English,60,0,0
1782351922728,67,HTTP Request,200,OK,Year-Language Query 4-8,text,true,,271,159,10,70,http://localhost:8080/search?q=love&year=1994&language=English,67,0,0
1782351922734,81,HTTP Request,200,OK,Year-Language Query 4-2,text,true,,271,159,10,70,http://localhost:8080/search?q=love&year=1994&language=English,81,0,0
1782351922733,82,HTTP Request,200,OK,Year-Language Query 4-9,text,true,,271,159,10,70,http://localhost:8080/search?q=love&year=1994&language=English,82,0,0
1782351922752,65,HTTP Request,200,OK,Year-Language Query 4-7,text,true,,271,159,10,70,http://localhost:8080/search?q=love&year=1994&language=English,65,0,0
1782351922753,65,HTTP Request,200,OK,Year-Language Query 4-3,text,true,,271,159,10,70,http://localhost:8080/search?q=love&year=1994&language=English,65,0,0
1782351922762,64,HTTP Request,200,OK,Year-Language Query 4-4,text,true,,271,159,10,70,http://localhost:8080/search?q=love&year=1994&language=English,64,0,0
1782351922772,68,HTTP Request,200,OK,Year-Language Query 4-5,text,true,,271,159,10,70,http://localhost:8080/search?q=love&year=1994&language=English,68,0,0
1782351922772,68,HTTP Request,200,OK,Year-Language Query 4-1,text,true,,271,159,10,70,http://localhost:8080/search?q=love&year=1994&language=English,68,0,0
1782351922772,76,HTTP Request,200,OK,Year-Language Query 4-10,text,true,,271,159,10,70,http://localhost:8080/search?q=love&year=1994&language=English,76,0,0
1782351922788,62,HTTP Request,200,OK,Year-Language Query 4-6,text,true,,271,159,10,70,http://localhost:8080/search?q=love&year=1994&language=English,62,0,0
1782351922795,62,HTTP Request,200,OK,Year-Language Query 4-8,text,true,,271,159,10,70,http://localhost:8080/search?q=love&year=1994&language=English,62,0,0
1782351922815,65,HTTP Request,200,OK,Year-Language Query 4-2,text,true,,271,159,10,70,http://localhost:8080/search?q=love&year=1994&language=English,65,0,0
1782351922815,66,HTTP Request,200,OK,Year-Language Query 4-9,text,true,,271,159,10,70,http://localhost:8080/search?q=love&year=1994&language=English,66,0,0
1782351922817,74,HTTP Request,200,OK,Year-Language Query 4-7,text,true,,271,159,10,70,http://localhost:8080/search?q=love&year=1994&language=English,74,0,0
1782351922818,79,HTTP Request,200,OK,Year-Language Query 4-3,text,true,,271,159,10,70,http://localhost:8080/search?q=love&year=1994&language=English,79,0,0
1782351922827,70,HTTP Request,200,OK,Year-Language Query 4-4,text,true,,271,159,10,70,http://localhost:8080/search?q=love&year=1994&language=English,70,0,0
1782351922850,53,HTTP Request,200,OK,Year-Language Query 4-6,text,true,,271,159,10,70,http://localhost:8080/search?q=love&year=1994&language=English,53,0,0
1782351922857,46,HTTP Request,200,OK,Year-Language Query 4-8,text,true,,271,159,10,70,http://localhost:8080/search?q=love&year=1994&language=English,46,0,0
1782351922840,73,HTTP Request,200,OK,Year-Language Query 4-5,text,true,,271,159,10,70,http://localhost:8080/search?q=love&year=1994&language=English,73,0,0
1782351922848,65,HTTP Request,200,OK,Year-Language Query 4-10,text,true,,271,159,10,70,http://localhost:8080/search?q=love&year=1994&language=English,65,0,0
1782351922841,72,HTTP Request,200,OK,Year-Language Query 4-1,text,true,,271,159,10,70,http://localhost:8080/search?q=love&year=1994&language=English,72,0,0
1782351922891,81,HTTP Request,200,OK,Year-Language Query 4-7,text,true,,271,159,10,70,http://localhost:8080/search?q=love&year=1994&language=English,81,0,0
1782351922881,91,HTTP Request,200,OK,Year-Language Query 4-9,text,true,,271,159,10,70,http://localhost:8080/search?q=love&year=1994&language=English,91,0,0
1782351922880,92,HTTP Request,200,OK,Year-Language Query 4-2,text,true,,271,159,10,70,http://localhost:8080/search?q=love&year=1994&language=English,92,0,0
1782351922904,68,HTTP Request,200,OK,Year-Language Query 4-8,text,true,,271,159,10,70,http://localhost:8080/search?q=love&year=1994&language=English,68,0,0
1782351922897,81,HTTP Request,200,OK,Year-Language Query 4-3,text,true,,271,159,10,70,http://localhost:8080/search?q=love&year=1994&language=English,81,0,0
1782351922904,74,HTTP Request,200,OK,Year-Language Query 4-6,text,true,,271,159,10,70,http://localhost:8080/search?q=love&year=1994&language=English,74,0,0
1782351922913,66,HTTP Request,200,OK,Year-Language Query 4-5,text,true,,271,159,10,70,http://localhost:8080/search?q=love&year=1994&language=English,66,0,0
1782351922897,84,HTTP Request,200,OK,Year-Language Query 4-4,text,true,,271,159,10,70,http://localhost:8080/search?q=love&year=1994&language=English,84,0,0
1782351922913,92,HTTP Request,200,OK,Year-Language Query 4-1,text,true,,271,159,10,70,http://localhost:8080/search?q=love&year=1994&language=English,92,0,0
1782351922913,93,HTTP Request,200,OK,Year-Language Query 4-10,text,true,,271,159,10,70,http://localhost:8080/search?q=love&year=1994&language=English,93,0,0
1782351922979,70,HTTP Request,200,OK,Year-Language Query 4-6,text,true,,271,159,10,70,http://localhost:8080/search?q=love&year=1994&language=English,70,0,0
1782351922973,76,HTTP Request,200,OK,Year-Language Query 4-8,text,true,,271,159,10,70,http://localhost:8080/search?q=love&year=1994&language=English,76,0,0
1782351922979,70,HTTP Request,200,OK,Year-Language Query 4-3,text,true,,271,159,10,70,http://localhost:8080/search?q=love&year=1994&language=English,70,0,0
1782351922973,76,HTTP Request,200,OK,Year-Language Query 4-2,text,true,,271,159,10,70,http://localhost:8080/search?q=love&year=1994&language=English,76,0,0
1782351922982,68,HTTP Request,200,OK,Year-Language Query 4-4,text,true,,271,159,10,70,http://localhost:8080/search?q=love&year=1994&language=English,67,0,0
1782351922972,95,HTTP Request,200,OK,Year-Language Query 4-7,text,true,,271,159,10,70,http://localhost:8080/search?q=love&year=1994&language=English,95,0,0
1782351922972,101,HTTP Request,200,OK,Year-Language Query 4-9,text,true,,271,159,10,70,http://localhost:8080/search?q=love&year=1994&language=English,100,0,0
1782351922979,113,HTTP Request,200,OK,Year-Language Query 4-5,text,true,,271,159,10,70,http://localhost:8080/search?q=love&year=1994&language=English,113,0,0
1782351923005,95,HTTP Request,200,OK,Year-Language Query 4-1,text,true,,271,159,10,70,http://localhost:8080/search?q=love&year=1994&language=English,95,0,0
1782351923049,76,HTTP Request,200,OK,Year-Language Query 4-2,text,true,,271,159,10,70,http://localhost:8080/search?q=love&year=1994&language=English,76,0,0
1782351923049,76,HTTP Request,200,OK,Year-Language Query 4-8,text,true,,271,159,10,70,http://localhost:8080/search?q=love&year=1994&language=English,76,0,0
1782351923006,120,HTTP Request,200,OK,Year-Language Query 4-10,text,true,,271,159,10,70,http://localhost:8080/search?q=love&year=1994&language=English,120,0,0
1782351923049,85,HTTP Request,200,OK,Year-Language Query 4-6,text,true,,271,159,10,70,http://localhost:8080/search?q=love&year=1994&language=English,85,0,0
1782351923050,88,HTTP Request,200,OK,Year-Language Query 4-4,text,true,,271,159,10,70,http://localhost:8080/search?q=love&year=1994&language=English,88,0,0
1782351923049,92,HTTP Request,200,OK,Year-Language Query 4-3,text,true,,271,159,10,70,http://localhost:8080/search?q=love&year=1994&language=English,92,0,0
1782351923073,85,HTTP Request,200,OK,Year-Language Query 4-9,text,true,,271,159,10,70,http://localhost:8080/search?q=love&year=1994&language=English,85,0,0
1782351923067,92,HTTP Request,200,OK,Year-Language Query 4-7,text,true,,271,159,10,70,http://localhost:8080/search?q=love&year=1994&language=English,92,0,0
1782351923092,88,HTTP Request,200,OK,Year-Language Query 4-5,text,true,,271,159,10,70,http://localhost:8080/search?q=love&year=1994&language=English,88,0,0
1782351923100,81,HTTP Request,200,OK,Year-Language Query 4-1,text,true,,271,159,10,70,http://localhost:8080/search?q=love&year=1994&language=English,81,0,0
1782351923125,76,HTTP Request,200,OK,Year-Language Query 4-8,text,true,,271,159,10,69,http://localhost:8080/search?q=love&year=1994&language=English,76,0,0
1782351923134,67,HTTP Request,200,OK,Year-Language Query 4-6,text,true,,271,159,10,69,http://localhost:8080/search?q=love&year=1994&language=English,67,0,0
1782351923138,81,HTTP Request,200,OK,Year-Language Query 4-4,text,true,,271,159,10,69,http://localhost:8080/search?q=love&year=1994&language=English,81,0,0
1782351923158,62,HTTP Request,200,OK,Year-Language Query 4-9,text,true,,271,159,10,69,http://localhost:8080/search?q=love&year=1994&language=English,62,0,0
1782351923160,61,HTTP Request,200,OK,Year-Language Query 4-7,text,true,,271,159,10,69,http://localhost:8080/search?q=love&year=1994&language=English,61,0,0
1782351923141,83,HTTP Request,200,OK,Year-Language Query 4-3,text,true,,271,159,10,69,http://localhost:8080/search?q=love&year=1994&language=English,83,0,0
1782351923126,104,HTTP Request,200,OK,Year-Language Query 4-10,text,true,,271,159,10,69,http://localhost:8080/search?q=love&year=1994&language=English,104,0,0
1782351923125,114,HTTP Request,200,OK,Year-Language Query 4-2,text,true,,271,159,10,69,http://localhost:8080/search?q=love&year=1994&language=English,114,0,0
1782351923202,52,HTTP Request,200,OK,Year-Language Query 4-6,text,true,,271,159,10,69,http://localhost:8080/search?q=love&year=1994&language=English,52,0,0
1782351923180,81,HTTP Request,200,OK,Year-Language Query 4-5,text,true,,271,159,10,69,http://localhost:8080/search?q=love&year=1994&language=English,81,0,0
1782351923181,81,HTTP Request,200,OK,Year-Language Query 4-1,text,true,,271,159,10,69,http://localhost:8080/search?q=love&year=1994&language=English,81,0,0
1782351923201,61,HTTP Request,200,OK,Year-Language Query 4-8,text,true,,271,159,10,69,http://localhost:8080/search?q=love&year=1994&language=English,61,0,0
1782351923221,46,HTTP Request,200,OK,Year-Language Query 4-9,text,true,,271,159,10,69,http://localhost:8080/search?q=love&year=1994&language=English,46,0,0
1782351923221,55,HTTP Request,200,OK,Year-Language Query 4-7,text,true,,271,159,10,69,http://localhost:8080/search?q=love&year=1994&language=English,55,0,0
1782351923220,56,HTTP Request,200,OK,Year-Language Query 4-4,text,true,,271,159,10,69,http://localhost:8080/search?q=love&year=1994&language=English,56,0,0
1782351923240,55,HTTP Request,200,OK,Year-Language Query 4-2,text,true,,271,159,10,69,http://localhost:8080/search?q=love&year=1994&language=English,55,0,0
1782351923224,72,HTTP Request,200,OK,Year-Language Query 4-3,text,true,,271,159,10,69,http://localhost:8080/search?q=love&year=1994&language=English,72,0,0
1782351923230,67,HTTP Request,200,OK,Year-Language Query 4-10,text,true,,271,159,10,69,http://localhost:8080/search?q=love&year=1994&language=English,67,0,0
1782351923262,56,HTTP Request,200,OK,Year-Language Query 4-1,text,true,,271,159,10,69,http://localhost:8080/search?q=love&year=1994&language=English,56,0,0
1782351923262,57,HTTP Request,200,OK,Year-Language Query 4-8,text,true,,271,159,10,69,http://localhost:8080/search?q=love&year=1994&language=English,57,0,0
1782351923254,65,HTTP Request,200,OK,Year-Language Query 4-6,text,true,,271,159,10,69,http://localhost:8080/search?q=love&year=1994&language=English,65,0,0
1782351923261,70,HTTP Request,200,OK,Year-Language Query 4-5,text,true,,271,159,10,69,http://localhost:8080/search?q=love&year=1994&language=English,70,0,0
1782351923267,65,HTTP Request,200,OK,Year-Language Query 4-9,text,true,,271,159,10,69,http://localhost:8080/search?q=love&year=1994&language=English,65,0,0
1782351923277,55,HTTP Request,200,OK,Year-Language Query 4-4,text,true,,271,159,10,69,http://localhost:8080/search?q=love&year=1994&language=English,55,0,0
1782351923277,60,HTTP Request,200,OK,Year-Language Query 4-7,text,true,,271,159,10,69,http://localhost:8080/search?q=love&year=1994&language=English,60,0,0
1782351923295,50,HTTP Request,200,OK,Year-Language Query 4-2,text,true,,271,159,10,69,http://localhost:8080/search?q=love&year=1994&language=English,50,0,0
1782351923297,54,HTTP Request,200,OK,Year-Language Query 4-3,text,true,,271,159,10,69,http://localhost:8080/search?q=love&year=1994&language=English,54,0,0
1782351923297,54,HTTP Request,200,OK,Year-Language Query 4-10,text,true,,271,159,10,69,http://localhost:8080/search?q=love&year=1994&language=English,54,0,0
1782351923319,55,HTTP Request,200,OK,Year-Language Query 4-8,text,true,,271,159,10,69,http://localhost:8080/search?q=love&year=1994&language=English,55,0,0
1782351923332,55,HTTP Request,200,OK,Year-Language Query 4-9,text,true,,271,159,10,69,http://localhost:8080/search?q=love&year=1994&language=English,55,0,0
1782351923319,73,HTTP Request,200,OK,Year-Language Query 4-6,text,true,,271,159,10,69,http://localhost:8080/search?q=love&year=1994&language=English,73,0,0
1782351923332,75,HTTP Request,200,OK,Year-Language Query 4-5,text,true,,271,159,10,69,http://localhost:8080/search?q=love&year=1994&language=English,75,0,0
1782351923346,62,HTTP Request,200,OK,Year-Language Query 4-2,text,true,,271,159,10,69,http://localhost:8080/search?q=love&year=1994&language=English,62,0,0
1782351923337,72,HTTP Request,200,OK,Year-Language Query 4-7,text,true,,271,159,10,69,http://localhost:8080/search?q=love&year=1994&language=English,72,0,0
1782351923332,78,HTTP Request,200,OK,Year-Language Query 4-4,text,true,,271,159,10,69,http://localhost:8080/search?q=love&year=1994&language=English,78,0,0
1782351923319,92,HTTP Request,200,OK,Year-Language Query 4-1,text,true,,271,159,10,69,http://localhost:8080/search?q=love&year=1994&language=English,92,0,0
1782351923351,107,HTTP Request,200,OK,Year-Language Query 4-10,text,true,,271,159,10,69,http://localhost:8080/search?q=love&year=1994&language=English,107,0,0
1782351923351,119,HTTP Request,200,OK,Year-Language Query 4-3,text,true,,271,159,10,69,http://localhost:8080/search?q=love&year=1994&language=English,119,0,0
1782351923375,116,HTTP Request,200,OK,Year-Language Query 4-8,text,true,,271,159,10,69,http://localhost:8080/search?q=love&year=1994&language=English,116,0,0
1782351923388,118,HTTP Request,200,OK,Year-Language Query 4-9,text,true,,271,159,10,69,http://localhost:8080/search?q=love&year=1994&language=English,118,0,0
1782351923407,111,HTTP Request,200,OK,Year-Language Query 4-5,text,true,,271,159,10,69,http://localhost:8080/search?q=love&year=1994&language=English,111,0,0
1782351923393,135,HTTP Request,200,OK,Year-Language Query 4-6,text,true,,271,159,10,69,http://localhost:8080/search?q=love&year=1994&language=English,134,0,0
1782351923410,118,HTTP Request,200,OK,Year-Language Query 4-4,text,true,,271,159,10,69,http://localhost:8080/search?q=love&year=1994&language=English,118,0,0
1782351923409,129,HTTP Request,200,OK,Year-Language Query 4-7,text,true,,271,159,10,69,http://localhost:8080/search?q=love&year=1994&language=English,129,0,0
1782351923411,137,HTTP Request,200,OK,Year-Language Query 4-1,text,true,,271,159,10,69,http://localhost:8080/search?q=love&year=1994&language=English,137,0,0
1782351923408,146,HTTP Request,200,OK,Year-Language Query 4-2,text,true,,271,159,10,69,http://localhost:8080/search?q=love&year=1994&language=English,146,0,0
1782351923458,136,HTTP Request,200,OK,Year-Language Query 4-10,text,true,,271,159,10,69,http://localhost:8080/search?q=love&year=1994&language=English,136,0,0
1782351923491,110,HTTP Request,200,OK,Year-Language Query 4-8,text,true,,271,159,10,69,http://localhost:8080/search?q=love&year=1994&language=English,110,0,0
1782351923528,75,HTTP Request,200,OK,Year-Language Query 4-6,text,true,,271,159,10,69,http://localhost:8080/search?q=love&year=1994&language=English,75,0,0
1782351923518,86,HTTP Request,200,OK,Year-Language Query 4-5,text,true,,271,159,10,69,http://localhost:8080/search?q=love&year=1994&language=English,86,0,0
1782351923470,135,HTTP Request,200,OK,Year-Language Query 4-3,text,true,,271,159,10,69,http://localhost:8080/search?q=love&year=1994&language=English,135,0,0
1782351923538,68,HTTP Request,200,OK,Year-Language Query 4-7,text,true,,271,159,10,69,http://localhost:8080/search?q=love&year=1994&language=English,68,0,0
1782351923554,67,HTTP Request,200,OK,Year-Language Query 4-2,text,true,,271,159,10,69,http://localhost:8080/search?q=love&year=1994&language=English,67,0,0
1782351923549,73,HTTP Request,200,OK,Year-Language Query 4-1,text,true,,271,159,10,69,http://localhost:8080/search?q=love&year=1994&language=English,73,0,0
1782351923528,95,HTTP Request,200,OK,Year-Language Query 4-4,text,true,,271,159,10,69,http://localhost:8080/search?q=love&year=1994&language=English,95,0,0
1782351923506,137,HTTP Request,200,OK,Year-Language Query 4-9,text,true,,271,159,10,69,http://localhost:8080/search?q=love&year=1994&language=English,137,0,0
1782351923602,105,HTTP Request,200,OK,Year-Language Query 4-8,text,true,,271,159,10,69,http://localhost:8080/search?q=love&year=1994&language=English,105,0,0
1782351923604,154,HTTP Request,200,OK,Year-Language Query 4-6,text,true,,271,159,10,69,http://localhost:8080/search?q=love&year=1994&language=English,154,0,0
1782351923604,195,HTTP Request,200,OK,Year-Language Query 4-5,text,true,,271,159,10,69,http://localhost:8080/search?q=love&year=1994&language=English,195,0,0
1782351923623,187,HTTP Request,200,OK,Year-Language Query 4-4,text,true,,271,159,10,69,http://localhost:8080/search?q=love&year=1994&language=English,187,0,0
1782351923605,232,HTTP Request,200,OK,Year-Language Query 4-3,text,true,,271,159,10,69,http://localhost:8080/search?q=love&year=1994&language=English,232,0,0
1782351923621,218,HTTP Request,200,OK,Year-Language Query 4-2,text,true,,271,159,10,69,http://localhost:8080/search?q=love&year=1994&language=English,218,0,0
1782351923594,246,HTTP Request,200,OK,Year-Language Query 4-10,text,true,,271,159,10,69,http://localhost:8080/search?q=love&year=1994&language=English,246,0,0
1782351923606,234,HTTP Request,200,OK,Year-Language Query 4-7,text,true,,271,159,10,69,http://localhost:8080/search?q=love&year=1994&language=English,234,0,0
1782351923623,217,HTTP Request,200,OK,Year-Language Query 4-1,text,true,,271,159,10,69,http://localhost:8080/search?q=love&year=1994&language=English,217,0,0
1782351923643,199,HTTP Request,200,OK,Year-Language Query 4-9,text,true,,271,159,10,69,http://localhost:8080/search?q=love&year=1994&language=English,199,0,0
1782351923707,170,HTTP Request,200,OK,Year-Language Query 4-8,text,true,,271,159,10,69,http://localhost:8080/search?q=love&year=1994&language=English,170,0,0
1782351923799,106,HTTP Request,200,OK,Year-Language Query 4-5,text,true,,271,159,10,69,http://localhost:8080/search?q=love&year=1994&language=English,106,0,0
1782351923758,154,HTTP Request,200,OK,Year-Language Query 4-6,text,true,,271,159,10,69,http://localhost:8080/search?q=love&year=1994&language=English,154,0,0
1782351923810,106,HTTP Request,200,OK,Year-Language Query 4-4,text,true,,271,159,10,69,http://localhost:8080/search?q=love&year=1994&language=English,106,0,0
1782351923839,105,HTTP Request,200,OK,Year-Language Query 4-2,text,true,,271,159,10,69,http://localhost:8080/search?q=love&year=1994&language=English,105,0,0
1782351923841,111,HTTP Request,200,OK,Year-Language Query 4-1,text,true,,271,159,10,69,http://localhost:8080/search?q=love&year=1994&language=English,111,0,0
1782351923838,115,HTTP Request,200,OK,Year-Language Query 4-3,text,true,,271,159,10,69,http://localhost:8080/search?q=love&year=1994&language=English,115,0,0
1782351923840,128,HTTP Request,200,OK,Year-Language Query 4-7,text,true,,271,159,10,69,http://localhost:8080/search?q=love&year=1994&language=English,128,0,0
1782351923842,127,HTTP Request,200,OK,Year-Language Query 4-9,text,true,,271,159,10,69,http://localhost:8080/search?q=love&year=1994&language=English,127,0,0
1782351923840,131,HTTP Request,200,OK,Year-Language Query 4-10,text,true,,271,159,10,69,http://localhost:8080/search?q=love&year=1994&language=English,130,0,0
1782351923877,144,HTTP Request,200,OK,Year-Language Query 4-8,text,true,,271,159,10,69,http://localhost:8080/search?q=love&year=1994&language=English,144,0,0
1782351923905,139,HTTP Request,200,OK,Year-Language Query 4-5,text,true,,271,159,10,69,http://localhost:8080/search?q=love&year=1994&language=English,139,0,0
1782351923944,140,HTTP Request,200,OK,Year-Language Query 4-2,text,true,,271,159,10,69,http://localhost:8080/search?q=love&year=1994&language=English,140,0,0
1782351923916,168,HTTP Request,200,OK,Year-Language Query 4-4,text,true,,271,159,10,69,http://localhost:8080/search?q=love&year=1994&language=English,168,0,0
1782351923912,172,HTTP Request,200,OK,Year-Language Query 4-6,text,true,,271,159,10,69,http://localhost:8080/search?q=love&year=1994&language=English,172,0,0
1782351923953,143,HTTP Request,200,OK,Year-Language Query 4-1,text,true,,271,159,10,69,http://localhost:8080/search?q=love&year=1994&language=English,143,0,0
1782351923953,166,HTTP Request,200,OK,Year-Language Query 4-3,text,true,,271,159,10,69,http://localhost:8080/search?q=love&year=1994&language=English,166,0,0
1782351924021,108,HTTP Request,200,OK,Year-Language Query 4-8,text,true,,271,159,10,69,http://localhost:8080/search?q=love&year=1994&language=English,108,0,0
1782351923970,161,HTTP Request,200,OK,Year-Language Query 4-9,text,true,,271,159,10,69,http://localhost:8080/search?q=love&year=1994&language=English,161,0,0
1782351923971,164,HTTP Request,200,OK,Year-Language Query 4-10,text,true,,271,159,10,69,http://localhost:8080/search?q=love&year=1994&language=English,164,0,0
1782351923968,168,HTTP Request,200,OK,Year-Language Query 4-7,text,true,,271,159,10,69,http://localhost:8080/search?q=love&year=1994&language=English,168,0,0
1782351924044,99,HTTP Request,200,OK,Year-Language Query 4-5,text,true,,271,159,10,69,http://localhost:8080/search?q=love&year=1994&language=English,99,0,0
1782351924085,109,HTTP Request,200,OK,Year-Language Query 4-6,text,true,,271,159,10,69,http://localhost:8080/search?q=love&year=1994&language=English,109,0,0
1782351924084,110,HTTP Request,200,OK,Year-Language Query 4-2,text,true,,271,159,10,69,http://localhost:8080/search?q=love&year=1994&language=English,110,0,0
1782351924119,82,HTTP Request,200,OK,Year-Language Query 4-3,text,true,,271,159,10,69,http://localhost:8080/search?q=love&year=1994&language=English,82,0,0
1782351924129,72,HTTP Request,200,OK,Year-Language Query 4-8,text,true,,271,159,10,69,http://localhost:8080/search?q=love&year=1994&language=English,72,0,0
1782351924096,112,HTTP Request,200,OK,Year-Language Query 4-1,text,true,,271,159,10,69,http://localhost:8080/search?q=love&year=1994&language=English,112,0,0
1782351924085,124,HTTP Request,200,OK,Year-Language Query 4-4,text,true,,271,159,10,69,http://localhost:8080/search?q=love&year=1994&language=English,124,0,0
1782351924135,106,HTTP Request,200,OK,Year-Language Query 4-10,text,true,,271,159,10,69,http://localhost:8080/search?q=love&year=1994&language=English,106,0,0
1782351924136,120,HTTP Request,200,OK,Year-Language Query 4-7,text,true,,271,159,10,69,http://localhost:8080/search?q=love&year=1994&language=English,120,0,0
1782351924131,135,HTTP Request,200,OK,Year-Language Query 4-9,text,true,,271,159,10,69,http://localhost:8080/search?q=love&year=1994&language=English,135,0,0
1782351924143,128,HTTP Request,200,OK,Year-Language Query 4-5,text,true,,271,159,10,69,http://localhost:8080/search?q=love&year=1994&language=English,128,0,0
1782351924194,114,HTTP Request,200,OK,Year-Language Query 4-6,text,true,,271,159,10,69,http://localhost:8080/search?q=love&year=1994&language=English,114,0,0
1782351924209,107,HTTP Request,200,OK,Year-Language Query 4-1,text,true,,271,159,10,69,http://localhost:8080/search?q=love&year=1994&language=English,107,0,0
1782351924201,117,HTTP Request,200,OK,Year-Language Query 4-3,text,true,,271,159,10,69,http://localhost:8080/search?q=love&year=1994&language=English,117,0,0
1782351924210,109,HTTP Request,200,OK,Year-Language Query 4-4,text,true,,271,159,10,69,http://localhost:8080/search?q=love&year=1994&language=English,109,0,0
1782351924201,119,HTTP Request,200,OK,Year-Language Query 4-8,text,true,,271,159,10,69,http://localhost:8080/search?q=love&year=1994&language=English,118,0,0
1782351924194,141,HTTP Request,200,OK,Year-Language Query 4-2,text,true,,271,159,10,69,http://localhost:8080/search?q=love&year=1994&language=English,141,0,0
1782351924241,118,HTTP Request,200,OK,Year-Language Query 4-10,text,true,,271,159,10,69,http://localhost:8080/search?q=love&year=1994&language=English,118,0,0
1782351924256,120,HTTP Request,200,OK,Year-Language Query 4-7,text,true,,271,159,10,69,http://localhost:8080/search?q=love&year=1994&language=English,120,0,0
1782351924271,107,HTTP Request,200,OK,Year-Language Query 4-5,text,true,,271,159,10,69,http://localhost:8080/search?q=love&year=1994&language=English,107,0,0
1782351924266,115,HTTP Request,200,OK,Year-Language Query 4-9,text,true,,271,159,10,69,http://localhost:8080/search?q=love&year=1994&language=English,115,0,0
1782351924319,75,HTTP Request,200,OK,Year-Language Query 4-4,text,true,,271,159,10,69,http://localhost:8080/search?q=love&year=1994&language=English,75,0,0
1782351924316,85,HTTP Request,200,OK,Year-Language Query 4-1,text,true,,271,159,10,69,http://localhost:8080/search?q=love&year=1994&language=English,85,0,0
1782351924320,87,HTTP Request,200,OK,Year-Language Query 4-8,text,true,,271,159,10,69,http://localhost:8080/search?q=love&year=1994&language=English,87,0,0
1782351924335,84,HTTP Request,200,OK,Year-Language Query 4-2,text,true,,271,159,10,69,http://localhost:8080/search?q=love&year=1994&language=English,84,0,0
1782351924319,101,HTTP Request,200,OK,Year-Language Query 4-3,text,true,,271,159,10,69,http://localhost:8080/search?q=love&year=1994&language=English,101,0,0
1782351924308,113,HTTP Request,200,OK,Year-Language Query 4-6,text,true,,271,159,10,69,http://localhost:8080/search?q=love&year=1994&language=English,113,0,0
1782351924359,74,HTTP Request,200,OK,Year-Language Query 4-10,text,true,,271,159,10,69,http://localhost:8080/search?q=love&year=1994&language=English,74,0,0
1782351924376,79,HTTP Request,200,OK,Year-Language Query 4-7,text,true,,271,159,10,69,http://localhost:8080/search?q=love&year=1994&language=English,79,0,0
1782351924402,59,HTTP Request,200,OK,Year-Language Query 4-1,text,true,,271,159,10,69,http://localhost:8080/search?q=love&year=1994&language=English,59,0,0
1782351924378,84,HTTP Request,200,OK,Year-Language Query 4-5,text,true,,271,159,10,69,http://localhost:8080/search?q=love&year=1994&language=English,84,0,0
1782351924381,81,HTTP Request,200,OK,Year-Language Query 4-9,text,true,,271,159,10,69,http://localhost:8080/search?q=love&year=1994&language=English,81,0,0
1782351924394,82,HTTP Request,200,OK,Year-Language Query 4-4,text,true,,271,159,10,69,http://localhost:8080/search?q=love&year=1994&language=English,82,0,0
1782351924407,69,HTTP Request,200,OK,Year-Language Query 4-8,text,true,,271,159,10,69,http://localhost:8080/search?q=love&year=1994&language=English,69,0,0
1782351924419,83,HTTP Request,200,OK,Year-Language Query 4-2,text,true,,271,159,10,69,http://localhost:8080/search?q=love&year=1994&language=English,83,0,0
1782351924422,82,HTTP Request,200,OK,Year-Language Query 4-6,text,true,,271,159,10,69,http://localhost:8080/search?q=love&year=1994&language=English,82,0,0
1782351924420,90,HTTP Request,200,OK,Year-Language Query 4-3,text,true,,271,159,10,69,http://localhost:8080/search?q=love&year=1994&language=English,90,0,0
1782351924433,79,HTTP Request,200,OK,Year-Language Query 4-10,text,true,,271,159,10,69,http://localhost:8080/search?q=love&year=1994&language=English,79,0,0
1782351924476,100,HTTP Request,200,OK,Year-Language Query 4-4,text,true,,271,159,10,69,http://localhost:8080/search?q=love&year=1994&language=English,100,0,0
1782351924461,115,HTTP Request,200,OK,Year-Language Query 4-1,text,true,,271,159,10,69,http://localhost:8080/search?q=love&year=1994&language=English,115,0,0
1782351924462,114,HTTP Request,200,OK,Year-Language Query 4-9,text,true,,271,159,10,69,http://localhost:8080/search?q=love&year=1994&language=English,114,0,0
1782351924455,121,HTTP Request,200,OK,Year-Language Query 4-7,text,true,,271,159,10,69,http://localhost:8080/search?q=love&year=1994&language=English,121,0,0
1782351924462,115,HTTP Request,200,OK,Year-Language Query 4-5,text,true,,271,159,10,69,http://localhost:8080/search?q=love&year=1994&language=English,115,0,0
1782351924476,101,HTTP Request,200,OK,Year-Language Query 4-8,text,true,,271,159,10,69,http://localhost:8080/search?q=love&year=1994&language=English,101,0,0
1782351924504,86,HTTP Request,200,OK,Year-Language Query 4-6,text,true,,271,159,10,69,http://localhost:8080/search?q=love&year=1994&language=English,86,0,0
1782351924502,102,HTTP Request,200,OK,Year-Language Query 4-2,text,true,,271,159,10,69,http://localhost:8080/search?q=love&year=1994&language=English,102,0,0
1782351924510,112,HTTP Request,200,OK,Year-Language Query 4-3,text,true,,271,159,10,69,http://localhost:8080/search?q=love&year=1994&language=English,112,0,0
1782351924512,114,HTTP Request,200,OK,Year-Language Query 4-10,text,true,,271,159,10,69,http://localhost:8080/search?q=love&year=1994&language=English,114,0,0
1782351924577,83,HTTP Request,200,OK,Year-Language Query 4-8,text,true,,271,159,10,69,http://localhost:8080/search?q=love&year=1994&language=English,83,0,0
1782351924577,87,HTTP Request,200,OK,Year-Language Query 4-9,text,true,,271,159,10,69,http://localhost:8080/search?q=love&year=1994&language=English,87,0,0
1782351924576,90,HTTP Request,200,OK,Year-Language Query 4-4,text,true,,271,159,10,69,http://localhost:8080/search?q=love&year=1994&language=English,90,0,0
1782351924577,104,HTTP Request,200,OK,Year-Language Query 4-7,text,true,,271,159,10,69,http://localhost:8080/search?q=love&year=1994&language=English,104,0,0
1782351924577,104,HTTP Request,200,OK,Year-Language Query 4-5,text,true,,271,159,10,69,http://localhost:8080/search?q=love&year=1994&language=English,104,0,0
1782351924576,105,HTTP Request,200,OK,Year-Language Query 4-1,text,true,,271,159,10,69,http://localhost:8080/search?q=love&year=1994&language=English,105,0,0
1782351924605,76,HTTP Request,200,OK,Year-Language Query 4-2,text,true,,271,159,10,69,http://localhost:8080/search?q=love&year=1994&language=English,76,0,0
1782351924590,92,HTTP Request,200,OK,Year-Language Query 4-6,text,true,,271,159,10,69,http://localhost:8080/search?q=love&year=1994&language=English,92,0,0
1782351924627,64,HTTP Request,200,OK,Year-Language Query 4-10,text,true,,271,159,10,69,http://localhost:8080/search?q=love&year=1994&language=English,64,0,0
1782351924622,69,HTTP Request,200,OK,Year-Language Query 4-3,text,true,,271,159,10,69,http://localhost:8080/search?q=love&year=1994&language=English,69,0,0
1782351924667,48,HTTP Request,200,OK,Year-Language Query 4-4,text,true,,271,159,10,69,http://localhost:8080/search?q=love&year=1994&language=English,48,0,0
1782351924665,53,HTTP Request,200,OK,Year-Language Query 4-9,text,true,,271,159,10,69,http://localhost:8080/search?q=love&year=1994&language=English,53,0,0
1782351924681,53,HTTP Request,200,OK,Year-Language Query 4-5,text,true,,271,159,10,69,http://localhost:8080/search?q=love&year=1994&language=English,53,0,0
1782351924681,53,HTTP Request,200,OK,Year-Language Query 4-1,text,true,,271,159,10,69,http://localhost:8080/search?q=love&year=1994&language=English,53,0,0
1782351924662,73,HTTP Request,200,OK,Year-Language Query 4-8,text,true,,271,159,10,69,http://localhost:8080/search?q=love&year=1994&language=English,73,0,0
1782351924691,98,HTTP Request,200,OK,Year-Language Query 4-10,text,true,,271,159,10,69,http://localhost:8080/search?q=love&year=1994&language=English,98,0,0
1782351924682,107,HTTP Request,200,OK,Year-Language Query 4-6,text,true,,271,159,10,69,http://localhost:8080/search?q=love&year=1994&language=English,107,0,0
1782351924691,100,HTTP Request,200,OK,Year-Language Query 4-3,text,true,,271,159,10,69,http://localhost:8080/search?q=love&year=1994&language=English,100,0,0
1782351924718,81,HTTP Request,200,OK,Year-Language Query 4-9,text,true,,271,159,10,69,http://localhost:8080/search?q=love&year=1994&language=English,81,0,0
1782351924681,127,HTTP Request,200,OK,Year-Language Query 4-2,text,true,,271,159,10,69,http://localhost:8080/search?q=love&year=1994&language=English,127,0,0
1782351924715,97,HTTP Request,200,OK,Year-Language Query 4-4,text,true,,271,159,10,69,http://localhost:8080/search?q=love&year=1994&language=English,97,0,0
1782351924681,131,HTTP Request,200,OK,Year-Language Query 4-7,text,true,,271,159,10,69,http://localhost:8080/search?q=love&year=1994&language=English,131,0,0
1782351924735,94,HTTP Request,200,OK,Year-Language Query 4-1,text,true,,271,159,10,69,http://localhost:8080/search?q=love&year=1994&language=English,94,0,0
1782351924735,95,HTTP Request,200,OK,Year-Language Query 4-5,text,true,,271,159,10,69,http://localhost:8080/search?q=love&year=1994&language=English,95,0,0
1782351924735,107,HTTP Request,200,OK,Year-Language Query 4-8,text,true,,271,159,10,69,http://localhost:8080/search?q=love&year=1994&language=English,107,0,0
1782351924791,104,HTTP Request,200,OK,Year-Language Query 4-3,text,true,,271,159,10,69,http://localhost:8080/search?q=love&year=1994&language=English,104,0,0
1782351924789,106,HTTP Request,200,OK,Year-Language Query 4-10,text,true,,271,159,10,69,http://localhost:8080/search?q=love&year=1994&language=English,106,0,0
1782351924812,93,HTTP Request,200,OK,Year-Language Query 4-4,text,true,,271,159,10,69,http://localhost:8080/search?q=love&year=1994&language=English,93,0,0
1782351924808,97,HTTP Request,200,OK,Year-Language Query 4-2,text,true,,271,159,10,69,http://localhost:8080/search?q=love&year=1994&language=English,97,0,0
1782351924789,116,HTTP Request,200,OK,Year-Language Query 4-6,text,true,,271,159,10,69,http://localhost:8080/search?q=love&year=1994&language=English,116,0,0
1782351924842,64,HTTP Request,200,OK,Year-Language Query 4-8,text,true,,271,159,10,69,http://localhost:8080/search?q=love&year=1994&language=English,64,0,0
1782351924799,112,HTTP Request,200,OK,Year-Language Query 4-9,text,true,,271,159,10,69,http://localhost:8080/search?q=love&year=1994&language=English,112,0,0
1782351924812,120,HTTP Request,200,OK,Year-Language Query 4-7,text,true,,271,159,10,69,http://localhost:8080/search?q=love&year=1994&language=English,120,0,0
1782351924830,103,HTTP Request,200,OK,Year-Language Query 4-1,text,true,,271,159,10,69,http://localhost:8080/search?q=love&year=1994&language=English,103,0,0
1782351924830,103,HTTP Request,200,OK,Year-Language Query 4-5,text,true,,271,159,10,69,http://localhost:8080/search?q=love&year=1994&language=English,103,0,0
1782351924912,69,HTTP Request,200,OK,Year-Language Query 4-9,text,true,,271,159,10,69,http://localhost:8080/search?q=love&year=1994&language=English,69,0,0
1782351924906,75,HTTP Request,200,OK,Year-Language Query 4-8,text,true,,271,159,10,69,http://localhost:8080/search?q=love&year=1994&language=English,75,0,0
1782351924905,81,HTTP Request,200,OK,Year-Language Query 4-4,text,true,,271,159,10,69,http://localhost:8080/search?q=love&year=1994&language=English,81,0,0
1782351924895,94,HTTP Request,200,OK,Year-Language Query 4-3,text,true,,271,159,10,69,http://localhost:8080/search?q=love&year=1994&language=English,94,0,0
1782351924905,88,HTTP Request,200,OK,Year-Language Query 4-6,text,true,,271,159,10,69,http://localhost:8080/search?q=love&year=1994&language=English,88,0,0
1782351924895,98,HTTP Request,200,OK,Year-Language Query 4-10,text,true,,271,159,10,69,http://localhost:8080/search?q=love&year=1994&language=English,98,0,0
1782351924905,88,HTTP Request,200,OK,Year-Language Query 4-2,text,true,,271,159,10,69,http://localhost:8080/search?q=love&year=1994&language=English,88,0,0
1782351924932,68,HTTP Request,200,OK,Year-Language Query 4-7,text,true,,271,159,10,69,http://localhost:8080/search?q=love&year=1994&language=English,68,0,0
1782351924933,69,HTTP Request,200,OK,Year-Language Query 4-1,text,true,,271,159,10,69,http://localhost:8080/search?q=love&year=1994&language=English,69,0,0
1782351924933,73,HTTP Request,200,OK,Year-Language Query 4-5,text,true,,271,159,10,69,http://localhost:8080/search?q=love&year=1994&language=English,73,0,0
1782351924993,57,HTTP Request,200,OK,Year-Language Query 4-2,text,true,,271,159,10,69,http://localhost:8080/search?q=love&year=1994&language=English,57,0,0
1782351924981,70,HTTP Request,200,OK,Year-Language Query 4-8,text,true,,271,159,10,69,http://localhost:8080/search?q=love&year=1994&language=English,70,0,0
1782351924989,66,HTTP Request,200,OK,Year-Language Query 4-3,text,true,,271,159,10,69,http://localhost:8080/search?q=love&year=1994&language=English,66,0,0
1782351924993,63,HTTP Request,200,OK,Year-Language Query 4-6,text,true,,271,159,10,69,http://localhost:8080/search?q=love&year=1994&language=English,63,0,0
1782351925002,54,HTTP Request,200,OK,Year-Language Query 4-1,text,true,,271,159,10,69,http://localhost:8080/search?q=love&year=1994&language=English,54,0,0
1782351924986,80,HTTP Request,200,OK,Year-Language Query 4-4,text,true,,271,159,10,69,http://localhost:8080/search?q=love&year=1994&language=English,80,0,0
1782351925000,75,HTTP Request,200,OK,Year-Language Query 4-7,text,true,,271,159,10,69,http://localhost:8080/search?q=love&year=1994&language=English,75,0,0
1782351924981,97,HTTP Request,200,OK,Year-Language Query 4-9,text,true,,271,159,10,69,http://localhost:8080/search?q=love&year=1994&language=English,97,0,0
1782351924993,86,HTTP Request,200,OK,Year-Language Query 4-10,text,true,,271,159,10,69,http://localhost:8080/search?q=love&year=1994&language=English,86,0,0
1782351925006,91,HTTP Request,200,OK,Year-Language Query 4-5,text,true,,271,159,10,69,http://localhost:8080/search?q=love&year=1994&language=English,91,0,0
1782351925051,52,HTTP Request,200,OK,Year-Language Query 4-8,text,true,,271,159,10,69,http://localhost:8080/search?q=love&year=1994&language=English,52,0,0
1782351925055,56,HTTP Request,200,OK,Year-Language Query 4-3,text,true,,271,159,10,69,http://localhost:8080/search?q=love&year=1994&language=English,56,0,0
1782351925051,68,HTTP Request,200,OK,Year-Language Query 4-2,text,true,,271,159,10,69,http://localhost:8080/search?q=love&year=1994&language=English,68,0,0
1782351925056,69,HTTP Request,200,OK,Year-Language Query 4-6,text,true,,271,159,10,69,http://localhost:8080/search?q=love&year=1994&language=English,69,0,0
1782351925056,71,HTTP Request,200,OK,Year-Language Query 4-1,text,true,,271,159,10,69,http://localhost:8080/search?q=love&year=1994&language=English,71,0,0
1782351925066,67,HTTP Request,200,OK,Year-Language Query 4-4,text,true,,271,159,10,69,http://localhost:8080/search?q=love&year=1994&language=English,67,0,0
1782351925079,61,HTTP Request,200,OK,Year-Language Query 4-10,text,true,,271,159,10,69,http://localhost:8080/search?q=love&year=1994&language=English,61,0,0
1782351925075,67,HTTP Request,200,OK,Year-Language Query 4-7,text,true,,271,159,10,69,http://localhost:8080/search?q=love&year=1994&language=English,67,0,0
1782351925078,64,HTTP Request,200,OK,Year-Language Query 4-9,text,true,,271,159,10,69,http://localhost:8080/search?q=love&year=1994&language=English,64,0,0
1782351925097,68,HTTP Request,200,OK,Year-Language Query 4-5,text,true,,271,159,10,69,http://localhost:8080/search?q=love&year=1994&language=English,68,0,0
1782351925133,46,HTTP Request,200,OK,Year-Language Query 4-4,text,true,,271,159,10,69,http://localhost:8080/search?q=love&year=1994&language=English,46,0,0
1782351925119,62,HTTP Request,200,OK,Year-Language Query 4-2,text,true,,271,159,10,69,http://localhost:8080/search?q=love&year=1994&language=English,62,0,0
1782351925111,76,HTTP Request,200,OK,Year-Language Query 4-3,text,true,,271,159,10,69,http://localhost:8080/search?q=love&year=1994&language=English,76,0,0
1782351925103,84,HTTP Request,200,OK,Year-Language Query 4-8,text,true,,271,159,10,69,http://localhost:8080/search?q=love&year=1994&language=English,84,0,0
1782351925126,62,HTTP Request,200,OK,Year-Language Query 4-6,text,true,,271,159,10,69,http://localhost:8080/search?q=love&year=1994&language=English,62,0,0
1782351925127,61,HTTP Request,200,OK,Year-Language Query 4-1,text,true,,271,159,10,69,http://localhost:8080/search?q=love&year=1994&language=English,61,0,0
1782351925142,70,HTTP Request,200,OK,Year-Language Query 4-7,text,true,,271,159,10,69,http://localhost:8080/search?q=love&year=1994&language=English,70,0,0
1782351925142,75,HTTP Request,200,OK,Year-Language Query 4-9,text,true,,271,159,10,69,http://localhost:8080/search?q=love&year=1994&language=English,75,0,0
1782351925140,98,HTTP Request,200,OK,Year-Language Query 4-10,text,true,,271,159,10,69,http://localhost:8080/search?q=love&year=1994&language=English,98,0,0
1782351925165,98,HTTP Request,200,OK,Year-Language Query 4-5,text,true,,271,159,10,69,http://localhost:8080/search?q=love&year=1994&language=English,98,0,0
1782351925188,82,HTTP Request,200,OK,Year-Language Query 4-1,text,true,,271,159,10,69,http://localhost:8080/search?q=love&year=1994&language=English,82,0,0
1782351925187,84,HTTP Request,200,OK,Year-Language Query 4-3,text,true,,271,159,10,69,http://localhost:8080/search?q=love&year=1994&language=English,84,0,0
1782351925188,83,HTTP Request,200,OK,Year-Language Query 4-6,text,true,,271,159,10,69,http://localhost:8080/search?q=love&year=1994&language=English,83,0,0
1782351925181,106,HTTP Request,200,OK,Year-Language Query 4-2,text,true,,271,159,10,69,http://localhost:8080/search?q=love&year=1994&language=English,106,0,0
1782351925188,99,HTTP Request,200,OK,Year-Language Query 4-8,text,true,,271,159,10,69,http://localhost:8080/search?q=love&year=1994&language=English,99,0,0
1782351925179,110,HTTP Request,200,OK,Year-Language Query 4-4,text,true,,271,159,10,69,http://localhost:8080/search?q=love&year=1994&language=English,110,0,0
1782351925217,85,HTTP Request,200,OK,Year-Language Query 4-9,text,true,,271,159,10,69,http://localhost:8080/search?q=love&year=1994&language=English,85,0,0
1782351925238,86,HTTP Request,200,OK,Year-Language Query 4-10,text,true,,271,159,10,69,http://localhost:8080/search?q=love&year=1994&language=English,86,0,0
1782351925212,113,HTTP Request,200,OK,Year-Language Query 4-7,text,true,,271,159,10,69,http://localhost:8080/search?q=love&year=1994&language=English,113,0,0
1782351925272,74,HTTP Request,200,OK,Year-Language Query 4-6,text,true,,271,159,10,69,http://localhost:8080/search?q=love&year=1994&language=English,74,0,0
1782351925270,82,HTTP Request,200,OK,Year-Language Query 4-1,text,true,,271,159,10,69,http://localhost:8080/search?q=love&year=1994&language=English,82,0,0
1782351925263,89,HTTP Request,200,OK,Year-Language Query 4-5,text,true,,271,159,10,69,http://localhost:8080/search?q=love&year=1994&language=English,89,0,0
1782351925287,73,HTTP Request,200,OK,Year-Language Query 4-8,text,true,,271,159,10,69,http://localhost:8080/search?q=love&year=1994&language=English,73,0,0
1782351925303,67,HTTP Request,200,OK,Year-Language Query 4-9,text,true,,271,159,10,69,http://localhost:8080/search?q=love&year=1994&language=English,67,0,0
1782351925271,99,HTTP Request,200,OK,Year-Language Query 4-3,text,true,,271,159,10,69,http://localhost:8080/search?q=love&year=1994&language=English,99,0,0
1782351925289,82,HTTP Request,200,OK,Year-Language Query 4-4,text,true,,271,159,10,69,http://localhost:8080/search?q=love&year=1994&language=English,82,0,0
1782351925287,86,HTTP Request,200,OK,Year-Language Query 4-2,text,true,,271,159,10,69,http://localhost:8080/search?q=love&year=1994&language=English,86,0,0
1782351925325,54,HTTP Request,200,OK,Year-Language Query 4-7,text,true,,271,159,10,69,http://localhost:8080/search?q=love&year=1994&language=English,54,0,0
1782351925346,49,HTTP Request,200,OK,Year-Language Query 4-6,text,true,,271,159,10,69,http://localhost:8080/search?q=love&year=1994&language=English,49,0,0
1782351925324,71,HTTP Request,200,OK,Year-Language Query 4-10,text,true,,271,159,10,69,http://localhost:8080/search?q=love&year=1994&language=English,71,0,0
1782351925352,53,HTTP Request,200,OK,Year-Language Query 4-5,text,true,,271,159,10,69,http://localhost:8080/search?q=love&year=1994&language=English,53,0,0
1782351925352,58,HTTP Request,200,OK,Year-Language Query 4-1,text,true,,271,159,10,69,http://localhost:8080/search?q=love&year=1994&language=English,58,0,0
1782351925370,54,HTTP Request,200,OK,Year-Language Query 4-3,text,true,,271,159,10,69,http://localhost:8080/search?q=love&year=1994&language=English,54,0,0
1782351925373,54,HTTP Request,200,OK,Year-Language Query 4-2,text,true,,271,159,10,69,http://localhost:8080/search?q=love&year=1994&language=English,54,0,0
1782351925371,57,HTTP Request,200,OK,Year-Language Query 4-4,text,true,,271,159,10,69,http://localhost:8080/search?q=love&year=1994&language=English,57,0,0
1782351925360,71,HTTP Request,200,OK,Year-Language Query 4-8,text,true,,271,159,10,69,http://localhost:8080/search?q=love&year=1994&language=English,71,0,0
1782351925370,61,HTTP Request,200,OK,Year-Language Query 4-9,text,true,,271,159,10,69,http://localhost:8080/search?q=love&year=1994&language=English,61,0,0
1782351925379,80,HTTP Request,200,OK,Year-Language Query 4-7,text,true,,271,159,10,69,http://localhost:8080/search?q=love&year=1994&language=English,80,0,0
1782351925395,72,HTTP Request,200,OK,Year-Language Query 4-6,text,true,,271,159,10,69,http://localhost:8080/search?q=love&year=1994&language=English,72,0,0
1782351925395,72,HTTP Request,200,OK,Year-Language Query 4-10,text,true,,271,159,10,69,http://localhost:8080/search?q=love&year=1994&language=English,72,0,0
1782351925410,62,HTTP Request,200,OK,Year-Language Query 4-1,text,true,,271,159,10,69,http://localhost:8080/search?q=love&year=1994&language=English,62,0,0
1782351925427,46,HTTP Request,200,OK,Year-Language Query 4-2,text,true,,271,159,10,69,http://localhost:8080/search?q=love&year=1994&language=English,46,0,0
1782351925405,68,HTTP Request,200,OK,Year-Language Query 4-5,text,true,,271,159,10,69,http://localhost:8080/search?q=love&year=1994&language=English,68,0,0
1782351925428,55,HTTP Request,200,OK,Year-Language Query 4-4,text,true,,271,159,10,69,http://localhost:8080/search?q=love&year=1994&language=English,55,0,0
1782351925425,65,HTTP Request,200,OK,Year-Language Query 4-3,text,true,,271,159,10,69,http://localhost:8080/search?q=love&year=1994&language=English,65,0,0
1782351925431,86,HTTP Request,200,OK,Year-Language Query 4-9,text,true,,271,159,10,69,http://localhost:8080/search?q=love&year=1994&language=English,86,0,0
1782351925473,48,HTTP Request,200,OK,Year-Language Query 4-2,text,true,,271,159,10,69,http://localhost:8080/search?q=love&year=1994&language=English,48,0,0
1782351925467,54,HTTP Request,200,OK,Year-Language Query 4-10,text,true,,271,159,10,69,http://localhost:8080/search?q=love&year=1994&language=English,54,0,0
1782351925467,54,HTTP Request,200,OK,Year-Language Query 4-6,text,true,,271,159,10,69,http://localhost:8080/search?q=love&year=1994&language=English,54,0,0
1782351925459,69,HTTP Request,200,OK,Year-Language Query 4-7,text,true,,271,159,10,69,http://localhost:8080/search?q=love&year=1994&language=English,69,0,0
1782351925473,55,HTTP Request,200,OK,Year-Language Query 4-5,text,true,,271,159,10,69,http://localhost:8080/search?q=love&year=1994&language=English,55,0,0
1782351925483,51,HTTP Request,200,OK,Year-Language Query 4-4,text,true,,271,159,10,69,http://localhost:8080/search?q=love&year=1994&language=English,51,0,0
1782351925431,109,HTTP Request,200,OK,Year-Language Query 4-8,text,true,,271,159,10,69,http://localhost:8080/search?q=love&year=1994&language=English,109,0,0
1782351925472,68,HTTP Request,200,OK,Year-Language Query 4-1,text,true,,271,159,10,69,http://localhost:8080/search?q=love&year=1994&language=English,68,0,0
1782351925490,57,HTTP Request,200,OK,Year-Language Query 4-3,text,true,,271,159,10,69,http://localhost:8080/search?q=love&year=1994&language=English,57,0,0
1782351925521,65,HTTP Request,200,OK,Year-Language Query 4-2,text,true,,271,159,10,69,http://localhost:8080/search?q=love&year=1994&language=English,65,0,0
1782351925517,69,HTTP Request,200,OK,Year-Language Query 4-9,text,true,,271,159,10,69,http://localhost:8080/search?q=love&year=1994&language=English,69,0,0
1782351925521,80,HTTP Request,200,OK,Year-Language Query 4-10,text,true,,271,159,10,69,http://localhost:8080/search?q=love&year=1994&language=English,80,0,0
1782351925535,72,HTTP Request,200,OK,Year-Language Query 4-4,text,true,,271,159,10,69,http://localhost:8080/search?q=love&year=1994&language=English,72,0,0
1782351925541,67,HTTP Request,200,OK,Year-Language Query 4-1,text,true,,271,159,10,69,http://localhost:8080/search?q=love&year=1994&language=English,67,0,0
1782351925521,88,HTTP Request,200,OK,Year-Language Query 4-6,text,true,,271,159,10,69,http://localhost:8080/search?q=love&year=1994&language=English,88,0,0
1782351925540,96,HTTP Request,200,OK,Year-Language Query 4-8,text,true,,271,159,10,69,http://localhost:8080/search?q=love&year=1994&language=English,96,0,0
1782351925528,109,HTTP Request,200,OK,Year-Language Query 4-7,text,true,,271,159,10,69,http://localhost:8080/search?q=love&year=1994&language=English,109,0,0
1782351925528,109,HTTP Request,200,OK,Year-Language Query 4-5,text,true,,271,159,10,69,http://localhost:8080/search?q=love&year=1994&language=English,109,0,0
1782351925586,60,HTTP Request,200,OK,Year-Language Query 4-2,text,true,,271,159,10,69,http://localhost:8080/search?q=love&year=1994&language=English,60,0,0
1782351925586,63,HTTP Request,200,OK,Year-Language Query 4-9,text,true,,271,159,10,69,http://localhost:8080/search?q=love&year=1994&language=English,63,0,0
1782351925547,102,HTTP Request,200,OK,Year-Language Query 4-3,text,true,,271,159,10,69,http://localhost:8080/search?q=love&year=1994&language=English,102,0,0
1782351925601,71,HTTP Request,200,OK,Year-Language Query 4-10,text,true,,271,159,10,69,http://localhost:8080/search?q=love&year=1994&language=English,71,0,0
1782351925609,76,HTTP Request,200,OK,Year-Language Query 4-6,text,true,,271,159,10,69,http://localhost:8080/search?q=love&year=1994&language=English,76,0,0
1782351925608,78,HTTP Request,200,OK,Year-Language Query 4-1,text,true,,271,159,10,69,http://localhost:8080/search?q=love&year=1994&language=English,78,0,0
1782351925608,78,HTTP Request,200,OK,Year-Language Query 4-4,text,true,,271,159,10,69,http://localhost:8080/search?q=love&year=1994&language=English,78,0,0
1782351925638,63,HTTP Request,200,OK,Year-Language Query 4-5,text,true,,271,159,10,69,http://localhost:8080/search?q=love&year=1994&language=English,63,0,0
1782351925646,55,HTTP Request,200,OK,Year-Language Query 4-2,text,true,,271,159,10,69,http://localhost:8080/search?q=love&year=1994&language=English,55,0,0
1782351925637,88,HTTP Request,200,OK,Year-Language Query 4-8,text,true,,271,159,10,69,http://localhost:8080/search?q=love&year=1994&language=English,88,0,0
1782351925649,100,HTTP Request,200,OK,Year-Language Query 4-3,text,true,,271,159,10,69,http://localhost:8080/search?q=love&year=1994&language=English,100,0,0
1782351925637,118,HTTP Request,200,OK,Year-Language Query 4-7,text,true,,271,159,10,69,http://localhost:8080/search?q=love&year=1994&language=English,118,0,0
1782351925649,107,HTTP Request,200,OK,Year-Language Query 4-9,text,true,,271,159,10,69,http://localhost:8080/search?q=love&year=1994&language=English,107,0,0
1782351925673,83,HTTP Request,200,OK,Year-Language Query 4-10,text,true,,271,159,10,69,http://localhost:8080/search?q=love&year=1994&language=English,83,0,0
1782351925701,69,HTTP Request,200,OK,Year-Language Query 4-2,text,true,,271,159,10,69,http://localhost:8080/search?q=love&year=1994&language=English,69,0,0
1782351925701,70,HTTP Request,200,OK,Year-Language Query 4-5,text,true,,271,159,10,69,http://localhost:8080/search?q=love&year=1994&language=English,70,0,0
1782351925686,87,HTTP Request,200,OK,Year-Language Query 4-6,text,true,,271,159,10,69,http://localhost:8080/search?q=love&year=1994&language=English,86,0,0
1782351925686,87,HTTP Request,200,OK,Year-Language Query 4-4,text,true,,271,159,10,69,http://localhost:8080/search?q=love&year=1994&language=English,87,0,0
1782351925686,96,HTTP Request,200,OK,Year-Language Query 4-1,text,true,,271,159,10,69,http://localhost:8080/search?q=love&year=1994&language=English,96,0,0
1782351925725,90,HTTP Request,200,OK,Year-Language Query 4-8,text,true,,271,159,10,69,http://localhost:8080/search?q=love&year=1994&language=English,90,0,0
1782351925756,59,HTTP Request,200,OK,Year-Language Query 4-9,text,true,,271,159,10,69,http://localhost:8080/search?q=love&year=1994&language=English,59,0,0
1782351925770,70,HTTP Request,200,OK,Year-Language Query 4-2,text,true,,271,159,10,69,http://localhost:8080/search?q=love&year=1994&language=English,70,0,0
1782351925773,77,HTTP Request,200,OK,Year-Language Query 4-6,text,true,,271,159,10,69,http://localhost:8080/search?q=love&year=1994&language=English,77,0,0
1782351925783,67,HTTP Request,200,OK,Year-Language Query 4-1,text,true,,271,159,10,69,http://localhost:8080/search?q=love&year=1994&language=English,67,0,0
1782351925756,94,HTTP Request,200,OK,Year-Language Query 4-7,text,true,,271,159,10,69,http://localhost:8080/search?q=love&year=1994&language=English,94,0,0
1782351925756,98,HTTP Request,200,OK,Year-Language Query 4-10,text,true,,271,159,10,69,http://localhost:8080/search?q=love&year=1994&language=English,98,0,0
1782351925749,107,HTTP Request,200,OK,Year-Language Query 4-3,text,true,,271,159,10,69,http://localhost:8080/search?q=love&year=1994&language=English,107,0,0
1782351925773,138,HTTP Request,200,OK,Year-Language Query 4-4,text,true,,271,159,10,69,http://localhost:8080/search?q=love&year=1994&language=English,138,0,0
1782351925841,88,HTTP Request,200,OK,Year-Language Query 4-2,text,true,,271,159,10,69,http://localhost:8080/search?q=love&year=1994&language=English,88,0,0
1782351925815,115,HTTP Request,200,OK,Year-Language Query 4-8,text,true,,271,159,10,69,http://localhost:8080/search?q=love&year=1994&language=English,115,0,0
1782351925772,159,HTTP Request,200,OK,Year-Language Query 4-5,text,true,,271,159,10,69,http://localhost:8080/search?q=love&year=1994&language=English,159,0,0
1782351925815,116,HTTP Request,200,OK,Year-Language Query 4-9,text,true,,271,159,10,69,http://localhost:8080/search?q=love&year=1994&language=English,116,0,0
1782351925850,118,HTTP Request,200,OK,Year-Language Query 4-7,text,true,,271,159,10,68,http://localhost:8080/search?q=love&year=1994&language=English,118,0,0
1782351925850,123,HTTP Request,200,OK,Year-Language Query 4-6,text,true,,271,159,10,68,http://localhost:8080/search?q=love&year=1994&language=English,123,0,0
1782351925854,134,HTTP Request,200,OK,Year-Language Query 4-10,text,true,,271,159,10,68,http://localhost:8080/search?q=love&year=1994&language=English,134,0,0
1782351925856,132,HTTP Request,200,OK,Year-Language Query 4-3,text,true,,271,159,10,68,http://localhost:8080/search?q=love&year=1994&language=English,132,0,0
1782351925850,138,HTTP Request,200,OK,Year-Language Query 4-1,text,true,,271,159,10,68,http://localhost:8080/search?q=love&year=1994&language=English,138,0,0
1782351925911,119,HTTP Request,200,OK,Year-Language Query 4-4,text,true,,271,159,10,68,http://localhost:8080/search?q=love&year=1994&language=English,119,0,0
1782351925931,120,HTTP Request,200,OK,Year-Language Query 4-5,text,true,,271,159,10,68,http://localhost:8080/search?q=love&year=1994&language=English,120,0,0
1782351925930,126,HTTP Request,200,OK,Year-Language Query 4-2,text,true,,271,159,10,68,http://localhost:8080/search?q=love&year=1994&language=English,126,0,0
1782351925930,129,HTTP Request,200,OK,Year-Language Query 4-8,text,true,,271,159,10,68,http://localhost:8080/search?q=love&year=1994&language=English,128,0,0
1782351925931,135,HTTP Request,200,OK,Year-Language Query 4-9,text,true,,271,159,10,68,http://localhost:8080/search?q=love&year=1994&language=English,135,0,0
1782351925973,111,HTTP Request,200,OK,Year-Language Query 4-6,text,true,,271,159,10,68,http://localhost:8080/search?q=love&year=1994&language=English,111,0,0
1782351925988,104,HTTP Request,200,OK,Year-Language Query 4-1,text,true,,271,159,10,68,http://localhost:8080/search?q=love&year=1994&language=English,104,0,0
1782351925988,105,HTTP Request,200,OK,Year-Language Query 4-10,text,true,,271,159,10,68,http://localhost:8080/search?q=love&year=1994&language=English,105,0,0
1782351925969,125,HTTP Request,200,OK,Year-Language Query 4-7,text,true,,271,159,10,68,http://localhost:8080/search?q=love&year=1994&language=English,125,0,0
1782351925988,107,HTTP Request,200,OK,Year-Language Query 4-3,text,true,,271,159,10,68,http://localhost:8080/search?q=love&year=1994&language=English,107,0,0
1782351926030,97,HTTP Request,200,OK,Year-Language Query 4-4,text,true,,271,159,10,68,http://localhost:8080/search?q=love&year=1994&language=English,97,0,0
1782351926051,80,HTTP Request,200,OK,Year-Language Query 4-5,text,true,,271,159,10,68,http://localhost:8080/search?q=love&year=1994&language=English,80,0,0
1782351926056,93,HTTP Request,200,OK,Year-Language Query 4-2,text,true,,271,159,10,68,http://localhost:8080/search?q=love&year=1994&language=English,93,0,0
1782351926084,83,HTTP Request,200,OK,Year-Language Query 4-6,text,true,,271,159,10,68,http://localhost:8080/search?q=love&year=1994&language=English,83,0,0
1782351926067,107,HTTP Request,200,OK,Year-Language Query 4-9,text,true,,271,159,10,68,http://localhost:8080/search?q=love&year=1994&language=English,107,0,0
1782351926128,76,HTTP Request,200,OK,Year-Language Query 4-4,text,true,,271,159,10,68,http://localhost:8080/search?q=love&year=1994&language=English,76,0,0
1782351926093,116,HTTP Request,200,OK,Year-Language Query 4-10,text,true,,271,159,10,68,http://localhost:8080/search?q=love&year=1994&language=English,116,0,0
1782351926059,152,HTTP Request,200,OK,Year-Language Query 4-8,text,true,,271,159,10,68,http://localhost:8080/search?q=love&year=1994&language=English,152,0,0
1782351926095,126,HTTP Request,200,OK,Year-Language Query 4-3,text,true,,271,159,10,68,http://localhost:8080/search?q=love&year=1994&language=English,126,0,0
1782351926094,130,HTTP Request,200,OK,Year-Language Query 4-7,text,true,,271,159,10,68,http://localhost:8080/search?q=love&year=1994&language=English,130,0,0
1782351926093,133,HTTP Request,200,OK,Year-Language Query 4-1,text,true,,271,159,10,68,http://localhost:8080/search?q=love&year=1994&language=English,133,0,0
1782351926131,119,HTTP Request,200,OK,Year-Language Query 4-5,text,true,,271,159,10,68,http://localhost:8080/search?q=love&year=1994&language=English,119,0,0
1782351926168,129,HTTP Request,200,OK,Year-Language Query 4-6,text,true,,271,159,10,68,http://localhost:8080/search?q=love&year=1994&language=English,129,0,0
1782351926149,148,HTTP Request,200,OK,Year-Language Query 4-2,text,true,,271,159,10,68,http://localhost:8080/search?q=love&year=1994&language=English,148,0,0
1782351926174,131,HTTP Request,200,OK,Year-Language Query 4-9,text,true,,271,159,10,68,http://localhost:8080/search?q=love&year=1994&language=English,131,0,0
1782351926209,139,HTTP Request,200,OK,Year-Language Query 4-10,text,true,,271,159,10,68,http://localhost:8080/search?q=love&year=1994&language=English,139,0,0
1782351926297,63,HTTP Request,200,OK,Year-Language Query 4-2,text,true,,271,159,10,68,http://localhost:8080/search?q=love&year=1994&language=English,63,0,0
1782351926224,136,HTTP Request,200,OK,Year-Language Query 4-7,text,true,,271,159,10,68,http://localhost:8080/search?q=love&year=1994&language=English,136,0,0
1782351926250,118,HTTP Request,200,OK,Year-Language Query 4-5,text,true,,271,159,10,68,http://localhost:8080/search?q=love&year=1994&language=English,118,0,0
1782351926226,145,HTTP Request,200,OK,Year-Language Query 4-1,text,true,,271,159,10,67,http://localhost:8080/search?q=love&year=1994&language=English,145,0,0
1782351926305,71,HTTP Request,200,OK,Year-Language Query 4-9,text,true,,271,159,10,67,http://localhost:8080/search?q=love&year=1994&language=English,71,0,0
1782351926211,174,HTTP Request,200,OK,Year-Language Query 4-8,text,true,,271,159,10,67,http://localhost:8080/search?q=love&year=1994&language=English,174,0,0
1782351926297,88,HTTP Request,200,OK,Year-Language Query 4-6,text,true,,271,159,10,67,http://localhost:8080/search?q=love&year=1994&language=English,88,0,0
1782351926204,181,HTTP Request,200,OK,Year-Language Query 4-4,text,true,,271,159,10,67,http://localhost:8080/search?q=love&year=1994&language=English,181,0,0
1782351926221,165,HTTP Request,200,OK,Year-Language Query 4-3,text,true,,271,159,10,67,http://localhost:8080/search?q=love&year=1994&language=English,165,0,0
1782351926360,88,HTTP Request,200,OK,Year-Language Query 4-2,text,true,,271,159,10,67,http://localhost:8080/search?q=love&year=1994&language=English,88,0,0
1782351926348,101,HTTP Request,200,OK,Year-Language Query 4-10,text,true,,271,159,10,67,http://localhost:8080/search?q=love&year=1994&language=English,101,0,0
1782351926360,102,HTTP Request,200,OK,Year-Language Query 4-7,text,true,,271,159,10,67,http://localhost:8080/search?q=love&year=1994&language=English,102,0,0
1782351926372,94,HTTP Request,200,OK,Year-Language Query 4-1,text,true,,271,159,10,67,http://localhost:8080/search?q=love&year=1994&language=English,94,0,0
1782351926376,92,HTTP Request,200,OK,Year-Language Query 4-9,text,true,,271,159,10,67,http://localhost:8080/search?q=love&year=1994&language=English,92,0,0
1782351926385,93,HTTP Request,200,OK,Year-Language Query 4-8,text,true,,271,159,10,67,http://localhost:8080/search?q=love&year=1994&language=English,93,0,0
1782351926385,96,HTTP Request,200,OK,Year-Language Query 4-4,text,true,,271,159,10,67,http://localhost:8080/search?q=love&year=1994&language=English,96,0,0
1782351926368,113,HTTP Request,200,OK,Year-Language Query 4-5,text,true,,271,159,10,67,http://localhost:8080/search?q=love&year=1994&language=English,113,0,0
1782351926385,107,HTTP Request,200,OK,Year-Language Query 4-6,text,true,,271,159,10,67,http://localhost:8080/search?q=love&year=1994&language=English,107,0,0
1782351926386,109,HTTP Request,200,OK,Year-Language Query 4-3,text,true,,271,159,10,67,http://localhost:8080/search?q=love&year=1994&language=English,109,0,0
1782351926449,56,HTTP Request,200,OK,Year-Language Query 4-10,text,true,,271,159,10,67,http://localhost:8080/search?q=love&year=1994&language=English,56,0,0
1782351926448,62,HTTP Request,200,OK,Year-Language Query 4-2,text,true,,271,159,10,67,http://localhost:8080/search?q=love&year=1994&language=English,62,0,0
1782351926463,57,HTTP Request,200,OK,Year-Language Query 4-7,text,true,,271,159,10,67,http://localhost:8080/search?q=love&year=1994&language=English,57,0,0
1782351926467,53,HTTP Request,200,OK,Year-Language Query 4-1,text,true,,271,159,10,67,http://localhost:8080/search?q=love&year=1994&language=English,53,0,0
1782351926481,44,HTTP Request,200,OK,Year-Language Query 4-4,text,true,,271,159,10,67,http://localhost:8080/search?q=love&year=1994&language=English,44,0,0
1782351926468,59,HTTP Request,200,OK,Year-Language Query 4-9,text,true,,271,159,10,67,http://localhost:8080/search?q=love&year=1994&language=English,59,0,0
1782351926482,56,HTTP Request,200,OK,Year-Language Query 4-5,text,true,,271,159,10,67,http://localhost:8080/search?q=love&year=1994&language=English,56,0,0
1782351926478,62,HTTP Request,200,OK,Year-Language Query 4-8,text,true,,271,159,10,67,http://localhost:8080/search?q=love&year=1994&language=English,62,0,0
1782351926495,49,HTTP Request,200,OK,Year-Language Query 4-3,text,true,,271,159,10,67,http://localhost:8080/search?q=love&year=1994&language=English,49,0,0
1782351926492,57,HTTP Request,200,OK,Year-Language Query 4-6,text,true,,271,159,10,67,http://localhost:8080/search?q=love&year=1994&language=English,57,0,0
1782351926506,73,HTTP Request,200,OK,Year-Language Query 4-10,text,true,,271,159,10,67,http://localhost:8080/search?q=love&year=1994&language=English,73,0,0
1782351926510,86,HTTP Request,200,OK,Year-Language Query 4-2,text,true,,271,159,10,67,http://localhost:8080/search?q=love&year=1994&language=English,86,0,0
1782351926520,77,HTTP Request,200,OK,Year-Language Query 4-1,text,true,,271,159,10,67,http://localhost:8080/search?q=love&year=1994&language=English,77,0,0
1782351926545,56,HTTP Request,200,OK,Year-Language Query 4-3,text,true,,271,159,10,67,http://localhost:8080/search?q=love&year=1994&language=English,56,0,0
1782351926525,81,HTTP Request,200,OK,Year-Language Query 4-4,text,true,,271,159,10,67,http://localhost:8080/search?q=love&year=1994&language=English,81,0,0
1782351926549,62,HTTP Request,200,OK,Year-Language Query 4-6,text,true,,271,159,10,67,http://localhost:8080/search?q=love&year=1994&language=English,62,0,0
1782351926538,75,HTTP Request,200,OK,Year-Language Query 4-5,text,true,,271,159,10,67,http://localhost:8080/search?q=love&year=1994&language=English,75,0,0
1782351926520,93,HTTP Request,200,OK,Year-Language Query 4-7,text,true,,271,159,10,67,http://localhost:8080/search?q=love&year=1994&language=English,93,0,0
1782351926540,76,HTTP Request,200,OK,Year-Language Query 4-8,text,true,,271,159,10,67,http://localhost:8080/search?q=love&year=1994&language=English,76,0,0
1782351926527,100,HTTP Request,200,OK,Year-Language Query 4-9,text,true,,271,159,10,67,http://localhost:8080/search?q=love&year=1994&language=English,100,0,0
1782351926579,55,HTTP Request,200,OK,Year-Language Query 4-10,text,true,,271,159,10,67,http://localhost:8080/search?q=love&year=1994&language=English,55,0,0
1782351926601,71,HTTP Request,200,OK,Year-Language Query 4-3,text,true,,271,159,10,67,http://localhost:8080/search?q=love&year=1994&language=English,71,0,0
1782351926613,62,HTTP Request,200,OK,Year-Language Query 4-5,text,true,,271,159,10,67,http://localhost:8080/search?q=love&year=1994&language=English,62,0,0
1782351926597,78,HTTP Request,200,OK,Year-Language Query 4-1,text,true,,271,159,10,67,http://localhost:8080/search?q=love&year=1994&language=English,78,0,0
1782351926596,81,HTTP Request,200,OK,Year-Language Query 4-2,text,true,,271,159,10,67,http://localhost:8080/search?q=love&year=1994&language=English,81,0,0
1782351926613,65,HTTP Request,200,OK,Year-Language Query 4-7,text,true,,271,159,10,67,http://localhost:8080/search?q=love&year=1994&language=English,65,0,0
1782351926606,72,HTTP Request,200,OK,Year-Language Query 4-4,text,true,,271,159,10,67,http://localhost:8080/search?q=love&year=1994&language=English,72,0,0
1782351926611,85,HTTP Request,200,OK,Year-Language Query 4-6,text,true,,271,159,10,67,http://localhost:8080/search?q=love&year=1994&language=English,85,0,0
1782351926616,81,HTTP Request,200,OK,Year-Language Query 4-8,text,true,,271,159,10,67,http://localhost:8080/search?q=love&year=1994&language=English,81,0,0
1782351926634,74,HTTP Request,200,OK,Year-Language Query 4-10,text,true,,271,159,10,67,http://localhost:8080/search?q=love&year=1994&language=English,74,0,0
1782351926627,90,HTTP Request,200,OK,Year-Language Query 4-9,text,true,,271,159,10,67,http://localhost:8080/search?q=love&year=1994&language=English,90,0,0
1782351926673,70,HTTP Request,200,OK,Year-Language Query 4-3,text,true,,271,159,10,67,http://localhost:8080/search?q=love&year=1994&language=English,70,0,0
1782351926678,66,HTTP Request,200,OK,Year-Language Query 4-7,text,true,,271,159,10,67,http://localhost:8080/search?q=love&year=1994&language=English,66,0,0
1782351926678,66,HTTP Request,200,OK,Year-Language Query 4-4,text,true,,271,159,10,67,http://localhost:8080/search?q=love&year=1994&language=English,66,0,0
1782351926676,82,HTTP Request,200,OK,Year-Language Query 4-5,text,true,,271,159,10,67,http://localhost:8080/search?q=love&year=1994&language=English,82,0,0
1782351926676,84,HTTP Request,200,OK,Year-Language Query 4-1,text,true,,271,159,10,67,http://localhost:8080/search?q=love&year=1994&language=English,84,0,0
1782351926678,83,HTTP Request,200,OK,Year-Language Query 4-2,text,true,,271,159,10,67,http://localhost:8080/search?q=love&year=1994&language=English,83,0,0
1782351926697,73,HTTP Request,200,OK,Year-Language Query 4-8,text,true,,271,159,10,67,http://localhost:8080/search?q=love&year=1994&language=English,73,0,0
1782351926708,71,HTTP Request,200,OK,Year-Language Query 4-10,text,true,,271,159,10,67,http://localhost:8080/search?q=love&year=1994&language=English,71,0,0
1782351926717,62,HTTP Request,200,OK,Year-Language Query 4-9,text,true,,271,159,10,67,http://localhost:8080/search?q=love&year=1994&language=English,62,0,0
1782351926697,83,HTTP Request,200,OK,Year-Language Query 4-6,text,true,,271,159,10,67,http://localhost:8080/search?q=love&year=1994&language=English,83,0,0
1782351926744,59,HTTP Request,200,OK,Year-Language Query 4-3,text,true,,271,159,10,67,http://localhost:8080/search?q=love&year=1994&language=English,59,0,0
1782351926758,48,HTTP Request,200,OK,Year-Language Query 4-5,text,true,,271,159,10,67,http://localhost:8080/search?q=love&year=1994&language=English,48,0,0
1782351926744,62,HTTP Request,200,OK,Year-Language Query 4-7,text,true,,271,159,10,67,http://localhost:8080/search?q=love&year=1994&language=English,62,0,0
1782351926761,45,HTTP Request,200,OK,Year-Language Query 4-2,text,true,,271,159,10,67,http://localhost:8080/search?q=love&year=1994&language=English,45,0,0
1782351926770,44,HTTP Request,200,OK,Year-Language Query 4-8,text,true,,271,159,10,67,http://localhost:8080/search?q=love&year=1994&language=English,44,0,0
1782351926760,58,HTTP Request,200,OK,Year-Language Query 4-1,text,true,,271,159,10,67,http://localhost:8080/search?q=love&year=1994&language=English,58,0,0
1782351926744,84,HTTP Request,200,OK,Year-Language Query 4-4,text,true,,271,159,10,67,http://localhost:8080/search?q=love&year=1994&language=English,84,0,0
1782351926780,76,HTTP Request,200,OK,Year-Language Query 4-6,text,true,,271,159,10,67,http://localhost:8080/search?q=love&year=1994&language=English,76,0,0
1782351926780,78,HTTP Request,200,OK,Year-Language Query 4-10,text,true,,271,159,10,67,http://localhost:8080/search?q=love&year=1994&language=English,78,0,0
1782351926780,80,HTTP Request,200,OK,Year-Language Query 4-9,text,true,,271,159,10,67,http://localhost:8080/search?q=love&year=1994&language=English,80,0,0
1782351926807,71,HTTP Request,200,OK,Year-Language Query 4-5,text,true,,271,159,10,67,http://localhost:8080/search?q=love&year=1994&language=English,71,0,0
1782351926803,76,HTTP Request,200,OK,Year-Language Query 4-3,text,true,,271,159,10,67,http://localhost:8080/search?q=love&year=1994&language=English,76,0,0
1782351926820,73,HTTP Request,200,OK,Year-Language Query 4-1,text,true,,271,159,10,67,http://localhost:8080/search?q=love&year=1994&language=English,73,0,0
1782351926806,90,HTTP Request,200,OK,Year-Language Query 4-7,text,true,,271,159,10,67,http://localhost:8080/search?q=love&year=1994&language=English,90,0,0
1782351926807,89,HTTP Request,200,OK,Year-Language Query 4-2,text,true,,271,159,10,67,http://localhost:8080/search?q=love&year=1994&language=English,89,0,0
1782351926828,75,HTTP Request,200,OK,Year-Language Query 4-4,text,true,,271,159,10,67,http://localhost:8080/search?q=love&year=1994&language=English,75,0,0
1782351926814,89,HTTP Request,200,OK,Year-Language Query 4-8,text,true,,271,159,10,67,http://localhost:8080/search?q=love&year=1994&language=English,89,0,0
1782351926856,50,HTTP Request,200,OK,Year-Language Query 4-6,text,true,,271,159,10,67,http://localhost:8080/search?q=love&year=1994&language=English,50,0,0
1782351926860,53,HTTP Request,200,OK,Year-Language Query 4-9,text,true,,271,159,10,67,http://localhost:8080/search?q=love&year=1994&language=English,53,0,0
1782351926860,53,HTTP Request,200,OK,Year-Language Query 4-10,text,true,,271,159,10,67,http://localhost:8080/search?q=love&year=1994&language=English,53,0,0
1782351926879,75,HTTP Request,200,OK,Year-Language Query 4-3,text,true,,271,159,10,67,http://localhost:8080/search?q=love&year=1994&language=English,75,0,0
1782351926878,76,HTTP Request,200,OK,Year-Language Query 4-5,text,true,,271,159,10,67,http://localhost:8080/search?q=love&year=1994&language=English,76,0,0
1782351926893,75,HTTP Request,200,OK,Year-Language Query 4-1,text,true,,271,159,10,67,http://localhost:8080/search?q=love&year=1994&language=English,75,0,0
1782351926903,66,HTTP Request,200,OK,Year-Language Query 4-8,text,true,,271,159,10,67,http://localhost:8080/search?q=love&year=1994&language=English,66,0,0
1782351926896,76,HTTP Request,200,OK,Year-Language Query 4-7,text,true,,271,159,10,67,http://localhost:8080/search?q=love&year=1994&language=English,76,0,0
1782351926903,76,HTTP Request,200,OK,Year-Language Query 4-4,text,true,,271,159,10,67,http://localhost:8080/search?q=love&year=1994&language=English,76,0,0
1782351926897,87,HTTP Request,200,OK,Year-Language Query 4-2,text,true,,271,159,10,67,http://localhost:8080/search?q=love&year=1994&language=English,87,0,0
1782351926906,79,HTTP Request,200,OK,Year-Language Query 4-6,text,true,,271,159,10,67,http://localhost:8080/search?q=love&year=1994&language=English,79,0,0
1782351926913,73,HTTP Request,200,OK,Year-Language Query 4-10,text,true,,271,159,10,67,http://localhost:8080/search?q=love&year=1994&language=English,73,0,0
1782351926913,74,HTTP Request,200,OK,Year-Language Query 4-9,text,true,,271,159,10,67,http://localhost:8080/search?q=love&year=1994&language=English,74,0,0
1782351926954,56,HTTP Request,200,OK,Year-Language Query 4-5,text,true,,271,159,10,67,http://localhost:8080/search?q=love&year=1994&language=English,56,0,0
1782351926972,52,HTTP Request,200,OK,Year-Language Query 4-7,text,true,,271,159,10,67,http://localhost:8080/search?q=love&year=1994&language=English,52,0,0
1782351926970,54,HTTP Request,200,OK,Year-Language Query 4-8,text,true,,271,159,10,67,http://localhost:8080/search?q=love&year=1994&language=English,54,0,0
1782351926954,77,HTTP Request,200,OK,Year-Language Query 4-3,text,true,,271,159,10,67,http://localhost:8080/search?q=love&year=1994&language=English,77,0,0
1782351926979,52,HTTP Request,200,OK,Year-Language Query 4-4,text,true,,271,159,10,67,http://localhost:8080/search?q=love&year=1994&language=English,52,0,0
1782351926969,66,HTTP Request,200,OK,Year-Language Query 4-1,text,true,,271,159,10,67,http://localhost:8080/search?q=love&year=1994&language=English,66,0,0
1782351926987,48,HTTP Request,200,OK,Year-Language Query 4-9,text,true,,271,159,10,67,http://localhost:8080/search?q=love&year=1994&language=English,48,0,0
1782351926987,50,HTTP Request,200,OK,Year-Language Query 4-10,text,true,,271,159,10,67,http://localhost:8080/search?q=love&year=1994&language=English,50,0,0
1782351926985,66,HTTP Request,200,OK,Year-Language Query 4-6,text,true,,271,159,10,67,http://localhost:8080/search?q=love&year=1994&language=English,66,0,0
1782351926985,72,HTTP Request,200,OK,Year-Language Query 4-2,text,true,,271,159,10,67,http://localhost:8080/search?q=love&year=1994&language=English,72,0,0
1782351927010,64,HTTP Request,200,OK,Year-Language Query 4-5,text,true,,271,159,10,67,http://localhost:8080/search?q=love&year=1994&language=English,64,0,0
1782351927024,63,HTTP Request,200,OK,Year-Language Query 4-7,text,true,,271,159,10,67,http://localhost:8080/search?q=love&year=1994&language=English,63,0,0
1782351927025,63,HTTP Request,200,OK,Year-Language Query 4-8,text,true,,271,159,10,67,http://localhost:8080/search?q=love&year=1994&language=English,63,0,0
1782351927032,56,HTTP Request,200,OK,Year-Language Query 4-4,text,true,,271,159,10,67,http://localhost:8080/search?q=love&year=1994&language=English,56,0,0
1782351927035,53,HTTP Request,200,OK,Year-Language Query 4-1,text,true,,271,159,10,67,http://localhost:8080/search?q=love&year=1994&language=English,53,0,0
1782351927037,51,HTTP Request,200,OK,Year-Language Query 4-10,text,true,,271,159,10,67,http://localhost:8080/search?q=love&year=1994&language=English,51,0,0
1782351927032,59,HTTP Request,200,OK,Year-Language Query 4-3,text,true,,271,159,10,67,http://localhost:8080/search?q=love&year=1994&language=English,59,0,0
1782351927035,57,HTTP Request,200,OK,Year-Language Query 4-9,text,true,,271,159,10,67,http://localhost:8080/search?q=love&year=1994&language=English,57,0,0
1782351927058,47,HTTP Request,200,OK,Year-Language Query 4-2,text,true,,271,159,10,67,http://localhost:8080/search?q=love&year=1994&language=English,47,0,0
1782351927051,67,HTTP Request,200,OK,Year-Language Query 4-6,text,true,,271,159,10,67,http://localhost:8080/search?q=love&year=1994&language=English,67,0,0
1782351927074,67,HTTP Request,200,OK,Year-Language Query 4-5,text,true,,271,159,10,66,http://localhost:8080/search?q=love&year=1994&language=English,67,0,0
1782351927088,59,HTTP Request,200,OK,Year-Language Query 4-8,text,true,,271,159,10,66,http://localhost:8080/search?q=love&year=1994&language=English,59,0,0
1782351927092,57,HTTP Request,200,OK,Year-Language Query 4-9,text,true,,271,159,10,66,http://localhost:8080/search?q=love&year=1994&language=English,57,0,0
1782351927088,61,HTTP Request,200,OK,Year-Language Query 4-10,text,true,,271,159,10,66,http://localhost:8080/search?q=love&year=1994&language=English,61,0,0
1782351927092,64,HTTP Request,200,OK,Year-Language Query 4-3,text,true,,271,159,10,66,http://localhost:8080/search?q=love&year=1994&language=English,64,0,0
1782351927088,69,HTTP Request,200,OK,Year-Language Query 4-4,text,true,,271,159,10,66,http://localhost:8080/search?q=love&year=1994&language=English,69,0,0
1782351927088,71,HTTP Request,200,OK,Year-Language Query 4-1,text,true,,271,159,10,66,http://localhost:8080/search?q=love&year=1994&language=English,71,0,0
1782351927105,61,HTTP Request,200,OK,Year-Language Query 4-2,text,true,,271,159,10,66,http://localhost:8080/search?q=love&year=1994&language=English,61,0,0
1782351927118,50,HTTP Request,200,OK,Year-Language Query 4-6,text,true,,271,159,10,66,http://localhost:8080/search?q=love&year=1994&language=English,50,0,0
1782351927087,103,HTTP Request,200,OK,Year-Language Query 4-7,text,true,,271,159,10,66,http://localhost:8080/search?q=love&year=1994&language=English,103,0,0
1782351927141,51,HTTP Request,200,OK,Year-Language Query 4-5,text,true,,271,159,10,66,http://localhost:8080/search?q=love&year=1994&language=English,51,0,0
1782351927150,53,HTTP Request,200,OK,Year-Language Query 4-10,text,true,,271,159,10,66,http://localhost:8080/search?q=love&year=1994&language=English,53,0,0
1782351927147,59,HTTP Request,200,OK,Year-Language Query 4-8,text,true,,271,159,10,66,http://localhost:8080/search?q=love&year=1994&language=English,59,0,0
1782351927157,54,HTTP Request,200,OK,Year-Language Query 4-4,text,true,,271,159,10,66,http://localhost:8080/search?q=love&year=1994&language=English,54,0,0
1782351927150,68,HTTP Request,200,OK,Year-Language Query 4-9,text,true,,271,159,10,66,http://localhost:8080/search?q=love&year=1994&language=English,68,0,0
1782351927159,61,HTTP Request,200,OK,Year-Language Query 4-1,text,true,,271,159,10,66,http://localhost:8080/search?q=love&year=1994&language=English,61,0,0
1782351927156,64,HTTP Request,200,OK,Year-Language Query 4-3,text,true,,271,159,10,66,http://localhost:8080/search?q=love&year=1994&language=English,64,0,0
1782351927168,58,HTTP Request,200,OK,Year-Language Query 4-6,text,true,,271,159,10,66,http://localhost:8080/search?q=love&year=1994&language=English,58,0,0
1782351927166,66,HTTP Request,200,OK,Year-Language Query 4-2,text,true,,271,159,10,66,http://localhost:8080/search?q=love&year=1994&language=English,66,0,0
1782351927192,54,HTTP Request,200,OK,Year-Language Query 4-5,text,true,,271,159,10,66,http://localhost:8080/search?q=love&year=1994&language=English,54,0,0
1782351927190,56,HTTP Request,200,OK,Year-Language Query 4-7,text,true,,271,159,10,66,http://localhost:8080/search?q=love&year=1994&language=English,56,0,0
1782351927206,49,HTTP Request,200,OK,Year-Language Query 4-8,text,true,,271,159,10,66,http://localhost:8080/search?q=love&year=1994&language=English,49,0,0
1782351927204,51,HTTP Request,200,OK,Year-Language Query 4-10,text,true,,271,159,10,66,http://localhost:8080/search?q=love&year=1994&language=English,51,0,0
1782351927211,56,HTTP Request,200,OK,Year-Language Query 4-4,text,true,,271,159,10,66,http://localhost:8080/search?q=love&year=1994&language=English,56,0,0
1782351927220,58,HTTP Request,200,OK,Year-Language Query 4-1,text,true,,271,159,10,66,http://localhost:8080/search?q=love&year=1994&language=English,58,0,0
1782351927218,68,HTTP Request,200,OK,Year-Language Query 4-9,text,true,,271,159,10,66,http://localhost:8080/search?q=love&year=1994&language=English,68,0,0
1782351927232,57,HTTP Request,200,OK,Year-Language Query 4-2,text,true,,271,159,10,66,http://localhost:8080/search?q=love&year=1994&language=English,57,0,0
1782351927220,70,HTTP Request,200,OK,Year-Language Query 4-3,text,true,,271,159,10,66,http://localhost:8080/search?q=love&year=1994&language=English,70,0,0
1782351927226,65,HTTP Request,200,OK,Year-Language Query 4-6,text,true,,271,159,10,66,http://localhost:8080/search?q=love&year=1994&language=English,65,0,0
1782351927247,49,HTTP Request,200,OK,Year-Language Query 4-7,text,true,,271,159,10,66,http://localhost:8080/search?q=love&year=1994&language=English,49,0,0
1782351927268,61,HTTP Request,200,OK,Year-Language Query 4-4,text,true,,271,159,10,66,http://localhost:8080/search?q=love&year=1994&language=English,61,0,0
1782351927255,74,HTTP Request,200,OK,Year-Language Query 4-8,text,true,,271,159,10,66,http://localhost:8080/search?q=love&year=1994&language=English,74,0,0
1782351927247,84,HTTP Request,200,OK,Year-Language Query 4-5,text,true,,271,159,10,66,http://localhost:8080/search?q=love&year=1994&language=English,84,0,0
1782351927255,78,HTTP Request,200,OK,Year-Language Query 4-10,text,true,,271,159,10,66,http://localhost:8080/search?q=love&year=1994&language=English,78,0,0
1782351927278,71,HTTP Request,200,OK,Year-Language Query 4-1,text,true,,271,159,10,66,http://localhost:8080/search?q=love&year=1994&language=English,71,0,0
1782351927286,71,HTTP Request,200,OK,Year-Language Query 4-9,text,true,,271,159,10,66,http://localhost:8080/search?q=love&year=1994&language=English,71,0,0
1782351927290,78,HTTP Request,200,OK,Year-Language Query 4-3,text,true,,271,159,10,66,http://localhost:8080/search?q=love&year=1994&language=English,78,0,0
1782351927296,86,HTTP Request,200,OK,Year-Language Query 4-7,text,true,,271,159,10,66,http://localhost:8080/search?q=love&year=1994&language=English,86,0,0
1782351927291,95,HTTP Request,200,OK,Year-Language Query 4-6,text,true,,271,159,10,66,http://localhost:8080/search?q=love&year=1994&language=English,95,0,0
1782351927289,100,HTTP Request,200,OK,Year-Language Query 4-2,text,true,,271,159,10,66,http://localhost:8080/search?q=love&year=1994&language=English,100,0,0
1782351927331,59,HTTP Request,200,OK,Year-Language Query 4-5,text,true,,271,159,10,66,http://localhost:8080/search?q=love&year=1994&language=English,59,0,0
1782351927330,63,HTTP Request,200,OK,Year-Language Query 4-8,text,true,,271,159,10,66,http://localhost:8080/search?q=love&year=1994&language=English,63,0,0
1782351927329,71,HTTP Request,200,OK,Year-Language Query 4-4,text,true,,271,159,10,66,http://localhost:8080/search?q=love&year=1994&language=English,71,0,0
1782351927349,63,HTTP Request,200,OK,Year-Language Query 4-1,text,true,,271,159,10,66,http://localhost:8080/search?q=love&year=1994&language=English,63,0,0
1782351927333,89,HTTP Request,200,OK,Year-Language Query 4-10,text,true,,271,159,10,66,http://localhost:8080/search?q=love&year=1994&language=English,89,0,0
1782351927357,75,HTTP Request,200,OK,Year-Language Query 4-9,text,true,,271,159,10,66,http://localhost:8080/search?q=love&year=1994&language=English,75,0,0
1782351927382,61,HTTP Request,200,OK,Year-Language Query 4-7,text,true,,271,159,10,66,http://localhost:8080/search?q=love&year=1994&language=English,61,0,0
1782351927390,53,HTTP Request,200,OK,Year-Language Query 4-5,text,true,,271,159,10,66,http://localhost:8080/search?q=love&year=1994&language=English,53,0,0
1782351927368,93,HTTP Request,200,OK,Year-Language Query 4-3,text,true,,271,159,10,66,http://localhost:8080/search?q=love&year=1994&language=English,93,0,0
1782351927386,82,HTTP Request,200,OK,Year-Language Query 4-6,text,true,,271,159,10,66,http://localhost:8080/search?q=love&year=1994&language=English,82,0,0
1782351927389,79,HTTP Request,200,OK,Year-Language Query 4-2,text,true,,271,159,10,66,http://localhost:8080/search?q=love&year=1994&language=English,79,0,0
1782351927422,49,HTTP Request,200,OK,Year-Language Query 4-10,text,true,,271,159,10,66,http://localhost:8080/search?q=love&year=1994&language=English,49,0,0
1782351927393,80,HTTP Request,200,OK,Year-Language Query 4-8,text,true,,271,159,10,66,http://localhost:8080/search?q=love&year=1994&language=English,80,0,0
1782351927413,60,HTTP Request,200,OK,Year-Language Query 4-1,text,true,,271,159,10,66,http://localhost:8080/search?q=love&year=1994&language=English,60,0,0
1782351927400,73,HTTP Request,200,OK,Year-Language Query 4-4,text,true,,271,159,10,66,http://localhost:8080/search?q=love&year=1994&language=English,73,0,0
1782351927432,50,HTTP Request,200,OK,Year-Language Query 4-9,text,true,,271,159,10,66,http://localhost:8080/search?q=love&year=1994&language=English,50,0,0
1782351927443,49,HTTP Request,200,OK,Year-Language Query 4-7,text,true,,271,159,10,66,http://localhost:8080/search?q=love&year=1994&language=English,49,0,0
1782351927443,52,HTTP Request,200,OK,Year-Language Query 4-5,text,true,,271,159,10,66,http://localhost:8080/search?q=love&year=1994&language=English,52,0,0
1782351927473,44,HTTP Request,200,OK,Year-Language Query 4-8,text,true,,271,159,10,66,http://localhost:8080/search?q=love&year=1994&language=English,44,0,0
1782351927461,62,HTTP Request,200,OK,Year-Language Query 4-3,text,true,,271,159,10,66,http://localhost:8080/search?q=love&year=1994&language=English,62,0,0
1782351927473,51,HTTP Request,200,OK,Year-Language Query 4-1,text,true,,271,159,10,66,http://localhost:8080/search?q=love&year=1994&language=English,51,0,0
1782351927469,55,HTTP Request,200,OK,Year-Language Query 4-2,text,true,,271,159,10,66,http://localhost:8080/search?q=love&year=1994&language=English,55,0,0
1782351927468,60,HTTP Request,200,OK,Year-Language Query 4-6,text,true,,271,159,10,66,http://localhost:8080/search?q=love&year=1994&language=English,60,0,0
1782351927473,60,HTTP Request,200,OK,Year-Language Query 4-4,text,true,,271,159,10,66,http://localhost:8080/search?q=love&year=1994&language=English,60,0,0
1782351927492,47,HTTP Request,200,OK,Year-Language Query 4-7,text,true,,271,159,10,66,http://localhost:8080/search?q=love&year=1994&language=English,47,0,0
1782351927482,57,HTTP Request,200,OK,Year-Language Query 4-9,text,true,,271,159,10,66,http://localhost:8080/search?q=love&year=1994&language=English,57,0,0
1782351927471,78,HTTP Request,200,OK,Year-Language Query 4-10,text,true,,271,159,10,66,http://localhost:8080/search?q=love&year=1994&language=English,78,0,0
1782351927495,59,HTTP Request,200,OK,Year-Language Query 4-5,text,true,,271,159,10,66,http://localhost:8080/search?q=love&year=1994&language=English,59,0,0
1782351927528,61,HTTP Request,200,OK,Year-Language Query 4-6,text,true,,271,159,10,66,http://localhost:8080/search?q=love&year=1994&language=English,61,0,0
1782351927524,65,HTTP Request,200,OK,Year-Language Query 4-3,text,true,,271,159,10,66,http://localhost:8080/search?q=love&year=1994&language=English,65,0,0
1782351927524,66,HTTP Request,200,OK,Year-Language Query 4-1,text,true,,271,159,10,66,http://localhost:8080/search?q=love&year=1994&language=English,66,0,0
1782351927524,66,HTTP Request,200,OK,Year-Language Query 4-2,text,true,,271,159,10,66,http://localhost:8080/search?q=love&year=1994&language=English,66,0,0
1782351927539,51,HTTP Request,200,OK,Year-Language Query 4-7,text,true,,271,159,10,66,http://localhost:8080/search?q=love&year=1994&language=English,51,0,0
1782351927539,52,HTTP Request,200,OK,Year-Language Query 4-9,text,true,,271,159,10,66,http://localhost:8080/search?q=love&year=1994&language=English,52,0,0
1782351927533,58,HTTP Request,200,OK,Year-Language Query 4-4,text,true,,271,159,10,66,http://localhost:8080/search?q=love&year=1994&language=English,58,0,0
1782351927517,81,HTTP Request,200,OK,Year-Language Query 4-8,text,true,,271,159,10,66,http://localhost:8080/search?q=love&year=1994&language=English,81,0,0
1782351927549,49,HTTP Request,200,OK,Year-Language Query 4-10,text,true,,271,159,10,66,http://localhost:8080/search?q=love&year=1994&language=English,49,0,0
1782351927554,73,HTTP Request,200,OK,Year-Language Query 4-5,text,true,,271,159,10,65,http://localhost:8080/search?q=love&year=1994&language=English,71,0,0
1782351927589,61,HTTP Request,200,OK,Year-Language Query 4-6,text,true,,271,159,10,64,http://localhost:8080/search?q=love&year=1994&language=English,61,0,0
1782351927590,79,HTTP Request,200,OK,Year-Language Query 4-1,text,true,,271,159,10,64,http://localhost:8080/search?q=love&year=1994&language=English,79,0,0
1782351927589,86,HTTP Request,200,OK,Year-Language Query 4-3,text,true,,271,159,10,64,http://localhost:8080/search?q=love&year=1994&language=English,86,0,0
1782351927591,84,HTTP Request,200,OK,Year-Language Query 4-4,text,true,,271,159,10,64,http://localhost:8080/search?q=love&year=1994&language=English,84,0,0
1782351927591,85,HTTP Request,200,OK,Year-Language Query 4-9,text,true,,271,159,10,64,http://localhost:8080/search?q=love&year=1994&language=English,85,0,0
1782351927598,79,HTTP Request,200,OK,Year-Language Query 4-10,text,true,,271,159,10,64,http://localhost:8080/search?q=love&year=1994&language=English,79,0,0
1782351927598,79,HTTP Request,200,OK,Year-Language Query 4-8,text,true,,271,159,10,64,http://localhost:8080/search?q=love&year=1994&language=English,79,0,0
1782351927590,98,HTTP Request,200,OK,Year-Language Query 4-7,text,true,,271,159,10,64,http://localhost:8080/search?q=love&year=1994&language=English,98,0,0
1782351927590,104,HTTP Request,200,OK,Year-Language Query 4-2,text,true,,271,159,10,64,http://localhost:8080/search?q=love&year=1994&language=English,104,0,0
1782351927627,68,HTTP Request,200,OK,Year-Language Query 4-5,text,true,,271,159,10,64,http://localhost:8080/search?q=love&year=1994&language=English,68,0,0
1782351927650,61,HTTP Request,200,OK,Year-Language Query 4-6,text,true,,271,159,10,64,http://localhost:8080/search?q=love&year=1994&language=English,61,0,0
1782351927675,54,HTTP Request,200,OK,Year-Language Query 4-4,text,true,,271,159,10,64,http://localhost:8080/search?q=love&year=1994&language=English,54,0,0
1782351927669,67,HTTP Request,200,OK,Year-Language Query 4-1,text,true,,271,159,10,64,http://localhost:8080/search?q=love&year=1994&language=English,67,0,0
1782351927677,60,HTTP Request,200,OK,Year-Language Query 4-8,text,true,,271,159,10,64,http://localhost:8080/search?q=love&year=1994&language=English,60,0,0
1782351927677,72,HTTP Request,200,OK,Year-Language Query 4-10,text,true,,271,159,10,64,http://localhost:8080/search?q=love&year=1994&language=English,72,0,0
1782351927675,74,HTTP Request,200,OK,Year-Language Query 4-3,text,true,,271,159,10,64,http://localhost:8080/search?q=love&year=1994&language=English,74,0,0
1782351927695,54,HTTP Request,200,OK,Year-Language Query 4-5,text,true,,271,159,10,64,http://localhost:8080/search?q=love&year=1994&language=English,54,0,0
1782351927689,61,HTTP Request,200,OK,Year-Language Query 4-7,text,true,,271,159,10,64,http://localhost:8080/search?q=love&year=1994&language=English,61,0,0
1782351927676,74,HTTP Request,200,OK,Year-Language Query 4-9,text,true,,271,159,10,64,http://localhost:8080/search?q=love&year=1994&language=English,74,0,0
1782351927694,68,HTTP Request,200,OK,Year-Language Query 4-2,text,true,,271,159,10,64,http://localhost:8080/search?q=love&year=1994&language=English,68,0,0
1782351927711,57,HTTP Request,200,OK,Year-Language Query 4-6,text,true,,271,159,10,64,http://localhost:8080/search?q=love&year=1994&language=English,57,0,0
1782351927729,46,HTTP Request,200,OK,Year-Language Query 4-4,text,true,,271,159,10,64,http://localhost:8080/search?q=love&year=1994&language=English,46,0,0
1782351927736,49,HTTP Request,200,OK,Year-Language Query 4-1,text,true,,271,159,10,64,http://localhost:8080/search?q=love&year=1994&language=English,49,0,0
1782351927737,90,HTTP Request,200,OK,Year-Language Query 4-8,text,true,,271,159,10,64,http://localhost:8080/search?q=love&year=1994&language=English,90,0,0
1782351927749,79,HTTP Request,200,OK,Year-Language Query 4-5,text,true,,271,159,10,64,http://localhost:8080/search?q=love&year=1994&language=English,79,0,0
1782351927750,80,HTTP Request,200,OK,Year-Language Query 4-7,text,true,,271,159,10,64,http://localhost:8080/search?q=love&year=1994&language=English,80,0,0
1782351927763,67,HTTP Request,200,OK,Year-Language Query 4-2,text,true,,271,159,10,64,http://localhost:8080/search?q=love&year=1994&language=English,67,0,0
1782351927750,81,HTTP Request,200,OK,Year-Language Query 4-9,text,true,,271,159,10,64,http://localhost:8080/search?q=love&year=1994&language=English,81,0,0
1782351927749,82,HTTP Request,200,OK,Year-Language Query 4-3,text,true,,271,159,10,64,http://localhost:8080/search?q=love&year=1994&language=English,82,0,0
1782351927768,69,HTTP Request,200,OK,Year-Language Query 4-6,text,true,,271,159,10,64,http://localhost:8080/search?q=love&year=1994&language=English,69,0,0
1782351927749,88,HTTP Request,200,OK,Year-Language Query 4-10,text,true,,271,159,10,64,http://localhost:8080/search?q=love&year=1994&language=English,88,0,0
1782351927775,73,HTTP Request,200,OK,Year-Language Query 4-4,text,true,,271,159,10,64,http://localhost:8080/search?q=love&year=1994&language=English,73,0,0
1782351927786,67,HTTP Request,200,OK,Year-Language Query 4-1,text,true,,271,159,10,64,http://localhost:8080/search?q=love&year=1994&language=English,67,0,0
1782351927828,72,HTTP Request,200,OK,Year-Language Query 4-5,text,true,,271,159,10,64,http://localhost:8080/search?q=love&year=1994&language=English,72,0,0
1782351927831,74,HTTP Request,200,OK,Year-Language Query 4-9,text,true,,271,159,10,64,http://localhost:8080/search?q=love&year=1994&language=English,74,0,0
1782351927830,76,HTTP Request,200,OK,Year-Language Query 4-7,text,true,,271,159,10,64,http://localhost:8080/search?q=love&year=1994&language=English,76,0,0
1782351927837,78,HTTP Request,200,OK,Year-Language Query 4-6,text,true,,271,159,10,64,http://localhost:8080/search?q=love&year=1994&language=English,78,0,0
1782351927830,87,HTTP Request,200,OK,Year-Language Query 4-2,text,true,,271,159,10,64,http://localhost:8080/search?q=love&year=1994&language=English,87,0,0
1782351927837,81,HTTP Request,200,OK,Year-Language Query 4-10,text,true,,271,159,10,64,http://localhost:8080/search?q=love&year=1994&language=English,81,0,0
1782351927827,93,HTTP Request,200,OK,Year-Language Query 4-8,text,true,,271,159,10,64,http://localhost:8080/search?q=love&year=1994&language=English,93,0,0
1782351927854,67,HTTP Request,200,OK,Year-Language Query 4-1,text,true,,271,159,10,64,http://localhost:8080/search?q=love&year=1994&language=English,67,0,0
1782351927831,103,HTTP Request,200,OK,Year-Language Query 4-3,text,true,,271,159,10,64,http://localhost:8080/search?q=love&year=1994&language=English,103,0,0
1782351927901,42,HTTP Request,200,OK,Year-Language Query 4-5,text,true,,271,159,10,64,http://localhost:8080/search?q=love&year=1994&language=English,42,0,0
1782351927848,103,HTTP Request,200,OK,Year-Language Query 4-4,text,true,,271,159,10,64,http://localhost:8080/search?q=love&year=1994&language=English,103,0,0
1782351927905,62,HTTP Request,200,OK,Year-Language Query 4-9,text,true,,271,159,10,64,http://localhost:8080/search?q=love&year=1994&language=English,62,0,0
1782351927906,67,HTTP Request,200,OK,Year-Language Query 4-7,text,true,,271,159,10,64,http://localhost:8080/search?q=love&year=1994&language=English,67,0,0
1782351927918,56,HTTP Request,200,OK,Year-Language Query 4-10,text,true,,271,159,10,64,http://localhost:8080/search?q=love&year=1994&language=English,56,0,0
1782351927915,63,HTTP Request,200,OK,Year-Language Query 4-6,text,true,,271,159,10,64,http://localhost:8080/search?q=love&year=1994&language=English,63,0,0
1782351927917,69,HTTP Request,200,OK,Year-Language Query 4-2,text,true,,271,159,10,64,http://localhost:8080/search?q=love&year=1994&language=English,69,0,0
1782351927920,70,HTTP Request,200,OK,Year-Language Query 4-8,text,true,,271,159,10,64,http://localhost:8080/search?q=love&year=1994&language=English,70,0,0
1782351927922,79,HTTP Request,200,OK,Year-Language Query 4-1,text,true,,271,159,10,64,http://localhost:8080/search?q=love&year=1994&language=English,79,0,0
1782351927952,51,HTTP Request,200,OK,Year-Language Query 4-4,text,true,,271,159,10,64,http://localhost:8080/search?q=love&year=1994&language=English,51,0,0
1782351927943,60,HTTP Request,200,OK,Year-Language Query 4-5,text,true,,271,159,10,64,http://localhost:8080/search?q=love&year=1994&language=English,60,0,0
1782351927934,69,HTTP Request,200,OK,Year-Language Query 4-3,text,true,,271,159,10,64,http://localhost:8080/search?q=love&year=1994&language=English,69,0,0
1782351927967,50,HTTP Request,200,OK,Year-Language Query 4-9,text,true,,271,159,10,64,http://localhost:8080/search?q=love&year=1994&language=English,50,0,0
1782351927974,46,HTTP Request,200,OK,Year-Language Query 4-7,text,true,,271,159,10,64,http://localhost:8080/search?q=love&year=1994&language=English,46,0,0
1782351927979,49,HTTP Request,200,OK,Year-Language Query 4-6,text,true,,271,159,10,63,http://localhost:8080/search?q=love&year=1994&language=English,49,0,0
1782351927986,44,HTTP Request,200,OK,Year-Language Query 4-2,text,true,,271,159,10,63,http://localhost:8080/search?q=love&year=1994&language=English,44,0,0
1782351927974,64,HTTP Request,200,OK,Year-Language Query 4-10,text,true,,271,159,10,63,http://localhost:8080/search?q=love&year=1994&language=English,64,0,0
1782351927990,51,HTTP Request,200,OK,Year-Language Query 4-8,text,true,,271,159,10,63,http://localhost:8080/search?q=love&year=1994&language=English,51,0,0
1782351928003,48,HTTP Request,200,OK,Year-Language Query 4-3,text,true,,271,159,10,63,http://localhost:8080/search?q=love&year=1994&language=English,48,0,0
1782351928003,53,HTTP Request,200,OK,Year-Language Query 4-5,text,true,,271,159,10,63,http://localhost:8080/search?q=love&year=1994&language=English,53,0,0
1782351928017,48,HTTP Request,200,OK,Year-Language Query 4-9,text,true,,271,159,10,63,http://localhost:8080/search?q=love&year=1994&language=English,48,0,0
1782351928001,71,HTTP Request,200,OK,Year-Language Query 4-1,text,true,,271,159,10,63,http://localhost:8080/search?q=love&year=1994&language=English,71,0,0
1782351928020,70,HTTP Request,200,OK,Year-Language Query 4-7,text,true,,271,159,10,63,http://localhost:8080/search?q=love&year=1994&language=English,70,0,0
1782351928003,87,HTTP Request,200,OK,Year-Language Query 4-4,text,true,,271,159,10,63,http://localhost:8080/search?q=love&year=1994&language=English,87,0,0
1782351928031,62,HTTP Request,200,OK,Year-Language Query 4-2,text,true,,271,159,10,63,http://localhost:8080/search?q=love&year=1994&language=English,62,0,0
1782351928028,65,HTTP Request,200,OK,Year-Language Query 4-6,text,true,,271,159,10,63,http://localhost:8080/search?q=love&year=1994&language=English,65,0,0
1782351928038,57,HTTP Request,200,OK,Year-Language Query 4-10,text,true,,271,159,10,63,http://localhost:8080/search?q=love&year=1994&language=English,57,0,0
1782351928057,51,HTTP Request,200,OK,Year-Language Query 4-5,text,true,,271,159,10,63,http://localhost:8080/search?q=love&year=1994&language=English,51,0,0
1782351928042,80,HTTP Request,200,OK,Year-Language Query 4-8,text,true,,271,159,10,63,http://localhost:8080/search?q=love&year=1994&language=English,80,0,0
1782351928051,72,HTTP Request,200,OK,Year-Language Query 4-3,text,true,,271,159,10,63,http://localhost:8080/search?q=love&year=1994&language=English,72,0,0
1782351928065,72,HTTP Request,200,OK,Year-Language Query 4-9,text,true,,271,159,10,63,http://localhost:8080/search?q=love&year=1994&language=English,72,0,0
1782351928072,67,HTTP Request,200,OK,Year-Language Query 4-1,text,true,,271,159,10,63,http://localhost:8080/search?q=love&year=1994&language=English,67,0,0
1782351928093,59,HTTP Request,200,OK,Year-Language Query 4-2,text,true,,271,159,10,63,http://localhost:8080/search?q=love&year=1994&language=English,59,0,0
1782351928090,62,HTTP Request,200,OK,Year-Language Query 4-4,text,true,,271,159,10,63,http://localhost:8080/search?q=love&year=1994&language=English,62,0,0
1782351928090,64,HTTP Request,200,OK,Year-Language Query 4-7,text,true,,271,159,10,63,http://localhost:8080/search?q=love&year=1994&language=English,64,0,0
1782351928093,61,HTTP Request,200,OK,Year-Language Query 4-6,text,true,,271,159,10,63,http://localhost:8080/search?q=love&year=1994&language=English,61,0,0
1782351928095,61,HTTP Request,200,OK,Year-Language Query 4-10,text,true,,271,159,10,63,http://localhost:8080/search?q=love&year=1994&language=English,61,0,0
1782351928109,68,HTTP Request,200,OK,Year-Language Query 4-5,text,true,,271,159,10,63,http://localhost:8080/search?q=love&year=1994&language=English,68,0,0
1782351928122,69,HTTP Request,200,OK,Year-Language Query 4-8,text,true,,271,159,10,63,http://localhost:8080/search?q=love&year=1994&language=English,69,0,0
1782351928124,67,HTTP Request,200,OK,Year-Language Query 4-3,text,true,,271,159,10,63,http://localhost:8080/search?q=love&year=1994&language=English,67,0,0
1782351928137,66,HTTP Request,200,OK,Year-Language Query 4-9,text,true,,271,159,10,63,http://localhost:8080/search?q=love&year=1994&language=English,66,0,0
1782351928152,56,HTTP Request,200,OK,Year-Language Query 4-2,text,true,,271,159,10,63,http://localhost:8080/search?q=love&year=1994&language=English,56,0,0
1782351928140,73,HTTP Request,200,OK,Year-Language Query 4-1,text,true,,271,159,10,63,http://localhost:8080/search?q=love&year=1994&language=English,73,0,0
1782351928156,78,HTTP Request,200,OK,Year-Language Query 4-10,text,true,,271,159,10,63,http://localhost:8080/search?q=love&year=1994&language=English,78,0,0
1782351928152,94,HTTP Request,200,OK,Year-Language Query 4-4,text,true,,271,159,10,63,http://localhost:8080/search?q=love&year=1994&language=English,94,0,0
1782351928154,95,HTTP Request,200,OK,Year-Language Query 4-6,text,true,,271,159,10,63,http://localhost:8080/search?q=love&year=1994&language=English,95,0,0
1782351928154,97,HTTP Request,200,OK,Year-Language Query 4-7,text,true,,271,159,10,63,http://localhost:8080/search?q=love&year=1994&language=English,97,0,0
1782351928177,77,HTTP Request,200,OK,Year-Language Query 4-5,text,true,,271,159,10,63,http://localhost:8080/search?q=love&year=1994&language=English,77,0,0
1782351928191,65,HTTP Request,200,OK,Year-Language Query 4-3,text,true,,271,159,10,63,http://localhost:8080/search?q=love&year=1994&language=English,65,0,0
1782351928191,69,HTTP Request,200,OK,Year-Language Query 4-8,text,true,,271,159,10,63,http://localhost:8080/search?q=love&year=1994&language=English,69,0,0
1782351928203,64,HTTP Request,200,OK,Year-Language Query 4-9,text,true,,271,159,10,63,http://localhost:8080/search?q=love&year=1994&language=English,64,0,0
1782351928213,72,HTTP Request,200,OK,Year-Language Query 4-1,text,true,,271,159,10,62,http://localhost:8080/search?q=love&year=1994&language=English,71,0,0
1782351928208,88,HTTP Request,200,OK,Year-Language Query 4-2,text,true,,271,159,10,62,http://localhost:8080/search?q=love&year=1994&language=English,88,0,0
1782351928246,73,HTTP Request,200,OK,Year-Language Query 4-4,text,true,,271,159,10,62,http://localhost:8080/search?q=love&year=1994&language=English,73,0,0
1782351928234,86,HTTP Request,200,OK,Year-Language Query 4-10,text,true,,271,159,10,62,http://localhost:8080/search?q=love&year=1994&language=English,86,0,0
1782351928256,78,HTTP Request,200,OK,Year-Language Query 4-3,text,true,,271,159,10,62,http://localhost:8080/search?q=love&year=1994&language=English,78,0,0
1782351928249,85,HTTP Request,200,OK,Year-Language Query 4-6,text,true,,271,159,10,62,http://localhost:8080/search?q=love&year=1994&language=English,85,0,0
1782351928255,82,HTTP Request,200,OK,Year-Language Query 4-5,text,true,,271,159,10,62,http://localhost:8080/search?q=love&year=1994&language=English,82,0,0
1782351928252,85,HTTP Request,200,OK,Year-Language Query 4-7,text,true,,271,159,10,62,http://localhost:8080/search?q=love&year=1994&language=English,85,0,0
1782351928261,80,HTTP Request,200,OK,Year-Language Query 4-8,text,true,,271,159,10,62,http://localhost:8080/search?q=love&year=1994&language=English,80,0,0
1782351928267,101,HTTP Request,200,OK,Year-Language Query 4-9,text,true,,271,159,10,62,http://localhost:8080/search?q=love&year=1994&language=English,101,0,0
1782351928285,105,HTTP Request,200,OK,Year-Language Query 4-1,text,true,,271,159,10,62,http://localhost:8080/search?q=love&year=1994&language=English,105,0,0
1782351928296,103,HTTP Request,200,OK,Year-Language Query 4-2,text,true,,271,159,10,62,http://localhost:8080/search?q=love&year=1994&language=English,103,0,0
1782351928337,88,HTTP Request,200,OK,Year-Language Query 4-5,text,true,,271,159,10,62,http://localhost:8080/search?q=love&year=1994&language=English,88,0,0
1782351928320,120,HTTP Request,200,OK,Year-Language Query 4-10,text,true,,271,159,10,62,http://localhost:8080/search?q=love&year=1994&language=English,120,0,0
1782351928335,109,HTTP Request,200,OK,Year-Language Query 4-6,text,true,,271,159,10,62,http://localhost:8080/search?q=love&year=1994&language=English,109,0,0
1782351928338,108,HTTP Request,200,OK,Year-Language Query 4-7,text,true,,271,159,10,62,http://localhost:8080/search?q=love&year=1994&language=English,108,0,0
1782351928320,126,HTTP Request,200,OK,Year-Language Query 4-4,text,true,,271,159,10,62,http://localhost:8080/search?q=love&year=1994&language=English,126,0,0
1782351928342,106,HTTP Request,200,OK,Year-Language Query 4-8,text,true,,271,159,10,62,http://localhost:8080/search?q=love&year=1994&language=English,106,0,0
1782351928368,80,HTTP Request,200,OK,Year-Language Query 4-9,text,true,,271,159,10,62,http://localhost:8080/search?q=love&year=1994&language=English,80,0,0
1782351928334,114,HTTP Request,200,OK,Year-Language Query 4-3,text,true,,271,159,10,62,http://localhost:8080/search?q=love&year=1994&language=English,114,0,0
1782351928390,77,HTTP Request,200,OK,Year-Language Query 4-1,text,true,,271,159,10,62,http://localhost:8080/search?q=love&year=1994&language=English,77,0,0
1782351928425,64,HTTP Request,200,OK,Year-Language Query 4-5,text,true,,271,159,10,62,http://localhost:8080/search?q=love&year=1994&language=English,64,0,0
1782351928400,89,HTTP Request,200,OK,Year-Language Query 4-2,text,true,,271,159,10,62,http://localhost:8080/search?q=love&year=1994&language=English,89,0,0
1782351928447,43,HTTP Request,200,OK,Year-Language Query 4-4,text,true,,271,159,10,62,http://localhost:8080/search?q=love&year=1994&language=English,43,0,0
1782351928446,57,HTTP Request,200,OK,Year-Language Query 4-7,text,true,,271,159,10,62,http://localhost:8080/search?q=love&year=1994&language=English,57,0,0
1782351928448,57,HTTP Request,200,OK,Year-Language Query 4-8,text,true,,271,159,10,62,http://localhost:8080/search?q=love&year=1994&language=English,57,0,0
1782351928444,62,HTTP Request,200,OK,Year-Language Query 4-6,text,true,,271,159,10,62,http://localhost:8080/search?q=love&year=1994&language=English,62,0,0
1782351928448,58,HTTP Request,200,OK,Year-Language Query 4-3,text,true,,271,159,10,62,http://localhost:8080/search?q=love&year=1994&language=English,58,0,0
1782351928448,61,HTTP Request,200,OK,Year-Language Query 4-9,text,true,,271,159,10,62,http://localhost:8080/search?q=love&year=1994&language=English,61,0,0
1782351928440,69,HTTP Request,200,OK,Year-Language Query 4-10,text,true,,271,159,10,62,http://localhost:8080/search?q=love&year=1994&language=English,69,0,0
1782351928468,58,HTTP Request,200,OK,Year-Language Query 4-1,text,true,,271,159,10,62,http://localhost:8080/search?q=love&year=1994&language=English,58,0,0
1782351928490,39,HTTP Request,200,OK,Year-Language Query 4-4,text,true,,271,159,10,62,http://localhost:8080/search?q=love&year=1994&language=English,39,0,0
1782351928489,48,HTTP Request,200,OK,Year-Language Query 4-2,text,true,,271,159,10,62,http://localhost:8080/search?q=love&year=1994&language=English,48,0,0
1782351928489,56,HTTP Request,200,OK,Year-Language Query 4-5,text,true,,271,159,10,62,http://localhost:8080/search?q=love&year=1994&language=English,56,0,0
1782351928503,56,HTTP Request,200,OK,Year-Language Query 4-7,text,true,,271,159,10,62,http://localhost:8080/search?q=love&year=1994&language=English,56,0,0
1782351928509,60,HTTP Request,200,OK,Year-Language Query 4-10,text,true,,271,159,10,62,http://localhost:8080/search?q=love&year=1994&language=English,60,0,0
1782351928505,67,HTTP Request,200,OK,Year-Language Query 4-8,text,true,,271,159,10,62,http://localhost:8080/search?q=love&year=1994&language=English,67,0,0
1782351928506,66,HTTP Request,200,OK,Year-Language Query 4-6,text,true,,271,159,10,62,http://localhost:8080/search?q=love&year=1994&language=English,66,0,0
1782351928509,63,HTTP Request,200,OK,Year-Language Query 4-9,text,true,,271,159,10,62,http://localhost:8080/search?q=love&year=1994&language=English,63,0,0
1782351928506,76,HTTP Request,200,OK,Year-Language Query 4-3,text,true,,271,159,10,62,http://localhost:8080/search?q=love&year=1994&language=English,76,0,0
1782351928537,53,HTTP Request,200,OK,Year-Language Query 4-2,text,true,,271,159,10,62,http://localhost:8080/search?q=love&year=1994&language=English,53,0,0
1782351928526,67,HTTP Request,200,OK,Year-Language Query 4-1,text,true,,271,159,10,62,http://localhost:8080/search?q=love&year=1994&language=English,67,0,0
1782351928530,73,HTTP Request,200,OK,Year-Language Query 4-4,text,true,,271,159,10,62,http://localhost:8080/search?q=love&year=1994&language=English,73,0,0
1782351928545,66,HTTP Request,200,OK,Year-Language Query 4-5,text,true,,271,159,10,62,http://localhost:8080/search?q=love&year=1994&language=English,66,0,0
1782351928569,60,HTTP Request,200,OK,Year-Language Query 4-10,text,true,,271,159,10,62,http://localhost:8080/search?q=love&year=1994&language=English,60,0,0
1782351928572,58,HTTP Request,200,OK,Year-Language Query 4-8,text,true,,271,159,10,62,http://localhost:8080/search?q=love&year=1994&language=English,58,0,0
1782351928559,77,HTTP Request,200,OK,Year-Language Query 4-7,text,true,,271,159,10,62,http://localhost:8080/search?q=love&year=1994&language=English,77,0,0
1782351928572,64,HTTP Request,200,OK,Year-Language Query 4-6,text,true,,271,159,10,62,http://localhost:8080/search?q=love&year=1994&language=English,64,0,0
1782351928582,54,HTTP Request,200,OK,Year-Language Query 4-3,text,true,,271,159,10,62,http://localhost:8080/search?q=love&year=1994&language=English,54,0,0
1782351928572,64,HTTP Request,200,OK,Year-Language Query 4-9,text,true,,271,159,10,62,http://localhost:8080/search?q=love&year=1994&language=English,64,0,0
1782351928590,64,HTTP Request,200,OK,Year-Language Query 4-2,text,true,,271,159,10,62,http://localhost:8080/search?q=love&year=1994&language=English,64,0,0
1782351928604,52,HTTP Request,200,OK,Year-Language Query 4-4,text,true,,271,159,10,62,http://localhost:8080/search?q=love&year=1994&language=English,52,0,0
1782351928612,44,HTTP Request,200,OK,Year-Language Query 4-5,text,true,,271,159,10,62,http://localhost:8080/search?q=love&year=1994&language=English,44,0,0
1782351928593,70,HTTP Request,200,OK,Year-Language Query 4-1,text,true,,271,159,10,62,http://localhost:8080/search?q=love&year=1994&language=English,70,0,0
1782351928630,55,HTTP Request,200,OK,Year-Language Query 4-10,text,true,,271,159,10,62,http://localhost:8080/search?q=love&year=1994&language=English,55,0,0
1782351928631,61,HTTP Request,200,OK,Year-Language Query 4-8,text,true,,271,159,10,62,http://localhost:8080/search?q=love&year=1994&language=English,61,0,0
1782351928636,56,HTTP Request,200,OK,Year-Language Query 4-3,text,true,,271,159,10,62,http://localhost:8080/search?q=love&year=1994&language=English,56,0,0
1782351928636,66,HTTP Request,200,OK,Year-Language Query 4-9,text,true,,271,159,10,62,http://localhost:8080/search?q=love&year=1994&language=English,66,0,0
1782351928656,47,HTTP Request,200,OK,Year-Language Query 4-4,text,true,,271,159,10,62,http://localhost:8080/search?q=love&year=1994&language=English,47,0,0
1782351928636,72,HTTP Request,200,OK,Year-Language Query 4-7,text,true,,271,159,10,62,http://localhost:8080/search?q=love&year=1994&language=English,72,0,0
1782351928636,79,HTTP Request,200,OK,Year-Language Query 4-6,text,true,,271,159,10,62,http://localhost:8080/search?q=love&year=1994&language=English,79,0,0
1782351928656,59,HTTP Request,200,OK,Year-Language Query 4-5,text,true,,271,159,10,62,http://localhost:8080/search?q=love&year=1994&language=English,59,0,0
1782351928663,61,HTTP Request,200,OK,Year-Language Query 4-1,text,true,,271,159,10,62,http://localhost:8080/search?q=love&year=1994&language=English,61,0,0
1782351928654,83,HTTP Request,200,OK,Year-Language Query 4-2,text,true,,271,159,10,62,http://localhost:8080/search?q=love&year=1994&language=English,83,0,0
1782351928692,51,HTTP Request,200,OK,Year-Language Query 4-3,text,true,,271,159,10,62,http://localhost:8080/search?q=love&year=1994&language=English,51,0,0
1782351928703,40,HTTP Request,200,OK,Year-Language Query 4-4,text,true,,271,159,10,62,http://localhost:8080/search?q=love&year=1994&language=English,40,0,0
1782351928685,59,HTTP Request,200,OK,Year-Language Query 4-10,text,true,,271,159,10,62,http://localhost:8080/search?q=love&year=1994&language=English,59,0,0
1782351928692,52,HTTP Request,200,OK,Year-Language Query 4-8,text,true,,271,159,10,62,http://localhost:8080/search?q=love&year=1994&language=English,52,0,0
1782351928702,51,HTTP Request,200,OK,Year-Language Query 4-9,text,true,,271,159,10,62,http://localhost:8080/search?q=love&year=1994&language=English,51,0,0
1782351928708,45,HTTP Request,200,OK,Year-Language Query 4-7,text,true,,271,159,10,62,http://localhost:8080/search?q=love&year=1994&language=English,45,0,0
1782351928715,49,HTTP Request,200,OK,Year-Language Query 4-5,text,true,,271,159,10,62,http://localhost:8080/search?q=love&year=1994&language=English,49,0,0
1782351928715,58,HTTP Request,200,OK,Year-Language Query 4-6,text,true,,271,159,10,62,http://localhost:8080/search?q=love&year=1994&language=English,58,0,0
1782351928737,40,HTTP Request,200,OK,Year-Language Query 4-2,text,true,,271,159,10,62,http://localhost:8080/search?q=love&year=1994&language=English,40,0,0
1782351928724,53,HTTP Request,200,OK,Year-Language Query 4-1,text,true,,271,159,10,62,http://localhost:8080/search?q=love&year=1994&language=English,53,0,0
1782351928744,45,HTTP Request,200,OK,Year-Language Query 4-3,text,true,,271,159,10,62,http://localhost:8080/search?q=love&year=1994&language=English,45,0,0
1782351928744,45,HTTP Request,200,OK,Year-Language Query 4-4,text,true,,271,159,10,62,http://localhost:8080/search?q=love&year=1994&language=English,45,0,0
1782351928754,40,HTTP Request,200,OK,Year-Language Query 4-7,text,true,,271,159,10,62,http://localhost:8080/search?q=love&year=1994&language=English,40,0,0
1782351928744,50,HTTP Request,200,OK,Year-Language Query 4-10,text,true,,271,159,10,62,http://localhost:8080/search?q=love&year=1994&language=English,50,0,0
1782351928744,51,HTTP Request,200,OK,Year-Language Query 4-8,text,true,,271,159,10,62,http://localhost:8080/search?q=love&year=1994&language=English,51,0,0
1782351928754,70,HTTP Request,200,OK,Year-Language Query 4-9,text,true,,271,159,10,62,http://localhost:8080/search?q=love&year=1994&language=English,70,0,0
1782351928777,73,HTTP Request,200,OK,Year-Language Query 4-2,text,true,,271,159,10,62,http://localhost:8080/search?q=love&year=1994&language=English,73,0,0
1782351928774,77,HTTP Request,200,OK,Year-Language Query 4-6,text,true,,271,159,10,62,http://localhost:8080/search?q=love&year=1994&language=English,77,0,0
1782351928764,88,HTTP Request,200,OK,Year-Language Query 4-5,text,true,,271,159,10,62,http://localhost:8080/search?q=love&year=1994&language=English,88,0,0
1782351928777,75,HTTP Request,200,OK,Year-Language Query 4-1,text,true,,271,159,10,62,http://localhost:8080/search?q=love&year=1994&language=English,75,0,0
1782351928789,88,HTTP Request,200,OK,Year-Language Query 4-3,text,true,,271,159,10,62,http://localhost:8080/search?q=love&year=1994&language=English,88,0,0
1782351928790,88,HTTP Request,200,OK,Year-Language Query 4-4,text,true,,271,159,10,62,http://localhost:8080/search?q=love&year=1994&language=English,88,0,0
1782351928795,83,HTTP Request,200,OK,Year-Language Query 4-8,text,true,,271,159,10,62,http://localhost:8080/search?q=love&year=1994&language=English,83,0,0
1782351928794,88,HTTP Request,200,OK,Year-Language Query 4-10,text,true,,271,159,10,62,http://localhost:8080/search?q=love&year=1994&language=English,88,0,0
1782351928794,88,HTTP Request,200,OK,Year-Language Query 4-7,text,true,,271,159,10,62,http://localhost:8080/search?q=love&year=1994&language=English,88,0,0
1782351928824,72,HTTP Request,200,OK,Year-Language Query 4-9,text,true,,271,159,10,62,http://localhost:8080/search?q=love&year=1994&language=English,72,0,0
1782351928850,67,HTTP Request,200,OK,Year-Language Query 4-2,text,true,,271,159,10,62,http://localhost:8080/search?q=love&year=1994&language=English,67,0,0
1782351928852,66,HTTP Request,200,OK,Year-Language Query 4-6,text,true,,271,159,10,62,http://localhost:8080/search?q=love&year=1994&language=English,66,0,0
1782351928852,72,HTTP Request,200,OK,Year-Language Query 4-5,text,true,,271,159,10,62,http://localhost:8080/search?q=love&year=1994&language=English,72,0,0
1782351928877,81,HTTP Request,200,OK,Year-Language Query 4-3,text,true,,271,159,10,62,http://localhost:8080/search?q=love&year=1994&language=English,81,0,0
1782351928878,81,HTTP Request,200,OK,Year-Language Query 4-8,text,true,,271,159,10,62,http://localhost:8080/search?q=love&year=1994&language=English,81,0,0
1782351928852,110,HTTP Request,200,OK,Year-Language Query 4-1,text,true,,271,159,10,62,http://localhost:8080/search?q=love&year=1994&language=English,110,0,0
1782351928883,94,HTTP Request,200,OK,Year-Language Query 4-7,text,true,,271,159,10,62,http://localhost:8080/search?q=love&year=1994&language=English,94,0,0
1782351928883,94,HTTP Request,200,OK,Year-Language Query 4-10,text,true,,271,159,10,62,http://localhost:8080/search?q=love&year=1994&language=English,94,0,0
1782351928897,80,HTTP Request,200,OK,Year-Language Query 4-9,text,true,,271,159,10,62,http://localhost:8080/search?q=love&year=1994&language=English,80,0,0
1782351928878,101,HTTP Request,200,OK,Year-Language Query 4-4,text,true,,271,159,10,62,http://localhost:8080/search?q=love&year=1994&language=English,101,0,0
1782351928918,76,HTTP Request,200,OK,Year-Language Query 4-6,text,true,,271,159,10,62,http://localhost:8080/search?q=love&year=1994&language=English,76,0,0
1782351928924,70,HTTP Request,200,OK,Year-Language Query 4-5,text,true,,271,159,10,62,http://localhost:8080/search?q=love&year=1994&language=English,70,0,0
1782351928917,79,HTTP Request,200,OK,Year-Language Query 4-2,text,true,,271,159,10,62,http://localhost:8080/search?q=love&year=1994&language=English,79,0,0
1782351928958,60,HTTP Request,200,OK,Year-Language Query 4-3,text,true,,271,159,10,62,http://localhost:8080/search?q=love&year=1994&language=English,60,0,0
1782351928962,61,HTTP Request,200,OK,Year-Language Query 4-1,text,true,,271,159,10,62,http://localhost:8080/search?q=love&year=1994&language=English,61,0,0
1782351928959,64,HTTP Request,200,OK,Year-Language Query 4-8,text,true,,271,159,10,62,http://localhost:8080/search?q=love&year=1994&language=English,64,0,0
1782351928977,54,HTTP Request,200,OK,Year-Language Query 4-7,text,true,,271,159,10,62,http://localhost:8080/search?q=love&year=1994&language=English,54,0,0
1782351928977,55,HTTP Request,200,OK,Year-Language Query 4-10,text,true,,271,159,10,62,http://localhost:8080/search?q=love&year=1994&language=English,55,0,0
1782351928978,55,HTTP Request,200,OK,Year-Language Query 4-9,text,true,,271,159,10,62,http://localhost:8080/search?q=love&year=1994&language=English,55,0,0
1782351928979,57,HTTP Request,200,OK,Year-Language Query 4-4,text,true,,271,159,10,62,http://localhost:8080/search?q=love&year=1994&language=English,57,0,0
1782351928994,51,HTTP Request,200,OK,Year-Language Query 4-6,text,true,,271,159,10,62,http://localhost:8080/search?q=love&year=1994&language=English,51,0,0
1782351928994,52,HTTP Request,200,OK,Year-Language Query 4-5,text,true,,271,159,10,62,http://localhost:8080/search?q=love&year=1994&language=English,52,0,0
1782351928996,58,HTTP Request,200,OK,Year-Language Query 4-2,text,true,,271,159,10,62,http://localhost:8080/search?q=love&year=1994&language=English,58,0,0
1782351929023,51,HTTP Request,200,OK,Year-Language Query 4-8,text,true,,271,159,10,62,http://localhost:8080/search?q=love&year=1994&language=English,51,0,0
1782351929031,44,HTTP Request,200,OK,Year-Language Query 4-7,text,true,,271,159,10,62,http://localhost:8080/search?q=love&year=1994&language=English,44,0,0
1782351929032,44,HTTP Request,200,OK,Year-Language Query 4-10,text,true,,271,159,10,62,http://localhost:8080/search?q=love&year=1994&language=English,44,0,0
1782351929018,58,HTTP Request,200,OK,Year-Language Query 4-3,text,true,,271,159,10,62,http://localhost:8080/search?q=love&year=1994&language=English,58,0,0
1782351929023,60,HTTP Request,200,OK,Year-Language Query 4-1,text,true,,271,159,10,62,http://localhost:8080/search?q=love&year=1994&language=English,60,0,0
1782351929046,49,HTTP Request,200,OK,Year-Language Query 4-6,text,true,,271,159,10,62,http://localhost:8080/search?q=love&year=1994&language=English,49,0,0
1782351929036,59,HTTP Request,200,OK,Year-Language Query 4-4,text,true,,271,159,10,62,http://localhost:8080/search?q=love&year=1994&language=English,59,0,0
1782351929047,48,HTTP Request,200,OK,Year-Language Query 4-5,text,true,,271,159,10,62,http://localhost:8080/search?q=love&year=1994&language=English,48,0,0
1782351929055,41,HTTP Request,200,OK,Year-Language Query 4-2,text,true,,271,159,10,62,http://localhost:8080/search?q=love&year=1994&language=English,41,0,0
1782351929033,63,HTTP Request,200,OK,Year-Language Query 4-9,text,true,,271,159,10,62,http://localhost:8080/search?q=love&year=1994&language=English,63,0,0
1782351929074,47,HTTP Request,200,OK,Year-Language Query 4-8,text,true,,271,159,10,62,http://localhost:8080/search?q=love&year=1994&language=English,47,0,0
1782351929075,47,HTTP Request,200,OK,Year-Language Query 4-7,text,true,,271,159,10,62,http://localhost:8080/search?q=love&year=1994&language=English,47,0,0
1782351929083,43,HTTP Request,200,OK,Year-Language Query 4-1,text,true,,271,159,10,62,http://localhost:8080/search?q=love&year=1994&language=English,43,0,0
1782351929076,50,HTTP Request,200,OK,Year-Language Query 4-10,text,true,,271,159,10,62,http://localhost:8080/search?q=love&year=1994&language=English,50,0,0
1782351929096,49,HTTP Request,200,OK,Year-Language Query 4-2,text,true,,271,159,10,62,http://localhost:8080/search?q=love&year=1994&language=English,49,0,0
1782351929096,50,HTTP Request,200,OK,Year-Language Query 4-9,text,true,,271,159,10,62,http://localhost:8080/search?q=love&year=1994&language=English,50,0,0
1782351929096,53,HTTP Request,200,OK,Year-Language Query 4-5,text,true,,271,159,10,62,http://localhost:8080/search?q=love&year=1994&language=English,53,0,0
1782351929076,84,HTTP Request,200,OK,Year-Language Query 4-3,text,true,,271,159,10,62,http://localhost:8080/search?q=love&year=1994&language=English,84,0,0
1782351929095,66,HTTP Request,200,OK,Year-Language Query 4-4,text,true,,271,159,10,62,http://localhost:8080/search?q=love&year=1994&language=English,66,0,0
1782351929121,59,HTTP Request,200,OK,Year-Language Query 4-8,text,true,,271,159,10,62,http://localhost:8080/search?q=love&year=1994&language=English,59,0,0
1782351929095,92,HTTP Request,200,OK,Year-Language Query 4-6,text,true,,271,159,10,62,http://localhost:8080/search?q=love&year=1994&language=English,92,0,0
1782351929149,49,HTTP Request,200,OK,Year-Language Query 4-5,text,true,,271,159,10,62,http://localhost:8080/search?q=love&year=1994&language=English,49,0,0
1782351929126,72,HTTP Request,200,OK,Year-Language Query 4-1,text,true,,271,159,10,62,http://localhost:8080/search?q=love&year=1994&language=English,72,0,0
1782351929146,52,HTTP Request,200,OK,Year-Language Query 4-9,text,true,,271,159,10,62,http://localhost:8080/search?q=love&year=1994&language=English,52,0,0
1782351929122,81,HTTP Request,200,OK,Year-Language Query 4-7,text,true,,271,159,10,62,http://localhost:8080/search?q=love&year=1994&language=English,81,0,0
1782351929126,77,HTTP Request,200,OK,Year-Language Query 4-10,text,true,,271,159,10,62,http://localhost:8080/search?q=love&year=1994&language=English,77,0,0
1782351929146,58,HTTP Request,200,OK,Year-Language Query 4-2,text,true,,271,159,10,62,http://localhost:8080/search?q=love&year=1994&language=English,58,0,0
1782351929160,45,HTTP Request,200,OK,Year-Language Query 4-3,text,true,,271,159,10,62,http://localhost:8080/search?q=love&year=1994&language=English,45,0,0
1782351929161,46,HTTP Request,200,OK,Year-Language Query 4-4,text,true,,271,159,10,62,http://localhost:8080/search?q=love&year=1994&language=English,46,0,0
1782351929187,40,HTTP Request,200,OK,Year-Language Query 4-6,text,true,,271,159,10,62,http://localhost:8080/search?q=love&year=1994&language=English,40,0,0
1782351929180,64,HTTP Request,200,OK,Year-Language Query 4-8,text,true,,271,159,10,62,http://localhost:8080/search?q=love&year=1994&language=English,64,0,0
1782351929203,58,HTTP Request,200,OK,Year-Language Query 4-10,text,true,,271,159,10,62,http://localhost:8080/search?q=love&year=1994&language=English,58,0,0
1782351929198,69,HTTP Request,200,OK,Year-Language Query 4-1,text,true,,271,159,10,62,http://localhost:8080/search?q=love&year=1994&language=English,69,0,0
1782351929205,64,HTTP Request,200,OK,Year-Language Query 4-3,text,true,,271,159,10,62,http://localhost:8080/search?q=love&year=1994&language=English,64,0,0
1782351929203,66,HTTP Request,200,OK,Year-Language Query 4-7,text,true,,271,159,10,62,http://localhost:8080/search?q=love&year=1994&language=English,66,0,0
1782351929198,71,HTTP Request,200,OK,Year-Language Query 4-5,text,true,,271,159,10,62,http://localhost:8080/search?q=love&year=1994&language=English,71,0,0
1782351929198,73,HTTP Request,200,OK,Year-Language Query 4-9,text,true,,271,159,10,62,http://localhost:8080/search?q=love&year=1994&language=English,73,0,0
1782351929208,63,HTTP Request,200,OK,Year-Language Query 4-4,text,true,,271,159,10,62,http://localhost:8080/search?q=love&year=1994&language=English,63,0,0
1782351929205,66,HTTP Request,200,OK,Year-Language Query 4-2,text,true,,271,159,10,62,http://localhost:8080/search?q=love&year=1994&language=English,66,0,0
1782351929228,53,HTTP Request,200,OK,Year-Language Query 4-6,text,true,,271,159,10,62,http://localhost:8080/search?q=love&year=1994&language=English,53,0,0
1782351929245,48,HTTP Request,200,OK,Year-Language Query 4-8,text,true,,271,159,10,62,http://localhost:8080/search?q=love&year=1994&language=English,48,0,0
1782351929272,52,HTTP Request,200,OK,Year-Language Query 4-9,text,true,,271,159,10,62,http://localhost:8080/search?q=love&year=1994&language=English,52,0,0
1782351929262,63,HTTP Request,200,OK,Year-Language Query 4-10,text,true,,271,159,10,62,http://localhost:8080/search?q=love&year=1994&language=English,63,0,0
1782351929268,57,HTTP Request,200,OK,Year-Language Query 4-1,text,true,,271,159,10,62,http://localhost:8080/search?q=love&year=1994&language=English,57,0,0
1782351929270,70,HTTP Request,200,OK,Year-Language Query 4-3,text,true,,271,159,10,61,http://localhost:8080/search?q=love&year=1994&language=English,70,0,0
1782351929270,71,HTTP Request,200,OK,Year-Language Query 4-7,text,true,,271,159,10,61,http://localhost:8080/search?q=love&year=1994&language=English,71,0,0
1782351929270,73,HTTP Request,200,OK,Year-Language Query 4-5,text,true,,271,159,10,61,http://localhost:8080/search?q=love&year=1994&language=English,73,0,0
1782351929272,88,HTTP Request,200,OK,Year-Language Query 4-2,text,true,,271,159,10,61,http://localhost:8080/search?q=love&year=1994&language=English,88,0,0
1782351929272,89,HTTP Request,200,OK,Year-Language Query 4-4,text,true,,271,159,10,61,http://localhost:8080/search?q=love&year=1994&language=English,89,0,0
1782351929282,93,HTTP Request,200,OK,Year-Language Query 4-6,text,true,,271,159,10,61,http://localhost:8080/search?q=love&year=1994&language=English,93,0,0
1782351929293,82,HTTP Request,200,OK,Year-Language Query 4-8,text,true,,271,159,10,61,http://localhost:8080/search?q=love&year=1994&language=English,82,0,0
1782351929325,64,HTTP Request,200,OK,Year-Language Query 4-9,text,true,,271,159,10,61,http://localhost:8080/search?q=love&year=1994&language=English,64,0,0
1782351929325,64,HTTP Request,200,OK,Year-Language Query 4-10,text,true,,271,159,10,61,http://localhost:8080/search?q=love&year=1994&language=English,64,0,0
1782351929340,67,HTTP Request,200,OK,Year-Language Query 4-3,text,true,,271,159,10,61,http://localhost:8080/search?q=love&year=1994&language=English,67,0,0
1782351929343,65,HTTP Request,200,OK,Year-Language Query 4-5,text,true,,271,159,10,61,http://localhost:8080/search?q=love&year=1994&language=English,65,0,0
1782351929325,86,HTTP Request,200,OK,Year-Language Query 4-1,text,true,,271,159,10,61,http://localhost:8080/search?q=love&year=1994&language=English,86,0,0
1782351929341,70,HTTP Request,200,OK,Year-Language Query 4-7,text,true,,271,159,10,61,http://localhost:8080/search?q=love&year=1994&language=English,70,0,0
1782351929361,68,HTTP Request,200,OK,Year-Language Query 4-4,text,true,,271,159,10,61,http://localhost:8080/search?q=love&year=1994&language=English,68,0,0
1782351929360,74,HTTP Request,200,OK,Year-Language Query 4-2,text,true,,271,159,10,61,http://localhost:8080/search?q=love&year=1994&language=English,74,0,0
1782351929389,64,HTTP Request,200,OK,Year-Language Query 4-10,text,true,,271,159,10,61,http://localhost:8080/search?q=love&year=1994&language=English,64,0,0
1782351929375,78,HTTP Request,200,OK,Year-Language Query 4-8,text,true,,271,159,10,61,http://localhost:8080/search?q=love&year=1994&language=English,78,0,0
1782351929375,84,HTTP Request,200,OK,Year-Language Query 4-6,text,true,,271,159,10,61,http://localhost:8080/search?q=love&year=1994&language=English,84,0,0
1782351929389,72,HTTP Request,200,OK,Year-Language Query 4-9,text,true,,271,159,10,61,http://localhost:8080/search?q=love&year=1994&language=English,72,0,0
1782351929412,52,HTTP Request,200,OK,Year-Language Query 4-7,text,true,,271,159,10,61,http://localhost:8080/search?q=love&year=1994&language=English,52,0,0
1782351929411,62,HTTP Request,200,OK,Year-Language Query 4-1,text,true,,271,159,10,61,http://localhost:8080/search?q=love&year=1994&language=English,62,0,0
1782351929408,65,HTTP Request,200,OK,Year-Language Query 4-5,text,true,,271,159,10,61,http://localhost:8080/search?q=love&year=1994&language=English,65,0,0
1782351929408,71,HTTP Request,200,OK,Year-Language Query 4-3,text,true,,271,159,10,61,http://localhost:8080/search?q=love&year=1994&language=English,71,0,0
1782351929429,54,HTTP Request,200,OK,Year-Language Query 4-4,text,true,,271,159,10,61,http://localhost:8080/search?q=love&year=1994&language=English,54,0,0
1782351929453,56,HTTP Request,200,OK,Year-Language Query 4-8,text,true,,271,159,10,61,http://localhost:8080/search?q=love&year=1994&language=English,56,0,0
1782351929434,80,HTTP Request,200,OK,Year-Language Query 4-2,text,true,,271,159,10,61,http://localhost:8080/search?q=love&year=1994&language=English,80,0,0
1782351929453,61,HTTP Request,200,OK,Year-Language Query 4-10,text,true,,271,159,10,61,http://localhost:8080/search?q=love&year=1994&language=English,61,0,0
1782351929479,42,HTTP Request,200,OK,Year-Language Query 4-3,text,true,,271,159,10,61,http://localhost:8080/search?q=love&year=1994&language=English,42,0,0
1782351929483,39,HTTP Request,200,OK,Year-Language Query 4-4,text,true,,271,159,10,61,http://localhost:8080/search?q=love&year=1994&language=English,39,0,0
1782351929464,58,HTTP Request,200,OK,Year-Language Query 4-7,text,true,,271,159,10,61,http://localhost:8080/search?q=love&year=1994&language=English,58,0,0
1782351929461,63,HTTP Request,200,OK,Year-Language Query 4-9,text,true,,271,159,10,61,http://localhost:8080/search?q=love&year=1994&language=English,63,0,0
1782351929473,60,HTTP Request,200,OK,Year-Language Query 4-5,text,true,,271,159,10,61,http://localhost:8080/search?q=love&year=1994&language=English,60,0,0
1782351929460,73,HTTP Request,200,OK,Year-Language Query 4-6,text,true,,271,159,10,61,http://localhost:8080/search?q=love&year=1994&language=English,73,0,0
1782351929473,61,HTTP Request,200,OK,Year-Language Query 4-1,text,true,,271,159,10,61,http://localhost:8080/search?q=love&year=1994&language=English,61,0,0
1782351929509,79,HTTP Request,200,OK,Year-Language Query 4-8,text,true,,271,159,10,61,http://localhost:8080/search?q=love&year=1994&language=English,79,0,0
1782351929514,83,HTTP Request,200,OK,Year-Language Query 4-10,text,true,,271,159,10,61,http://localhost:8080/search?q=love&year=1994&language=English,83,0,0
1782351929514,84,HTTP Request,200,OK,Year-Language Query 4-2,text,true,,271,159,10,61,http://localhost:8080/search?q=love&year=1994&language=English,84,0,0
1782351929522,77,HTTP Request,200,OK,Year-Language Query 4-3,text,true,,271,159,10,61,http://localhost:8080/search?q=love&year=1994&language=English,77,0,0
1782351929522,78,HTTP Request,200,OK,Year-Language Query 4-4,text,true,,271,159,10,61,http://localhost:8080/search?q=love&year=1994&language=English,78,0,0
1782351929535,81,HTTP Request,200,OK,Year-Language Query 4-1,text,true,,271,159,10,61,http://localhost:8080/search?q=love&year=1994&language=English,81,0,0
1782351929522,95,HTTP Request,200,OK,Year-Language Query 4-7,text,true,,271,159,10,61,http://localhost:8080/search?q=love&year=1994&language=English,95,0,0
1782351929533,84,HTTP Request,200,OK,Year-Language Query 4-5,text,true,,271,159,10,61,http://localhost:8080/search?q=love&year=1994&language=English,84,0,0
1782351929524,130,HTTP Request,200,OK,Year-Language Query 4-9,text,true,,271,159,10,61,http://localhost:8080/search?q=love&year=1994&language=English,130,0,0
1782351929533,133,HTTP Request,200,OK,Year-Language Query 4-6,text,true,,271,159,10,61,http://localhost:8080/search?q=love&year=1994&language=English,133,0,0
1782351929601,66,HTTP Request,200,OK,Year-Language Query 4-4,text,true,,271,159,10,61,http://localhost:8080/search?q=love&year=1994&language=English,66,0,0
1782351929617,57,HTTP Request,200,OK,Year-Language Query 4-7,text,true,,271,159,10,61,http://localhost:8080/search?q=love&year=1994&language=English,57,0,0
1782351929618,57,HTTP Request,200,OK,Year-Language Query 4-5,text,true,,271,159,10,61,http://localhost:8080/search?q=love&year=1994&language=English,57,0,0
1782351929588,88,HTTP Request,200,OK,Year-Language Query 4-8,text,true,,271,159,10,61,http://localhost:8080/search?q=love&year=1994&language=English,88,0,0
1782351929597,80,HTTP Request,200,OK,Year-Language Query 4-10,text,true,,271,159,10,61,http://localhost:8080/search?q=love&year=1994&language=English,80,0,0
1782351929599,78,HTTP Request,200,OK,Year-Language Query 4-3,text,true,,271,159,10,61,http://localhost:8080/search?q=love&year=1994&language=English,78,0,0
1782351929598,81,HTTP Request,200,OK,Year-Language Query 4-2,text,true,,271,159,10,61,http://localhost:8080/search?q=love&year=1994&language=English,81,0,0
1782351929616,77,HTTP Request,200,OK,Year-Language Query 4-1,text,true,,271,159,10,61,http://localhost:8080/search?q=love&year=1994&language=English,77,0,0
1782351929667,40,HTTP Request,200,OK,Year-Language Query 4-6,text,true,,271,159,10,61,http://localhost:8080/search?q=love&year=1994&language=English,40,0,0
1782351929655,55,HTTP Request,200,OK,Year-Language Query 4-9,text,true,,271,159,10,61,http://localhost:8080/search?q=love&year=1994&language=English,55,0,0
1782351929667,52,HTTP Request,200,OK,Year-Language Query 4-4,text,true,,271,159,10,61,http://localhost:8080/search?q=love&year=1994&language=English,52,0,0
1782351929677,62,HTTP Request,200,OK,Year-Language Query 4-10,text,true,,271,159,10,61,http://localhost:8080/search?q=love&year=1994&language=English,62,0,0
1782351929677,63,HTTP Request,200,OK,Year-Language Query 4-3,text,true,,271,159,10,61,http://localhost:8080/search?q=love&year=1994&language=English,63,0,0
1782351929693,50,HTTP Request,200,OK,Year-Language Query 4-1,text,true,,271,159,10,61,http://localhost:8080/search?q=love&year=1994&language=English,50,0,0
1782351929679,65,HTTP Request,200,OK,Year-Language Query 4-2,text,true,,271,159,10,61,http://localhost:8080/search?q=love&year=1994&language=English,65,0,0
1782351929675,75,HTTP Request,200,OK,Year-Language Query 4-5,text,true,,271,159,10,61,http://localhost:8080/search?q=love&year=1994&language=English,75,0,0
1782351929675,84,HTTP Request,200,OK,Year-Language Query 4-7,text,true,,271,159,10,61,http://localhost:8080/search?q=love&year=1994&language=English,84,0,0
1782351929676,93,HTTP Request,200,OK,Year-Language Query 4-8,text,true,,271,159,10,61,http://localhost:8080/search?q=love&year=1994&language=English,93,0,0
1782351929719,58,HTTP Request,200,OK,Year-Language Query 4-4,text,true,,271,159,10,61,http://localhost:8080/search?q=love&year=1994&language=English,58,0,0
1782351929708,69,HTTP Request,200,OK,Year-Language Query 4-6,text,true,,271,159,10,61,http://localhost:8080/search?q=love&year=1994&language=English,69,0,0
1782351929710,67,HTTP Request,200,OK,Year-Language Query 4-9,text,true,,271,159,10,61,http://localhost:8080/search?q=love&year=1994&language=English,67,0,0
1782351929739,43,HTTP Request,200,OK,Year-Language Query 4-10,text,true,,271,159,10,61,http://localhost:8080/search?q=love&year=1994&language=English,43,0,0
1782351929744,47,HTTP Request,200,OK,Year-Language Query 4-1,text,true,,271,159,10,61,http://localhost:8080/search?q=love&year=1994&language=English,47,0,0
1782351929750,55,HTTP Request,200,OK,Year-Language Query 4-5,text,true,,271,159,10,61,http://localhost:8080/search?q=love&year=1994&language=English,55,0,0
1782351929744,62,HTTP Request,200,OK,Year-Language Query 4-2,text,true,,271,159,10,61,http://localhost:8080/search?q=love&year=1994&language=English,62,0,0
1782351929740,74,HTTP Request,200,OK,Year-Language Query 4-3,text,true,,271,159,10,61,http://localhost:8080/search?q=love&year=1994&language=English,74,0,0
1782351929760,62,HTTP Request,200,OK,Year-Language Query 4-7,text,true,,271,159,10,61,http://localhost:8080/search?q=love&year=1994&language=English,62,0,0
1782351929777,71,HTTP Request,200,OK,Year-Language Query 4-6,text,true,,271,159,10,60,http://localhost:8080/search?q=love&year=1994&language=English,71,0,0
1782351929777,73,HTTP Request,200,OK,Year-Language Query 4-9,text,true,,271,159,10,60,http://localhost:8080/search?q=love&year=1994&language=English,73,0,0
1782351929791,59,HTTP Request,200,OK,Year-Language Query 4-1,text,true,,271,159,10,60,http://localhost:8080/search?q=love&year=1994&language=English,59,0,0
1782351929777,74,HTTP Request,200,OK,Year-Language Query 4-4,text,true,,271,159,10,60,http://localhost:8080/search?q=love&year=1994&language=English,74,0,0
1782351929805,52,HTTP Request,200,OK,Year-Language Query 4-5,text,true,,271,159,10,60,http://localhost:8080/search?q=love&year=1994&language=English,52,0,0
1782351929807,53,HTTP Request,200,OK,Year-Language Query 4-2,text,true,,271,159,10,60,http://localhost:8080/search?q=love&year=1994&language=English,53,0,0
1782351929814,55,HTTP Request,200,OK,Year-Language Query 4-3,text,true,,271,159,10,60,http://localhost:8080/search?q=love&year=1994&language=English,55,0,0
1782351929783,87,HTTP Request,200,OK,Year-Language Query 4-10,text,true,,271,159,10,60,http://localhost:8080/search?q=love&year=1994&language=English,87,0,0
1782351929769,104,HTTP Request,200,OK,Year-Language Query 4-8,text,true,,271,159,10,60,http://localhost:8080/search?q=love&year=1994&language=English,104,0,0
1782351929822,59,HTTP Request,200,OK,Year-Language Query 4-7,text,true,,271,159,10,60,http://localhost:8080/search?q=love&year=1994&language=English,59,0,0
1782351929850,49,HTTP Request,200,OK,Year-Language Query 4-9,text,true,,271,159,10,60,http://localhost:8080/search?q=love&year=1994&language=English,49,0,0
1782351929850,49,HTTP Request,200,OK,Year-Language Query 4-1,text,true,,271,159,10,60,http://localhost:8080/search?q=love&year=1994&language=English,49,0,0
1782351929861,48,HTTP Request,200,OK,Year-Language Query 4-2,text,true,,271,159,10,60,http://localhost:8080/search?q=love&year=1994&language=English,48,0,0
1782351929851,72,HTTP Request,200,OK,Year-Language Query 4-4,text,true,,271,159,10,60,http://localhost:8080/search?q=love&year=1994&language=English,72,0,0
1782351929857,70,HTTP Request,200,OK,Year-Language Query 4-5,text,true,,271,159,10,60,http://localhost:8080/search?q=love&year=1994&language=English,70,0,0
1782351929881,47,HTTP Request,200,OK,Year-Language Query 4-7,text,true,,271,159,10,60,http://localhost:8080/search?q=love&year=1994&language=English,47,0,0
1782351929848,80,HTTP Request,200,OK,Year-Language Query 4-6,text,true,,271,159,10,60,http://localhost:8080/search?q=love&year=1994&language=English,80,0,0
1782351929871,59,HTTP Request,200,OK,Year-Language Query 4-10,text,true,,271,159,10,60,http://localhost:8080/search?q=love&year=1994&language=English,59,0,0
1782351929869,61,HTTP Request,200,OK,Year-Language Query 4-3,text,true,,271,159,10,60,http://localhost:8080/search?q=love&year=1994&language=English,61,0,0
1782351929873,82,HTTP Request,200,OK,Year-Language Query 4-8,text,true,,271,159,10,60,http://localhost:8080/search?q=love&year=1994&language=English,82,0,0
1782351929899,62,HTTP Request,200,OK,Year-Language Query 4-9,text,true,,271,159,10,60,http://localhost:8080/search?q=love&year=1994&language=English,62,0,0
1782351929899,62,HTTP Request,200,OK,Year-Language Query 4-1,text,true,,271,159,10,60,http://localhost:8080/search?q=love&year=1994&language=English,62,0,0
1782351929909,53,HTTP Request,200,OK,Year-Language Query 4-2,text,true,,271,159,10,60,http://localhost:8080/search?q=love&year=1994&language=English,53,0,0
1782351929931,55,HTTP Request,200,OK,Year-Language Query 4-3,text,true,,271,159,10,60,http://localhost:8080/search?q=love&year=1994&language=English,55,0,0
1782351929924,62,HTTP Request,200,OK,Year-Language Query 4-4,text,true,,271,159,10,60,http://localhost:8080/search?q=love&year=1994&language=English,62,0,0
1782351929928,59,HTTP Request,200,OK,Year-Language Query 4-6,text,true,,271,159,10,60,http://localhost:8080/search?q=love&year=1994&language=English,59,0,0
1782351929928,62,HTTP Request,200,OK,Year-Language Query 4-7,text,true,,271,159,10,60,http://localhost:8080/search?q=love&year=1994&language=English,62,0,0
1782351929927,77,HTTP Request,200,OK,Year-Language Query 4-5,text,true,,271,159,10,60,http://localhost:8080/search?q=love&year=1994&language=English,77,0,0
1782351929931,76,HTTP Request,200,OK,Year-Language Query 4-10,text,true,,271,159,10,60,http://localhost:8080/search?q=love&year=1994&language=English,76,0,0
1782351929961,60,HTTP Request,200,OK,Year-Language Query 4-9,text,true,,271,159,10,60,http://localhost:8080/search?q=love&year=1994&language=English,60,0,0
1782351929962,61,HTTP Request,200,OK,Year-Language Query 4-2,text,true,,271,159,10,60,http://localhost:8080/search?q=love&year=1994&language=English,61,0,0
1782351929955,69,HTTP Request,200,OK,Year-Language Query 4-8,text,true,,271,159,10,60,http://localhost:8080/search?q=love&year=1994&language=English,69,0,0
1782351929962,79,HTTP Request,200,OK,Year-Language Query 4-1,text,true,,271,159,10,60,http://localhost:8080/search?q=love&year=1994&language=English,79,0,0
1782351929987,64,HTTP Request,200,OK,Year-Language Query 4-6,text,true,,271,159,10,60,http://localhost:8080/search?q=love&year=1994&language=English,64,0,0
1782351929987,68,HTTP Request,200,OK,Year-Language Query 4-4,text,true,,271,159,10,60,http://localhost:8080/search?q=love&year=1994&language=English,68,0,0
1782351929987,79,HTTP Request,200,OK,Year-Language Query 4-3,text,true,,271,159,10,60,http://localhost:8080/search?q=love&year=1994&language=English,79,0,0
1782351929991,87,HTTP Request,200,OK,Year-Language Query 4-7,text,true,,271,159,10,60,http://localhost:8080/search?q=love&year=1994&language=English,87,0,0
1782351930021,57,HTTP Request,200,OK,Year-Language Query 4-9,text,true,,271,159,10,60,http://localhost:8080/search?q=love&year=1994&language=English,57,0,0
1782351930007,79,HTTP Request,200,OK,Year-Language Query 4-10,text,true,,271,159,10,60,http://localhost:8080/search?q=love&year=1994&language=English,79,0,0
1782351930005,82,HTTP Request,200,OK,Year-Language Query 4-5,text,true,,271,159,10,60,http://localhost:8080/search?q=love&year=1994&language=English,82,0,0
1782351930024,64,HTTP Request,200,OK,Year-Language Query 4-8,text,true,,271,159,10,60,http://localhost:8080/search?q=love&year=1994&language=English,64,0,0
1782351930023,74,HTTP Request,200,OK,Year-Language Query 4-2,text,true,,271,159,10,60,http://localhost:8080/search?q=love&year=1994&language=English,74,0,0
1782351930055,58,HTTP Request,200,OK,Year-Language Query 4-4,text,true,,271,159,10,60,http://localhost:8080/search?q=love&year=1994&language=English,58,0,0
1782351930041,83,HTTP Request,200,OK,Year-Language Query 4-1,text,true,,271,159,10,60,http://localhost:8080/search?q=love&year=1994&language=English,83,0,0
1782351930089,60,HTTP Request,200,OK,Year-Language Query 4-8,text,true,,271,159,10,60,http://localhost:8080/search?q=love&year=1994&language=English,60,0,0
1782351930051,98,HTTP Request,200,OK,Year-Language Query 4-6,text,true,,271,159,10,60,http://localhost:8080/search?q=love&year=1994&language=English,98,0,0
1782351930066,83,HTTP Request,200,OK,Year-Language Query 4-3,text,true,,271,159,10,60,http://localhost:8080/search?q=love&year=1994&language=English,83,0,0
1782351930078,73,HTTP Request,200,OK,Year-Language Query 4-7,text,true,,271,159,10,60,http://localhost:8080/search?q=love&year=1994&language=English,73,0,0
1782351930113,57,HTTP Request,200,OK,Year-Language Query 4-4,text,true,,271,159,10,60,http://localhost:8080/search?q=love&year=1994&language=English,57,0,0
1782351930124,48,HTTP Request,200,OK,Year-Language Query 4-1,text,true,,271,159,10,60,http://localhost:8080/search?q=love&year=1994&language=English,48,0,0
1782351930078,102,HTTP Request,200,OK,Year-Language Query 4-9,text,true,,271,159,10,60,http://localhost:8080/search?q=love&year=1994&language=English,102,0,0
1782351930088,92,HTTP Request,200,OK,Year-Language Query 4-5,text,true,,271,159,10,60,http://localhost:8080/search?q=love&year=1994&language=English,92,0,0
1782351930086,97,HTTP Request,200,OK,Year-Language Query 4-10,text,true,,271,159,10,60,http://localhost:8080/search?q=love&year=1994&language=English,97,0,0
1782351930097,96,HTTP Request,200,OK,Year-Language Query 4-2,text,true,,271,159,10,60,http://localhost:8080/search?q=love&year=1994&language=English,96,0,0
1782351930149,63,HTTP Request,200,OK,Year-Language Query 4-6,text,true,,271,159,10,60,http://localhost:8080/search?q=love&year=1994&language=English,63,0,0
1782351930149,67,HTTP Request,200,OK,Year-Language Query 4-3,text,true,,271,159,10,60,http://localhost:8080/search?q=love&year=1994&language=English,67,0,0
1782351930152,65,HTTP Request,200,OK,Year-Language Query 4-7,text,true,,271,159,10,60,http://localhost:8080/search?q=love&year=1994&language=English,65,0,0
1782351930149,68,HTTP Request,200,OK,Year-Language Query 4-8,text,true,,271,159,10,60,http://localhost:8080/search?q=love&year=1994&language=English,68,0,0
1782351930173,47,HTTP Request,200,OK,Year-Language Query 4-1,text,true,,271,159,10,60,http://localhost:8080/search?q=love&year=1994&language=English,47,0,0
1782351930170,50,HTTP Request,200,OK,Year-Language Query 4-4,text,true,,271,159,10,60,http://localhost:8080/search?q=love&year=1994&language=English,50,0,0
1782351930180,41,HTTP Request,200,OK,Year-Language Query 4-9,text,true,,271,159,10,60,http://localhost:8080/search?q=love&year=1994&language=English,41,0,0
1782351930183,38,HTTP Request,200,OK,Year-Language Query 4-10,text,true,,271,159,10,60,http://localhost:8080/search?q=love&year=1994&language=English,38,0,0
1782351930180,65,HTTP Request,200,OK,Year-Language Query 4-5,text,true,,271,159,10,60,http://localhost:8080/search?q=love&year=1994&language=English,65,0,0
1782351930217,46,HTTP Request,200,OK,Year-Language Query 4-8,text,true,,271,159,10,60,http://localhost:8080/search?q=love&year=1994&language=English,46,0,0
1782351930217,49,HTTP Request,200,OK,Year-Language Query 4-7,text,true,,271,159,10,60,http://localhost:8080/search?q=love&year=1994&language=English,49,0,0
1782351930221,45,HTTP Request,200,OK,Year-Language Query 4-10,text,true,,271,159,10,60,http://localhost:8080/search?q=love&year=1994&language=English,45,0,0
1782351930221,47,HTTP Request,200,OK,Year-Language Query 4-4,text,true,,271,159,10,60,http://localhost:8080/search?q=love&year=1994&language=English,47,0,0
1782351930193,76,HTTP Request,200,OK,Year-Language Query 4-2,text,true,,271,159,10,60,http://localhost:8080/search?q=love&year=1994&language=English,76,0,0
1782351930216,66,HTTP Request,200,OK,Year-Language Query 4-3,text,true,,271,159,10,60,http://localhost:8080/search?q=love&year=1994&language=English,66,0,0
1782351930220,68,HTTP Request,200,OK,Year-Language Query 4-1,text,true,,271,159,10,60,http://localhost:8080/search?q=love&year=1994&language=English,68,0,0
1782351930221,70,HTTP Request,200,OK,Year-Language Query 4-9,text,true,,271,159,10,60,http://localhost:8080/search?q=love&year=1994&language=English,70,0,0
1782351930245,50,HTTP Request,200,OK,Year-Language Query 4-5,text,true,,271,159,10,60,http://localhost:8080/search?q=love&year=1994&language=English,50,0,0
1782351930213,101,HTTP Request,200,OK,Year-Language Query 4-6,text,true,,271,159,10,60,http://localhost:8080/search?q=love&year=1994&language=English,101,0,0
1782351930263,52,HTTP Request,200,OK,Year-Language Query 4-8,text,true,,271,159,10,60,http://localhost:8080/search?q=love&year=1994&language=English,52,0,0
1782351930266,66,HTTP Request,200,OK,Year-Language Query 4-10,text,true,,271,159,10,60,http://localhost:8080/search?q=love&year=1994&language=English,66,0,0
1782351930291,44,HTTP Request,200,OK,Year-Language Query 4-9,text,true,,271,159,10,60,http://localhost:8080/search?q=love&year=1994&language=English,44,0,0
1782351930266,69,HTTP Request,200,OK,Year-Language Query 4-7,text,true,,271,159,10,60,http://localhost:8080/search?q=love&year=1994&language=English,69,0,0
1782351930269,67,HTTP Request,200,OK,Year-Language Query 4-2,text,true,,271,159,10,60,http://localhost:8080/search?q=love&year=1994&language=English,67,0,0
1782351930282,70,HTTP Request,200,OK,Year-Language Query 4-3,text,true,,271,159,10,60,http://localhost:8080/search?q=love&year=1994&language=English,70,0,0
1782351930268,84,HTTP Request,200,OK,Year-Language Query 4-4,text,true,,271,159,10,60,http://localhost:8080/search?q=love&year=1994&language=English,84,0,0
1782351930288,66,HTTP Request,200,OK,Year-Language Query 4-1,text,true,,271,159,10,60,http://localhost:8080/search?q=love&year=1994&language=English,65,0,0
1782351930296,60,HTTP Request,200,OK,Year-Language Query 4-5,text,true,,271,159,10,60,http://localhost:8080/search?q=love&year=1994&language=English,60,0,0
1782351930315,58,HTTP Request,200,OK,Year-Language Query 4-8,text,true,,271,159,10,60,http://localhost:8080/search?q=love&year=1994&language=English,58,0,0
1782351930315,59,HTTP Request,200,OK,Year-Language Query 4-6,text,true,,271,159,10,60,http://localhost:8080/search?q=love&year=1994&language=English,59,0,0
1782351930332,58,HTTP Request,200,OK,Year-Language Query 4-10,text,true,,271,159,10,60,http://localhost:8080/search?q=love&year=1994&language=English,58,0,0
1782351930336,59,HTTP Request,200,OK,Year-Language Query 4-2,text,true,,271,159,10,60,http://localhost:8080/search?q=love&year=1994&language=English,59,0,0
1782351930336,59,HTTP Request,200,OK,Year-Language Query 4-7,text,true,,271,159,10,60,http://localhost:8080/search?q=love&year=1994&language=English,59,0,0
1782351930336,61,HTTP Request,200,OK,Year-Language Query 4-9,text,true,,271,159,10,60,http://localhost:8080/search?q=love&year=1994&language=English,61,0,0
1782351930352,55,HTTP Request,200,OK,Year-Language Query 4-3,text,true,,271,159,10,60,http://localhost:8080/search?q=love&year=1994&language=English,55,0,0
1782351930356,52,HTTP Request,200,OK,Year-Language Query 4-5,text,true,,271,159,10,60,http://localhost:8080/search?q=love&year=1994&language=English,52,0,0
1782351930354,54,HTTP Request,200,OK,Year-Language Query 4-1,text,true,,271,159,10,60,http://localhost:8080/search?q=love&year=1994&language=English,54,0,0
1782351930352,72,HTTP Request,200,OK,Year-Language Query 4-4,text,true,,271,159,10,60,http://localhost:8080/search?q=love&year=1994&language=English,72,0,0
1782351930373,55,HTTP Request,200,OK,Year-Language Query 4-8,text,true,,271,159,10,60,http://localhost:8080/search?q=love&year=1994&language=English,55,0,0
1782351930397,54,HTTP Request,200,OK,Year-Language Query 4-9,text,true,,271,159,10,60,http://localhost:8080/search?q=love&year=1994&language=English,54,0,0
1782351930374,83,HTTP Request,200,OK,Year-Language Query 4-6,text,true,,271,159,10,60,http://localhost:8080/search?q=love&year=1994&language=English,83,0,0
1782351930396,66,HTTP Request,200,OK,Year-Language Query 4-2,text,true,,271,159,10,60,http://localhost:8080/search?q=love&year=1994&language=English,66,0,0
1782351930408,79,HTTP Request,200,OK,Year-Language Query 4-1,text,true,,271,159,10,60,http://localhost:8080/search?q=love&year=1994&language=English,79,0,0
1782351930396,92,HTTP Request,200,OK,Year-Language Query 4-7,text,true,,271,159,10,60,http://localhost:8080/search?q=love&year=1994&language=English,92,0,0
1782351930407,81,HTTP Request,200,OK,Year-Language Query 4-3,text,true,,271,159,10,60,http://localhost:8080/search?q=love&year=1994&language=English,81,0,0
1782351930390,98,HTTP Request,200,OK,Year-Language Query 4-10,text,true,,271,159,10,60,http://localhost:8080/search?q=love&year=1994&language=English,98,0,0
1782351930428,64,HTTP Request,200,OK,Year-Language Query 4-8,text,true,,271,159,10,60,http://localhost:8080/search?q=love&year=1994&language=English,64,0,0
1782351930409,91,HTTP Request,200,OK,Year-Language Query 4-5,text,true,,271,159,10,60,http://localhost:8080/search?q=love&year=1994&language=English,91,0,0
1782351930451,63,HTTP Request,200,OK,Year-Language Query 4-9,text,true,,271,159,10,60,http://localhost:8080/search?q=love&year=1994&language=English,63,0,0
1782351930424,91,HTTP Request,200,OK,Year-Language Query 4-4,text,true,,271,159,10,60,http://localhost:8080/search?q=love&year=1994&language=English,91,0,0
1782351930458,72,HTTP Request,200,OK,Year-Language Query 4-6,text,true,,271,159,10,60,http://localhost:8080/search?q=love&year=1994&language=English,72,0,0
1782351930462,68,HTTP Request,200,OK,Year-Language Query 4-2,text,true,,271,159,10,60,http://localhost:8080/search?q=love&year=1994&language=English,68,0,0
1782351930487,55,HTTP Request,200,OK,Year-Language Query 4-1,text,true,,271,159,10,60,http://localhost:8080/search?q=love&year=1994&language=English,55,0,0
1782351930488,63,HTTP Request,200,OK,Year-Language Query 4-3,text,true,,271,159,10,60,http://localhost:8080/search?q=love&year=1994&language=English,63,0,0
1782351930501,55,HTTP Request,200,OK,Year-Language Query 4-5,text,true,,271,159,10,60,http://localhost:8080/search?q=love&year=1994&language=English,55,0,0
1782351930488,68,HTTP Request,200,OK,Year-Language Query 4-7,text,true,,271,159,10,60,http://localhost:8080/search?q=love&year=1994&language=English,68,0,0
1782351930488,82,HTTP Request,200,OK,Year-Language Query 4-10,text,true,,271,159,10,60,http://localhost:8080/search?q=love&year=1994&language=English,82,0,0
1782351930493,85,HTTP Request,200,OK,Year-Language Query 4-8,text,true,,271,159,10,60,http://localhost:8080/search?q=love&year=1994&language=English,85,0,0
1782351930515,63,HTTP Request,200,OK,Year-Language Query 4-9,text,true,,271,159,10,60,http://localhost:8080/search?q=love&year=1994&language=English,63,0,0
1782351930515,71,HTTP Request,200,OK,Year-Language Query 4-4,text,true,,271,159,10,60,http://localhost:8080/search?q=love&year=1994&language=English,71,0,0
1782351930530,65,HTTP Request,200,OK,Year-Language Query 4-2,text,true,,271,159,10,60,http://localhost:8080/search?q=love&year=1994&language=English,65,0,0
1782351930530,79,HTTP Request,200,OK,Year-Language Query 4-6,text,true,,271,159,10,60,http://localhost:8080/search?q=love&year=1994&language=English,79,0,0
1782351930557,69,HTTP Request,200,OK,Year-Language Query 4-7,text,true,,271,159,10,60,http://localhost:8080/search?q=love&year=1994&language=English,69,0,0
1782351930543,83,HTTP Request,200,OK,Year-Language Query 4-1,text,true,,271,159,10,60,http://localhost:8080/search?q=love&year=1994&language=English,83,0,0
1782351930552,74,HTTP Request,200,OK,Year-Language Query 4-3,text,true,,271,159,10,60,http://localhost:8080/search?q=love&year=1994&language=English,74,0,0
1782351930556,71,HTTP Request,200,OK,Year-Language Query 4-5,text,true,,271,159,10,60,http://localhost:8080/search?q=love&year=1994&language=English,71,0,0
1782351930570,60,HTTP Request,200,OK,Year-Language Query 4-10,text,true,,271,159,10,60,http://localhost:8080/search?q=love&year=1994&language=English,60,0,0
1782351930578,71,HTTP Request,200,OK,Year-Language Query 4-9,text,true,,271,159,10,60,http://localhost:8080/search?q=love&year=1994&language=English,71,0,0
1782351930586,80,HTTP Request,200,OK,Year-Language Query 4-4,text,true,,271,159,10,60,http://localhost:8080/search?q=love&year=1994&language=English,80,0,0
1782351930578,88,HTTP Request,200,OK,Year-Language Query 4-8,text,true,,271,159,10,60,http://localhost:8080/search?q=love&year=1994&language=English,88,0,0
1782351930609,87,HTTP Request,200,OK,Year-Language Query 4-6,text,true,,271,159,10,60,http://localhost:8080/search?q=love&year=1994&language=English,87,0,0
1782351930595,101,HTTP Request,200,OK,Year-Language Query 4-2,text,true,,271,159,10,60,http://localhost:8080/search?q=love&year=1994&language=English,101,0,0
1782351930626,71,HTTP Request,200,OK,Year-Language Query 4-1,text,true,,271,159,10,60,http://localhost:8080/search?q=love&year=1994&language=English,71,0,0
1782351930627,74,HTTP Request,200,OK,Year-Language Query 4-5,text,true,,271,159,10,60,http://localhost:8080/search?q=love&year=1994&language=English,74,0,0
1782351930630,78,HTTP Request,200,OK,Year-Language Query 4-10,text,true,,271,159,10,60,http://localhost:8080/search?q=love&year=1994&language=English,78,0,0
1782351930649,62,HTTP Request,200,OK,Year-Language Query 4-9,text,true,,271,159,10,60,http://localhost:8080/search?q=love&year=1994&language=English,62,0,0
1782351930626,87,HTTP Request,200,OK,Year-Language Query 4-3,text,true,,271,159,10,60,http://localhost:8080/search?q=love&year=1994&language=English,87,0,0
1782351930626,93,HTTP Request,200,OK,Year-Language Query 4-7,text,true,,271,159,10,60,http://localhost:8080/search?q=love&year=1994&language=English,93,0,0
1782351930666,80,HTTP Request,200,OK,Year-Language Query 4-8,text,true,,271,159,10,60,http://localhost:8080/search?q=love&year=1994&language=English,80,0,0
1782351930666,83,HTTP Request,200,OK,Year-Language Query 4-4,text,true,,271,159,10,60,http://localhost:8080/search?q=love&year=1994&language=English,83,0,0
1782351930696,54,HTTP Request,200,OK,Year-Language Query 4-6,text,true,,271,159,10,60,http://localhost:8080/search?q=love&year=1994&language=English,54,0,0
1782351930696,56,HTTP Request,200,OK,Year-Language Query 4-2,text,true,,271,159,10,60,http://localhost:8080/search?q=love&year=1994&language=English,56,0,0
1782351930701,53,HTTP Request,200,OK,Year-Language Query 4-5,text,true,,271,159,10,60,http://localhost:8080/search?q=love&year=1994&language=English,53,0,0
1782351930697,57,HTTP Request,200,OK,Year-Language Query 4-1,text,true,,271,159,10,60,http://localhost:8080/search?q=love&year=1994&language=English,57,0,0
1782351930713,60,HTTP Request,200,OK,Year-Language Query 4-3,text,true,,271,159,10,60,http://localhost:8080/search?q=love&year=1994&language=English,60,0,0
1782351930719,55,HTTP Request,200,OK,Year-Language Query 4-7,text,true,,271,159,10,60,http://localhost:8080/search?q=love&year=1994&language=English,55,0,0
1782351930711,66,HTTP Request,200,OK,Year-Language Query 4-9,text,true,,271,159,10,60,http://localhost:8080/search?q=love&year=1994&language=English,66,0,0
1782351930709,69,HTTP Request,200,OK,Year-Language Query 4-10,text,true,,271,159,10,60,http://localhost:8080/search?q=love&year=1994&language=English,69,0,0
1782351930747,42,HTTP Request,200,OK,Year-Language Query 4-8,text,true,,271,159,10,60,http://localhost:8080/search?q=love&year=1994&language=English,42,0,0
1782351930749,42,HTTP Request,200,OK,Year-Language Query 4-4,text,true,,271,159,10,60,http://localhost:8080/search?q=love&year=1994&language=English,42,0,0
1782351930752,42,HTTP Request,200,OK,Year-Language Query 4-2,text,true,,271,159,10,60,http://localhost:8080/search?q=love&year=1994&language=English,42,0,0
1782351930750,44,HTTP Request,200,OK,Year-Language Query 4-6,text,true,,271,159,10,60,http://localhost:8080/search?q=love&year=1994&language=English,44,0,0
1782351930755,54,HTTP Request,200,OK,Year-Language Query 4-1,text,true,,271,159,10,60,http://localhost:8080/search?q=love&year=1994&language=English,54,0,0
1782351930778,46,HTTP Request,200,OK,Year-Language Query 4-9,text,true,,271,159,10,60,http://localhost:8080/search?q=love&year=1994&language=English,46,0,0
1782351930774,61,HTTP Request,200,OK,Year-Language Query 4-3,text,true,,271,159,10,60,http://localhost:8080/search?q=love&year=1994&language=English,61,0,0
1782351930789,46,HTTP Request,200,OK,Year-Language Query 4-8,text,true,,271,159,10,60,http://localhost:8080/search?q=love&year=1994&language=English,46,0,0
1782351930755,81,HTTP Request,200,OK,Year-Language Query 4-5,text,true,,271,159,10,60,http://localhost:8080/search?q=love&year=1994&language=English,81,0,0
1782351930774,62,HTTP Request,200,OK,Year-Language Query 4-7,text,true,,271,159,10,60,http://localhost:8080/search?q=love&year=1994&language=English,62,0,0
1782351930778,62,HTTP Request,200,OK,Year-Language Query 4-10,text,true,,271,159,10,60,http://localhost:8080/search?q=love&year=1994&language=English,62,0,0
1782351930794,46,HTTP Request,200,OK,Year-Language Query 4-2,text,true,,271,159,10,60,http://localhost:8080/search?q=love&year=1994&language=English,46,0,0
1782351930791,50,HTTP Request,200,OK,Year-Language Query 4-4,text,true,,271,159,10,60,http://localhost:8080/search?q=love&year=1994&language=English,50,0,0
1782351930795,54,HTTP Request,200,OK,Year-Language Query 4-6,text,true,,271,159,10,60,http://localhost:8080/search?q=love&year=1994&language=English,54,0,0
1782351930809,55,HTTP Request,200,OK,Year-Language Query 4-1,text,true,,271,159,10,60,http://localhost:8080/search?q=love&year=1994&language=English,55,0,0
1782351930824,48,HTTP Request,200,OK,Year-Language Query 4-9,text,true,,271,159,10,60,http://localhost:8080/search?q=love&year=1994&language=English,48,0,0
1782351930841,56,HTTP Request,200,OK,Year-Language Query 4-4,text,true,,271,159,10,60,http://localhost:8080/search?q=love&year=1994&language=English,56,0,0
1782351930840,63,HTTP Request,200,OK,Year-Language Query 4-10,text,true,,271,159,10,60,http://localhost:8080/search?q=love&year=1994&language=English,63,0,0
1782351930864,40,HTTP Request,200,OK,Year-Language Query 4-1,text,true,,271,159,10,60,http://localhost:8080/search?q=love&year=1994&language=English,40,0,0
1782351930836,80,HTTP Request,200,OK,Year-Language Query 4-5,text,true,,271,159,10,60,http://localhost:8080/search?q=love&year=1994&language=English,80,0,0
1782351930836,81,HTTP Request,200,OK,Year-Language Query 4-7,text,true,,271,159,10,60,http://localhost:8080/search?q=love&year=1994&language=English,81,0,0
1782351930835,89,HTTP Request,200,OK,Year-Language Query 4-3,text,true,,271,159,10,60,http://localhost:8080/search?q=love&year=1994&language=English,89,0,0
1782351930873,54,HTTP Request,200,OK,Year-Language Query 4-9,text,true,,271,159,10,60,http://localhost:8080/search?q=love&year=1994&language=English,54,0,0
1782351930841,86,HTTP Request,200,OK,Year-Language Query 4-2,text,true,,271,159,10,60,http://localhost:8080/search?q=love&year=1994&language=English,86,0,0
1782351930849,78,HTTP Request,200,OK,Year-Language Query 4-6,text,true,,271,159,10,60,http://localhost:8080/search?q=love&year=1994&language=English,78,0,0
1782351930835,94,HTTP Request,200,OK,Year-Language Query 4-8,text,true,,271,159,10,60,http://localhost:8080/search?q=love&year=1994&language=English,94,0,0
1782351930903,43,HTTP Request,200,OK,Year-Language Query 4-10,text,true,,271,159,10,60,http://localhost:8080/search?q=love&year=1994&language=English,43,0,0
1782351930897,49,HTTP Request,200,OK,Year-Language Query 4-4,text,true,,271,159,10,60,http://localhost:8080/search?q=love&year=1994&language=English,49,0,0
1782351930916,52,HTTP Request,200,OK,Year-Language Query 4-5,text,true,,271,159,10,60,http://localhost:8080/search?q=love&year=1994&language=English,52,0,0
1782351930904,75,HTTP Request,200,OK,Year-Language Query 4-1,text,true,,271,159,10,60,http://localhost:8080/search?q=love&year=1994&language=English,75,0,0
1782351930917,63,HTTP Request,200,OK,Year-Language Query 4-7,text,true,,271,159,10,60,http://localhost:8080/search?q=love&year=1994&language=English,63,0,0
1782351930927,64,HTTP Request,200,OK,Year-Language Query 4-9,text,true,,271,159,10,60,http://localhost:8080/search?q=love&year=1994&language=English,64,0,0
1782351930927,64,HTTP Request,200,OK,Year-Language Query 4-2,text,true,,271,159,10,60,http://localhost:8080/search?q=love&year=1994&language=English,64,0,0
1782351930924,68,HTTP Request,200,OK,Year-Language Query 4-3,text,true,,271,159,10,60,http://localhost:8080/search?q=love&year=1994&language=English,68,0,0
1782351930930,63,HTTP Request,200,OK,Year-Language Query 4-8,text,true,,271,159,10,60,http://localhost:8080/search?q=love&year=1994&language=English,63,0,0
1782351930928,72,HTTP Request,200,OK,Year-Language Query 4-6,text,true,,271,159,10,60,http://localhost:8080/search?q=love&year=1994&language=English,72,0,0
1782351930946,82,HTTP Request,200,OK,Year-Language Query 4-10,text,true,,271,159,10,60,http://localhost:8080/search?q=love&year=1994&language=English,82,0,0
1782351930947,81,HTTP Request,200,OK,Year-Language Query 4-4,text,true,,271,159,10,60,http://localhost:8080/search?q=love&year=1994&language=English,81,0,0
1782351930968,79,HTTP Request,200,OK,Year-Language Query 4-5,text,true,,271,159,10,60,http://localhost:8080/search?q=love&year=1994&language=English,79,0,0
1782351930991,66,HTTP Request,200,OK,Year-Language Query 4-2,text,true,,271,159,10,60,http://localhost:8080/search?q=love&year=1994&language=English,66,0,0
1782351930993,66,HTTP Request,200,OK,Year-Language Query 4-8,text,true,,271,159,10,60,http://localhost:8080/search?q=love&year=1994&language=English,66,0,0
1782351930992,68,HTTP Request,200,OK,Year-Language Query 4-3,text,true,,271,159,10,60,http://localhost:8080/search?q=love&year=1994&language=English,68,0,0
1782351931028,47,HTTP Request,200,OK,Year-Language Query 4-10,text,true,,271,159,10,60,http://localhost:8080/search?q=love&year=1994&language=English,47,0,0
1782351931000,75,HTTP Request,200,OK,Year-Language Query 4-6,text,true,,271,159,10,60,http://localhost:8080/search?q=love&year=1994&language=English,75,0,0
1782351930979,96,HTTP Request,200,OK,Year-Language Query 4-1,text,true,,271,159,10,60,http://localhost:8080/search?q=love&year=1994&language=English,96,0,0
1782351930980,95,HTTP Request,200,OK,Year-Language Query 4-7,text,true,,271,159,10,60,http://localhost:8080/search?q=love&year=1994&language=English,95,0,0
1782351930991,84,HTTP Request,200,OK,Year-Language Query 4-9,text,true,,271,159,10,60,http://localhost:8080/search?q=love&year=1994&language=English,84,0,0
1782351931028,61,HTTP Request,200,OK,Year-Language Query 4-4,text,true,,271,159,10,60,http://localhost:8080/search?q=love&year=1994&language=English,61,0,0
1782351931047,61,HTTP Request,200,OK,Year-Language Query 4-5,text,true,,271,159,10,60,http://localhost:8080/search?q=love&year=1994&language=English,61,0,0
1782351931057,67,HTTP Request,200,OK,Year-Language Query 4-2,text,true,,271,159,10,60,http://localhost:8080/search?q=love&year=1994&language=English,67,0,0
1782351931060,64,HTTP Request,200,OK,Year-Language Query 4-3,text,true,,271,159,10,60,http://localhost:8080/search?q=love&year=1994&language=English,64,0,0
1782351931060,79,HTTP Request,200,OK,Year-Language Query 4-8,text,true,,271,159,10,60,http://localhost:8080/search?q=love&year=1994&language=English,79,0,0
1782351931075,73,HTTP Request,200,OK,Year-Language Query 4-1,text,true,,271,159,10,60,http://localhost:8080/search?q=love&year=1994&language=English,73,0,0
1782351931076,73,HTTP Request,200,OK,Year-Language Query 4-7,text,true,,271,159,10,60,http://localhost:8080/search?q=love&year=1994&language=English,72,0,0
1782351931076,73,HTTP Request,200,OK,Year-Language Query 4-9,text,true,,271,159,10,60,http://localhost:8080/search?q=love&year=1994&language=English,73,0,0
1782351931075,90,HTTP Request,200,OK,Year-Language Query 4-10,text,true,,271,159,10,60,http://localhost:8080/search?q=love&year=1994&language=English,90,0,0
1782351931075,91,HTTP Request,200,OK,Year-Language Query 4-6,text,true,,271,159,10,60,http://localhost:8080/search?q=love&year=1994&language=English,91,0,0
1782351931108,58,HTTP Request,200,OK,Year-Language Query 4-5,text,true,,271,159,10,60,http://localhost:8080/search?q=love&year=1994&language=English,58,0,0
1782351931089,79,HTTP Request,200,OK,Year-Language Query 4-4,text,true,,271,159,10,60,http://localhost:8080/search?q=love&year=1994&language=English,79,0,0
1782351931124,53,HTTP Request,200,OK,Year-Language Query 4-2,text,true,,271,159,10,60,http://localhost:8080/search?q=love&year=1994&language=English,53,0,0
1782351931124,53,HTTP Request,200,OK,Year-Language Query 4-3,text,true,,271,159,10,60,http://localhost:8080/search?q=love&year=1994&language=English,53,0,0
1782351931140,53,HTTP Request,200,OK,Year-Language Query 4-8,text,true,,271,159,10,60,http://localhost:8080/search?q=love&year=1994&language=English,53,0,0
1782351931149,53,HTTP Request,200,OK,Year-Language Query 4-7,text,true,,271,159,10,60,http://localhost:8080/search?q=love&year=1994&language=English,53,0,0
1782351931149,55,HTTP Request,200,OK,Year-Language Query 4-9,text,true,,271,159,10,60,http://localhost:8080/search?q=love&year=1994&language=English,55,0,0
1782351931166,46,HTTP Request,200,OK,Year-Language Query 4-5,text,true,,271,159,10,60,http://localhost:8080/search?q=love&year=1994&language=English,46,0,0
1782351931149,72,HTTP Request,200,OK,Year-Language Query 4-1,text,true,,271,159,10,60,http://localhost:8080/search?q=love&year=1994&language=English,72,0,0
1782351931168,56,HTTP Request,200,OK,Year-Language Query 4-4,text,true,,271,159,10,60,http://localhost:8080/search?q=love&year=1994&language=English,56,0,0
1782351931166,72,HTTP Request,200,OK,Year-Language Query 4-10,text,true,,271,159,10,60,http://localhost:8080/search?q=love&year=1994&language=English,72,0,0
1782351931177,61,HTTP Request,200,OK,Year-Language Query 4-3,text,true,,271,159,10,60,http://localhost:8080/search?q=love&year=1994&language=English,61,0,0
1782351931177,70,HTTP Request,200,OK,Year-Language Query 4-2,text,true,,271,159,10,60,http://localhost:8080/search?q=love&year=1994&language=English,70,0,0
1782351931166,82,HTTP Request,200,OK,Year-Language Query 4-6,text,true,,271,159,10,60,http://localhost:8080/search?q=love&year=1994&language=English,82,0,0
1782351931221,38,HTTP Request,200,OK,Year-Language Query 4-1,text,true,,271,159,10,60,http://localhost:8080/search?q=love&year=1994&language=English,38,0,0
1782351931193,68,HTTP Request,200,OK,Year-Language Query 4-8,text,true,,271,159,10,60,http://localhost:8080/search?q=love&year=1994&language=English,68,0,0
1782351931212,50,HTTP Request,200,OK,Year-Language Query 4-5,text,true,,271,159,10,60,http://localhost:8080/search?q=love&year=1994&language=English,50,0,0
1782351931202,60,HTTP Request,200,OK,Year-Language Query 4-7,text,true,,271,159,10,60,http://localhost:8080/search?q=love&year=1994&language=English,60,0,0
1782351931224,49,HTTP Request,200,OK,Year-Language Query 4-4,text,true,,271,159,10,60,http://localhost:8080/search?q=love&year=1994&language=English,49,0,0
1782351931205,72,HTTP Request,200,OK,Year-Language Query 4-9,text,true,,271,159,10,60,http://localhost:8080/search?q=love&year=1994&language=English,72,0,0
1782351931238,51,HTTP Request,200,OK,Year-Language Query 4-10,text,true,,271,159,10,60,http://localhost:8080/search?q=love&year=1994&language=English,51,0,0
1782351931247,44,HTTP Request,200,OK,Year-Language Query 4-2,text,true,,271,159,10,60,http://localhost:8080/search?q=love&year=1994&language=English,44,0,0
1782351931260,49,HTTP Request,200,OK,Year-Language Query 4-1,text,true,,271,159,10,60,http://localhost:8080/search?q=love&year=1994&language=English,49,0,0
1782351931262,49,HTTP Request,200,OK,Year-Language Query 4-5,text,true,,271,159,10,60,http://localhost:8080/search?q=love&year=1994&language=English,49,0,0
1782351931262,53,HTTP Request,200,OK,Year-Language Query 4-7,text,true,,271,159,10,60,http://localhost:8080/search?q=love&year=1994&language=English,53,0,0
1782351931248,79,HTTP Request,200,OK,Year-Language Query 4-6,text,true,,271,159,10,60,http://localhost:8080/search?q=love&year=1994&language=English,79,0,0
1782351931277,53,HTTP Request,200,OK,Year-Language Query 4-9,text,true,,271,159,10,60,http://localhost:8080/search?q=love&year=1994&language=English,53,0,0
1782351931239,98,HTTP Request,200,OK,Year-Language Query 4-3,text,true,,271,159,10,60,http://localhost:8080/search?q=love&year=1994&language=English,98,0,0
1782351931289,49,HTTP Request,200,OK,Year-Language Query 4-10,text,true,,271,159,10,60,http://localhost:8080/search?q=love&year=1994&language=English,49,0,0
1782351931273,66,HTTP Request,200,OK,Year-Language Query 4-4,text,true,,271,159,10,60,http://localhost:8080/search?q=love&year=1994&language=English,66,0,0
1782351931261,89,HTTP Request,200,OK,Year-Language Query 4-8,text,true,,271,159,10,60,http://localhost:8080/search?q=love&year=1994&language=English,89,0,0
1782351931292,66,HTTP Request,200,OK,Year-Language Query 4-2,text,true,,271,159,10,60,http://localhost:8080/search?q=love&year=1994&language=English,66,0,0
1782351931309,73,HTTP Request,200,OK,Year-Language Query 4-1,text,true,,271,159,10,60,http://localhost:8080/search?q=love&year=1994&language=English,73,0,0
1782351931315,67,HTTP Request,200,OK,Year-Language Query 4-7,text,true,,271,159,10,60,http://localhost:8080/search?q=love&year=1994&language=English,67,0,0
1782351931311,71,HTTP Request,200,OK,Year-Language Query 4-5,text,true,,271,159,10,60,http://localhost:8080/search?q=love&year=1994&language=English,71,0,0
1782351931330,53,HTTP Request,200,OK,Year-Language Query 4-9,text,true,,271,159,10,60,http://localhost:8080/search?q=love&year=1994&language=English,53,0,0
1782351931337,64,HTTP Request,200,OK,Year-Language Query 4-3,text,true,,271,159,10,60,http://localhost:8080/search?q=love&year=1994&language=English,64,0,0
1782351931327,75,HTTP Request,200,OK,Year-Language Query 4-6,text,true,,271,159,10,60,http://localhost:8080/search?q=love&year=1994&language=English,75,0,0
1782351931339,63,HTTP Request,200,OK,Year-Language Query 4-10,text,true,,271,159,10,60,http://localhost:8080/search?q=love&year=1994&language=English,63,0,0
1782351931339,64,HTTP Request,200,OK,Year-Language Query 4-4,text,true,,271,159,10,60,http://localhost:8080/search?q=love&year=1994&language=English,64,0,0
1782351931350,53,HTTP Request,200,OK,Year-Language Query 4-8,text,true,,271,159,10,60,http://localhost:8080/search?q=love&year=1994&language=English,53,0,0
1782351931358,53,HTTP Request,200,OK,Year-Language Query 4-2,text,true,,271,159,10,60,http://localhost:8080/search?q=love&year=1994&language=English,52,0,0
1782351931382,36,HTTP Request,200,OK,Year-Language Query 4-1,text,true,,271,159,10,60,http://localhost:8080/search?q=love&year=1994&language=English,36,0,0
1782351931382,40,HTTP Request,200,OK,Year-Language Query 4-7,text,true,,271,159,10,60,http://localhost:8080/search?q=love&year=1994&language=English,40,0,0
1782351931383,46,HTTP Request,200,OK,Year-Language Query 4-9,text,true,,271,159,10,60,http://localhost:8080/search?q=love&year=1994&language=English,46,0,0
1782351931383,56,HTTP Request,200,OK,Year-Language Query 4-5,text,true,,271,159,10,60,http://localhost:8080/search?q=love&year=1994&language=English,56,0,0
1782351931404,39,HTTP Request,200,OK,Year-Language Query 4-8,text,true,,271,159,10,60,http://localhost:8080/search?q=love&year=1994&language=English,39,0,0
1782351931402,41,HTTP Request,200,OK,Year-Language Query 4-3,text,true,,271,159,10,60,http://localhost:8080/search?q=love&year=1994&language=English,41,0,0
1782351931403,51,HTTP Request,200,OK,Year-Language Query 4-10,text,true,,271,159,10,60,http://localhost:8080/search?q=love&year=1994&language=English,51,0,0
1782351931404,62,HTTP Request,200,OK,Year-Language Query 4-4,text,true,,271,159,10,60,http://localhost:8080/search?q=love&year=1994&language=English,62,0,0
1782351931402,68,HTTP Request,200,OK,Year-Language Query 4-6,text,true,,271,159,10,60,http://localhost:8080/search?q=love&year=1994&language=English,68,0,0
1782351931411,59,HTTP Request,200,OK,Year-Language Query 4-2,text,true,,271,159,10,60,http://localhost:8080/search?q=love&year=1994&language=English,59,0,0
1782351931419,55,HTTP Request,200,OK,Year-Language Query 4-1,text,true,,271,159,10,60,http://localhost:8080/search?q=love&year=1994&language=English,55,0,0
1782351931422,59,HTTP Request,200,OK,Year-Language Query 4-7,text,true,,271,159,10,60,http://localhost:8080/search?q=love&year=1994&language=English,59,0,0
1782351931429,68,HTTP Request,200,OK,Year-Language Query 4-9,text,true,,271,159,10,60,http://localhost:8080/search?q=love&year=1994&language=English,68,0,0
1782351931443,58,HTTP Request,200,OK,Year-Language Query 4-8,text,true,,271,159,10,60,http://localhost:8080/search?q=love&year=1994&language=English,58,0,0
1782351931443,61,HTTP Request,200,OK,Year-Language Query 4-3,text,true,,271,159,10,60,http://localhost:8080/search?q=love&year=1994&language=English,61,0,0
1782351931440,77,HTTP Request,200,OK,Year-Language Query 4-5,text,true,,271,159,10,60,http://localhost:8080/search?q=love&year=1994&language=English,77,0,0
1782351931454,69,HTTP Request,200,OK,Year-Language Query 4-10,text,true,,271,159,10,60,http://localhost:8080/search?q=love&year=1994&language=English,69,0,0
1782351931466,66,HTTP Request,200,OK,Year-Language Query 4-4,text,true,,271,159,10,60,http://localhost:8080/search?q=love&year=1994&language=English,66,0,0
1782351931470,70,HTTP Request,200,OK,Year-Language Query 4-2,text,true,,271,159,10,60,http://localhost:8080/search?q=love&year=1994&language=English,70,0,0
1782351931470,70,HTTP Request,200,OK,Year-Language Query 4-6,text,true,,271,159,10,60,http://localhost:8080/search?q=love&year=1994&language=English,70,0,0
1782351931474,71,HTTP Request,200,OK,Year-Language Query 4-1,text,true,,271,159,10,60,http://localhost:8080/search?q=love&year=1994&language=English,71,0,0
1782351931497,73,HTTP Request,200,OK,Year-Language Query 4-9,text,true,,271,159,10,60,http://localhost:8080/search?q=love&year=1994&language=English,73,0,0
1782351931518,64,HTTP Request,200,OK,Year-Language Query 4-5,text,true,,271,159,10,60,http://localhost:8080/search?q=love&year=1994&language=English,64,0,0
1782351931481,103,HTTP Request,200,OK,Year-Language Query 4-7,text,true,,271,159,10,60,http://localhost:8080/search?q=love&year=1994&language=English,103,0,0
1782351931504,83,HTTP Request,200,OK,Year-Language Query 4-3,text,true,,271,159,10,60,http://localhost:8080/search?q=love&year=1994&language=English,83,0,0
1782351931501,88,HTTP Request,200,OK,Year-Language Query 4-8,text,true,,271,159,10,60,http://localhost:8080/search?q=love&year=1994&language=English,88,0,0
1782351931523,82,HTTP Request,200,OK,Year-Language Query 4-10,text,true,,271,159,10,60,http://localhost:8080/search?q=love&year=1994&language=English,82,0,0
1782351931533,90,HTTP Request,200,OK,Year-Language Query 4-4,text,true,,271,159,10,60,http://localhost:8080/search?q=love&year=1994&language=English,90,0,0
1782351931540,84,HTTP Request,200,OK,Year-Language Query 4-6,text,true,,271,159,10,60,http://localhost:8080/search?q=love&year=1994&language=English,84,0,0
1782351931540,84,HTTP Request,200,OK,Year-Language Query 4-2,text,true,,271,159,10,60,http://localhost:8080/search?q=love&year=1994&language=English,84,0,0
1782351931545,93,HTTP Request,200,OK,Year-Language Query 4-1,text,true,,271,159,10,60,http://localhost:8080/search?q=love&year=1994&language=English,93,0,0
1782351931570,69,HTTP Request,200,OK,Year-Language Query 4-9,text,true,,271,159,10,60,http://localhost:8080/search?q=love&year=1994&language=English,69,0,0
1782351931582,57,HTTP Request,200,OK,Year-Language Query 4-5,text,true,,271,159,10,60,http://localhost:8080/search?q=love&year=1994&language=English,57,0,0
1782351931584,58,HTTP Request,200,OK,Year-Language Query 4-7,text,true,,271,159,10,60,http://localhost:8080/search?q=love&year=1994&language=English,58,0,0
1782351931606,47,HTTP Request,200,OK,Year-Language Query 4-10,text,true,,271,159,10,60,http://localhost:8080/search?q=love&year=1994&language=English,47,0,0
1782351931588,70,HTTP Request,200,OK,Year-Language Query 4-3,text,true,,271,159,10,60,http://localhost:8080/search?q=love&year=1994&language=English,70,0,0
1782351931589,81,HTTP Request,200,OK,Year-Language Query 4-8,text,true,,271,159,10,60,http://localhost:8080/search?q=love&year=1994&language=English,81,0,0
1782351931623,53,HTTP Request,200,OK,Year-Language Query 4-4,text,true,,271,159,10,60,http://localhost:8080/search?q=love&year=1994&language=English,53,0,0
1782351931624,52,HTTP Request,200,OK,Year-Language Query 4-2,text,true,,271,159,10,60,http://localhost:8080/search?q=love&year=1994&language=English,52,0,0
1782351931624,52,HTTP Request,200,OK,Year-Language Query 4-6,text,true,,271,159,10,60,http://localhost:8080/search?q=love&year=1994&language=English,52,0,0
1782351931639,42,HTTP Request,200,OK,Year-Language Query 4-5,text,true,,271,159,10,60,http://localhost:8080/search?q=love&year=1994&language=English,42,0,0
1782351931638,44,HTTP Request,200,OK,Year-Language Query 4-1,text,true,,271,159,10,60,http://localhost:8080/search?q=love&year=1994&language=English,44,0,0
1782351931642,60,HTTP Request,200,OK,Year-Language Query 4-7,text,true,,271,159,10,60,http://localhost:8080/search?q=love&year=1994&language=English,60,0,0
1782351931639,63,HTTP Request,200,OK,Year-Language Query 4-9,text,true,,271,159,10,60,http://localhost:8080/search?q=love&year=1994&language=English,63,0,0
1782351931653,54,HTTP Request,200,OK,Year-Language Query 4-10,text,true,,271,159,10,60,http://localhost:8080/search?q=love&year=1994&language=English,54,0,0
1782351931681,35,HTTP Request,200,OK,Year-Language Query 4-5,text,true,,271,159,10,60,http://localhost:8080/search?q=love&year=1994&language=English,35,0,0
1782351931671,61,HTTP Request,200,OK,Year-Language Query 4-8,text,true,,271,159,10,60,http://localhost:8080/search?q=love&year=1994&language=English,61,0,0
1782351931659,75,HTTP Request,200,OK,Year-Language Query 4-3,text,true,,271,159,10,60,http://localhost:8080/search?q=love&year=1994&language=English,75,0,0
1782351931702,32,HTTP Request,200,OK,Year-Language Query 4-7,text,true,,271,159,10,60,http://localhost:8080/search?q=love&year=1994&language=English,32,0,0
1782351931682,55,HTTP Request,200,OK,Year-Language Query 4-1,text,true,,271,159,10,60,http://localhost:8080/search?q=love&year=1994&language=English,55,0,0
1782351931676,62,HTTP Request,200,OK,Year-Language Query 4-2,text,true,,271,159,10,60,http://localhost:8080/search?q=love&year=1994&language=English,62,0,0
1782351931702,39,HTTP Request,200,OK,Year-Language Query 4-9,text,true,,271,159,10,60,http://localhost:8080/search?q=love&year=1994&language=English,39,0,0
1782351931676,66,HTTP Request,200,OK,Year-Language Query 4-4,text,true,,271,159,10,60,http://localhost:8080/search?q=love&year=1994&language=English,66,0,0
1782351931676,70,HTTP Request,200,OK,Year-Language Query 4-6,text,true,,271,159,10,60,http://localhost:8080/search?q=love&year=1994&language=English,70,0,0
1782351931708,47,HTTP Request,200,OK,Year-Language Query 4-10,text,true,,271,159,10,60,http://localhost:8080/search?q=love&year=1994&language=English,47,0,0
1782351931717,42,HTTP Request,200,OK,Year-Language Query 4-5,text,true,,271,159,10,60,http://localhost:8080/search?q=love&year=1994&language=English,42,0,0
1782351931734,48,HTTP Request,200,OK,Year-Language Query 4-3,text,true,,271,159,10,60,http://localhost:8080/search?q=love&year=1994&language=English,48,0,0
1782351931733,50,HTTP Request,200,OK,Year-Language Query 4-8,text,true,,271,159,10,60,http://localhost:8080/search?q=love&year=1994&language=English,50,0,0
1782351931738,45,HTTP Request,200,OK,Year-Language Query 4-2,text,true,,271,159,10,60,http://localhost:8080/search?q=love&year=1994&language=English,45,0,0
1782351931734,50,HTTP Request,200,OK,Year-Language Query 4-7,text,true,,271,159,10,60,http://localhost:8080/search?q=love&year=1994&language=English,50,0,0
1782351931743,51,HTTP Request,200,OK,Year-Language Query 4-4,text,true,,271,159,10,60,http://localhost:8080/search?q=love&year=1994&language=English,51,0,0
1782351931747,52,HTTP Request,200,OK,Year-Language Query 4-6,text,true,,271,159,10,60,http://localhost:8080/search?q=love&year=1994&language=English,52,0,0
1782351931742,57,HTTP Request,200,OK,Year-Language Query 4-9,text,true,,271,159,10,60,http://localhost:8080/search?q=love&year=1994&language=English,57,0,0
1782351931738,61,HTTP Request,200,OK,Year-Language Query 4-1,text,true,,271,159,10,60,http://localhost:8080/search?q=love&year=1994&language=English,61,0,0
1782351931755,57,HTTP Request,200,OK,Year-Language Query 4-10,text,true,,271,159,10,60,http://localhost:8080/search?q=love&year=1994&language=English,57,0,0
1782351931759,54,HTTP Request,200,OK,Year-Language Query 4-5,text,true,,271,159,10,60,http://localhost:8080/search?q=love&year=1994&language=English,54,0,0
1782351931783,45,HTTP Request,200,OK,Year-Language Query 4-8,text,true,,271,159,10,60,http://localhost:8080/search?q=love&year=1994&language=English,45,0,0
1782351931784,44,HTTP Request,200,OK,Year-Language Query 4-7,text,true,,271,159,10,60,http://localhost:8080/search?q=love&year=1994&language=English,44,0,0
1782351931783,45,HTTP Request,200,OK,Year-Language Query 4-2,text,true,,271,159,10,60,http://localhost:8080/search?q=love&year=1994&language=English,45,0,0
1782351931782,50,HTTP Request,200,OK,Year-Language Query 4-3,text,true,,271,159,10,60,http://localhost:8080/search?q=love&year=1994&language=English,50,0,0
1782351931799,43,HTTP Request,200,OK,Year-Language Query 4-9,text,true,,271,159,10,60,http://localhost:8080/search?q=love&year=1994&language=English,43,0,0
1782351931794,50,HTTP Request,200,OK,Year-Language Query 4-4,text,true,,271,159,10,60,http://localhost:8080/search?q=love&year=1994&language=English,50,0,0
1782351931799,45,HTTP Request,200,OK,Year-Language Query 4-6,text,true,,271,159,10,60,http://localhost:8080/search?q=love&year=1994&language=English,45,0,0
1782351931828,39,HTTP Request,200,OK,Year-Language Query 4-2,text,true,,271,159,10,60,http://localhost:8080/search?q=love&year=1994&language=English,39,0,0
1782351931828,40,HTTP Request,200,OK,Year-Language Query 4-7,text,true,,271,159,10,60,http://localhost:8080/search?q=love&year=1994&language=English,40,0,0
1782351931813,55,HTTP Request,200,OK,Year-Language Query 4-10,text,true,,271,159,10,60,http://localhost:8080/search?q=love&year=1994&language=English,55,0,0
1782351931799,69,HTTP Request,200,OK,Year-Language Query 4-1,text,true,,271,159,10,60,http://localhost:8080/search?q=love&year=1994&language=English,69,0,0
1782351931832,36,HTTP Request,200,OK,Year-Language Query 4-3,text,true,,271,159,10,60,http://localhost:8080/search?q=love&year=1994&language=English,36,0,0
1782351931814,54,HTTP Request,200,OK,Year-Language Query 4-5,text,true,,271,159,10,60,http://localhost:8080/search?q=love&year=1994&language=English,54,0,0
1782351931828,44,HTTP Request,200,OK,Year-Language Query 4-8,text,true,,271,159,10,60,http://localhost:8080/search?q=love&year=1994&language=English,44,0,0
1782351931842,57,HTTP Request,200,OK,Year-Language Query 4-9,text,true,,271,159,10,60,http://localhost:8080/search?q=love&year=1994&language=English,57,0,0
1782351931844,55,HTTP Request,200,OK,Year-Language Query 4-6,text,true,,271,159,10,60,http://localhost:8080/search?q=love&year=1994&language=English,55,0,0
1782351931844,66,HTTP Request,200,OK,Year-Language Query 4-4,text,true,,271,159,10,60,http://localhost:8080/search?q=love&year=1994&language=English,66,0,0
1782351931868,59,HTTP Request,200,OK,Year-Language Query 4-3,text,true,,271,159,10,60,http://localhost:8080/search?q=love&year=1994&language=English,59,0,0
1782351931872,55,HTTP Request,200,OK,Year-Language Query 4-8,text,true,,271,159,10,60,http://localhost:8080/search?q=love&year=1994&language=English,55,0,0
1782351931868,59,HTTP Request,200,OK,Year-Language Query 4-2,text,true,,271,159,10,60,http://localhost:8080/search?q=love&year=1994&language=English,59,0,0
1782351931868,61,HTTP Request,200,OK,Year-Language Query 4-5,text,true,,271,159,10,60,http://localhost:8080/search?q=love&year=1994&language=English,61,0,0
1782351931868,72,HTTP Request,200,OK,Year-Language Query 4-10,text,true,,271,159,10,60,http://localhost:8080/search?q=love&year=1994&language=English,72,0,0
1782351931868,73,HTTP Request,200,OK,Year-Language Query 4-7,text,true,,271,159,10,60,http://localhost:8080/search?q=love&year=1994&language=English,73,0,0
1782351931868,73,HTTP Request,200,OK,Year-Language Query 4-1,text,true,,271,159,10,60,http://localhost:8080/search?q=love&year=1994&language=English,73,0,0
1782351931900,55,HTTP Request,200,OK,Year-Language Query 4-9,text,true,,271,159,10,60,http://localhost:8080/search?q=love&year=1994&language=English,55,0,0
1782351931900,80,HTTP Request,200,OK,Year-Language Query 4-6,text,true,,271,159,10,60,http://localhost:8080/search?q=love&year=1994&language=English,80,0,0
1782351931910,72,HTTP Request,200,OK,Year-Language Query 4-4,text,true,,271,159,10,60,http://localhost:8080/search?q=love&year=1994&language=English,72,0,0
1782351931955,55,HTTP Request,200,OK,Year-Language Query 4-9,text,true,,271,159,10,60,http://localhost:8080/search?q=love&year=1994&language=English,55,0,0
1782351931941,73,HTTP Request,200,OK,Year-Language Query 4-7,text,true,,271,159,10,60,http://localhost:8080/search?q=love&year=1994&language=English,73,0,0
1782351931929,86,HTTP Request,200,OK,Year-Language Query 4-5,text,true,,271,159,10,60,http://localhost:8080/search?q=love&year=1994&language=English,86,0,0
1782351931928,94,HTTP Request,200,OK,Year-Language Query 4-2,text,true,,271,159,10,60,http://localhost:8080/search?q=love&year=1994&language=English,94,0,0
1782351931927,99,HTTP Request,200,OK,Year-Language Query 4-3,text,true,,271,159,10,60,http://localhost:8080/search?q=love&year=1994&language=English,99,0,0
1782351931941,87,HTTP Request,200,OK,Year-Language Query 4-1,text,true,,271,159,10,60,http://localhost:8080/search?q=love&year=1994&language=English,87,0,0
1782351931941,87,HTTP Request,200,OK,Year-Language Query 4-10,text,true,,271,159,10,60,http://localhost:8080/search?q=love&year=1994&language=English,87,0,0
1782351931927,106,HTTP Request,200,OK,Year-Language Query 4-8,text,true,,271,159,10,60,http://localhost:8080/search?q=love&year=1994&language=English,106,0,0
1782351931982,52,HTTP Request,200,OK,Year-Language Query 4-4,text,true,,271,159,10,60,http://localhost:8080/search?q=love&year=1994&language=English,52,0,0
1782351932016,60,HTTP Request,200,OK,Year-Language Query 4-5,text,true,,271,159,10,60,http://localhost:8080/search?q=love&year=1994&language=English,60,0,0
1782351931980,98,HTTP Request,200,OK,Year-Language Query 4-6,text,true,,271,159,10,60,http://localhost:8080/search?q=love&year=1994&language=English,98,0,0
1782351932010,70,HTTP Request,200,OK,Year-Language Query 4-9,text,true,,271,159,10,60,http://localhost:8080/search?q=love&year=1994&language=English,70,0,0
1782351932028,74,HTTP Request,200,OK,Year-Language Query 4-10,text,true,,271,159,10,60,http://localhost:8080/search?q=love&year=1994&language=English,74,0,0
1782351932014,89,HTTP Request,200,OK,Year-Language Query 4-7,text,true,,271,159,10,60,http://localhost:8080/search?q=love&year=1994&language=English,88,0,0
1782351932033,70,HTTP Request,200,OK,Year-Language Query 4-8,text,true,,271,159,10,60,http://localhost:8080/search?q=love&year=1994&language=English,70,0,0
1782351932028,79,HTTP Request,200,OK,Year-Language Query 4-1,text,true,,271,159,10,60,http://localhost:8080/search?q=love&year=1994&language=English,79,0,0
1782351932034,77,HTTP Request,200,OK,Year-Language Query 4-4,text,true,,271,159,10,60,http://localhost:8080/search?q=love&year=1994&language=English,77,0,0
1782351932022,90,HTTP Request,200,OK,Year-Language Query 4-2,text,true,,271,159,10,60,http://localhost:8080/search?q=love&year=1994&language=English,90,0,0
1782351932027,86,HTTP Request,200,OK,Year-Language Query 4-3,text,true,,271,159,10,60,http://localhost:8080/search?q=love&year=1994&language=English,86,0,0
1782351932078,64,HTTP Request,200,OK,Year-Language Query 4-6,text,true,,271,159,10,60,http://localhost:8080/search?q=love&year=1994&language=English,64,0,0
1782351932076,68,HTTP Request,200,OK,Year-Language Query 4-5,text,true,,271,159,10,60,http://localhost:8080/search?q=love&year=1994&language=English,68,0,0
1782351932103,49,HTTP Request,200,OK,Year-Language Query 4-8,text,true,,271,159,10,60,http://localhost:8080/search?q=love&year=1994&language=English,49,0,0
1782351932107,48,HTTP Request,200,OK,Year-Language Query 4-1,text,true,,271,159,10,60,http://localhost:8080/search?q=love&year=1994&language=English,48,0,0
1782351932112,49,HTTP Request,200,OK,Year-Language Query 4-4,text,true,,271,159,10,60,http://localhost:8080/search?q=love&year=1994&language=English,49,0,0
1782351932081,99,HTTP Request,200,OK,Year-Language Query 4-9,text,true,,271,159,10,60,http://localhost:8080/search?q=love&year=1994&language=English,99,0,0
1782351932113,67,HTTP Request,200,OK,Year-Language Query 4-3,text,true,,271,159,10,60,http://localhost:8080/search?q=love&year=1994&language=English,67,0,0
1782351932103,78,HTTP Request,200,OK,Year-Language Query 4-7,text,true,,271,159,10,60,http://localhost:8080/search?q=love&year=1994&language=English,78,0,0
1782351932102,85,HTTP Request,200,OK,Year-Language Query 4-10,text,true,,271,159,10,60,http://localhost:8080/search?q=love&year=1994&language=English,85,0,0
1782351932113,77,HTTP Request,200,OK,Year-Language Query 4-2,text,true,,271,159,10,60,http://localhost:8080/search?q=love&year=1994&language=English,77,0,0
1782351932144,76,HTTP Request,200,OK,Year-Language Query 4-5,text,true,,271,159,10,60,http://localhost:8080/search?q=love&year=1994&language=English,76,0,0
1782351932152,70,HTTP Request,200,OK,Year-Language Query 4-8,text,true,,271,159,10,60,http://localhost:8080/search?q=love&year=1994&language=English,70,0,0
1782351932143,79,HTTP Request,200,OK,Year-Language Query 4-6,text,true,,271,159,10,60,http://localhost:8080/search?q=love&year=1994&language=English,79,0,0
1782351932155,67,HTTP Request,200,OK,Year-Language Query 4-1,text,true,,271,159,10,60,http://localhost:8080/search?q=love&year=1994&language=English,67,0,0
1782351932162,61,HTTP Request,200,OK,Year-Language Query 4-4,text,true,,271,159,10,60,http://localhost:8080/search?q=love&year=1994&language=English,61,0,0
1782351932180,66,HTTP Request,200,OK,Year-Language Query 4-9,text,true,,271,159,10,60,http://localhost:8080/search?q=love&year=1994&language=English,66,0,0
1782351932190,59,HTTP Request,200,OK,Year-Language Query 4-2,text,true,,271,159,10,60,http://localhost:8080/search?q=love&year=1994&language=English,59,0,0
1782351932181,74,HTTP Request,200,OK,Year-Language Query 4-3,text,true,,271,159,10,60,http://localhost:8080/search?q=love&year=1994&language=English,74,0,0
1782351932188,67,HTTP Request,200,OK,Year-Language Query 4-10,text,true,,271,159,10,60,http://localhost:8080/search?q=love&year=1994&language=English,67,0,0
1782351932181,75,HTTP Request,200,OK,Year-Language Query 4-7,text,true,,271,159,10,60,http://localhost:8080/search?q=love&year=1994&language=English,75,0,0
1782351932223,44,HTTP Request,200,OK,Year-Language Query 4-4,text,true,,271,159,10,60,http://localhost:8080/search?q=love&year=1994&language=English,44,0,0
1782351932222,58,HTTP Request,200,OK,Year-Language Query 4-1,text,true,,271,159,10,60,http://localhost:8080/search?q=love&year=1994&language=English,58,0,0
1782351932222,60,HTTP Request,200,OK,Year-Language Query 4-6,text,true,,271,159,10,60,http://localhost:8080/search?q=love&year=1994&language=English,60,0,0
1782351932221,63,HTTP Request,200,OK,Year-Language Query 4-5,text,true,,271,159,10,60,http://localhost:8080/search?q=love&year=1994&language=English,63,0,0
1782351932222,63,HTTP Request,200,OK,Year-Language Query 4-8,text,true,,271,159,10,60,http://localhost:8080/search?q=love&year=1994&language=English,63,0,0
1782351932250,49,HTTP Request,200,OK,Year-Language Query 4-2,text,true,,271,159,10,60,http://localhost:8080/search?q=love&year=1994&language=English,49,0,0
1782351932256,43,HTTP Request,200,OK,Year-Language Query 4-7,text,true,,271,159,10,60,http://localhost:8080/search?q=love&year=1994&language=English,43,0,0
1782351932246,54,HTTP Request,200,OK,Year-Language Query 4-9,text,true,,271,159,10,60,http://localhost:8080/search?q=love&year=1994&language=English,54,0,0
1782351932267,47,HTTP Request,200,OK,Year-Language Query 4-4,text,true,,271,159,10,60,http://localhost:8080/search?q=love&year=1994&language=English,47,0,0
1782351932256,58,HTTP Request,200,OK,Year-Language Query 4-10,text,true,,271,159,10,60,http://localhost:8080/search?q=love&year=1994&language=English,58,0,0
1782351932256,62,HTTP Request,200,OK,Year-Language Query 4-3,text,true,,271,159,10,60,http://localhost:8080/search?q=love&year=1994&language=English,62,0,0
1782351932284,42,HTTP Request,200,OK,Year-Language Query 4-5,text,true,,271,159,10,60,http://localhost:8080/search?q=love&year=1994&language=English,42,0,0
1782351932283,46,HTTP Request,200,OK,Year-Language Query 4-6,text,true,,271,159,10,60,http://localhost:8080/search?q=love&year=1994&language=English,46,0,0
1782351932285,47,HTTP Request,200,OK,Year-Language Query 4-8,text,true,,271,159,10,60,http://localhost:8080/search?q=love&year=1994&language=English,47,0,0
1782351932280,52,HTTP Request,200,OK,Year-Language Query 4-1,text,true,,271,159,10,60,http://localhost:8080/search?q=love&year=1994&language=English,52,0,0
1782351932299,44,HTTP Request,200,OK,Year-Language Query 4-7,text,true,,271,159,10,60,http://localhost:8080/search?q=love&year=1994&language=English,44,0,0
1782351932300,43,HTTP Request,200,OK,Year-Language Query 4-9,text,true,,271,159,10,60,http://localhost:8080/search?q=love&year=1994&language=English,43,0,0
1782351932299,45,HTTP Request,200,OK,Year-Language Query 4-2,text,true,,271,159,10,60,http://localhost:8080/search?q=love&year=1994&language=English,45,0,0
1782351932314,72,HTTP Request,200,OK,Year-Language Query 4-4,text,true,,271,159,10,60,http://localhost:8080/search?q=love&year=1994&language=English,71,0,0
1782351932315,73,HTTP Request,200,OK,Year-Language Query 4-10,text,true,,271,159,10,60,http://localhost:8080/search?q=love&year=1994&language=English,73,0,0
1782351932318,70,HTTP Request,200,OK,Year-Language Query 4-3,text,true,,271,159,10,60,http://localhost:8080/search?q=love&year=1994&language=English,70,0,0
1782351932330,59,HTTP Request,200,OK,Year-Language Query 4-6,text,true,,271,159,10,60,http://localhost:8080/search?q=love&year=1994&language=English,59,0,0
1782351932344,59,HTTP Request,200,OK,Year-Language Query 4-2,text,true,,271,159,10,60,http://localhost:8080/search?q=love&year=1994&language=English,59,0,0
1782351932332,71,HTTP Request,200,OK,Year-Language Query 4-8,text,true,,271,159,10,60,http://localhost:8080/search?q=love&year=1994&language=English,71,0,0
1782351932326,88,HTTP Request,200,OK,Year-Language Query 4-5,text,true,,271,159,10,60,http://localhost:8080/search?q=love&year=1994&language=English,88,0,0
1782351932343,72,HTTP Request,200,OK,Year-Language Query 4-7,text,true,,271,159,10,60,http://localhost:8080/search?q=love&year=1994&language=English,72,0,0
1782351932388,29,HTTP Request,200,OK,Year-Language Query 4-3,text,true,,271,159,10,60,http://localhost:8080/search?q=love&year=1994&language=English,29,0,0
1782351932332,89,HTTP Request,200,OK,Year-Language Query 4-1,text,true,,271,159,10,60,http://localhost:8080/search?q=love&year=1994&language=English,89,0,0
1782351932389,40,HTTP Request,200,OK,Year-Language Query 4-6,text,true,,271,159,10,60,http://localhost:8080/search?q=love&year=1994&language=English,40,0,0
1782351932343,86,HTTP Request,200,OK,Year-Language Query 4-9,text,true,,271,159,10,60,http://localhost:8080/search?q=love&year=1994&language=English,86,0,0
1782351932386,46,HTTP Request,200,OK,Year-Language Query 4-4,text,true,,271,159,10,60,http://localhost:8080/search?q=love&year=1994&language=English,46,0,0
1782351932404,39,HTTP Request,200,OK,Year-Language Query 4-8,text,true,,271,159,10,60,http://localhost:8080/search?q=love&year=1994&language=English,39,0,0
1782351932403,44,HTTP Request,200,OK,Year-Language Query 4-2,text,true,,271,159,10,60,http://localhost:8080/search?q=love&year=1994&language=English,44,0,0
1782351932388,63,HTTP Request,200,OK,Year-Language Query 4-10,text,true,,271,159,10,60,http://localhost:8080/search?q=love&year=1994&language=English,63,0,0
1782351932415,61,HTTP Request,200,OK,Year-Language Query 4-7,text,true,,271,159,10,60,http://localhost:8080/search?q=love&year=1994&language=English,61,0,0
1782351932414,62,HTTP Request,200,OK,Year-Language Query 4-5,text,true,,271,159,10,60,http://localhost:8080/search?q=love&year=1994&language=English,62,0,0
1782351932429,57,HTTP Request,200,OK,Year-Language Query 4-9,text,true,,271,159,10,60,http://localhost:8080/search?q=love&year=1994&language=English,57,0,0
1782351932421,73,HTTP Request,200,OK,Year-Language Query 4-1,text,true,,271,159,10,60,http://localhost:8080/search?q=love&year=1994&language=English,73,0,0
1782351932432,62,HTTP Request,200,OK,Year-Language Query 4-4,text,true,,271,159,10,60,http://localhost:8080/search?q=love&year=1994&language=English,62,0,0
1782351932451,53,HTTP Request,200,OK,Year-Language Query 4-10,text,true,,271,159,10,60,http://localhost:8080/search?q=love&year=1994&language=English,53,0,0
1782351932418,87,HTTP Request,200,OK,Year-Language Query 4-3,text,true,,271,159,10,60,http://localhost:8080/search?q=love&year=1994&language=English,87,0,0
1782351932443,63,HTTP Request,200,OK,Year-Language Query 4-8,text,true,,271,159,10,60,http://localhost:8080/search?q=love&year=1994&language=English,63,0,0
1782351932429,78,HTTP Request,200,OK,Year-Language Query 4-6,text,true,,271,159,10,60,http://localhost:8080/search?q=love&year=1994&language=English,78,0,0
1782351932447,71,HTTP Request,200,OK,Year-Language Query 4-2,text,true,,271,159,10,60,http://localhost:8080/search?q=love&year=1994&language=English,71,0,0
1782351932476,48,HTTP Request,200,OK,Year-Language Query 4-5,text,true,,271,159,10,60,http://localhost:8080/search?q=love&year=1994&language=English,48,0,0
1782351932476,65,HTTP Request,200,OK,Year-Language Query 4-7,text,true,,271,159,10,60,http://localhost:8080/search?q=love&year=1994&language=English,65,0,0
1782351932504,49,HTTP Request,200,OK,Year-Language Query 4-10,text,true,,271,159,10,60,http://localhost:8080/search?q=love&year=1994&language=English,49,0,0
1782351932506,50,HTTP Request,200,OK,Year-Language Query 4-8,text,true,,271,159,10,60,http://localhost:8080/search?q=love&year=1994&language=English,50,0,0
1782351932486,77,HTTP Request,200,OK,Year-Language Query 4-9,text,true,,271,159,10,60,http://localhost:8080/search?q=love&year=1994&language=English,77,0,0
1782351932494,70,HTTP Request,200,OK,Year-Language Query 4-1,text,true,,271,159,10,60,http://localhost:8080/search?q=love&year=1994&language=English,70,0,0
1782351932505,64,HTTP Request,200,OK,Year-Language Query 4-3,text,true,,271,159,10,60,http://localhost:8080/search?q=love&year=1994&language=English,64,0,0
1782351932494,77,HTTP Request,200,OK,Year-Language Query 4-4,text,true,,271,159,10,60,http://localhost:8080/search?q=love&year=1994&language=English,77,0,0
1782351932519,57,HTTP Request,200,OK,Year-Language Query 4-2,text,true,,271,159,10,60,http://localhost:8080/search?q=love&year=1994&language=English,57,0,0
1782351932508,72,HTTP Request,200,OK,Year-Language Query 4-6,text,true,,271,159,10,60,http://localhost:8080/search?q=love&year=1994&language=English,72,0,0
1782351932524,61,HTTP Request,200,OK,Year-Language Query 4-5,text,true,,271,159,10,60,http://localhost:8080/search?q=love&year=1994&language=English,61,0,0
1782351932541,58,HTTP Request,200,OK,Year-Language Query 4-7,text,true,,271,159,10,60,http://localhost:8080/search?q=love&year=1994&language=English,58,0,0
1782351932563,50,HTTP Request,200,OK,Year-Language Query 4-9,text,true,,271,159,10,60,http://localhost:8080/search?q=love&year=1994&language=English,50,0,0
1782351932564,50,HTTP Request,200,OK,Year-Language Query 4-1,text,true,,271,159,10,60,http://localhost:8080/search?q=love&year=1994&language=English,50,0,0
1782351932553,72,HTTP Request,200,OK,Year-Language Query 4-10,text,true,,271,159,10,60,http://localhost:8080/search?q=love&year=1994&language=English,72,0,0
1782351932557,68,HTTP Request,200,OK,Year-Language Query 4-8,text,true,,271,159,10,60,http://localhost:8080/search?q=love&year=1994&language=English,68,0,0
1782351932576,60,HTTP Request,200,OK,Year-Language Query 4-2,text,true,,271,159,10,60,http://localhost:8080/search?q=love&year=1994&language=English,60,0,0
1782351932569,68,HTTP Request,200,OK,Year-Language Query 4-3,text,true,,271,159,10,60,http://localhost:8080/search?q=love&year=1994&language=English,68,0,0
1782351932571,82,HTTP Request,200,OK,Year-Language Query 4-4,text,true,,271,159,10,60,http://localhost:8080/search?q=love&year=1994&language=English,82,0,0
1782351932585,70,HTTP Request,200,OK,Year-Language Query 4-5,text,true,,271,159,10,60,http://localhost:8080/search?q=love&year=1994&language=English,70,0,0
1782351932580,75,HTTP Request,200,OK,Year-Language Query 4-6,text,true,,271,159,10,60,http://localhost:8080/search?q=love&year=1994&language=English,75,0,0
1782351932599,64,HTTP Request,200,OK,Year-Language Query 4-7,text,true,,271,159,10,60,http://localhost:8080/search?q=love&year=1994&language=English,64,0,0
1782351932614,72,HTTP Request,200,OK,Year-Language Query 4-9,text,true,,271,159,10,60,http://localhost:8080/search?q=love&year=1994&language=English,72,0,0
1782351932614,73,HTTP Request,200,OK,Year-Language Query 4-1,text,true,,271,159,10,60,http://localhost:8080/search?q=love&year=1994&language=English,73,0,0
1782351932625,62,HTTP Request,200,OK,Year-Language Query 4-8,text,true,,271,159,10,60,http://localhost:8080/search?q=love&year=1994&language=English,62,0,0
1782351932636,62,HTTP Request,200,OK,Year-Language Query 4-2,text,true,,271,159,10,60,http://localhost:8080/search?q=love&year=1994&language=English,62,0,0
1782351932625,74,HTTP Request,200,OK,Year-Language Query 4-10,text,true,,271,159,10,60,http://localhost:8080/search?q=love&year=1994&language=English,74,0,0
1782351932655,49,HTTP Request,200,OK,Year-Language Query 4-6,text,true,,271,159,10,60,http://localhost:8080/search?q=love&year=1994&language=English,49,0,0
1782351932637,71,HTTP Request,200,OK,Year-Language Query 4-3,text,true,,271,159,10,60,http://localhost:8080/search?q=love&year=1994&language=English,71,0,0
1782351932653,57,HTTP Request,200,OK,Year-Language Query 4-4,text,true,,271,159,10,60,http://localhost:8080/search?q=love&year=1994&language=English,57,0,0
1782351932655,55,HTTP Request,200,OK,Year-Language Query 4-5,text,true,,271,159,10,60,http://localhost:8080/search?q=love&year=1994&language=English,55,0,0
1782351932664,63,HTTP Request,200,OK,Year-Language Query 4-7,text,true,,271,159,10,60,http://localhost:8080/search?q=love&year=1994&language=English,63,0,0
1782351932687,46,HTTP Request,200,OK,Year-Language Query 4-8,text,true,,271,159,10,60,http://localhost:8080/search?q=love&year=1994&language=English,46,0,0
1782351932687,52,HTTP Request,200,OK,Year-Language Query 4-1,text,true,,271,159,10,60,http://localhost:8080/search?q=love&year=1994&language=English,52,0,0
1782351932686,60,HTTP Request,200,OK,Year-Language Query 4-9,text,true,,271,159,10,60,http://localhost:8080/search?q=love&year=1994&language=English,60,0,0
1782351932699,62,HTTP Request,200,OK,Year-Language Query 4-10,text,true,,271,159,10,60,http://localhost:8080/search?q=love&year=1994&language=English,62,0,0
1782351932710,66,HTTP Request,200,OK,Year-Language Query 4-4,text,true,,271,159,10,60,http://localhost:8080/search?q=love&year=1994&language=English,66,0,0
1782351932710,76,HTTP Request,200,OK,Year-Language Query 4-5,text,true,,271,159,10,60,http://localhost:8080/search?q=love&year=1994&language=English,76,0,0
1782351932698,90,HTTP Request,200,OK,Year-Language Query 4-2,text,true,,271,159,10,60,http://localhost:8080/search?q=love&year=1994&language=English,90,0,0
1782351932704,84,HTTP Request,200,OK,Year-Language Query 4-6,text,true,,271,159,10,60,http://localhost:8080/search?q=love&year=1994&language=English,84,0,0
1782351932727,61,HTTP Request,200,OK,Year-Language Query 4-7,text,true,,271,159,10,60,http://localhost:8080/search?q=love&year=1994&language=English,61,0,0
1782351932709,82,HTTP Request,200,OK,Year-Language Query 4-3,text,true,,271,159,10,60,http://localhost:8080/search?q=love&year=1994&language=English,82,0,0
1782351932739,65,HTTP Request,200,OK,Year-Language Query 4-1,text,true,,271,159,10,60,http://localhost:8080/search?q=love&year=1994&language=English,65,0,0
1782351932746,59,HTTP Request,200,OK,Year-Language Query 4-9,text,true,,271,159,10,60,http://localhost:8080/search?q=love&year=1994&language=English,59,0,0
1782351932733,88,HTTP Request,200,OK,Year-Language Query 4-8,text,true,,271,159,10,60,http://localhost:8080/search?q=love&year=1994&language=English,88,0,0
1782351932761,66,HTTP Request,200,OK,Year-Language Query 4-10,text,true,,271,159,10,60,http://localhost:8080/search?q=love&year=1994&language=English,66,0,0
1782351932804,45,HTTP Request,200,OK,Year-Language Query 4-1,text,true,,271,159,10,60,http://localhost:8080/search?q=love&year=1994&language=English,45,0,0
1782351932776,73,HTTP Request,200,OK,Year-Language Query 4-4,text,true,,271,159,10,60,http://localhost:8080/search?q=love&year=1994&language=English,73,0,0
1782351932788,73,HTTP Request,200,OK,Year-Language Query 4-6,text,true,,271,159,10,60,http://localhost:8080/search?q=love&year=1994&language=English,73,0,0
1782351932786,76,HTTP Request,200,OK,Year-Language Query 4-5,text,true,,271,159,10,60,http://localhost:8080/search?q=love&year=1994&language=English,76,0,0
1782351932788,74,HTTP Request,200,OK,Year-Language Query 4-7,text,true,,271,159,10,60,http://localhost:8080/search?q=love&year=1994&language=English,74,0,0
1782351932791,78,HTTP Request,200,OK,Year-Language Query 4-3,text,true,,271,159,10,60,http://localhost:8080/search?q=love&year=1994&language=English,78,0,0
1782351932788,81,HTTP Request,200,OK,Year-Language Query 4-2,text,true,,271,159,10,60,http://localhost:8080/search?q=love&year=1994&language=English,81,0,0
1782351932822,61,HTTP Request,200,OK,Year-Language Query 4-8,text,true,,271,159,10,60,http://localhost:8080/search?q=love&year=1994&language=English,61,0,0
1782351932805,78,HTTP Request,200,OK,Year-Language Query 4-9,text,true,,271,159,10,60,http://localhost:8080/search?q=love&year=1994&language=English,78,0,0
1782351932827,57,HTTP Request,200,OK,Year-Language Query 4-10,text,true,,271,159,10,60,http://localhost:8080/search?q=love&year=1994&language=English,57,0,0
1782351932849,60,HTTP Request,200,OK,Year-Language Query 4-1,text,true,,271,159,10,60,http://localhost:8080/search?q=love&year=1994&language=English,60,0,0
1782351932849,60,HTTP Request,200,OK,Year-Language Query 4-4,text,true,,271,159,10,60,http://localhost:8080/search?q=love&year=1994&language=English,60,0,0
1782351932862,51,HTTP Request,200,OK,Year-Language Query 4-5,text,true,,271,159,10,60,http://localhost:8080/search?q=love&year=1994&language=English,51,0,0
1782351932861,52,HTTP Request,200,OK,Year-Language Query 4-6,text,true,,271,159,10,60,http://localhost:8080/search?q=love&year=1994&language=English,52,0,0
1782351932862,51,HTTP Request,200,OK,Year-Language Query 4-7,text,true,,271,159,10,60,http://localhost:8080/search?q=love&year=1994&language=English,51,0,0
1782351932884,46,HTTP Request,200,OK,Year-Language Query 4-10,text,true,,271,159,10,60,http://localhost:8080/search?q=love&year=1994&language=English,46,0,0
1782351932869,63,HTTP Request,200,OK,Year-Language Query 4-2,text,true,,271,159,10,60,http://localhost:8080/search?q=love&year=1994&language=English,63,0,0
1782351932869,72,HTTP Request,200,OK,Year-Language Query 4-3,text,true,,271,159,10,60,http://localhost:8080/search?q=love&year=1994&language=English,72,0,0
1782351932883,58,HTTP Request,200,OK,Year-Language Query 4-8,text,true,,271,159,10,60,http://localhost:8080/search?q=love&year=1994&language=English,58,0,0
1782351932883,58,HTTP Request,200,OK,Year-Language Query 4-9,text,true,,271,159,10,60,http://localhost:8080/search?q=love&year=1994&language=English,58,0,0
1782351932910,54,HTTP Request,200,OK,Year-Language Query 4-4,text,true,,271,159,10,60,http://localhost:8080/search?q=love&year=1994&language=English,54,0,0
1782351932914,52,HTTP Request,200,OK,Year-Language Query 4-7,text,true,,271,159,10,60,http://localhost:8080/search?q=love&year=1994&language=English,52,0,0
1782351932909,57,HTTP Request,200,OK,Year-Language Query 4-1,text,true,,271,159,10,60,http://localhost:8080/search?q=love&year=1994&language=English,57,0,0
1782351932914,60,HTTP Request,200,OK,Year-Language Query 4-6,text,true,,271,159,10,60,http://localhost:8080/search?q=love&year=1994&language=English,60,0,0
1782351932932,57,HTTP Request,200,OK,Year-Language Query 4-2,text,true,,271,159,10,60,http://localhost:8080/search?q=love&year=1994&language=English,57,0,0
1782351932930,60,HTTP Request,200,OK,Year-Language Query 4-10,text,true,,271,159,10,60,http://localhost:8080/search?q=love&year=1994&language=English,60,0,0
1782351932914,76,HTTP Request,200,OK,Year-Language Query 4-5,text,true,,271,159,10,60,http://localhost:8080/search?q=love&year=1994&language=English,76,0,0
1782351932941,56,HTTP Request,200,OK,Year-Language Query 4-9,text,true,,271,159,10,60,http://localhost:8080/search?q=love&year=1994&language=English,56,0,0
1782351932941,68,HTTP Request,200,OK,Year-Language Query 4-3,text,true,,271,159,10,60,http://localhost:8080/search?q=love&year=1994&language=English,68,0,0
1782351932941,70,HTTP Request,200,OK,Year-Language Query 4-8,text,true,,271,159,10,60,http://localhost:8080/search?q=love&year=1994&language=English,70,0,0
1782351932966,45,HTTP Request,200,OK,Year-Language Query 4-7,text,true,,271,159,10,60,http://localhost:8080/search?q=love&year=1994&language=English,45,0,0
1782351932966,46,HTTP Request,200,OK,Year-Language Query 4-1,text,true,,271,159,10,60,http://localhost:8080/search?q=love&year=1994&language=English,46,0,0
1782351932964,51,HTTP Request,200,OK,Year-Language Query 4-4,text,true,,271,159,10,60,http://localhost:8080/search?q=love&year=1994&language=English,51,0,0
1782351932974,52,HTTP Request,200,OK,Year-Language Query 4-6,text,true,,271,159,10,60,http://localhost:8080/search?q=love&year=1994&language=English,52,0,0
1782351932997,53,HTTP Request,200,OK,Year-Language Query 4-9,text,true,,271,159,10,60,http://localhost:8080/search?q=love&year=1994&language=English,53,0,0
1782351932990,60,HTTP Request,200,OK,Year-Language Query 4-5,text,true,,271,159,10,60,http://localhost:8080/search?q=love&year=1994&language=English,60,0,0
1782351932989,61,HTTP Request,200,OK,Year-Language Query 4-2,text,true,,271,159,10,60,http://localhost:8080/search?q=love&year=1994&language=English,61,0,0
1782351932990,83,HTTP Request,200,OK,Year-Language Query 4-10,text,true,,271,159,10,60,http://localhost:8080/search?q=love&year=1994&language=English,83,0,0
1782351933012,63,HTTP Request,200,OK,Year-Language Query 4-1,text,true,,271,159,10,60,http://localhost:8080/search?q=love&year=1994&language=English,63,0,0
1782351933011,83,HTTP Request,200,OK,Year-Language Query 4-8,text,true,,271,159,10,60,http://localhost:8080/search?q=love&year=1994&language=English,83,0,0
1782351933026,68,HTTP Request,200,OK,Year-Language Query 4-6,text,true,,271,159,10,60,http://localhost:8080/search?q=love&year=1994&language=English,68,0,0
1782351933011,83,HTTP Request,200,OK,Year-Language Query 4-7,text,true,,271,159,10,60,http://localhost:8080/search?q=love&year=1994&language=English,83,0,0
1782351933015,79,HTTP Request,200,OK,Year-Language Query 4-4,text,true,,271,159,10,60,http://localhost:8080/search?q=love&year=1994&language=English,79,0,0
1782351933009,94,HTTP Request,200,OK,Year-Language Query 4-3,text,true,,271,159,10,60,http://localhost:8080/search?q=love&year=1994&language=English,94,0,0
1782351933050,61,HTTP Request,200,OK,Year-Language Query 4-5,text,true,,271,159,10,60,http://localhost:8080/search?q=love&year=1994&language=English,61,0,0
1782351933050,63,HTTP Request,200,OK,Year-Language Query 4-2,text,true,,271,159,10,60,http://localhost:8080/search?q=love&year=1994&language=English,63,0,0
1782351933050,68,HTTP Request,200,OK,Year-Language Query 4-9,text,true,,271,159,10,60,http://localhost:8080/search?q=love&year=1994&language=English,68,0,0
1782351933094,50,HTTP Request,200,OK,Year-Language Query 4-4,text,true,,271,159,10,60,http://localhost:8080/search?q=love&year=1994&language=English,50,0,0
1782351933094,51,HTTP Request,200,OK,Year-Language Query 4-7,text,true,,271,159,10,60,http://localhost:8080/search?q=love&year=1994&language=English,51,0,0
1782351933094,59,HTTP Request,200,OK,Year-Language Query 4-8,text,true,,271,159,10,60,http://localhost:8080/search?q=love&year=1994&language=English,59,0,0
1782351933073,94,HTTP Request,200,OK,Year-Language Query 4-10,text,true,,271,159,10,60,http://localhost:8080/search?q=love&year=1994&language=English,94,0,0
1782351933075,92,HTTP Request,200,OK,Year-Language Query 4-1,text,true,,271,159,10,60,http://localhost:8080/search?q=love&year=1994&language=English,92,0,0
1782351933103,67,HTTP Request,200,OK,Year-Language Query 4-3,text,true,,271,159,10,60,http://localhost:8080/search?q=love&year=1994&language=English,67,0,0
1782351933094,76,HTTP Request,200,OK,Year-Language Query 4-6,text,true,,271,159,10,60,http://localhost:8080/search?q=love&year=1994&language=English,76,0,0
1782351933111,78,HTTP Request,200,OK,Year-Language Query 4-5,text,true,,271,159,10,60,http://localhost:8080/search?q=love&year=1994&language=English,78,0,0
1782351933113,90,HTTP Request,200,OK,Year-Language Query 4-2,text,true,,271,159,10,60,http://localhost:8080/search?q=love&year=1994&language=English,90,0,0
1782351933118,88,HTTP Request,200,OK,Year-Language Query 4-9,text,true,,271,159,10,60,http://localhost:8080/search?q=love&year=1994&language=English,88,0,0
1782351933153,67,HTTP Request,200,OK,Year-Language Query 4-8,text,true,,271,159,10,60,http://localhost:8080/search?q=love&year=1994&language=English,67,0,0
1782351933167,78,HTTP Request,200,OK,Year-Language Query 4-10,text,true,,271,159,10,60,http://localhost:8080/search?q=love&year=1994&language=English,78,0,0
1782351933170,76,HTTP Request,200,OK,Year-Language Query 4-6,text,true,,271,159,10,60,http://localhost:8080/search?q=love&year=1994&language=English,76,0,0
1782351933145,102,HTTP Request,200,OK,Year-Language Query 4-4,text,true,,271,159,10,60,http://localhost:8080/search?q=love&year=1994&language=English,102,0,0
1782351933145,104,HTTP Request,200,OK,Year-Language Query 4-7,text,true,,271,159,10,60,http://localhost:8080/search?q=love&year=1994&language=English,104,0,0
1782351933170,79,HTTP Request,200,OK,Year-Language Query 4-3,text,true,,271,159,10,60,http://localhost:8080/search?q=love&year=1994&language=English,79,0,0
1782351933168,81,HTTP Request,200,OK,Year-Language Query 4-1,text,true,,271,159,10,60,http://localhost:8080/search?q=love&year=1994&language=English,81,0,0
1782351933206,54,HTTP Request,200,OK,Year-Language Query 4-9,text,true,,271,159,10,60,http://localhost:8080/search?q=love&year=1994&language=English,54,0,0
1782351933204,56,HTTP Request,200,OK,Year-Language Query 4-2,text,true,,271,159,10,60,http://localhost:8080/search?q=love&year=1994&language=English,56,0,0
1782351933189,91,HTTP Request,200,OK,Year-Language Query 4-5,text,true,,271,159,10,60,http://localhost:8080/search?q=love&year=1994&language=English,91,0,0
1782351933220,64,HTTP Request,200,OK,Year-Language Query 4-8,text,true,,271,159,10,60,http://localhost:8080/search?q=love&year=1994&language=English,64,0,0
1782351933246,52,HTTP Request,200,OK,Year-Language Query 4-6,text,true,,271,159,10,60,http://localhost:8080/search?q=love&year=1994&language=English,52,0,0
1782351933245,56,HTTP Request,200,OK,Year-Language Query 4-10,text,true,,271,159,10,60,http://localhost:8080/search?q=love&year=1994&language=English,56,0,0
1782351933249,53,HTTP Request,200,OK,Year-Language Query 4-7,text,true,,271,159,10,60,http://localhost:8080/search?q=love&year=1994&language=English,53,0,0
1782351933260,74,HTTP Request,200,OK,Year-Language Query 4-2,text,true,,271,159,10,60,http://localhost:8080/search?q=love&year=1994&language=English,74,0,0
1782351933249,85,HTTP Request,200,OK,Year-Language Query 4-1,text,true,,271,159,10,60,http://localhost:8080/search?q=love&year=1994&language=English,85,0,0
1782351933247,96,HTTP Request,200,OK,Year-Language Query 4-4,text,true,,271,159,10,60,http://localhost:8080/search?q=love&year=1994&language=English,96,0,0
1782351933260,83,HTTP Request,200,OK,Year-Language Query 4-9,text,true,,271,159,10,60,http://localhost:8080/search?q=love&year=1994&language=English,83,0,0
1782351933281,64,HTTP Request,200,OK,Year-Language Query 4-5,text,true,,271,159,10,60,http://localhost:8080/search?q=love&year=1994&language=English,64,0,0
1782351933249,96,HTTP Request,200,OK,Year-Language Query 4-3,text,true,,271,159,10,60,http://localhost:8080/search?q=love&year=1994&language=English,96,0,0
1782351933301,64,HTTP Request,200,OK,Year-Language Query 4-10,text,true,,271,159,10,60,http://localhost:8080/search?q=love&year=1994&language=English,64,0,0
1782351933284,81,HTTP Request,200,OK,Year-Language Query 4-8,text,true,,271,159,10,60,http://localhost:8080/search?q=love&year=1994&language=English,81,0,0
1782351933302,82,HTTP Request,200,OK,Year-Language Query 4-7,text,true,,271,159,10,60,http://localhost:8080/search?q=love&year=1994&language=English,82,0,0
1782351933298,90,HTTP Request,200,OK,Year-Language Query 4-6,text,true,,271,159,10,60,http://localhost:8080/search?q=love&year=1994&language=English,90,0,0
1782351933334,55,HTTP Request,200,OK,Year-Language Query 4-2,text,true,,271,159,10,60,http://localhost:8080/search?q=love&year=1994&language=English,55,0,0
1782351933334,55,HTTP Request,200,OK,Year-Language Query 4-1,text,true,,271,159,10,60,http://localhost:8080/search?q=love&year=1994&language=English,55,0,0
1782351933345,68,HTTP Request,200,OK,Year-Language Query 4-5,text,true,,271,159,10,60,http://localhost:8080/search?q=love&year=1994&language=English,68,0,0
1782351933345,73,HTTP Request,200,OK,Year-Language Query 4-3,text,true,,271,159,10,60,http://localhost:8080/search?q=love&year=1994&language=English,73,0,0
1782351933343,76,HTTP Request,200,OK,Year-Language Query 4-4,text,true,,271,159,10,60,http://localhost:8080/search?q=love&year=1994&language=English,76,0,0
1782351933365,60,HTTP Request,200,OK,Year-Language Query 4-8,text,true,,271,159,10,60,http://localhost:8080/search?q=love&year=1994&language=English,60,0,0
1782351933343,82,HTTP Request,200,OK,Year-Language Query 4-9,text,true,,271,159,10,60,http://localhost:8080/search?q=love&year=1994&language=English,82,0,0
1782351933365,78,HTTP Request,200,OK,Year-Language Query 4-10,text,true,,271,159,10,60,http://localhost:8080/search?q=love&year=1994&language=English,78,0,0
1782351933384,59,HTTP Request,200,OK,Year-Language Query 4-7,text,true,,271,159,10,60,http://localhost:8080/search?q=love&year=1994&language=English,59,0,0
1782351933388,64,HTTP Request,200,OK,Year-Language Query 4-6,text,true,,271,159,10,60,http://localhost:8080/search?q=love&year=1994&language=English,63,0,0
1782351933389,63,HTTP Request,200,OK,Year-Language Query 4-2,text,true,,271,159,10,60,http://localhost:8080/search?q=love&year=1994&language=English,63,0,0
1782351933389,64,HTTP Request,200,OK,Year-Language Query 4-1,text,true,,271,159,10,60,http://localhost:8080/search?q=love&year=1994&language=English,64,0,0
1782351933418,54,HTTP Request,200,OK,Year-Language Query 4-3,text,true,,271,159,10,60,http://localhost:8080/search?q=love&year=1994&language=English,54,0,0
1782351933413,59,HTTP Request,200,OK,Year-Language Query 4-5,text,true,,271,159,10,60,http://localhost:8080/search?q=love&year=1994&language=English,59,0,0
1782351933425,55,HTTP Request,200,OK,Year-Language Query 4-8,text,true,,271,159,10,60,http://localhost:8080/search?q=love&year=1994&language=English,55,0,0
1782351933420,65,HTTP Request,200,OK,Year-Language Query 4-4,text,true,,271,159,10,60,http://localhost:8080/search?q=love&year=1994&language=English,65,0,0
1782351933425,69,HTTP Request,200,OK,Year-Language Query 4-9,text,true,,271,159,10,60,http://localhost:8080/search?q=love&year=1994&language=English,69,0,0
1782351933443,57,HTTP Request,200,OK,Year-Language Query 4-10,text,true,,271,159,10,60,http://localhost:8080/search?q=love&year=1994&language=English,57,0,0
1782351933444,65,HTTP Request,200,OK,Year-Language Query 4-7,text,true,,271,159,10,60,http://localhost:8080/search?q=love&year=1994&language=English,65,0,0
1782351933452,57,HTTP Request,200,OK,Year-Language Query 4-2,text,true,,271,159,10,60,http://localhost:8080/search?q=love&year=1994&language=English,57,0,0
1782351933485,42,HTTP Request,200,OK,Year-Language Query 4-4,text,true,,271,159,10,60,http://localhost:8080/search?q=love&year=1994&language=English,42,0,0
1782351933480,54,HTTP Request,200,OK,Year-Language Query 4-8,text,true,,271,159,10,60,http://localhost:8080/search?q=love&year=1994&language=English,54,0,0
1782351933452,83,HTTP Request,200,OK,Year-Language Query 4-6,text,true,,271,159,10,60,http://localhost:8080/search?q=love&year=1994&language=English,83,0,0
1782351933472,63,HTTP Request,200,OK,Year-Language Query 4-5,text,true,,271,159,10,60,http://localhost:8080/search?q=love&year=1994&language=English,63,0,0
1782351933472,63,HTTP Request,200,OK,Year-Language Query 4-3,text,true,,271,159,10,60,http://localhost:8080/search?q=love&year=1994&language=English,63,0,0
1782351933453,82,HTTP Request,200,OK,Year-Language Query 4-1,text,true,,271,159,10,60,http://localhost:8080/search?q=love&year=1994&language=English,82,0,0
1782351933494,58,HTTP Request,200,OK,Year-Language Query 4-9,text,true,,271,159,10,60,http://localhost:8080/search?q=love&year=1994&language=English,58,0,0
1782351933501,55,HTTP Request,200,OK,Year-Language Query 4-10,text,true,,271,159,10,60,http://localhost:8080/search?q=love&year=1994&language=English,55,0,0
1782351933509,54,HTTP Request,200,OK,Year-Language Query 4-7,text,true,,271,159,10,60,http://localhost:8080/search?q=love&year=1994&language=English,54,0,0
1782351933510,61,HTTP Request,200,OK,Year-Language Query 4-2,text,true,,271,159,10,60,http://localhost:8080/search?q=love&year=1994&language=English,61,0,0
1782351933527,76,HTTP Request,200,OK,Year-Language Query 4-4,text,true,,271,159,10,60,http://localhost:8080/search?q=love&year=1994&language=English,76,0,0
1782351933552,74,HTTP Request,200,OK,Year-Language Query 4-9,text,true,,271,159,10,60,http://localhost:8080/search?q=love&year=1994&language=English,74,0,0
1782351933563,63,HTTP Request,200,OK,Year-Language Query 4-7,text,true,,271,159,10,60,http://localhost:8080/search?q=love&year=1994&language=English,63,0,0
1782351933557,69,HTTP Request,200,OK,Year-Language Query 4-10,text,true,,271,159,10,60,http://localhost:8080/search?q=love&year=1994&language=English,69,0,0
1782351933534,92,HTTP Request,200,OK,Year-Language Query 4-8,text,true,,271,159,10,60,http://localhost:8080/search?q=love&year=1994&language=English,92,0,0
1782351933535,91,HTTP Request,200,OK,Year-Language Query 4-1,text,true,,271,159,10,60,http://localhost:8080/search?q=love&year=1994&language=English,91,0,0
1782351933535,91,HTTP Request,200,OK,Year-Language Query 4-6,text,true,,271,159,10,60,http://localhost:8080/search?q=love&year=1994&language=English,91,0,0
1782351933535,92,HTTP Request,200,OK,Year-Language Query 4-3,text,true,,271,159,10,60,http://localhost:8080/search?q=love&year=1994&language=English,92,0,0
1782351933535,93,HTTP Request,200,OK,Year-Language Query 4-5,text,true,,271,159,10,60,http://localhost:8080/search?q=love&year=1994&language=English,93,0,0
1782351933572,61,HTTP Request,200,OK,Year-Language Query 4-2,text,true,,271,159,10,60,http://localhost:8080/search?q=love&year=1994&language=English,61,0,0
1782351933603,72,HTTP Request,200,OK,Year-Language Query 4-4,text,true,,271,159,10,60,http://localhost:8080/search?q=love&year=1994&language=English,72,0,0
1782351933626,83,HTTP Request,200,OK,Year-Language Query 4-1,text,true,,271,159,10,60,http://localhost:8080/search?q=love&year=1994&language=English,83,0,0
1782351933627,82,HTTP Request,200,OK,Year-Language Query 4-3,text,true,,271,159,10,60,http://localhost:8080/search?q=love&year=1994&language=English,82,0,0
1782351933633,76,HTTP Request,200,OK,Year-Language Query 4-2,text,true,,271,159,10,60,http://localhost:8080/search?q=love&year=1994&language=English,76,0,0
1782351933626,84,HTTP Request,200,OK,Year-Language Query 4-7,text,true,,271,159,10,60,http://localhost:8080/search?q=love&year=1994&language=English,84,0,0
1782351933626,85,HTTP Request,200,OK,Year-Language Query 4-9,text,true,,271,159,10,60,http://localhost:8080/search?q=love&year=1994&language=English,85,0,0
1782351933626,89,HTTP Request,200,OK,Year-Language Query 4-8,text,true,,271,159,10,60,http://localhost:8080/search?q=love&year=1994&language=English,89,0,0
1782351933626,92,HTTP Request,200,OK,Year-Language Query 4-6,text,true,,271,159,10,60,http://localhost:8080/search?q=love&year=1994&language=English,92,0,0
1782351933626,94,HTTP Request,200,OK,Year-Language Query 4-10,text,true,,271,159,10,60,http://localhost:8080/search?q=love&year=1994&language=English,94,0,0
1782351933628,113,HTTP Request,200,OK,Year-Language Query 4-5,text,true,,271,159,10,60,http://localhost:8080/search?q=love&year=1994&language=English,113,0,0
1782351933675,84,HTTP Request,200,OK,Year-Language Query 4-4,text,true,,271,159,10,60,http://localhost:8080/search?q=love&year=1994&language=English,84,0,0
1782351933710,52,HTTP Request,200,OK,Year-Language Query 4-7,text,true,,271,159,10,60,http://localhost:8080/search?q=love&year=1994&language=English,52,0,0
1782351933715,54,HTTP Request,200,OK,Year-Language Query 4-8,text,true,,271,159,10,60,http://localhost:8080/search?q=love&year=1994&language=English,54,0,0
1782351933711,59,HTTP Request,200,OK,Year-Language Query 4-9,text,true,,271,159,10,60,http://localhost:8080/search?q=love&year=1994&language=English,59,0,0
1782351933709,61,HTTP Request,200,OK,Year-Language Query 4-1,text,true,,271,159,10,60,http://localhost:8080/search?q=love&year=1994&language=English,61,0,0
1782351933709,62,HTTP Request,200,OK,Year-Language Query 4-3,text,true,,271,159,10,60,http://localhost:8080/search?q=love&year=1994&language=English,62,0,0
1782351933718,53,HTTP Request,200,OK,Year-Language Query 4-6,text,true,,271,159,10,60,http://localhost:8080/search?q=love&year=1994&language=English,53,0,0
1782351933709,79,HTTP Request,200,OK,Year-Language Query 4-2,text,true,,271,159,10,60,http://localhost:8080/search?q=love&year=1994&language=English,79,0,0
1782351933720,73,HTTP Request,200,OK,Year-Language Query 4-10,text,true,,271,159,10,60,http://localhost:8080/search?q=love&year=1994&language=English,73,0,0
1782351933741,67,HTTP Request,200,OK,Year-Language Query 4-5,text,true,,271,159,10,60,http://localhost:8080/search?q=love&year=1994&language=English,67,0,0
1782351933759,78,HTTP Request,200,OK,Year-Language Query 4-4,text,true,,271,159,10,60,http://localhost:8080/search?q=love&year=1994&language=English,78,0,0
1782351933770,69,HTTP Request,200,OK,Year-Language Query 4-9,text,true,,271,159,10,60,http://localhost:8080/search?q=love&year=1994&language=English,69,0,0
1782351933762,86,HTTP Request,200,OK,Year-Language Query 4-7,text,true,,271,159,10,60,http://localhost:8080/search?q=love&year=1994&language=English,86,0,0
1782351933771,80,HTTP Request,200,OK,Year-Language Query 4-3,text,true,,271,159,10,60,http://localhost:8080/search?q=love&year=1994&language=English,80,0,0
1782351933770,91,HTTP Request,200,OK,Year-Language Query 4-1,text,true,,271,159,10,60,http://localhost:8080/search?q=love&year=1994&language=English,91,0,0
1782351933788,76,HTTP Request,200,OK,Year-Language Query 4-2,text,true,,271,159,10,60,http://localhost:8080/search?q=love&year=1994&language=English,76,0,0
1782351933808,58,HTTP Request,200,OK,Year-Language Query 4-5,text,true,,271,159,10,60,http://localhost:8080/search?q=love&year=1994&language=English,58,0,0
1782351933771,96,HTTP Request,200,OK,Year-Language Query 4-6,text,true,,271,159,10,60,http://localhost:8080/search?q=love&year=1994&language=English,96,0,0
1782351933794,81,HTTP Request,200,OK,Year-Language Query 4-10,text,true,,271,159,10,60,http://localhost:8080/search?q=love&year=1994&language=English,81,0,0
1782351933769,106,HTTP Request,200,OK,Year-Language Query 4-8,text,true,,271,159,10,60,http://localhost:8080/search?q=love&year=1994&language=English,106,0,0
1782351933837,60,HTTP Request,200,OK,Year-Language Query 4-4,text,true,,271,159,10,60,http://localhost:8080/search?q=love&year=1994&language=English,60,0,0
1782351933851,53,HTTP Request,200,OK,Year-Language Query 4-3,text,true,,271,159,10,60,http://localhost:8080/search?q=love&year=1994&language=English,53,0,0
1782351933848,62,HTTP Request,200,OK,Year-Language Query 4-7,text,true,,271,159,10,60,http://localhost:8080/search?q=love&year=1994&language=English,62,0,0
1782351933839,82,HTTP Request,200,OK,Year-Language Query 4-9,text,true,,271,159,10,60,http://localhost:8080/search?q=love&year=1994&language=English,82,0,0
1782351933875,67,HTTP Request,200,OK,Year-Language Query 4-8,text,true,,271,159,10,60,http://localhost:8080/search?q=love&year=1994&language=English,67,0,0
1782351933867,75,HTTP Request,200,OK,Year-Language Query 4-6,text,true,,271,159,10,60,http://localhost:8080/search?q=love&year=1994&language=English,75,0,0
1782351933867,75,HTTP Request,200,OK,Year-Language Query 4-5,text,true,,271,159,10,60,http://localhost:8080/search?q=love&year=1994&language=English,75,0,0
1782351933861,81,HTTP Request,200,OK,Year-Language Query 4-1,text,true,,271,159,10,60,http://localhost:8080/search?q=love&year=1994&language=English,81,0,0
1782351933875,79,HTTP Request,200,OK,Year-Language Query 4-10,text,true,,271,159,10,60,http://localhost:8080/search?q=love&year=1994&language=English,79,0,0
1782351933897,57,HTTP Request,200,OK,Year-Language Query 4-4,text,true,,271,159,10,60,http://localhost:8080/search?q=love&year=1994&language=English,57,0,0
1782351933865,89,HTTP Request,200,OK,Year-Language Query 4-2,text,true,,271,159,10,60,http://localhost:8080/search?q=love&year=1994&language=English,89,0,0
1782351933904,64,HTTP Request,200,OK,Year-Language Query 4-3,text,true,,271,159,10,60,http://localhost:8080/search?q=love&year=1994&language=English,64,0,0
1782351933910,58,HTTP Request,200,OK,Year-Language Query 4-7,text,true,,271,159,10,60,http://localhost:8080/search?q=love&year=1994&language=English,58,0,0
1782351933921,74,HTTP Request,200,OK,Year-Language Query 4-9,text,true,,271,159,10,60,http://localhost:8080/search?q=love&year=1994&language=English,74,0,0
1782351933943,69,HTTP Request,200,OK,Year-Language Query 4-1,text,true,,271,159,10,60,http://localhost:8080/search?q=love&year=1994&language=English,69,0,0
1782351933942,72,HTTP Request,200,OK,Year-Language Query 4-6,text,true,,271,159,10,60,http://localhost:8080/search?q=love&year=1994&language=English,72,0,0
1782351933968,49,HTTP Request,200,OK,Year-Language Query 4-7,text,true,,271,159,10,60,http://localhost:8080/search?q=love&year=1994&language=English,49,0,0
1782351933968,49,HTTP Request,200,OK,Year-Language Query 4-3,text,true,,271,159,10,60,http://localhost:8080/search?q=love&year=1994&language=English,49,0,0
1782351933942,87,HTTP Request,200,OK,Year-Language Query 4-8,text,true,,271,159,10,60,http://localhost:8080/search?q=love&year=1994&language=English,87,0,0
1782351933955,74,HTTP Request,200,OK,Year-Language Query 4-4,text,true,,271,159,10,60,http://localhost:8080/search?q=love&year=1994&language=English,74,0,0
1782351933954,75,HTTP Request,200,OK,Year-Language Query 4-10,text,true,,271,159,10,60,http://localhost:8080/search?q=love&year=1994&language=English,75,0,0
1782351933955,76,HTTP Request,200,OK,Year-Language Query 4-2,text,true,,271,159,10,60,http://localhost:8080/search?q=love&year=1994&language=English,76,0,0
1782351933942,89,HTTP Request,200,OK,Year-Language Query 4-5,text,true,,271,159,10,60,http://localhost:8080/search?q=love&year=1994&language=English,89,0,0
1782351933995,65,HTTP Request,200,OK,Year-Language Query 4-9,text,true,,271,159,10,60,http://localhost:8080/search?q=love&year=1994&language=English,65,0,0
1782351934012,61,HTTP Request,200,OK,Year-Language Query 4-1,text,true,,271,159,10,60,http://localhost:8080/search?q=love&year=1994&language=English,61,0,0
1782351934029,59,HTTP Request,200,OK,Year-Language Query 4-4,text,true,,271,159,10,60,http://localhost:8080/search?q=love&year=1994&language=English,59,0,0
1782351934031,57,HTTP Request,200,OK,Year-Language Query 4-5,text,true,,271,159,10,60,http://localhost:8080/search?q=love&year=1994&language=English,57,0,0
1782351934018,70,HTTP Request,200,OK,Year-Language Query 4-3,text,true,,271,159,10,60,http://localhost:8080/search?q=love&year=1994&language=English,70,0,0
1782351934029,75,HTTP Request,200,OK,Year-Language Query 4-10,text,true,,271,159,10,60,http://localhost:8080/search?q=love&year=1994&language=English,75,0,0
1782351934018,95,HTTP Request,200,OK,Year-Language Query 4-7,text,true,,271,159,10,60,http://localhost:8080/search?q=love&year=1994&language=English,95,0,0
1782351934014,99,HTTP Request,200,OK,Year-Language Query 4-6,text,true,,271,159,10,60,http://localhost:8080/search?q=love&year=1994&language=English,99,0,0
1782351934029,84,HTTP Request,200,OK,Year-Language Query 4-8,text,true,,271,159,10,60,http://localhost:8080/search?q=love&year=1994&language=English,84,0,0
1782351934031,84,HTTP Request,200,OK,Year-Language Query 4-2,text,true,,271,159,10,60,http://localhost:8080/search?q=love&year=1994&language=English,84,0,0
1782351934061,76,HTTP Request,200,OK,Year-Language Query 4-9,text,true,,271,159,10,60,http://localhost:8080/search?q=love&year=1994&language=English,76,0,0
1782351934073,70,HTTP Request,200,OK,Year-Language Query 4-1,text,true,,271,159,10,60,http://localhost:8080/search?q=love&year=1994&language=English,70,0,0
1782351934088,69,HTTP Request,200,OK,Year-Language Query 4-5,text,true,,271,159,10,60,http://localhost:8080/search?q=love&year=1994&language=English,69,0,0
1782351934088,72,HTTP Request,200,OK,Year-Language Query 4-4,text,true,,271,159,10,60,http://localhost:8080/search?q=love&year=1994&language=English,72,0,0
1782351934088,74,HTTP Request,200,OK,Year-Language Query 4-3,text,true,,271,159,10,60,http://localhost:8080/search?q=love&year=1994&language=English,74,0,0
1782351934113,63,HTTP Request,200,OK,Year-Language Query 4-8,text,true,,271,159,10,60,http://localhost:8080/search?q=love&year=1994&language=English,63,0,0
1782351934105,72,HTTP Request,200,OK,Year-Language Query 4-10,text,true,,271,159,10,60,http://localhost:8080/search?q=love&year=1994&language=English,72,0,0
1782351934113,74,HTTP Request,200,OK,Year-Language Query 4-7,text,true,,271,159,10,60,http://localhost:8080/search?q=love&year=1994&language=English,74,0,0
1782351934113,74,HTTP Request,200,OK,Year-Language Query 4-6,text,true,,271,159,10,60,http://localhost:8080/search?q=love&year=1994&language=English,74,0,0
1782351934116,104,HTTP Request,200,OK,Year-Language Query 4-2,text,true,,271,159,10,60,http://localhost:8080/search?q=love&year=1994&language=English,104,0,0
1782351934160,62,HTTP Request,200,OK,Year-Language Query 4-4,text,true,,271,159,10,60,http://localhost:8080/search?q=love&year=1994&language=English,62,0,0
1782351934143,79,HTTP Request,200,OK,Year-Language Query 4-1,text,true,,271,159,10,60,http://localhost:8080/search?q=love&year=1994&language=English,79,0,0
1782351934157,71,HTTP Request,200,OK,Year-Language Query 4-5,text,true,,271,159,10,60,http://localhost:8080/search?q=love&year=1994&language=English,71,0,0
1782351934137,95,HTTP Request,200,OK,Year-Language Query 4-9,text,true,,271,159,10,60,http://localhost:8080/search?q=love&year=1994&language=English,95,0,0
1782351934178,55,HTTP Request,200,OK,Year-Language Query 4-10,text,true,,271,159,10,60,http://localhost:8080/search?q=love&year=1994&language=English,55,0,0
1782351934163,75,HTTP Request,200,OK,Year-Language Query 4-3,text,true,,271,159,10,60,http://localhost:8080/search?q=love&year=1994&language=English,75,0,0
1782351934187,63,HTTP Request,200,OK,Year-Language Query 4-6,text,true,,271,159,10,60,http://localhost:8080/search?q=love&year=1994&language=English,63,0,0
1782351934176,74,HTTP Request,200,OK,Year-Language Query 4-8,text,true,,271,159,10,60,http://localhost:8080/search?q=love&year=1994&language=English,74,0,0
1782351934187,63,HTTP Request,200,OK,Year-Language Query 4-7,text,true,,271,159,10,60,http://localhost:8080/search?q=love&year=1994&language=English,63,0,0
1782351934221,64,HTTP Request,200,OK,Year-Language Query 4-2,text,true,,271,159,10,60,http://localhost:8080/search?q=love&year=1994&language=English,64,0,0
1782351934239,46,HTTP Request,200,OK,Year-Language Query 4-3,text,true,,271,159,10,60,http://localhost:8080/search?q=love&year=1994&language=English,46,0,0
1782351934222,70,HTTP Request,200,OK,Year-Language Query 4-1,text,true,,271,159,10,60,http://localhost:8080/search?q=love&year=1994&language=English,70,0,0
1782351934222,75,HTTP Request,200,OK,Year-Language Query 4-4,text,true,,271,159,10,60,http://localhost:8080/search?q=love&year=1994&language=English,75,0,0
1782351934229,69,HTTP Request,200,OK,Year-Language Query 4-5,text,true,,271,159,10,60,http://localhost:8080/search?q=love&year=1994&language=English,69,0,0
1782351934233,66,HTTP Request,200,OK,Year-Language Query 4-10,text,true,,271,159,10,60,http://localhost:8080/search?q=love&year=1994&language=English,66,0,0
1782351934233,75,HTTP Request,200,OK,Year-Language Query 4-9,text,true,,271,159,10,60,http://localhost:8080/search?q=love&year=1994&language=English,75,0,0
1782351934249,60,HTTP Request,200,OK,Year-Language Query 4-7,text,true,,271,159,10,60,http://localhost:8080/search?q=love&year=1994&language=English,60,0,0
1782351934250,59,HTTP Request,200,OK,Year-Language Query 4-8,text,true,,271,159,10,60,http://localhost:8080/search?q=love&year=1994&language=English,59,0,0
1782351934250,59,HTTP Request,200,OK,Year-Language Query 4-6,text,true,,271,159,10,60,http://localhost:8080/search?q=love&year=1994&language=English,59,0,0
1782351934284,56,HTTP Request,200,OK,Year-Language Query 4-3,text,true,,271,159,10,60,http://localhost:8080/search?q=love&year=1994&language=English,56,0,0
1782351934284,56,HTTP Request,200,OK,Year-Language Query 4-2,text,true,,271,159,10,60,http://localhost:8080/search?q=love&year=1994&language=English,56,0,0
1782351934291,50,HTTP Request,200,OK,Year-Language Query 4-1,text,true,,271,159,10,60,http://localhost:8080/search?q=love&year=1994&language=English,50,0,0
1782351934296,60,HTTP Request,200,OK,Year-Language Query 4-4,text,true,,271,159,10,60,http://localhost:8080/search?q=love&year=1994&language=English,60,0,0
1782351934298,60,HTTP Request,200,OK,Year-Language Query 4-10,text,true,,271,159,10,60,http://localhost:8080/search?q=love&year=1994&language=English,60,0,0
1782351934307,60,HTTP Request,200,OK,Year-Language Query 4-9,text,true,,271,159,10,60,http://localhost:8080/search?q=love&year=1994&language=English,60,0,0
1782351934297,78,HTTP Request,200,OK,Year-Language Query 4-5,text,true,,271,159,10,60,http://localhost:8080/search?q=love&year=1994&language=English,78,0,0
1782351934309,66,HTTP Request,200,OK,Year-Language Query 4-7,text,true,,271,159,10,60,http://localhost:8080/search?q=love&year=1994&language=English,66,0,0
1782351934309,66,HTTP Request,200,OK,Year-Language Query 4-8,text,true,,271,159,10,60,http://localhost:8080/search?q=love&year=1994&language=English,66,0,0
1782351934309,69,HTTP Request,200,OK,Year-Language Query 4-6,text,true,,271,159,10,60,http://localhost:8080/search?q=love&year=1994&language=English,69,0,0
1782351934340,59,HTTP Request,200,OK,Year-Language Query 4-2,text,true,,271,159,10,60,http://localhost:8080/search?q=love&year=1994&language=English,59,0,0
1782351934341,59,HTTP Request,200,OK,Year-Language Query 4-1,text,true,,271,159,10,60,http://localhost:8080/search?q=love&year=1994&language=English,59,0,0
1782351934340,60,HTTP Request,200,OK,Year-Language Query 4-3,text,true,,271,159,10,60,http://localhost:8080/search?q=love&year=1994&language=English,60,0,0
1782351934356,80,HTTP Request,200,OK,Year-Language Query 4-4,text,true,,271,159,10,60,http://localhost:8080/search?q=love&year=1994&language=English,80,0,0
1782351934358,85,HTTP Request,200,OK,Year-Language Query 4-10,text,true,,271,159,10,60,http://localhost:8080/search?q=love&year=1994&language=English,85,0,0
1782351934375,70,HTTP Request,200,OK,Year-Language Query 4-7,text,true,,271,159,10,60,http://localhost:8080/search?q=love&year=1994&language=English,70,0,0
1782351934375,85,HTTP Request,200,OK,Year-Language Query 4-8,text,true,,271,159,10,60,http://localhost:8080/search?q=love&year=1994&language=English,85,0,0
1782351934375,96,HTTP Request,200,OK,Year-Language Query 4-5,text,true,,271,159,10,60,http://localhost:8080/search?q=love&year=1994&language=English,96,0,0
1782351934379,92,HTTP Request,200,OK,Year-Language Query 4-6,text,true,,271,159,10,60,http://localhost:8080/search?q=love&year=1994&language=English,92,0,0
1782351934400,72,HTTP Request,200,OK,Year-Language Query 4-1,text,true,,271,159,10,60,http://localhost:8080/search?q=love&year=1994&language=English,72,0,0
1782351934367,105,HTTP Request,200,OK,Year-Language Query 4-9,text,true,,271,159,10,60,http://localhost:8080/search?q=love&year=1994&language=English,105,0,0
1782351934400,72,HTTP Request,200,OK,Year-Language Query 4-2,text,true,,271,159,10,60,http://localhost:8080/search?q=love&year=1994&language=English,72,0,0
1782351934400,72,HTTP Request,200,OK,Year-Language Query 4-3,text,true,,271,159,10,60,http://localhost:8080/search?q=love&year=1994&language=English,72,0,0
1782351934436,69,HTTP Request,200,OK,Year-Language Query 4-4,text,true,,271,159,10,60,http://localhost:8080/search?q=love&year=1994&language=English,69,0,0
1782351934443,62,HTTP Request,200,OK,Year-Language Query 4-10,text,true,,271,159,10,60,http://localhost:8080/search?q=love&year=1994&language=English,62,0,0
1782351934471,46,HTTP Request,200,OK,Year-Language Query 4-6,text,true,,271,159,10,60,http://localhost:8080/search?q=love&year=1994&language=English,46,0,0
1782351934460,57,HTTP Request,200,OK,Year-Language Query 4-8,text,true,,271,159,10,60,http://localhost:8080/search?q=love&year=1994&language=English,57,0,0
1782351934471,46,HTTP Request,200,OK,Year-Language Query 4-5,text,true,,271,159,10,60,http://localhost:8080/search?q=love&year=1994&language=English,46,0,0
1782351934445,72,HTTP Request,200,OK,Year-Language Query 4-7,text,true,,271,159,10,60,http://localhost:8080/search?q=love&year=1994&language=English,72,0,0
1782351934473,49,HTTP Request,200,OK,Year-Language Query 4-3,text,true,,271,159,10,60,http://localhost:8080/search?q=love&year=1994&language=English,49,0,0
1782351934472,50,HTTP Request,200,OK,Year-Language Query 4-1,text,true,,271,159,10,60,http://localhost:8080/search?q=love&year=1994&language=English,50,0,0
1782351934472,64,HTTP Request,200,OK,Year-Language Query 4-2,text,true,,271,159,10,60,http://localhost:8080/search?q=love&year=1994&language=English,64,0,0
1782351934472,64,HTTP Request,200,OK,Year-Language Query 4-9,text,true,,271,159,10,60,http://localhost:8080/search?q=love&year=1994&language=English,64,0,0
1782351934505,68,HTTP Request,200,OK,Year-Language Query 4-10,text,true,,271,159,10,60,http://localhost:8080/search?q=love&year=1994&language=English,68,0,0
1782351934517,62,HTTP Request,200,OK,Year-Language Query 4-5,text,true,,271,159,10,60,http://localhost:8080/search?q=love&year=1994&language=English,62,0,0
1782351934517,63,HTTP Request,200,OK,Year-Language Query 4-6,text,true,,271,159,10,60,http://localhost:8080/search?q=love&year=1994&language=English,63,0,0
1782351934517,65,HTTP Request,200,OK,Year-Language Query 4-8,text,true,,271,159,10,60,http://localhost:8080/search?q=love&year=1994&language=English,65,0,0
1782351934505,77,HTTP Request,200,OK,Year-Language Query 4-4,text,true,,271,159,10,60,http://localhost:8080/search?q=love&year=1994&language=English,77,0,0
1782351934517,69,HTTP Request,200,OK,Year-Language Query 4-7,text,true,,271,159,10,60,http://localhost:8080/search?q=love&year=1994&language=English,69,0,0
1782351934522,67,HTTP Request,200,OK,Year-Language Query 4-1,text,true,,271,159,10,60,http://localhost:8080/search?q=love&year=1994&language=English,67,0,0
1782351934536,53,HTTP Request,200,OK,Year-Language Query 4-9,text,true,,271,159,10,60,http://localhost:8080/search?q=love&year=1994&language=English,53,0,0
1782351934522,68,HTTP Request,200,OK,Year-Language Query 4-3,text,true,,271,159,10,60,http://localhost:8080/search?q=love&year=1994&language=English,68,0,0
1782351934536,65,HTTP Request,200,OK,Year-Language Query 4-2,text,true,,271,159,10,60,http://localhost:8080/search?q=love&year=1994&language=English,65,0,0
1782351934586,44,HTTP Request,200,OK,Year-Language Query 4-7,text,true,,271,159,10,60,http://localhost:8080/search?q=love&year=1994&language=English,44,0,0
1782351934580,54,HTTP Request,200,OK,Year-Language Query 4-6,text,true,,271,159,10,60,http://localhost:8080/search?q=love&year=1994&language=English,54,0,0
1782351934574,63,HTTP Request,200,OK,Year-Language Query 4-10,text,true,,271,159,10,60,http://localhost:8080/search?q=love&year=1994&language=English,63,0,0
1782351934589,48,HTTP Request,200,OK,Year-Language Query 4-1,text,true,,271,159,10,60,http://localhost:8080/search?q=love&year=1994&language=English,48,0,0
1782351934590,48,HTTP Request,200,OK,Year-Language Query 4-3,text,true,,271,159,10,60,http://localhost:8080/search?q=love&year=1994&language=English,48,0,0
1782351934582,58,HTTP Request,200,OK,Year-Language Query 4-8,text,true,,271,159,10,60,http://localhost:8080/search?q=love&year=1994&language=English,58,0,0
1782351934589,67,HTTP Request,200,OK,Year-Language Query 4-9,text,true,,271,159,10,60,http://localhost:8080/search?q=love&year=1994&language=English,67,0,0
1782351934579,80,HTTP Request,200,OK,Year-Language Query 4-5,text,true,,271,159,10,60,http://localhost:8080/search?q=love&year=1994&language=English,80,0,0
1782351934601,73,HTTP Request,200,OK,Year-Language Query 4-2,text,true,,271,159,10,60,http://localhost:8080/search?q=love&year=1994&language=English,73,0,0
1782351934582,105,HTTP Request,200,OK,Year-Language Query 4-4,text,true,,271,159,10,60,http://localhost:8080/search?q=love&year=1994&language=English,105,0,0
1782351934637,88,HTTP Request,200,OK,Year-Language Query 4-10,text,true,,271,159,10,60,http://localhost:8080/search?q=love&year=1994&language=English,88,0,0
1782351934638,88,HTTP Request,200,OK,Year-Language Query 4-1,text,true,,271,159,10,60,http://localhost:8080/search?q=love&year=1994&language=English,88,0,0
1782351934634,92,HTTP Request,200,OK,Year-Language Query 4-6,text,true,,271,159,10,60,http://localhost:8080/search?q=love&year=1994&language=English,92,0,0
1782351934640,86,HTTP Request,200,OK,Year-Language Query 4-8,text,true,,271,159,10,60,http://localhost:8080/search?q=love&year=1994&language=English,86,0,0
1782351934631,97,HTTP Request,200,OK,Year-Language Query 4-7,text,true,,271,159,10,60,http://localhost:8080/search?q=love&year=1994&language=English,97,0,0
1782351934638,103,HTTP Request,200,OK,Year-Language Query 4-3,text,true,,271,159,10,60,http://localhost:8080/search?q=love&year=1994&language=English,103,0,0
1782351934659,86,HTTP Request,200,OK,Year-Language Query 4-5,text,true,,271,159,10,60,http://localhost:8080/search?q=love&year=1994&language=English,86,0,0
1782351934657,102,HTTP Request,200,OK,Year-Language Query 4-9,text,true,,271,159,10,60,http://localhost:8080/search?q=love&year=1994&language=English,102,0,0
1782351934688,96,HTTP Request,200,OK,Year-Language Query 4-4,text,true,,271,159,10,60,http://localhost:8080/search?q=love&year=1994&language=English,96,0,0
1782351934726,64,HTTP Request,200,OK,Year-Language Query 4-6,text,true,,271,159,10,60,http://localhost:8080/search?q=love&year=1994&language=English,64,0,0
1782351934726,70,HTTP Request,200,OK,Year-Language Query 4-10,text,true,,271,159,10,60,http://localhost:8080/search?q=love&year=1994&language=English,70,0,0
1782351934675,129,HTTP Request,200,OK,Year-Language Query 4-2,text,true,,271,159,10,60,http://localhost:8080/search?q=love&year=1994&language=English,129,0,0
1782351934728,77,HTTP Request,200,OK,Year-Language Query 4-7,text,true,,271,159,10,60,http://localhost:8080/search?q=love&year=1994&language=English,77,0,0
1782351934726,80,HTTP Request,200,OK,Year-Language Query 4-8,text,true,,271,159,10,60,http://localhost:8080/search?q=love&year=1994&language=English,80,0,0
1782351934726,92,HTTP Request,200,OK,Year-Language Query 4-1,text,true,,271,159,10,60,http://localhost:8080/search?q=love&year=1994&language=English,92,0,0
1782351934741,78,HTTP Request,200,OK,Year-Language Query 4-3,text,true,,271,159,10,60,http://localhost:8080/search?q=love&year=1994&language=English,78,0,0
1782351934745,82,HTTP Request,200,OK,Year-Language Query 4-5,text,true,,271,159,10,60,http://localhost:8080/search?q=love&year=1994&language=English,82,0,0
1782351934760,69,HTTP Request,200,OK,Year-Language Query 4-9,text,true,,271,159,10,60,http://localhost:8080/search?q=love&year=1994&language=English,69,0,0
1782351934785,48,HTTP Request,200,OK,Year-Language Query 4-4,text,true,,271,159,10,60,http://localhost:8080/search?q=love&year=1994&language=English,48,0,0
1782351934797,55,HTTP Request,200,OK,Year-Language Query 4-10,text,true,,271,159,10,59,http://localhost:8080/search?q=love&year=1994&language=English,55,0,0
1782351934806,67,HTTP Request,200,OK,Year-Language Query 4-8,text,true,,271,159,10,59,http://localhost:8080/search?q=love&year=1994&language=English,67,0,0
1782351934804,72,HTTP Request,200,OK,Year-Language Query 4-2,text,true,,271,159,10,59,http://localhost:8080/search?q=love&year=1994&language=English,72,0,0
1782351934818,59,HTTP Request,200,OK,Year-Language Query 4-1,text,true,,271,159,10,59,http://localhost:8080/search?q=love&year=1994&language=English,59,0,0
1782351934829,49,HTTP Request,200,OK,Year-Language Query 4-9,text,true,,271,159,10,59,http://localhost:8080/search?q=love&year=1994&language=English,49,0,0
1782351934820,58,HTTP Request,200,OK,Year-Language Query 4-3,text,true,,271,159,10,59,http://localhost:8080/search?q=love&year=1994&language=English,58,0,0
1782351934805,76,HTTP Request,200,OK,Year-Language Query 4-7,text,true,,271,159,10,59,http://localhost:8080/search?q=love&year=1994&language=English,76,0,0
1782351934827,57,HTTP Request,200,OK,Year-Language Query 4-5,text,true,,271,159,10,59,http://localhost:8080/search?q=love&year=1994&language=English,57,0,0
1782351934791,93,HTTP Request,200,OK,Year-Language Query 4-6,text,true,,271,159,10,59,http://localhost:8080/search?q=love&year=1994&language=English,93,0,0
1782351934834,63,HTTP Request,200,OK,Year-Language Query 4-4,text,true,,271,159,10,59,http://localhost:8080/search?q=love&year=1994&language=English,63,0,0
1782351934852,49,HTTP Request,200,OK,Year-Language Query 4-10,text,true,,271,159,10,59,http://localhost:8080/search?q=love&year=1994&language=English,49,0,0
1782351934873,51,HTTP Request,200,OK,Year-Language Query 4-8,text,true,,271,159,10,59,http://localhost:8080/search?q=love&year=1994&language=English,51,0,0
1782351934877,49,HTTP Request,200,OK,Year-Language Query 4-2,text,true,,271,159,10,59,http://localhost:8080/search?q=love&year=1994&language=English,49,0,0
1782351934878,54,HTTP Request,200,OK,Year-Language Query 4-9,text,true,,271,159,10,59,http://localhost:8080/search?q=love&year=1994&language=English,54,0,0
1782351934877,55,HTTP Request,200,OK,Year-Language Query 4-1,text,true,,271,159,10,59,http://localhost:8080/search?q=love&year=1994&language=English,55,0,0
1782351934885,63,HTTP Request,200,OK,Year-Language Query 4-5,text,true,,271,159,10,59,http://localhost:8080/search?q=love&year=1994&language=English,63,0,0
1782351934878,78,HTTP Request,200,OK,Year-Language Query 4-3,text,true,,271,159,10,59,http://localhost:8080/search?q=love&year=1994&language=English,78,0,0
1782351934901,56,HTTP Request,200,OK,Year-Language Query 4-10,text,true,,271,159,10,59,http://localhost:8080/search?q=love&year=1994&language=English,56,0,0
1782351934897,64,HTTP Request,200,OK,Year-Language Query 4-4,text,true,,271,159,10,59,http://localhost:8080/search?q=love&year=1994&language=English,64,0,0
1782351934881,88,HTTP Request,200,OK,Year-Language Query 4-7,text,true,,271,159,10,59,http://localhost:8080/search?q=love&year=1994&language=English,88,0,0
1782351934924,46,HTTP Request,200,OK,Year-Language Query 4-8,text,true,,271,159,10,59,http://localhost:8080/search?q=love&year=1994&language=English,46,0,0
1782351934885,101,HTTP Request,200,OK,Year-Language Query 4-6,text,true,,271,159,10,59,http://localhost:8080/search?q=love&year=1994&language=English,101,0,0
1782351934927,60,HTTP Request,200,OK,Year-Language Query 4-2,text,true,,271,159,10,59,http://localhost:8080/search?q=love&year=1994&language=English,60,0,0
1782351934932,55,HTTP Request,200,OK,Year-Language Query 4-1,text,true,,271,159,10,59,http://localhost:8080/search?q=love&year=1994&language=English,55,0,0
1782351934932,76,HTTP Request,200,OK,Year-Language Query 4-9,text,true,,271,159,10,59,http://localhost:8080/search?q=love&year=1994&language=English,76,0,0
1782351934961,48,HTTP Request,200,OK,Year-Language Query 4-4,text,true,,271,159,10,59,http://localhost:8080/search?q=love&year=1994&language=English,48,0,0
1782351934948,69,HTTP Request,200,OK,Year-Language Query 4-5,text,true,,271,159,10,59,http://localhost:8080/search?q=love&year=1994&language=English,69,0,0
1782351934957,84,HTTP Request,200,OK,Year-Language Query 4-10,text,true,,271,159,10,59,http://localhost:8080/search?q=love&year=1994&language=English,84,0,0
1782351934956,86,HTTP Request,200,OK,Year-Language Query 4-3,text,true,,271,159,10,59,http://localhost:8080/search?q=love&year=1994&language=English,86,0,0
1782351934987,58,HTTP Request,200,OK,Year-Language Query 4-2,text,true,,271,159,10,59,http://localhost:8080/search?q=love&year=1994&language=English,58,0,0
1782351934986,59,HTTP Request,200,OK,Year-Language Query 4-6,text,true,,271,159,10,59,http://localhost:8080/search?q=love&year=1994&language=English,59,0,0
1782351934987,59,HTTP Request,200,OK,Year-Language Query 4-1,text,true,,271,159,10,59,http://localhost:8080/search?q=love&year=1994&language=English,59,0,0
1782351935008,43,HTTP Request,200,OK,Year-Language Query 4-9,text,true,,271,159,10,59,http://localhost:8080/search?q=love&year=1994&language=English,43,0,0
1782351934969,84,HTTP Request,200,OK,Year-Language Query 4-7,text,true,,271,159,10,59,http://localhost:8080/search?q=love&year=1994&language=English,84,0,0
1782351935009,44,HTTP Request,200,OK,Year-Language Query 4-4,text,true,,271,159,10,59,http://localhost:8080/search?q=love&year=1994&language=English,44,0,0
1782351934970,85,HTTP Request,200,OK,Year-Language Query 4-8,text,true,,271,159,10,59,http://localhost:8080/search?q=love&year=1994&language=English,85,0,0
1782351935017,44,HTTP Request,200,OK,Year-Language Query 4-5,text,true,,271,159,10,59,http://localhost:8080/search?q=love&year=1994&language=English,44,0,0
1782351935042,62,HTTP Request,200,OK,Year-Language Query 4-10,text,true,,271,159,10,59,http://localhost:8080/search?q=love&year=1994&language=English,62,0,0
1782351935046,66,HTTP Request,200,OK,Year-Language Query 4-1,text,true,,271,159,10,59,http://localhost:8080/search?q=love&year=1994&language=English,66,0,0
1782351935045,67,HTTP Request,200,OK,Year-Language Query 4-6,text,true,,271,159,10,59,http://localhost:8080/search?q=love&year=1994&language=English,67,0,0
1782351935062,51,HTTP Request,200,OK,Year-Language Query 4-5,text,true,,271,159,10,59,http://localhost:8080/search?q=love&year=1994&language=English,51,0,0
1782351935045,95,HTTP Request,200,OK,Year-Language Query 4-2,text,true,,271,159,10,59,http://localhost:8080/search?q=love&year=1994&language=English,95,0,0
1782351935053,91,HTTP Request,200,OK,Year-Language Query 4-7,text,true,,271,159,10,59,http://localhost:8080/search?q=love&year=1994&language=English,91,0,0
1782351935042,102,HTTP Request,200,OK,Year-Language Query 4-3,text,true,,271,159,10,59,http://localhost:8080/search?q=love&year=1994&language=English,102,0,0
1782351935051,94,HTTP Request,200,OK,Year-Language Query 4-9,text,true,,271,159,10,59,http://localhost:8080/search?q=love&year=1994&language=English,94,0,0
1782351935055,91,HTTP Request,200,OK,Year-Language Query 4-8,text,true,,271,159,10,59,http://localhost:8080/search?q=love&year=1994&language=English,91,0,0
1782351935054,92,HTTP Request,200,OK,Year-Language Query 4-4,text,true,,271,159,10,59,http://localhost:8080/search?q=love&year=1994&language=English,92,0,0
1782351935112,98,HTTP Request,200,OK,Year-Language Query 4-6,text,true,,271,159,10,58,http://localhost:8080/search?q=love&year=1994&language=English,98,0,0
1782351935112,100,HTTP Request,200,OK,Year-Language Query 4-1,text,true,,271,159,10,58,http://localhost:8080/search?q=love&year=1994&language=English,100,0,0
1782351935104,114,HTTP Request,200,OK,Year-Language Query 4-10,text,true,,271,159,10,58,http://localhost:8080/search?q=love&year=1994&language=English,114,0,0
1782351935114,108,HTTP Request,200,OK,Year-Language Query 4-5,text,true,,271,159,10,58,http://localhost:8080/search?q=love&year=1994&language=English,108,0,0
1782351935146,92,HTTP Request,200,OK,Year-Language Query 4-4,text,true,,271,159,10,58,http://localhost:8080/search?q=love&year=1994&language=English,92,0,0
1782351935144,95,HTTP Request,200,OK,Year-Language Query 4-3,text,true,,271,159,10,58,http://localhost:8080/search?q=love&year=1994&language=English,95,0,0
1782351935144,95,HTTP Request,200,OK,Year-Language Query 4-7,text,true,,271,159,10,58,http://localhost:8080/search?q=love&year=1994&language=English,95,0,0
1782351935146,93,HTTP Request,200,OK,Year-Language Query 4-8,text,true,,271,159,10,58,http://localhost:8080/search?q=love&year=1994&language=English,93,0,0
1782351935140,99,HTTP Request,200,OK,Year-Language Query 4-2,text,true,,271,159,10,58,http://localhost:8080/search?q=love&year=1994&language=English,99,0,0
1782351935145,115,HTTP Request,200,OK,Year-Language Query 4-9,text,true,,271,159,10,58,http://localhost:8080/search?q=love&year=1994&language=English,115,0,0
1782351935212,76,HTTP Request,200,OK,Year-Language Query 4-1,text,true,,271,159,10,58,http://localhost:8080/search?q=love&year=1994&language=English,76,0,0
1782351935211,78,HTTP Request,200,OK,Year-Language Query 4-6,text,true,,271,159,10,58,http://localhost:8080/search?q=love&year=1994&language=English,78,0,0
1782351935239,56,HTTP Request,200,OK,Year-Language Query 4-3,text,true,,271,159,10,58,http://localhost:8080/search?q=love&year=1994&language=English,56,0,0
1782351935222,73,HTTP Request,200,OK,Year-Language Query 4-5,text,true,,271,159,10,58,http://localhost:8080/search?q=love&year=1994&language=English,73,0,0
1782351935239,58,HTTP Request,200,OK,Year-Language Query 4-7,text,true,,271,159,10,58,http://localhost:8080/search?q=love&year=1994&language=English,58,0,0
1782351935218,84,HTTP Request,200,OK,Year-Language Query 4-10,text,true,,271,159,10,58,http://localhost:8080/search?q=love&year=1994&language=English,84,0,0
1782351935239,69,HTTP Request,200,OK,Year-Language Query 4-2,text,true,,271,159,10,58,http://localhost:8080/search?q=love&year=1994&language=English,69,0,0
1782351935238,72,HTTP Request,200,OK,Year-Language Query 4-4,text,true,,271,159,10,58,http://localhost:8080/search?q=love&year=1994&language=English,72,0,0
1782351935239,75,HTTP Request,200,OK,Year-Language Query 4-8,text,true,,271,159,10,58,http://localhost:8080/search?q=love&year=1994&language=English,75,0,0
1782351935260,74,HTTP Request,200,OK,Year-Language Query 4-9,text,true,,271,159,10,58,http://localhost:8080/search?q=love&year=1994&language=English,74,0,0
1782351935290,67,HTTP Request,200,OK,Year-Language Query 4-6,text,true,,271,159,10,58,http://localhost:8080/search?q=love&year=1994&language=English,67,0,0
1782351935296,64,HTTP Request,200,OK,Year-Language Query 4-5,text,true,,271,159,10,58,http://localhost:8080/search?q=love&year=1994&language=English,64,0,0
1782351935308,57,HTTP Request,200,OK,Year-Language Query 4-2,text,true,,271,159,10,58,http://localhost:8080/search?q=love&year=1994&language=English,57,0,0
1782351935302,70,HTTP Request,200,OK,Year-Language Query 4-10,text,true,,271,159,10,58,http://localhost:8080/search?q=love&year=1994&language=English,70,0,0
1782351935297,76,HTTP Request,200,OK,Year-Language Query 4-7,text,true,,271,159,10,58,http://localhost:8080/search?q=love&year=1994&language=English,76,0,0
1782351935295,79,HTTP Request,200,OK,Year-Language Query 4-3,text,true,,271,159,10,58,http://localhost:8080/search?q=love&year=1994&language=English,79,0,0
1782351935289,85,HTTP Request,200,OK,Year-Language Query 4-1,text,true,,271,159,10,58,http://localhost:8080/search?q=love&year=1994&language=English,85,0,0
1782351935310,67,HTTP Request,200,OK,Year-Language Query 4-4,text,true,,271,159,10,58,http://localhost:8080/search?q=love&year=1994&language=English,67,0,0
1782351935315,70,HTTP Request,200,OK,Year-Language Query 4-8,text,true,,271,159,10,58,http://localhost:8080/search?q=love&year=1994&language=English,70,0,0
1782351935334,61,HTTP Request,200,OK,Year-Language Query 4-9,text,true,,271,159,10,58,http://localhost:8080/search?q=love&year=1994&language=English,61,0,0
1782351935360,66,HTTP Request,200,OK,Year-Language Query 4-5,text,true,,271,159,10,58,http://localhost:8080/search?q=love&year=1994&language=English,66,0,0
1782351935358,69,HTTP Request,200,OK,Year-Language Query 4-6,text,true,,271,159,10,58,http://localhost:8080/search?q=love&year=1994&language=English,69,0,0
1782351935368,67,HTTP Request,200,OK,Year-Language Query 4-2,text,true,,271,159,10,58,http://localhost:8080/search?q=love&year=1994&language=English,67,0,0
1782351935375,68,HTTP Request,200,OK,Year-Language Query 4-1,text,true,,271,159,10,58,http://localhost:8080/search?q=love&year=1994&language=English,68,0,0
1782351935377,67,HTTP Request,200,OK,Year-Language Query 4-4,text,true,,271,159,10,58,http://localhost:8080/search?q=love&year=1994&language=English,67,0,0
1782351935373,73,HTTP Request,200,OK,Year-Language Query 4-10,text,true,,271,159,10,58,http://localhost:8080/search?q=love&year=1994&language=English,73,0,0
1782351935385,64,HTTP Request,200,OK,Year-Language Query 4-8,text,true,,271,159,10,58,http://localhost:8080/search?q=love&year=1994&language=English,64,0,0
1782351935375,75,HTTP Request,200,OK,Year-Language Query 4-3,text,true,,271,159,10,58,http://localhost:8080/search?q=love&year=1994&language=English,75,0,0
1782351935373,78,HTTP Request,200,OK,Year-Language Query 4-7,text,true,,271,159,10,58,http://localhost:8080/search?q=love&year=1994&language=English,78,0,0
1782351935395,59,HTTP Request,200,OK,Year-Language Query 4-9,text,true,,271,159,10,58,http://localhost:8080/search?q=love&year=1994&language=English,59,0,0
1782351935427,42,HTTP Request,200,OK,Year-Language Query 4-6,text,true,,271,159,10,58,http://localhost:8080/search?q=love&year=1994&language=English,42,0,0
1782351935426,53,HTTP Request,200,OK,Year-Language Query 4-5,text,true,,271,159,10,58,http://localhost:8080/search?q=love&year=1994&language=English,53,0,0
1782351935436,47,HTTP Request,200,OK,Year-Language Query 4-2,text,true,,271,159,10,58,http://localhost:8080/search?q=love&year=1994&language=English,47,0,0
1782351935446,57,HTTP Request,200,OK,Year-Language Query 4-10,text,true,,271,159,10,58,http://localhost:8080/search?q=love&year=1994&language=English,57,0,0
1782351935443,60,HTTP Request,200,OK,Year-Language Query 4-1,text,true,,271,159,10,58,http://localhost:8080/search?q=love&year=1994&language=English,60,0,0
1782351935470,44,HTTP Request,200,OK,Year-Language Query 4-6,text,true,,271,159,10,58,http://localhost:8080/search?q=love&year=1994&language=English,44,0,0
1782351935444,75,HTTP Request,200,OK,Year-Language Query 4-4,text,true,,271,159,10,58,http://localhost:8080/search?q=love&year=1994&language=English,75,0,0
1782351935454,71,HTTP Request,200,OK,Year-Language Query 4-9,text,true,,271,159,10,58,http://localhost:8080/search?q=love&year=1994&language=English,71,0,0
1782351935450,75,HTTP Request,200,OK,Year-Language Query 4-3,text,true,,271,159,10,58,http://localhost:8080/search?q=love&year=1994&language=English,75,0,0
1782351935449,76,HTTP Request,200,OK,Year-Language Query 4-8,text,true,,271,159,10,58,http://localhost:8080/search?q=love&year=1994&language=English,76,0,0
1782351935479,46,HTTP Request,200,OK,Year-Language Query 4-5,text,true,,271,159,10,58,http://localhost:8080/search?q=love&year=1994&language=English,46,0,0
1782351935451,75,HTTP Request,200,OK,Year-Language Query 4-7,text,true,,271,159,10,58,http://localhost:8080/search?q=love&year=1994&language=English,75,0,0
1782351935483,50,HTTP Request,200,OK,Year-Language Query 4-2,text,true,,271,159,10,58,http://localhost:8080/search?q=love&year=1994&language=English,50,0,0
1782351935503,59,HTTP Request,200,OK,Year-Language Query 4-1,text,true,,271,159,10,58,http://localhost:8080/search?q=love&year=1994&language=English,59,0,0
1782351935514,51,HTTP Request,200,OK,Year-Language Query 4-6,text,true,,271,159,10,58,http://localhost:8080/search?q=love&year=1994&language=English,51,0,0
1782351935525,45,HTTP Request,200,OK,Year-Language Query 4-9,text,true,,271,159,10,58,http://localhost:8080/search?q=love&year=1994&language=English,45,0,0
1782351935503,67,HTTP Request,200,OK,Year-Language Query 4-10,text,true,,271,159,10,58,http://localhost:8080/search?q=love&year=1994&language=English,67,0,0
1782351935526,50,HTTP Request,200,OK,Year-Language Query 4-5,text,true,,271,159,10,58,http://localhost:8080/search?q=love&year=1994&language=English,50,0,0
1782351935525,52,HTTP Request,200,OK,Year-Language Query 4-3,text,true,,271,159,10,58,http://localhost:8080/search?q=love&year=1994&language=English,52,0,0
1782351935519,63,HTTP Request,200,OK,Year-Language Query 4-4,text,true,,271,159,10,58,http://localhost:8080/search?q=love&year=1994&language=English,63,0,0
1782351935525,57,HTTP Request,200,OK,Year-Language Query 4-8,text,true,,271,159,10,58,http://localhost:8080/search?q=love&year=1994&language=English,57,0,0
1782351935526,56,HTTP Request,200,OK,Year-Language Query 4-7,text,true,,271,159,10,58,http://localhost:8080/search?q=love&year=1994&language=English,56,0,0
1782351935533,49,HTTP Request,200,OK,Year-Language Query 4-2,text,true,,271,159,10,58,http://localhost:8080/search?q=love&year=1994&language=English,49,0,0
1782351935562,48,HTTP Request,200,OK,Year-Language Query 4-1,text,true,,271,159,10,58,http://localhost:8080/search?q=love&year=1994&language=English,48,0,0
1782351935576,40,HTTP Request,200,OK,Year-Language Query 4-5,text,true,,271,159,10,58,http://localhost:8080/search?q=love&year=1994&language=English,40,0,0
1782351935565,54,HTTP Request,200,OK,Year-Language Query 4-6,text,true,,271,159,10,58,http://localhost:8080/search?q=love&year=1994&language=English,54,0,0
1782351935570,49,HTTP Request,200,OK,Year-Language Query 4-9,text,true,,271,159,10,58,http://localhost:8080/search?q=love&year=1994&language=English,49,0,0
1782351935570,53,HTTP Request,200,OK,Year-Language Query 4-10,text,true,,271,159,10,58,http://localhost:8080/search?q=love&year=1994&language=English,53,0,0
1782351935582,47,HTTP Request,200,OK,Year-Language Query 4-8,text,true,,271,159,10,58,http://localhost:8080/search?q=love&year=1994&language=English,47,0,0
1782351935577,54,HTTP Request,200,OK,Year-Language Query 4-3,text,true,,271,159,10,58,http://localhost:8080/search?q=love&year=1994&language=English,54,0,0
1782351935583,68,HTTP Request,200,OK,Year-Language Query 4-2,text,true,,271,159,10,58,http://localhost:8080/search?q=love&year=1994&language=English,68,0,0
1782351935582,78,HTTP Request,200,OK,Year-Language Query 4-4,text,true,,271,159,10,58,http://localhost:8080/search?q=love&year=1994&language=English,78,0,0
1782351935582,81,HTTP Request,200,OK,Year-Language Query 4-7,text,true,,271,159,10,58,http://localhost:8080/search?q=love&year=1994&language=English,81,0,0
1782351935616,58,HTTP Request,200,OK,Year-Language Query 4-5,text,true,,271,159,10,58,http://localhost:8080/search?q=love&year=1994&language=English,58,0,0
1782351935610,67,HTTP Request,200,OK,Year-Language Query 4-1,text,true,,271,159,10,58,http://localhost:8080/search?q=love&year=1994&language=English,67,0,0
1782351935619,59,HTTP Request,200,OK,Year-Language Query 4-6,text,true,,271,159,10,58,http://localhost:8080/search?q=love&year=1994&language=English,59,0,0
1782351935619,59,HTTP Request,200,OK,Year-Language Query 4-9,text,true,,271,159,10,58,http://localhost:8080/search?q=love&year=1994&language=English,59,0,0
1782351935629,71,HTTP Request,200,OK,Year-Language Query 4-8,text,true,,271,159,10,58,http://localhost:8080/search?q=love&year=1994&language=English,71,0,0
1782351935623,85,HTTP Request,200,OK,Year-Language Query 4-10,text,true,,271,159,10,58,http://localhost:8080/search?q=love&year=1994&language=English,85,0,0
1782351935631,78,HTTP Request,200,OK,Year-Language Query 4-3,text,true,,271,159,10,58,http://localhost:8080/search?q=love&year=1994&language=English,78,0,0
1782351935651,66,HTTP Request,200,OK,Year-Language Query 4-2,text,true,,271,159,10,58,http://localhost:8080/search?q=love&year=1994&language=English,66,0,0
1782351935663,61,HTTP Request,200,OK,Year-Language Query 4-7,text,true,,271,159,10,58,http://localhost:8080/search?q=love&year=1994&language=English,61,0,0
1782351935678,48,HTTP Request,200,OK,Year-Language Query 4-6,text,true,,271,159,10,58,http://localhost:8080/search?q=love&year=1994&language=English,48,0,0
1782351935677,60,HTTP Request,200,OK,Year-Language Query 4-1,text,true,,271,159,10,58,http://localhost:8080/search?q=love&year=1994&language=English,60,0,0
1782351935678,65,HTTP Request,200,OK,Year-Language Query 4-9,text,true,,271,159,10,58,http://localhost:8080/search?q=love&year=1994&language=English,65,0,0
1782351935675,72,HTTP Request,200,OK,Year-Language Query 4-5,text,true,,271,159,10,58,http://localhost:8080/search?q=love&year=1994&language=English,72,0,0
1782351935661,91,HTTP Request,200,OK,Year-Language Query 4-4,text,true,,271,159,10,58,http://localhost:8080/search?q=love&year=1994&language=English,91,0,0
1782351935700,61,HTTP Request,200,OK,Year-Language Query 4-8,text,true,,271,159,10,58,http://localhost:8080/search?q=love&year=1994&language=English,61,0,0
1782351935708,59,HTTP Request,200,OK,Year-Language Query 4-10,text,true,,271,159,10,58,http://localhost:8080/search?q=love&year=1994&language=English,59,0,0
1782351935709,58,HTTP Request,200,OK,Year-Language Query 4-3,text,true,,271,159,10,58,http://localhost:8080/search?q=love&year=1994&language=English,58,0,0
1782351935717,51,HTTP Request,200,OK,Year-Language Query 4-2,text,true,,271,159,10,58,http://localhost:8080/search?q=love&year=1994&language=English,51,0,0
1782351935744,39,HTTP Request,200,OK,Year-Language Query 4-9,text,true,,271,159,10,58,http://localhost:8080/search?q=love&year=1994&language=English,39,0,0
1782351935737,53,HTTP Request,200,OK,Year-Language Query 4-1,text,true,,271,159,10,58,http://localhost:8080/search?q=love&year=1994&language=English,53,0,0
1782351935727,64,HTTP Request,200,OK,Year-Language Query 4-6,text,true,,271,159,10,58,http://localhost:8080/search?q=love&year=1994&language=English,64,0,0
1782351935724,68,HTTP Request,200,OK,Year-Language Query 4-7,text,true,,271,159,10,58,http://localhost:8080/search?q=love&year=1994&language=English,68,0,0
1782351935752,51,HTTP Request,200,OK,Year-Language Query 4-4,text,true,,271,159,10,58,http://localhost:8080/search?q=love&year=1994&language=English,51,0,0
1782351935761,42,HTTP Request,200,OK,Year-Language Query 4-8,text,true,,271,159,10,58,http://localhost:8080/search?q=love&year=1994&language=English,42,0,0
1782351935747,60,HTTP Request,200,OK,Year-Language Query 4-5,text,true,,271,159,10,58,http://localhost:8080/search?q=love&year=1994&language=English,60,0,0
1782351935767,48,HTTP Request,200,OK,Year-Language Query 4-10,text,true,,271,159,10,58,http://localhost:8080/search?q=love&year=1994&language=English,48,0,0
1782351935767,50,HTTP Request,200,OK,Year-Language Query 4-3,text,true,,271,159,10,58,http://localhost:8080/search?q=love&year=1994&language=English,50,0,0
1782351935769,48,HTTP Request,200,OK,Year-Language Query 4-2,text,true,,271,159,10,58,http://localhost:8080/search?q=love&year=1994&language=English,48,0,0
1782351935791,53,HTTP Request,200,OK,Year-Language Query 4-6,text,true,,271,159,10,58,http://localhost:8080/search?q=love&year=1994&language=English,53,0,0
1782351935784,70,HTTP Request,200,OK,Year-Language Query 4-9,text,true,,271,159,10,58,http://localhost:8080/search?q=love&year=1994&language=English,70,0,0
1782351935791,72,HTTP Request,200,OK,Year-Language Query 4-1,text,true,,271,159,10,58,http://localhost:8080/search?q=love&year=1994&language=English,72,0,0
1782351935793,71,HTTP Request,200,OK,Year-Language Query 4-7,text,true,,271,159,10,58,http://localhost:8080/search?q=love&year=1994&language=English,71,0,0
1782351935803,61,HTTP Request,200,OK,Year-Language Query 4-4,text,true,,271,159,10,58,http://localhost:8080/search?q=love&year=1994&language=English,61,0,0
1782351935803,63,HTTP Request,200,OK,Year-Language Query 4-8,text,true,,271,159,9,57,http://localhost:8080/search?q=love&year=1994&language=English,63,0,0
1782351935816,50,HTTP Request,200,OK,Year-Language Query 4-10,text,true,,271,159,9,57,http://localhost:8080/search?q=love&year=1994&language=English,50,0,0
1782351935817,64,HTTP Request,200,OK,Year-Language Query 4-2,text,true,,271,159,9,57,http://localhost:8080/search?q=love&year=1994&language=English,64,0,0
1782351935817,70,HTTP Request,200,OK,Year-Language Query 4-3,text,true,,271,159,9,57,http://localhost:8080/search?q=love&year=1994&language=English,70,0,0
1782351935808,83,HTTP Request,200,OK,Year-Language Query 4-5,text,true,,271,159,9,57,http://localhost:8080/search?q=love&year=1994&language=English,83,0,0
1782351935845,46,HTTP Request,200,OK,Year-Language Query 4-6,text,true,,271,159,9,57,http://localhost:8080/search?q=love&year=1994&language=English,46,0,0
1782351935854,82,HTTP Request,200,OK,Year-Language Query 4-9,text,true,,271,159,9,57,http://localhost:8080/search?q=love&year=1994&language=English,82,0,0
1782351935863,73,HTTP Request,200,OK,Year-Language Query 4-1,text,true,,271,159,9,57,http://localhost:8080/search?q=love&year=1994&language=English,73,0,0
1782351935881,72,HTTP Request,200,OK,Year-Language Query 4-2,text,true,,271,159,9,57,http://localhost:8080/search?q=love&year=1994&language=English,72,0,0
1782351935866,88,HTTP Request,200,OK,Year-Language Query 4-8,text,true,,271,159,9,57,http://localhost:8080/search?q=love&year=1994&language=English,88,0,0
1782351935891,66,HTTP Request,200,OK,Year-Language Query 4-6,text,true,,271,159,9,57,http://localhost:8080/search?q=love&year=1994&language=English,66,0,0
1782351935891,67,HTTP Request,200,OK,Year-Language Query 4-5,text,true,,271,159,9,57,http://localhost:8080/search?q=love&year=1994&language=English,67,0,0
1782351935888,76,HTTP Request,200,OK,Year-Language Query 4-3,text,true,,271,159,9,57,http://localhost:8080/search?q=love&year=1994&language=English,76,0,0
1782351935864,101,HTTP Request,200,OK,Year-Language Query 4-7,text,true,,271,159,9,57,http://localhost:8080/search?q=love&year=1994&language=English,101,0,0
1782351935867,106,HTTP Request,200,OK,Year-Language Query 4-10,text,true,,271,159,9,57,http://localhost:8080/search?q=love&year=1994&language=English,106,0,0
1782351935936,57,HTTP Request,200,OK,Year-Language Query 4-1,text,true,,271,159,9,57,http://localhost:8080/search?q=love&year=1994&language=English,57,0,0
1782351935936,69,HTTP Request,200,OK,Year-Language Query 4-9,text,true,,271,159,9,57,http://localhost:8080/search?q=love&year=1994&language=English,69,0,0
1782351935954,56,HTTP Request,200,OK,Year-Language Query 4-8,text,true,,271,159,9,57,http://localhost:8080/search?q=love&year=1994&language=English,56,0,0
1782351935953,57,HTTP Request,200,OK,Year-Language Query 4-2,text,true,,271,159,9,57,http://localhost:8080/search?q=love&year=1994&language=English,57,0,0
1782351935958,69,HTTP Request,200,OK,Year-Language Query 4-6,text,true,,271,159,9,57,http://localhost:8080/search?q=love&year=1994&language=English,69,0,0
1782351935973,55,HTTP Request,200,OK,Year-Language Query 4-10,text,true,,271,159,9,57,http://localhost:8080/search?q=love&year=1994&language=English,55,0,0
1782351935965,65,HTTP Request,200,OK,Year-Language Query 4-3,text,true,,271,159,9,57,http://localhost:8080/search?q=love&year=1994&language=English,65,0,0
1782351935965,67,HTTP Request,200,OK,Year-Language Query 4-7,text,true,,271,159,9,57,http://localhost:8080/search?q=love&year=1994&language=English,67,0,0
1782351935958,79,HTTP Request,200,OK,Year-Language Query 4-5,text,true,,271,159,9,57,http://localhost:8080/search?q=love&year=1994&language=English,79,0,0
1782351935993,63,HTTP Request,200,OK,Year-Language Query 4-1,text,true,,271,159,9,57,http://localhost:8080/search?q=love&year=1994&language=English,63,0,0
1782351936005,60,HTTP Request,200,OK,Year-Language Query 4-9,text,true,,271,159,9,57,http://localhost:8080/search?q=love&year=1994&language=English,60,0,0
1782351936010,59,HTTP Request,200,OK,Year-Language Query 4-8,text,true,,271,159,9,57,http://localhost:8080/search?q=love&year=1994&language=English,59,0,0
1782351936028,56,HTTP Request,200,OK,Year-Language Query 4-10,text,true,,271,159,9,57,http://localhost:8080/search?q=love&year=1994&language=English,56,0,0
1782351936010,74,HTTP Request,200,OK,Year-Language Query 4-2,text,true,,271,159,9,57,http://localhost:8080/search?q=love&year=1994&language=English,74,0,0
1782351936038,46,HTTP Request,200,OK,Year-Language Query 4-5,text,true,,271,159,9,57,http://localhost:8080/search?q=love&year=1994&language=English,46,0,0
1782351936028,56,HTTP Request,200,OK,Year-Language Query 4-6,text,true,,271,159,9,57,http://localhost:8080/search?q=love&year=1994&language=English,56,0,0
1782351936032,52,HTTP Request,200,OK,Year-Language Query 4-7,text,true,,271,159,9,57,http://localhost:8080/search?q=love&year=1994&language=English,52,0,0
1782351936030,61,HTTP Request,200,OK,Year-Language Query 4-3,text,true,,271,159,9,57,http://localhost:8080/search?q=love&year=1994&language=English,61,0,0
1782351936056,49,HTTP Request,200,OK,Year-Language Query 4-1,text,true,,271,159,9,57,http://localhost:8080/search?q=love&year=1994&language=English,49,0,0
1782351936069,42,HTTP Request,200,OK,Year-Language Query 4-8,text,true,,271,159,9,57,http://localhost:8080/search?q=love&year=1994&language=English,42,0,0
1782351936066,52,HTTP Request,200,OK,Year-Language Query 4-9,text,true,,271,159,9,57,http://localhost:8080/search?q=love&year=1994&language=English,52,0,0
1782351936084,56,HTTP Request,200,OK,Year-Language Query 4-7,text,true,,271,159,9,57,http://localhost:8080/search?q=love&year=1994&language=English,56,0,0
1782351936105,41,HTTP Request,200,OK,Year-Language Query 4-1,text,true,,271,159,9,57,http://localhost:8080/search?q=love&year=1994&language=English,41,0,0
1782351936084,75,HTTP Request,200,OK,Year-Language Query 4-2,text,true,,271,159,9,57,http://localhost:8080/search?q=love&year=1994&language=English,75,0,0
1782351936084,82,HTTP Request,200,OK,Year-Language Query 4-10,text,true,,271,159,9,57,http://localhost:8080/search?q=love&year=1994&language=English,82,0,0
1782351936091,82,HTTP Request,200,OK,Year-Language Query 4-3,text,true,,271,159,9,57,http://localhost:8080/search?q=love&year=1994&language=English,82,0,0
1782351936084,90,HTTP Request,200,OK,Year-Language Query 4-6,text,true,,271,159,9,57,http://localhost:8080/search?q=love&year=1994&language=English,90,0,0
1782351936084,93,HTTP Request,200,OK,Year-Language Query 4-5,text,true,,271,159,9,57,http://localhost:8080/search?q=love&year=1994&language=English,93,0,0
1782351936118,67,HTTP Request,200,OK,Year-Language Query 4-9,text,true,,271,159,9,57,http://localhost:8080/search?q=love&year=1994&language=English,67,0,0
1782351936112,74,HTTP Request,200,OK,Year-Language Query 4-8,text,true,,271,159,9,57,http://localhost:8080/search?q=love&year=1994&language=English,74,0,0
1782351936146,73,HTTP Request,200,OK,Year-Language Query 4-1,text,true,,271,159,9,57,http://localhost:8080/search?q=love&year=1994&language=English,73,0,0
1782351936140,80,HTTP Request,200,OK,Year-Language Query 4-7,text,true,,271,159,9,57,http://localhost:8080/search?q=love&year=1994&language=English,80,0,0
1782351936166,70,HTTP Request,200,OK,Year-Language Query 4-10,text,true,,271,159,9,57,http://localhost:8080/search?q=love&year=1994&language=English,70,0,0
1782351936174,64,HTTP Request,200,OK,Year-Language Query 4-3,text,true,,271,159,9,57,http://localhost:8080/search?q=love&year=1994&language=English,64,0,0
1782351936174,65,HTTP Request,200,OK,Year-Language Query 4-6,text,true,,271,159,9,57,http://localhost:8080/search?q=love&year=1994&language=English,65,0,0
1782351936186,58,HTTP Request,200,OK,Year-Language Query 4-8,text,true,,271,159,9,57,http://localhost:8080/search?q=love&year=1994&language=English,58,0,0
1782351936177,69,HTTP Request,200,OK,Year-Language Query 4-5,text,true,,271,159,9,57,http://localhost:8080/search?q=love&year=1994&language=English,69,0,0
1782351936159,90,HTTP Request,200,OK,Year-Language Query 4-2,text,true,,271,159,9,57,http://localhost:8080/search?q=love&year=1994&language=English,90,0,0
1782351936185,93,HTTP Request,200,OK,Year-Language Query 4-9,text,true,,271,159,9,57,http://localhost:8080/search?q=love&year=1994&language=English,93,0,0
1782351936220,95,HTTP Request,200,OK,Year-Language Query 4-7,text,true,,271,159,9,57,http://localhost:8080/search?q=love&year=1994&language=English,95,0,0
1782351936246,80,HTTP Request,200,OK,Year-Language Query 4-5,text,true,,271,159,9,57,http://localhost:8080/search?q=love&year=1994&language=English,80,0,0
1782351936236,92,HTTP Request,200,OK,Year-Language Query 4-10,text,true,,271,159,9,57,http://localhost:8080/search?q=love&year=1994&language=English,92,0,0
1782351936238,90,HTTP Request,200,OK,Year-Language Query 4-3,text,true,,271,159,9,57,http://localhost:8080/search?q=love&year=1994&language=English,90,0,0
1782351936219,110,HTTP Request,200,OK,Year-Language Query 4-1,text,true,,271,159,9,57,http://localhost:8080/search?q=love&year=1994&language=English,110,0,0
1782351936244,86,HTTP Request,200,OK,Year-Language Query 4-8,text,true,,271,159,9,57,http://localhost:8080/search?q=love&year=1994&language=English,86,0,0
1782351936239,93,HTTP Request,200,OK,Year-Language Query 4-6,text,true,,271,159,9,57,http://localhost:8080/search?q=love&year=1994&language=English,93,0,0
1782351936250,95,HTTP Request,200,OK,Year-Language Query 4-2,text,true,,271,159,9,57,http://localhost:8080/search?q=love&year=1994&language=English,95,0,0
1782351936278,78,HTTP Request,200,OK,Year-Language Query 4-9,text,true,,271,159,9,57,http://localhost:8080/search?q=love&year=1994&language=English,78,0,0
1782351936326,55,HTTP Request,200,OK,Year-Language Query 4-5,text,true,,271,159,9,57,http://localhost:8080/search?q=love&year=1994&language=English,55,0,0
1782351936333,48,HTTP Request,200,OK,Year-Language Query 4-6,text,true,,271,159,9,57,http://localhost:8080/search?q=love&year=1994&language=English,48,0,0
1782351936330,53,HTTP Request,200,OK,Year-Language Query 4-8,text,true,,271,159,9,57,http://localhost:8080/search?q=love&year=1994&language=English,53,0,0
1782351936329,55,HTTP Request,200,OK,Year-Language Query 4-1,text,true,,271,159,9,57,http://localhost:8080/search?q=love&year=1994&language=English,55,0,0
1782351936316,69,HTTP Request,200,OK,Year-Language Query 4-7,text,true,,271,159,9,57,http://localhost:8080/search?q=love&year=1994&language=English,69,0,0
1782351936345,49,HTTP Request,200,OK,Year-Language Query 4-2,text,true,,271,159,9,57,http://localhost:8080/search?q=love&year=1994&language=English,49,0,0
1782351936328,68,HTTP Request,200,OK,Year-Language Query 4-10,text,true,,271,159,9,57,http://localhost:8080/search?q=love&year=1994&language=English,68,0,0
1782351936356,54,HTTP Request,200,OK,Year-Language Query 4-9,text,true,,271,159,9,57,http://localhost:8080/search?q=love&year=1994&language=English,54,0,0
1782351936328,83,HTTP Request,200,OK,Year-Language Query 4-3,text,true,,271,159,9,57,http://localhost:8080/search?q=love&year=1994&language=English,83,0,0
1782351936381,61,HTTP Request,200,OK,Year-Language Query 4-5,text,true,,271,159,9,57,http://localhost:8080/search?q=love&year=1994&language=English,61,0,0
1782351936396,53,HTTP Request,200,OK,Year-Language Query 4-10,text,true,,271,159,9,57,http://localhost:8080/search?q=love&year=1994&language=English,53,0,0
1782351936381,68,HTTP Request,200,OK,Year-Language Query 4-6,text,true,,271,159,9,57,http://localhost:8080/search?q=love&year=1994&language=English,68,0,0
1782351936394,56,HTTP Request,200,OK,Year-Language Query 4-2,text,true,,271,159,9,57,http://localhost:8080/search?q=love&year=1994&language=English,56,0,0
1782351936384,75,HTTP Request,200,OK,Year-Language Query 4-1,text,true,,271,159,9,57,http://localhost:8080/search?q=love&year=1994&language=English,75,0,0
1782351936411,48,HTTP Request,200,OK,Year-Language Query 4-3,text,true,,271,159,9,57,http://localhost:8080/search?q=love&year=1994&language=English,48,0,0
1782351936383,76,HTTP Request,200,OK,Year-Language Query 4-8,text,true,,271,159,9,57,http://localhost:8080/search?q=love&year=1994&language=English,76,0,0
1782351936385,74,HTTP Request,200,OK,Year-Language Query 4-7,text,true,,271,159,9,57,http://localhost:8080/search?q=love&year=1994&language=English,74,0,0
1782351936410,62,HTTP Request,200,OK,Year-Language Query 4-9,text,true,,271,159,9,57,http://localhost:8080/search?q=love&year=1994&language=English,62,0,0
1782351936442,46,HTTP Request,200,OK,Year-Language Query 4-5,text,true,,271,159,9,57,http://localhost:8080/search?q=love&year=1994&language=English,46,0,0
1782351936450,41,HTTP Request,200,OK,Year-Language Query 4-2,text,true,,271,159,9,57,http://localhost:8080/search?q=love&year=1994&language=English,41,0,0
1782351936449,48,HTTP Request,200,OK,Year-Language Query 4-10,text,true,,271,159,9,57,http://localhost:8080/search?q=love&year=1994&language=English,48,0,0
1782351936459,38,HTTP Request,200,OK,Year-Language Query 4-8,text,true,,271,159,9,57,http://localhost:8080/search?q=love&year=1994&language=English,38,0,0
1782351936449,51,HTTP Request,200,OK,Year-Language Query 4-6,text,true,,271,159,9,57,http://localhost:8080/search?q=love&year=1994&language=English,50,0,0
1782351936459,46,HTTP Request,200,OK,Year-Language Query 4-3,text,true,,271,159,9,57,http://localhost:8080/search?q=love&year=1994&language=English,46,0,0
1782351936459,56,HTTP Request,200,OK,Year-Language Query 4-7,text,true,,271,159,9,57,http://localhost:8080/search?q=love&year=1994&language=English,56,0,0
1782351936459,56,HTTP Request,200,OK,Year-Language Query 4-1,text,true,,271,159,9,57,http://localhost:8080/search?q=love&year=1994&language=English,56,0,0
1782351936472,58,HTTP Request,200,OK,Year-Language Query 4-9,text,true,,271,159,9,57,http://localhost:8080/search?q=love&year=1994&language=English,58,0,0
1782351936491,42,HTTP Request,200,OK,Year-Language Query 4-2,text,true,,271,159,9,57,http://localhost:8080/search?q=love&year=1994&language=English,42,0,0
1782351936497,36,HTTP Request,200,OK,Year-Language Query 4-10,text,true,,271,159,9,57,http://localhost:8080/search?q=love&year=1994&language=English,36,0,0
1782351936488,55,HTTP Request,200,OK,Year-Language Query 4-5,text,true,,271,159,9,57,http://localhost:8080/search?q=love&year=1994&language=English,55,0,0
1782351936497,47,HTTP Request,200,OK,Year-Language Query 4-8,text,true,,271,159,9,57,http://localhost:8080/search?q=love&year=1994&language=English,47,0,0
1782351936500,46,HTTP Request,200,OK,Year-Language Query 4-6,text,true,,271,159,9,57,http://localhost:8080/search?q=love&year=1994&language=English,46,0,0
1782351936505,41,HTTP Request,200,OK,Year-Language Query 4-3,text,true,,271,159,9,57,http://localhost:8080/search?q=love&year=1994&language=English,41,0,0
1782351936515,55,HTTP Request,200,OK,Year-Language Query 4-7,text,true,,271,159,9,57,http://localhost:8080/search?q=love&year=1994&language=English,55,0,0
1782351936515,57,HTTP Request,200,OK,Year-Language Query 4-1,text,true,,271,159,9,57,http://localhost:8080/search?q=love&year=1994&language=English,57,0,0
1782351936530,57,HTTP Request,200,OK,Year-Language Query 4-9,text,true,,271,159,9,57,http://localhost:8080/search?q=love&year=1994&language=English,57,0,0
1782351936544,46,HTTP Request,200,OK,Year-Language Query 4-8,text,true,,271,159,9,57,http://localhost:8080/search?q=love&year=1994&language=English,46,0,0
1782351936543,50,HTTP Request,200,OK,Year-Language Query 4-5,text,true,,271,159,9,57,http://localhost:8080/search?q=love&year=1994&language=English,50,0,0
1782351936546,49,HTTP Request,200,OK,Year-Language Query 4-6,text,true,,271,159,9,57,http://localhost:8080/search?q=love&year=1994&language=English,49,0,0
1782351936547,49,HTTP Request,200,OK,Year-Language Query 4-3,text,true,,271,159,9,57,http://localhost:8080/search?q=love&year=1994&language=English,49,0,0
1782351936533,76,HTTP Request,200,OK,Year-Language Query 4-2,text,true,,271,159,9,57,http://localhost:8080/search?q=love&year=1994&language=English,76,0,0
1782351936533,83,HTTP Request,200,OK,Year-Language Query 4-10,text,true,,271,159,9,57,http://localhost:8080/search?q=love&year=1994&language=English,83,0,0
1782351936572,44,HTTP Request,200,OK,Year-Language Query 4-1,text,true,,271,159,9,57,http://localhost:8080/search?q=love&year=1994&language=English,44,0,0
1782351936570,47,HTTP Request,200,OK,Year-Language Query 4-7,text,true,,271,159,9,57,http://localhost:8080/search?q=love&year=1994&language=English,47,0,0
1782351936587,42,HTTP Request,200,OK,Year-Language Query 4-9,text,true,,271,159,9,57,http://localhost:8080/search?q=love&year=1994&language=English,42,0,0
1782351936590,52,HTTP Request,200,OK,Year-Language Query 4-8,text,true,,271,159,9,57,http://localhost:8080/search?q=love&year=1994&language=English,52,0,0
1782351936593,50,HTTP Request,200,OK,Year-Language Query 4-5,text,true,,271,159,9,57,http://localhost:8080/search?q=love&year=1994&language=English,50,0,0
1782351936596,57,HTTP Request,200,OK,Year-Language Query 4-3,text,true,,271,159,9,57,http://localhost:8080/search?q=love&year=1994&language=English,57,0,0
1782351936595,63,HTTP Request,200,OK,Year-Language Query 4-6,text,true,,271,159,9,57,http://localhost:8080/search?q=love&year=1994&language=English,63,0,0
1782351936609,67,HTTP Request,200,OK,Year-Language Query 4-2,text,true,,271,159,8,56,http://localhost:8080/search?q=love&year=1994&language=English,67,0,0
1782351936617,84,HTTP Request,200,OK,Year-Language Query 4-7,text,true,,271,159,8,56,http://localhost:8080/search?q=love&year=1994&language=English,84,0,0
1782351936629,73,HTTP Request,200,OK,Year-Language Query 4-9,text,true,,271,159,8,56,http://localhost:8080/search?q=love&year=1994&language=English,73,0,0
1782351936642,60,HTTP Request,200,OK,Year-Language Query 4-8,text,true,,271,159,8,56,http://localhost:8080/search?q=love&year=1994&language=English,60,0,0
1782351936616,87,HTTP Request,200,OK,Year-Language Query 4-1,text,true,,271,159,8,56,http://localhost:8080/search?q=love&year=1994&language=English,87,0,0
1782351936616,87,HTTP Request,200,OK,Year-Language Query 4-10,text,true,,271,159,8,56,http://localhost:8080/search?q=love&year=1994&language=English,87,0,0
1782351936644,68,HTTP Request,200,OK,Year-Language Query 4-5,text,true,,271,159,8,56,http://localhost:8080/search?q=love&year=1994&language=English,68,0,0
1782351936676,52,HTTP Request,200,OK,Year-Language Query 4-2,text,true,,271,159,8,56,http://localhost:8080/search?q=love&year=1994&language=English,52,0,0
1782351936654,78,HTTP Request,200,OK,Year-Language Query 4-3,text,true,,271,159,8,56,http://localhost:8080/search?q=love&year=1994&language=English,78,0,0
1782351936703,48,HTTP Request,200,OK,Year-Language Query 4-1,text,true,,271,159,8,56,http://localhost:8080/search?q=love&year=1994&language=English,48,0,0
1782351936702,50,HTTP Request,200,OK,Year-Language Query 4-9,text,true,,271,159,8,56,http://localhost:8080/search?q=love&year=1994&language=English,50,0,0
1782351936702,56,HTTP Request,200,OK,Year-Language Query 4-8,text,true,,271,159,8,56,http://localhost:8080/search?q=love&year=1994&language=English,56,0,0
1782351936701,60,HTTP Request,200,OK,Year-Language Query 4-7,text,true,,271,159,8,56,http://localhost:8080/search?q=love&year=1994&language=English,60,0,0
1782351936712,50,HTTP Request,200,OK,Year-Language Query 4-5,text,true,,271,159,8,56,http://localhost:8080/search?q=love&year=1994&language=English,50,0,0
1782351936703,65,HTTP Request,200,OK,Year-Language Query 4-10,text,true,,271,159,8,56,http://localhost:8080/search?q=love&year=1994&language=English,65,0,0
1782351936729,44,HTTP Request,200,OK,Year-Language Query 4-2,text,true,,271,159,8,56,http://localhost:8080/search?q=love&year=1994&language=English,44,0,0
1782351936732,45,HTTP Request,200,OK,Year-Language Query 4-3,text,true,,271,159,8,56,http://localhost:8080/search?q=love&year=1994&language=English,45,0,0
1782351936752,59,HTTP Request,200,OK,Year-Language Query 4-1,text,true,,271,159,8,56,http://localhost:8080/search?q=love&year=1994&language=English,59,0,0
1782351936758,59,HTTP Request,200,OK,Year-Language Query 4-8,text,true,,271,159,8,56,http://localhost:8080/search?q=love&year=1994&language=English,59,0,0
1782351936752,88,HTTP Request,200,OK,Year-Language Query 4-9,text,true,,271,159,8,56,http://localhost:8080/search?q=love&year=1994&language=English,88,0,0
1782351936762,91,HTTP Request,200,OK,Year-Language Query 4-5,text,true,,271,159,8,56,http://localhost:8080/search?q=love&year=1994&language=English,91,0,0
1782351936761,97,HTTP Request,200,OK,Year-Language Query 4-7,text,true,,271,159,8,56,http://localhost:8080/search?q=love&year=1994&language=English,97,0,0
1782351936778,93,HTTP Request,200,OK,Year-Language Query 4-3,text,true,,271,159,8,56,http://localhost:8080/search?q=love&year=1994&language=English,93,0,0
1782351936811,60,HTTP Request,200,OK,Year-Language Query 4-1,text,true,,271,159,8,56,http://localhost:8080/search?q=love&year=1994&language=English,60,0,0
1782351936774,105,HTTP Request,200,OK,Year-Language Query 4-2,text,true,,271,159,8,56,http://localhost:8080/search?q=love&year=1994&language=English,105,0,0
1782351936818,61,HTTP Request,200,OK,Year-Language Query 4-8,text,true,,271,159,8,56,http://localhost:8080/search?q=love&year=1994&language=English,61,0,0
1782351936768,112,HTTP Request,200,OK,Year-Language Query 4-10,text,true,,271,159,8,56,http://localhost:8080/search?q=love&year=1994&language=English,112,0,0
1782351936858,44,HTTP Request,200,OK,Year-Language Query 4-7,text,true,,271,159,8,56,http://localhost:8080/search?q=love&year=1994&language=English,44,0,0
1782351936841,61,HTTP Request,200,OK,Year-Language Query 4-9,text,true,,271,159,8,56,http://localhost:8080/search?q=love&year=1994&language=English,61,0,0
1782351936854,48,HTTP Request,200,OK,Year-Language Query 4-5,text,true,,271,159,8,56,http://localhost:8080/search?q=love&year=1994&language=English,48,0,0
1782351936871,85,HTTP Request,200,OK,Year-Language Query 4-3,text,true,,271,159,8,56,http://localhost:8080/search?q=love&year=1994&language=English,85,0,0
1782351936881,76,HTTP Request,200,OK,Year-Language Query 4-10,text,true,,271,159,8,56,http://localhost:8080/search?q=love&year=1994&language=English,76,0,0
1782351936902,55,HTTP Request,200,OK,Year-Language Query 4-7,text,true,,271,159,8,56,http://localhost:8080/search?q=love&year=1994&language=English,55,0,0
1782351936902,58,HTTP Request,200,OK,Year-Language Query 4-9,text,true,,271,159,8,56,http://localhost:8080/search?q=love&year=1994&language=English,58,0,0
1782351936880,80,HTTP Request,200,OK,Year-Language Query 4-2,text,true,,271,159,8,56,http://localhost:8080/search?q=love&year=1994&language=English,80,0,0
1782351936872,88,HTTP Request,200,OK,Year-Language Query 4-1,text,true,,271,159,8,56,http://localhost:8080/search?q=love&year=1994&language=English,88,0,0
1782351936880,81,HTTP Request,200,OK,Year-Language Query 4-8,text,true,,271,159,8,56,http://localhost:8080/search?q=love&year=1994&language=English,81,0,0
1782351936902,67,HTTP Request,200,OK,Year-Language Query 4-5,text,true,,271,159,8,56,http://localhost:8080/search?q=love&year=1994&language=English,67,0,0
1782351936960,34,HTTP Request,200,OK,Year-Language Query 4-2,text,true,,271,159,8,56,http://localhost:8080/search?q=love&year=1994&language=English,34,0,0
1782351936960,40,HTTP Request,200,OK,Year-Language Query 4-9,text,true,,271,159,8,56,http://localhost:8080/search?q=love&year=1994&language=English,40,0,0
1782351936960,47,HTTP Request,200,OK,Year-Language Query 4-1,text,true,,271,159,8,56,http://localhost:8080/search?q=love&year=1994&language=English,47,0,0
1782351936957,52,HTTP Request,200,OK,Year-Language Query 4-10,text,true,,271,159,8,56,http://localhost:8080/search?q=love&year=1994&language=English,52,0,0
1782351936956,53,HTTP Request,200,OK,Year-Language Query 4-3,text,true,,271,159,8,56,http://localhost:8080/search?q=love&year=1994&language=English,53,0,0
1782351936957,53,HTTP Request,200,OK,Year-Language Query 4-7,text,true,,271,159,8,56,http://localhost:8080/search?q=love&year=1994&language=English,53,0,0
1782351936970,50,HTTP Request,200,OK,Year-Language Query 4-5,text,true,,271,159,8,56,http://localhost:8080/search?q=love&year=1994&language=English,50,0,0
1782351936961,62,HTTP Request,200,OK,Year-Language Query 4-8,text,true,,271,159,8,56,http://localhost:8080/search?q=love&year=1994&language=English,62,0,0
1782351936994,46,HTTP Request,200,OK,Year-Language Query 4-2,text,true,,271,159,8,56,http://localhost:8080/search?q=love&year=1994&language=English,46,0,0
1782351937000,52,HTTP Request,200,OK,Year-Language Query 4-9,text,true,,271,159,8,56,http://localhost:8080/search?q=love&year=1994&language=English,52,0,0
1782351937007,46,HTTP Request,200,OK,Year-Language Query 4-1,text,true,,271,159,8,56,http://localhost:8080/search?q=love&year=1994&language=English,46,0,0
1782351937020,38,HTTP Request,200,OK,Year-Language Query 4-5,text,true,,271,159,8,56,http://localhost:8080/search?q=love&year=1994&language=English,38,0,0
1782351937010,52,HTTP Request,200,OK,Year-Language Query 4-7,text,true,,271,159,8,56,http://localhost:8080/search?q=love&year=1994&language=English,52,0,0
1782351937009,60,HTTP Request,200,OK,Year-Language Query 4-10,text,true,,271,159,8,56,http://localhost:8080/search?q=love&year=1994&language=English,60,0,0
1782351937023,50,HTTP Request,200,OK,Year-Language Query 4-8,text,true,,271,159,8,56,http://localhost:8080/search?q=love&year=1994&language=English,50,0,0
1782351937009,66,HTTP Request,200,OK,Year-Language Query 4-3,text,true,,271,159,8,56,http://localhost:8080/search?q=love&year=1994&language=English,66,0,0
1782351937040,54,HTTP Request,200,OK,Year-Language Query 4-2,text,true,,271,159,8,56,http://localhost:8080/search?q=love&year=1994&language=English,54,0,0
1782351937053,55,HTTP Request,200,OK,Year-Language Query 4-1,text,true,,271,159,8,56,http://localhost:8080/search?q=love&year=1994&language=English,55,0,0
1782351937053,57,HTTP Request,200,OK,Year-Language Query 4-9,text,true,,271,159,8,56,http://localhost:8080/search?q=love&year=1994&language=English,57,0,0
1782351937062,57,HTTP Request,200,OK,Year-Language Query 4-7,text,true,,271,159,8,56,http://localhost:8080/search?q=love&year=1994&language=English,57,0,0
1782351937058,62,HTTP Request,200,OK,Year-Language Query 4-5,text,true,,271,159,8,56,http://localhost:8080/search?q=love&year=1994&language=English,62,0,0
1782351937069,56,HTTP Request,200,OK,Year-Language Query 4-10,text,true,,271,159,8,56,http://localhost:8080/search?q=love&year=1994&language=English,56,0,0
1782351937073,53,HTTP Request,200,OK,Year-Language Query 4-8,text,true,,271,159,8,56,http://localhost:8080/search?q=love&year=1994&language=English,53,0,0
1782351937095,49,HTTP Request,200,OK,Year-Language Query 4-2,text,true,,271,159,8,56,http://localhost:8080/search?q=love&year=1994&language=English,49,0,0
1782351937075,74,HTTP Request,200,OK,Year-Language Query 4-3,text,true,,271,159,8,56,http://localhost:8080/search?q=love&year=1994&language=English,73,0,0
1782351937108,59,HTTP Request,200,OK,Year-Language Query 4-1,text,true,,271,159,8,56,http://localhost:8080/search?q=love&year=1994&language=English,59,0,0
1782351937110,65,HTTP Request,200,OK,Year-Language Query 4-9,text,true,,271,159,8,56,http://localhost:8080/search?q=love&year=1994&language=English,65,0,0
1782351937119,59,HTTP Request,200,OK,Year-Language Query 4-7,text,true,,271,159,8,56,http://localhost:8080/search?q=love&year=1994&language=English,59,0,0
1782351937120,58,HTTP Request,200,OK,Year-Language Query 4-5,text,true,,271,159,8,56,http://localhost:8080/search?q=love&year=1994&language=English,58,0,0
1782351937126,59,HTTP Request,200,OK,Year-Language Query 4-8,text,true,,271,159,8,56,http://localhost:8080/search?q=love&year=1994&language=English,59,0,0
1782351937125,60,HTTP Request,200,OK,Year-Language Query 4-10,text,true,,271,159,8,56,http://localhost:8080/search?q=love&year=1994&language=English,60,0,0
1782351937144,44,HTTP Request,200,OK,Year-Language Query 4-2,text,true,,271,159,8,56,http://localhost:8080/search?q=love&year=1994&language=English,44,0,0
1782351937149,55,HTTP Request,200,OK,Year-Language Query 4-3,text,true,,271,159,8,55,http://localhost:8080/search?q=love&year=1994&language=English,55,0,0
1782351937167,58,HTTP Request,200,OK,Year-Language Query 4-1,text,true,,271,159,8,55,http://localhost:8080/search?q=love&year=1994&language=English,58,0,0
1782351937185,53,HTTP Request,200,OK,Year-Language Query 4-10,text,true,,271,159,8,55,http://localhost:8080/search?q=love&year=1994&language=English,53,0,0
1782351937188,50,HTTP Request,200,OK,Year-Language Query 4-2,text,true,,271,159,8,55,http://localhost:8080/search?q=love&year=1994&language=English,50,0,0
1782351937175,63,HTTP Request,200,OK,Year-Language Query 4-9,text,true,,271,159,8,55,http://localhost:8080/search?q=love&year=1994&language=English,63,0,0
1782351937185,60,HTTP Request,200,OK,Year-Language Query 4-8,text,true,,271,159,8,55,http://localhost:8080/search?q=love&year=1994&language=English,60,0,0
1782351937178,68,HTTP Request,200,OK,Year-Language Query 4-5,text,true,,271,159,8,55,http://localhost:8080/search?q=love&year=1994&language=English,68,0,0
1782351937178,70,HTTP Request,200,OK,Year-Language Query 4-7,text,true,,271,159,8,55,http://localhost:8080/search?q=love&year=1994&language=English,70,0,0
1782351937205,54,HTTP Request,200,OK,Year-Language Query 4-3,text,true,,271,159,8,55,http://localhost:8080/search?q=love&year=1994&language=English,54,0,0
1782351937225,52,HTTP Request,200,OK,Year-Language Query 4-1,text,true,,271,159,8,55,http://localhost:8080/search?q=love&year=1994&language=English,52,0,0
1782351937238,75,HTTP Request,200,OK,Year-Language Query 4-2,text,true,,271,159,8,55,http://localhost:8080/search?q=love&year=1994&language=English,75,0,0
1782351937246,68,HTTP Request,200,OK,Year-Language Query 4-8,text,true,,271,159,8,55,http://localhost:8080/search?q=love&year=1994&language=English,68,0,0
1782351937238,83,HTTP Request,200,OK,Year-Language Query 4-10,text,true,,271,159,8,55,http://localhost:8080/search?q=love&year=1994&language=English,83,0,0
1782351937238,84,HTTP Request,200,OK,Year-Language Query 4-9,text,true,,271,159,8,55,http://localhost:8080/search?q=love&year=1994&language=English,84,0,0
1782351937247,91,HTTP Request,200,OK,Year-Language Query 4-5,text,true,,271,159,8,55,http://localhost:8080/search?q=love&year=1994&language=English,91,0,0
1782351937260,82,HTTP Request,200,OK,Year-Language Query 4-3,text,true,,271,159,8,55,http://localhost:8080/search?q=love&year=1994&language=English,82,0,0
1782351937248,96,HTTP Request,200,OK,Year-Language Query 4-7,text,true,,271,159,8,55,http://localhost:8080/search?q=love&year=1994&language=English,96,0,0
1782351937277,76,HTTP Request,200,OK,Year-Language Query 4-1,text,true,,271,159,8,55,http://localhost:8080/search?q=love&year=1994&language=English,75,0,0
1782351937314,61,HTTP Request,200,OK,Year-Language Query 4-8,text,true,,271,159,8,55,http://localhost:8080/search?q=love&year=1994&language=English,61,0,0
1782351937313,62,HTTP Request,200,OK,Year-Language Query 4-2,text,true,,271,159,8,55,http://localhost:8080/search?q=love&year=1994&language=English,62,0,0
1782351937322,77,HTTP Request,200,OK,Year-Language Query 4-10,text,true,,271,159,8,55,http://localhost:8080/search?q=love&year=1994&language=English,77,0,0
1782351937322,77,HTTP Request,200,OK,Year-Language Query 4-9,text,true,,271,159,8,55,http://localhost:8080/search?q=love&year=1994&language=English,77,0,0
1782351937342,79,HTTP Request,200,OK,Year-Language Query 4-3,text,true,,271,159,8,55,http://localhost:8080/search?q=love&year=1994&language=English,79,0,0
1782351937338,83,HTTP Request,200,OK,Year-Language Query 4-5,text,true,,271,159,8,55,http://localhost:8080/search?q=love&year=1994&language=English,83,0,0
1782351937344,101,HTTP Request,200,OK,Year-Language Query 4-7,text,true,,271,159,8,55,http://localhost:8080/search?q=love&year=1994&language=English,101,0,0
1782351937353,92,HTTP Request,200,OK,Year-Language Query 4-1,text,true,,271,159,8,55,http://localhost:8080/search?q=love&year=1994&language=English,92,0,0
1782351937376,97,HTTP Request,200,OK,Year-Language Query 4-2,text,true,,271,159,8,55,http://localhost:8080/search?q=love&year=1994&language=English,97,0,0
1782351937375,99,HTTP Request,200,OK,Year-Language Query 4-8,text,true,,271,159,8,55,http://localhost:8080/search?q=love&year=1994&language=English,99,0,0
1782351937421,64,HTTP Request,200,OK,Year-Language Query 4-3,text,true,,271,159,8,55,http://localhost:8080/search?q=love&year=1994&language=English,64,0,0
1782351937399,86,HTTP Request,200,OK,Year-Language Query 4-9,text,true,,271,159,8,55,http://localhost:8080/search?q=love&year=1994&language=English,86,0,0
1782351937399,86,HTTP Request,200,OK,Year-Language Query 4-10,text,true,,271,159,8,55,http://localhost:8080/search?q=love&year=1994&language=English,86,0,0
1782351937421,76,HTTP Request,200,OK,Year-Language Query 4-5,text,true,,271,159,8,55,http://localhost:8080/search?q=love&year=1994&language=English,76,0,0
1782351937445,79,HTTP Request,200,OK,Year-Language Query 4-7,text,true,,271,159,8,55,http://localhost:8080/search?q=love&year=1994&language=English,79,0,0
1782351937445,79,HTTP Request,200,OK,Year-Language Query 4-1,text,true,,271,159,8,55,http://localhost:8080/search?q=love&year=1994&language=English,79,0,0
1782351937474,60,HTTP Request,200,OK,Year-Language Query 4-8,text,true,,271,159,8,55,http://localhost:8080/search?q=love&year=1994&language=English,60,0,0
1782351937485,87,HTTP Request,200,OK,Year-Language Query 4-9,text,true,,271,159,8,55,http://localhost:8080/search?q=love&year=1994&language=English,87,0,0
1782351937473,109,HTTP Request,200,OK,Year-Language Query 4-2,text,true,,271,159,8,55,http://localhost:8080/search?q=love&year=1994&language=English,109,0,0
1782351937485,111,HTTP Request,200,OK,Year-Language Query 4-3,text,true,,271,159,8,54,http://localhost:8080/search?q=love&year=1994&language=English,111,0,0
1782351937485,112,HTTP Request,200,OK,Year-Language Query 4-10,text,true,,271,159,8,54,http://localhost:8080/search?q=love&year=1994&language=English,112,0,0
1782351937498,99,HTTP Request,200,OK,Year-Language Query 4-5,text,true,,271,159,8,54,http://localhost:8080/search?q=love&year=1994&language=English,99,0,0
1782351937524,86,HTTP Request,200,OK,Year-Language Query 4-1,text,true,,271,159,8,54,http://localhost:8080/search?q=love&year=1994&language=English,86,0,0
1782351937524,87,HTTP Request,200,OK,Year-Language Query 4-7,text,true,,271,159,8,54,http://localhost:8080/search?q=love&year=1994&language=English,87,0,0
1782351937534,78,HTTP Request,200,OK,Year-Language Query 4-8,text,true,,271,159,8,54,http://localhost:8080/search?q=love&year=1994&language=English,78,0,0
1782351937572,83,HTTP Request,200,OK,Year-Language Query 4-9,text,true,,271,159,8,54,http://localhost:8080/search?q=love&year=1994&language=English,83,0,0
1782351937597,83,HTTP Request,200,OK,Year-Language Query 4-5,text,true,,271,159,8,54,http://localhost:8080/search?q=love&year=1994&language=English,83,0,0
1782351937612,90,HTTP Request,200,OK,Year-Language Query 4-8,text,true,,271,159,8,54,http://localhost:8080/search?q=love&year=1994&language=English,90,0,0
1782351937611,93,HTTP Request,200,OK,Year-Language Query 4-7,text,true,,271,159,8,54,http://localhost:8080/search?q=love&year=1994&language=English,93,0,0
1782351937597,111,HTTP Request,200,OK,Year-Language Query 4-10,text,true,,271,159,8,54,http://localhost:8080/search?q=love&year=1994&language=English,111,0,0
1782351937596,113,HTTP Request,200,OK,Year-Language Query 4-3,text,true,,271,159,8,54,http://localhost:8080/search?q=love&year=1994&language=English,113,0,0
1782351937582,127,HTTP Request,200,OK,Year-Language Query 4-2,text,true,,271,159,8,54,http://localhost:8080/search?q=love&year=1994&language=English,127,0,0
1782351937655,70,HTTP Request,200,OK,Year-Language Query 4-9,text,true,,271,159,8,54,http://localhost:8080/search?q=love&year=1994&language=English,70,0,0
1782351937610,116,HTTP Request,200,OK,Year-Language Query 4-1,text,true,,271,159,8,54,http://localhost:8080/search?q=love&year=1994&language=English,116,0,0
1782351937680,46,HTTP Request,200,OK,Year-Language Query 4-5,text,true,,271,159,8,54,http://localhost:8080/search?q=love&year=1994&language=English,46,0,0
1782351937709,49,HTTP Request,200,OK,Year-Language Query 4-2,text,true,,271,159,8,54,http://localhost:8080/search?q=love&year=1994&language=English,49,0,0
1782351937708,51,HTTP Request,200,OK,Year-Language Query 4-10,text,true,,271,159,8,54,http://localhost:8080/search?q=love&year=1994&language=English,51,0,0
1782351937702,61,HTTP Request,200,OK,Year-Language Query 4-8,text,true,,271,159,8,54,http://localhost:8080/search?q=love&year=1994&language=English,61,0,0
1782351937726,45,HTTP Request,200,OK,Year-Language Query 4-1,text,true,,271,159,8,54,http://localhost:8080/search?q=love&year=1994&language=English,45,0,0
1782351937709,66,HTTP Request,200,OK,Year-Language Query 4-3,text,true,,271,159,8,54,http://localhost:8080/search?q=love&year=1994&language=English,66,0,0
1782351937704,71,HTTP Request,200,OK,Year-Language Query 4-7,text,true,,271,159,8,54,http://localhost:8080/search?q=love&year=1994&language=English,71,0,0
1782351937725,54,HTTP Request,200,OK,Year-Language Query 4-9,text,true,,271,159,8,54,http://localhost:8080/search?q=love&year=1994&language=English,54,0,0
1782351937727,61,HTTP Request,200,OK,Year-Language Query 4-5,text,true,,271,159,8,54,http://localhost:8080/search?q=love&year=1994&language=English,61,0,0
1782351937759,53,HTTP Request,200,OK,Year-Language Query 4-2,text,true,,271,159,8,54,http://localhost:8080/search?q=love&year=1994&language=English,53,0,0
1782351937771,48,HTTP Request,200,OK,Year-Language Query 4-1,text,true,,271,159,8,54,http://localhost:8080/search?q=love&year=1994&language=English,48,0,0
1782351937759,60,HTTP Request,200,OK,Year-Language Query 4-10,text,true,,271,159,8,54,http://localhost:8080/search?q=love&year=1994&language=English,60,0,0
1782351937763,57,HTTP Request,200,OK,Year-Language Query 4-8,text,true,,271,159,8,54,http://localhost:8080/search?q=love&year=1994&language=English,57,0,0
1782351937788,55,HTTP Request,200,OK,Year-Language Query 4-5,text,true,,271,159,8,54,http://localhost:8080/search?q=love&year=1994&language=English,55,0,0
1782351937780,63,HTTP Request,200,OK,Year-Language Query 4-9,text,true,,271,159,8,54,http://localhost:8080/search?q=love&year=1994&language=English,63,0,0
1782351937776,67,HTTP Request,200,OK,Year-Language Query 4-7,text,true,,271,159,8,54,http://localhost:8080/search?q=love&year=1994&language=English,67,0,0
1782351937775,74,HTTP Request,200,OK,Year-Language Query 4-3,text,true,,271,159,8,54,http://localhost:8080/search?q=love&year=1994&language=English,74,0,0
1782351937819,67,HTTP Request,200,OK,Year-Language Query 4-10,text,true,,271,159,8,54,http://localhost:8080/search?q=love&year=1994&language=English,67,0,0
1782351937821,65,HTTP Request,200,OK,Year-Language Query 4-8,text,true,,271,159,8,54,http://localhost:8080/search?q=love&year=1994&language=English,65,0,0
1782351937819,67,HTTP Request,200,OK,Year-Language Query 4-1,text,true,,271,159,8,54,http://localhost:8080/search?q=love&year=1994&language=English,67,0,0
1782351937812,80,HTTP Request,200,OK,Year-Language Query 4-2,text,true,,271,159,7,53,http://localhost:8080/search?q=love&year=1994&language=English,80,0,0
1782351937843,49,HTTP Request,200,OK,Year-Language Query 4-7,text,true,,271,159,7,53,http://localhost:8080/search?q=love&year=1994&language=English,49,0,0
1782351937843,67,HTTP Request,200,OK,Year-Language Query 4-9,text,true,,271,159,7,53,http://localhost:8080/search?q=love&year=1994&language=English,67,0,0
1782351937843,67,HTTP Request,200,OK,Year-Language Query 4-5,text,true,,271,159,7,53,http://localhost:8080/search?q=love&year=1994&language=English,67,0,0
1782351937849,61,HTTP Request,200,OK,Year-Language Query 4-3,text,true,,271,159,7,53,http://localhost:8080/search?q=love&year=1994&language=English,61,0,0
1782351937886,64,HTTP Request,200,OK,Year-Language Query 4-10,text,true,,271,159,7,53,http://localhost:8080/search?q=love&year=1994&language=English,64,0,0
1782351937887,65,HTTP Request,200,OK,Year-Language Query 4-1,text,true,,271,159,7,53,http://localhost:8080/search?q=love&year=1994&language=English,64,0,0
1782351937892,67,HTTP Request,200,OK,Year-Language Query 4-7,text,true,,271,159,7,53,http://localhost:8080/search?q=love&year=1994&language=English,67,0,0
1782351937892,68,HTTP Request,200,OK,Year-Language Query 4-2,text,true,,271,159,7,53,http://localhost:8080/search?q=love&year=1994&language=English,68,0,0
1782351937910,60,HTTP Request,200,OK,Year-Language Query 4-5,text,true,,271,159,7,53,http://localhost:8080/search?q=love&year=1994&language=English,60,0,0
1782351937910,60,HTTP Request,200,OK,Year-Language Query 4-3,text,true,,271,159,7,53,http://localhost:8080/search?q=love&year=1994&language=English,60,0,0
1782351937910,64,HTTP Request,200,OK,Year-Language Query 4-9,text,true,,271,159,7,53,http://localhost:8080/search?q=love&year=1994&language=English,64,0,0
1782351937950,41,HTTP Request,200,OK,Year-Language Query 4-10,text,true,,271,159,7,53,http://localhost:8080/search?q=love&year=1994&language=English,41,0,0
1782351937959,50,HTTP Request,200,OK,Year-Language Query 4-7,text,true,,271,159,7,53,http://localhost:8080/search?q=love&year=1994&language=English,50,0,0
1782351937970,40,HTTP Request,200,OK,Year-Language Query 4-5,text,true,,271,159,7,53,http://localhost:8080/search?q=love&year=1994&language=English,40,0,0
1782351937952,65,HTTP Request,200,OK,Year-Language Query 4-1,text,true,,271,159,6,52,http://localhost:8080/search?q=love&year=1994&language=English,65,0,0
1782351937960,63,HTTP Request,200,OK,Year-Language Query 4-2,text,true,,271,159,6,52,http://localhost:8080/search?q=love&year=1994&language=English,63,0,0
1782351937974,53,HTTP Request,200,OK,Year-Language Query 4-9,text,true,,271,159,6,52,http://localhost:8080/search?q=love&year=1994&language=English,53,0,0
1782351937971,65,HTTP Request,200,OK,Year-Language Query 4-3,text,true,,271,159,6,52,http://localhost:8080/search?q=love&year=1994&language=English,65,0,0
1782351937991,52,HTTP Request,200,OK,Year-Language Query 4-10,text,true,,271,159,6,52,http://localhost:8080/search?q=love&year=1994&language=English,52,0,0
1782351938018,45,HTTP Request,200,OK,Year-Language Query 4-1,text,true,,271,159,6,52,http://localhost:8080/search?q=love&year=1994&language=English,45,0,0
1782351938024,42,HTTP Request,200,OK,Year-Language Query 4-2,text,true,,271,159,6,52,http://localhost:8080/search?q=love&year=1994&language=English,42,0,0
1782351938010,65,HTTP Request,200,OK,Year-Language Query 4-7,text,true,,271,159,6,52,http://localhost:8080/search?q=love&year=1994&language=English,65,0,0
1782351938036,46,HTTP Request,200,OK,Year-Language Query 4-3,text,true,,271,159,6,52,http://localhost:8080/search?q=love&year=1994&language=English,46,0,0
1782351938027,55,HTTP Request,200,OK,Year-Language Query 4-9,text,true,,271,159,6,52,http://localhost:8080/search?q=love&year=1994&language=English,55,0,0
1782351938043,50,HTTP Request,200,OK,Year-Language Query 4-10,text,true,,271,159,6,52,http://localhost:8080/search?q=love&year=1994&language=English,50,0,0
1782351938064,51,HTTP Request,200,OK,Year-Language Query 4-1,text,true,,271,159,6,52,http://localhost:8080/search?q=love&year=1994&language=English,51,0,0
1782351938066,58,HTTP Request,200,OK,Year-Language Query 4-2,text,true,,271,159,6,52,http://localhost:8080/search?q=love&year=1994&language=English,58,0,0
1782351938083,49,HTTP Request,200,OK,Year-Language Query 4-9,text,true,,271,159,6,52,http://localhost:8080/search?q=love&year=1994&language=English,49,0,0
1782351938075,58,HTTP Request,200,OK,Year-Language Query 4-7,text,true,,271,159,6,52,http://localhost:8080/search?q=love&year=1994&language=English,58,0,0
1782351938083,54,HTTP Request,200,OK,Year-Language Query 4-3,text,true,,271,159,6,52,http://localhost:8080/search?q=love&year=1994&language=English,54,0,0
1782351938093,51,HTTP Request,200,OK,Year-Language Query 4-10,text,true,,271,159,6,52,http://localhost:8080/search?q=love&year=1994&language=English,51,0,0
1782351938125,46,HTTP Request,200,OK,Year-Language Query 4-2,text,true,,271,159,6,52,http://localhost:8080/search?q=love&year=1994&language=English,46,0,0
1782351938144,43,HTTP Request,200,OK,Year-Language Query 4-10,text,true,,271,159,6,52,http://localhost:8080/search?q=love&year=1994&language=English,43,0,0
1782351938138,50,HTTP Request,200,OK,Year-Language Query 4-3,text,true,,271,159,6,52,http://localhost:8080/search?q=love&year=1994&language=English,50,0,0
1782351938115,75,HTTP Request,200,OK,Year-Language Query 4-1,text,true,,271,159,6,52,http://localhost:8080/search?q=love&year=1994&language=English,75,0,0
1782351938134,59,HTTP Request,200,OK,Year-Language Query 4-7,text,true,,271,159,6,52,http://localhost:8080/search?q=love&year=1994&language=English,59,0,0
1782351938132,61,HTTP Request,200,OK,Year-Language Query 4-9,text,true,,271,159,6,52,http://localhost:8080/search?q=love&year=1994&language=English,61,0,0
1782351938171,53,HTTP Request,200,OK,Year-Language Query 4-2,text,true,,271,159,6,52,http://localhost:8080/search?q=love&year=1994&language=English,53,0,0
1782351938188,36,HTTP Request,200,OK,Year-Language Query 4-10,text,true,,271,159,6,52,http://localhost:8080/search?q=love&year=1994&language=English,36,0,0
1782351938190,43,HTTP Request,200,OK,Year-Language Query 4-1,text,true,,271,159,6,52,http://localhost:8080/search?q=love&year=1994&language=English,43,0,0
1782351938188,61,HTTP Request,200,OK,Year-Language Query 4-3,text,true,,271,159,6,52,http://localhost:8080/search?q=love&year=1994&language=English,61,0,0
1782351938193,56,HTTP Request,200,OK,Year-Language Query 4-7,text,true,,271,159,6,52,http://localhost:8080/search?q=love&year=1994&language=English,56,0,0
1782351938193,64,HTTP Request,200,OK,Year-Language Query 4-9,text,true,,271,159,5,51,http://localhost:8080/search?q=love&year=1994&language=English,64,0,0
1782351938224,45,HTTP Request,200,OK,Year-Language Query 4-10,text,true,,271,159,5,51,http://localhost:8080/search?q=love&year=1994&language=English,45,0,0
1782351938224,51,HTTP Request,200,OK,Year-Language Query 4-2,text,true,,271,159,5,51,http://localhost:8080/search?q=love&year=1994&language=English,51,0,0
1782351938233,56,HTTP Request,200,OK,Year-Language Query 4-1,text,true,,271,159,5,51,http://localhost:8080/search?q=love&year=1994&language=English,56,0,0
1782351938257,53,HTTP Request,200,OK,Year-Language Query 4-9,text,true,,271,159,5,51,http://localhost:8080/search?q=love&year=1994&language=English,53,0,0
1782351938249,71,HTTP Request,200,OK,Year-Language Query 4-7,text,true,,271,159,5,51,http://localhost:8080/search?q=love&year=1994&language=English,71,0,0
1782351938269,59,HTTP Request,200,OK,Year-Language Query 4-10,text,true,,271,159,5,51,http://localhost:8080/search?q=love&year=1994&language=English,59,0,0
1782351938289,59,HTTP Request,200,OK,Year-Language Query 4-1,text,true,,271,159,5,51,http://localhost:8080/search?q=love&year=1994&language=English,59,0,0
1782351938275,74,HTTP Request,200,OK,Year-Language Query 4-2,text,true,,271,159,5,51,http://localhost:8080/search?q=love&year=1994&language=English,74,0,0
1782351938311,82,HTTP Request,200,OK,Year-Language Query 4-9,text,true,,271,159,5,51,http://localhost:8080/search?q=love&year=1994&language=English,82,0,0
1782351938321,74,HTTP Request,200,OK,Year-Language Query 4-7,text,true,,271,159,5,51,http://localhost:8080/search?q=love&year=1994&language=English,74,0,0
1782351938328,102,HTTP Request,200,OK,Year-Language Query 4-10,text,true,,271,159,5,51,http://localhost:8080/search?q=love&year=1994&language=English,102,0,0
1782351938348,92,HTTP Request,200,OK,Year-Language Query 4-1,text,true,,271,159,5,51,http://localhost:8080/search?q=love&year=1994&language=English,92,0,0
1782351938349,93,HTTP Request,200,OK,Year-Language Query 4-2,text,true,,271,159,5,51,http://localhost:8080/search?q=love&year=1994&language=English,93,0,0
1782351938393,79,HTTP Request,200,OK,Year-Language Query 4-9,text,true,,271,159,5,51,http://localhost:8080/search?q=love&year=1994&language=English,79,0,0
1782351938395,91,HTTP Request,200,OK,Year-Language Query 4-7,text,true,,271,159,5,51,http://localhost:8080/search?q=love&year=1994&language=English,91,0,0
1782351938442,74,HTTP Request,200,OK,Year-Language Query 4-2,text,true,,271,159,5,51,http://localhost:8080/search?q=love&year=1994&language=English,74,0,0
1782351938431,85,HTTP Request,200,OK,Year-Language Query 4-10,text,true,,271,159,5,51,http://localhost:8080/search?q=love&year=1994&language=English,85,0,0
1782351938440,77,HTTP Request,200,OK,Year-Language Query 4-1,text,true,,271,159,5,51,http://localhost:8080/search?q=love&year=1994&language=English,77,0,0
1782351938472,68,HTTP Request,200,OK,Year-Language Query 4-9,text,true,,271,159,5,51,http://localhost:8080/search?q=love&year=1994&language=English,68,0,0
1782351938486,72,HTTP Request,200,OK,Year-Language Query 4-7,text,true,,271,159,5,51,http://localhost:8080/search?q=love&year=1994&language=English,72,0,0
1782351938516,45,HTTP Request,200,OK,Year-Language Query 4-10,text,true,,271,159,5,51,http://localhost:8080/search?q=love&year=1994&language=English,45,0,0
1782351938517,49,HTTP Request,200,OK,Year-Language Query 4-1,text,true,,271,159,5,51,http://localhost:8080/search?q=love&year=1994&language=English,49,0,0
1782351938516,56,HTTP Request,200,OK,Year-Language Query 4-2,text,true,,271,159,5,51,http://localhost:8080/search?q=love&year=1994&language=English,56,0,0
1782351938540,38,HTTP Request,200,OK,Year-Language Query 4-9,text,true,,271,159,5,51,http://localhost:8080/search?q=love&year=1994&language=English,38,0,0
1782351938559,44,HTTP Request,200,OK,Year-Language Query 4-7,text,true,,271,159,5,51,http://localhost:8080/search?q=love&year=1994&language=English,44,0,0
1782351938566,52,HTTP Request,200,OK,Year-Language Query 4-1,text,true,,271,159,5,51,http://localhost:8080/search?q=love&year=1994&language=English,52,0,0
1782351938579,54,HTTP Request,200,OK,Year-Language Query 4-9,text,true,,271,159,5,51,http://localhost:8080/search?q=love&year=1994&language=English,54,0,0
1782351938572,79,HTTP Request,200,OK,Year-Language Query 4-2,text,true,,271,159,4,50,http://localhost:8080/search?q=love&year=1994&language=English,79,0,0
1782351938561,93,HTTP Request,200,OK,Year-Language Query 4-10,text,true,,271,159,4,50,http://localhost:8080/search?q=love&year=1994&language=English,93,0,0
1782351938603,88,HTTP Request,200,OK,Year-Language Query 4-7,text,true,,271,159,4,50,http://localhost:8080/search?q=love&year=1994&language=English,88,0,0
1782351938618,80,HTTP Request,200,OK,Year-Language Query 4-1,text,true,,271,159,4,49,http://localhost:8080/search?q=love&year=1994&language=English,80,0,0
1782351938654,70,HTTP Request,200,OK,Year-Language Query 4-10,text,true,,271,159,4,49,http://localhost:8080/search?q=love&year=1994&language=English,70,0,0
1782351938651,83,HTTP Request,200,OK,Year-Language Query 4-2,text,true,,271,159,4,49,http://localhost:8080/search?q=love&year=1994&language=English,83,0,0
1782351938692,59,HTTP Request,200,OK,Year-Language Query 4-7,text,true,,271,159,4,49,http://localhost:8080/search?q=love&year=1994&language=English,59,0,0
1782351938699,67,HTTP Request,200,OK,Year-Language Query 4-1,text,true,,271,159,4,49,http://localhost:8080/search?q=love&year=1994&language=English,67,0,0
1782351938725,50,HTTP Request,200,OK,Year-Language Query 4-10,text,true,,271,159,4,49,http://localhost:8080/search?q=love&year=1994&language=English,50,0,0
1782351938735,57,HTTP Request,200,OK,Year-Language Query 4-2,text,true,,271,159,4,49,http://localhost:8080/search?q=love&year=1994&language=English,57,0,0
1782351938751,55,HTTP Request,200,OK,Year-Language Query 4-7,text,true,,271,159,4,49,http://localhost:8080/search?q=love&year=1994&language=English,55,0,0
1782351938766,54,HTTP Request,200,OK,Year-Language Query 4-1,text,true,,271,159,4,49,http://localhost:8080/search?q=love&year=1994&language=English,54,0,0
1782351938775,61,HTTP Request,200,OK,Year-Language Query 4-10,text,true,,271,159,4,49,http://localhost:8080/search?q=love&year=1994&language=English,61,0,0
1782351938792,44,HTTP Request,200,OK,Year-Language Query 4-2,text,true,,271,159,4,49,http://localhost:8080/search?q=love&year=1994&language=English,44,0,0
1782351938806,41,HTTP Request,200,OK,Year-Language Query 4-7,text,true,,271,159,4,49,http://localhost:8080/search?q=love&year=1994&language=English,41,0,0
1782351938836,39,HTTP Request,200,OK,Year-Language Query 4-2,text,true,,271,159,4,48,http://localhost:8080/search?q=love&year=1994&language=English,39,0,0
1782351938821,75,HTTP Request,200,OK,Year-Language Query 4-1,text,true,,271,159,4,47,http://localhost:8080/search?q=love&year=1994&language=English,75,0,0
1782351938836,67,HTTP Request,200,OK,Year-Language Query 4-10,text,true,,271,159,4,47,http://localhost:8080/search?q=love&year=1994&language=English,67,0,0
1782351938847,59,HTTP Request,200,OK,Year-Language Query 4-7,text,true,,271,159,4,47,http://localhost:8080/search?q=love&year=1994&language=English,59,0,0
1782351938875,81,HTTP Request,200,OK,Year-Language Query 4-2,text,true,,271,159,4,46,http://localhost:8080/search?q=love&year=1994&language=English,81,0,0
1782351938903,55,HTTP Request,200,OK,Year-Language Query 4-10,text,true,,271,159,4,46,http://localhost:8080/search?q=love&year=1994&language=English,55,0,0
1782351938897,61,HTTP Request,200,OK,Year-Language Query 4-1,text,true,,271,159,4,46,http://localhost:8080/search?q=love&year=1994&language=English,61,0,0
1782351938906,74,HTTP Request,200,OK,Year-Language Query 4-7,text,true,,271,159,4,46,http://localhost:8080/search?q=love&year=1994&language=English,74,0,0
1782351938958,62,HTTP Request,200,OK,Year-Language Query 4-1,text,true,,271,159,4,46,http://localhost:8080/search?q=love&year=1994&language=English,62,0,0
1782351938956,82,HTTP Request,200,OK,Year-Language Query 4-2,text,true,,271,159,4,46,http://localhost:8080/search?q=love&year=1994&language=English,82,0,0
1782351938958,92,HTTP Request,200,OK,Year-Language Query 4-10,text,true,,271,159,4,46,http://localhost:8080/search?q=love&year=1994&language=English,92,0,0
1782351938980,70,HTTP Request,200,OK,Year-Language Query 4-7,text,true,,271,159,4,46,http://localhost:8080/search?q=love&year=1994&language=English,70,0,0
1782351939039,43,HTTP Request,200,OK,Year-Language Query 4-2,text,true,,271,159,4,46,http://localhost:8080/search?q=love&year=1994&language=English,43,0,0
1782351939020,65,HTTP Request,200,OK,Year-Language Query 4-1,text,true,,271,159,4,46,http://localhost:8080/search?q=love&year=1994&language=English,65,0,0
1782351939050,54,HTTP Request,200,OK,Year-Language Query 4-7,text,true,,271,159,4,44,http://localhost:8080/search?q=love&year=1994&language=English,54,0,0
1782351939050,65,HTTP Request,200,OK,Year-Language Query 4-10,text,true,,271,159,4,44,http://localhost:8080/search?q=love&year=1994&language=English,65,0,0
1782351939085,44,HTTP Request,200,OK,Year-Language Query 4-1,text,true,,271,159,4,44,http://localhost:8080/search?q=love&year=1994&language=English,44,0,0
1782351939082,51,HTTP Request,200,OK,Year-Language Query 4-2,text,true,,271,159,4,44,http://localhost:8080/search?q=love&year=1994&language=English,51,0,0
1782351939104,37,HTTP Request,200,OK,Year-Language Query 4-7,text,true,,271,159,4,44,http://localhost:8080/search?q=love&year=1994&language=English,37,0,0
1782351939115,40,HTTP Request,200,OK,Year-Language Query 4-10,text,true,,271,159,4,44,http://localhost:8080/search?q=love&year=1994&language=English,40,0,0
1782351939134,40,HTTP Request,200,OK,Year-Language Query 4-2,text,true,,271,159,4,44,http://localhost:8080/search?q=love&year=1994&language=English,40,0,0
1782351939130,55,HTTP Request,200,OK,Year-Language Query 4-1,text,true,,271,159,4,44,http://localhost:8080/search?q=love&year=1994&language=English,55,0,0
1782351939141,46,HTTP Request,200,OK,Year-Language Query 4-7,text,true,,271,159,4,44,http://localhost:8080/search?q=love&year=1994&language=English,46,0,0
1782351939156,42,HTTP Request,200,OK,Year-Language Query 4-10,text,true,,271,159,4,44,http://localhost:8080/search?q=love&year=1994&language=English,42,0,0
1782351939174,40,HTTP Request,200,OK,Year-Language Query 4-2,text,true,,271,159,4,44,http://localhost:8080/search?q=love&year=1994&language=English,40,0,0
1782351939185,56,HTTP Request,200,OK,Year-Language Query 4-1,text,true,,271,159,4,44,http://localhost:8080/search?q=love&year=1994&language=English,56,0,0
1782351939188,68,HTTP Request,200,OK,Year-Language Query 4-7,text,true,,271,159,4,44,http://localhost:8080/search?q=love&year=1994&language=English,68,0,0
1782351939198,58,HTTP Request,200,OK,Year-Language Query 4-10,text,true,,271,159,4,44,http://localhost:8080/search?q=love&year=1994&language=English,58,0,0
1782351939215,41,HTTP Request,200,OK,Year-Language Query 4-2,text,true,,271,159,4,44,http://localhost:8080/search?q=love&year=1994&language=English,41,0,0
1782351939241,46,HTTP Request,200,OK,Year-Language Query 4-1,text,true,,271,159,4,44,http://localhost:8080/search?q=love&year=1994&language=English,46,0,0
1782351939256,57,HTTP Request,200,OK,Year-Language Query 4-7,text,true,,271,159,4,44,http://localhost:8080/search?q=love&year=1994&language=English,57,0,0
1782351939256,57,HTTP Request,200,OK,Year-Language Query 4-2,text,true,,271,159,4,44,http://localhost:8080/search?q=love&year=1994&language=English,57,0,0
1782351939256,60,HTTP Request,200,OK,Year-Language Query 4-10,text,true,,271,159,4,44,http://localhost:8080/search?q=love&year=1994&language=English,60,0,0
1782351939287,32,HTTP Request,200,OK,Year-Language Query 4-1,text,true,,271,159,4,44,http://localhost:8080/search?q=love&year=1994&language=English,32,0,0
1782351939316,25,HTTP Request,200,OK,Year-Language Query 4-10,text,true,,271,159,4,44,http://localhost:8080/search?q=love&year=1994&language=English,25,0,0
1782351939319,54,HTTP Request,200,OK,Year-Language Query 4-1,text,true,,271,159,4,44,http://localhost:8080/search?q=love&year=1994&language=English,54,0,0
1782351939313,63,HTTP Request,200,OK,Year-Language Query 4-2,text,true,,271,159,4,44,http://localhost:8080/search?q=love&year=1994&language=English,63,0,0
1782351939342,42,HTTP Request,200,OK,Year-Language Query 4-10,text,true,,271,159,4,44,http://localhost:8080/search?q=love&year=1994&language=English,42,0,0
1782351939313,71,HTTP Request,200,OK,Year-Language Query 4-7,text,true,,271,159,4,44,http://localhost:8080/search?q=love&year=1994&language=English,71,0,0
1782351939373,40,HTTP Request,200,OK,Year-Language Query 4-1,text,true,,271,159,4,44,http://localhost:8080/search?q=love&year=1994&language=English,40,0,0
1782351939376,40,HTTP Request,200,OK,Year-Language Query 4-2,text,true,,271,159,4,44,http://localhost:8080/search?q=love&year=1994&language=English,40,0,0
1782351939384,43,HTTP Request,200,OK,Year-Language Query 4-10,text,true,,271,159,4,44,http://localhost:8080/search?q=love&year=1994&language=English,43,0,0
1782351939384,46,HTTP Request,200,OK,Year-Language Query 4-7,text,true,,271,159,3,43,http://localhost:8080/search?q=love&year=1994&language=English,46,0,0
1782351939413,61,HTTP Request,200,OK,Year-Language Query 4-1,text,true,,271,159,3,42,http://localhost:8080/search?q=love&year=1994&language=English,61,0,0
1782351939430,59,HTTP Request,200,OK,Year-Language Query 4-7,text,true,,271,159,3,42,http://localhost:8080/search?q=love&year=1994&language=English,59,0,0
1782351939417,86,HTTP Request,200,OK,Year-Language Query 4-2,text,true,,271,159,3,42,http://localhost:8080/search?q=love&year=1994&language=English,86,0,0
1782351939489,48,HTTP Request,200,OK,Year-Language Query 4-7,text,true,,271,159,3,42,http://localhost:8080/search?q=love&year=1994&language=English,48,0,0
1782351939474,79,HTTP Request,200,OK,Year-Language Query 4-1,text,true,,271,159,3,42,http://localhost:8080/search?q=love&year=1994&language=English,79,0,0
1782351939504,68,HTTP Request,200,OK,Year-Language Query 4-2,text,true,,271,159,3,42,http://localhost:8080/search?q=love&year=1994&language=English,68,0,0
1782351939537,61,HTTP Request,200,OK,Year-Language Query 4-7,text,true,,271,159,3,42,http://localhost:8080/search?q=love&year=1994&language=English,61,0,0
1782351939553,60,HTTP Request,200,OK,Year-Language Query 4-1,text,true,,271,159,3,42,http://localhost:8080/search?q=love&year=1994&language=English,60,0,0
1782351939572,59,HTTP Request,200,OK,Year-Language Query 4-2,text,true,,271,159,3,42,http://localhost:8080/search?q=love&year=1994&language=English,59,0,0
1782351939598,43,HTTP Request,200,OK,Year-Language Query 4-7,text,true,,271,159,3,41,http://localhost:8080/search?q=love&year=1994&language=English,43,0,0
1782351939613,43,HTTP Request,200,OK,Year-Language Query 4-1,text,true,,271,159,3,41,http://localhost:8080/search?q=love&year=1994&language=English,43,0,0
1782351939632,51,HTTP Request,200,OK,Year-Language Query 4-2,text,true,,271,159,3,41,http://localhost:8080/search?q=love&year=1994&language=English,51,0,0
1782351939641,49,HTTP Request,200,OK,Year-Language Query 4-7,text,true,,271,159,3,41,http://localhost:8080/search?q=love&year=1994&language=English,49,0,0
1782351939656,56,HTTP Request,200,OK,Year-Language Query 4-1,text,true,,271,159,3,40,http://localhost:8080/search?q=love&year=1994&language=English,56,0,0
1782351939690,71,HTTP Request,200,OK,Year-Language Query 4-7,text,true,,271,159,3,40,http://localhost:8080/search?q=love&year=1994&language=English,71,0,0
1782351939683,78,HTTP Request,200,OK,Year-Language Query 4-2,text,true,,271,159,3,40,http://localhost:8080/search?q=love&year=1994&language=English,78,0,0
1782351939712,70,HTTP Request,200,OK,Year-Language Query 4-1,text,true,,271,159,3,40,http://localhost:8080/search?q=love&year=1994&language=English,69,0,0
1782351939761,58,HTTP Request,200,OK,Year-Language Query 4-2,text,true,,271,159,3,40,http://localhost:8080/search?q=love&year=1994&language=English,58,0,0
1782351939782,56,HTTP Request,200,OK,Year-Language Query 4-1,text,true,,271,159,3,40,http://localhost:8080/search?q=love&year=1994&language=English,56,0,0
1782351939761,78,HTTP Request,200,OK,Year-Language Query 4-7,text,true,,271,159,3,40,http://localhost:8080/search?q=love&year=1994&language=English,78,0,0
1782351939820,75,HTTP Request,200,OK,Year-Language Query 4-2,text,true,,271,159,3,40,http://localhost:8080/search?q=love&year=1994&language=English,75,0,0
1782351939839,56,HTTP Request,200,OK,Year-Language Query 4-1,text,true,,271,159,3,40,http://localhost:8080/search?q=love&year=1994&language=English,56,0,0
1782351939839,57,HTTP Request,200,OK,Year-Language Query 4-7,text,true,,271,159,3,40,http://localhost:8080/search?q=love&year=1994&language=English,57,0,0
1782351939896,66,HTTP Request,200,OK,Year-Language Query 4-7,text,true,,271,159,3,40,http://localhost:8080/search?q=love&year=1994&language=English,66,0,0
1782351939896,70,HTTP Request,200,OK,Year-Language Query 4-2,text,true,,271,159,3,40,http://localhost:8080/search?q=love&year=1994&language=English,70,0,0
1782351939896,72,HTTP Request,200,OK,Year-Language Query 4-1,text,true,,271,159,3,40,http://localhost:8080/search?q=love&year=1994&language=English,72,0,0
1782351939966,49,HTTP Request,200,OK,Year-Language Query 4-2,text,true,,271,159,3,39,http://localhost:8080/search?q=love&year=1994&language=English,49,0,0
1782351939962,54,HTTP Request,200,OK,Year-Language Query 4-7,text,true,,271,159,3,39,http://localhost:8080/search?q=love&year=1994&language=English,54,0,0
1782351939968,48,HTTP Request,200,OK,Year-Language Query 4-1,text,true,,271,159,3,39,http://localhost:8080/search?q=love&year=1994&language=English,48,0,0
1782351940016,49,HTTP Request,200,OK,Year-Language Query 4-7,text,true,,271,159,3,39,http://localhost:8080/search?q=love&year=1994&language=English,49,0,0
1782351940016,57,HTTP Request,200,OK,Year-Language Query 4-2,text,true,,271,159,3,39,http://localhost:8080/search?q=love&year=1994&language=English,57,0,0
1782351940017,62,HTTP Request,200,OK,Year-Language Query 4-1,text,true,,271,159,3,39,http://localhost:8080/search?q=love&year=1994&language=English,62,0,0
1782351940066,52,HTTP Request,200,OK,Year-Language Query 4-7,text,true,,271,159,3,37,http://localhost:8080/search?q=love&year=1994&language=English,52,0,0
1782351940079,40,HTTP Request,200,OK,Year-Language Query 4-1,text,true,,271,159,3,37,http://localhost:8080/search?q=love&year=1994&language=English,40,0,0
1782351940073,57,HTTP Request,200,OK,Year-Language Query 4-2,text,true,,271,159,3,37,http://localhost:8080/search?q=love&year=1994&language=English,57,0,0
1782351940118,50,HTTP Request,200,OK,Year-Language Query 4-7,text,true,,271,159,3,37,http://localhost:8080/search?q=love&year=1994&language=English,50,0,0
1782351940119,52,HTTP Request,200,OK,Year-Language Query 4-1,text,true,,271,159,3,37,http://localhost:8080/search?q=love&year=1994&language=English,52,0,0
1782351940131,53,HTTP Request,200,OK,Year-Language Query 4-2,text,true,,271,159,3,37,http://localhost:8080/search?q=love&year=1994&language=English,53,0,0
1782351940171,53,HTTP Request,200,OK,Year-Language Query 4-1,text,true,,271,159,3,35,http://localhost:8080/search?q=love&year=1994&language=English,53,0,0
1782351940168,64,HTTP Request,200,OK,Year-Language Query 4-7,text,true,,271,159,3,35,http://localhost:8080/search?q=love&year=1994&language=English,64,0,0
1782351940184,60,HTTP Request,200,OK,Year-Language Query 4-2,text,true,,271,159,3,35,http://localhost:8080/search?q=love&year=1994&language=English,60,0,0
1782351940224,50,HTTP Request,200,OK,Year-Language Query 4-1,text,true,,271,159,2,34,http://localhost:8080/search?q=love&year=1994&language=English,50,0,0
1782351940233,50,HTTP Request,200,OK,Year-Language Query 4-7,text,true,,271,159,2,34,http://localhost:8080/search?q=love&year=1994&language=English,50,0,0
1782351940274,36,HTTP Request,200,OK,Year-Language Query 4-1,text,true,,271,159,2,34,http://localhost:8080/search?q=love&year=1994&language=English,36,0,0
1782351940283,36,HTTP Request,200,OK,Year-Language Query 4-7,text,true,,271,159,2,34,http://localhost:8080/search?q=love&year=1994&language=English,36,0,0
1782351940310,29,HTTP Request,200,OK,Year-Language Query 4-1,text,true,,271,159,2,34,http://localhost:8080/search?q=love&year=1994&language=English,29,0,0
1782351940319,40,HTTP Request,200,OK,Year-Language Query 4-7,text,true,,271,159,2,34,http://localhost:8080/search?q=love&year=1994&language=English,40,0,0
1782351940339,58,HTTP Request,200,OK,Year-Language Query 4-1,text,true,,271,159,2,34,http://localhost:8080/search?q=love&year=1994&language=English,58,0,0
1782351940359,47,HTTP Request,200,OK,Year-Language Query 4-7,text,true,,271,159,2,34,http://localhost:8080/search?q=love&year=1994&language=English,47,0,0
1782351940397,28,HTTP Request,200,OK,Year-Language Query 4-1,text,true,,271,159,2,34,http://localhost:8080/search?q=love&year=1994&language=English,28,0,0
1782351940406,31,HTTP Request,200,OK,Year-Language Query 4-7,text,true,,271,159,2,33,http://localhost:8080/search?q=love&year=1994&language=English,31,0,0
1782351940425,33,HTTP Request,200,OK,Year-Language Query 4-1,text,true,,271,159,2,33,http://localhost:8080/search?q=love&year=1994&language=English,33,0,0
1782351940437,53,HTTP Request,200,OK,Year-Language Query 4-7,text,true,,271,159,2,32,http://localhost:8080/search?q=love&year=1994&language=English,53,0,0
1782351940458,36,HTTP Request,200,OK,Year-Language Query 4-1,text,true,,271,159,2,32,http://localhost:8080/search?q=love&year=1994&language=English,36,0,0
1782351940495,36,HTTP Request,200,OK,Year-Language Query 4-1,text,true,,271,159,2,31,http://localhost:8080/search?q=love&year=1994&language=English,36,0,0
1782351940491,41,HTTP Request,200,OK,Year-Language Query 4-7,text,true,,271,159,2,31,http://localhost:8080/search?q=love&year=1994&language=English,41,0,0
1782351940531,42,HTTP Request,200,OK,Year-Language Query 4-1,text,true,,271,159,2,30,http://localhost:8080/search?q=love&year=1994&language=English,42,0,0
1782351940532,53,HTTP Request,200,OK,Year-Language Query 4-7,text,true,,271,159,2,30,http://localhost:8080/search?q=love&year=1994&language=English,53,0,0
1782351940573,43,HTTP Request,200,OK,Year-Language Query 4-1,text,true,,271,159,2,29,http://localhost:8080/search?q=love&year=1994&language=English,43,0,0
1782351940585,37,HTTP Request,200,OK,Year-Language Query 4-7,text,true,,271,159,2,29,http://localhost:8080/search?q=love&year=1994&language=English,37,0,0
1782351940616,59,HTTP Request,200,OK,Year-Language Query 4-1,text,true,,271,159,1,28,http://localhost:8080/search?q=love&year=1994&language=English,59,0,0
1782351940675,52,HTTP Request,200,OK,Year-Language Query 4-1,text,true,,271,159,1,28,http://localhost:8080/search?q=love&year=1994&language=English,52,0,0
1782351940727,32,HTTP Request,200,OK,Year-Language Query 4-1,text,true,,271,159,1,28,http://localhost:8080/search?q=love&year=1994&language=English,32,0,0
1782351940760,64,HTTP Request,200,OK,Year-Language Query 4-1,text,true,,271,159,1,28,http://localhost:8080/search?q=love&year=1994&language=English,64,0,0
