timeStamp,elapsed,label,responseCode,responseMessage,threadName,dataType,success,failureMessage,bytes,sentBytes,grpThreads,allThreads,URL,Latency,IdleTime,Connect
1782351886042,62,HTTP Request,200,OK,Author Query 5-3,text,true,,263,155,3,17,http://localhost:8080/search?q=beauty&author=Oscar%20Wilde,62,0,2
1782351886110,70,HTTP Request,200,OK,Author Query 5-3,text,true,,263,155,3,17,http://localhost:8080/search?q=beauty&author=Oscar%20Wilde,70,0,0
1782351886180,29,HTTP Request,200,OK,Author Query 5-3,text,true,,263,155,3,17,http://localhost:8080/search?q=beauty&author=Oscar%20Wilde,29,0,0
1782351884038,2253,HTTP Request,200,OK,Author Query 5-1,text,true,,263,155,3,17,http://localhost:8080/search?q=beauty&author=Oscar%20Wilde,2253,0,3
1782351886294,48,HTTP Request,200,OK,Author Query 5-1,text,true,,263,155,3,17,http://localhost:8080/search?q=beauty&author=Oscar%20Wilde,48,0,0
1782351886343,35,HTTP Request,200,OK,Author Query 5-1,text,true,,263,155,3,17,http://localhost:8080/search?q=beauty&author=Oscar%20Wilde,35,0,0
1782351886378,52,HTTP Request,200,OK,Author Query 5-1,text,true,,263,155,3,18,http://localhost:8080/search?q=beauty&author=Oscar%20Wilde,52,0,0
1782351886431,41,HTTP Request,200,OK,Author Query 5-1,text,true,,263,155,3,18,http://localhost:8080/search?q=beauty&author=Oscar%20Wilde,41,0,0
1782351886472,54,HTTP Request,200,OK,Author Query 5-1,text,true,,263,155,3,18,http://localhost:8080/search?q=beauty&author=Oscar%20Wilde,54,0,0
1782351886526,34,HTTP Request,200,OK,Author Query 5-1,text,true,,263,155,3,18,http://localhost:8080/search?q=beauty&author=Oscar%20Wilde,34,0,0
1782351886560,38,HTTP Request,200,OK,Author Query 5-1,text,true,,263,155,3,18,http://localhost:8080/search?q=beauty&author=Oscar%20Wilde,38,0,0
1782351886598,19,HTTP Request,200,OK,Author Query 5-1,text,true,,263,155,3,18,http://localhost:8080/search?q=beauty&author=Oscar%20Wilde,19,0,0
1782351886617,10,HTTP Request,200,OK,Author Query 5-1,text,true,,263,155,3,18,http://localhost:8080/search?q=beauty&author=Oscar%20Wilde,10,0,0
1782351886627,17,HTTP Request,200,OK,Author Query 5-1,text,true,,263,155,3,18,http://localhost:8080/search?q=beauty&author=Oscar%20Wilde,17,0,0
1782351886644,13,HTTP Request,200,OK,Author Query 5-1,text,true,,263,155,3,18,http://localhost:8080/search?q=beauty&author=Oscar%20Wilde,13,0,0
1782351886657,37,HTTP Request,200,OK,Author Query 5-1,text,true,,263,155,3,18,http://localhost:8080/search?q=beauty&author=Oscar%20Wilde,37,0,0
1782351886695,25,HTTP Request,200,OK,Author Query 5-1,text,true,,263,155,3,18,http://localhost:8080/search?q=beauty&author=Oscar%20Wilde,25,0,0
1782351886720,15,HTTP Request,200,OK,Author Query 5-1,text,true,,263,155,3,18,http://localhost:8080/search?q=beauty&author=Oscar%20Wilde,15,0,0
1782351886735,19,HTTP Request,200,OK,Author Query 5-1,text,true,,263,155,3,18,http://localhost:8080/search?q=beauty&author=Oscar%20Wilde,19,0,0
1782351886754,20,HTTP Request,200,OK,Author Query 5-1,text,true,,263,155,3,18,http://localhost:8080/search?q=beauty&author=Oscar%20Wilde,20,0,0
1782351886775,35,HTTP Request,200,OK,Author Query 5-1,text,true,,263,155,3,18,http://localhost:8080/search?q=beauty&author=Oscar%20Wilde,35,0,0
1782351886810,23,HTTP Request,200,OK,Author Query 5-1,text,true,,263,155,3,18,http://localhost:8080/search?q=beauty&author=Oscar%20Wilde,23,0,0
1782351886833,26,HTTP Request,200,OK,Author Query 5-1,text,true,,263,155,3,18,http://localhost:8080/search?q=beauty&author=Oscar%20Wilde,26,0,0
1782351886859,37,HTTP Request,200,OK,Author Query 5-1,text,true,,263,155,3,18,http://localhost:8080/search?q=beauty&author=Oscar%20Wilde,37,0,0
1782351886897,33,HTTP Request,200,OK,Author Query 5-1,text,true,,263,155,3,19,http://localhost:8080/search?q=beauty&author=Oscar%20Wilde,33,0,0
1782351887042,53,HTTP Request,200,OK,Author Query 5-4,text,true,,263,155,4,23,http://localhost:8080/search?q=beauty&author=Oscar%20Wilde,53,0,2
1782351887096,43,HTTP Request,200,OK,Author Query 5-4,text,true,,263,155,4,23,http://localhost:8080/search?q=beauty&author=Oscar%20Wilde,43,0,0
1782351887140,28,HTTP Request,200,OK,Author Query 5-4,text,true,,263,155,4,23,http://localhost:8080/search?q=beauty&author=Oscar%20Wilde,28,0,0
1782351887168,20,HTTP Request,200,OK,Author Query 5-4,text,true,,263,155,4,23,http://localhost:8080/search?q=beauty&author=Oscar%20Wilde,20,0,0
1782351887188,15,HTTP Request,200,OK,Author Query 5-4,text,true,,263,155,4,23,http://localhost:8080/search?q=beauty&author=Oscar%20Wilde,15,0,0
1782351887203,49,HTTP Request,200,OK,Author Query 5-4,text,true,,263,155,4,23,http://localhost:8080/search?q=beauty&author=Oscar%20Wilde,49,0,0
1782351887252,24,HTTP Request,200,OK,Author Query 5-4,text,true,,263,155,4,23,http://localhost:8080/search?q=beauty&author=Oscar%20Wilde,24,0,0
1782351887276,24,HTTP Request,200,OK,Author Query 5-4,text,true,,263,155,4,23,http://localhost:8080/search?q=beauty&author=Oscar%20Wilde,24,0,0
1782351887300,44,HTTP Request,200,OK,Author Query 5-4,text,true,,263,155,4,23,http://localhost:8080/search?q=beauty&author=Oscar%20Wilde,44,0,0
1782351887344,44,HTTP Request,200,OK,Author Query 5-4,text,true,,263,155,4,23,http://localhost:8080/search?q=beauty&author=Oscar%20Wilde,44,0,0
1782351887389,28,HTTP Request,200,OK,Author Query 5-4,text,true,,263,155,4,23,http://localhost:8080/search?q=beauty&author=Oscar%20Wilde,28,0,0
1782351887417,42,HTTP Request,200,OK,Author Query 5-4,text,true,,263,155,4,24,http://localhost:8080/search?q=beauty&author=Oscar%20Wilde,42,0,0
1782351887459,35,HTTP Request,200,OK,Author Query 5-4,text,true,,263,155,4,24,http://localhost:8080/search?q=beauty&author=Oscar%20Wilde,35,0,0
1782351885046,2460,HTTP Request,200,OK,Author Query 5-2,text,true,,263,155,4,24,http://localhost:8080/search?q=beauty&author=Oscar%20Wilde,2460,0,2
1782351887506,18,HTTP Request,200,OK,Author Query 5-2,text,true,,263,155,4,24,http://localhost:8080/search?q=beauty&author=Oscar%20Wilde,18,0,0
1782351887524,31,HTTP Request,200,OK,Author Query 5-2,text,true,,263,155,4,24,http://localhost:8080/search?q=beauty&author=Oscar%20Wilde,31,0,0
1782351887556,16,HTTP Request,200,OK,Author Query 5-2,text,true,,263,155,4,24,http://localhost:8080/search?q=beauty&author=Oscar%20Wilde,16,0,0
1782351887572,36,HTTP Request,200,OK,Author Query 5-2,text,true,,263,155,4,24,http://localhost:8080/search?q=beauty&author=Oscar%20Wilde,36,0,0
1782351887608,21,HTTP Request,200,OK,Author Query 5-2,text,true,,263,155,4,24,http://localhost:8080/search?q=beauty&author=Oscar%20Wilde,21,0,0
1782351887629,41,HTTP Request,200,OK,Author Query 5-2,text,true,,263,155,4,24,http://localhost:8080/search?q=beauty&author=Oscar%20Wilde,41,0,0
1782351887671,33,HTTP Request,200,OK,Author Query 5-2,text,true,,263,155,4,24,http://localhost:8080/search?q=beauty&author=Oscar%20Wilde,33,0,0
1782351887704,22,HTTP Request,200,OK,Author Query 5-2,text,true,,263,155,4,24,http://localhost:8080/search?q=beauty&author=Oscar%20Wilde,22,0,0
1782351887726,26,HTTP Request,200,OK,Author Query 5-2,text,true,,263,155,4,24,http://localhost:8080/search?q=beauty&author=Oscar%20Wilde,26,0,0
1782351887752,41,HTTP Request,200,OK,Author Query 5-2,text,true,,263,155,4,24,http://localhost:8080/search?q=beauty&author=Oscar%20Wilde,41,0,0
1782351887793,27,HTTP Request,200,OK,Author Query 5-2,text,true,,263,155,4,24,http://localhost:8080/search?q=beauty&author=Oscar%20Wilde,27,0,0
1782351887820,27,HTTP Request,200,OK,Author Query 5-2,text,true,,263,155,4,24,http://localhost:8080/search?q=beauty&author=Oscar%20Wilde,27,0,0
1782351887847,32,HTTP Request,200,OK,Author Query 5-2,text,true,,263,155,4,24,http://localhost:8080/search?q=beauty&author=Oscar%20Wilde,32,0,0
1782351887880,25,HTTP Request,200,OK,Author Query 5-2,text,true,,263,155,4,24,http://localhost:8080/search?q=beauty&author=Oscar%20Wilde,25,0,0
1782351887906,24,HTTP Request,200,OK,Author Query 5-2,text,true,,263,155,4,24,http://localhost:8080/search?q=beauty&author=Oscar%20Wilde,24,0,0
1782351887930,49,HTTP Request,200,OK,Author Query 5-2,text,true,,263,155,4,25,http://localhost:8080/search?q=beauty&author=Oscar%20Wilde,49,0,0
1782351887979,56,HTTP Request,200,OK,Author Query 5-2,text,true,,263,155,4,28,http://localhost:8080/search?q=beauty&author=Oscar%20Wilde,56,0,0
1782351888035,61,HTTP Request,200,OK,Author Query 5-2,text,true,,263,155,5,29,http://localhost:8080/search?q=beauty&author=Oscar%20Wilde,60,0,0
1782351888096,35,HTTP Request,200,OK,Author Query 5-2,text,true,,263,155,5,29,http://localhost:8080/search?q=beauty&author=Oscar%20Wilde,35,0,0
1782351888132,36,HTTP Request,200,OK,Author Query 5-2,text,true,,263,155,5,29,http://localhost:8080/search?q=beauty&author=Oscar%20Wilde,36,0,0
1782351888168,37,HTTP Request,200,OK,Author Query 5-2,text,true,,263,155,5,29,http://localhost:8080/search?q=beauty&author=Oscar%20Wilde,37,0,0
1782351888206,38,HTTP Request,200,OK,Author Query 5-2,text,true,,263,155,5,29,http://localhost:8080/search?q=beauty&author=Oscar%20Wilde,38,0,0
1782351888244,48,HTTP Request,200,OK,Author Query 5-2,text,true,,263,155,5,29,http://localhost:8080/search?q=beauty&author=Oscar%20Wilde,48,0,0
1782351888292,40,HTTP Request,200,OK,Author Query 5-2,text,true,,263,155,5,29,http://localhost:8080/search?q=beauty&author=Oscar%20Wilde,40,0,0
1782351888332,33,HTTP Request,200,OK,Author Query 5-2,text,true,,263,155,5,29,http://localhost:8080/search?q=beauty&author=Oscar%20Wilde,33,0,0
1782351888365,25,HTTP Request,200,OK,Author Query 5-2,text,true,,263,155,5,29,http://localhost:8080/search?q=beauty&author=Oscar%20Wilde,25,0,0
1782351888391,66,HTTP Request,200,OK,Author Query 5-2,text,true,,263,155,5,30,http://localhost:8080/search?q=beauty&author=Oscar%20Wilde,66,0,0
1782351888457,16,HTTP Request,200,OK,Author Query 5-2,text,true,,263,155,5,30,http://localhost:8080/search?q=beauty&author=Oscar%20Wilde,16,0,0
1782351888473,23,HTTP Request,200,OK,Author Query 5-2,text,true,,263,155,5,30,http://localhost:8080/search?q=beauty&author=Oscar%20Wilde,23,0,0
1782351888496,50,HTTP Request,200,OK,Author Query 5-2,text,true,,263,155,5,30,http://localhost:8080/search?q=beauty&author=Oscar%20Wilde,50,0,0
1782351888546,33,HTTP Request,200,OK,Author Query 5-2,text,true,,263,155,5,30,http://localhost:8080/search?q=beauty&author=Oscar%20Wilde,33,0,0
1782351888579,40,HTTP Request,200,OK,Author Query 5-2,text,true,,263,155,5,30,http://localhost:8080/search?q=beauty&author=Oscar%20Wilde,40,0,0
1782351888619,51,HTTP Request,200,OK,Author Query 5-2,text,true,,263,155,5,30,http://localhost:8080/search?q=beauty&author=Oscar%20Wilde,51,0,0
1782351888670,40,HTTP Request,200,OK,Author Query 5-2,text,true,,263,155,5,30,http://localhost:8080/search?q=beauty&author=Oscar%20Wilde,40,0,0
1782351888711,38,HTTP Request,200,OK,Author Query 5-2,text,true,,263,155,5,30,http://localhost:8080/search?q=beauty&author=Oscar%20Wilde,38,0,0
1782351888749,54,HTTP Request,200,OK,Author Query 5-2,text,true,,263,155,5,30,http://localhost:8080/search?q=beauty&author=Oscar%20Wilde,54,0,0
1782351886210,2608,HTTP Request,200,OK,Author Query 5-3,text,true,,263,155,5,30,http://localhost:8080/search?q=beauty&author=Oscar%20Wilde,2608,0,0
1782351888803,31,HTTP Request,200,OK,Author Query 5-2,text,true,,263,155,5,30,http://localhost:8080/search?q=beauty&author=Oscar%20Wilde,31,0,0
1782351888819,37,HTTP Request,200,OK,Author Query 5-3,text,true,,263,155,5,30,http://localhost:8080/search?q=beauty&author=Oscar%20Wilde,37,0,0
1782351888834,32,HTTP Request,200,OK,Author Query 5-2,text,true,,263,155,5,30,http://localhost:8080/search?q=beauty&author=Oscar%20Wilde,32,0,0
1782351888866,28,HTTP Request,200,OK,Author Query 5-2,text,true,,263,155,5,30,http://localhost:8080/search?q=beauty&author=Oscar%20Wilde,28,0,0
1782351888858,39,HTTP Request,200,OK,Author Query 5-3,text,true,,263,155,5,30,http://localhost:8080/search?q=beauty&author=Oscar%20Wilde,39,0,0
1782351888897,20,HTTP Request,200,OK,Author Query 5-3,text,true,,263,155,5,30,http://localhost:8080/search?q=beauty&author=Oscar%20Wilde,20,0,0
1782351888895,22,HTTP Request,200,OK,Author Query 5-2,text,true,,263,155,5,30,http://localhost:8080/search?q=beauty&author=Oscar%20Wilde,22,0,0
1782351888917,33,HTTP Request,200,OK,Author Query 5-3,text,true,,263,155,5,31,http://localhost:8080/search?q=beauty&author=Oscar%20Wilde,33,0,0
1782351888917,39,HTTP Request,200,OK,Author Query 5-2,text,true,,263,155,5,31,http://localhost:8080/search?q=beauty&author=Oscar%20Wilde,39,0,0
1782351888950,35,HTTP Request,200,OK,Author Query 5-3,text,true,,263,155,5,31,http://localhost:8080/search?q=beauty&author=Oscar%20Wilde,35,0,0
1782351888956,38,HTTP Request,200,OK,Author Query 5-2,text,true,,263,155,5,31,http://localhost:8080/search?q=beauty&author=Oscar%20Wilde,38,0,0
1782351888994,48,HTTP Request,200,OK,Author Query 5-2,text,true,,263,155,5,34,http://localhost:8080/search?q=beauty&author=Oscar%20Wilde,48,0,0
1782351888985,59,HTTP Request,200,OK,Author Query 5-3,text,true,,263,155,5,34,http://localhost:8080/search?q=beauty&author=Oscar%20Wilde,59,0,0
1782351889043,58,HTTP Request,200,OK,Author Query 5-2,text,true,,263,155,6,35,http://localhost:8080/search?q=beauty&author=Oscar%20Wilde,49,0,0
1782351889044,57,HTTP Request,200,OK,Author Query 5-3,text,true,,263,155,6,35,http://localhost:8080/search?q=beauty&author=Oscar%20Wilde,57,0,0
1782351889101,26,HTTP Request,200,OK,Author Query 5-2,text,true,,263,155,6,35,http://localhost:8080/search?q=beauty&author=Oscar%20Wilde,26,0,0
1782351889101,30,HTTP Request,200,OK,Author Query 5-3,text,true,,263,155,6,35,http://localhost:8080/search?q=beauty&author=Oscar%20Wilde,30,0,0
1782351889131,25,HTTP Request,200,OK,Author Query 5-3,text,true,,263,155,6,35,http://localhost:8080/search?q=beauty&author=Oscar%20Wilde,25,0,0
1782351889128,35,HTTP Request,200,OK,Author Query 5-2,text,true,,263,155,6,35,http://localhost:8080/search?q=beauty&author=Oscar%20Wilde,35,0,0
1782351889164,32,HTTP Request,200,OK,Author Query 5-2,text,true,,263,155,6,35,http://localhost:8080/search?q=beauty&author=Oscar%20Wilde,32,0,0
1782351889156,42,HTTP Request,200,OK,Author Query 5-3,text,true,,263,155,6,35,http://localhost:8080/search?q=beauty&author=Oscar%20Wilde,42,0,0
1782351889196,34,HTTP Request,200,OK,Author Query 5-2,text,true,,263,155,6,35,http://localhost:8080/search?q=beauty&author=Oscar%20Wilde,33,0,0
1782351889198,38,HTTP Request,200,OK,Author Query 5-3,text,true,,263,155,6,35,http://localhost:8080/search?q=beauty&author=Oscar%20Wilde,38,0,0
1782351889230,29,HTTP Request,200,OK,Author Query 5-2,text,true,,263,155,6,35,http://localhost:8080/search?q=beauty&author=Oscar%20Wilde,29,0,0
1782351889237,31,HTTP Request,200,OK,Author Query 5-3,text,true,,263,155,6,35,http://localhost:8080/search?q=beauty&author=Oscar%20Wilde,31,0,0
1782351889259,38,HTTP Request,200,OK,Author Query 5-2,text,true,,263,155,6,35,http://localhost:8080/search?q=beauty&author=Oscar%20Wilde,38,0,0
1782351889268,37,HTTP Request,200,OK,Author Query 5-3,text,true,,263,155,6,35,http://localhost:8080/search?q=beauty&author=Oscar%20Wilde,37,0,0
1782351886931,2391,HTTP Request,200,OK,Author Query 5-1,text,true,,263,155,6,35,http://localhost:8080/search?q=beauty&author=Oscar%20Wilde,2391,0,0
1782351889298,31,HTTP Request,200,OK,Author Query 5-2,text,true,,263,155,6,35,http://localhost:8080/search?q=beauty&author=Oscar%20Wilde,31,0,0
1782351889305,37,HTTP Request,200,OK,Author Query 5-3,text,true,,263,155,6,35,http://localhost:8080/search?q=beauty&author=Oscar%20Wilde,37,0,0
1782351889322,26,HTTP Request,200,OK,Author Query 5-1,text,true,,263,155,6,35,http://localhost:8080/search?q=beauty&author=Oscar%20Wilde,26,0,0
1782351889329,24,HTTP Request,200,OK,Author Query 5-2,text,true,,263,155,6,35,http://localhost:8080/search?q=beauty&author=Oscar%20Wilde,24,0,0
1782351889342,44,HTTP Request,200,OK,Author Query 5-3,text,true,,263,155,6,35,http://localhost:8080/search?q=beauty&author=Oscar%20Wilde,44,0,0
1782351889348,43,HTTP Request,200,OK,Author Query 5-1,text,true,,263,155,6,35,http://localhost:8080/search?q=beauty&author=Oscar%20Wilde,43,0,0
1782351889354,50,HTTP Request,200,OK,Author Query 5-2,text,true,,263,155,6,35,http://localhost:8080/search?q=beauty&author=Oscar%20Wilde,50,0,0
1782351889386,30,HTTP Request,200,OK,Author Query 5-3,text,true,,263,155,6,35,http://localhost:8080/search?q=beauty&author=Oscar%20Wilde,30,0,0
1782351889391,31,HTTP Request,200,OK,Author Query 5-1,text,true,,263,155,6,35,http://localhost:8080/search?q=beauty&author=Oscar%20Wilde,31,0,0
1782351889404,43,HTTP Request,200,OK,Author Query 5-2,text,true,,263,155,6,36,http://localhost:8080/search?q=beauty&author=Oscar%20Wilde,43,0,0
1782351889422,73,HTTP Request,200,OK,Author Query 5-1,text,true,,263,155,6,36,http://localhost:8080/search?q=beauty&author=Oscar%20Wilde,73,0,0
1782351889419,76,HTTP Request,200,OK,Author Query 5-3,text,true,,263,155,6,36,http://localhost:8080/search?q=beauty&author=Oscar%20Wilde,76,0,0
1782351889447,69,HTTP Request,200,OK,Author Query 5-2,text,true,,263,155,6,36,http://localhost:8080/search?q=beauty&author=Oscar%20Wilde,69,0,0
1782351889495,51,HTTP Request,200,OK,Author Query 5-1,text,true,,263,155,6,36,http://localhost:8080/search?q=beauty&author=Oscar%20Wilde,51,0,0
1782351889495,54,HTTP Request,200,OK,Author Query 5-3,text,true,,263,155,6,36,http://localhost:8080/search?q=beauty&author=Oscar%20Wilde,54,0,0
1782351889517,51,HTTP Request,200,OK,Author Query 5-2,text,true,,263,155,6,36,http://localhost:8080/search?q=beauty&author=Oscar%20Wilde,51,0,0
1782351889546,58,HTTP Request,200,OK,Author Query 5-1,text,true,,263,155,6,36,http://localhost:8080/search?q=beauty&author=Oscar%20Wilde,58,0,0
1782351889550,54,HTTP Request,200,OK,Author Query 5-3,text,true,,263,155,6,36,http://localhost:8080/search?q=beauty&author=Oscar%20Wilde,54,0,0
1782351889568,47,HTTP Request,200,OK,Author Query 5-2,text,true,,263,155,6,36,http://localhost:8080/search?q=beauty&author=Oscar%20Wilde,47,0,0
1782351889604,26,HTTP Request,200,OK,Author Query 5-1,text,true,,263,155,6,36,http://localhost:8080/search?q=beauty&author=Oscar%20Wilde,26,0,0
1782351889604,28,HTTP Request,200,OK,Author Query 5-3,text,true,,263,155,6,36,http://localhost:8080/search?q=beauty&author=Oscar%20Wilde,28,0,0
1782351889615,29,HTTP Request,200,OK,Author Query 5-2,text,true,,263,155,6,36,http://localhost:8080/search?q=beauty&author=Oscar%20Wilde,29,0,0
1782351889632,38,HTTP Request,200,OK,Author Query 5-3,text,true,,263,155,6,36,http://localhost:8080/search?q=beauty&author=Oscar%20Wilde,38,0,0
1782351889630,40,HTTP Request,200,OK,Author Query 5-1,text,true,,263,155,6,36,http://localhost:8080/search?q=beauty&author=Oscar%20Wilde,40,0,0
1782351889644,40,HTTP Request,200,OK,Author Query 5-2,text,true,,263,155,6,36,http://localhost:8080/search?q=beauty&author=Oscar%20Wilde,40,0,0
1782351889670,36,HTTP Request,200,OK,Author Query 5-3,text,true,,263,155,6,36,http://localhost:8080/search?q=beauty&author=Oscar%20Wilde,35,0,0
1782351889670,36,HTTP Request,200,OK,Author Query 5-1,text,true,,263,155,6,36,http://localhost:8080/search?q=beauty&author=Oscar%20Wilde,35,0,0
1782351889685,34,HTTP Request,200,OK,Author Query 5-2,text,true,,263,155,6,36,http://localhost:8080/search?q=beauty&author=Oscar%20Wilde,34,0,0
1782351889706,29,HTTP Request,200,OK,Author Query 5-3,text,true,,263,155,6,36,http://localhost:8080/search?q=beauty&author=Oscar%20Wilde,29,0,0
1782351889706,37,HTTP Request,200,OK,Author Query 5-1,text,true,,263,155,6,36,http://localhost:8080/search?q=beauty&author=Oscar%20Wilde,37,0,0
1782351889720,28,HTTP Request,200,OK,Author Query 5-2,text,true,,263,155,6,36,http://localhost:8080/search?q=beauty&author=Oscar%20Wilde,28,0,0
1782351889736,27,HTTP Request,200,OK,Author Query 5-3,text,true,,263,155,6,36,http://localhost:8080/search?q=beauty&author=Oscar%20Wilde,27,0,0
1782351889749,25,HTTP Request,200,OK,Author Query 5-2,text,true,,263,155,6,36,http://localhost:8080/search?q=beauty&author=Oscar%20Wilde,25,0,0
1782351889743,31,HTTP Request,200,OK,Author Query 5-1,text,true,,263,155,6,36,http://localhost:8080/search?q=beauty&author=Oscar%20Wilde,31,0,0
1782351889763,39,HTTP Request,200,OK,Author Query 5-3,text,true,,263,155,6,36,http://localhost:8080/search?q=beauty&author=Oscar%20Wilde,39,0,0
1782351889774,39,HTTP Request,200,OK,Author Query 5-1,text,true,,263,155,6,36,http://localhost:8080/search?q=beauty&author=Oscar%20Wilde,39,0,0
1782351889774,45,HTTP Request,200,OK,Author Query 5-2,text,true,,263,155,6,36,http://localhost:8080/search?q=beauty&author=Oscar%20Wilde,45,0,0
1782351889802,36,HTTP Request,200,OK,Author Query 5-3,text,true,,263,155,6,36,http://localhost:8080/search?q=beauty&author=Oscar%20Wilde,36,0,0
1782351889813,32,HTTP Request,200,OK,Author Query 5-1,text,true,,263,155,6,36,http://localhost:8080/search?q=beauty&author=Oscar%20Wilde,32,0,0
1782351889819,41,HTTP Request,200,OK,Author Query 5-2,text,true,,263,155,6,36,http://localhost:8080/search?q=beauty&author=Oscar%20Wilde,41,0,0
1782351889838,42,HTTP Request,200,OK,Author Query 5-3,text,true,,263,155,6,36,http://localhost:8080/search?q=beauty&author=Oscar%20Wilde,42,0,0
1782351889845,46,HTTP Request,200,OK,Author Query 5-1,text,true,,263,155,6,36,http://localhost:8080/search?q=beauty&author=Oscar%20Wilde,46,0,0
1782351889860,42,HTTP Request,200,OK,Author Query 5-2,text,true,,263,155,6,36,http://localhost:8080/search?q=beauty&author=Oscar%20Wilde,42,0,0
1782351889880,39,HTTP Request,200,OK,Author Query 5-3,text,true,,263,155,6,37,http://localhost:8080/search?q=beauty&author=Oscar%20Wilde,39,0,0
1782351889891,43,HTTP Request,200,OK,Author Query 5-1,text,true,,263,155,6,37,http://localhost:8080/search?q=beauty&author=Oscar%20Wilde,43,0,0
1782351889902,51,HTTP Request,200,OK,Author Query 5-2,text,true,,263,155,6,37,http://localhost:8080/search?q=beauty&author=Oscar%20Wilde,51,0,0
1782351889921,67,HTTP Request,200,OK,Author Query 5-3,text,true,,263,155,6,38,http://localhost:8080/search?q=beauty&author=Oscar%20Wilde,67,0,0
1782351889953,67,HTTP Request,200,OK,Author Query 5-2,text,true,,263,155,6,39,http://localhost:8080/search?q=beauty&author=Oscar%20Wilde,67,0,0
1782351889934,86,HTTP Request,200,OK,Author Query 5-1,text,true,,263,155,6,39,http://localhost:8080/search?q=beauty&author=Oscar%20Wilde,86,0,0
1782351890020,57,HTTP Request,200,OK,Author Query 5-1,text,true,,263,155,7,41,http://localhost:8080/search?q=beauty&author=Oscar%20Wilde,57,0,0
1782351890020,70,HTTP Request,200,OK,Author Query 5-2,text,true,,263,155,7,41,http://localhost:8080/search?q=beauty&author=Oscar%20Wilde,70,0,0
1782351890049,62,HTTP Request,200,OK,Author Query 5-7,text,true,,263,155,7,41,http://localhost:8080/search?q=beauty&author=Oscar%20Wilde,62,0,7
1782351890078,34,HTTP Request,200,OK,Author Query 5-1,text,true,,263,155,7,41,http://localhost:8080/search?q=beauty&author=Oscar%20Wilde,34,0,0
1782351890112,41,HTTP Request,200,OK,Author Query 5-1,text,true,,263,155,7,41,http://localhost:8080/search?q=beauty&author=Oscar%20Wilde,41,0,0
1782351890111,48,HTTP Request,200,OK,Author Query 5-7,text,true,,263,155,7,41,http://localhost:8080/search?q=beauty&author=Oscar%20Wilde,48,0,0
1782351890153,71,HTTP Request,200,OK,Author Query 5-1,text,true,,263,155,7,41,http://localhost:8080/search?q=beauty&author=Oscar%20Wilde,71,0,0
1782351890159,65,HTTP Request,200,OK,Author Query 5-7,text,true,,263,155,7,41,http://localhost:8080/search?q=beauty&author=Oscar%20Wilde,65,0,0
1782351890224,30,HTTP Request,200,OK,Author Query 5-1,text,true,,263,155,7,41,http://localhost:8080/search?q=beauty&author=Oscar%20Wilde,30,0,0
1782351890224,36,HTTP Request,200,OK,Author Query 5-7,text,true,,263,155,7,41,http://localhost:8080/search?q=beauty&author=Oscar%20Wilde,36,0,0
1782351890255,19,HTTP Request,200,OK,Author Query 5-1,text,true,,263,155,7,41,http://localhost:8080/search?q=beauty&author=Oscar%20Wilde,19,0,0
1782351890260,17,HTTP Request,200,OK,Author Query 5-7,text,true,,263,155,7,41,http://localhost:8080/search?q=beauty&author=Oscar%20Wilde,17,0,0
1782351890274,41,HTTP Request,200,OK,Author Query 5-1,text,true,,263,155,7,41,http://localhost:8080/search?q=beauty&author=Oscar%20Wilde,41,0,0
1782351890277,50,HTTP Request,200,OK,Author Query 5-7,text,true,,263,155,7,41,http://localhost:8080/search?q=beauty&author=Oscar%20Wilde,50,0,0
1782351890316,39,HTTP Request,200,OK,Author Query 5-1,text,true,,263,155,7,41,http://localhost:8080/search?q=beauty&author=Oscar%20Wilde,39,0,0
1782351890327,30,HTTP Request,200,OK,Author Query 5-7,text,true,,263,155,7,41,http://localhost:8080/search?q=beauty&author=Oscar%20Wilde,30,0,0
1782351890355,21,HTTP Request,200,OK,Author Query 5-1,text,true,,263,155,7,41,http://localhost:8080/search?q=beauty&author=Oscar%20Wilde,21,0,0
1782351890358,33,HTTP Request,200,OK,Author Query 5-7,text,true,,263,155,7,41,http://localhost:8080/search?q=beauty&author=Oscar%20Wilde,33,0,0
1782351890376,21,HTTP Request,200,OK,Author Query 5-1,text,true,,263,155,7,41,http://localhost:8080/search?q=beauty&author=Oscar%20Wilde,21,0,0
1782351890391,42,HTTP Request,200,OK,Author Query 5-7,text,true,,263,155,7,42,http://localhost:8080/search?q=beauty&author=Oscar%20Wilde,42,0,0
1782351890398,35,HTTP Request,200,OK,Author Query 5-1,text,true,,263,155,7,42,http://localhost:8080/search?q=beauty&author=Oscar%20Wilde,35,0,0
1782351890433,35,HTTP Request,200,OK,Author Query 5-1,text,true,,263,155,7,42,http://localhost:8080/search?q=beauty&author=Oscar%20Wilde,35,0,0
1782351890433,38,HTTP Request,200,OK,Author Query 5-7,text,true,,263,155,7,42,http://localhost:8080/search?q=beauty&author=Oscar%20Wilde,38,0,0
1782351890472,55,HTTP Request,200,OK,Author Query 5-7,text,true,,263,155,7,42,http://localhost:8080/search?q=beauty&author=Oscar%20Wilde,55,0,0
1782351890468,65,HTTP Request,200,OK,Author Query 5-1,text,true,,263,155,7,42,http://localhost:8080/search?q=beauty&author=Oscar%20Wilde,65,0,0
1782351890528,74,HTTP Request,200,OK,Author Query 5-7,text,true,,263,155,7,42,http://localhost:8080/search?q=beauty&author=Oscar%20Wilde,74,0,0
1782351890534,73,HTTP Request,200,OK,Author Query 5-1,text,true,,263,155,7,42,http://localhost:8080/search?q=beauty&author=Oscar%20Wilde,73,0,0
1782351890602,38,HTTP Request,200,OK,Author Query 5-7,text,true,,263,155,7,42,http://localhost:8080/search?q=beauty&author=Oscar%20Wilde,38,0,0
1782351890607,41,HTTP Request,200,OK,Author Query 5-1,text,true,,263,155,7,42,http://localhost:8080/search?q=beauty&author=Oscar%20Wilde,41,0,0
1782351890649,24,HTTP Request,200,OK,Author Query 5-1,text,true,,263,155,7,42,http://localhost:8080/search?q=beauty&author=Oscar%20Wilde,24,0,0
1782351890640,33,HTTP Request,200,OK,Author Query 5-7,text,true,,263,155,7,42,http://localhost:8080/search?q=beauty&author=Oscar%20Wilde,33,0,0
1782351890673,46,HTTP Request,200,OK,Author Query 5-1,text,true,,263,155,7,42,http://localhost:8080/search?q=beauty&author=Oscar%20Wilde,46,0,0
1782351890674,46,HTTP Request,200,OK,Author Query 5-7,text,true,,263,155,7,42,http://localhost:8080/search?q=beauty&author=Oscar%20Wilde,46,0,0
1782351890720,43,HTTP Request,200,OK,Author Query 5-7,text,true,,263,155,7,42,http://localhost:8080/search?q=beauty&author=Oscar%20Wilde,43,0,0
1782351890719,44,HTTP Request,200,OK,Author Query 5-1,text,true,,263,155,7,42,http://localhost:8080/search?q=beauty&author=Oscar%20Wilde,44,0,0
1782351890763,54,HTTP Request,200,OK,Author Query 5-7,text,true,,263,155,7,42,http://localhost:8080/search?q=beauty&author=Oscar%20Wilde,54,0,0
1782351890763,54,HTTP Request,200,OK,Author Query 5-1,text,true,,263,155,7,42,http://localhost:8080/search?q=beauty&author=Oscar%20Wilde,54,0,0
1782351890818,92,HTTP Request,200,OK,Author Query 5-7,text,true,,263,155,7,42,http://localhost:8080/search?q=beauty&author=Oscar%20Wilde,92,0,0
1782351890818,104,HTTP Request,200,OK,Author Query 5-1,text,true,,263,155,7,42,http://localhost:8080/search?q=beauty&author=Oscar%20Wilde,104,0,0
1782351890911,150,HTTP Request,200,OK,Author Query 5-7,text,true,,263,155,8,47,http://localhost:8080/search?q=beauty&author=Oscar%20Wilde,150,0,0
1782351890922,154,HTTP Request,200,OK,Author Query 5-1,text,true,,263,155,8,47,http://localhost:8080/search?q=beauty&author=Oscar%20Wilde,154,0,0
1782351891076,84,HTTP Request,200,OK,Author Query 5-1,text,true,,263,155,8,47,http://localhost:8080/search?q=beauty&author=Oscar%20Wilde,84,0,0
1782351891055,115,HTTP Request,200,OK,Author Query 5-8,text,true,,263,155,8,47,http://localhost:8080/search?q=beauty&author=Oscar%20Wilde,115,0,2
1782351891160,83,HTTP Request,200,OK,Author Query 5-1,text,true,,263,155,8,47,http://localhost:8080/search?q=beauty&author=Oscar%20Wilde,83,0,0
1782351891170,73,HTTP Request,200,OK,Author Query 5-8,text,true,,263,155,8,47,http://localhost:8080/search?q=beauty&author=Oscar%20Wilde,73,0,0
1782351891243,76,HTTP Request,200,OK,Author Query 5-8,text,true,,263,155,8,47,http://localhost:8080/search?q=beauty&author=Oscar%20Wilde,76,0,0
1782351891243,78,HTTP Request,200,OK,Author Query 5-1,text,true,,263,155,8,47,http://localhost:8080/search?q=beauty&author=Oscar%20Wilde,78,0,0
1782351891320,96,HTTP Request,200,OK,Author Query 5-8,text,true,,263,155,8,47,http://localhost:8080/search?q=beauty&author=Oscar%20Wilde,96,0,0
1782351891322,102,HTTP Request,200,OK,Author Query 5-1,text,true,,263,155,8,47,http://localhost:8080/search?q=beauty&author=Oscar%20Wilde,102,0,0
1782351891416,71,HTTP Request,200,OK,Author Query 5-8,text,true,,263,155,8,48,http://localhost:8080/search?q=beauty&author=Oscar%20Wilde,71,0,0
1782351891425,83,HTTP Request,200,OK,Author Query 5-1,text,true,,263,155,8,48,http://localhost:8080/search?q=beauty&author=Oscar%20Wilde,83,0,0
1782351891509,61,HTTP Request,200,OK,Author Query 5-1,text,true,,263,155,8,48,http://localhost:8080/search?q=beauty&author=Oscar%20Wilde,61,0,0
1782351891487,85,HTTP Request,200,OK,Author Query 5-8,text,true,,263,155,8,48,http://localhost:8080/search?q=beauty&author=Oscar%20Wilde,85,0,0
1782351891571,73,HTTP Request,200,OK,Author Query 5-1,text,true,,263,155,8,48,http://localhost:8080/search?q=beauty&author=Oscar%20Wilde,73,0,0
1782351891572,85,HTTP Request,200,OK,Author Query 5-8,text,true,,263,155,8,48,http://localhost:8080/search?q=beauty&author=Oscar%20Wilde,85,0,0
1782351889052,2661,HTTP Request,200,OK,Author Query 5-6,text,true,,263,155,8,48,http://localhost:8080/search?q=beauty&author=Oscar%20Wilde,2661,0,5
1782351891645,84,HTTP Request,200,OK,Author Query 5-1,text,true,,263,155,8,48,http://localhost:8080/search?q=beauty&author=Oscar%20Wilde,84,0,0
1782351891657,94,HTTP Request,200,OK,Author Query 5-8,text,true,,263,155,8,48,http://localhost:8080/search?q=beauty&author=Oscar%20Wilde,94,0,0
1782351891713,62,HTTP Request,200,OK,Author Query 5-6,text,true,,263,155,8,48,http://localhost:8080/search?q=beauty&author=Oscar%20Wilde,62,0,0
1782351891729,58,HTTP Request,200,OK,Author Query 5-1,text,true,,263,155,8,48,http://localhost:8080/search?q=beauty&author=Oscar%20Wilde,58,0,0
1782351891752,62,HTTP Request,200,OK,Author Query 5-8,text,true,,263,155,8,48,http://localhost:8080/search?q=beauty&author=Oscar%20Wilde,62,0,0
1782351891775,49,HTTP Request,200,OK,Author Query 5-6,text,true,,263,155,8,48,http://localhost:8080/search?q=beauty&author=Oscar%20Wilde,49,0,0
1782351891787,57,HTTP Request,200,OK,Author Query 5-1,text,true,,263,155,8,48,http://localhost:8080/search?q=beauty&author=Oscar%20Wilde,56,0,0
1782351891824,33,HTTP Request,200,OK,Author Query 5-6,text,true,,263,155,8,48,http://localhost:8080/search?q=beauty&author=Oscar%20Wilde,33,0,0
1782351891814,45,HTTP Request,200,OK,Author Query 5-8,text,true,,263,155,8,48,http://localhost:8080/search?q=beauty&author=Oscar%20Wilde,45,0,0
1782351891844,33,HTTP Request,200,OK,Author Query 5-1,text,true,,263,155,8,48,http://localhost:8080/search?q=beauty&author=Oscar%20Wilde,33,0,0
1782351891859,40,HTTP Request,200,OK,Author Query 5-8,text,true,,263,155,8,48,http://localhost:8080/search?q=beauty&author=Oscar%20Wilde,40,0,0
1782351891857,43,HTTP Request,200,OK,Author Query 5-6,text,true,,263,155,8,48,http://localhost:8080/search?q=beauty&author=Oscar%20Wilde,43,0,0
1782351891878,31,HTTP Request,200,OK,Author Query 5-1,text,true,,263,155,8,48,http://localhost:8080/search?q=beauty&author=Oscar%20Wilde,31,0,0
1782351891900,27,HTTP Request,200,OK,Author Query 5-6,text,true,,263,155,8,48,http://localhost:8080/search?q=beauty&author=Oscar%20Wilde,27,0,0
1782351891899,53,HTTP Request,200,OK,Author Query 5-8,text,true,,263,155,8,49,http://localhost:8080/search?q=beauty&author=Oscar%20Wilde,53,0,0
1782351891927,61,HTTP Request,200,OK,Author Query 5-6,text,true,,263,155,8,51,http://localhost:8080/search?q=beauty&author=Oscar%20Wilde,61,0,0
1782351891909,96,HTTP Request,200,OK,Author Query 5-1,text,true,,263,155,8,51,http://localhost:8080/search?q=beauty&author=Oscar%20Wilde,96,0,0
1782351891952,70,HTTP Request,200,OK,Author Query 5-8,text,true,,263,155,8,51,http://localhost:8080/search?q=beauty&author=Oscar%20Wilde,70,0,0
1782351892022,80,HTTP Request,200,OK,Author Query 5-8,text,true,,263,155,9,53,http://localhost:8080/search?q=beauty&author=Oscar%20Wilde,80,0,0
1782351892005,97,HTTP Request,200,OK,Author Query 5-1,text,true,,263,155,9,53,http://localhost:8080/search?q=beauty&author=Oscar%20Wilde,97,0,0
1782351892057,68,HTTP Request,200,OK,Author Query 5-9,text,true,,263,155,9,53,http://localhost:8080/search?q=beauty&author=Oscar%20Wilde,68,0,6
1782351892102,31,HTTP Request,200,OK,Author Query 5-8,text,true,,263,155,9,53,http://localhost:8080/search?q=beauty&author=Oscar%20Wilde,31,0,0
1782351892102,41,HTTP Request,200,OK,Author Query 5-1,text,true,,263,155,9,53,http://localhost:8080/search?q=beauty&author=Oscar%20Wilde,40,0,0
1782351892126,30,HTTP Request,200,OK,Author Query 5-9,text,true,,263,155,9,53,http://localhost:8080/search?q=beauty&author=Oscar%20Wilde,30,0,0
1782351892133,45,HTTP Request,200,OK,Author Query 5-8,text,true,,263,155,9,53,http://localhost:8080/search?q=beauty&author=Oscar%20Wilde,45,0,0
1782351892143,46,HTTP Request,200,OK,Author Query 5-1,text,true,,263,155,9,53,http://localhost:8080/search?q=beauty&author=Oscar%20Wilde,46,0,0
1782351892178,60,HTTP Request,200,OK,Author Query 5-8,text,true,,263,155,9,53,http://localhost:8080/search?q=beauty&author=Oscar%20Wilde,60,0,0
1782351892157,83,HTTP Request,200,OK,Author Query 5-9,text,true,,263,155,9,53,http://localhost:8080/search?q=beauty&author=Oscar%20Wilde,83,0,0
1782351892189,51,HTTP Request,200,OK,Author Query 5-1,text,true,,263,155,9,53,http://localhost:8080/search?q=beauty&author=Oscar%20Wilde,51,0,0
1782351892238,53,HTTP Request,200,OK,Author Query 5-8,text,true,,263,155,9,53,http://localhost:8080/search?q=beauty&author=Oscar%20Wilde,53,0,0
1782351892240,57,HTTP Request,200,OK,Author Query 5-9,text,true,,263,155,9,53,http://localhost:8080/search?q=beauty&author=Oscar%20Wilde,57,0,0
1782351892240,73,HTTP Request,200,OK,Author Query 5-1,text,true,,263,155,9,53,http://localhost:8080/search?q=beauty&author=Oscar%20Wilde,73,0,0
1782351892292,46,HTTP Request,200,OK,Author Query 5-8,text,true,,263,155,9,53,http://localhost:8080/search?q=beauty&author=Oscar%20Wilde,46,0,0
1782351892297,60,HTTP Request,200,OK,Author Query 5-9,text,true,,263,155,9,53,http://localhost:8080/search?q=beauty&author=Oscar%20Wilde,60,0,0
1782351892314,44,HTTP Request,200,OK,Author Query 5-1,text,true,,263,155,9,53,http://localhost:8080/search?q=beauty&author=Oscar%20Wilde,44,0,0
1782351892339,34,HTTP Request,200,OK,Author Query 5-8,text,true,,263,155,9,53,http://localhost:8080/search?q=beauty&author=Oscar%20Wilde,34,0,0
1782351892358,34,HTTP Request,200,OK,Author Query 5-1,text,true,,263,155,9,53,http://localhost:8080/search?q=beauty&author=Oscar%20Wilde,34,0,0
1782351892358,45,HTTP Request,200,OK,Author Query 5-9,text,true,,263,155,9,53,http://localhost:8080/search?q=beauty&author=Oscar%20Wilde,45,0,0
1782351892373,45,HTTP Request,200,OK,Author Query 5-8,text,true,,263,155,9,53,http://localhost:8080/search?q=beauty&author=Oscar%20Wilde,45,0,0
1782351892392,47,HTTP Request,200,OK,Author Query 5-1,text,true,,263,155,9,53,http://localhost:8080/search?q=beauty&author=Oscar%20Wilde,47,0,0
1782351892403,83,HTTP Request,200,OK,Author Query 5-9,text,true,,263,155,9,54,http://localhost:8080/search?q=beauty&author=Oscar%20Wilde,83,0,0
1782351892418,68,HTTP Request,200,OK,Author Query 5-8,text,true,,263,155,9,54,http://localhost:8080/search?q=beauty&author=Oscar%20Wilde,68,0,0
1782351892439,117,HTTP Request,200,OK,Author Query 5-1,text,true,,263,155,9,54,http://localhost:8080/search?q=beauty&author=Oscar%20Wilde,117,0,0
1782351892486,149,HTTP Request,200,OK,Author Query 5-9,text,true,,263,155,9,54,http://localhost:8080/search?q=beauty&author=Oscar%20Wilde,149,0,0
1782351892486,170,HTTP Request,200,OK,Author Query 5-8,text,true,,263,155,9,54,http://localhost:8080/search?q=beauty&author=Oscar%20Wilde,170,0,0
1782351892556,132,HTTP Request,200,OK,Author Query 5-1,text,true,,263,155,9,54,http://localhost:8080/search?q=beauty&author=Oscar%20Wilde,132,0,0
1782351892656,55,HTTP Request,200,OK,Author Query 5-8,text,true,,263,155,9,54,http://localhost:8080/search?q=beauty&author=Oscar%20Wilde,55,0,0
1782351892635,84,HTTP Request,200,OK,Author Query 5-9,text,true,,263,155,9,54,http://localhost:8080/search?q=beauty&author=Oscar%20Wilde,84,0,0
1782351892688,39,HTTP Request,200,OK,Author Query 5-1,text,true,,263,155,9,54,http://localhost:8080/search?q=beauty&author=Oscar%20Wilde,39,0,0
1782351892712,73,HTTP Request,200,OK,Author Query 5-8,text,true,,263,155,9,54,http://localhost:8080/search?q=beauty&author=Oscar%20Wilde,73,0,0
1782351892720,65,HTTP Request,200,OK,Author Query 5-9,text,true,,263,155,9,54,http://localhost:8080/search?q=beauty&author=Oscar%20Wilde,65,0,0
1782351892727,67,HTTP Request,200,OK,Author Query 5-1,text,true,,263,155,9,54,http://localhost:8080/search?q=beauty&author=Oscar%20Wilde,67,0,0
1782351892785,67,HTTP Request,200,OK,Author Query 5-8,text,true,,263,155,9,54,http://localhost:8080/search?q=beauty&author=Oscar%20Wilde,67,0,0
1782351892785,68,HTTP Request,200,OK,Author Query 5-9,text,true,,263,155,9,54,http://localhost:8080/search?q=beauty&author=Oscar%20Wilde,68,0,0
1782351892794,81,HTTP Request,200,OK,Author Query 5-1,text,true,,263,155,9,54,http://localhost:8080/search?q=beauty&author=Oscar%20Wilde,81,0,0
1782351892853,82,HTTP Request,200,OK,Author Query 5-9,text,true,,263,155,9,54,http://localhost:8080/search?q=beauty&author=Oscar%20Wilde,82,0,0
1782351892853,85,HTTP Request,200,OK,Author Query 5-8,text,true,,263,155,9,54,http://localhost:8080/search?q=beauty&author=Oscar%20Wilde,85,0,0
1782351892875,106,HTTP Request,200,OK,Author Query 5-1,text,true,,263,155,9,54,http://localhost:8080/search?q=beauty&author=Oscar%20Wilde,106,0,0
1782351892935,71,HTTP Request,200,OK,Author Query 5-9,text,true,,263,155,9,56,http://localhost:8080/search?q=beauty&author=Oscar%20Wilde,71,0,0
1782351892938,68,HTTP Request,200,OK,Author Query 5-8,text,true,,263,155,9,56,http://localhost:8080/search?q=beauty&author=Oscar%20Wilde,68,0,0
1782351892981,48,HTTP Request,200,OK,Author Query 5-1,text,true,,263,155,9,57,http://localhost:8080/search?q=beauty&author=Oscar%20Wilde,48,0,0
1782351893007,109,HTTP Request,200,OK,Author Query 5-9,text,true,,263,155,10,59,http://localhost:8080/search?q=beauty&author=Oscar%20Wilde,109,0,0
1782351893007,116,HTTP Request,200,OK,Author Query 5-8,text,true,,263,155,10,59,http://localhost:8080/search?q=beauty&author=Oscar%20Wilde,116,0,0
1782351888046,5100,HTTP Request,200,OK,Author Query 5-5,text,true,,263,155,10,59,http://localhost:8080/search?q=beauty&author=Oscar%20Wilde,5100,0,2
1782351893123,36,HTTP Request,200,OK,Author Query 5-8,text,true,,263,155,10,59,http://localhost:8080/search?q=beauty&author=Oscar%20Wilde,36,0,0
1782351893029,144,HTTP Request,200,OK,Author Query 5-1,text,true,,263,155,10,59,http://localhost:8080/search?q=beauty&author=Oscar%20Wilde,144,0,0
1782351893116,62,HTTP Request,200,OK,Author Query 5-9,text,true,,263,155,10,59,http://localhost:8080/search?q=beauty&author=Oscar%20Wilde,62,0,0
1782351893056,123,HTTP Request,200,OK,Author Query 5-10,text,true,,263,155,10,59,http://localhost:8080/search?q=beauty&author=Oscar%20Wilde,123,0,1
1782351893146,47,HTTP Request,200,OK,Author Query 5-5,text,true,,263,155,10,59,http://localhost:8080/search?q=beauty&author=Oscar%20Wilde,47,0,0
1782351893160,33,HTTP Request,200,OK,Author Query 5-8,text,true,,263,155,10,59,http://localhost:8080/search?q=beauty&author=Oscar%20Wilde,33,0,0
1782351893178,24,HTTP Request,200,OK,Author Query 5-9,text,true,,263,155,10,59,http://localhost:8080/search?q=beauty&author=Oscar%20Wilde,24,0,0
1782351893173,34,HTTP Request,200,OK,Author Query 5-1,text,true,,263,155,10,59,http://localhost:8080/search?q=beauty&author=Oscar%20Wilde,34,0,0
1782351893179,28,HTTP Request,200,OK,Author Query 5-10,text,true,,263,155,10,59,http://localhost:8080/search?q=beauty&author=Oscar%20Wilde,28,0,0
1782351893193,70,HTTP Request,200,OK,Author Query 5-8,text,true,,263,155,10,59,http://localhost:8080/search?q=beauty&author=Oscar%20Wilde,70,0,0
1782351893193,79,HTTP Request,200,OK,Author Query 5-5,text,true,,263,155,10,59,http://localhost:8080/search?q=beauty&author=Oscar%20Wilde,79,0,0
1782351893202,85,HTTP Request,200,OK,Author Query 5-9,text,true,,263,155,10,59,http://localhost:8080/search?q=beauty&author=Oscar%20Wilde,85,0,0
1782351893207,88,HTTP Request,200,OK,Author Query 5-1,text,true,,263,155,10,59,http://localhost:8080/search?q=beauty&author=Oscar%20Wilde,88,0,0
1782351893207,104,HTTP Request,200,OK,Author Query 5-10,text,true,,263,155,10,59,http://localhost:8080/search?q=beauty&author=Oscar%20Wilde,104,0,0
1782351893263,97,HTTP Request,200,OK,Author Query 5-8,text,true,,263,155,10,59,http://localhost:8080/search?q=beauty&author=Oscar%20Wilde,97,0,0
1782351893272,89,HTTP Request,200,OK,Author Query 5-5,text,true,,263,155,10,59,http://localhost:8080/search?q=beauty&author=Oscar%20Wilde,89,0,0
1782351893295,96,HTTP Request,200,OK,Author Query 5-1,text,true,,263,155,10,59,http://localhost:8080/search?q=beauty&author=Oscar%20Wilde,96,0,0
1782351893311,86,HTTP Request,200,OK,Author Query 5-10,text,true,,263,155,10,59,http://localhost:8080/search?q=beauty&author=Oscar%20Wilde,86,0,0
1782351893287,110,HTTP Request,200,OK,Author Query 5-9,text,true,,263,155,10,59,http://localhost:8080/search?q=beauty&author=Oscar%20Wilde,110,0,0
1782351893361,74,HTTP Request,200,OK,Author Query 5-5,text,true,,263,155,10,59,http://localhost:8080/search?q=beauty&author=Oscar%20Wilde,74,0,0
1782351893360,75,HTTP Request,200,OK,Author Query 5-8,text,true,,263,155,10,59,http://localhost:8080/search?q=beauty&author=Oscar%20Wilde,75,0,0
1782351893397,57,HTTP Request,200,OK,Author Query 5-9,text,true,,263,155,10,60,http://localhost:8080/search?q=beauty&author=Oscar%20Wilde,57,0,0
1782351893397,61,HTTP Request,200,OK,Author Query 5-10,text,true,,263,155,10,60,http://localhost:8080/search?q=beauty&author=Oscar%20Wilde,60,0,0
1782351893392,78,HTTP Request,200,OK,Author Query 5-1,text,true,,263,155,10,60,http://localhost:8080/search?q=beauty&author=Oscar%20Wilde,78,0,0
1782351893435,58,HTTP Request,200,OK,Author Query 5-5,text,true,,263,155,10,60,http://localhost:8080/search?q=beauty&author=Oscar%20Wilde,58,0,0
1782351893435,62,HTTP Request,200,OK,Author Query 5-8,text,true,,263,155,10,60,http://localhost:8080/search?q=beauty&author=Oscar%20Wilde,62,0,0
1782351893454,67,HTTP Request,200,OK,Author Query 5-9,text,true,,263,155,10,60,http://localhost:8080/search?q=beauty&author=Oscar%20Wilde,67,0,0
1782351893458,63,HTTP Request,200,OK,Author Query 5-10,text,true,,263,155,10,60,http://localhost:8080/search?q=beauty&author=Oscar%20Wilde,63,0,0
1782351893470,84,HTTP Request,200,OK,Author Query 5-1,text,true,,263,155,10,60,http://localhost:8080/search?q=beauty&author=Oscar%20Wilde,84,0,0
1782351893497,80,HTTP Request,200,OK,Author Query 5-8,text,true,,263,155,10,60,http://localhost:8080/search?q=beauty&author=Oscar%20Wilde,80,0,0
1782351893494,89,HTTP Request,200,OK,Author Query 5-5,text,true,,263,155,10,60,http://localhost:8080/search?q=beauty&author=Oscar%20Wilde,89,0,0
1782351893521,62,HTTP Request,200,OK,Author Query 5-9,text,true,,263,155,10,60,http://localhost:8080/search?q=beauty&author=Oscar%20Wilde,62,0,0
1782351893521,78,HTTP Request,200,OK,Author Query 5-10,text,true,,263,155,10,60,http://localhost:8080/search?q=beauty&author=Oscar%20Wilde,78,0,0
1782351893583,52,HTTP Request,200,OK,Author Query 5-5,text,true,,263,155,10,60,http://localhost:8080/search?q=beauty&author=Oscar%20Wilde,52,0,0
1782351893554,82,HTTP Request,200,OK,Author Query 5-1,text,true,,263,155,10,60,http://localhost:8080/search?q=beauty&author=Oscar%20Wilde,82,0,0
1782351893577,61,HTTP Request,200,OK,Author Query 5-8,text,true,,263,155,10,60,http://localhost:8080/search?q=beauty&author=Oscar%20Wilde,61,0,0
1782351893584,67,HTTP Request,200,OK,Author Query 5-9,text,true,,263,155,10,60,http://localhost:8080/search?q=beauty&author=Oscar%20Wilde,67,0,0
1782351893599,67,HTTP Request,200,OK,Author Query 5-10,text,true,,263,155,10,60,http://localhost:8080/search?q=beauty&author=Oscar%20Wilde,67,0,0
1782351893636,36,HTTP Request,200,OK,Author Query 5-1,text,true,,263,155,10,60,http://localhost:8080/search?q=beauty&author=Oscar%20Wilde,36,0,0
1782351893635,53,HTTP Request,200,OK,Author Query 5-5,text,true,,263,155,10,60,http://localhost:8080/search?q=beauty&author=Oscar%20Wilde,53,0,0
1782351893666,39,HTTP Request,200,OK,Author Query 5-10,text,true,,263,155,10,60,http://localhost:8080/search?q=beauty&author=Oscar%20Wilde,39,0,0
1782351893651,54,HTTP Request,200,OK,Author Query 5-9,text,true,,263,155,10,60,http://localhost:8080/search?q=beauty&author=Oscar%20Wilde,54,0,0
1782351893639,67,HTTP Request,200,OK,Author Query 5-8,text,true,,263,155,10,60,http://localhost:8080/search?q=beauty&author=Oscar%20Wilde,67,0,0
1782351893689,34,HTTP Request,200,OK,Author Query 5-5,text,true,,263,155,10,60,http://localhost:8080/search?q=beauty&author=Oscar%20Wilde,34,0,0
1782351893672,51,HTTP Request,200,OK,Author Query 5-1,text,true,,263,155,10,60,http://localhost:8080/search?q=beauty&author=Oscar%20Wilde,51,0,0
1782351893705,38,HTTP Request,200,OK,Author Query 5-9,text,true,,263,155,10,60,http://localhost:8080/search?q=beauty&author=Oscar%20Wilde,38,0,0
1782351893705,43,HTTP Request,200,OK,Author Query 5-10,text,true,,263,155,10,60,http://localhost:8080/search?q=beauty&author=Oscar%20Wilde,43,0,0
1782351893706,42,HTTP Request,200,OK,Author Query 5-8,text,true,,263,155,10,60,http://localhost:8080/search?q=beauty&author=Oscar%20Wilde,42,0,0
1782351893723,32,HTTP Request,200,OK,Author Query 5-5,text,true,,263,155,10,60,http://localhost:8080/search?q=beauty&author=Oscar%20Wilde,32,0,0
1782351893723,39,HTTP Request,200,OK,Author Query 5-1,text,true,,263,155,10,60,http://localhost:8080/search?q=beauty&author=Oscar%20Wilde,39,0,0
1782351893755,44,HTTP Request,200,OK,Author Query 5-5,text,true,,263,155,10,60,http://localhost:8080/search?q=beauty&author=Oscar%20Wilde,44,0,0
1782351893749,50,HTTP Request,200,OK,Author Query 5-8,text,true,,263,155,10,60,http://localhost:8080/search?q=beauty&author=Oscar%20Wilde,50,0,0
1782351893744,67,HTTP Request,200,OK,Author Query 5-9,text,true,,263,155,10,60,http://localhost:8080/search?q=beauty&author=Oscar%20Wilde,67,0,0
1782351893749,62,HTTP Request,200,OK,Author Query 5-10,text,true,,263,155,10,60,http://localhost:8080/search?q=beauty&author=Oscar%20Wilde,62,0,0
1782351893762,69,HTTP Request,200,OK,Author Query 5-1,text,true,,263,155,10,60,http://localhost:8080/search?q=beauty&author=Oscar%20Wilde,69,0,0
1782351893800,58,HTTP Request,200,OK,Author Query 5-8,text,true,,263,155,10,60,http://localhost:8080/search?q=beauty&author=Oscar%20Wilde,58,0,0
1782351893800,62,HTTP Request,200,OK,Author Query 5-5,text,true,,263,155,10,60,http://localhost:8080/search?q=beauty&author=Oscar%20Wilde,62,0,0
1782351893811,104,HTTP Request,200,OK,Author Query 5-10,text,true,,263,155,10,60,http://localhost:8080/search?q=beauty&author=Oscar%20Wilde,104,0,0
1782351893832,92,HTTP Request,200,OK,Author Query 5-1,text,true,,263,155,10,60,http://localhost:8080/search?q=beauty&author=Oscar%20Wilde,92,0,0
1782351893858,82,HTTP Request,200,OK,Author Query 5-8,text,true,,263,155,10,60,http://localhost:8080/search?q=beauty&author=Oscar%20Wilde,82,0,0
1782351893811,129,HTTP Request,200,OK,Author Query 5-9,text,true,,263,155,10,60,http://localhost:8080/search?q=beauty&author=Oscar%20Wilde,129,0,0
1782351893863,93,HTTP Request,200,OK,Author Query 5-5,text,true,,263,155,10,61,http://localhost:8080/search?q=beauty&author=Oscar%20Wilde,93,0,0
1782351893925,72,HTTP Request,200,OK,Author Query 5-1,text,true,,263,155,10,62,http://localhost:8080/search?q=beauty&author=Oscar%20Wilde,72,0,0
1782351893915,83,HTTP Request,200,OK,Author Query 5-10,text,true,,263,155,10,62,http://localhost:8080/search?q=beauty&author=Oscar%20Wilde,83,0,0
1782351893940,58,HTTP Request,200,OK,Author Query 5-9,text,true,,263,155,10,62,http://localhost:8080/search?q=beauty&author=Oscar%20Wilde,58,0,0
1782351893940,82,HTTP Request,200,OK,Author Query 5-8,text,true,,263,155,10,62,http://localhost:8080/search?q=beauty&author=Oscar%20Wilde,82,0,0
1782351893957,65,HTTP Request,200,OK,Author Query 5-5,text,true,,263,155,10,62,http://localhost:8080/search?q=beauty&author=Oscar%20Wilde,65,0,0
1782351893997,57,HTTP Request,200,OK,Author Query 5-1,text,true,,263,155,10,62,http://localhost:8080/search?q=beauty&author=Oscar%20Wilde,57,0,0
1782351893998,56,HTTP Request,200,OK,Author Query 5-10,text,true,,263,155,10,62,http://localhost:8080/search?q=beauty&author=Oscar%20Wilde,56,0,0
1782351893998,60,HTTP Request,200,OK,Author Query 5-9,text,true,,263,155,10,62,http://localhost:8080/search?q=beauty&author=Oscar%20Wilde,60,0,0
1782351894022,51,HTTP Request,200,OK,Author Query 5-5,text,true,,263,155,10,62,http://localhost:8080/search?q=beauty&author=Oscar%20Wilde,51,0,0
1782351894058,43,HTTP Request,200,OK,Author Query 5-9,text,true,,263,155,10,62,http://localhost:8080/search?q=beauty&author=Oscar%20Wilde,43,0,0
1782351894055,51,HTTP Request,200,OK,Author Query 5-10,text,true,,263,155,10,62,http://localhost:8080/search?q=beauty&author=Oscar%20Wilde,51,0,0
1782351894022,84,HTTP Request,200,OK,Author Query 5-8,text,true,,263,155,10,62,http://localhost:8080/search?q=beauty&author=Oscar%20Wilde,84,0,0
1782351894055,52,HTTP Request,200,OK,Author Query 5-1,text,true,,263,155,10,62,http://localhost:8080/search?q=beauty&author=Oscar%20Wilde,52,0,0
1782351894074,49,HTTP Request,200,OK,Author Query 5-5,text,true,,263,155,10,62,http://localhost:8080/search?q=beauty&author=Oscar%20Wilde,49,0,0
1782351894124,51,HTTP Request,200,OK,Author Query 5-5,text,true,,263,155,10,62,http://localhost:8080/search?q=beauty&author=Oscar%20Wilde,51,0,0
1782351894107,68,HTTP Request,200,OK,Author Query 5-1,text,true,,263,155,10,62,http://localhost:8080/search?q=beauty&author=Oscar%20Wilde,68,0,0
1782351894101,74,HTTP Request,200,OK,Author Query 5-9,text,true,,263,155,10,62,http://localhost:8080/search?q=beauty&author=Oscar%20Wilde,74,0,0
1782351894107,109,HTTP Request,200,OK,Author Query 5-8,text,true,,263,155,10,62,http://localhost:8080/search?q=beauty&author=Oscar%20Wilde,109,0,0
1782351894107,114,HTTP Request,200,OK,Author Query 5-10,text,true,,263,155,10,62,http://localhost:8080/search?q=beauty&author=Oscar%20Wilde,114,0,0
1782351894175,67,HTTP Request,200,OK,Author Query 5-1,text,true,,263,155,10,62,http://localhost:8080/search?q=beauty&author=Oscar%20Wilde,67,0,0
1782351894175,101,HTTP Request,200,OK,Author Query 5-5,text,true,,263,155,10,62,http://localhost:8080/search?q=beauty&author=Oscar%20Wilde,101,0,0
1782351894175,103,HTTP Request,200,OK,Author Query 5-9,text,true,,263,155,10,62,http://localhost:8080/search?q=beauty&author=Oscar%20Wilde,103,0,0
1782351894221,58,HTTP Request,200,OK,Author Query 5-10,text,true,,263,155,10,62,http://localhost:8080/search?q=beauty&author=Oscar%20Wilde,58,0,0
1782351894217,64,HTTP Request,200,OK,Author Query 5-8,text,true,,263,155,10,62,http://localhost:8080/search?q=beauty&author=Oscar%20Wilde,64,0,0
1782351894242,66,HTTP Request,200,OK,Author Query 5-1,text,true,,263,155,10,62,http://localhost:8080/search?q=beauty&author=Oscar%20Wilde,66,0,0
1782351894278,54,HTTP Request,200,OK,Author Query 5-9,text,true,,263,155,10,62,http://localhost:8080/search?q=beauty&author=Oscar%20Wilde,54,0,0
1782351894282,51,HTTP Request,200,OK,Author Query 5-8,text,true,,263,155,10,62,http://localhost:8080/search?q=beauty&author=Oscar%20Wilde,51,0,0
1782351894279,54,HTTP Request,200,OK,Author Query 5-10,text,true,,263,155,10,62,http://localhost:8080/search?q=beauty&author=Oscar%20Wilde,54,0,0
1782351894277,69,HTTP Request,200,OK,Author Query 5-5,text,true,,263,155,10,62,http://localhost:8080/search?q=beauty&author=Oscar%20Wilde,69,0,0
1782351894308,64,HTTP Request,200,OK,Author Query 5-1,text,true,,263,155,10,62,http://localhost:8080/search?q=beauty&author=Oscar%20Wilde,64,0,0
1782351894333,59,HTTP Request,200,OK,Author Query 5-9,text,true,,263,155,10,62,http://localhost:8080/search?q=beauty&author=Oscar%20Wilde,59,0,0
1782351894333,61,HTTP Request,200,OK,Author Query 5-10,text,true,,263,155,10,62,http://localhost:8080/search?q=beauty&author=Oscar%20Wilde,61,0,0
1782351894347,50,HTTP Request,200,OK,Author Query 5-5,text,true,,263,155,10,62,http://localhost:8080/search?q=beauty&author=Oscar%20Wilde,50,0,0
1782351894333,64,HTTP Request,200,OK,Author Query 5-8,text,true,,263,155,10,62,http://localhost:8080/search?q=beauty&author=Oscar%20Wilde,64,0,0
1782351894372,40,HTTP Request,200,OK,Author Query 5-1,text,true,,263,155,10,62,http://localhost:8080/search?q=beauty&author=Oscar%20Wilde,40,0,0
1782351894393,26,HTTP Request,200,OK,Author Query 5-9,text,true,,263,155,10,62,http://localhost:8080/search?q=beauty&author=Oscar%20Wilde,26,0,0
1782351894394,33,HTTP Request,200,OK,Author Query 5-10,text,true,,263,155,10,62,http://localhost:8080/search?q=beauty&author=Oscar%20Wilde,33,0,0
1782351894397,33,HTTP Request,200,OK,Author Query 5-5,text,true,,263,155,10,62,http://localhost:8080/search?q=beauty&author=Oscar%20Wilde,33,0,0
1782351894398,44,HTTP Request,200,OK,Author Query 5-8,text,true,,263,155,10,62,http://localhost:8080/search?q=beauty&author=Oscar%20Wilde,44,0,0
1782351894413,41,HTTP Request,200,OK,Author Query 5-1,text,true,,263,155,10,62,http://localhost:8080/search?q=beauty&author=Oscar%20Wilde,41,0,0
1782351894419,48,HTTP Request,200,OK,Author Query 5-9,text,true,,263,155,10,62,http://localhost:8080/search?q=beauty&author=Oscar%20Wilde,48,0,0
1782351894427,40,HTTP Request,200,OK,Author Query 5-10,text,true,,263,155,10,62,http://localhost:8080/search?q=beauty&author=Oscar%20Wilde,40,0,0
1782351894430,60,HTTP Request,200,OK,Author Query 5-5,text,true,,263,155,10,62,http://localhost:8080/search?q=beauty&author=Oscar%20Wilde,60,0,0
1782351894467,34,HTTP Request,200,OK,Author Query 5-9,text,true,,263,155,10,62,http://localhost:8080/search?q=beauty&author=Oscar%20Wilde,34,0,0
1782351894467,44,HTTP Request,200,OK,Author Query 5-10,text,true,,263,155,10,62,http://localhost:8080/search?q=beauty&author=Oscar%20Wilde,44,0,0
1782351894442,74,HTTP Request,200,OK,Author Query 5-8,text,true,,263,155,10,62,http://localhost:8080/search?q=beauty&author=Oscar%20Wilde,74,0,0
1782351894454,63,HTTP Request,200,OK,Author Query 5-1,text,true,,263,155,10,62,http://localhost:8080/search?q=beauty&author=Oscar%20Wilde,63,0,0
1782351894501,36,HTTP Request,200,OK,Author Query 5-9,text,true,,263,155,10,62,http://localhost:8080/search?q=beauty&author=Oscar%20Wilde,36,0,0
1782351894490,49,HTTP Request,200,OK,Author Query 5-5,text,true,,263,155,10,62,http://localhost:8080/search?q=beauty&author=Oscar%20Wilde,49,0,0
1782351894511,33,HTTP Request,200,OK,Author Query 5-10,text,true,,263,155,10,62,http://localhost:8080/search?q=beauty&author=Oscar%20Wilde,33,0,0
1782351894518,37,HTTP Request,200,OK,Author Query 5-1,text,true,,263,155,10,62,http://localhost:8080/search?q=beauty&author=Oscar%20Wilde,37,0,0
1782351894516,39,HTTP Request,200,OK,Author Query 5-8,text,true,,263,155,10,62,http://localhost:8080/search?q=beauty&author=Oscar%20Wilde,39,0,0
1782351894545,53,HTTP Request,200,OK,Author Query 5-10,text,true,,263,155,10,62,http://localhost:8080/search?q=beauty&author=Oscar%20Wilde,53,0,0
1782351894538,77,HTTP Request,200,OK,Author Query 5-9,text,true,,263,155,10,62,http://localhost:8080/search?q=beauty&author=Oscar%20Wilde,77,0,0
1782351894555,83,HTTP Request,200,OK,Author Query 5-8,text,true,,263,155,10,62,http://localhost:8080/search?q=beauty&author=Oscar%20Wilde,83,0,0
1782351894556,87,HTTP Request,200,OK,Author Query 5-1,text,true,,263,155,10,62,http://localhost:8080/search?q=beauty&author=Oscar%20Wilde,87,0,0
1782351894539,105,HTTP Request,200,OK,Author Query 5-5,text,true,,263,155,10,62,http://localhost:8080/search?q=beauty&author=Oscar%20Wilde,105,0,0
1782351894598,47,HTTP Request,200,OK,Author Query 5-10,text,true,,263,155,10,62,http://localhost:8080/search?q=beauty&author=Oscar%20Wilde,47,0,0
1782351894638,48,HTTP Request,200,OK,Author Query 5-8,text,true,,263,155,10,62,http://localhost:8080/search?q=beauty&author=Oscar%20Wilde,48,0,0
1782351894615,71,HTTP Request,200,OK,Author Query 5-9,text,true,,263,155,10,62,http://localhost:8080/search?q=beauty&author=Oscar%20Wilde,71,0,0
1782351894645,42,HTTP Request,200,OK,Author Query 5-5,text,true,,263,155,10,62,http://localhost:8080/search?q=beauty&author=Oscar%20Wilde,42,0,0
1782351894645,52,HTTP Request,200,OK,Author Query 5-10,text,true,,263,155,10,62,http://localhost:8080/search?q=beauty&author=Oscar%20Wilde,52,0,0
1782351894644,56,HTTP Request,200,OK,Author Query 5-1,text,true,,263,155,10,62,http://localhost:8080/search?q=beauty&author=Oscar%20Wilde,56,0,0
1782351894687,28,HTTP Request,200,OK,Author Query 5-5,text,true,,263,155,10,62,http://localhost:8080/search?q=beauty&author=Oscar%20Wilde,28,0,0
1782351894686,30,HTTP Request,200,OK,Author Query 5-9,text,true,,263,155,10,62,http://localhost:8080/search?q=beauty&author=Oscar%20Wilde,30,0,0
1782351894686,34,HTTP Request,200,OK,Author Query 5-8,text,true,,263,155,10,62,http://localhost:8080/search?q=beauty&author=Oscar%20Wilde,34,0,0
1782351894700,49,HTTP Request,200,OK,Author Query 5-1,text,true,,263,155,10,62,http://localhost:8080/search?q=beauty&author=Oscar%20Wilde,49,0,0
1782351894720,32,HTTP Request,200,OK,Author Query 5-8,text,true,,263,155,10,62,http://localhost:8080/search?q=beauty&author=Oscar%20Wilde,32,0,0
1782351894715,37,HTTP Request,200,OK,Author Query 5-5,text,true,,263,155,10,62,http://localhost:8080/search?q=beauty&author=Oscar%20Wilde,37,0,0
1782351894697,56,HTTP Request,200,OK,Author Query 5-10,text,true,,263,155,10,62,http://localhost:8080/search?q=beauty&author=Oscar%20Wilde,56,0,0
1782351894716,37,HTTP Request,200,OK,Author Query 5-9,text,true,,263,155,10,62,http://localhost:8080/search?q=beauty&author=Oscar%20Wilde,37,0,0
1782351894752,32,HTTP Request,200,OK,Author Query 5-8,text,true,,263,155,10,62,http://localhost:8080/search?q=beauty&author=Oscar%20Wilde,32,0,0
1782351894749,41,HTTP Request,200,OK,Author Query 5-1,text,true,,263,155,10,62,http://localhost:8080/search?q=beauty&author=Oscar%20Wilde,41,0,0
1782351894753,37,HTTP Request,200,OK,Author Query 5-10,text,true,,263,155,10,62,http://localhost:8080/search?q=beauty&author=Oscar%20Wilde,37,0,0
1782351894753,40,HTTP Request,200,OK,Author Query 5-9,text,true,,263,155,10,62,http://localhost:8080/search?q=beauty&author=Oscar%20Wilde,40,0,0
1782351894752,42,HTTP Request,200,OK,Author Query 5-5,text,true,,263,155,10,62,http://localhost:8080/search?q=beauty&author=Oscar%20Wilde,42,0,0
1782351894784,34,HTTP Request,200,OK,Author Query 5-8,text,true,,263,155,10,62,http://localhost:8080/search?q=beauty&author=Oscar%20Wilde,34,0,0
1782351894793,60,HTTP Request,200,OK,Author Query 5-9,text,true,,263,155,10,62,http://localhost:8080/search?q=beauty&author=Oscar%20Wilde,60,0,0
1782351894794,66,HTTP Request,200,OK,Author Query 5-5,text,true,,263,155,10,62,http://localhost:8080/search?q=beauty&author=Oscar%20Wilde,66,0,0
1782351894791,70,HTTP Request,200,OK,Author Query 5-1,text,true,,263,155,10,62,http://localhost:8080/search?q=beauty&author=Oscar%20Wilde,70,0,0
1782351894791,70,HTTP Request,200,OK,Author Query 5-10,text,true,,263,155,10,62,http://localhost:8080/search?q=beauty&author=Oscar%20Wilde,70,0,0
1782351894818,67,HTTP Request,200,OK,Author Query 5-8,text,true,,263,155,10,62,http://localhost:8080/search?q=beauty&author=Oscar%20Wilde,67,0,0
1782351887494,7395,HTTP Request,200,OK,Author Query 5-4,text,true,,263,155,10,62,http://localhost:8080/search?q=beauty&author=Oscar%20Wilde,7395,0,0
1782351894853,38,HTTP Request,200,OK,Author Query 5-9,text,true,,263,155,10,62,http://localhost:8080/search?q=beauty&author=Oscar%20Wilde,38,0,0
1782351894861,53,HTTP Request,200,OK,Author Query 5-5,text,true,,263,155,10,62,http://localhost:8080/search?q=beauty&author=Oscar%20Wilde,53,0,0
1782351894861,61,HTTP Request,200,OK,Author Query 5-1,text,true,,263,155,10,62,http://localhost:8080/search?q=beauty&author=Oscar%20Wilde,61,0,0
1782351894862,62,HTTP Request,200,OK,Author Query 5-10,text,true,,263,155,10,62,http://localhost:8080/search?q=beauty&author=Oscar%20Wilde,62,0,0
1782351894886,52,HTTP Request,200,OK,Author Query 5-8,text,true,,263,155,10,62,http://localhost:8080/search?q=beauty&author=Oscar%20Wilde,52,0,0
1782351894891,77,HTTP Request,200,OK,Author Query 5-9,text,true,,263,155,10,62,http://localhost:8080/search?q=beauty&author=Oscar%20Wilde,77,0,0
1782351894889,89,HTTP Request,200,OK,Author Query 5-4,text,true,,263,155,10,62,http://localhost:8080/search?q=beauty&author=Oscar%20Wilde,89,0,0
1782351894923,82,HTTP Request,200,OK,Author Query 5-1,text,true,,263,155,10,64,http://localhost:8080/search?q=beauty&author=Oscar%20Wilde,82,0,0
1782351894938,67,HTTP Request,200,OK,Author Query 5-8,text,true,,263,155,10,64,http://localhost:8080/search?q=beauty&author=Oscar%20Wilde,67,0,0
1782351894914,93,HTTP Request,200,OK,Author Query 5-5,text,true,,263,155,10,64,http://localhost:8080/search?q=beauty&author=Oscar%20Wilde,93,0,0
1782351894925,87,HTTP Request,200,OK,Author Query 5-10,text,true,,263,155,10,64,http://localhost:8080/search?q=beauty&author=Oscar%20Wilde,87,0,0
1782351894978,62,HTTP Request,200,OK,Author Query 5-4,text,true,,263,155,10,64,http://localhost:8080/search?q=beauty&author=Oscar%20Wilde,62,0,0
1782351889988,5067,HTTP Request,200,OK,Author Query 5-3,text,true,,263,155,10,64,http://localhost:8080/search?q=beauty&author=Oscar%20Wilde,5067,0,0
1782351894968,90,HTTP Request,200,OK,Author Query 5-9,text,true,,263,155,10,64,http://localhost:8080/search?q=beauty&author=Oscar%20Wilde,90,0,0
1782351895006,63,HTTP Request,200,OK,Author Query 5-8,text,true,,263,155,10,64,http://localhost:8080/search?q=beauty&author=Oscar%20Wilde,63,0,0
1782351895040,53,HTTP Request,200,OK,Author Query 5-4,text,true,,263,155,10,64,http://localhost:8080/search?q=beauty&author=Oscar%20Wilde,53,0,0
1782351895008,86,HTTP Request,200,OK,Author Query 5-5,text,true,,263,155,10,64,http://localhost:8080/search?q=beauty&author=Oscar%20Wilde,86,0,0
1782351895012,90,HTTP Request,200,OK,Author Query 5-10,text,true,,263,155,10,64,http://localhost:8080/search?q=beauty&author=Oscar%20Wilde,90,0,0
1782351895006,103,HTTP Request,200,OK,Author Query 5-1,text,true,,263,155,10,64,http://localhost:8080/search?q=beauty&author=Oscar%20Wilde,103,0,0
1782351895059,62,HTTP Request,200,OK,Author Query 5-9,text,true,,263,155,10,64,http://localhost:8080/search?q=beauty&author=Oscar%20Wilde,62,0,0
1782351895056,67,HTTP Request,200,OK,Author Query 5-3,text,true,,263,155,10,64,http://localhost:8080/search?q=beauty&author=Oscar%20Wilde,67,0,0
1782351890090,5068,HTTP Request,200,OK,Author Query 5-2,text,true,,263,155,10,64,http://localhost:8080/search?q=beauty&author=Oscar%20Wilde,5068,0,0
1782351895094,66,HTTP Request,200,OK,Author Query 5-5,text,true,,263,155,10,64,http://localhost:8080/search?q=beauty&author=Oscar%20Wilde,66,0,0
1782351895070,90,HTTP Request,200,OK,Author Query 5-8,text,true,,263,155,10,64,http://localhost:8080/search?q=beauty&author=Oscar%20Wilde,90,0,0
1782351895094,66,HTTP Request,200,OK,Author Query 5-4,text,true,,263,155,10,64,http://localhost:8080/search?q=beauty&author=Oscar%20Wilde,66,0,0
1782351895109,56,HTTP Request,200,OK,Author Query 5-1,text,true,,263,155,10,64,http://localhost:8080/search?q=beauty&author=Oscar%20Wilde,56,0,0
1782351895103,92,HTTP Request,200,OK,Author Query 5-10,text,true,,263,155,10,64,http://localhost:8080/search?q=beauty&author=Oscar%20Wilde,92,0,0
1782351895122,82,HTTP Request,200,OK,Author Query 5-9,text,true,,263,155,10,64,http://localhost:8080/search?q=beauty&author=Oscar%20Wilde,82,0,0
1782351895123,117,HTTP Request,200,OK,Author Query 5-3,text,true,,263,155,10,64,http://localhost:8080/search?q=beauty&author=Oscar%20Wilde,117,0,0
1782351895166,76,HTTP Request,200,OK,Author Query 5-1,text,true,,263,155,10,64,http://localhost:8080/search?q=beauty&author=Oscar%20Wilde,76,0,0
1782351895195,60,HTTP Request,200,OK,Author Query 5-10,text,true,,263,155,10,64,http://localhost:8080/search?q=beauty&author=Oscar%20Wilde,60,0,0
1782351895205,76,HTTP Request,200,OK,Author Query 5-9,text,true,,263,155,10,64,http://localhost:8080/search?q=beauty&author=Oscar%20Wilde,76,0,0
1782351895158,124,HTTP Request,200,OK,Author Query 5-2,text,true,,263,155,10,64,http://localhost:8080/search?q=beauty&author=Oscar%20Wilde,124,0,0
1782351895160,122,HTTP Request,200,OK,Author Query 5-8,text,true,,263,155,10,64,http://localhost:8080/search?q=beauty&author=Oscar%20Wilde,122,0,0
1782351895160,124,HTTP Request,200,OK,Author Query 5-5,text,true,,263,155,10,64,http://localhost:8080/search?q=beauty&author=Oscar%20Wilde,124,0,0
1782351895160,124,HTTP Request,200,OK,Author Query 5-4,text,true,,263,155,10,64,http://localhost:8080/search?q=beauty&author=Oscar%20Wilde,124,0,0
1782351895283,43,HTTP Request,200,OK,Author Query 5-2,text,true,,263,155,10,64,http://localhost:8080/search?q=beauty&author=Oscar%20Wilde,43,0,0
1782351895241,88,HTTP Request,200,OK,Author Query 5-3,text,true,,263,155,10,64,http://localhost:8080/search?q=beauty&author=Oscar%20Wilde,88,0,0
1782351895243,86,HTTP Request,200,OK,Author Query 5-1,text,true,,263,155,10,64,http://localhost:8080/search?q=beauty&author=Oscar%20Wilde,86,0,0
1782351895255,75,HTTP Request,200,OK,Author Query 5-10,text,true,,263,155,10,64,http://localhost:8080/search?q=beauty&author=Oscar%20Wilde,75,0,0
1782351895281,50,HTTP Request,200,OK,Author Query 5-9,text,true,,263,155,10,64,http://localhost:8080/search?q=beauty&author=Oscar%20Wilde,50,0,0
1782351895283,64,HTTP Request,200,OK,Author Query 5-8,text,true,,263,155,10,64,http://localhost:8080/search?q=beauty&author=Oscar%20Wilde,64,0,0
1782351895284,63,HTTP Request,200,OK,Author Query 5-5,text,true,,263,155,10,64,http://localhost:8080/search?q=beauty&author=Oscar%20Wilde,63,0,0
1782351895285,63,HTTP Request,200,OK,Author Query 5-4,text,true,,263,155,10,64,http://localhost:8080/search?q=beauty&author=Oscar%20Wilde,63,0,0
1782351895348,42,HTTP Request,200,OK,Author Query 5-4,text,true,,263,155,10,64,http://localhost:8080/search?q=beauty&author=Oscar%20Wilde,42,0,0
1782351895330,60,HTTP Request,200,OK,Author Query 5-10,text,true,,263,155,10,64,http://localhost:8080/search?q=beauty&author=Oscar%20Wilde,60,0,0
1782351895330,60,HTTP Request,200,OK,Author Query 5-3,text,true,,263,155,10,64,http://localhost:8080/search?q=beauty&author=Oscar%20Wilde,60,0,0
1782351895331,59,HTTP Request,200,OK,Author Query 5-9,text,true,,263,155,10,64,http://localhost:8080/search?q=beauty&author=Oscar%20Wilde,59,0,0
1782351895327,63,HTTP Request,200,OK,Author Query 5-2,text,true,,263,155,10,64,http://localhost:8080/search?q=beauty&author=Oscar%20Wilde,63,0,0
1782351895347,69,HTTP Request,200,OK,Author Query 5-8,text,true,,263,155,10,64,http://localhost:8080/search?q=beauty&author=Oscar%20Wilde,69,0,0
1782351895390,62,HTTP Request,200,OK,Author Query 5-3,text,true,,263,155,10,64,http://localhost:8080/search?q=beauty&author=Oscar%20Wilde,62,0,0
1782351895390,62,HTTP Request,200,OK,Author Query 5-10,text,true,,263,155,10,64,http://localhost:8080/search?q=beauty&author=Oscar%20Wilde,62,0,0
1782351895391,73,HTTP Request,200,OK,Author Query 5-2,text,true,,263,155,10,64,http://localhost:8080/search?q=beauty&author=Oscar%20Wilde,73,0,0
1782351895390,78,HTTP Request,200,OK,Author Query 5-4,text,true,,263,155,10,64,http://localhost:8080/search?q=beauty&author=Oscar%20Wilde,78,0,0
1782351895390,79,HTTP Request,200,OK,Author Query 5-9,text,true,,263,155,10,64,http://localhost:8080/search?q=beauty&author=Oscar%20Wilde,79,0,0
1782351895330,139,HTTP Request,200,OK,Author Query 5-1,text,true,,263,155,10,64,http://localhost:8080/search?q=beauty&author=Oscar%20Wilde,139,0,0
1782351895348,122,HTTP Request,200,OK,Author Query 5-5,text,true,,263,155,10,64,http://localhost:8080/search?q=beauty&author=Oscar%20Wilde,122,0,0
1782351895417,59,HTTP Request,200,OK,Author Query 5-8,text,true,,263,155,10,64,http://localhost:8080/search?q=beauty&author=Oscar%20Wilde,59,0,0
1782351895452,59,HTTP Request,200,OK,Author Query 5-3,text,true,,263,155,10,64,http://localhost:8080/search?q=beauty&author=Oscar%20Wilde,59,0,0
1782351895452,74,HTTP Request,200,OK,Author Query 5-10,text,true,,263,155,10,64,http://localhost:8080/search?q=beauty&author=Oscar%20Wilde,74,0,0
1782351895470,58,HTTP Request,200,OK,Author Query 5-1,text,true,,263,155,10,64,http://localhost:8080/search?q=beauty&author=Oscar%20Wilde,58,0,0
1782351895470,83,HTTP Request,200,OK,Author Query 5-9,text,true,,263,155,10,64,http://localhost:8080/search?q=beauty&author=Oscar%20Wilde,83,0,0
1782351895476,78,HTTP Request,200,OK,Author Query 5-8,text,true,,263,155,10,64,http://localhost:8080/search?q=beauty&author=Oscar%20Wilde,78,0,0
1782351895464,98,HTTP Request,200,OK,Author Query 5-2,text,true,,263,155,10,64,http://localhost:8080/search?q=beauty&author=Oscar%20Wilde,98,0,0
1782351895470,92,HTTP Request,200,OK,Author Query 5-5,text,true,,263,155,10,64,http://localhost:8080/search?q=beauty&author=Oscar%20Wilde,92,0,0
1782351895469,99,HTTP Request,200,OK,Author Query 5-4,text,true,,263,155,10,64,http://localhost:8080/search?q=beauty&author=Oscar%20Wilde,99,0,0
1782351895529,58,HTTP Request,200,OK,Author Query 5-1,text,true,,263,155,10,64,http://localhost:8080/search?q=beauty&author=Oscar%20Wilde,58,0,0
1782351895554,49,HTTP Request,200,OK,Author Query 5-8,text,true,,263,155,10,64,http://localhost:8080/search?q=beauty&author=Oscar%20Wilde,49,0,0
1782351895553,55,HTTP Request,200,OK,Author Query 5-9,text,true,,263,155,10,64,http://localhost:8080/search?q=beauty&author=Oscar%20Wilde,55,0,0
1782351895563,56,HTTP Request,200,OK,Author Query 5-5,text,true,,263,155,10,64,http://localhost:8080/search?q=beauty&author=Oscar%20Wilde,56,0,0
1782351895526,103,HTTP Request,200,OK,Author Query 5-10,text,true,,263,155,10,64,http://localhost:8080/search?q=beauty&author=Oscar%20Wilde,103,0,0
1782351895512,125,HTTP Request,200,OK,Author Query 5-3,text,true,,263,155,10,64,http://localhost:8080/search?q=beauty&author=Oscar%20Wilde,125,0,0
1782351895587,71,HTTP Request,200,OK,Author Query 5-1,text,true,,263,155,10,64,http://localhost:8080/search?q=beauty&author=Oscar%20Wilde,71,0,0
1782351895568,91,HTTP Request,200,OK,Author Query 5-4,text,true,,263,155,10,64,http://localhost:8080/search?q=beauty&author=Oscar%20Wilde,91,0,0
1782351895608,58,HTTP Request,200,OK,Author Query 5-9,text,true,,263,155,10,64,http://localhost:8080/search?q=beauty&author=Oscar%20Wilde,58,0,0
1782351895629,37,HTTP Request,200,OK,Author Query 5-10,text,true,,263,155,10,64,http://localhost:8080/search?q=beauty&author=Oscar%20Wilde,37,0,0
1782351895563,104,HTTP Request,200,OK,Author Query 5-2,text,true,,263,155,10,64,http://localhost:8080/search?q=beauty&author=Oscar%20Wilde,104,0,0
1782351895603,101,HTTP Request,200,OK,Author Query 5-8,text,true,,263,155,10,64,http://localhost:8080/search?q=beauty&author=Oscar%20Wilde,101,0,0
1782351895638,73,HTTP Request,200,OK,Author Query 5-3,text,true,,263,155,10,64,http://localhost:8080/search?q=beauty&author=Oscar%20Wilde,73,0,0
1782351895620,94,HTTP Request,200,OK,Author Query 5-5,text,true,,263,155,10,64,http://localhost:8080/search?q=beauty&author=Oscar%20Wilde,94,0,0
1782351895659,60,HTTP Request,200,OK,Author Query 5-1,text,true,,263,155,10,64,http://localhost:8080/search?q=beauty&author=Oscar%20Wilde,60,0,0
1782351895659,74,HTTP Request,200,OK,Author Query 5-4,text,true,,263,155,10,64,http://localhost:8080/search?q=beauty&author=Oscar%20Wilde,74,0,0
1782351895667,66,HTTP Request,200,OK,Author Query 5-10,text,true,,263,155,10,64,http://localhost:8080/search?q=beauty&author=Oscar%20Wilde,66,0,0
1782351895667,67,HTTP Request,200,OK,Author Query 5-9,text,true,,263,155,10,64,http://localhost:8080/search?q=beauty&author=Oscar%20Wilde,67,0,0
1782351895667,78,HTTP Request,200,OK,Author Query 5-2,text,true,,263,155,10,64,http://localhost:8080/search?q=beauty&author=Oscar%20Wilde,78,0,0
1782351895705,59,HTTP Request,200,OK,Author Query 5-8,text,true,,263,155,10,64,http://localhost:8080/search?q=beauty&author=Oscar%20Wilde,59,0,0
1782351895714,79,HTTP Request,200,OK,Author Query 5-5,text,true,,263,155,10,64,http://localhost:8080/search?q=beauty&author=Oscar%20Wilde,79,0,0
1782351895719,88,HTTP Request,200,OK,Author Query 5-1,text,true,,263,155,10,64,http://localhost:8080/search?q=beauty&author=Oscar%20Wilde,88,0,0
1782351895711,96,HTTP Request,200,OK,Author Query 5-3,text,true,,263,155,10,64,http://localhost:8080/search?q=beauty&author=Oscar%20Wilde,96,0,0
1782351895734,81,HTTP Request,200,OK,Author Query 5-10,text,true,,263,155,10,64,http://localhost:8080/search?q=beauty&author=Oscar%20Wilde,81,0,0
1782351895746,73,HTTP Request,200,OK,Author Query 5-2,text,true,,263,155,10,64,http://localhost:8080/search?q=beauty&author=Oscar%20Wilde,73,0,0
1782351895733,87,HTTP Request,200,OK,Author Query 5-4,text,true,,263,155,10,64,http://localhost:8080/search?q=beauty&author=Oscar%20Wilde,87,0,0
1782351895734,86,HTTP Request,200,OK,Author Query 5-9,text,true,,263,155,10,64,http://localhost:8080/search?q=beauty&author=Oscar%20Wilde,86,0,0
1782351895764,80,HTTP Request,200,OK,Author Query 5-8,text,true,,263,155,10,64,http://localhost:8080/search?q=beauty&author=Oscar%20Wilde,80,0,0
1782351895794,71,HTTP Request,200,OK,Author Query 5-5,text,true,,263,155,10,64,http://localhost:8080/search?q=beauty&author=Oscar%20Wilde,71,0,0
1782351895807,63,HTTP Request,200,OK,Author Query 5-1,text,true,,263,155,10,64,http://localhost:8080/search?q=beauty&author=Oscar%20Wilde,63,0,0
1782351895807,69,HTTP Request,200,OK,Author Query 5-3,text,true,,263,155,10,64,http://localhost:8080/search?q=beauty&author=Oscar%20Wilde,69,0,0
1782351895815,72,HTTP Request,200,OK,Author Query 5-10,text,true,,263,155,10,64,http://localhost:8080/search?q=beauty&author=Oscar%20Wilde,72,0,0
1782351895819,68,HTTP Request,200,OK,Author Query 5-2,text,true,,263,155,10,64,http://localhost:8080/search?q=beauty&author=Oscar%20Wilde,68,0,0
1782351895820,74,HTTP Request,200,OK,Author Query 5-9,text,true,,263,155,10,64,http://localhost:8080/search?q=beauty&author=Oscar%20Wilde,74,0,0
1782351895844,50,HTTP Request,200,OK,Author Query 5-8,text,true,,263,155,10,64,http://localhost:8080/search?q=beauty&author=Oscar%20Wilde,50,0,0
1782351895820,75,HTTP Request,200,OK,Author Query 5-4,text,true,,263,155,10,64,http://localhost:8080/search?q=beauty&author=Oscar%20Wilde,75,0,0
1782351895865,44,HTTP Request,200,OK,Author Query 5-5,text,true,,263,155,10,64,http://localhost:8080/search?q=beauty&author=Oscar%20Wilde,43,0,0
1782351895870,64,HTTP Request,200,OK,Author Query 5-1,text,true,,263,155,10,64,http://localhost:8080/search?q=beauty&author=Oscar%20Wilde,64,0,0
1782351895876,60,HTTP Request,200,OK,Author Query 5-3,text,true,,263,155,10,64,http://localhost:8080/search?q=beauty&author=Oscar%20Wilde,60,0,0
1782351895895,66,HTTP Request,200,OK,Author Query 5-4,text,true,,263,155,10,64,http://localhost:8080/search?q=beauty&author=Oscar%20Wilde,66,0,0
1782351895888,80,HTTP Request,200,OK,Author Query 5-2,text,true,,263,155,10,64,http://localhost:8080/search?q=beauty&author=Oscar%20Wilde,80,0,0
1782351895888,80,HTTP Request,200,OK,Author Query 5-10,text,true,,263,155,10,64,http://localhost:8080/search?q=beauty&author=Oscar%20Wilde,80,0,0
1782351895894,77,HTTP Request,200,OK,Author Query 5-8,text,true,,263,155,10,64,http://localhost:8080/search?q=beauty&author=Oscar%20Wilde,77,0,0
1782351895909,73,HTTP Request,200,OK,Author Query 5-5,text,true,,263,155,10,64,http://localhost:8080/search?q=beauty&author=Oscar%20Wilde,73,0,0
1782351895894,124,HTTP Request,200,OK,Author Query 5-9,text,true,,263,155,10,66,http://localhost:8080/search?q=beauty&author=Oscar%20Wilde,124,0,0
1782351895934,104,HTTP Request,200,OK,Author Query 5-1,text,true,,263,155,10,66,http://localhost:8080/search?q=beauty&author=Oscar%20Wilde,104,0,0
1782351895968,83,HTTP Request,200,OK,Author Query 5-10,text,true,,263,155,10,66,http://localhost:8080/search?q=beauty&author=Oscar%20Wilde,83,0,0
1782351895968,95,HTTP Request,200,OK,Author Query 5-2,text,true,,263,155,10,66,http://localhost:8080/search?q=beauty&author=Oscar%20Wilde,95,0,0
1782351895971,92,HTTP Request,200,OK,Author Query 5-8,text,true,,263,155,10,66,http://localhost:8080/search?q=beauty&author=Oscar%20Wilde,92,0,0
1782351895961,102,HTTP Request,200,OK,Author Query 5-4,text,true,,263,155,10,66,http://localhost:8080/search?q=beauty&author=Oscar%20Wilde,102,0,0
1782351895937,126,HTTP Request,200,OK,Author Query 5-3,text,true,,263,155,10,66,http://localhost:8080/search?q=beauty&author=Oscar%20Wilde,126,0,0
1782351895982,119,HTTP Request,200,OK,Author Query 5-5,text,true,,263,155,10,66,http://localhost:8080/search?q=beauty&author=Oscar%20Wilde,119,0,0
1782351896039,78,HTTP Request,200,OK,Author Query 5-1,text,true,,263,155,10,66,http://localhost:8080/search?q=beauty&author=Oscar%20Wilde,78,0,0
1782351896063,97,HTTP Request,200,OK,Author Query 5-8,text,true,,263,155,10,66,http://localhost:8080/search?q=beauty&author=Oscar%20Wilde,97,0,0
1782351896018,143,HTTP Request,200,OK,Author Query 5-9,text,true,,263,155,10,66,http://localhost:8080/search?q=beauty&author=Oscar%20Wilde,143,0,0
1782351891061,5100,HTTP Request,200,OK,Author Query 5-7,text,true,,263,155,10,66,http://localhost:8080/search?q=beauty&author=Oscar%20Wilde,5100,0,0
1782351896051,110,HTTP Request,200,OK,Author Query 5-10,text,true,,263,155,10,66,http://localhost:8080/search?q=beauty&author=Oscar%20Wilde,110,0,0
1782351896063,98,HTTP Request,200,OK,Author Query 5-3,text,true,,263,155,10,66,http://localhost:8080/search?q=beauty&author=Oscar%20Wilde,98,0,0
1782351896101,89,HTTP Request,200,OK,Author Query 5-5,text,true,,263,155,10,66,http://localhost:8080/search?q=beauty&author=Oscar%20Wilde,89,0,0
1782351896063,127,HTTP Request,200,OK,Author Query 5-4,text,true,,263,155,10,66,http://localhost:8080/search?q=beauty&author=Oscar%20Wilde,127,0,0
1782351896063,127,HTTP Request,200,OK,Author Query 5-2,text,true,,263,155,10,66,http://localhost:8080/search?q=beauty&author=Oscar%20Wilde,127,0,0
1782351896117,126,HTTP Request,200,OK,Author Query 5-1,text,true,,263,155,10,66,http://localhost:8080/search?q=beauty&author=Oscar%20Wilde,126,0,0
1782351896161,147,HTTP Request,200,OK,Author Query 5-7,text,true,,263,155,10,66,http://localhost:8080/search?q=beauty&author=Oscar%20Wilde,147,0,0
1782351896162,158,HTTP Request,200,OK,Author Query 5-3,text,true,,263,155,10,66,http://localhost:8080/search?q=beauty&author=Oscar%20Wilde,158,0,0
1782351896161,166,HTTP Request,200,OK,Author Query 5-10,text,true,,263,155,10,66,http://localhost:8080/search?q=beauty&author=Oscar%20Wilde,166,0,0
1782351896190,148,HTTP Request,200,OK,Author Query 5-2,text,true,,263,155,10,66,http://localhost:8080/search?q=beauty&author=Oscar%20Wilde,148,0,0
1782351896160,184,HTTP Request,200,OK,Author Query 5-8,text,true,,263,155,10,66,http://localhost:8080/search?q=beauty&author=Oscar%20Wilde,184,0,0
1782351896190,170,HTTP Request,200,OK,Author Query 5-5,text,true,,263,155,10,66,http://localhost:8080/search?q=beauty&author=Oscar%20Wilde,170,0,0
1782351896190,179,HTTP Request,200,OK,Author Query 5-4,text,true,,263,155,10,66,http://localhost:8080/search?q=beauty&author=Oscar%20Wilde,179,0,0
1782351896161,209,HTTP Request,200,OK,Author Query 5-9,text,true,,263,155,10,66,http://localhost:8080/search?q=beauty&author=Oscar%20Wilde,209,0,0
1782351896244,127,HTTP Request,200,OK,Author Query 5-1,text,true,,263,155,10,66,http://localhost:8080/search?q=beauty&author=Oscar%20Wilde,127,0,0
1782351896308,63,HTTP Request,200,OK,Author Query 5-7,text,true,,263,155,10,66,http://localhost:8080/search?q=beauty&author=Oscar%20Wilde,63,0,0
1782351896327,110,HTTP Request,200,OK,Author Query 5-10,text,true,,263,155,10,66,http://localhost:8080/search?q=beauty&author=Oscar%20Wilde,110,0,0
1782351896321,116,HTTP Request,200,OK,Author Query 5-3,text,true,,263,155,10,66,http://localhost:8080/search?q=beauty&author=Oscar%20Wilde,116,0,0
1782351896338,99,HTTP Request,200,OK,Author Query 5-2,text,true,,263,155,10,66,http://localhost:8080/search?q=beauty&author=Oscar%20Wilde,99,0,0
1782351896344,98,HTTP Request,200,OK,Author Query 5-8,text,true,,263,155,10,66,http://localhost:8080/search?q=beauty&author=Oscar%20Wilde,98,0,0
1782351896371,75,HTTP Request,200,OK,Author Query 5-1,text,true,,263,155,10,66,http://localhost:8080/search?q=beauty&author=Oscar%20Wilde,75,0,0
1782351896371,78,HTTP Request,200,OK,Author Query 5-7,text,true,,263,155,10,66,http://localhost:8080/search?q=beauty&author=Oscar%20Wilde,78,0,0
1782351896361,89,HTTP Request,200,OK,Author Query 5-5,text,true,,263,155,10,66,http://localhost:8080/search?q=beauty&author=Oscar%20Wilde,89,0,0
1782351896370,87,HTTP Request,200,OK,Author Query 5-9,text,true,,263,155,10,66,http://localhost:8080/search?q=beauty&author=Oscar%20Wilde,87,0,0
1782351896369,93,HTTP Request,200,OK,Author Query 5-4,text,true,,263,155,10,66,http://localhost:8080/search?q=beauty&author=Oscar%20Wilde,93,0,0
1782351896442,64,HTTP Request,200,OK,Author Query 5-8,text,true,,263,155,10,66,http://localhost:8080/search?q=beauty&author=Oscar%20Wilde,64,0,0
1782351896437,70,HTTP Request,200,OK,Author Query 5-2,text,true,,263,155,10,66,http://localhost:8080/search?q=beauty&author=Oscar%20Wilde,70,0,0
1782351896458,74,HTTP Request,200,OK,Author Query 5-9,text,true,,263,155,10,66,http://localhost:8080/search?q=beauty&author=Oscar%20Wilde,74,0,0
1782351896437,107,HTTP Request,200,OK,Author Query 5-10,text,true,,263,155,10,66,http://localhost:8080/search?q=beauty&author=Oscar%20Wilde,107,0,0
1782351896451,94,HTTP Request,200,OK,Author Query 5-5,text,true,,263,155,10,66,http://localhost:8080/search?q=beauty&author=Oscar%20Wilde,94,0,0
1782351896446,99,HTTP Request,200,OK,Author Query 5-1,text,true,,263,155,10,66,http://localhost:8080/search?q=beauty&author=Oscar%20Wilde,99,0,0
1782351896462,84,HTTP Request,200,OK,Author Query 5-4,text,true,,263,155,10,66,http://localhost:8080/search?q=beauty&author=Oscar%20Wilde,84,0,0
1782351896450,97,HTTP Request,200,OK,Author Query 5-7,text,true,,263,155,10,66,http://localhost:8080/search?q=beauty&author=Oscar%20Wilde,97,0,0
1782351896437,111,HTTP Request,200,OK,Author Query 5-3,text,true,,263,155,10,66,http://localhost:8080/search?q=beauty&author=Oscar%20Wilde,111,0,0
1782351896506,108,HTTP Request,200,OK,Author Query 5-8,text,true,,263,155,10,66,http://localhost:8080/search?q=beauty&author=Oscar%20Wilde,108,0,0
1782351896545,89,HTTP Request,200,OK,Author Query 5-5,text,true,,263,155,10,66,http://localhost:8080/search?q=beauty&author=Oscar%20Wilde,89,0,0
1782351896544,105,HTTP Request,200,OK,Author Query 5-10,text,true,,263,155,10,66,http://localhost:8080/search?q=beauty&author=Oscar%20Wilde,105,0,0
1782351896546,111,HTTP Request,200,OK,Author Query 5-4,text,true,,263,155,10,66,http://localhost:8080/search?q=beauty&author=Oscar%20Wilde,111,0,0
1782351896550,118,HTTP Request,200,OK,Author Query 5-3,text,true,,263,155,10,66,http://localhost:8080/search?q=beauty&author=Oscar%20Wilde,117,0,0
1782351896507,161,HTTP Request,200,OK,Author Query 5-2,text,true,,263,155,10,66,http://localhost:8080/search?q=beauty&author=Oscar%20Wilde,161,0,0
1782351896548,120,HTTP Request,200,OK,Author Query 5-7,text,true,,263,155,10,66,http://localhost:8080/search?q=beauty&author=Oscar%20Wilde,120,0,0
1782351896532,155,HTTP Request,200,OK,Author Query 5-9,text,true,,263,155,10,66,http://localhost:8080/search?q=beauty&author=Oscar%20Wilde,155,0,0
1782351896545,147,HTTP Request,200,OK,Author Query 5-1,text,true,,263,155,10,66,http://localhost:8080/search?q=beauty&author=Oscar%20Wilde,147,0,0
1782351896649,45,HTTP Request,200,OK,Author Query 5-10,text,true,,263,155,10,66,http://localhost:8080/search?q=beauty&author=Oscar%20Wilde,45,0,0
1782351896657,47,HTTP Request,200,OK,Author Query 5-4,text,true,,263,155,10,66,http://localhost:8080/search?q=beauty&author=Oscar%20Wilde,47,0,0
1782351896614,102,HTTP Request,200,OK,Author Query 5-8,text,true,,263,155,10,66,http://localhost:8080/search?q=beauty&author=Oscar%20Wilde,102,0,0
1782351896669,59,HTTP Request,200,OK,Author Query 5-7,text,true,,263,155,10,66,http://localhost:8080/search?q=beauty&author=Oscar%20Wilde,59,0,0
1782351896692,37,HTTP Request,200,OK,Author Query 5-1,text,true,,263,155,10,66,http://localhost:8080/search?q=beauty&author=Oscar%20Wilde,37,0,0
1782351896668,62,HTTP Request,200,OK,Author Query 5-3,text,true,,263,155,10,66,http://localhost:8080/search?q=beauty&author=Oscar%20Wilde,62,0,0
1782351896668,70,HTTP Request,200,OK,Author Query 5-2,text,true,,263,155,10,66,http://localhost:8080/search?q=beauty&author=Oscar%20Wilde,70,0,0
1782351896634,108,HTTP Request,200,OK,Author Query 5-5,text,true,,263,155,10,66,http://localhost:8080/search?q=beauty&author=Oscar%20Wilde,108,0,0
1782351896687,60,HTTP Request,200,OK,Author Query 5-9,text,true,,263,155,10,66,http://localhost:8080/search?q=beauty&author=Oscar%20Wilde,60,0,0
1782351896716,36,HTTP Request,200,OK,Author Query 5-8,text,true,,263,155,10,66,http://localhost:8080/search?q=beauty&author=Oscar%20Wilde,36,0,0
1782351896694,58,HTTP Request,200,OK,Author Query 5-10,text,true,,263,155,10,66,http://localhost:8080/search?q=beauty&author=Oscar%20Wilde,58,0,0
1782351896704,62,HTTP Request,200,OK,Author Query 5-4,text,true,,263,155,10,66,http://localhost:8080/search?q=beauty&author=Oscar%20Wilde,62,0,0
1782351896742,47,HTTP Request,200,OK,Author Query 5-5,text,true,,263,155,10,66,http://localhost:8080/search?q=beauty&author=Oscar%20Wilde,47,0,0
1782351896729,79,HTTP Request,200,OK,Author Query 5-1,text,true,,263,155,10,66,http://localhost:8080/search?q=beauty&author=Oscar%20Wilde,79,0,0
1782351896738,71,HTTP Request,200,OK,Author Query 5-2,text,true,,263,155,10,66,http://localhost:8080/search?q=beauty&author=Oscar%20Wilde,71,0,0
1782351896752,57,HTTP Request,200,OK,Author Query 5-10,text,true,,263,155,10,66,http://localhost:8080/search?q=beauty&author=Oscar%20Wilde,57,0,0
1782351896766,52,HTTP Request,200,OK,Author Query 5-4,text,true,,263,155,10,66,http://localhost:8080/search?q=beauty&author=Oscar%20Wilde,52,0,0
1782351896728,94,HTTP Request,200,OK,Author Query 5-7,text,true,,263,155,10,66,http://localhost:8080/search?q=beauty&author=Oscar%20Wilde,94,0,0
1782351896730,92,HTTP Request,200,OK,Author Query 5-3,text,true,,263,155,10,66,http://localhost:8080/search?q=beauty&author=Oscar%20Wilde,92,0,0
1782351896747,75,HTTP Request,200,OK,Author Query 5-9,text,true,,263,155,10,66,http://localhost:8080/search?q=beauty&author=Oscar%20Wilde,75,0,0
1782351896752,81,HTTP Request,200,OK,Author Query 5-8,text,true,,263,155,10,66,http://localhost:8080/search?q=beauty&author=Oscar%20Wilde,81,0,0
1782351896789,45,HTTP Request,200,OK,Author Query 5-5,text,true,,263,155,10,66,http://localhost:8080/search?q=beauty&author=Oscar%20Wilde,45,0,0
1782351896809,46,HTTP Request,200,OK,Author Query 5-2,text,true,,263,155,10,66,http://localhost:8080/search?q=beauty&author=Oscar%20Wilde,46,0,0
1782351896808,58,HTTP Request,200,OK,Author Query 5-1,text,true,,263,155,10,66,http://localhost:8080/search?q=beauty&author=Oscar%20Wilde,58,0,0
1782351896818,92,HTTP Request,200,OK,Author Query 5-4,text,true,,263,155,10,66,http://localhost:8080/search?q=beauty&author=Oscar%20Wilde,92,0,0
1782351896822,90,HTTP Request,200,OK,Author Query 5-3,text,true,,263,155,10,66,http://localhost:8080/search?q=beauty&author=Oscar%20Wilde,90,0,0
1782351896822,94,HTTP Request,200,OK,Author Query 5-7,text,true,,263,155,10,66,http://localhost:8080/search?q=beauty&author=Oscar%20Wilde,94,0,0
1782351896822,100,HTTP Request,200,OK,Author Query 5-9,text,true,,263,155,10,66,http://localhost:8080/search?q=beauty&author=Oscar%20Wilde,100,0,0
1782351896809,118,HTTP Request,200,OK,Author Query 5-10,text,true,,263,155,10,66,http://localhost:8080/search?q=beauty&author=Oscar%20Wilde,118,0,0
1782351896866,102,HTTP Request,200,OK,Author Query 5-1,text,true,,263,155,10,67,http://localhost:8080/search?q=beauty&author=Oscar%20Wilde,102,0,0
1782351896834,134,HTTP Request,200,OK,Author Query 5-5,text,true,,263,155,10,67,http://localhost:8080/search?q=beauty&author=Oscar%20Wilde,134,0,0
1782351896856,112,HTTP Request,200,OK,Author Query 5-2,text,true,,263,155,10,67,http://localhost:8080/search?q=beauty&author=Oscar%20Wilde,112,0,0
1782351896833,136,HTTP Request,200,OK,Author Query 5-8,text,true,,263,155,10,67,http://localhost:8080/search?q=beauty&author=Oscar%20Wilde,136,0,0
1782351896910,90,HTTP Request,200,OK,Author Query 5-4,text,true,,263,155,10,67,http://localhost:8080/search?q=beauty&author=Oscar%20Wilde,90,0,0
1782351896916,86,HTTP Request,200,OK,Author Query 5-7,text,true,,263,155,10,67,http://localhost:8080/search?q=beauty&author=Oscar%20Wilde,86,0,0
1782351896922,95,HTTP Request,200,OK,Author Query 5-9,text,true,,263,155,10,67,http://localhost:8080/search?q=beauty&author=Oscar%20Wilde,95,0,0
1782351896912,106,HTTP Request,200,OK,Author Query 5-3,text,true,,263,155,10,68,http://localhost:8080/search?q=beauty&author=Oscar%20Wilde,106,0,0
1782351896968,87,HTTP Request,200,OK,Author Query 5-5,text,true,,263,155,10,68,http://localhost:8080/search?q=beauty&author=Oscar%20Wilde,87,0,0
1782351896968,87,HTTP Request,200,OK,Author Query 5-2,text,true,,263,155,10,68,http://localhost:8080/search?q=beauty&author=Oscar%20Wilde,87,0,0
1782351897000,64,HTTP Request,200,OK,Author Query 5-4,text,true,,263,155,10,68,http://localhost:8080/search?q=beauty&author=Oscar%20Wilde,64,0,0
1782351891988,5077,HTTP Request,200,OK,Author Query 5-6,text,true,,263,155,10,68,http://localhost:8080/search?q=beauty&author=Oscar%20Wilde,5077,0,0
1782351896968,98,HTTP Request,200,OK,Author Query 5-1,text,true,,263,155,10,68,http://localhost:8080/search?q=beauty&author=Oscar%20Wilde,98,0,0
1782351896969,107,HTTP Request,200,OK,Author Query 5-8,text,true,,263,155,10,68,http://localhost:8080/search?q=beauty&author=Oscar%20Wilde,107,0,0
1782351896928,154,HTTP Request,200,OK,Author Query 5-10,text,true,,263,155,10,68,http://localhost:8080/search?q=beauty&author=Oscar%20Wilde,154,0,0
1782351897002,82,HTTP Request,200,OK,Author Query 5-7,text,true,,263,155,10,68,http://localhost:8080/search?q=beauty&author=Oscar%20Wilde,82,0,0
1782351897018,66,HTTP Request,200,OK,Author Query 5-9,text,true,,263,155,10,68,http://localhost:8080/search?q=beauty&author=Oscar%20Wilde,66,0,0
1782351897055,74,HTTP Request,200,OK,Author Query 5-2,text,true,,263,155,10,68,http://localhost:8080/search?q=beauty&author=Oscar%20Wilde,74,0,0
1782351897019,111,HTTP Request,200,OK,Author Query 5-3,text,true,,263,155,10,68,http://localhost:8080/search?q=beauty&author=Oscar%20Wilde,111,0,0
1782351897076,54,HTTP Request,200,OK,Author Query 5-8,text,true,,263,155,10,68,http://localhost:8080/search?q=beauty&author=Oscar%20Wilde,54,0,0
1782351897082,49,HTTP Request,200,OK,Author Query 5-10,text,true,,263,155,10,68,http://localhost:8080/search?q=beauty&author=Oscar%20Wilde,49,0,0
1782351897055,76,HTTP Request,200,OK,Author Query 5-5,text,true,,263,155,10,68,http://localhost:8080/search?q=beauty&author=Oscar%20Wilde,76,0,0
1782351897066,66,HTTP Request,200,OK,Author Query 5-6,text,true,,263,155,10,68,http://localhost:8080/search?q=beauty&author=Oscar%20Wilde,66,0,0
1782351897064,68,HTTP Request,200,OK,Author Query 5-4,text,true,,263,155,10,68,http://localhost:8080/search?q=beauty&author=Oscar%20Wilde,68,0,0
1782351897067,78,HTTP Request,200,OK,Author Query 5-1,text,true,,263,155,10,68,http://localhost:8080/search?q=beauty&author=Oscar%20Wilde,78,0,0
1782351897085,61,HTTP Request,200,OK,Author Query 5-9,text,true,,263,155,10,68,http://localhost:8080/search?q=beauty&author=Oscar%20Wilde,61,0,0
1782351897084,63,HTTP Request,200,OK,Author Query 5-7,text,true,,263,155,10,68,http://localhost:8080/search?q=beauty&author=Oscar%20Wilde,63,0,0
1782351897130,48,HTTP Request,200,OK,Author Query 5-3,text,true,,263,155,10,68,http://localhost:8080/search?q=beauty&author=Oscar%20Wilde,48,0,0
1782351897131,57,HTTP Request,200,OK,Author Query 5-5,text,true,,263,155,10,68,http://localhost:8080/search?q=beauty&author=Oscar%20Wilde,57,0,0
1782351897147,44,HTTP Request,200,OK,Author Query 5-7,text,true,,263,155,10,68,http://localhost:8080/search?q=beauty&author=Oscar%20Wilde,44,0,0
1782351897130,62,HTTP Request,200,OK,Author Query 5-2,text,true,,263,155,10,68,http://localhost:8080/search?q=beauty&author=Oscar%20Wilde,62,0,0
1782351897145,54,HTTP Request,200,OK,Author Query 5-1,text,true,,263,155,10,68,http://localhost:8080/search?q=beauty&author=Oscar%20Wilde,54,0,0
1782351897131,75,HTTP Request,200,OK,Author Query 5-10,text,true,,263,155,10,68,http://localhost:8080/search?q=beauty&author=Oscar%20Wilde,75,0,0
1782351897133,78,HTTP Request,200,OK,Author Query 5-4,text,true,,263,155,10,68,http://localhost:8080/search?q=beauty&author=Oscar%20Wilde,78,0,0
1782351897132,84,HTTP Request,200,OK,Author Query 5-6,text,true,,263,155,10,68,http://localhost:8080/search?q=beauty&author=Oscar%20Wilde,84,0,0
1782351897193,33,HTTP Request,200,OK,Author Query 5-2,text,true,,263,155,10,68,http://localhost:8080/search?q=beauty&author=Oscar%20Wilde,33,0,0
1782351897191,35,HTTP Request,200,OK,Author Query 5-7,text,true,,263,155,10,68,http://localhost:8080/search?q=beauty&author=Oscar%20Wilde,35,0,0
1782351897199,29,HTTP Request,200,OK,Author Query 5-1,text,true,,263,155,10,68,http://localhost:8080/search?q=beauty&author=Oscar%20Wilde,28,0,0
1782351897146,91,HTTP Request,200,OK,Author Query 5-9,text,true,,263,155,10,68,http://localhost:8080/search?q=beauty&author=Oscar%20Wilde,91,0,0
1782351897179,58,HTTP Request,200,OK,Author Query 5-3,text,true,,263,155,10,68,http://localhost:8080/search?q=beauty&author=Oscar%20Wilde,58,0,0
1782351897131,106,HTTP Request,200,OK,Author Query 5-8,text,true,,263,155,10,68,http://localhost:8080/search?q=beauty&author=Oscar%20Wilde,106,0,0
1782351897189,52,HTTP Request,200,OK,Author Query 5-5,text,true,,263,155,10,68,http://localhost:8080/search?q=beauty&author=Oscar%20Wilde,52,0,0
1782351897211,64,HTTP Request,200,OK,Author Query 5-4,text,true,,263,155,10,68,http://localhost:8080/search?q=beauty&author=Oscar%20Wilde,64,0,0
1782351897206,79,HTTP Request,200,OK,Author Query 5-10,text,true,,263,155,10,68,http://localhost:8080/search?q=beauty&author=Oscar%20Wilde,79,0,0
1782351897228,72,HTTP Request,200,OK,Author Query 5-1,text,true,,263,155,10,68,http://localhost:8080/search?q=beauty&author=Oscar%20Wilde,72,0,0
1782351897226,74,HTTP Request,200,OK,Author Query 5-2,text,true,,263,155,10,68,http://localhost:8080/search?q=beauty&author=Oscar%20Wilde,74,0,0
1782351897216,87,HTTP Request,200,OK,Author Query 5-6,text,true,,263,155,10,68,http://localhost:8080/search?q=beauty&author=Oscar%20Wilde,87,0,0
1782351897237,66,HTTP Request,200,OK,Author Query 5-3,text,true,,263,155,10,68,http://localhost:8080/search?q=beauty&author=Oscar%20Wilde,66,0,0
1782351897241,64,HTTP Request,200,OK,Author Query 5-5,text,true,,263,155,10,68,http://localhost:8080/search?q=beauty&author=Oscar%20Wilde,64,0,0
1782351897226,117,HTTP Request,200,OK,Author Query 5-7,text,true,,263,155,10,68,http://localhost:8080/search?q=beauty&author=Oscar%20Wilde,117,0,0
1782351897237,110,HTTP Request,200,OK,Author Query 5-8,text,true,,263,155,10,68,http://localhost:8080/search?q=beauty&author=Oscar%20Wilde,110,0,0
1782351897237,110,HTTP Request,200,OK,Author Query 5-9,text,true,,263,155,10,68,http://localhost:8080/search?q=beauty&author=Oscar%20Wilde,110,0,0
1782351897285,82,HTTP Request,200,OK,Author Query 5-10,text,true,,263,155,10,68,http://localhost:8080/search?q=beauty&author=Oscar%20Wilde,82,0,0
1782351897303,84,HTTP Request,200,OK,Author Query 5-6,text,true,,263,155,10,68,http://localhost:8080/search?q=beauty&author=Oscar%20Wilde,84,0,0
1782351897305,100,HTTP Request,200,OK,Author Query 5-5,text,true,,263,155,10,68,http://localhost:8080/search?q=beauty&author=Oscar%20Wilde,100,0,0
1782351897276,134,HTTP Request,200,OK,Author Query 5-4,text,true,,263,155,10,68,http://localhost:8080/search?q=beauty&author=Oscar%20Wilde,134,0,0
1782351897303,112,HTTP Request,200,OK,Author Query 5-3,text,true,,263,155,10,68,http://localhost:8080/search?q=beauty&author=Oscar%20Wilde,112,0,0
1782351897347,70,HTTP Request,200,OK,Author Query 5-9,text,true,,263,155,10,68,http://localhost:8080/search?q=beauty&author=Oscar%20Wilde,70,0,0
1782351897347,74,HTTP Request,200,OK,Author Query 5-8,text,true,,263,155,10,68,http://localhost:8080/search?q=beauty&author=Oscar%20Wilde,74,0,0
1782351897301,128,HTTP Request,200,OK,Author Query 5-1,text,true,,263,155,10,68,http://localhost:8080/search?q=beauty&author=Oscar%20Wilde,128,0,0
1782351897301,129,HTTP Request,200,OK,Author Query 5-2,text,true,,263,155,10,68,http://localhost:8080/search?q=beauty&author=Oscar%20Wilde,129,0,0
1782351897344,89,HTTP Request,200,OK,Author Query 5-7,text,true,,263,155,10,68,http://localhost:8080/search?q=beauty&author=Oscar%20Wilde,89,0,0
1782351897367,76,HTTP Request,200,OK,Author Query 5-10,text,true,,263,155,10,68,http://localhost:8080/search?q=beauty&author=Oscar%20Wilde,76,0,0
1782351897417,49,HTTP Request,200,OK,Author Query 5-9,text,true,,263,155,10,68,http://localhost:8080/search?q=beauty&author=Oscar%20Wilde,49,0,0
1782351897410,57,HTTP Request,200,OK,Author Query 5-4,text,true,,263,155,10,68,http://localhost:8080/search?q=beauty&author=Oscar%20Wilde,57,0,0
1782351897405,86,HTTP Request,200,OK,Author Query 5-5,text,true,,263,155,10,68,http://localhost:8080/search?q=beauty&author=Oscar%20Wilde,86,0,0
1782351897421,70,HTTP Request,200,OK,Author Query 5-8,text,true,,263,155,10,68,http://localhost:8080/search?q=beauty&author=Oscar%20Wilde,70,0,0
1782351897387,104,HTTP Request,200,OK,Author Query 5-6,text,true,,263,155,10,68,http://localhost:8080/search?q=beauty&author=Oscar%20Wilde,104,0,0
1782351897443,52,HTTP Request,200,OK,Author Query 5-10,text,true,,263,155,10,68,http://localhost:8080/search?q=beauty&author=Oscar%20Wilde,52,0,0
1782351897430,65,HTTP Request,200,OK,Author Query 5-2,text,true,,263,155,10,68,http://localhost:8080/search?q=beauty&author=Oscar%20Wilde,65,0,0
1782351897433,62,HTTP Request,200,OK,Author Query 5-7,text,true,,263,155,10,68,http://localhost:8080/search?q=beauty&author=Oscar%20Wilde,62,0,0
1782351897415,80,HTTP Request,200,OK,Author Query 5-3,text,true,,263,155,10,68,http://localhost:8080/search?q=beauty&author=Oscar%20Wilde,80,0,0
1782351897429,66,HTTP Request,200,OK,Author Query 5-1,text,true,,263,155,10,68,http://localhost:8080/search?q=beauty&author=Oscar%20Wilde,66,0,0
1782351897466,91,HTTP Request,200,OK,Author Query 5-9,text,true,,263,155,10,68,http://localhost:8080/search?q=beauty&author=Oscar%20Wilde,91,0,0
1782351897468,89,HTTP Request,200,OK,Author Query 5-4,text,true,,263,155,10,68,http://localhost:8080/search?q=beauty&author=Oscar%20Wilde,89,0,0
1782351897492,65,HTTP Request,200,OK,Author Query 5-5,text,true,,263,155,10,68,http://localhost:8080/search?q=beauty&author=Oscar%20Wilde,65,0,0
1782351897492,86,HTTP Request,200,OK,Author Query 5-6,text,true,,263,155,10,68,http://localhost:8080/search?q=beauty&author=Oscar%20Wilde,86,0,0
1782351897496,82,HTTP Request,200,OK,Author Query 5-1,text,true,,263,155,10,68,http://localhost:8080/search?q=beauty&author=Oscar%20Wilde,82,0,0
1782351897495,83,HTTP Request,200,OK,Author Query 5-2,text,true,,263,155,10,68,http://localhost:8080/search?q=beauty&author=Oscar%20Wilde,83,0,0
1782351897492,90,HTTP Request,200,OK,Author Query 5-8,text,true,,263,155,10,68,http://localhost:8080/search?q=beauty&author=Oscar%20Wilde,90,0,0
1782351897495,108,HTTP Request,200,OK,Author Query 5-7,text,true,,263,155,10,68,http://localhost:8080/search?q=beauty&author=Oscar%20Wilde,108,0,0
1782351897495,113,HTTP Request,200,OK,Author Query 5-3,text,true,,263,155,10,68,http://localhost:8080/search?q=beauty&author=Oscar%20Wilde,113,0,0
1782351897495,117,HTTP Request,200,OK,Author Query 5-10,text,true,,263,155,10,68,http://localhost:8080/search?q=beauty&author=Oscar%20Wilde,117,0,0
1782351897583,69,HTTP Request,200,OK,Author Query 5-8,text,true,,263,155,10,68,http://localhost:8080/search?q=beauty&author=Oscar%20Wilde,69,0,0
1782351897557,113,HTTP Request,200,OK,Author Query 5-9,text,true,,263,155,10,68,http://localhost:8080/search?q=beauty&author=Oscar%20Wilde,113,0,0
1782351897578,94,HTTP Request,200,OK,Author Query 5-1,text,true,,263,155,10,68,http://localhost:8080/search?q=beauty&author=Oscar%20Wilde,94,0,0
1782351897579,93,HTTP Request,200,OK,Author Query 5-6,text,true,,263,155,10,68,http://localhost:8080/search?q=beauty&author=Oscar%20Wilde,93,0,0
1782351897557,115,HTTP Request,200,OK,Author Query 5-5,text,true,,263,155,10,68,http://localhost:8080/search?q=beauty&author=Oscar%20Wilde,115,0,0
1782351897557,116,HTTP Request,200,OK,Author Query 5-4,text,true,,263,155,10,68,http://localhost:8080/search?q=beauty&author=Oscar%20Wilde,116,0,0
1782351897578,95,HTTP Request,200,OK,Author Query 5-2,text,true,,263,155,10,68,http://localhost:8080/search?q=beauty&author=Oscar%20Wilde,95,0,0
1782351897604,92,HTTP Request,200,OK,Author Query 5-7,text,true,,263,155,10,68,http://localhost:8080/search?q=beauty&author=Oscar%20Wilde,92,0,0
1782351897653,67,HTTP Request,200,OK,Author Query 5-8,text,true,,263,155,10,68,http://localhost:8080/search?q=beauty&author=Oscar%20Wilde,67,0,0
1782351897609,111,HTTP Request,200,OK,Author Query 5-3,text,true,,263,155,10,68,http://localhost:8080/search?q=beauty&author=Oscar%20Wilde,111,0,0
1782351897672,52,HTTP Request,200,OK,Author Query 5-5,text,true,,263,155,10,68,http://localhost:8080/search?q=beauty&author=Oscar%20Wilde,52,0,0
1782351897612,112,HTTP Request,200,OK,Author Query 5-10,text,true,,263,155,10,68,http://localhost:8080/search?q=beauty&author=Oscar%20Wilde,112,0,0
1782351897672,76,HTTP Request,200,OK,Author Query 5-6,text,true,,263,155,10,68,http://localhost:8080/search?q=beauty&author=Oscar%20Wilde,76,0,0
1782351897673,75,HTTP Request,200,OK,Author Query 5-2,text,true,,263,155,10,68,http://localhost:8080/search?q=beauty&author=Oscar%20Wilde,75,0,0
1782351897673,77,HTTP Request,200,OK,Author Query 5-4,text,true,,263,155,10,68,http://localhost:8080/search?q=beauty&author=Oscar%20Wilde,77,0,0
1782351897672,82,HTTP Request,200,OK,Author Query 5-1,text,true,,263,155,10,68,http://localhost:8080/search?q=beauty&author=Oscar%20Wilde,82,0,0
1782351897671,83,HTTP Request,200,OK,Author Query 5-9,text,true,,263,155,10,68,http://localhost:8080/search?q=beauty&author=Oscar%20Wilde,83,0,0
1782351897696,65,HTTP Request,200,OK,Author Query 5-7,text,true,,263,155,10,68,http://localhost:8080/search?q=beauty&author=Oscar%20Wilde,65,0,0
1782351897721,46,HTTP Request,200,OK,Author Query 5-3,text,true,,263,155,10,68,http://localhost:8080/search?q=beauty&author=Oscar%20Wilde,46,0,0
1782351897720,69,HTTP Request,200,OK,Author Query 5-8,text,true,,263,155,10,68,http://localhost:8080/search?q=beauty&author=Oscar%20Wilde,69,0,0
1782351897725,85,HTTP Request,200,OK,Author Query 5-10,text,true,,263,155,10,68,http://localhost:8080/search?q=beauty&author=Oscar%20Wilde,85,0,0
1782351897748,67,HTTP Request,200,OK,Author Query 5-6,text,true,,263,155,10,68,http://localhost:8080/search?q=beauty&author=Oscar%20Wilde,67,0,0
1782351897724,93,HTTP Request,200,OK,Author Query 5-5,text,true,,263,155,10,68,http://localhost:8080/search?q=beauty&author=Oscar%20Wilde,93,0,0
1782351897750,67,HTTP Request,200,OK,Author Query 5-4,text,true,,263,155,10,68,http://localhost:8080/search?q=beauty&author=Oscar%20Wilde,67,0,0
1782351897761,71,HTTP Request,200,OK,Author Query 5-7,text,true,,263,155,10,68,http://localhost:8080/search?q=beauty&author=Oscar%20Wilde,71,0,0
1782351897749,88,HTTP Request,200,OK,Author Query 5-2,text,true,,263,155,10,68,http://localhost:8080/search?q=beauty&author=Oscar%20Wilde,88,0,0
1782351897767,70,HTTP Request,200,OK,Author Query 5-3,text,true,,263,155,10,68,http://localhost:8080/search?q=beauty&author=Oscar%20Wilde,70,0,0
1782351897754,98,HTTP Request,200,OK,Author Query 5-1,text,true,,263,155,10,68,http://localhost:8080/search?q=beauty&author=Oscar%20Wilde,98,0,0
1782351897754,114,HTTP Request,200,OK,Author Query 5-9,text,true,,263,155,10,68,http://localhost:8080/search?q=beauty&author=Oscar%20Wilde,114,0,0
1782351897837,72,HTTP Request,200,OK,Author Query 5-2,text,true,,263,155,10,68,http://localhost:8080/search?q=beauty&author=Oscar%20Wilde,72,0,0
1782351897818,91,HTTP Request,200,OK,Author Query 5-4,text,true,,263,155,10,68,http://localhost:8080/search?q=beauty&author=Oscar%20Wilde,91,0,0
1782351897837,73,HTTP Request,200,OK,Author Query 5-3,text,true,,263,155,10,68,http://localhost:8080/search?q=beauty&author=Oscar%20Wilde,73,0,0
1782351897810,100,HTTP Request,200,OK,Author Query 5-10,text,true,,263,155,10,68,http://localhost:8080/search?q=beauty&author=Oscar%20Wilde,100,0,0
1782351897818,105,HTTP Request,200,OK,Author Query 5-5,text,true,,263,155,10,68,http://localhost:8080/search?q=beauty&author=Oscar%20Wilde,105,0,0
1782351897816,108,HTTP Request,200,OK,Author Query 5-6,text,true,,263,155,10,68,http://localhost:8080/search?q=beauty&author=Oscar%20Wilde,108,0,0
1782351897853,71,HTTP Request,200,OK,Author Query 5-1,text,true,,263,155,10,68,http://localhost:8080/search?q=beauty&author=Oscar%20Wilde,71,0,0
1782351897868,57,HTTP Request,200,OK,Author Query 5-9,text,true,,263,155,10,68,http://localhost:8080/search?q=beauty&author=Oscar%20Wilde,57,0,0
1782351897832,94,HTTP Request,200,OK,Author Query 5-7,text,true,,263,155,10,68,http://localhost:8080/search?q=beauty&author=Oscar%20Wilde,94,0,0
1782351897789,137,HTTP Request,200,OK,Author Query 5-8,text,true,,263,155,10,68,http://localhost:8080/search?q=beauty&author=Oscar%20Wilde,137,0,0
1782351897910,96,HTTP Request,200,OK,Author Query 5-4,text,true,,263,155,10,70,http://localhost:8080/search?q=beauty&author=Oscar%20Wilde,96,0,0
1782351897910,124,HTTP Request,200,OK,Author Query 5-3,text,true,,263,155,10,70,http://localhost:8080/search?q=beauty&author=Oscar%20Wilde,124,0,0
1782351897910,124,HTTP Request,200,OK,Author Query 5-2,text,true,,263,155,10,70,http://localhost:8080/search?q=beauty&author=Oscar%20Wilde,124,0,0
1782351897924,110,HTTP Request,200,OK,Author Query 5-6,text,true,,263,155,10,70,http://localhost:8080/search?q=beauty&author=Oscar%20Wilde,110,0,0
1782351897924,119,HTTP Request,200,OK,Author Query 5-1,text,true,,263,155,10,70,http://localhost:8080/search?q=beauty&author=Oscar%20Wilde,119,0,0
1782351897910,133,HTTP Request,200,OK,Author Query 5-10,text,true,,263,155,10,70,http://localhost:8080/search?q=beauty&author=Oscar%20Wilde,133,0,0
1782351897926,124,HTTP Request,200,OK,Author Query 5-7,text,true,,263,155,10,70,http://localhost:8080/search?q=beauty&author=Oscar%20Wilde,124,0,0
1782351897925,126,HTTP Request,200,OK,Author Query 5-9,text,true,,263,155,10,70,http://localhost:8080/search?q=beauty&author=Oscar%20Wilde,126,0,0
1782351897926,126,HTTP Request,200,OK,Author Query 5-8,text,true,,263,155,10,70,http://localhost:8080/search?q=beauty&author=Oscar%20Wilde,126,0,0
1782351897924,147,HTTP Request,200,OK,Author Query 5-5,text,true,,263,155,10,70,http://localhost:8080/search?q=beauty&author=Oscar%20Wilde,147,0,0
1782351898034,73,HTTP Request,200,OK,Author Query 5-3,text,true,,263,155,10,70,http://localhost:8080/search?q=beauty&author=Oscar%20Wilde,73,0,0
1782351898006,134,HTTP Request,200,OK,Author Query 5-4,text,true,,263,155,10,70,http://localhost:8080/search?q=beauty&author=Oscar%20Wilde,134,0,0
1782351898043,97,HTTP Request,200,OK,Author Query 5-1,text,true,,263,155,10,70,http://localhost:8080/search?q=beauty&author=Oscar%20Wilde,97,0,0
1782351898050,90,HTTP Request,200,OK,Author Query 5-7,text,true,,263,155,10,70,http://localhost:8080/search?q=beauty&author=Oscar%20Wilde,90,0,0
1782351898034,117,HTTP Request,200,OK,Author Query 5-2,text,true,,263,155,10,70,http://localhost:8080/search?q=beauty&author=Oscar%20Wilde,117,0,0
1782351898034,117,HTTP Request,200,OK,Author Query 5-6,text,true,,263,155,10,70,http://localhost:8080/search?q=beauty&author=Oscar%20Wilde,117,0,0
1782351898051,132,HTTP Request,200,OK,Author Query 5-9,text,true,,263,155,10,70,http://localhost:8080/search?q=beauty&author=Oscar%20Wilde,132,0,0
1782351898043,141,HTTP Request,200,OK,Author Query 5-10,text,true,,263,155,10,70,http://localhost:8080/search?q=beauty&author=Oscar%20Wilde,141,0,0
1782351898107,96,HTTP Request,200,OK,Author Query 5-3,text,true,,263,155,10,70,http://localhost:8080/search?q=beauty&author=Oscar%20Wilde,96,0,0
1782351898053,150,HTTP Request,200,OK,Author Query 5-8,text,true,,263,155,10,70,http://localhost:8080/search?q=beauty&author=Oscar%20Wilde,150,0,0
1782351898071,132,HTTP Request,200,OK,Author Query 5-5,text,true,,263,155,10,70,http://localhost:8080/search?q=beauty&author=Oscar%20Wilde,132,0,0
1782351898140,79,HTTP Request,200,OK,Author Query 5-1,text,true,,263,155,10,70,http://localhost:8080/search?q=beauty&author=Oscar%20Wilde,79,0,0
1782351898141,79,HTTP Request,200,OK,Author Query 5-7,text,true,,263,155,10,70,http://localhost:8080/search?q=beauty&author=Oscar%20Wilde,79,0,0
1782351898140,85,HTTP Request,200,OK,Author Query 5-4,text,true,,263,155,10,70,http://localhost:8080/search?q=beauty&author=Oscar%20Wilde,85,0,0
1782351898151,77,HTTP Request,200,OK,Author Query 5-2,text,true,,263,155,10,70,http://localhost:8080/search?q=beauty&author=Oscar%20Wilde,77,0,0
1782351898151,84,HTTP Request,200,OK,Author Query 5-6,text,true,,263,155,10,70,http://localhost:8080/search?q=beauty&author=Oscar%20Wilde,84,0,0
1782351898203,42,HTTP Request,200,OK,Author Query 5-5,text,true,,263,155,10,70,http://localhost:8080/search?q=beauty&author=Oscar%20Wilde,42,0,0
1782351898184,96,HTTP Request,200,OK,Author Query 5-9,text,true,,263,155,10,70,http://localhost:8080/search?q=beauty&author=Oscar%20Wilde,96,0,0
1782351898184,97,HTTP Request,200,OK,Author Query 5-10,text,true,,263,155,10,70,http://localhost:8080/search?q=beauty&author=Oscar%20Wilde,97,0,0
1782351898203,79,HTTP Request,200,OK,Author Query 5-3,text,true,,263,155,10,70,http://localhost:8080/search?q=beauty&author=Oscar%20Wilde,79,0,0
1782351898226,81,HTTP Request,200,OK,Author Query 5-4,text,true,,263,155,10,70,http://localhost:8080/search?q=beauty&author=Oscar%20Wilde,81,0,0
1782351898203,105,HTTP Request,200,OK,Author Query 5-8,text,true,,263,155,10,70,http://localhost:8080/search?q=beauty&author=Oscar%20Wilde,105,0,0
1782351898220,96,HTTP Request,200,OK,Author Query 5-7,text,true,,263,155,10,70,http://localhost:8080/search?q=beauty&author=Oscar%20Wilde,96,0,0
1782351898219,111,HTTP Request,200,OK,Author Query 5-1,text,true,,263,155,10,70,http://localhost:8080/search?q=beauty&author=Oscar%20Wilde,111,0,0
1782351898228,102,HTTP Request,200,OK,Author Query 5-2,text,true,,263,155,10,70,http://localhost:8080/search?q=beauty&author=Oscar%20Wilde,102,0,0
1782351898245,95,HTTP Request,200,OK,Author Query 5-5,text,true,,263,155,10,70,http://localhost:8080/search?q=beauty&author=Oscar%20Wilde,95,0,0
1782351898236,148,HTTP Request,200,OK,Author Query 5-6,text,true,,263,155,10,70,http://localhost:8080/search?q=beauty&author=Oscar%20Wilde,148,0,0
1782351898282,103,HTTP Request,200,OK,Author Query 5-3,text,true,,263,155,10,70,http://localhost:8080/search?q=beauty&author=Oscar%20Wilde,103,0,0
1782351898281,115,HTTP Request,200,OK,Author Query 5-9,text,true,,263,155,10,70,http://localhost:8080/search?q=beauty&author=Oscar%20Wilde,115,0,0
1782351898281,151,HTTP Request,200,OK,Author Query 5-10,text,true,,263,155,10,70,http://localhost:8080/search?q=beauty&author=Oscar%20Wilde,151,0,0
1782351898308,164,HTTP Request,200,OK,Author Query 5-8,text,true,,263,155,10,70,http://localhost:8080/search?q=beauty&author=Oscar%20Wilde,164,0,0
1782351898330,143,HTTP Request,200,OK,Author Query 5-1,text,true,,263,155,10,70,http://localhost:8080/search?q=beauty&author=Oscar%20Wilde,143,0,0
1782351898316,157,HTTP Request,200,OK,Author Query 5-7,text,true,,263,155,10,70,http://localhost:8080/search?q=beauty&author=Oscar%20Wilde,157,0,0
1782351898341,132,HTTP Request,200,OK,Author Query 5-5,text,true,,263,155,10,70,http://localhost:8080/search?q=beauty&author=Oscar%20Wilde,132,0,0
1782351898331,143,HTTP Request,200,OK,Author Query 5-2,text,true,,263,155,10,70,http://localhost:8080/search?q=beauty&author=Oscar%20Wilde,143,0,0
1782351898307,178,HTTP Request,200,OK,Author Query 5-4,text,true,,263,155,10,70,http://localhost:8080/search?q=beauty&author=Oscar%20Wilde,178,0,0
1782351898385,111,HTTP Request,200,OK,Author Query 5-6,text,true,,263,155,10,70,http://localhost:8080/search?q=beauty&author=Oscar%20Wilde,111,0,0
1782351898432,103,HTTP Request,200,OK,Author Query 5-10,text,true,,263,155,10,70,http://localhost:8080/search?q=beauty&author=Oscar%20Wilde,103,0,0
1782351898473,62,HTTP Request,200,OK,Author Query 5-5,text,true,,263,155,10,70,http://localhost:8080/search?q=beauty&author=Oscar%20Wilde,62,0,0
1782351898397,138,HTTP Request,200,OK,Author Query 5-9,text,true,,263,155,10,70,http://localhost:8080/search?q=beauty&author=Oscar%20Wilde,138,0,0
1782351898473,62,HTTP Request,200,OK,Author Query 5-8,text,true,,263,155,10,70,http://localhost:8080/search?q=beauty&author=Oscar%20Wilde,62,0,0
1782351898385,164,HTTP Request,200,OK,Author Query 5-3,text,true,,263,155,10,70,http://localhost:8080/search?q=beauty&author=Oscar%20Wilde,164,0,0
1782351898496,92,HTTP Request,200,OK,Author Query 5-6,text,true,,263,155,10,70,http://localhost:8080/search?q=beauty&author=Oscar%20Wilde,92,0,0
1782351898474,120,HTTP Request,200,OK,Author Query 5-2,text,true,,263,155,10,70,http://localhost:8080/search?q=beauty&author=Oscar%20Wilde,120,0,0
1782351898535,61,HTTP Request,200,OK,Author Query 5-10,text,true,,263,155,10,70,http://localhost:8080/search?q=beauty&author=Oscar%20Wilde,61,0,0
1782351898536,60,HTTP Request,200,OK,Author Query 5-9,text,true,,263,155,10,70,http://localhost:8080/search?q=beauty&author=Oscar%20Wilde,60,0,0
1782351898535,67,HTTP Request,200,OK,Author Query 5-5,text,true,,263,155,10,70,http://localhost:8080/search?q=beauty&author=Oscar%20Wilde,67,0,0
1782351898473,129,HTTP Request,200,OK,Author Query 5-7,text,true,,263,155,10,70,http://localhost:8080/search?q=beauty&author=Oscar%20Wilde,129,0,0
1782351898473,129,HTTP Request,200,OK,Author Query 5-1,text,true,,263,155,10,70,http://localhost:8080/search?q=beauty&author=Oscar%20Wilde,129,0,0
1782351898486,117,HTTP Request,200,OK,Author Query 5-4,text,true,,263,155,10,70,http://localhost:8080/search?q=beauty&author=Oscar%20Wilde,117,0,0
1782351898549,63,HTTP Request,200,OK,Author Query 5-3,text,true,,263,155,10,70,http://localhost:8080/search?q=beauty&author=Oscar%20Wilde,63,0,0
1782351898536,88,HTTP Request,200,OK,Author Query 5-8,text,true,,263,155,10,70,http://localhost:8080/search?q=beauty&author=Oscar%20Wilde,88,0,0
1782351898588,85,HTTP Request,200,OK,Author Query 5-6,text,true,,263,155,10,70,http://localhost:8080/search?q=beauty&author=Oscar%20Wilde,85,0,0
1782351898595,78,HTTP Request,200,OK,Author Query 5-2,text,true,,263,155,10,70,http://localhost:8080/search?q=beauty&author=Oscar%20Wilde,78,0,0
1782351898602,72,HTTP Request,200,OK,Author Query 5-1,text,true,,263,155,10,70,http://localhost:8080/search?q=beauty&author=Oscar%20Wilde,72,0,0
1782351898597,83,HTTP Request,200,OK,Author Query 5-9,text,true,,263,155,10,70,http://localhost:8080/search?q=beauty&author=Oscar%20Wilde,83,0,0
1782351898603,77,HTTP Request,200,OK,Author Query 5-4,text,true,,263,155,10,70,http://localhost:8080/search?q=beauty&author=Oscar%20Wilde,77,0,0
1782351898602,92,HTTP Request,200,OK,Author Query 5-5,text,true,,263,155,10,70,http://localhost:8080/search?q=beauty&author=Oscar%20Wilde,92,0,0
1782351898597,104,HTTP Request,200,OK,Author Query 5-10,text,true,,263,155,10,70,http://localhost:8080/search?q=beauty&author=Oscar%20Wilde,104,0,0
1782351898602,99,HTTP Request,200,OK,Author Query 5-7,text,true,,263,155,10,70,http://localhost:8080/search?q=beauty&author=Oscar%20Wilde,99,0,0
1782351898613,108,HTTP Request,200,OK,Author Query 5-3,text,true,,263,155,10,70,http://localhost:8080/search?q=beauty&author=Oscar%20Wilde,108,0,0
1782351898624,109,HTTP Request,200,OK,Author Query 5-8,text,true,,263,155,10,70,http://localhost:8080/search?q=beauty&author=Oscar%20Wilde,109,0,0
1782351898694,67,HTTP Request,200,OK,Author Query 5-5,text,true,,263,155,10,70,http://localhost:8080/search?q=beauty&author=Oscar%20Wilde,67,0,0
1782351898674,88,HTTP Request,200,OK,Author Query 5-1,text,true,,263,155,10,70,http://localhost:8080/search?q=beauty&author=Oscar%20Wilde,88,0,0
1782351898701,66,HTTP Request,200,OK,Author Query 5-7,text,true,,263,155,10,70,http://localhost:8080/search?q=beauty&author=Oscar%20Wilde,66,0,0
1782351898680,90,HTTP Request,200,OK,Author Query 5-9,text,true,,263,155,10,70,http://localhost:8080/search?q=beauty&author=Oscar%20Wilde,90,0,0
1782351898680,123,HTTP Request,200,OK,Author Query 5-4,text,true,,263,155,10,70,http://localhost:8080/search?q=beauty&author=Oscar%20Wilde,123,0,0
1782351898701,105,HTTP Request,200,OK,Author Query 5-10,text,true,,263,155,10,70,http://localhost:8080/search?q=beauty&author=Oscar%20Wilde,104,0,0
1782351898673,142,HTTP Request,200,OK,Author Query 5-2,text,true,,263,155,10,70,http://localhost:8080/search?q=beauty&author=Oscar%20Wilde,142,0,0
1782351898733,82,HTTP Request,200,OK,Author Query 5-8,text,true,,263,155,10,70,http://localhost:8080/search?q=beauty&author=Oscar%20Wilde,82,0,0
1782351898673,142,HTTP Request,200,OK,Author Query 5-6,text,true,,263,155,10,70,http://localhost:8080/search?q=beauty&author=Oscar%20Wilde,142,0,0
1782351898721,94,HTTP Request,200,OK,Author Query 5-3,text,true,,263,155,10,70,http://localhost:8080/search?q=beauty&author=Oscar%20Wilde,94,0,0
1782351898762,55,HTTP Request,200,OK,Author Query 5-5,text,true,,263,155,10,70,http://localhost:8080/search?q=beauty&author=Oscar%20Wilde,55,0,0
1782351898762,59,HTTP Request,200,OK,Author Query 5-1,text,true,,263,155,10,70,http://localhost:8080/search?q=beauty&author=Oscar%20Wilde,59,0,0
1782351898767,66,HTTP Request,200,OK,Author Query 5-7,text,true,,263,155,10,70,http://localhost:8080/search?q=beauty&author=Oscar%20Wilde,66,0,0
1782351898770,64,HTTP Request,200,OK,Author Query 5-9,text,true,,263,155,10,70,http://localhost:8080/search?q=beauty&author=Oscar%20Wilde,64,0,0
1782351898806,61,HTTP Request,200,OK,Author Query 5-10,text,true,,263,155,10,70,http://localhost:8080/search?q=beauty&author=Oscar%20Wilde,61,0,0
1782351898815,54,HTTP Request,200,OK,Author Query 5-8,text,true,,263,155,10,70,http://localhost:8080/search?q=beauty&author=Oscar%20Wilde,54,0,0
1782351898815,55,HTTP Request,200,OK,Author Query 5-3,text,true,,263,155,10,70,http://localhost:8080/search?q=beauty&author=Oscar%20Wilde,55,0,0
1782351898815,57,HTTP Request,200,OK,Author Query 5-2,text,true,,263,155,10,70,http://localhost:8080/search?q=beauty&author=Oscar%20Wilde,57,0,0
1782351898822,63,HTTP Request,200,OK,Author Query 5-1,text,true,,263,155,10,70,http://localhost:8080/search?q=beauty&author=Oscar%20Wilde,63,0,0
1782351898803,84,HTTP Request,200,OK,Author Query 5-4,text,true,,263,155,10,70,http://localhost:8080/search?q=beauty&author=Oscar%20Wilde,84,0,0
1782351898816,85,HTTP Request,200,OK,Author Query 5-6,text,true,,263,155,10,70,http://localhost:8080/search?q=beauty&author=Oscar%20Wilde,85,0,0
1782351898818,87,HTTP Request,200,OK,Author Query 5-5,text,true,,263,155,10,70,http://localhost:8080/search?q=beauty&author=Oscar%20Wilde,87,0,0
1782351898835,72,HTTP Request,200,OK,Author Query 5-9,text,true,,263,155,10,70,http://localhost:8080/search?q=beauty&author=Oscar%20Wilde,72,0,0
1782351898867,40,HTTP Request,200,OK,Author Query 5-10,text,true,,263,155,10,70,http://localhost:8080/search?q=beauty&author=Oscar%20Wilde,40,0,0
1782351898886,50,HTTP Request,200,OK,Author Query 5-1,text,true,,263,155,10,70,http://localhost:8080/search?q=beauty&author=Oscar%20Wilde,50,0,0
1782351898869,68,HTTP Request,200,OK,Author Query 5-8,text,true,,263,155,10,70,http://localhost:8080/search?q=beauty&author=Oscar%20Wilde,68,0,0
1782351898905,38,HTTP Request,200,OK,Author Query 5-5,text,true,,263,155,10,70,http://localhost:8080/search?q=beauty&author=Oscar%20Wilde,38,0,0
1782351898902,41,HTTP Request,200,OK,Author Query 5-6,text,true,,263,155,10,70,http://localhost:8080/search?q=beauty&author=Oscar%20Wilde,41,0,0
1782351898888,61,HTTP Request,200,OK,Author Query 5-4,text,true,,263,155,10,70,http://localhost:8080/search?q=beauty&author=Oscar%20Wilde,61,0,0
1782351898833,130,HTTP Request,200,OK,Author Query 5-7,text,true,,263,155,10,70,http://localhost:8080/search?q=beauty&author=Oscar%20Wilde,130,0,0
1782351898907,80,HTTP Request,200,OK,Author Query 5-10,text,true,,263,155,10,70,http://localhost:8080/search?q=beauty&author=Oscar%20Wilde,80,0,0
1782351898873,126,HTTP Request,200,OK,Author Query 5-2,text,true,,263,155,10,70,http://localhost:8080/search?q=beauty&author=Oscar%20Wilde,126,0,0
1782351898937,70,HTTP Request,200,OK,Author Query 5-8,text,true,,263,155,10,70,http://localhost:8080/search?q=beauty&author=Oscar%20Wilde,70,0,0
1782351898936,73,HTTP Request,200,OK,Author Query 5-1,text,true,,263,155,10,70,http://localhost:8080/search?q=beauty&author=Oscar%20Wilde,73,0,0
1782351898870,142,HTTP Request,200,OK,Author Query 5-3,text,true,,263,155,10,70,http://localhost:8080/search?q=beauty&author=Oscar%20Wilde,142,0,0
1782351898907,106,HTTP Request,200,OK,Author Query 5-9,text,true,,263,155,10,70,http://localhost:8080/search?q=beauty&author=Oscar%20Wilde,106,0,0
1782351898943,81,HTTP Request,200,OK,Author Query 5-5,text,true,,263,155,10,70,http://localhost:8080/search?q=beauty&author=Oscar%20Wilde,81,0,0
1782351898943,81,HTTP Request,200,OK,Author Query 5-6,text,true,,263,155,10,70,http://localhost:8080/search?q=beauty&author=Oscar%20Wilde,81,0,0
1782351898988,81,HTTP Request,200,OK,Author Query 5-10,text,true,,263,155,10,70,http://localhost:8080/search?q=beauty&author=Oscar%20Wilde,81,0,0
1782351898950,120,HTTP Request,200,OK,Author Query 5-4,text,true,,263,155,10,70,http://localhost:8080/search?q=beauty&author=Oscar%20Wilde,120,0,0
1782351898964,123,HTTP Request,200,OK,Author Query 5-7,text,true,,263,155,10,70,http://localhost:8080/search?q=beauty&author=Oscar%20Wilde,123,0,0
1782351899007,80,HTTP Request,200,OK,Author Query 5-8,text,true,,263,155,10,70,http://localhost:8080/search?q=beauty&author=Oscar%20Wilde,80,0,0
1782351899000,88,HTTP Request,200,OK,Author Query 5-2,text,true,,263,155,10,70,http://localhost:8080/search?q=beauty&author=Oscar%20Wilde,88,0,0
1782351899009,79,HTTP Request,200,OK,Author Query 5-1,text,true,,263,155,10,70,http://localhost:8080/search?q=beauty&author=Oscar%20Wilde,79,0,0
1782351899025,63,HTTP Request,200,OK,Author Query 5-6,text,true,,263,155,10,70,http://localhost:8080/search?q=beauty&author=Oscar%20Wilde,63,0,0
1782351899014,78,HTTP Request,200,OK,Author Query 5-9,text,true,,263,155,10,70,http://localhost:8080/search?q=beauty&author=Oscar%20Wilde,78,0,0
1782351899025,69,HTTP Request,200,OK,Author Query 5-5,text,true,,263,155,10,70,http://localhost:8080/search?q=beauty&author=Oscar%20Wilde,69,0,0
1782351899012,100,HTTP Request,200,OK,Author Query 5-3,text,true,,263,155,10,70,http://localhost:8080/search?q=beauty&author=Oscar%20Wilde,100,0,0
1782351899070,52,HTTP Request,200,OK,Author Query 5-4,text,true,,263,155,10,70,http://localhost:8080/search?q=beauty&author=Oscar%20Wilde,52,0,0
1782351899072,50,HTTP Request,200,OK,Author Query 5-10,text,true,,263,155,10,70,http://localhost:8080/search?q=beauty&author=Oscar%20Wilde,50,0,0
1782351899087,46,HTTP Request,200,OK,Author Query 5-7,text,true,,263,155,10,70,http://localhost:8080/search?q=beauty&author=Oscar%20Wilde,46,0,0
1782351899088,52,HTTP Request,200,OK,Author Query 5-1,text,true,,263,155,10,70,http://localhost:8080/search?q=beauty&author=Oscar%20Wilde,52,0,0
1782351899088,66,HTTP Request,200,OK,Author Query 5-2,text,true,,263,155,10,70,http://localhost:8080/search?q=beauty&author=Oscar%20Wilde,66,0,0
1782351899095,60,HTTP Request,200,OK,Author Query 5-5,text,true,,263,155,10,70,http://localhost:8080/search?q=beauty&author=Oscar%20Wilde,60,0,0
1782351899088,76,HTTP Request,200,OK,Author Query 5-6,text,true,,263,155,10,70,http://localhost:8080/search?q=beauty&author=Oscar%20Wilde,76,0,0
1782351899092,73,HTTP Request,200,OK,Author Query 5-9,text,true,,263,155,10,70,http://localhost:8080/search?q=beauty&author=Oscar%20Wilde,73,0,0
1782351899122,53,HTTP Request,200,OK,Author Query 5-4,text,true,,263,155,10,70,http://localhost:8080/search?q=beauty&author=Oscar%20Wilde,53,0,0
1782351899112,64,HTTP Request,200,OK,Author Query 5-3,text,true,,263,155,10,70,http://localhost:8080/search?q=beauty&author=Oscar%20Wilde,64,0,0
1782351899140,51,HTTP Request,200,OK,Author Query 5-1,text,true,,263,155,10,70,http://localhost:8080/search?q=beauty&author=Oscar%20Wilde,51,0,0
1782351899133,59,HTTP Request,200,OK,Author Query 5-7,text,true,,263,155,10,70,http://localhost:8080/search?q=beauty&author=Oscar%20Wilde,59,0,0
1782351899154,41,HTTP Request,200,OK,Author Query 5-2,text,true,,263,155,10,70,http://localhost:8080/search?q=beauty&author=Oscar%20Wilde,41,0,0
1782351899087,112,HTTP Request,200,OK,Author Query 5-8,text,true,,263,155,10,70,http://localhost:8080/search?q=beauty&author=Oscar%20Wilde,112,0,0
1782351899175,43,HTTP Request,200,OK,Author Query 5-4,text,true,,263,155,10,70,http://localhost:8080/search?q=beauty&author=Oscar%20Wilde,43,0,0
1782351899123,95,HTTP Request,200,OK,Author Query 5-10,text,true,,263,155,10,70,http://localhost:8080/search?q=beauty&author=Oscar%20Wilde,95,0,0
1782351899176,44,HTTP Request,200,OK,Author Query 5-3,text,true,,263,155,10,70,http://localhost:8080/search?q=beauty&author=Oscar%20Wilde,44,0,0
1782351899200,20,HTTP Request,200,OK,Author Query 5-8,text,true,,263,155,10,70,http://localhost:8080/search?q=beauty&author=Oscar%20Wilde,20,0,0
1782351899192,28,HTTP Request,200,OK,Author Query 5-7,text,true,,263,155,10,70,http://localhost:8080/search?q=beauty&author=Oscar%20Wilde,28,0,0
1782351899156,64,HTTP Request,200,OK,Author Query 5-5,text,true,,263,155,10,70,http://localhost:8080/search?q=beauty&author=Oscar%20Wilde,64,0,0
1782351899165,55,HTTP Request,200,OK,Author Query 5-9,text,true,,263,155,10,70,http://localhost:8080/search?q=beauty&author=Oscar%20Wilde,55,0,0
1782351899164,57,HTTP Request,200,OK,Author Query 5-6,text,true,,263,155,10,70,http://localhost:8080/search?q=beauty&author=Oscar%20Wilde,57,0,0
1782351899191,51,HTTP Request,200,OK,Author Query 5-1,text,true,,263,155,10,70,http://localhost:8080/search?q=beauty&author=Oscar%20Wilde,51,0,0
1782351899195,48,HTTP Request,200,OK,Author Query 5-2,text,true,,263,155,10,70,http://localhost:8080/search?q=beauty&author=Oscar%20Wilde,48,0,0
1782351899220,57,HTTP Request,200,OK,Author Query 5-3,text,true,,263,155,10,70,http://localhost:8080/search?q=beauty&author=Oscar%20Wilde,57,0,0
1782351899218,59,HTTP Request,200,OK,Author Query 5-4,text,true,,263,155,10,70,http://localhost:8080/search?q=beauty&author=Oscar%20Wilde,59,0,0
1782351899220,67,HTTP Request,200,OK,Author Query 5-9,text,true,,263,155,10,70,http://localhost:8080/search?q=beauty&author=Oscar%20Wilde,67,0,0
1782351899220,67,HTTP Request,200,OK,Author Query 5-7,text,true,,263,155,10,70,http://localhost:8080/search?q=beauty&author=Oscar%20Wilde,67,0,0
1782351899218,71,HTTP Request,200,OK,Author Query 5-10,text,true,,263,155,10,70,http://localhost:8080/search?q=beauty&author=Oscar%20Wilde,71,0,0
1782351899222,67,HTTP Request,200,OK,Author Query 5-6,text,true,,263,155,10,70,http://localhost:8080/search?q=beauty&author=Oscar%20Wilde,67,0,0
1782351899220,71,HTTP Request,200,OK,Author Query 5-5,text,true,,263,155,10,70,http://localhost:8080/search?q=beauty&author=Oscar%20Wilde,71,0,0
1782351899243,62,HTTP Request,200,OK,Author Query 5-2,text,true,,263,155,10,70,http://localhost:8080/search?q=beauty&author=Oscar%20Wilde,62,0,0
1782351899242,66,HTTP Request,200,OK,Author Query 5-1,text,true,,263,155,10,70,http://localhost:8080/search?q=beauty&author=Oscar%20Wilde,66,0,0
1782351899220,90,HTTP Request,200,OK,Author Query 5-8,text,true,,263,155,10,70,http://localhost:8080/search?q=beauty&author=Oscar%20Wilde,90,0,0
1782351899277,40,HTTP Request,200,OK,Author Query 5-3,text,true,,263,155,10,70,http://localhost:8080/search?q=beauty&author=Oscar%20Wilde,40,0,0
1782351899289,53,HTTP Request,200,OK,Author Query 5-10,text,true,,263,155,10,70,http://localhost:8080/search?q=beauty&author=Oscar%20Wilde,53,0,0
1782351899310,46,HTTP Request,200,OK,Author Query 5-8,text,true,,263,155,10,70,http://localhost:8080/search?q=beauty&author=Oscar%20Wilde,46,0,0
1782351899306,55,HTTP Request,200,OK,Author Query 5-2,text,true,,263,155,10,70,http://localhost:8080/search?q=beauty&author=Oscar%20Wilde,55,0,0
1782351899287,80,HTTP Request,200,OK,Author Query 5-9,text,true,,263,155,10,70,http://localhost:8080/search?q=beauty&author=Oscar%20Wilde,80,0,0
1782351899278,124,HTTP Request,200,OK,Author Query 5-4,text,true,,263,155,10,70,http://localhost:8080/search?q=beauty&author=Oscar%20Wilde,124,0,0
1782351899309,95,HTTP Request,200,OK,Author Query 5-1,text,true,,263,155,10,70,http://localhost:8080/search?q=beauty&author=Oscar%20Wilde,95,0,0
1782351899287,118,HTTP Request,200,OK,Author Query 5-7,text,true,,263,155,10,70,http://localhost:8080/search?q=beauty&author=Oscar%20Wilde,118,0,0
1782351899291,114,HTTP Request,200,OK,Author Query 5-5,text,true,,263,155,10,70,http://localhost:8080/search?q=beauty&author=Oscar%20Wilde,114,0,0
1782351899317,89,HTTP Request,200,OK,Author Query 5-3,text,true,,263,155,10,70,http://localhost:8080/search?q=beauty&author=Oscar%20Wilde,89,0,0
1782351899290,117,HTTP Request,200,OK,Author Query 5-6,text,true,,263,155,10,70,http://localhost:8080/search?q=beauty&author=Oscar%20Wilde,117,0,0
1782351899361,90,HTTP Request,200,OK,Author Query 5-2,text,true,,263,155,10,70,http://localhost:8080/search?q=beauty&author=Oscar%20Wilde,90,0,0
1782351899356,98,HTTP Request,200,OK,Author Query 5-8,text,true,,263,155,10,70,http://localhost:8080/search?q=beauty&author=Oscar%20Wilde,98,0,0
1782351899342,114,HTTP Request,200,OK,Author Query 5-10,text,true,,263,155,10,70,http://localhost:8080/search?q=beauty&author=Oscar%20Wilde,114,0,0
1782351899368,89,HTTP Request,200,OK,Author Query 5-9,text,true,,263,155,10,70,http://localhost:8080/search?q=beauty&author=Oscar%20Wilde,89,0,0
1782351899404,61,HTTP Request,200,OK,Author Query 5-1,text,true,,263,155,10,70,http://localhost:8080/search?q=beauty&author=Oscar%20Wilde,61,0,0
1782351899403,70,HTTP Request,200,OK,Author Query 5-4,text,true,,263,155,10,70,http://localhost:8080/search?q=beauty&author=Oscar%20Wilde,70,0,0
1782351899406,93,HTTP Request,200,OK,Author Query 5-5,text,true,,263,155,10,70,http://localhost:8080/search?q=beauty&author=Oscar%20Wilde,93,0,0
1782351899407,94,HTTP Request,200,OK,Author Query 5-6,text,true,,263,155,10,70,http://localhost:8080/search?q=beauty&author=Oscar%20Wilde,94,0,0
1782351899405,96,HTTP Request,200,OK,Author Query 5-7,text,true,,263,155,10,70,http://localhost:8080/search?q=beauty&author=Oscar%20Wilde,96,0,0
1782351899406,95,HTTP Request,200,OK,Author Query 5-3,text,true,,263,155,10,70,http://localhost:8080/search?q=beauty&author=Oscar%20Wilde,95,0,0
1782351899454,89,HTTP Request,200,OK,Author Query 5-8,text,true,,263,155,10,70,http://localhost:8080/search?q=beauty&author=Oscar%20Wilde,89,0,0
1782351899457,87,HTTP Request,200,OK,Author Query 5-9,text,true,,263,155,10,70,http://localhost:8080/search?q=beauty&author=Oscar%20Wilde,87,0,0
1782351899465,80,HTTP Request,200,OK,Author Query 5-1,text,true,,263,155,10,70,http://localhost:8080/search?q=beauty&author=Oscar%20Wilde,80,0,0
1782351899501,44,HTTP Request,200,OK,Author Query 5-3,text,true,,263,155,10,70,http://localhost:8080/search?q=beauty&author=Oscar%20Wilde,44,0,0
1782351899456,89,HTTP Request,200,OK,Author Query 5-10,text,true,,263,155,10,70,http://localhost:8080/search?q=beauty&author=Oscar%20Wilde,89,0,0
1782351899452,104,HTTP Request,200,OK,Author Query 5-2,text,true,,263,155,10,70,http://localhost:8080/search?q=beauty&author=Oscar%20Wilde,104,0,0
1782351899473,90,HTTP Request,200,OK,Author Query 5-4,text,true,,263,155,10,70,http://localhost:8080/search?q=beauty&author=Oscar%20Wilde,90,0,0
1782351899500,68,HTTP Request,200,OK,Author Query 5-5,text,true,,263,155,10,70,http://localhost:8080/search?q=beauty&author=Oscar%20Wilde,68,0,0
1782351899501,69,HTTP Request,200,OK,Author Query 5-6,text,true,,263,155,10,70,http://localhost:8080/search?q=beauty&author=Oscar%20Wilde,69,0,0
1782351899501,95,HTTP Request,200,OK,Author Query 5-7,text,true,,263,155,10,70,http://localhost:8080/search?q=beauty&author=Oscar%20Wilde,95,0,0
1782351899544,68,HTTP Request,200,OK,Author Query 5-9,text,true,,263,155,10,70,http://localhost:8080/search?q=beauty&author=Oscar%20Wilde,68,0,0
1782351899545,67,HTTP Request,200,OK,Author Query 5-10,text,true,,263,155,10,70,http://localhost:8080/search?q=beauty&author=Oscar%20Wilde,67,0,0
1782351899545,67,HTTP Request,200,OK,Author Query 5-1,text,true,,263,155,10,70,http://localhost:8080/search?q=beauty&author=Oscar%20Wilde,67,0,0
1782351899543,76,HTTP Request,200,OK,Author Query 5-8,text,true,,263,155,10,70,http://localhost:8080/search?q=beauty&author=Oscar%20Wilde,76,0,0
1782351899545,74,HTTP Request,200,OK,Author Query 5-3,text,true,,263,155,10,70,http://localhost:8080/search?q=beauty&author=Oscar%20Wilde,74,0,0
1782351899557,67,HTTP Request,200,OK,Author Query 5-2,text,true,,263,155,10,70,http://localhost:8080/search?q=beauty&author=Oscar%20Wilde,67,0,0
1782351899568,74,HTTP Request,200,OK,Author Query 5-5,text,true,,263,155,10,70,http://localhost:8080/search?q=beauty&author=Oscar%20Wilde,74,0,0
1782351899564,84,HTTP Request,200,OK,Author Query 5-4,text,true,,263,155,10,70,http://localhost:8080/search?q=beauty&author=Oscar%20Wilde,84,0,0
1782351899571,89,HTTP Request,200,OK,Author Query 5-6,text,true,,263,155,10,70,http://localhost:8080/search?q=beauty&author=Oscar%20Wilde,89,0,0
1782351899596,65,HTTP Request,200,OK,Author Query 5-7,text,true,,263,155,10,70,http://localhost:8080/search?q=beauty&author=Oscar%20Wilde,65,0,0
1782351899612,58,HTTP Request,200,OK,Author Query 5-9,text,true,,263,155,10,70,http://localhost:8080/search?q=beauty&author=Oscar%20Wilde,58,0,0
1782351899619,57,HTTP Request,200,OK,Author Query 5-3,text,true,,263,155,10,70,http://localhost:8080/search?q=beauty&author=Oscar%20Wilde,57,0,0
1782351899619,65,HTTP Request,200,OK,Author Query 5-8,text,true,,263,155,10,70,http://localhost:8080/search?q=beauty&author=Oscar%20Wilde,65,0,0
1782351899612,83,HTTP Request,200,OK,Author Query 5-10,text,true,,263,155,10,70,http://localhost:8080/search?q=beauty&author=Oscar%20Wilde,83,0,0
1782351899624,72,HTTP Request,200,OK,Author Query 5-2,text,true,,263,155,10,70,http://localhost:8080/search?q=beauty&author=Oscar%20Wilde,72,0,0
1782351899612,86,HTTP Request,200,OK,Author Query 5-1,text,true,,263,155,10,70,http://localhost:8080/search?q=beauty&author=Oscar%20Wilde,86,0,0
1782351899649,49,HTTP Request,200,OK,Author Query 5-4,text,true,,263,155,10,70,http://localhost:8080/search?q=beauty&author=Oscar%20Wilde,49,0,0
1782351899671,44,HTTP Request,200,OK,Author Query 5-9,text,true,,263,155,10,70,http://localhost:8080/search?q=beauty&author=Oscar%20Wilde,44,0,0
1782351899685,30,HTTP Request,200,OK,Author Query 5-8,text,true,,263,155,10,70,http://localhost:8080/search?q=beauty&author=Oscar%20Wilde,30,0,0
1782351899696,22,HTTP Request,200,OK,Author Query 5-2,text,true,,263,155,10,70,http://localhost:8080/search?q=beauty&author=Oscar%20Wilde,22,0,0
1782351899643,85,HTTP Request,200,OK,Author Query 5-5,text,true,,263,155,10,70,http://localhost:8080/search?q=beauty&author=Oscar%20Wilde,85,0,0
1782351899660,92,HTTP Request,200,OK,Author Query 5-6,text,true,,263,155,10,70,http://localhost:8080/search?q=beauty&author=Oscar%20Wilde,92,0,0
1782351899715,55,HTTP Request,200,OK,Author Query 5-8,text,true,,263,155,10,70,http://localhost:8080/search?q=beauty&author=Oscar%20Wilde,55,0,0
1782351899661,109,HTTP Request,200,OK,Author Query 5-7,text,true,,263,155,10,70,http://localhost:8080/search?q=beauty&author=Oscar%20Wilde,109,0,0
1782351899698,87,HTTP Request,200,OK,Author Query 5-1,text,true,,263,155,10,70,http://localhost:8080/search?q=beauty&author=Oscar%20Wilde,87,0,0
1782351899719,71,HTTP Request,200,OK,Author Query 5-2,text,true,,263,155,10,70,http://localhost:8080/search?q=beauty&author=Oscar%20Wilde,71,0,0
1782351899729,61,HTTP Request,200,OK,Author Query 5-5,text,true,,263,155,10,70,http://localhost:8080/search?q=beauty&author=Oscar%20Wilde,61,0,0
1782351899676,117,HTTP Request,200,OK,Author Query 5-3,text,true,,263,155,10,70,http://localhost:8080/search?q=beauty&author=Oscar%20Wilde,117,0,0
1782351899715,79,HTTP Request,200,OK,Author Query 5-9,text,true,,263,155,10,70,http://localhost:8080/search?q=beauty&author=Oscar%20Wilde,79,0,0
1782351899698,98,HTTP Request,200,OK,Author Query 5-4,text,true,,263,155,10,70,http://localhost:8080/search?q=beauty&author=Oscar%20Wilde,98,0,0
1782351899695,106,HTTP Request,200,OK,Author Query 5-10,text,true,,263,155,10,70,http://localhost:8080/search?q=beauty&author=Oscar%20Wilde,106,0,0
1782351899752,75,HTTP Request,200,OK,Author Query 5-6,text,true,,263,155,10,70,http://localhost:8080/search?q=beauty&author=Oscar%20Wilde,75,0,0
1782351899794,65,HTTP Request,200,OK,Author Query 5-9,text,true,,263,155,10,70,http://localhost:8080/search?q=beauty&author=Oscar%20Wilde,65,0,0
1782351899802,60,HTTP Request,200,OK,Author Query 5-10,text,true,,263,155,10,70,http://localhost:8080/search?q=beauty&author=Oscar%20Wilde,60,0,0
1782351899794,68,HTTP Request,200,OK,Author Query 5-3,text,true,,263,155,10,70,http://localhost:8080/search?q=beauty&author=Oscar%20Wilde,68,0,0
1782351899790,73,HTTP Request,200,OK,Author Query 5-2,text,true,,263,155,10,70,http://localhost:8080/search?q=beauty&author=Oscar%20Wilde,73,0,0
1782351899785,83,HTTP Request,200,OK,Author Query 5-1,text,true,,263,155,10,70,http://localhost:8080/search?q=beauty&author=Oscar%20Wilde,83,0,0
1782351899770,98,HTTP Request,200,OK,Author Query 5-8,text,true,,263,155,10,70,http://localhost:8080/search?q=beauty&author=Oscar%20Wilde,98,0,0
1782351899790,79,HTTP Request,200,OK,Author Query 5-5,text,true,,263,155,10,70,http://localhost:8080/search?q=beauty&author=Oscar%20Wilde,79,0,0
1782351899770,99,HTTP Request,200,OK,Author Query 5-7,text,true,,263,155,10,70,http://localhost:8080/search?q=beauty&author=Oscar%20Wilde,99,0,0
1782351899797,86,HTTP Request,200,OK,Author Query 5-4,text,true,,263,155,10,70,http://localhost:8080/search?q=beauty&author=Oscar%20Wilde,86,0,0
1782351899828,63,HTTP Request,200,OK,Author Query 5-6,text,true,,263,155,10,70,http://localhost:8080/search?q=beauty&author=Oscar%20Wilde,63,0,0
1782351899862,60,HTTP Request,200,OK,Author Query 5-10,text,true,,263,155,10,70,http://localhost:8080/search?q=beauty&author=Oscar%20Wilde,60,0,0
1782351899860,64,HTTP Request,200,OK,Author Query 5-9,text,true,,263,155,10,70,http://localhost:8080/search?q=beauty&author=Oscar%20Wilde,64,0,0
1782351899891,44,HTTP Request,200,OK,Author Query 5-6,text,true,,263,155,10,70,http://localhost:8080/search?q=beauty&author=Oscar%20Wilde,44,0,0
1782351899864,72,HTTP Request,200,OK,Author Query 5-2,text,true,,263,155,10,70,http://localhost:8080/search?q=beauty&author=Oscar%20Wilde,72,0,0
1782351899869,67,HTTP Request,200,OK,Author Query 5-5,text,true,,263,155,10,70,http://localhost:8080/search?q=beauty&author=Oscar%20Wilde,67,0,0
1782351899870,66,HTTP Request,200,OK,Author Query 5-7,text,true,,263,155,10,70,http://localhost:8080/search?q=beauty&author=Oscar%20Wilde,66,0,0
1782351899868,68,HTTP Request,200,OK,Author Query 5-1,text,true,,263,155,10,70,http://localhost:8080/search?q=beauty&author=Oscar%20Wilde,68,0,0
1782351899868,68,HTTP Request,200,OK,Author Query 5-8,text,true,,263,155,10,70,http://localhost:8080/search?q=beauty&author=Oscar%20Wilde,68,0,0
1782351899862,74,HTTP Request,200,OK,Author Query 5-3,text,true,,263,155,10,70,http://localhost:8080/search?q=beauty&author=Oscar%20Wilde,74,0,0
1782351899883,58,HTTP Request,200,OK,Author Query 5-4,text,true,,263,155,10,70,http://localhost:8080/search?q=beauty&author=Oscar%20Wilde,58,0,0
1782351899922,48,HTTP Request,200,OK,Author Query 5-10,text,true,,263,155,10,70,http://localhost:8080/search?q=beauty&author=Oscar%20Wilde,48,0,0
1782351899936,34,HTTP Request,200,OK,Author Query 5-8,text,true,,263,155,10,70,http://localhost:8080/search?q=beauty&author=Oscar%20Wilde,34,0,0
1782351899936,37,HTTP Request,200,OK,Author Query 5-2,text,true,,263,155,10,70,http://localhost:8080/search?q=beauty&author=Oscar%20Wilde,37,0,0
1782351899936,37,HTTP Request,200,OK,Author Query 5-3,text,true,,263,155,10,70,http://localhost:8080/search?q=beauty&author=Oscar%20Wilde,37,0,0
1782351899935,55,HTTP Request,200,OK,Author Query 5-6,text,true,,263,155,10,70,http://localhost:8080/search?q=beauty&author=Oscar%20Wilde,55,0,0
1782351899936,54,HTTP Request,200,OK,Author Query 5-1,text,true,,263,155,10,70,http://localhost:8080/search?q=beauty&author=Oscar%20Wilde,54,0,0
1782351899936,56,HTTP Request,200,OK,Author Query 5-5,text,true,,263,155,10,70,http://localhost:8080/search?q=beauty&author=Oscar%20Wilde,56,0,0
1782351899924,68,HTTP Request,200,OK,Author Query 5-9,text,true,,263,155,10,70,http://localhost:8080/search?q=beauty&author=Oscar%20Wilde,68,0,0
1782351899941,57,HTTP Request,200,OK,Author Query 5-4,text,true,,263,155,10,70,http://localhost:8080/search?q=beauty&author=Oscar%20Wilde,57,0,0
1782351899936,118,HTTP Request,200,OK,Author Query 5-7,text,true,,263,155,10,70,http://localhost:8080/search?q=beauty&author=Oscar%20Wilde,118,0,0
1782351899970,85,HTTP Request,200,OK,Author Query 5-10,text,true,,263,155,10,70,http://localhost:8080/search?q=beauty&author=Oscar%20Wilde,85,0,0
1782351899973,88,HTTP Request,200,OK,Author Query 5-2,text,true,,263,155,10,70,http://localhost:8080/search?q=beauty&author=Oscar%20Wilde,88,0,0
1782351899970,103,HTTP Request,200,OK,Author Query 5-8,text,true,,263,155,10,70,http://localhost:8080/search?q=beauty&author=Oscar%20Wilde,103,0,0
1782351899973,100,HTTP Request,200,OK,Author Query 5-3,text,true,,263,155,10,70,http://localhost:8080/search?q=beauty&author=Oscar%20Wilde,100,0,0
1782351899990,83,HTTP Request,200,OK,Author Query 5-6,text,true,,263,155,10,70,http://localhost:8080/search?q=beauty&author=Oscar%20Wilde,83,0,0
1782351899990,85,HTTP Request,200,OK,Author Query 5-1,text,true,,263,155,10,70,http://localhost:8080/search?q=beauty&author=Oscar%20Wilde,85,0,0
1782351899992,101,HTTP Request,200,OK,Author Query 5-5,text,true,,263,155,10,70,http://localhost:8080/search?q=beauty&author=Oscar%20Wilde,101,0,0
1782351899999,94,HTTP Request,200,OK,Author Query 5-4,text,true,,263,155,10,70,http://localhost:8080/search?q=beauty&author=Oscar%20Wilde,94,0,0
1782351899992,101,HTTP Request,200,OK,Author Query 5-9,text,true,,263,155,10,70,http://localhost:8080/search?q=beauty&author=Oscar%20Wilde,101,0,0
1782351900061,81,HTTP Request,200,OK,Author Query 5-2,text,true,,263,155,10,70,http://localhost:8080/search?q=beauty&author=Oscar%20Wilde,81,0,0
1782351900056,86,HTTP Request,200,OK,Author Query 5-10,text,true,,263,155,10,70,http://localhost:8080/search?q=beauty&author=Oscar%20Wilde,86,0,0
1782351900073,97,HTTP Request,200,OK,Author Query 5-8,text,true,,263,155,10,70,http://localhost:8080/search?q=beauty&author=Oscar%20Wilde,97,0,0
1782351900093,77,HTTP Request,200,OK,Author Query 5-4,text,true,,263,155,10,70,http://localhost:8080/search?q=beauty&author=Oscar%20Wilde,77,0,0
1782351900093,78,HTTP Request,200,OK,Author Query 5-9,text,true,,263,155,10,70,http://localhost:8080/search?q=beauty&author=Oscar%20Wilde,78,0,0
1782351900073,98,HTTP Request,200,OK,Author Query 5-6,text,true,,263,155,10,70,http://localhost:8080/search?q=beauty&author=Oscar%20Wilde,98,0,0
1782351900075,96,HTTP Request,200,OK,Author Query 5-1,text,true,,263,155,10,70,http://localhost:8080/search?q=beauty&author=Oscar%20Wilde,96,0,0
1782351900073,98,HTTP Request,200,OK,Author Query 5-3,text,true,,263,155,10,70,http://localhost:8080/search?q=beauty&author=Oscar%20Wilde,98,0,0
1782351900054,118,HTTP Request,200,OK,Author Query 5-7,text,true,,263,155,10,70,http://localhost:8080/search?q=beauty&author=Oscar%20Wilde,118,0,0
1782351900093,86,HTTP Request,200,OK,Author Query 5-5,text,true,,263,155,10,70,http://localhost:8080/search?q=beauty&author=Oscar%20Wilde,86,0,0
1782351900171,61,HTTP Request,200,OK,Author Query 5-9,text,true,,263,155,10,70,http://localhost:8080/search?q=beauty&author=Oscar%20Wilde,61,0,0
1782351900142,90,HTTP Request,200,OK,Author Query 5-2,text,true,,263,155,10,70,http://localhost:8080/search?q=beauty&author=Oscar%20Wilde,90,0,0
1782351900142,90,HTTP Request,200,OK,Author Query 5-10,text,true,,263,155,10,70,http://localhost:8080/search?q=beauty&author=Oscar%20Wilde,90,0,0
1782351900170,83,HTTP Request,200,OK,Author Query 5-8,text,true,,263,155,10,70,http://localhost:8080/search?q=beauty&author=Oscar%20Wilde,83,0,0
1782351900172,81,HTTP Request,200,OK,Author Query 5-7,text,true,,263,155,10,70,http://localhost:8080/search?q=beauty&author=Oscar%20Wilde,81,0,0
1782351900171,87,HTTP Request,200,OK,Author Query 5-6,text,true,,263,155,10,70,http://localhost:8080/search?q=beauty&author=Oscar%20Wilde,87,0,0
1782351900171,87,HTTP Request,200,OK,Author Query 5-1,text,true,,263,155,10,70,http://localhost:8080/search?q=beauty&author=Oscar%20Wilde,87,0,0
1782351900170,138,HTTP Request,200,OK,Author Query 5-4,text,true,,263,155,10,70,http://localhost:8080/search?q=beauty&author=Oscar%20Wilde,138,0,0
1782351900171,137,HTTP Request,200,OK,Author Query 5-3,text,true,,263,155,10,70,http://localhost:8080/search?q=beauty&author=Oscar%20Wilde,137,0,0
1782351900179,129,HTTP Request,200,OK,Author Query 5-5,text,true,,263,155,10,70,http://localhost:8080/search?q=beauty&author=Oscar%20Wilde,129,0,0
1782351900233,99,HTTP Request,200,OK,Author Query 5-2,text,true,,263,155,10,70,http://localhost:8080/search?q=beauty&author=Oscar%20Wilde,99,0,0
1782351900258,81,HTTP Request,200,OK,Author Query 5-6,text,true,,263,155,10,70,http://localhost:8080/search?q=beauty&author=Oscar%20Wilde,81,0,0
1782351900253,96,HTTP Request,200,OK,Author Query 5-8,text,true,,263,155,10,70,http://localhost:8080/search?q=beauty&author=Oscar%20Wilde,96,0,0
1782351900232,117,HTTP Request,200,OK,Author Query 5-9,text,true,,263,155,10,70,http://localhost:8080/search?q=beauty&author=Oscar%20Wilde,117,0,0
1782351900253,97,HTTP Request,200,OK,Author Query 5-7,text,true,,263,155,10,70,http://localhost:8080/search?q=beauty&author=Oscar%20Wilde,97,0,0
1782351900233,118,HTTP Request,200,OK,Author Query 5-10,text,true,,263,155,10,70,http://localhost:8080/search?q=beauty&author=Oscar%20Wilde,118,0,0
1782351900258,100,HTTP Request,200,OK,Author Query 5-1,text,true,,263,155,10,70,http://localhost:8080/search?q=beauty&author=Oscar%20Wilde,100,0,0
1782351900308,77,HTTP Request,200,OK,Author Query 5-3,text,true,,263,155,10,70,http://localhost:8080/search?q=beauty&author=Oscar%20Wilde,77,0,0
1782351900308,78,HTTP Request,200,OK,Author Query 5-5,text,true,,263,155,10,70,http://localhost:8080/search?q=beauty&author=Oscar%20Wilde,78,0,0
1782351900308,97,HTTP Request,200,OK,Author Query 5-4,text,true,,263,155,10,70,http://localhost:8080/search?q=beauty&author=Oscar%20Wilde,97,0,0
1782351900349,83,HTTP Request,200,OK,Author Query 5-8,text,true,,263,155,10,70,http://localhost:8080/search?q=beauty&author=Oscar%20Wilde,83,0,0
1782351900358,89,HTTP Request,200,OK,Author Query 5-1,text,true,,263,155,10,70,http://localhost:8080/search?q=beauty&author=Oscar%20Wilde,89,0,0
1782351900349,99,HTTP Request,200,OK,Author Query 5-9,text,true,,263,155,10,70,http://localhost:8080/search?q=beauty&author=Oscar%20Wilde,99,0,0
1782351900351,97,HTTP Request,200,OK,Author Query 5-7,text,true,,263,155,10,70,http://localhost:8080/search?q=beauty&author=Oscar%20Wilde,97,0,0
1782351900332,132,HTTP Request,200,OK,Author Query 5-2,text,true,,263,155,10,70,http://localhost:8080/search?q=beauty&author=Oscar%20Wilde,132,0,0
1782351900352,112,HTTP Request,200,OK,Author Query 5-10,text,true,,263,155,10,70,http://localhost:8080/search?q=beauty&author=Oscar%20Wilde,112,0,0
1782351900386,78,HTTP Request,200,OK,Author Query 5-5,text,true,,263,155,10,70,http://localhost:8080/search?q=beauty&author=Oscar%20Wilde,78,0,0
1782351900339,125,HTTP Request,200,OK,Author Query 5-6,text,true,,263,155,10,70,http://localhost:8080/search?q=beauty&author=Oscar%20Wilde,125,0,0
1782351900386,104,HTTP Request,200,OK,Author Query 5-3,text,true,,263,155,10,70,http://localhost:8080/search?q=beauty&author=Oscar%20Wilde,104,0,0
1782351900405,96,HTTP Request,200,OK,Author Query 5-4,text,true,,263,155,10,70,http://localhost:8080/search?q=beauty&author=Oscar%20Wilde,96,0,0
1782351900491,68,HTTP Request,200,OK,Author Query 5-3,text,true,,263,155,10,70,http://localhost:8080/search?q=beauty&author=Oscar%20Wilde,68,0,0
1782351900447,112,HTTP Request,200,OK,Author Query 5-1,text,true,,263,155,10,70,http://localhost:8080/search?q=beauty&author=Oscar%20Wilde,112,0,0
1782351900448,114,HTTP Request,200,OK,Author Query 5-9,text,true,,263,155,10,70,http://localhost:8080/search?q=beauty&author=Oscar%20Wilde,114,0,0
1782351900432,130,HTTP Request,200,OK,Author Query 5-8,text,true,,263,155,10,70,http://localhost:8080/search?q=beauty&author=Oscar%20Wilde,130,0,0
1782351900448,114,HTTP Request,200,OK,Author Query 5-7,text,true,,263,155,10,70,http://localhost:8080/search?q=beauty&author=Oscar%20Wilde,114,0,0
1782351900464,111,HTTP Request,200,OK,Author Query 5-5,text,true,,263,155,10,70,http://localhost:8080/search?q=beauty&author=Oscar%20Wilde,111,0,0
1782351900502,85,HTTP Request,200,OK,Author Query 5-4,text,true,,263,155,10,70,http://localhost:8080/search?q=beauty&author=Oscar%20Wilde,85,0,0
1782351900464,131,HTTP Request,200,OK,Author Query 5-6,text,true,,263,155,10,70,http://localhost:8080/search?q=beauty&author=Oscar%20Wilde,130,0,0
1782351900464,131,HTTP Request,200,OK,Author Query 5-2,text,true,,263,155,10,70,http://localhost:8080/search?q=beauty&author=Oscar%20Wilde,131,0,0
1782351900464,136,HTTP Request,200,OK,Author Query 5-10,text,true,,263,155,10,70,http://localhost:8080/search?q=beauty&author=Oscar%20Wilde,136,0,0
1782351900562,80,HTTP Request,200,OK,Author Query 5-8,text,true,,263,155,10,70,http://localhost:8080/search?q=beauty&author=Oscar%20Wilde,80,0,0
1782351900562,103,HTTP Request,200,OK,Author Query 5-9,text,true,,263,155,10,70,http://localhost:8080/search?q=beauty&author=Oscar%20Wilde,103,0,0
1782351900559,107,HTTP Request,200,OK,Author Query 5-3,text,true,,263,155,10,70,http://localhost:8080/search?q=beauty&author=Oscar%20Wilde,107,0,0
1782351900575,118,HTTP Request,200,OK,Author Query 5-5,text,true,,263,155,10,70,http://localhost:8080/search?q=beauty&author=Oscar%20Wilde,118,0,0
1782351900559,150,HTTP Request,200,OK,Author Query 5-1,text,true,,263,155,10,70,http://localhost:8080/search?q=beauty&author=Oscar%20Wilde,150,0,0
1782351900595,114,HTTP Request,200,OK,Author Query 5-6,text,true,,263,155,10,70,http://localhost:8080/search?q=beauty&author=Oscar%20Wilde,114,0,0
1782351900587,122,HTTP Request,200,OK,Author Query 5-4,text,true,,263,155,10,70,http://localhost:8080/search?q=beauty&author=Oscar%20Wilde,122,0,0
1782351900596,114,HTTP Request,200,OK,Author Query 5-2,text,true,,263,155,10,70,http://localhost:8080/search?q=beauty&author=Oscar%20Wilde,114,0,0
1782351900562,148,HTTP Request,200,OK,Author Query 5-7,text,true,,263,155,10,70,http://localhost:8080/search?q=beauty&author=Oscar%20Wilde,148,0,0
1782351900600,110,HTTP Request,200,OK,Author Query 5-10,text,true,,263,155,10,70,http://localhost:8080/search?q=beauty&author=Oscar%20Wilde,109,0,0
1782351900665,75,HTTP Request,200,OK,Author Query 5-9,text,true,,263,155,10,70,http://localhost:8080/search?q=beauty&author=Oscar%20Wilde,75,0,0
1782351900642,99,HTTP Request,200,OK,Author Query 5-8,text,true,,263,155,10,70,http://localhost:8080/search?q=beauty&author=Oscar%20Wilde,99,0,0
1782351900667,75,HTTP Request,200,OK,Author Query 5-3,text,true,,263,155,10,70,http://localhost:8080/search?q=beauty&author=Oscar%20Wilde,75,0,0
1782351900710,65,HTTP Request,200,OK,Author Query 5-7,text,true,,263,155,10,70,http://localhost:8080/search?q=beauty&author=Oscar%20Wilde,65,0,0
1782351900694,82,HTTP Request,200,OK,Author Query 5-5,text,true,,263,155,10,70,http://localhost:8080/search?q=beauty&author=Oscar%20Wilde,82,0,0
1782351900710,66,HTTP Request,200,OK,Author Query 5-10,text,true,,263,155,10,70,http://localhost:8080/search?q=beauty&author=Oscar%20Wilde,66,0,0
1782351900709,67,HTTP Request,200,OK,Author Query 5-6,text,true,,263,155,10,70,http://localhost:8080/search?q=beauty&author=Oscar%20Wilde,67,0,0
1782351900709,67,HTTP Request,200,OK,Author Query 5-1,text,true,,263,155,10,70,http://localhost:8080/search?q=beauty&author=Oscar%20Wilde,67,0,0
1782351900710,66,HTTP Request,200,OK,Author Query 5-2,text,true,,263,155,10,70,http://localhost:8080/search?q=beauty&author=Oscar%20Wilde,66,0,0
1782351900709,68,HTTP Request,200,OK,Author Query 5-4,text,true,,263,155,10,70,http://localhost:8080/search?q=beauty&author=Oscar%20Wilde,68,0,0
1782351900741,57,HTTP Request,200,OK,Author Query 5-8,text,true,,263,155,10,70,http://localhost:8080/search?q=beauty&author=Oscar%20Wilde,57,0,0
1782351900741,57,HTTP Request,200,OK,Author Query 5-9,text,true,,263,155,10,70,http://localhost:8080/search?q=beauty&author=Oscar%20Wilde,57,0,0
1782351900742,69,HTTP Request,200,OK,Author Query 5-3,text,true,,263,155,10,70,http://localhost:8080/search?q=beauty&author=Oscar%20Wilde,69,0,0
1782351900776,44,HTTP Request,200,OK,Author Query 5-10,text,true,,263,155,10,70,http://localhost:8080/search?q=beauty&author=Oscar%20Wilde,44,0,0
1782351900777,49,HTTP Request,200,OK,Author Query 5-2,text,true,,263,155,10,70,http://localhost:8080/search?q=beauty&author=Oscar%20Wilde,49,0,0
1782351900777,49,HTTP Request,200,OK,Author Query 5-4,text,true,,263,155,10,70,http://localhost:8080/search?q=beauty&author=Oscar%20Wilde,49,0,0
1782351900776,69,HTTP Request,200,OK,Author Query 5-6,text,true,,263,155,10,70,http://localhost:8080/search?q=beauty&author=Oscar%20Wilde,69,0,0
1782351900776,69,HTTP Request,200,OK,Author Query 5-1,text,true,,263,155,10,70,http://localhost:8080/search?q=beauty&author=Oscar%20Wilde,69,0,0
1782351900776,76,HTTP Request,200,OK,Author Query 5-7,text,true,,263,155,10,70,http://localhost:8080/search?q=beauty&author=Oscar%20Wilde,76,0,0
1782351900776,76,HTTP Request,200,OK,Author Query 5-5,text,true,,263,155,10,70,http://localhost:8080/search?q=beauty&author=Oscar%20Wilde,76,0,0
1782351900798,70,HTTP Request,200,OK,Author Query 5-9,text,true,,263,155,10,70,http://localhost:8080/search?q=beauty&author=Oscar%20Wilde,70,0,0
1782351900811,57,HTTP Request,200,OK,Author Query 5-3,text,true,,263,155,10,70,http://localhost:8080/search?q=beauty&author=Oscar%20Wilde,57,0,0
1782351900798,71,HTTP Request,200,OK,Author Query 5-8,text,true,,263,155,10,70,http://localhost:8080/search?q=beauty&author=Oscar%20Wilde,71,0,0
1782351900822,48,HTTP Request,200,OK,Author Query 5-10,text,true,,263,155,10,70,http://localhost:8080/search?q=beauty&author=Oscar%20Wilde,48,0,0
1782351900826,59,HTTP Request,200,OK,Author Query 5-4,text,true,,263,155,10,70,http://localhost:8080/search?q=beauty&author=Oscar%20Wilde,59,0,0
1782351900826,59,HTTP Request,200,OK,Author Query 5-2,text,true,,263,155,10,70,http://localhost:8080/search?q=beauty&author=Oscar%20Wilde,59,0,0
1782351900853,60,HTTP Request,200,OK,Author Query 5-5,text,true,,263,155,10,70,http://localhost:8080/search?q=beauty&author=Oscar%20Wilde,60,0,0
1782351900846,67,HTTP Request,200,OK,Author Query 5-6,text,true,,263,155,10,70,http://localhost:8080/search?q=beauty&author=Oscar%20Wilde,67,0,0
1782351900868,59,HTTP Request,200,OK,Author Query 5-3,text,true,,263,155,10,70,http://localhost:8080/search?q=beauty&author=Oscar%20Wilde,59,0,0
1782351900871,56,HTTP Request,200,OK,Author Query 5-10,text,true,,263,155,10,70,http://localhost:8080/search?q=beauty&author=Oscar%20Wilde,56,0,0
1782351900868,60,HTTP Request,200,OK,Author Query 5-9,text,true,,263,155,10,70,http://localhost:8080/search?q=beauty&author=Oscar%20Wilde,60,0,0
1782351900852,77,HTTP Request,200,OK,Author Query 5-7,text,true,,263,155,10,70,http://localhost:8080/search?q=beauty&author=Oscar%20Wilde,77,0,0
1782351900846,84,HTTP Request,200,OK,Author Query 5-1,text,true,,263,155,10,70,http://localhost:8080/search?q=beauty&author=Oscar%20Wilde,84,0,0
1782351900885,62,HTTP Request,200,OK,Author Query 5-4,text,true,,263,155,10,70,http://localhost:8080/search?q=beauty&author=Oscar%20Wilde,62,0,0
1782351900913,80,HTTP Request,200,OK,Author Query 5-6,text,true,,263,155,10,70,http://localhost:8080/search?q=beauty&author=Oscar%20Wilde,80,0,0
1782351900885,114,HTTP Request,200,OK,Author Query 5-2,text,true,,263,155,10,70,http://localhost:8080/search?q=beauty&author=Oscar%20Wilde,114,0,0
1782351900927,87,HTTP Request,200,OK,Author Query 5-3,text,true,,263,155,10,70,http://localhost:8080/search?q=beauty&author=Oscar%20Wilde,87,0,0
1782351900913,105,HTTP Request,200,OK,Author Query 5-5,text,true,,263,155,10,70,http://localhost:8080/search?q=beauty&author=Oscar%20Wilde,105,0,0
1782351900869,149,HTTP Request,200,OK,Author Query 5-8,text,true,,263,155,10,70,http://localhost:8080/search?q=beauty&author=Oscar%20Wilde,149,0,0
1782351900927,92,HTTP Request,200,OK,Author Query 5-10,text,true,,263,155,10,70,http://localhost:8080/search?q=beauty&author=Oscar%20Wilde,92,0,0
1782351900948,96,HTTP Request,200,OK,Author Query 5-4,text,true,,263,155,10,70,http://localhost:8080/search?q=beauty&author=Oscar%20Wilde,96,0,0
1782351900928,119,HTTP Request,200,OK,Author Query 5-9,text,true,,263,155,10,70,http://localhost:8080/search?q=beauty&author=Oscar%20Wilde,119,0,0
1782351900929,119,HTTP Request,200,OK,Author Query 5-7,text,true,,263,155,10,70,http://localhost:8080/search?q=beauty&author=Oscar%20Wilde,119,0,0
1782351900930,144,HTTP Request,200,OK,Author Query 5-1,text,true,,263,155,10,70,http://localhost:8080/search?q=beauty&author=Oscar%20Wilde,144,0,0
1782351900994,112,HTTP Request,200,OK,Author Query 5-6,text,true,,263,155,10,70,http://localhost:8080/search?q=beauty&author=Oscar%20Wilde,112,0,0
1782351900999,107,HTTP Request,200,OK,Author Query 5-2,text,true,,263,155,10,70,http://localhost:8080/search?q=beauty&author=Oscar%20Wilde,107,0,0
1782351901018,101,HTTP Request,200,OK,Author Query 5-5,text,true,,263,155,10,70,http://localhost:8080/search?q=beauty&author=Oscar%20Wilde,101,0,0
1782351901018,109,HTTP Request,200,OK,Author Query 5-8,text,true,,263,155,10,70,http://localhost:8080/search?q=beauty&author=Oscar%20Wilde,109,0,0
1782351901019,113,HTTP Request,200,OK,Author Query 5-10,text,true,,263,155,10,70,http://localhost:8080/search?q=beauty&author=Oscar%20Wilde,113,0,0
1782351901014,123,HTTP Request,200,OK,Author Query 5-3,text,true,,263,155,10,70,http://localhost:8080/search?q=beauty&author=Oscar%20Wilde,123,0,0
1782351901049,93,HTTP Request,200,OK,Author Query 5-7,text,true,,263,155,10,70,http://localhost:8080/search?q=beauty&author=Oscar%20Wilde,93,0,0
1782351901074,81,HTTP Request,200,OK,Author Query 5-1,text,true,,263,155,10,70,http://localhost:8080/search?q=beauty&author=Oscar%20Wilde,81,0,0
1782351901044,111,HTTP Request,200,OK,Author Query 5-4,text,true,,263,155,10,70,http://localhost:8080/search?q=beauty&author=Oscar%20Wilde,111,0,0
1782351901047,109,HTTP Request,200,OK,Author Query 5-9,text,true,,263,155,10,70,http://localhost:8080/search?q=beauty&author=Oscar%20Wilde,109,0,0
1782351901142,75,HTTP Request,200,OK,Author Query 5-7,text,true,,263,155,10,70,http://localhost:8080/search?q=beauty&author=Oscar%20Wilde,75,0,0
1782351901132,85,HTTP Request,200,OK,Author Query 5-10,text,true,,263,155,10,70,http://localhost:8080/search?q=beauty&author=Oscar%20Wilde,85,0,0
1782351901138,79,HTTP Request,200,OK,Author Query 5-3,text,true,,263,155,10,70,http://localhost:8080/search?q=beauty&author=Oscar%20Wilde,79,0,0
1782351901107,110,HTTP Request,200,OK,Author Query 5-2,text,true,,263,155,10,70,http://localhost:8080/search?q=beauty&author=Oscar%20Wilde,110,0,0
1782351901119,111,HTTP Request,200,OK,Author Query 5-5,text,true,,263,155,10,70,http://localhost:8080/search?q=beauty&author=Oscar%20Wilde,111,0,0
1782351901127,103,HTTP Request,200,OK,Author Query 5-8,text,true,,263,155,10,70,http://localhost:8080/search?q=beauty&author=Oscar%20Wilde,103,0,0
1782351901107,124,HTTP Request,200,OK,Author Query 5-6,text,true,,263,155,10,70,http://localhost:8080/search?q=beauty&author=Oscar%20Wilde,124,0,0
1782351901155,118,HTTP Request,200,OK,Author Query 5-4,text,true,,263,155,10,70,http://localhost:8080/search?q=beauty&author=Oscar%20Wilde,117,0,0
1782351901155,117,HTTP Request,200,OK,Author Query 5-1,text,true,,263,155,10,70,http://localhost:8080/search?q=beauty&author=Oscar%20Wilde,117,0,0
1782351901156,118,HTTP Request,200,OK,Author Query 5-9,text,true,,263,155,10,70,http://localhost:8080/search?q=beauty&author=Oscar%20Wilde,118,0,0
1782351901217,94,HTTP Request,200,OK,Author Query 5-7,text,true,,263,155,10,70,http://localhost:8080/search?q=beauty&author=Oscar%20Wilde,94,0,0
1782351901217,116,HTTP Request,200,OK,Author Query 5-3,text,true,,263,155,10,70,http://localhost:8080/search?q=beauty&author=Oscar%20Wilde,116,0,0
1782351901230,122,HTTP Request,200,OK,Author Query 5-5,text,true,,263,155,10,70,http://localhost:8080/search?q=beauty&author=Oscar%20Wilde,122,0,0
1782351901231,121,HTTP Request,200,OK,Author Query 5-8,text,true,,263,155,10,70,http://localhost:8080/search?q=beauty&author=Oscar%20Wilde,121,0,0
1782351901231,141,HTTP Request,200,OK,Author Query 5-6,text,true,,263,155,10,70,http://localhost:8080/search?q=beauty&author=Oscar%20Wilde,141,0,0
1782351901217,155,HTTP Request,200,OK,Author Query 5-10,text,true,,263,155,10,70,http://localhost:8080/search?q=beauty&author=Oscar%20Wilde,155,0,0
1782351901217,156,HTTP Request,200,OK,Author Query 5-2,text,true,,263,155,10,70,http://localhost:8080/search?q=beauty&author=Oscar%20Wilde,156,0,0
1782351901273,102,HTTP Request,200,OK,Author Query 5-4,text,true,,263,155,10,70,http://localhost:8080/search?q=beauty&author=Oscar%20Wilde,102,0,0
1782351901274,115,HTTP Request,200,OK,Author Query 5-9,text,true,,263,155,10,70,http://localhost:8080/search?q=beauty&author=Oscar%20Wilde,115,0,0
1782351901273,117,HTTP Request,200,OK,Author Query 5-1,text,true,,263,155,10,70,http://localhost:8080/search?q=beauty&author=Oscar%20Wilde,117,0,0
1782351901312,107,HTTP Request,200,OK,Author Query 5-7,text,true,,263,155,10,70,http://localhost:8080/search?q=beauty&author=Oscar%20Wilde,107,0,0
1782351901333,87,HTTP Request,200,OK,Author Query 5-3,text,true,,263,155,10,70,http://localhost:8080/search?q=beauty&author=Oscar%20Wilde,87,0,0
1782351901352,108,HTTP Request,200,OK,Author Query 5-8,text,true,,263,155,10,70,http://localhost:8080/search?q=beauty&author=Oscar%20Wilde,108,0,0
1782351901372,94,HTTP Request,200,OK,Author Query 5-10,text,true,,263,155,10,70,http://localhost:8080/search?q=beauty&author=Oscar%20Wilde,94,0,0
1782351901352,122,HTTP Request,200,OK,Author Query 5-5,text,true,,263,155,10,70,http://localhost:8080/search?q=beauty&author=Oscar%20Wilde,122,0,0
1782351901373,102,HTTP Request,200,OK,Author Query 5-2,text,true,,263,155,10,70,http://localhost:8080/search?q=beauty&author=Oscar%20Wilde,102,0,0
1782351901375,109,HTTP Request,200,OK,Author Query 5-4,text,true,,263,155,10,70,http://localhost:8080/search?q=beauty&author=Oscar%20Wilde,109,0,0
1782351901372,128,HTTP Request,200,OK,Author Query 5-6,text,true,,263,155,10,70,http://localhost:8080/search?q=beauty&author=Oscar%20Wilde,128,0,0
1782351901390,111,HTTP Request,200,OK,Author Query 5-1,text,true,,263,155,10,70,http://localhost:8080/search?q=beauty&author=Oscar%20Wilde,111,0,0
1782351901389,112,HTTP Request,200,OK,Author Query 5-9,text,true,,263,155,10,70,http://localhost:8080/search?q=beauty&author=Oscar%20Wilde,112,0,0
1782351901420,102,HTTP Request,200,OK,Author Query 5-3,text,true,,263,155,10,70,http://localhost:8080/search?q=beauty&author=Oscar%20Wilde,102,0,0
1782351901420,132,HTTP Request,200,OK,Author Query 5-7,text,true,,263,155,10,70,http://localhost:8080/search?q=beauty&author=Oscar%20Wilde,132,0,0
1782351901461,91,HTTP Request,200,OK,Author Query 5-8,text,true,,263,155,10,70,http://localhost:8080/search?q=beauty&author=Oscar%20Wilde,91,0,0
1782351901475,83,HTTP Request,200,OK,Author Query 5-2,text,true,,263,155,10,70,http://localhost:8080/search?q=beauty&author=Oscar%20Wilde,83,0,0
1782351901466,99,HTTP Request,200,OK,Author Query 5-10,text,true,,263,155,10,70,http://localhost:8080/search?q=beauty&author=Oscar%20Wilde,99,0,0
1782351901501,90,HTTP Request,200,OK,Author Query 5-9,text,true,,263,155,10,70,http://localhost:8080/search?q=beauty&author=Oscar%20Wilde,90,0,0
1782351901475,116,HTTP Request,200,OK,Author Query 5-5,text,true,,263,155,10,70,http://localhost:8080/search?q=beauty&author=Oscar%20Wilde,116,0,0
1782351901484,107,HTTP Request,200,OK,Author Query 5-4,text,true,,263,155,10,70,http://localhost:8080/search?q=beauty&author=Oscar%20Wilde,107,0,0
1782351901501,95,HTTP Request,200,OK,Author Query 5-6,text,true,,263,155,10,70,http://localhost:8080/search?q=beauty&author=Oscar%20Wilde,95,0,0
1782351901501,96,HTTP Request,200,OK,Author Query 5-1,text,true,,263,155,10,70,http://localhost:8080/search?q=beauty&author=Oscar%20Wilde,96,0,0
1782351901523,111,HTTP Request,200,OK,Author Query 5-3,text,true,,263,155,10,70,http://localhost:8080/search?q=beauty&author=Oscar%20Wilde,111,0,0
1782351901553,89,HTTP Request,200,OK,Author Query 5-8,text,true,,263,155,10,70,http://localhost:8080/search?q=beauty&author=Oscar%20Wilde,89,0,0
1782351901592,80,HTTP Request,200,OK,Author Query 5-5,text,true,,263,155,10,70,http://localhost:8080/search?q=beauty&author=Oscar%20Wilde,80,0,0
1782351901592,80,HTTP Request,200,OK,Author Query 5-4,text,true,,263,155,10,70,http://localhost:8080/search?q=beauty&author=Oscar%20Wilde,80,0,0
1782351901597,75,HTTP Request,200,OK,Author Query 5-1,text,true,,263,155,10,70,http://localhost:8080/search?q=beauty&author=Oscar%20Wilde,75,0,0
1782351901553,192,HTTP Request,200,OK,Author Query 5-7,text,true,,263,155,10,70,http://localhost:8080/search?q=beauty&author=Oscar%20Wilde,192,0,0
1782351901596,149,HTTP Request,200,OK,Author Query 5-6,text,true,,263,155,10,70,http://localhost:8080/search?q=beauty&author=Oscar%20Wilde,149,0,0
1782351901565,181,HTTP Request,200,OK,Author Query 5-10,text,true,,263,155,10,70,http://localhost:8080/search?q=beauty&author=Oscar%20Wilde,181,0,0
1782351901591,156,HTTP Request,200,OK,Author Query 5-9,text,true,,263,155,10,70,http://localhost:8080/search?q=beauty&author=Oscar%20Wilde,156,0,0
1782351901558,189,HTTP Request,200,OK,Author Query 5-2,text,true,,263,155,10,70,http://localhost:8080/search?q=beauty&author=Oscar%20Wilde,189,0,0
1782351901643,104,HTTP Request,200,OK,Author Query 5-8,text,true,,263,155,10,70,http://localhost:8080/search?q=beauty&author=Oscar%20Wilde,104,0,0
1782351901635,112,HTTP Request,200,OK,Author Query 5-3,text,true,,263,155,10,70,http://localhost:8080/search?q=beauty&author=Oscar%20Wilde,112,0,0
1782351901672,99,HTTP Request,200,OK,Author Query 5-5,text,true,,263,155,10,70,http://localhost:8080/search?q=beauty&author=Oscar%20Wilde,99,0,0
1782351901672,116,HTTP Request,200,OK,Author Query 5-4,text,true,,263,155,10,70,http://localhost:8080/search?q=beauty&author=Oscar%20Wilde,116,0,0
1782351901673,166,HTTP Request,200,OK,Author Query 5-1,text,true,,263,155,10,70,http://localhost:8080/search?q=beauty&author=Oscar%20Wilde,166,0,0
1782351901747,93,HTTP Request,200,OK,Author Query 5-3,text,true,,263,155,10,70,http://localhost:8080/search?q=beauty&author=Oscar%20Wilde,93,0,0
1782351901747,93,HTTP Request,200,OK,Author Query 5-2,text,true,,263,155,10,70,http://localhost:8080/search?q=beauty&author=Oscar%20Wilde,93,0,0
1782351901747,93,HTTP Request,200,OK,Author Query 5-10,text,true,,263,155,10,70,http://localhost:8080/search?q=beauty&author=Oscar%20Wilde,93,0,0
1782351901746,94,HTTP Request,200,OK,Author Query 5-7,text,true,,263,155,10,70,http://localhost:8080/search?q=beauty&author=Oscar%20Wilde,94,0,0
1782351901747,93,HTTP Request,200,OK,Author Query 5-8,text,true,,263,155,10,70,http://localhost:8080/search?q=beauty&author=Oscar%20Wilde,93,0,0
1782351901746,94,HTTP Request,200,OK,Author Query 5-6,text,true,,263,155,10,70,http://localhost:8080/search?q=beauty&author=Oscar%20Wilde,94,0,0
1782351901747,93,HTTP Request,200,OK,Author Query 5-9,text,true,,263,155,10,70,http://localhost:8080/search?q=beauty&author=Oscar%20Wilde,93,0,0
1782351901788,98,HTTP Request,200,OK,Author Query 5-4,text,true,,263,155,10,70,http://localhost:8080/search?q=beauty&author=Oscar%20Wilde,98,0,0
1782351901771,119,HTTP Request,200,OK,Author Query 5-5,text,true,,263,155,10,70,http://localhost:8080/search?q=beauty&author=Oscar%20Wilde,119,0,0
1782351901840,62,HTTP Request,200,OK,Author Query 5-9,text,true,,263,155,10,70,http://localhost:8080/search?q=beauty&author=Oscar%20Wilde,62,0,0
1782351901840,114,HTTP Request,200,OK,Author Query 5-8,text,true,,263,155,10,70,http://localhost:8080/search?q=beauty&author=Oscar%20Wilde,114,0,0
1782351901840,114,HTTP Request,200,OK,Author Query 5-2,text,true,,263,155,10,70,http://localhost:8080/search?q=beauty&author=Oscar%20Wilde,114,0,0
1782351901840,114,HTTP Request,200,OK,Author Query 5-1,text,true,,263,155,10,70,http://localhost:8080/search?q=beauty&author=Oscar%20Wilde,114,0,0
1782351901840,114,HTTP Request,200,OK,Author Query 5-6,text,true,,263,155,10,70,http://localhost:8080/search?q=beauty&author=Oscar%20Wilde,114,0,0
1782351901840,115,HTTP Request,200,OK,Author Query 5-3,text,true,,263,155,10,70,http://localhost:8080/search?q=beauty&author=Oscar%20Wilde,115,0,0
1782351901840,115,HTTP Request,200,OK,Author Query 5-10,text,true,,263,155,10,70,http://localhost:8080/search?q=beauty&author=Oscar%20Wilde,115,0,0
1782351901840,147,HTTP Request,200,OK,Author Query 5-7,text,true,,263,155,10,70,http://localhost:8080/search?q=beauty&author=Oscar%20Wilde,147,0,0
1782351901890,126,HTTP Request,200,OK,Author Query 5-5,text,true,,263,155,10,70,http://localhost:8080/search?q=beauty&author=Oscar%20Wilde,126,0,0
1782351901886,131,HTTP Request,200,OK,Author Query 5-4,text,true,,263,155,10,70,http://localhost:8080/search?q=beauty&author=Oscar%20Wilde,131,0,0
1782351901902,131,HTTP Request,200,OK,Author Query 5-9,text,true,,263,155,10,70,http://localhost:8080/search?q=beauty&author=Oscar%20Wilde,131,0,0
1782351901954,112,HTTP Request,200,OK,Author Query 5-6,text,true,,263,155,10,70,http://localhost:8080/search?q=beauty&author=Oscar%20Wilde,112,0,0
1782351901955,111,HTTP Request,200,OK,Author Query 5-3,text,true,,263,155,10,70,http://localhost:8080/search?q=beauty&author=Oscar%20Wilde,111,0,0
1782351901955,112,HTTP Request,200,OK,Author Query 5-10,text,true,,263,155,10,70,http://localhost:8080/search?q=beauty&author=Oscar%20Wilde,112,0,0
1782351901954,119,HTTP Request,200,OK,Author Query 5-1,text,true,,263,155,10,70,http://localhost:8080/search?q=beauty&author=Oscar%20Wilde,119,0,0
1782351901954,122,HTTP Request,200,OK,Author Query 5-8,text,true,,263,155,10,70,http://localhost:8080/search?q=beauty&author=Oscar%20Wilde,122,0,0
1782351901954,124,HTTP Request,200,OK,Author Query 5-2,text,true,,263,155,10,70,http://localhost:8080/search?q=beauty&author=Oscar%20Wilde,124,0,0
1782351901987,101,HTTP Request,200,OK,Author Query 5-7,text,true,,263,155,10,70,http://localhost:8080/search?q=beauty&author=Oscar%20Wilde,101,0,0
1782351902017,76,HTTP Request,200,OK,Author Query 5-4,text,true,,263,155,10,70,http://localhost:8080/search?q=beauty&author=Oscar%20Wilde,76,0,0
1782351902034,61,HTTP Request,200,OK,Author Query 5-9,text,true,,263,155,10,70,http://localhost:8080/search?q=beauty&author=Oscar%20Wilde,61,0,0
1782351902016,81,HTTP Request,200,OK,Author Query 5-5,text,true,,263,155,10,70,http://localhost:8080/search?q=beauty&author=Oscar%20Wilde,81,0,0
1782351902067,60,HTTP Request,200,OK,Author Query 5-3,text,true,,263,155,10,70,http://localhost:8080/search?q=beauty&author=Oscar%20Wilde,60,0,0
1782351902068,65,HTTP Request,200,OK,Author Query 5-10,text,true,,263,155,10,70,http://localhost:8080/search?q=beauty&author=Oscar%20Wilde,65,0,0
1782351902088,79,HTTP Request,200,OK,Author Query 5-7,text,true,,263,155,10,70,http://localhost:8080/search?q=beauty&author=Oscar%20Wilde,79,0,0
1782351902066,101,HTTP Request,200,OK,Author Query 5-6,text,true,,263,155,10,70,http://localhost:8080/search?q=beauty&author=Oscar%20Wilde,101,0,0
1782351902076,91,HTTP Request,200,OK,Author Query 5-8,text,true,,263,155,10,70,http://localhost:8080/search?q=beauty&author=Oscar%20Wilde,91,0,0
1782351902094,74,HTTP Request,200,OK,Author Query 5-4,text,true,,263,155,10,70,http://localhost:8080/search?q=beauty&author=Oscar%20Wilde,74,0,0
1782351902095,81,HTTP Request,200,OK,Author Query 5-9,text,true,,263,155,10,70,http://localhost:8080/search?q=beauty&author=Oscar%20Wilde,81,0,0
1782351902097,79,HTTP Request,200,OK,Author Query 5-5,text,true,,263,155,10,70,http://localhost:8080/search?q=beauty&author=Oscar%20Wilde,79,0,0
1782351902079,97,HTTP Request,200,OK,Author Query 5-2,text,true,,263,155,10,70,http://localhost:8080/search?q=beauty&author=Oscar%20Wilde,97,0,0
1782351902073,114,HTTP Request,200,OK,Author Query 5-1,text,true,,263,155,10,70,http://localhost:8080/search?q=beauty&author=Oscar%20Wilde,114,0,0
1782351902127,91,HTTP Request,200,OK,Author Query 5-3,text,true,,263,155,10,70,http://localhost:8080/search?q=beauty&author=Oscar%20Wilde,91,0,0
1782351902133,85,HTTP Request,200,OK,Author Query 5-10,text,true,,263,155,10,70,http://localhost:8080/search?q=beauty&author=Oscar%20Wilde,85,0,0
1782351902167,51,HTTP Request,200,OK,Author Query 5-7,text,true,,263,155,10,70,http://localhost:8080/search?q=beauty&author=Oscar%20Wilde,51,0,0
1782351902167,51,HTTP Request,200,OK,Author Query 5-8,text,true,,263,155,10,70,http://localhost:8080/search?q=beauty&author=Oscar%20Wilde,51,0,0
1782351902167,52,HTTP Request,200,OK,Author Query 5-6,text,true,,263,155,10,70,http://localhost:8080/search?q=beauty&author=Oscar%20Wilde,52,0,0
1782351902168,59,HTTP Request,200,OK,Author Query 5-4,text,true,,263,155,10,70,http://localhost:8080/search?q=beauty&author=Oscar%20Wilde,59,0,0
1782351902187,48,HTTP Request,200,OK,Author Query 5-1,text,true,,263,155,10,70,http://localhost:8080/search?q=beauty&author=Oscar%20Wilde,48,0,0
1782351902176,60,HTTP Request,200,OK,Author Query 5-5,text,true,,263,155,10,70,http://localhost:8080/search?q=beauty&author=Oscar%20Wilde,60,0,0
1782351902176,70,HTTP Request,200,OK,Author Query 5-9,text,true,,263,155,10,70,http://localhost:8080/search?q=beauty&author=Oscar%20Wilde,70,0,0
1782351902176,71,HTTP Request,200,OK,Author Query 5-2,text,true,,263,155,10,70,http://localhost:8080/search?q=beauty&author=Oscar%20Wilde,71,0,0
1782351902218,41,HTTP Request,200,OK,Author Query 5-3,text,true,,263,155,10,70,http://localhost:8080/search?q=beauty&author=Oscar%20Wilde,41,0,0
1782351902218,69,HTTP Request,200,OK,Author Query 5-10,text,true,,263,155,10,70,http://localhost:8080/search?q=beauty&author=Oscar%20Wilde,69,0,0
1782351902219,68,HTTP Request,200,OK,Author Query 5-6,text,true,,263,155,10,70,http://localhost:8080/search?q=beauty&author=Oscar%20Wilde,68,0,0
1782351902228,59,HTTP Request,200,OK,Author Query 5-4,text,true,,263,155,10,70,http://localhost:8080/search?q=beauty&author=Oscar%20Wilde,59,0,0
1782351902218,70,HTTP Request,200,OK,Author Query 5-7,text,true,,263,155,10,70,http://localhost:8080/search?q=beauty&author=Oscar%20Wilde,70,0,0
1782351902218,90,HTTP Request,200,OK,Author Query 5-8,text,true,,263,155,10,70,http://localhost:8080/search?q=beauty&author=Oscar%20Wilde,90,0,0
1782351902236,83,HTTP Request,200,OK,Author Query 5-5,text,true,,263,155,10,70,http://localhost:8080/search?q=beauty&author=Oscar%20Wilde,83,0,0
1782351902235,84,HTTP Request,200,OK,Author Query 5-1,text,true,,263,155,10,70,http://localhost:8080/search?q=beauty&author=Oscar%20Wilde,84,0,0
1782351902246,74,HTTP Request,200,OK,Author Query 5-9,text,true,,263,155,10,70,http://localhost:8080/search?q=beauty&author=Oscar%20Wilde,74,0,0
1782351902247,96,HTTP Request,200,OK,Author Query 5-2,text,true,,263,155,10,70,http://localhost:8080/search?q=beauty&author=Oscar%20Wilde,96,0,0
1782351902259,119,HTTP Request,200,OK,Author Query 5-3,text,true,,263,155,10,70,http://localhost:8080/search?q=beauty&author=Oscar%20Wilde,119,0,0
1782351902287,98,HTTP Request,200,OK,Author Query 5-4,text,true,,263,155,10,70,http://localhost:8080/search?q=beauty&author=Oscar%20Wilde,98,0,0
1782351902288,97,HTTP Request,200,OK,Author Query 5-7,text,true,,263,155,10,70,http://localhost:8080/search?q=beauty&author=Oscar%20Wilde,97,0,0
1782351902308,77,HTTP Request,200,OK,Author Query 5-8,text,true,,263,155,10,70,http://localhost:8080/search?q=beauty&author=Oscar%20Wilde,77,0,0
1782351902287,98,HTTP Request,200,OK,Author Query 5-6,text,true,,263,155,10,70,http://localhost:8080/search?q=beauty&author=Oscar%20Wilde,98,0,0
1782351902287,99,HTTP Request,200,OK,Author Query 5-10,text,true,,263,155,10,70,http://localhost:8080/search?q=beauty&author=Oscar%20Wilde,99,0,0
1782351902320,81,HTTP Request,200,OK,Author Query 5-9,text,true,,263,155,10,70,http://localhost:8080/search?q=beauty&author=Oscar%20Wilde,81,0,0
1782351902319,91,HTTP Request,200,OK,Author Query 5-1,text,true,,263,155,10,70,http://localhost:8080/search?q=beauty&author=Oscar%20Wilde,91,0,0
1782351902343,94,HTTP Request,200,OK,Author Query 5-2,text,true,,263,155,10,70,http://localhost:8080/search?q=beauty&author=Oscar%20Wilde,94,0,0
1782351902385,59,HTTP Request,200,OK,Author Query 5-8,text,true,,263,155,10,70,http://localhost:8080/search?q=beauty&author=Oscar%20Wilde,59,0,0
1782351902386,95,HTTP Request,200,OK,Author Query 5-6,text,true,,263,155,10,70,http://localhost:8080/search?q=beauty&author=Oscar%20Wilde,95,0,0
1782351902385,99,HTTP Request,200,OK,Author Query 5-4,text,true,,263,155,10,70,http://localhost:8080/search?q=beauty&author=Oscar%20Wilde,99,0,0
1782351902319,165,HTTP Request,200,OK,Author Query 5-5,text,true,,263,155,10,70,http://localhost:8080/search?q=beauty&author=Oscar%20Wilde,165,0,0
1782351902401,101,HTTP Request,200,OK,Author Query 5-9,text,true,,263,155,10,70,http://localhost:8080/search?q=beauty&author=Oscar%20Wilde,101,0,0
1782351902385,120,HTTP Request,200,OK,Author Query 5-7,text,true,,263,155,10,70,http://localhost:8080/search?q=beauty&author=Oscar%20Wilde,120,0,0
1782351902386,120,HTTP Request,200,OK,Author Query 5-10,text,true,,263,155,10,70,http://localhost:8080/search?q=beauty&author=Oscar%20Wilde,120,0,0
1782351902378,136,HTTP Request,200,OK,Author Query 5-3,text,true,,263,155,10,70,http://localhost:8080/search?q=beauty&author=Oscar%20Wilde,136,0,0
1782351902411,125,HTTP Request,200,OK,Author Query 5-1,text,true,,263,155,10,70,http://localhost:8080/search?q=beauty&author=Oscar%20Wilde,125,0,0
1782351902437,100,HTTP Request,200,OK,Author Query 5-2,text,true,,263,155,10,70,http://localhost:8080/search?q=beauty&author=Oscar%20Wilde,100,0,0
1782351902444,125,HTTP Request,200,OK,Author Query 5-8,text,true,,263,155,10,70,http://localhost:8080/search?q=beauty&author=Oscar%20Wilde,125,0,0
1782351902503,68,HTTP Request,200,OK,Author Query 5-9,text,true,,263,155,10,70,http://localhost:8080/search?q=beauty&author=Oscar%20Wilde,68,0,0
1782351902482,90,HTTP Request,200,OK,Author Query 5-6,text,true,,263,155,10,70,http://localhost:8080/search?q=beauty&author=Oscar%20Wilde,90,0,0
1782351902484,108,HTTP Request,200,OK,Author Query 5-4,text,true,,263,155,10,70,http://localhost:8080/search?q=beauty&author=Oscar%20Wilde,108,0,0
1782351902485,107,HTTP Request,200,OK,Author Query 5-5,text,true,,263,155,10,70,http://localhost:8080/search?q=beauty&author=Oscar%20Wilde,107,0,0
1782351902506,87,HTTP Request,200,OK,Author Query 5-7,text,true,,263,155,10,70,http://localhost:8080/search?q=beauty&author=Oscar%20Wilde,86,0,0
1782351902506,87,HTTP Request,200,OK,Author Query 5-10,text,true,,263,155,10,70,http://localhost:8080/search?q=beauty&author=Oscar%20Wilde,87,0,0
1782351902514,91,HTTP Request,200,OK,Author Query 5-3,text,true,,263,155,10,70,http://localhost:8080/search?q=beauty&author=Oscar%20Wilde,91,0,0
1782351902537,115,HTTP Request,200,OK,Author Query 5-1,text,true,,263,155,10,70,http://localhost:8080/search?q=beauty&author=Oscar%20Wilde,115,0,0
1782351902538,117,HTTP Request,200,OK,Author Query 5-2,text,true,,263,155,10,70,http://localhost:8080/search?q=beauty&author=Oscar%20Wilde,117,0,0
1782351902572,90,HTTP Request,200,OK,Author Query 5-6,text,true,,263,155,10,70,http://localhost:8080/search?q=beauty&author=Oscar%20Wilde,90,0,0
1782351902569,93,HTTP Request,200,OK,Author Query 5-8,text,true,,263,155,10,70,http://localhost:8080/search?q=beauty&author=Oscar%20Wilde,93,0,0
1782351902571,96,HTTP Request,200,OK,Author Query 5-9,text,true,,263,155,10,70,http://localhost:8080/search?q=beauty&author=Oscar%20Wilde,96,0,0
1782351902592,92,HTTP Request,200,OK,Author Query 5-5,text,true,,263,155,10,70,http://localhost:8080/search?q=beauty&author=Oscar%20Wilde,92,0,0
1782351902593,92,HTTP Request,200,OK,Author Query 5-7,text,true,,263,155,10,70,http://localhost:8080/search?q=beauty&author=Oscar%20Wilde,92,0,0
1782351902592,93,HTTP Request,200,OK,Author Query 5-4,text,true,,263,155,10,70,http://localhost:8080/search?q=beauty&author=Oscar%20Wilde,93,0,0
1782351902593,92,HTTP Request,200,OK,Author Query 5-10,text,true,,263,155,10,70,http://localhost:8080/search?q=beauty&author=Oscar%20Wilde,92,0,0
1782351902605,119,HTTP Request,200,OK,Author Query 5-3,text,true,,263,155,10,70,http://localhost:8080/search?q=beauty&author=Oscar%20Wilde,119,0,0
1782351902655,130,HTTP Request,200,OK,Author Query 5-2,text,true,,263,155,10,70,http://localhost:8080/search?q=beauty&author=Oscar%20Wilde,130,0,0
1782351902662,127,HTTP Request,200,OK,Author Query 5-6,text,true,,263,155,10,70,http://localhost:8080/search?q=beauty&author=Oscar%20Wilde,127,0,0
1782351902662,128,HTTP Request,200,OK,Author Query 5-8,text,true,,263,155,10,70,http://localhost:8080/search?q=beauty&author=Oscar%20Wilde,128,0,0
1782351902684,116,HTTP Request,200,OK,Author Query 5-5,text,true,,263,155,10,70,http://localhost:8080/search?q=beauty&author=Oscar%20Wilde,116,0,0
1782351902686,114,HTTP Request,200,OK,Author Query 5-10,text,true,,263,155,10,70,http://localhost:8080/search?q=beauty&author=Oscar%20Wilde,114,0,0
1782351902685,117,HTTP Request,200,OK,Author Query 5-7,text,true,,263,155,10,70,http://localhost:8080/search?q=beauty&author=Oscar%20Wilde,117,0,0
1782351902652,162,HTTP Request,200,OK,Author Query 5-1,text,true,,263,155,10,70,http://localhost:8080/search?q=beauty&author=Oscar%20Wilde,162,0,0
1782351902685,130,HTTP Request,200,OK,Author Query 5-4,text,true,,263,155,10,70,http://localhost:8080/search?q=beauty&author=Oscar%20Wilde,130,0,0
1782351902667,149,HTTP Request,200,OK,Author Query 5-9,text,true,,263,155,10,70,http://localhost:8080/search?q=beauty&author=Oscar%20Wilde,149,0,0
1782351902785,68,HTTP Request,200,OK,Author Query 5-2,text,true,,263,155,10,70,http://localhost:8080/search?q=beauty&author=Oscar%20Wilde,68,0,0
1782351902790,75,HTTP Request,200,OK,Author Query 5-6,text,true,,263,155,10,70,http://localhost:8080/search?q=beauty&author=Oscar%20Wilde,75,0,0
1782351902790,75,HTTP Request,200,OK,Author Query 5-8,text,true,,263,155,10,70,http://localhost:8080/search?q=beauty&author=Oscar%20Wilde,75,0,0
1782351902725,144,HTTP Request,200,OK,Author Query 5-3,text,true,,263,155,10,70,http://localhost:8080/search?q=beauty&author=Oscar%20Wilde,144,0,0
1782351902800,85,HTTP Request,200,OK,Author Query 5-5,text,true,,263,155,10,70,http://localhost:8080/search?q=beauty&author=Oscar%20Wilde,85,0,0
1782351902815,70,HTTP Request,200,OK,Author Query 5-4,text,true,,263,155,10,70,http://localhost:8080/search?q=beauty&author=Oscar%20Wilde,70,0,0
1782351902814,72,HTTP Request,200,OK,Author Query 5-1,text,true,,263,155,10,70,http://localhost:8080/search?q=beauty&author=Oscar%20Wilde,72,0,0
1782351902802,84,HTTP Request,200,OK,Author Query 5-7,text,true,,263,155,10,70,http://localhost:8080/search?q=beauty&author=Oscar%20Wilde,84,0,0
1782351902800,116,HTTP Request,200,OK,Author Query 5-10,text,true,,263,155,10,70,http://localhost:8080/search?q=beauty&author=Oscar%20Wilde,116,0,0
1782351902816,100,HTTP Request,200,OK,Author Query 5-9,text,true,,263,155,10,70,http://localhost:8080/search?q=beauty&author=Oscar%20Wilde,100,0,0
1782351902853,70,HTTP Request,200,OK,Author Query 5-2,text,true,,263,155,10,70,http://localhost:8080/search?q=beauty&author=Oscar%20Wilde,70,0,0
1782351902869,65,HTTP Request,200,OK,Author Query 5-3,text,true,,263,155,10,70,http://localhost:8080/search?q=beauty&author=Oscar%20Wilde,65,0,0
1782351902885,106,HTTP Request,200,OK,Author Query 5-4,text,true,,263,155,10,70,http://localhost:8080/search?q=beauty&author=Oscar%20Wilde,106,0,0
1782351902934,56,HTTP Request,200,OK,Author Query 5-3,text,true,,263,155,10,70,http://localhost:8080/search?q=beauty&author=Oscar%20Wilde,56,0,0
1782351902885,107,HTTP Request,200,OK,Author Query 5-5,text,true,,263,155,10,70,http://localhost:8080/search?q=beauty&author=Oscar%20Wilde,107,0,0
1782351902916,77,HTTP Request,200,OK,Author Query 5-10,text,true,,263,155,10,70,http://localhost:8080/search?q=beauty&author=Oscar%20Wilde,77,0,0
1782351902923,70,HTTP Request,200,OK,Author Query 5-2,text,true,,263,155,10,70,http://localhost:8080/search?q=beauty&author=Oscar%20Wilde,70,0,0
1782351902886,108,HTTP Request,200,OK,Author Query 5-1,text,true,,263,155,10,70,http://localhost:8080/search?q=beauty&author=Oscar%20Wilde,108,0,0
1782351902865,129,HTTP Request,200,OK,Author Query 5-6,text,true,,263,155,10,70,http://localhost:8080/search?q=beauty&author=Oscar%20Wilde,129,0,0
1782351902886,108,HTTP Request,200,OK,Author Query 5-7,text,true,,263,155,10,70,http://localhost:8080/search?q=beauty&author=Oscar%20Wilde,108,0,0
1782351902916,79,HTTP Request,200,OK,Author Query 5-9,text,true,,263,155,10,70,http://localhost:8080/search?q=beauty&author=Oscar%20Wilde,79,0,0
1782351902865,132,HTTP Request,200,OK,Author Query 5-8,text,true,,263,155,10,70,http://localhost:8080/search?q=beauty&author=Oscar%20Wilde,132,0,0
1782351902991,64,HTTP Request,200,OK,Author Query 5-4,text,true,,263,155,10,70,http://localhost:8080/search?q=beauty&author=Oscar%20Wilde,64,0,0
1782351902992,91,HTTP Request,200,OK,Author Query 5-5,text,true,,263,155,10,70,http://localhost:8080/search?q=beauty&author=Oscar%20Wilde,91,0,0
1782351902994,89,HTTP Request,200,OK,Author Query 5-7,text,true,,263,155,10,70,http://localhost:8080/search?q=beauty&author=Oscar%20Wilde,89,0,0
1782351902994,89,HTTP Request,200,OK,Author Query 5-6,text,true,,263,155,10,70,http://localhost:8080/search?q=beauty&author=Oscar%20Wilde,89,0,0
1782351902995,97,HTTP Request,200,OK,Author Query 5-9,text,true,,263,155,10,70,http://localhost:8080/search?q=beauty&author=Oscar%20Wilde,97,0,0
1782351902994,99,HTTP Request,200,OK,Author Query 5-1,text,true,,263,155,10,70,http://localhost:8080/search?q=beauty&author=Oscar%20Wilde,99,0,0
1782351902997,96,HTTP Request,200,OK,Author Query 5-8,text,true,,263,155,10,70,http://localhost:8080/search?q=beauty&author=Oscar%20Wilde,96,0,0
1782351902992,101,HTTP Request,200,OK,Author Query 5-3,text,true,,263,155,10,70,http://localhost:8080/search?q=beauty&author=Oscar%20Wilde,101,0,0
1782351902993,101,HTTP Request,200,OK,Author Query 5-10,text,true,,263,155,10,70,http://localhost:8080/search?q=beauty&author=Oscar%20Wilde,101,0,0
1782351902993,101,HTTP Request,200,OK,Author Query 5-2,text,true,,263,155,10,70,http://localhost:8080/search?q=beauty&author=Oscar%20Wilde,101,0,0
1782351903055,84,HTTP Request,200,OK,Author Query 5-4,text,true,,263,155,10,70,http://localhost:8080/search?q=beauty&author=Oscar%20Wilde,84,0,0
1782351903083,75,HTTP Request,200,OK,Author Query 5-5,text,true,,263,155,10,70,http://localhost:8080/search?q=beauty&author=Oscar%20Wilde,75,0,0
1782351903083,77,HTTP Request,200,OK,Author Query 5-7,text,true,,263,155,10,70,http://localhost:8080/search?q=beauty&author=Oscar%20Wilde,76,0,0
1782351903083,77,HTTP Request,200,OK,Author Query 5-6,text,true,,263,155,10,70,http://localhost:8080/search?q=beauty&author=Oscar%20Wilde,77,0,0
1782351903094,76,HTTP Request,200,OK,Author Query 5-1,text,true,,263,155,10,70,http://localhost:8080/search?q=beauty&author=Oscar%20Wilde,76,0,0
1782351903094,77,HTTP Request,200,OK,Author Query 5-10,text,true,,263,155,10,70,http://localhost:8080/search?q=beauty&author=Oscar%20Wilde,77,0,0
1782351903094,86,HTTP Request,200,OK,Author Query 5-8,text,true,,263,155,10,70,http://localhost:8080/search?q=beauty&author=Oscar%20Wilde,86,0,0
1782351903094,86,HTTP Request,200,OK,Author Query 5-3,text,true,,263,155,10,70,http://localhost:8080/search?q=beauty&author=Oscar%20Wilde,86,0,0
1782351903092,89,HTTP Request,200,OK,Author Query 5-9,text,true,,263,155,10,70,http://localhost:8080/search?q=beauty&author=Oscar%20Wilde,89,0,0
1782351903094,96,HTTP Request,200,OK,Author Query 5-2,text,true,,263,155,10,70,http://localhost:8080/search?q=beauty&author=Oscar%20Wilde,96,0,0
1782351903140,62,HTTP Request,200,OK,Author Query 5-4,text,true,,263,155,10,70,http://localhost:8080/search?q=beauty&author=Oscar%20Wilde,62,0,0
1782351903180,42,HTTP Request,200,OK,Author Query 5-8,text,true,,263,155,10,70,http://localhost:8080/search?q=beauty&author=Oscar%20Wilde,42,0,0
1782351903160,62,HTTP Request,200,OK,Author Query 5-6,text,true,,263,155,10,70,http://localhost:8080/search?q=beauty&author=Oscar%20Wilde,62,0,0
1782351903158,66,HTTP Request,200,OK,Author Query 5-5,text,true,,263,155,10,70,http://localhost:8080/search?q=beauty&author=Oscar%20Wilde,66,0,0
1782351903170,54,HTTP Request,200,OK,Author Query 5-1,text,true,,263,155,10,70,http://localhost:8080/search?q=beauty&author=Oscar%20Wilde,54,0,0
1782351903171,57,HTTP Request,200,OK,Author Query 5-10,text,true,,263,155,10,70,http://localhost:8080/search?q=beauty&author=Oscar%20Wilde,57,0,0
1782351903181,73,HTTP Request,200,OK,Author Query 5-3,text,true,,263,155,10,70,http://localhost:8080/search?q=beauty&author=Oscar%20Wilde,73,0,0
1782351903190,78,HTTP Request,200,OK,Author Query 5-2,text,true,,263,155,10,70,http://localhost:8080/search?q=beauty&author=Oscar%20Wilde,78,0,0
1782351903223,45,HTTP Request,200,OK,Author Query 5-6,text,true,,263,155,10,70,http://localhost:8080/search?q=beauty&author=Oscar%20Wilde,45,0,0
1782351903160,108,HTTP Request,200,OK,Author Query 5-7,text,true,,263,155,10,70,http://localhost:8080/search?q=beauty&author=Oscar%20Wilde,108,0,0
1782351903224,51,HTTP Request,200,OK,Author Query 5-1,text,true,,263,155,10,70,http://localhost:8080/search?q=beauty&author=Oscar%20Wilde,51,0,0
1782351903203,72,HTTP Request,200,OK,Author Query 5-4,text,true,,263,155,10,70,http://localhost:8080/search?q=beauty&author=Oscar%20Wilde,72,0,0
1782351903181,94,HTTP Request,200,OK,Author Query 5-9,text,true,,263,155,10,70,http://localhost:8080/search?q=beauty&author=Oscar%20Wilde,94,0,0
1782351903224,63,HTTP Request,200,OK,Author Query 5-5,text,true,,263,155,10,70,http://localhost:8080/search?q=beauty&author=Oscar%20Wilde,63,0,0
1782351903229,63,HTTP Request,200,OK,Author Query 5-10,text,true,,263,155,10,70,http://localhost:8080/search?q=beauty&author=Oscar%20Wilde,63,0,0
1782351903222,70,HTTP Request,200,OK,Author Query 5-8,text,true,,263,155,10,70,http://localhost:8080/search?q=beauty&author=Oscar%20Wilde,70,0,0
1782351903255,60,HTTP Request,200,OK,Author Query 5-3,text,true,,263,155,10,70,http://localhost:8080/search?q=beauty&author=Oscar%20Wilde,60,0,0
1782351903275,40,HTTP Request,200,OK,Author Query 5-4,text,true,,263,155,10,70,http://localhost:8080/search?q=beauty&author=Oscar%20Wilde,40,0,0
1782351903268,55,HTTP Request,200,OK,Author Query 5-6,text,true,,263,155,10,70,http://localhost:8080/search?q=beauty&author=Oscar%20Wilde,55,0,0
1782351903268,57,HTTP Request,200,OK,Author Query 5-2,text,true,,263,155,10,70,http://localhost:8080/search?q=beauty&author=Oscar%20Wilde,57,0,0
1782351903276,57,HTTP Request,200,OK,Author Query 5-9,text,true,,263,155,10,70,http://localhost:8080/search?q=beauty&author=Oscar%20Wilde,57,0,0
1782351903292,42,HTTP Request,200,OK,Author Query 5-10,text,true,,263,155,10,70,http://localhost:8080/search?q=beauty&author=Oscar%20Wilde,42,0,0
1782351903268,66,HTTP Request,200,OK,Author Query 5-7,text,true,,263,155,10,70,http://localhost:8080/search?q=beauty&author=Oscar%20Wilde,66,0,0
1782351903292,68,HTTP Request,200,OK,Author Query 5-8,text,true,,263,155,10,70,http://localhost:8080/search?q=beauty&author=Oscar%20Wilde,68,0,0
1782351903315,45,HTTP Request,200,OK,Author Query 5-3,text,true,,263,155,10,70,http://localhost:8080/search?q=beauty&author=Oscar%20Wilde,45,0,0
1782351903287,73,HTTP Request,200,OK,Author Query 5-5,text,true,,263,155,10,70,http://localhost:8080/search?q=beauty&author=Oscar%20Wilde,73,0,0
1782351903316,52,HTTP Request,200,OK,Author Query 5-4,text,true,,263,155,10,70,http://localhost:8080/search?q=beauty&author=Oscar%20Wilde,52,0,0
1782351903275,93,HTTP Request,200,OK,Author Query 5-1,text,true,,263,155,10,70,http://localhost:8080/search?q=beauty&author=Oscar%20Wilde,93,0,0
1782351903333,40,HTTP Request,200,OK,Author Query 5-9,text,true,,263,155,10,70,http://localhost:8080/search?q=beauty&author=Oscar%20Wilde,40,0,0
1782351903360,31,HTTP Request,200,OK,Author Query 5-8,text,true,,263,155,10,70,http://localhost:8080/search?q=beauty&author=Oscar%20Wilde,31,0,0
1782351903325,76,HTTP Request,200,OK,Author Query 5-2,text,true,,263,155,10,70,http://localhost:8080/search?q=beauty&author=Oscar%20Wilde,76,0,0
1782351903324,77,HTTP Request,200,OK,Author Query 5-6,text,true,,263,155,10,70,http://localhost:8080/search?q=beauty&author=Oscar%20Wilde,77,0,0
1782351903360,41,HTTP Request,200,OK,Author Query 5-3,text,true,,263,155,10,70,http://localhost:8080/search?q=beauty&author=Oscar%20Wilde,41,0,0
1782351903334,68,HTTP Request,200,OK,Author Query 5-7,text,true,,263,155,10,70,http://localhost:8080/search?q=beauty&author=Oscar%20Wilde,68,0,0
1782351903360,43,HTTP Request,200,OK,Author Query 5-5,text,true,,263,155,10,70,http://localhost:8080/search?q=beauty&author=Oscar%20Wilde,43,0,0
1782351903368,71,HTTP Request,200,OK,Author Query 5-4,text,true,,263,155,10,70,http://localhost:8080/search?q=beauty&author=Oscar%20Wilde,71,0,0
1782351903368,78,HTTP Request,200,OK,Author Query 5-1,text,true,,263,155,10,70,http://localhost:8080/search?q=beauty&author=Oscar%20Wilde,78,0,0
1782351903373,87,HTTP Request,200,OK,Author Query 5-9,text,true,,263,155,10,70,http://localhost:8080/search?q=beauty&author=Oscar%20Wilde,87,0,0
1782351903334,128,HTTP Request,200,OK,Author Query 5-10,text,true,,263,155,10,70,http://localhost:8080/search?q=beauty&author=Oscar%20Wilde,128,0,0
1782351903391,74,HTTP Request,200,OK,Author Query 5-8,text,true,,263,155,10,70,http://localhost:8080/search?q=beauty&author=Oscar%20Wilde,74,0,0
1782351903401,64,HTTP Request,200,OK,Author Query 5-2,text,true,,263,155,10,70,http://localhost:8080/search?q=beauty&author=Oscar%20Wilde,64,0,0
1782351903403,115,HTTP Request,200,OK,Author Query 5-5,text,true,,263,155,10,70,http://localhost:8080/search?q=beauty&author=Oscar%20Wilde,115,0,0
1782351903402,122,HTTP Request,200,OK,Author Query 5-3,text,true,,263,155,10,70,http://localhost:8080/search?q=beauty&author=Oscar%20Wilde,122,0,0
1782351903446,79,HTTP Request,200,OK,Author Query 5-1,text,true,,263,155,10,70,http://localhost:8080/search?q=beauty&author=Oscar%20Wilde,79,0,0
1782351903402,127,HTTP Request,200,OK,Author Query 5-7,text,true,,263,155,10,70,http://localhost:8080/search?q=beauty&author=Oscar%20Wilde,127,0,0
1782351903439,95,HTTP Request,200,OK,Author Query 5-4,text,true,,263,155,10,70,http://localhost:8080/search?q=beauty&author=Oscar%20Wilde,95,0,0
1782351903402,136,HTTP Request,200,OK,Author Query 5-6,text,true,,263,155,10,70,http://localhost:8080/search?q=beauty&author=Oscar%20Wilde,136,0,0
1782351903462,76,HTTP Request,200,OK,Author Query 5-10,text,true,,263,155,10,70,http://localhost:8080/search?q=beauty&author=Oscar%20Wilde,76,0,0
1782351903466,93,HTTP Request,200,OK,Author Query 5-2,text,true,,263,155,10,70,http://localhost:8080/search?q=beauty&author=Oscar%20Wilde,93,0,0
1782351903460,99,HTTP Request,200,OK,Author Query 5-9,text,true,,263,155,10,70,http://localhost:8080/search?q=beauty&author=Oscar%20Wilde,99,0,0
1782351903466,97,HTTP Request,200,OK,Author Query 5-8,text,true,,263,155,10,70,http://localhost:8080/search?q=beauty&author=Oscar%20Wilde,97,0,0
1782351903524,49,HTTP Request,200,OK,Author Query 5-3,text,true,,263,155,10,70,http://localhost:8080/search?q=beauty&author=Oscar%20Wilde,49,0,0
1782351903533,48,HTTP Request,200,OK,Author Query 5-7,text,true,,263,155,10,70,http://localhost:8080/search?q=beauty&author=Oscar%20Wilde,48,0,0
1782351903560,54,HTTP Request,200,OK,Author Query 5-2,text,true,,263,155,10,70,http://localhost:8080/search?q=beauty&author=Oscar%20Wilde,54,0,0
1782351903538,76,HTTP Request,200,OK,Author Query 5-10,text,true,,263,155,10,70,http://localhost:8080/search?q=beauty&author=Oscar%20Wilde,76,0,0
1782351903525,90,HTTP Request,200,OK,Author Query 5-1,text,true,,263,155,10,70,http://localhost:8080/search?q=beauty&author=Oscar%20Wilde,90,0,0
1782351903560,57,HTTP Request,200,OK,Author Query 5-9,text,true,,263,155,10,70,http://localhost:8080/search?q=beauty&author=Oscar%20Wilde,57,0,0
1782351903538,79,HTTP Request,200,OK,Author Query 5-6,text,true,,263,155,10,70,http://localhost:8080/search?q=beauty&author=Oscar%20Wilde,79,0,0
1782351903535,82,HTTP Request,200,OK,Author Query 5-4,text,true,,263,155,10,70,http://localhost:8080/search?q=beauty&author=Oscar%20Wilde,82,0,0
1782351903518,99,HTTP Request,200,OK,Author Query 5-5,text,true,,263,155,10,70,http://localhost:8080/search?q=beauty&author=Oscar%20Wilde,99,0,0
1782351903563,54,HTTP Request,200,OK,Author Query 5-8,text,true,,263,155,10,70,http://localhost:8080/search?q=beauty&author=Oscar%20Wilde,54,0,0
1782351903573,52,HTTP Request,200,OK,Author Query 5-3,text,true,,263,155,10,70,http://localhost:8080/search?q=beauty&author=Oscar%20Wilde,52,0,0
1782351903581,66,HTTP Request,200,OK,Author Query 5-7,text,true,,263,155,10,70,http://localhost:8080/search?q=beauty&author=Oscar%20Wilde,66,0,0
1782351903615,54,HTTP Request,200,OK,Author Query 5-1,text,true,,263,155,10,70,http://localhost:8080/search?q=beauty&author=Oscar%20Wilde,54,0,0
1782351903617,52,HTTP Request,200,OK,Author Query 5-6,text,true,,263,155,10,70,http://localhost:8080/search?q=beauty&author=Oscar%20Wilde,52,0,0
1782351903617,52,HTTP Request,200,OK,Author Query 5-4,text,true,,263,155,10,70,http://localhost:8080/search?q=beauty&author=Oscar%20Wilde,52,0,0
1782351903625,44,HTTP Request,200,OK,Author Query 5-3,text,true,,263,155,10,70,http://localhost:8080/search?q=beauty&author=Oscar%20Wilde,44,0,0
1782351903614,56,HTTP Request,200,OK,Author Query 5-10,text,true,,263,155,10,70,http://localhost:8080/search?q=beauty&author=Oscar%20Wilde,56,0,0
1782351903617,55,HTTP Request,200,OK,Author Query 5-5,text,true,,263,155,10,70,http://localhost:8080/search?q=beauty&author=Oscar%20Wilde,55,0,0
1782351903614,71,HTTP Request,200,OK,Author Query 5-2,text,true,,263,155,10,70,http://localhost:8080/search?q=beauty&author=Oscar%20Wilde,71,0,0
1782351903617,69,HTTP Request,200,OK,Author Query 5-8,text,true,,263,155,10,70,http://localhost:8080/search?q=beauty&author=Oscar%20Wilde,69,0,0
1782351903617,70,HTTP Request,200,OK,Author Query 5-9,text,true,,263,155,10,70,http://localhost:8080/search?q=beauty&author=Oscar%20Wilde,70,0,0
1782351903685,45,HTTP Request,200,OK,Author Query 5-2,text,true,,263,155,10,70,http://localhost:8080/search?q=beauty&author=Oscar%20Wilde,45,0,0
1782351903670,62,HTTP Request,200,OK,Author Query 5-10,text,true,,263,155,10,70,http://localhost:8080/search?q=beauty&author=Oscar%20Wilde,62,0,0
1782351903687,45,HTTP Request,200,OK,Author Query 5-9,text,true,,263,155,10,70,http://localhost:8080/search?q=beauty&author=Oscar%20Wilde,45,0,0
1782351903672,62,HTTP Request,200,OK,Author Query 5-5,text,true,,263,155,10,70,http://localhost:8080/search?q=beauty&author=Oscar%20Wilde,62,0,0
1782351903686,54,HTTP Request,200,OK,Author Query 5-8,text,true,,263,155,10,70,http://localhost:8080/search?q=beauty&author=Oscar%20Wilde,54,0,0
1782351903648,94,HTTP Request,200,OK,Author Query 5-7,text,true,,263,155,10,70,http://localhost:8080/search?q=beauty&author=Oscar%20Wilde,94,0,0
1782351903670,73,HTTP Request,200,OK,Author Query 5-3,text,true,,263,155,10,70,http://localhost:8080/search?q=beauty&author=Oscar%20Wilde,73,0,0
1782351903669,74,HTTP Request,200,OK,Author Query 5-6,text,true,,263,155,10,70,http://localhost:8080/search?q=beauty&author=Oscar%20Wilde,74,0,0
1782351903669,81,HTTP Request,200,OK,Author Query 5-1,text,true,,263,155,10,70,http://localhost:8080/search?q=beauty&author=Oscar%20Wilde,81,0,0
1782351903731,31,HTTP Request,200,OK,Author Query 5-2,text,true,,263,155,10,70,http://localhost:8080/search?q=beauty&author=Oscar%20Wilde,31,0,0
1782351903734,38,HTTP Request,200,OK,Author Query 5-5,text,true,,263,155,10,70,http://localhost:8080/search?q=beauty&author=Oscar%20Wilde,38,0,0
1782351903732,41,HTTP Request,200,OK,Author Query 5-10,text,true,,263,155,10,70,http://localhost:8080/search?q=beauty&author=Oscar%20Wilde,41,0,0
1782351903669,104,HTTP Request,200,OK,Author Query 5-4,text,true,,263,155,10,70,http://localhost:8080/search?q=beauty&author=Oscar%20Wilde,104,0,0
1782351903740,65,HTTP Request,200,OK,Author Query 5-8,text,true,,263,155,10,70,http://localhost:8080/search?q=beauty&author=Oscar%20Wilde,65,0,0
1782351903732,74,HTTP Request,200,OK,Author Query 5-9,text,true,,263,155,10,70,http://localhost:8080/search?q=beauty&author=Oscar%20Wilde,74,0,0
1782351903743,65,HTTP Request,200,OK,Author Query 5-6,text,true,,263,155,10,70,http://localhost:8080/search?q=beauty&author=Oscar%20Wilde,65,0,0
1782351903762,72,HTTP Request,200,OK,Author Query 5-2,text,true,,263,155,10,70,http://localhost:8080/search?q=beauty&author=Oscar%20Wilde,72,0,0
1782351903743,94,HTTP Request,200,OK,Author Query 5-3,text,true,,263,155,10,70,http://localhost:8080/search?q=beauty&author=Oscar%20Wilde,94,0,0
1782351903750,87,HTTP Request,200,OK,Author Query 5-1,text,true,,263,155,10,70,http://localhost:8080/search?q=beauty&author=Oscar%20Wilde,87,0,0
1782351903773,64,HTTP Request,200,OK,Author Query 5-4,text,true,,263,155,10,70,http://localhost:8080/search?q=beauty&author=Oscar%20Wilde,64,0,0
1782351903742,95,HTTP Request,200,OK,Author Query 5-7,text,true,,263,155,10,70,http://localhost:8080/search?q=beauty&author=Oscar%20Wilde,95,0,0
1782351903773,64,HTTP Request,200,OK,Author Query 5-5,text,true,,263,155,10,70,http://localhost:8080/search?q=beauty&author=Oscar%20Wilde,64,0,0
1782351903773,82,HTTP Request,200,OK,Author Query 5-10,text,true,,263,155,10,70,http://localhost:8080/search?q=beauty&author=Oscar%20Wilde,82,0,0
1782351903805,55,HTTP Request,200,OK,Author Query 5-8,text,true,,263,155,10,70,http://localhost:8080/search?q=beauty&author=Oscar%20Wilde,55,0,0
1782351903808,52,HTTP Request,200,OK,Author Query 5-6,text,true,,263,155,10,70,http://localhost:8080/search?q=beauty&author=Oscar%20Wilde,52,0,0
1782351903806,82,HTTP Request,200,OK,Author Query 5-9,text,true,,263,155,10,70,http://localhost:8080/search?q=beauty&author=Oscar%20Wilde,82,0,0
1782351903837,56,HTTP Request,200,OK,Author Query 5-7,text,true,,263,155,10,70,http://localhost:8080/search?q=beauty&author=Oscar%20Wilde,56,0,0
1782351903837,77,HTTP Request,200,OK,Author Query 5-4,text,true,,263,155,10,70,http://localhost:8080/search?q=beauty&author=Oscar%20Wilde,77,0,0
1782351903837,89,HTTP Request,200,OK,Author Query 5-1,text,true,,263,155,10,70,http://localhost:8080/search?q=beauty&author=Oscar%20Wilde,89,0,0
1782351903834,93,HTTP Request,200,OK,Author Query 5-2,text,true,,263,155,10,70,http://localhost:8080/search?q=beauty&author=Oscar%20Wilde,93,0,0
1782351903856,78,HTTP Request,200,OK,Author Query 5-10,text,true,,263,155,10,70,http://localhost:8080/search?q=beauty&author=Oscar%20Wilde,78,0,0
1782351903889,48,HTTP Request,200,OK,Author Query 5-9,text,true,,263,155,10,70,http://localhost:8080/search?q=beauty&author=Oscar%20Wilde,48,0,0
1782351903837,100,HTTP Request,200,OK,Author Query 5-5,text,true,,263,155,10,70,http://localhost:8080/search?q=beauty&author=Oscar%20Wilde,100,0,0
1782351903860,77,HTTP Request,200,OK,Author Query 5-6,text,true,,263,155,10,70,http://localhost:8080/search?q=beauty&author=Oscar%20Wilde,77,0,0
1782351903837,100,HTTP Request,200,OK,Author Query 5-3,text,true,,263,155,10,70,http://localhost:8080/search?q=beauty&author=Oscar%20Wilde,100,0,0
1782351903860,84,HTTP Request,200,OK,Author Query 5-8,text,true,,263,155,10,70,http://localhost:8080/search?q=beauty&author=Oscar%20Wilde,84,0,0
1782351903893,53,HTTP Request,200,OK,Author Query 5-7,text,true,,263,155,10,70,http://localhost:8080/search?q=beauty&author=Oscar%20Wilde,53,0,0
1782351903927,54,HTTP Request,200,OK,Author Query 5-2,text,true,,263,155,10,70,http://localhost:8080/search?q=beauty&author=Oscar%20Wilde,54,0,0
1782351903926,55,HTTP Request,200,OK,Author Query 5-1,text,true,,263,155,10,70,http://localhost:8080/search?q=beauty&author=Oscar%20Wilde,55,0,0
1782351903938,49,HTTP Request,200,OK,Author Query 5-6,text,true,,263,155,10,70,http://localhost:8080/search?q=beauty&author=Oscar%20Wilde,49,0,0
1782351903938,49,HTTP Request,200,OK,Author Query 5-3,text,true,,263,155,10,70,http://localhost:8080/search?q=beauty&author=Oscar%20Wilde,49,0,0
1782351903914,74,HTTP Request,200,OK,Author Query 5-4,text,true,,263,155,10,70,http://localhost:8080/search?q=beauty&author=Oscar%20Wilde,74,0,0
1782351903945,57,HTTP Request,200,OK,Author Query 5-8,text,true,,263,155,10,70,http://localhost:8080/search?q=beauty&author=Oscar%20Wilde,57,0,0
1782351903934,88,HTTP Request,200,OK,Author Query 5-10,text,true,,263,155,10,70,http://localhost:8080/search?q=beauty&author=Oscar%20Wilde,88,0,0
1782351903946,77,HTTP Request,200,OK,Author Query 5-7,text,true,,263,155,10,70,http://localhost:8080/search?q=beauty&author=Oscar%20Wilde,76,0,0
1782351903937,88,HTTP Request,200,OK,Author Query 5-9,text,true,,263,155,10,70,http://localhost:8080/search?q=beauty&author=Oscar%20Wilde,88,0,0
1782351903937,90,HTTP Request,200,OK,Author Query 5-5,text,true,,263,155,10,70,http://localhost:8080/search?q=beauty&author=Oscar%20Wilde,90,0,0
1782351903988,64,HTTP Request,200,OK,Author Query 5-4,text,true,,263,155,10,70,http://localhost:8080/search?q=beauty&author=Oscar%20Wilde,64,0,0
1782351904023,30,HTTP Request,200,OK,Author Query 5-7,text,true,,263,155,10,70,http://localhost:8080/search?q=beauty&author=Oscar%20Wilde,30,0,0
1782351903981,78,HTTP Request,200,OK,Author Query 5-2,text,true,,263,155,10,70,http://localhost:8080/search?q=beauty&author=Oscar%20Wilde,78,0,0
1782351903981,81,HTTP Request,200,OK,Author Query 5-1,text,true,,263,155,10,70,http://localhost:8080/search?q=beauty&author=Oscar%20Wilde,81,0,0
1782351903987,82,HTTP Request,200,OK,Author Query 5-6,text,true,,263,155,10,70,http://localhost:8080/search?q=beauty&author=Oscar%20Wilde,82,0,0
1782351903987,82,HTTP Request,200,OK,Author Query 5-3,text,true,,263,155,10,70,http://localhost:8080/search?q=beauty&author=Oscar%20Wilde,82,0,0
1782351904027,42,HTTP Request,200,OK,Author Query 5-5,text,true,,263,155,10,70,http://localhost:8080/search?q=beauty&author=Oscar%20Wilde,42,0,0
1782351904025,44,HTTP Request,200,OK,Author Query 5-9,text,true,,263,155,10,70,http://localhost:8080/search?q=beauty&author=Oscar%20Wilde,44,0,0
1782351904022,51,HTTP Request,200,OK,Author Query 5-10,text,true,,263,155,10,70,http://localhost:8080/search?q=beauty&author=Oscar%20Wilde,51,0,0
1782351904002,73,HTTP Request,200,OK,Author Query 5-8,text,true,,263,155,10,70,http://localhost:8080/search?q=beauty&author=Oscar%20Wilde,73,0,0
1782351904059,63,HTTP Request,200,OK,Author Query 5-2,text,true,,263,155,10,70,http://localhost:8080/search?q=beauty&author=Oscar%20Wilde,63,0,0
1782351904062,61,HTTP Request,200,OK,Author Query 5-1,text,true,,263,155,10,70,http://localhost:8080/search?q=beauty&author=Oscar%20Wilde,61,0,0
1782351904075,51,HTTP Request,200,OK,Author Query 5-8,text,true,,263,155,10,70,http://localhost:8080/search?q=beauty&author=Oscar%20Wilde,51,0,0
1782351904069,61,HTTP Request,200,OK,Author Query 5-3,text,true,,263,155,10,70,http://localhost:8080/search?q=beauty&author=Oscar%20Wilde,61,0,0
1782351904052,80,HTTP Request,200,OK,Author Query 5-4,text,true,,263,155,10,70,http://localhost:8080/search?q=beauty&author=Oscar%20Wilde,80,0,0
1782351904069,65,HTTP Request,200,OK,Author Query 5-6,text,true,,263,155,10,70,http://localhost:8080/search?q=beauty&author=Oscar%20Wilde,65,0,0
1782351904069,66,HTTP Request,200,OK,Author Query 5-9,text,true,,263,155,10,70,http://localhost:8080/search?q=beauty&author=Oscar%20Wilde,66,0,0
1782351904069,68,HTTP Request,200,OK,Author Query 5-5,text,true,,263,155,10,70,http://localhost:8080/search?q=beauty&author=Oscar%20Wilde,68,0,0
1782351904053,89,HTTP Request,200,OK,Author Query 5-7,text,true,,263,155,10,70,http://localhost:8080/search?q=beauty&author=Oscar%20Wilde,89,0,0
1782351904074,79,HTTP Request,200,OK,Author Query 5-10,text,true,,263,155,10,70,http://localhost:8080/search?q=beauty&author=Oscar%20Wilde,79,0,0
1782351904123,55,HTTP Request,200,OK,Author Query 5-2,text,true,,263,155,10,70,http://localhost:8080/search?q=beauty&author=Oscar%20Wilde,55,0,0
1782351904126,60,HTTP Request,200,OK,Author Query 5-8,text,true,,263,155,10,70,http://localhost:8080/search?q=beauty&author=Oscar%20Wilde,60,0,0
1782351904123,63,HTTP Request,200,OK,Author Query 5-1,text,true,,263,155,10,70,http://localhost:8080/search?q=beauty&author=Oscar%20Wilde,63,0,0
1782351904153,53,HTTP Request,200,OK,Author Query 5-10,text,true,,263,155,10,70,http://localhost:8080/search?q=beauty&author=Oscar%20Wilde,53,0,0
1782351904142,64,HTTP Request,200,OK,Author Query 5-7,text,true,,263,155,10,70,http://localhost:8080/search?q=beauty&author=Oscar%20Wilde,64,0,0
1782351904131,76,HTTP Request,200,OK,Author Query 5-3,text,true,,263,155,10,70,http://localhost:8080/search?q=beauty&author=Oscar%20Wilde,76,0,0
1782351904135,72,HTTP Request,200,OK,Author Query 5-6,text,true,,263,155,10,70,http://localhost:8080/search?q=beauty&author=Oscar%20Wilde,72,0,0
1782351904135,89,HTTP Request,200,OK,Author Query 5-9,text,true,,263,155,10,70,http://localhost:8080/search?q=beauty&author=Oscar%20Wilde,89,0,0
1782351904132,108,HTTP Request,200,OK,Author Query 5-4,text,true,,263,155,10,70,http://localhost:8080/search?q=beauty&author=Oscar%20Wilde,108,0,0
1782351904137,103,HTTP Request,200,OK,Author Query 5-5,text,true,,263,155,10,70,http://localhost:8080/search?q=beauty&author=Oscar%20Wilde,103,0,0
1782351904187,77,HTTP Request,200,OK,Author Query 5-8,text,true,,263,155,10,70,http://localhost:8080/search?q=beauty&author=Oscar%20Wilde,77,0,0
1782351904206,86,HTTP Request,200,OK,Author Query 5-10,text,true,,263,155,10,70,http://localhost:8080/search?q=beauty&author=Oscar%20Wilde,86,0,0
1782351904224,68,HTTP Request,200,OK,Author Query 5-9,text,true,,263,155,10,70,http://localhost:8080/search?q=beauty&author=Oscar%20Wilde,68,0,0
1782351904207,85,HTTP Request,200,OK,Author Query 5-6,text,true,,263,155,10,70,http://localhost:8080/search?q=beauty&author=Oscar%20Wilde,85,0,0
1782351904207,85,HTTP Request,200,OK,Author Query 5-3,text,true,,263,155,10,70,http://localhost:8080/search?q=beauty&author=Oscar%20Wilde,85,0,0
1782351904241,51,HTTP Request,200,OK,Author Query 5-5,text,true,,263,155,10,70,http://localhost:8080/search?q=beauty&author=Oscar%20Wilde,51,0,0
1782351904180,112,HTTP Request,200,OK,Author Query 5-2,text,true,,263,155,10,70,http://localhost:8080/search?q=beauty&author=Oscar%20Wilde,112,0,0
1782351904240,52,HTTP Request,200,OK,Author Query 5-4,text,true,,263,155,10,70,http://localhost:8080/search?q=beauty&author=Oscar%20Wilde,52,0,0
1782351904187,105,HTTP Request,200,OK,Author Query 5-1,text,true,,263,155,10,70,http://localhost:8080/search?q=beauty&author=Oscar%20Wilde,105,0,0
1782351904206,86,HTTP Request,200,OK,Author Query 5-7,text,true,,263,155,10,70,http://localhost:8080/search?q=beauty&author=Oscar%20Wilde,86,0,0
1782351904264,40,HTTP Request,200,OK,Author Query 5-8,text,true,,263,155,10,70,http://localhost:8080/search?q=beauty&author=Oscar%20Wilde,40,0,0
1782351904292,71,HTTP Request,200,OK,Author Query 5-10,text,true,,263,155,10,70,http://localhost:8080/search?q=beauty&author=Oscar%20Wilde,71,0,0
1782351904292,75,HTTP Request,200,OK,Author Query 5-6,text,true,,263,155,10,70,http://localhost:8080/search?q=beauty&author=Oscar%20Wilde,75,0,0
1782351904292,75,HTTP Request,200,OK,Author Query 5-7,text,true,,263,155,10,70,http://localhost:8080/search?q=beauty&author=Oscar%20Wilde,75,0,0
1782351904292,75,HTTP Request,200,OK,Author Query 5-5,text,true,,263,155,10,70,http://localhost:8080/search?q=beauty&author=Oscar%20Wilde,75,0,0
1782351904304,63,HTTP Request,200,OK,Author Query 5-8,text,true,,263,155,10,70,http://localhost:8080/search?q=beauty&author=Oscar%20Wilde,63,0,0
1782351904292,75,HTTP Request,200,OK,Author Query 5-1,text,true,,263,155,10,70,http://localhost:8080/search?q=beauty&author=Oscar%20Wilde,75,0,0
1782351904292,75,HTTP Request,200,OK,Author Query 5-2,text,true,,263,155,10,70,http://localhost:8080/search?q=beauty&author=Oscar%20Wilde,75,0,0
1782351904292,79,HTTP Request,200,OK,Author Query 5-9,text,true,,263,155,10,70,http://localhost:8080/search?q=beauty&author=Oscar%20Wilde,79,0,0
1782351904292,88,HTTP Request,200,OK,Author Query 5-4,text,true,,263,155,10,70,http://localhost:8080/search?q=beauty&author=Oscar%20Wilde,88,0,0
1782351904292,88,HTTP Request,200,OK,Author Query 5-3,text,true,,263,155,10,70,http://localhost:8080/search?q=beauty&author=Oscar%20Wilde,88,0,0
1782351904367,37,HTTP Request,200,OK,Author Query 5-6,text,true,,263,155,10,70,http://localhost:8080/search?q=beauty&author=Oscar%20Wilde,37,0,0
1782351904367,74,HTTP Request,200,OK,Author Query 5-2,text,true,,263,155,10,70,http://localhost:8080/search?q=beauty&author=Oscar%20Wilde,74,0,0
1782351904363,78,HTTP Request,200,OK,Author Query 5-10,text,true,,263,155,10,70,http://localhost:8080/search?q=beauty&author=Oscar%20Wilde,78,0,0
1782351904404,53,HTTP Request,200,OK,Author Query 5-6,text,true,,263,155,10,70,http://localhost:8080/search?q=beauty&author=Oscar%20Wilde,53,0,0
1782351904367,96,HTTP Request,200,OK,Author Query 5-8,text,true,,263,155,10,70,http://localhost:8080/search?q=beauty&author=Oscar%20Wilde,96,0,0
1782351904367,96,HTTP Request,200,OK,Author Query 5-5,text,true,,263,155,10,70,http://localhost:8080/search?q=beauty&author=Oscar%20Wilde,96,0,0
1782351904380,83,HTTP Request,200,OK,Author Query 5-4,text,true,,263,155,10,70,http://localhost:8080/search?q=beauty&author=Oscar%20Wilde,83,0,0
1782351904380,84,HTTP Request,200,OK,Author Query 5-3,text,true,,263,155,10,70,http://localhost:8080/search?q=beauty&author=Oscar%20Wilde,84,0,0
1782351904371,93,HTTP Request,200,OK,Author Query 5-9,text,true,,263,155,10,70,http://localhost:8080/search?q=beauty&author=Oscar%20Wilde,93,0,0
1782351904367,98,HTTP Request,200,OK,Author Query 5-7,text,true,,263,155,10,70,http://localhost:8080/search?q=beauty&author=Oscar%20Wilde,98,0,0
1782351904367,101,HTTP Request,200,OK,Author Query 5-1,text,true,,263,155,10,70,http://localhost:8080/search?q=beauty&author=Oscar%20Wilde,101,0,0
1782351904441,52,HTTP Request,200,OK,Author Query 5-2,text,true,,263,155,10,70,http://localhost:8080/search?q=beauty&author=Oscar%20Wilde,52,0,0
1782351904441,57,HTTP Request,200,OK,Author Query 5-10,text,true,,263,155,10,70,http://localhost:8080/search?q=beauty&author=Oscar%20Wilde,57,0,0
1782351904464,78,HTTP Request,200,OK,Author Query 5-4,text,true,,263,155,10,70,http://localhost:8080/search?q=beauty&author=Oscar%20Wilde,78,0,0
1782351904466,86,HTTP Request,200,OK,Author Query 5-7,text,true,,263,155,10,70,http://localhost:8080/search?q=beauty&author=Oscar%20Wilde,86,0,0
1782351904463,94,HTTP Request,200,OK,Author Query 5-8,text,true,,263,155,10,70,http://localhost:8080/search?q=beauty&author=Oscar%20Wilde,94,0,0
1782351904457,100,HTTP Request,200,OK,Author Query 5-6,text,true,,263,155,10,70,http://localhost:8080/search?q=beauty&author=Oscar%20Wilde,100,0,0
1782351904494,80,HTTP Request,200,OK,Author Query 5-2,text,true,,263,155,10,70,http://localhost:8080/search?q=beauty&author=Oscar%20Wilde,80,0,0
1782351904464,110,HTTP Request,200,OK,Author Query 5-5,text,true,,263,155,10,70,http://localhost:8080/search?q=beauty&author=Oscar%20Wilde,110,0,0
1782351904464,121,HTTP Request,200,OK,Author Query 5-3,text,true,,263,155,10,70,http://localhost:8080/search?q=beauty&author=Oscar%20Wilde,121,0,0
1782351904498,87,HTTP Request,200,OK,Author Query 5-10,text,true,,263,155,10,70,http://localhost:8080/search?q=beauty&author=Oscar%20Wilde,87,0,0
1782351904464,121,HTTP Request,200,OK,Author Query 5-9,text,true,,263,155,10,70,http://localhost:8080/search?q=beauty&author=Oscar%20Wilde,121,0,0
1782351904558,52,HTTP Request,200,OK,Author Query 5-8,text,true,,263,155,10,70,http://localhost:8080/search?q=beauty&author=Oscar%20Wilde,52,0,0
1782351904552,83,HTTP Request,200,OK,Author Query 5-7,text,true,,263,155,10,70,http://localhost:8080/search?q=beauty&author=Oscar%20Wilde,83,0,0
1782351904543,96,HTTP Request,200,OK,Author Query 5-4,text,true,,263,155,10,70,http://localhost:8080/search?q=beauty&author=Oscar%20Wilde,96,0,0
1782351904558,95,HTTP Request,200,OK,Author Query 5-6,text,true,,263,155,10,70,http://localhost:8080/search?q=beauty&author=Oscar%20Wilde,95,0,0
1782351904468,185,HTTP Request,200,OK,Author Query 5-1,text,true,,263,155,10,70,http://localhost:8080/search?q=beauty&author=Oscar%20Wilde,185,0,0
1782351904575,89,HTTP Request,200,OK,Author Query 5-2,text,true,,263,155,10,70,http://localhost:8080/search?q=beauty&author=Oscar%20Wilde,89,0,0
1782351904574,90,HTTP Request,200,OK,Author Query 5-5,text,true,,263,155,10,70,http://localhost:8080/search?q=beauty&author=Oscar%20Wilde,90,0,0
1782351904610,54,HTTP Request,200,OK,Author Query 5-8,text,true,,263,155,10,70,http://localhost:8080/search?q=beauty&author=Oscar%20Wilde,54,0,0
1782351904585,87,HTTP Request,200,OK,Author Query 5-10,text,true,,263,155,10,70,http://localhost:8080/search?q=beauty&author=Oscar%20Wilde,87,0,0
1782351904585,96,HTTP Request,200,OK,Author Query 5-3,text,true,,263,155,10,70,http://localhost:8080/search?q=beauty&author=Oscar%20Wilde,96,0,0
1782351904640,50,HTTP Request,200,OK,Author Query 5-4,text,true,,263,155,10,70,http://localhost:8080/search?q=beauty&author=Oscar%20Wilde,50,0,0
1782351904585,105,HTTP Request,200,OK,Author Query 5-9,text,true,,263,155,10,70,http://localhost:8080/search?q=beauty&author=Oscar%20Wilde,105,0,0
1782351904635,62,HTTP Request,200,OK,Author Query 5-7,text,true,,263,155,10,70,http://localhost:8080/search?q=beauty&author=Oscar%20Wilde,62,0,0
1782351904664,38,HTTP Request,200,OK,Author Query 5-8,text,true,,263,155,10,70,http://localhost:8080/search?q=beauty&author=Oscar%20Wilde,38,0,0
1782351904664,41,HTTP Request,200,OK,Author Query 5-5,text,true,,263,155,10,70,http://localhost:8080/search?q=beauty&author=Oscar%20Wilde,41,0,0
1782351904653,59,HTTP Request,200,OK,Author Query 5-1,text,true,,263,155,10,70,http://localhost:8080/search?q=beauty&author=Oscar%20Wilde,59,0,0
1782351904673,39,HTTP Request,200,OK,Author Query 5-10,text,true,,263,155,10,70,http://localhost:8080/search?q=beauty&author=Oscar%20Wilde,39,0,0
1782351904653,59,HTTP Request,200,OK,Author Query 5-6,text,true,,263,155,10,70,http://localhost:8080/search?q=beauty&author=Oscar%20Wilde,59,0,0
1782351904664,48,HTTP Request,200,OK,Author Query 5-2,text,true,,263,155,10,70,http://localhost:8080/search?q=beauty&author=Oscar%20Wilde,48,0,0
1782351904681,54,HTTP Request,200,OK,Author Query 5-3,text,true,,263,155,10,70,http://localhost:8080/search?q=beauty&author=Oscar%20Wilde,54,0,0
1782351904690,69,HTTP Request,200,OK,Author Query 5-4,text,true,,263,155,10,70,http://localhost:8080/search?q=beauty&author=Oscar%20Wilde,69,0,0
1782351904706,56,HTTP Request,200,OK,Author Query 5-5,text,true,,263,155,10,70,http://localhost:8080/search?q=beauty&author=Oscar%20Wilde,56,0,0
1782351904712,51,HTTP Request,200,OK,Author Query 5-1,text,true,,263,155,10,70,http://localhost:8080/search?q=beauty&author=Oscar%20Wilde,51,0,0
1782351904691,73,HTTP Request,200,OK,Author Query 5-9,text,true,,263,155,10,70,http://localhost:8080/search?q=beauty&author=Oscar%20Wilde,72,0,0
1782351904697,73,HTTP Request,200,OK,Author Query 5-7,text,true,,263,155,10,70,http://localhost:8080/search?q=beauty&author=Oscar%20Wilde,73,0,0
1782351904702,68,HTTP Request,200,OK,Author Query 5-8,text,true,,263,155,10,70,http://localhost:8080/search?q=beauty&author=Oscar%20Wilde,68,0,0
1782351904712,59,HTTP Request,200,OK,Author Query 5-10,text,true,,263,155,10,70,http://localhost:8080/search?q=beauty&author=Oscar%20Wilde,59,0,0
1782351904712,61,HTTP Request,200,OK,Author Query 5-6,text,true,,263,155,10,70,http://localhost:8080/search?q=beauty&author=Oscar%20Wilde,61,0,0
1782351904712,61,HTTP Request,200,OK,Author Query 5-2,text,true,,263,155,10,70,http://localhost:8080/search?q=beauty&author=Oscar%20Wilde,61,0,0
1782351904759,39,HTTP Request,200,OK,Author Query 5-4,text,true,,263,155,10,70,http://localhost:8080/search?q=beauty&author=Oscar%20Wilde,39,0,0
1782351904765,41,HTTP Request,200,OK,Author Query 5-9,text,true,,263,155,10,70,http://localhost:8080/search?q=beauty&author=Oscar%20Wilde,41,0,0
1782351904771,41,HTTP Request,200,OK,Author Query 5-7,text,true,,263,155,10,70,http://localhost:8080/search?q=beauty&author=Oscar%20Wilde,41,0,0
1782351904771,45,HTTP Request,200,OK,Author Query 5-8,text,true,,263,155,10,70,http://localhost:8080/search?q=beauty&author=Oscar%20Wilde,45,0,0
1782351904771,45,HTTP Request,200,OK,Author Query 5-10,text,true,,263,155,10,70,http://localhost:8080/search?q=beauty&author=Oscar%20Wilde,45,0,0
1782351904762,60,HTTP Request,200,OK,Author Query 5-5,text,true,,263,155,10,70,http://localhost:8080/search?q=beauty&author=Oscar%20Wilde,60,0,0
1782351904735,87,HTTP Request,200,OK,Author Query 5-3,text,true,,263,155,10,70,http://localhost:8080/search?q=beauty&author=Oscar%20Wilde,87,0,0
1782351904763,59,HTTP Request,200,OK,Author Query 5-1,text,true,,263,155,10,70,http://localhost:8080/search?q=beauty&author=Oscar%20Wilde,59,0,0
1782351904822,12,HTTP Request,200,OK,Author Query 5-3,text,true,,263,155,10,70,http://localhost:8080/search?q=beauty&author=Oscar%20Wilde,12,0,0
1782351904773,66,HTTP Request,200,OK,Author Query 5-6,text,true,,263,155,10,70,http://localhost:8080/search?q=beauty&author=Oscar%20Wilde,66,0,0
1782351904816,31,HTTP Request,200,OK,Author Query 5-10,text,true,,263,155,10,70,http://localhost:8080/search?q=beauty&author=Oscar%20Wilde,31,0,0
1782351904812,37,HTTP Request,200,OK,Author Query 5-7,text,true,,263,155,10,70,http://localhost:8080/search?q=beauty&author=Oscar%20Wilde,37,0,0
1782351904822,27,HTTP Request,200,OK,Author Query 5-5,text,true,,263,155,10,70,http://localhost:8080/search?q=beauty&author=Oscar%20Wilde,27,0,0
1782351904822,27,HTTP Request,200,OK,Author Query 5-1,text,true,,263,155,10,70,http://localhost:8080/search?q=beauty&author=Oscar%20Wilde,27,0,0
1782351904816,55,HTTP Request,200,OK,Author Query 5-8,text,true,,263,155,10,70,http://localhost:8080/search?q=beauty&author=Oscar%20Wilde,55,0,0
1782351904807,122,HTTP Request,200,OK,Author Query 5-9,text,true,,263,155,10,70,http://localhost:8080/search?q=beauty&author=Oscar%20Wilde,122,0,0
1782351904798,131,HTTP Request,200,OK,Author Query 5-4,text,true,,263,155,10,70,http://localhost:8080/search?q=beauty&author=Oscar%20Wilde,131,0,0
1782351904849,81,HTTP Request,200,OK,Author Query 5-5,text,true,,263,155,10,70,http://localhost:8080/search?q=beauty&author=Oscar%20Wilde,81,0,0
1782351904773,196,HTTP Request,200,OK,Author Query 5-2,text,true,,263,155,10,70,http://localhost:8080/search?q=beauty&author=Oscar%20Wilde,194,0,0
1782351904849,132,HTTP Request,200,OK,Author Query 5-7,text,true,,263,155,10,70,http://localhost:8080/search?q=beauty&author=Oscar%20Wilde,132,0,0
1782351904849,149,HTTP Request,200,OK,Author Query 5-1,text,true,,263,155,10,70,http://localhost:8080/search?q=beauty&author=Oscar%20Wilde,149,0,0
1782351904839,161,HTTP Request,200,OK,Author Query 5-6,text,true,,263,155,10,70,http://localhost:8080/search?q=beauty&author=Oscar%20Wilde,161,0,0
1782351904930,115,HTTP Request,200,OK,Author Query 5-5,text,true,,263,155,10,70,http://localhost:8080/search?q=beauty&author=Oscar%20Wilde,115,0,0
1782351904969,76,HTTP Request,200,OK,Author Query 5-2,text,true,,263,155,10,70,http://localhost:8080/search?q=beauty&author=Oscar%20Wilde,76,0,0
1782351904930,117,HTTP Request,200,OK,Author Query 5-4,text,true,,263,155,10,70,http://localhost:8080/search?q=beauty&author=Oscar%20Wilde,117,0,0
1782351904847,202,HTTP Request,200,OK,Author Query 5-10,text,true,,263,155,10,70,http://localhost:8080/search?q=beauty&author=Oscar%20Wilde,202,0,0
1782351904929,132,HTTP Request,200,OK,Author Query 5-9,text,true,,263,155,10,70,http://localhost:8080/search?q=beauty&author=Oscar%20Wilde,132,0,0
1782351904871,190,HTTP Request,200,OK,Author Query 5-8,text,true,,263,155,10,70,http://localhost:8080/search?q=beauty&author=Oscar%20Wilde,190,0,0
1782351904835,227,HTTP Request,200,OK,Author Query 5-3,text,true,,263,155,10,70,http://localhost:8080/search?q=beauty&author=Oscar%20Wilde,227,0,0
1782351905000,64,HTTP Request,200,OK,Author Query 5-6,text,true,,263,155,10,70,http://localhost:8080/search?q=beauty&author=Oscar%20Wilde,64,0,0
1782351904981,83,HTTP Request,200,OK,Author Query 5-7,text,true,,263,155,10,70,http://localhost:8080/search?q=beauty&author=Oscar%20Wilde,83,0,0
1782351904998,66,HTTP Request,200,OK,Author Query 5-1,text,true,,263,155,10,70,http://localhost:8080/search?q=beauty&author=Oscar%20Wilde,66,0,0
1782351905045,56,HTTP Request,200,OK,Author Query 5-2,text,true,,263,155,10,70,http://localhost:8080/search?q=beauty&author=Oscar%20Wilde,56,0,0
1782351905065,40,HTTP Request,200,OK,Author Query 5-7,text,true,,263,155,10,70,http://localhost:8080/search?q=beauty&author=Oscar%20Wilde,40,0,0
1782351905050,56,HTTP Request,200,OK,Author Query 5-10,text,true,,263,155,10,70,http://localhost:8080/search?q=beauty&author=Oscar%20Wilde,56,0,0
1782351905065,57,HTTP Request,200,OK,Author Query 5-6,text,true,,263,155,10,70,http://localhost:8080/search?q=beauty&author=Oscar%20Wilde,57,0,0
1782351905062,60,HTTP Request,200,OK,Author Query 5-8,text,true,,263,155,10,70,http://localhost:8080/search?q=beauty&author=Oscar%20Wilde,60,0,0
1782351905047,78,HTTP Request,200,OK,Author Query 5-4,text,true,,263,155,10,70,http://localhost:8080/search?q=beauty&author=Oscar%20Wilde,78,0,0
1782351905064,74,HTTP Request,200,OK,Author Query 5-3,text,true,,263,155,10,70,http://localhost:8080/search?q=beauty&author=Oscar%20Wilde,74,0,0
1782351905045,100,HTTP Request,200,OK,Author Query 5-5,text,true,,263,155,10,70,http://localhost:8080/search?q=beauty&author=Oscar%20Wilde,100,0,0
1782351905061,96,HTTP Request,200,OK,Author Query 5-9,text,true,,263,155,10,70,http://localhost:8080/search?q=beauty&author=Oscar%20Wilde,95,0,0
1782351905065,92,HTTP Request,200,OK,Author Query 5-1,text,true,,263,155,10,70,http://localhost:8080/search?q=beauty&author=Oscar%20Wilde,92,0,0
1782351905105,63,HTTP Request,200,OK,Author Query 5-7,text,true,,263,155,10,70,http://localhost:8080/search?q=beauty&author=Oscar%20Wilde,63,0,0
1782351905106,75,HTTP Request,200,OK,Author Query 5-10,text,true,,263,155,10,70,http://localhost:8080/search?q=beauty&author=Oscar%20Wilde,75,0,0
1782351905122,75,HTTP Request,200,OK,Author Query 5-6,text,true,,263,155,10,70,http://localhost:8080/search?q=beauty&author=Oscar%20Wilde,75,0,0
1782351905102,96,HTTP Request,200,OK,Author Query 5-2,text,true,,263,155,10,70,http://localhost:8080/search?q=beauty&author=Oscar%20Wilde,96,0,0
1782351905122,90,HTTP Request,200,OK,Author Query 5-8,text,true,,263,155,10,70,http://localhost:8080/search?q=beauty&author=Oscar%20Wilde,90,0,0
1782351905125,87,HTTP Request,200,OK,Author Query 5-4,text,true,,263,155,10,70,http://localhost:8080/search?q=beauty&author=Oscar%20Wilde,87,0,0
1782351905157,70,HTTP Request,200,OK,Author Query 5-1,text,true,,263,155,10,70,http://localhost:8080/search?q=beauty&author=Oscar%20Wilde,70,0,0
1782351905145,91,HTTP Request,200,OK,Author Query 5-5,text,true,,263,155,10,70,http://localhost:8080/search?q=beauty&author=Oscar%20Wilde,91,0,0
1782351905138,109,HTTP Request,200,OK,Author Query 5-3,text,true,,263,155,10,70,http://localhost:8080/search?q=beauty&author=Oscar%20Wilde,109,0,0
1782351905157,99,HTTP Request,200,OK,Author Query 5-9,text,true,,263,155,10,70,http://localhost:8080/search?q=beauty&author=Oscar%20Wilde,99,0,0
1782351905181,83,HTTP Request,200,OK,Author Query 5-10,text,true,,263,155,10,70,http://localhost:8080/search?q=beauty&author=Oscar%20Wilde,83,0,0
1782351905169,96,HTTP Request,200,OK,Author Query 5-7,text,true,,263,155,10,70,http://localhost:8080/search?q=beauty&author=Oscar%20Wilde,96,0,0
1782351905198,82,HTTP Request,200,OK,Author Query 5-6,text,true,,263,155,10,70,http://localhost:8080/search?q=beauty&author=Oscar%20Wilde,82,0,0
1782351905237,54,HTTP Request,200,OK,Author Query 5-5,text,true,,263,155,10,70,http://localhost:8080/search?q=beauty&author=Oscar%20Wilde,54,0,0
1782351905212,79,HTTP Request,200,OK,Author Query 5-4,text,true,,263,155,10,70,http://localhost:8080/search?q=beauty&author=Oscar%20Wilde,79,0,0
1782351905201,95,HTTP Request,200,OK,Author Query 5-2,text,true,,263,155,10,70,http://localhost:8080/search?q=beauty&author=Oscar%20Wilde,95,0,0
1782351905227,74,HTTP Request,200,OK,Author Query 5-1,text,true,,263,155,10,70,http://localhost:8080/search?q=beauty&author=Oscar%20Wilde,74,0,0
1782351905212,94,HTTP Request,200,OK,Author Query 5-8,text,true,,263,155,10,70,http://localhost:8080/search?q=beauty&author=Oscar%20Wilde,94,0,0
1782351905280,35,HTTP Request,200,OK,Author Query 5-6,text,true,,263,155,10,70,http://localhost:8080/search?q=beauty&author=Oscar%20Wilde,35,0,0
1782351905265,60,HTTP Request,200,OK,Author Query 5-7,text,true,,263,155,10,70,http://localhost:8080/search?q=beauty&author=Oscar%20Wilde,60,0,0
1782351905292,56,HTTP Request,200,OK,Author Query 5-5,text,true,,263,155,10,70,http://localhost:8080/search?q=beauty&author=Oscar%20Wilde,56,0,0
1782351905292,69,HTTP Request,200,OK,Author Query 5-4,text,true,,263,155,10,70,http://localhost:8080/search?q=beauty&author=Oscar%20Wilde,69,0,0
1782351905256,105,HTTP Request,200,OK,Author Query 5-9,text,true,,263,155,10,70,http://localhost:8080/search?q=beauty&author=Oscar%20Wilde,105,0,0
1782351905296,65,HTTP Request,200,OK,Author Query 5-2,text,true,,263,155,10,70,http://localhost:8080/search?q=beauty&author=Oscar%20Wilde,65,0,0
1782351905301,61,HTTP Request,200,OK,Author Query 5-1,text,true,,263,155,10,70,http://localhost:8080/search?q=beauty&author=Oscar%20Wilde,61,0,0
1782351905315,49,HTTP Request,200,OK,Author Query 5-6,text,true,,263,155,10,70,http://localhost:8080/search?q=beauty&author=Oscar%20Wilde,49,0,0
1782351905264,119,HTTP Request,200,OK,Author Query 5-10,text,true,,263,155,10,70,http://localhost:8080/search?q=beauty&author=Oscar%20Wilde,119,0,0
1782351905247,152,HTTP Request,200,OK,Author Query 5-3,text,true,,263,155,10,70,http://localhost:8080/search?q=beauty&author=Oscar%20Wilde,152,0,0
1782351905349,50,HTTP Request,200,OK,Author Query 5-5,text,true,,263,155,10,70,http://localhost:8080/search?q=beauty&author=Oscar%20Wilde,50,0,0
1782351905325,79,HTTP Request,200,OK,Author Query 5-7,text,true,,263,155,10,70,http://localhost:8080/search?q=beauty&author=Oscar%20Wilde,79,0,0
1782351905307,117,HTTP Request,200,OK,Author Query 5-8,text,true,,263,155,10,70,http://localhost:8080/search?q=beauty&author=Oscar%20Wilde,117,0,0
1782351905361,81,HTTP Request,200,OK,Author Query 5-4,text,true,,263,155,10,70,http://localhost:8080/search?q=beauty&author=Oscar%20Wilde,81,0,0
1782351905363,79,HTTP Request,200,OK,Author Query 5-1,text,true,,263,155,10,70,http://localhost:8080/search?q=beauty&author=Oscar%20Wilde,79,0,0
1782351905400,67,HTTP Request,200,OK,Author Query 5-3,text,true,,263,155,10,70,http://localhost:8080/search?q=beauty&author=Oscar%20Wilde,67,0,0
1782351905361,107,HTTP Request,200,OK,Author Query 5-9,text,true,,263,155,10,70,http://localhost:8080/search?q=beauty&author=Oscar%20Wilde,107,0,0
1782351905361,107,HTTP Request,200,OK,Author Query 5-2,text,true,,263,155,10,70,http://localhost:8080/search?q=beauty&author=Oscar%20Wilde,107,0,0
1782351905383,104,HTTP Request,200,OK,Author Query 5-10,text,true,,263,155,10,70,http://localhost:8080/search?q=beauty&author=Oscar%20Wilde,104,0,0
1782351905400,87,HTTP Request,200,OK,Author Query 5-5,text,true,,263,155,10,70,http://localhost:8080/search?q=beauty&author=Oscar%20Wilde,87,0,0
1782351905364,126,HTTP Request,200,OK,Author Query 5-6,text,true,,263,155,10,70,http://localhost:8080/search?q=beauty&author=Oscar%20Wilde,126,0,0
1782351905404,101,HTTP Request,200,OK,Author Query 5-7,text,true,,263,155,10,70,http://localhost:8080/search?q=beauty&author=Oscar%20Wilde,101,0,0
1782351905424,87,HTTP Request,200,OK,Author Query 5-8,text,true,,263,155,10,70,http://localhost:8080/search?q=beauty&author=Oscar%20Wilde,87,0,0
1782351905442,76,HTTP Request,200,OK,Author Query 5-4,text,true,,263,155,10,70,http://localhost:8080/search?q=beauty&author=Oscar%20Wilde,76,0,0
1782351905468,97,HTTP Request,200,OK,Author Query 5-9,text,true,,263,155,10,70,http://localhost:8080/search?q=beauty&author=Oscar%20Wilde,97,0,0
1782351905468,98,HTTP Request,200,OK,Author Query 5-3,text,true,,263,155,10,70,http://localhost:8080/search?q=beauty&author=Oscar%20Wilde,98,0,0
1782351905468,98,HTTP Request,200,OK,Author Query 5-2,text,true,,263,155,10,70,http://localhost:8080/search?q=beauty&author=Oscar%20Wilde,98,0,0
1782351905442,139,HTTP Request,200,OK,Author Query 5-1,text,true,,263,155,10,70,http://localhost:8080/search?q=beauty&author=Oscar%20Wilde,139,0,0
1782351905487,109,HTTP Request,200,OK,Author Query 5-10,text,true,,263,155,10,70,http://localhost:8080/search?q=beauty&author=Oscar%20Wilde,109,0,0
1782351905505,95,HTTP Request,200,OK,Author Query 5-7,text,true,,263,155,10,70,http://localhost:8080/search?q=beauty&author=Oscar%20Wilde,95,0,0
1782351905519,89,HTTP Request,200,OK,Author Query 5-4,text,true,,263,155,10,70,http://localhost:8080/search?q=beauty&author=Oscar%20Wilde,89,0,0
1782351905490,147,HTTP Request,200,OK,Author Query 5-6,text,true,,263,155,10,70,http://localhost:8080/search?q=beauty&author=Oscar%20Wilde,147,0,0
1782351905567,70,HTTP Request,200,OK,Author Query 5-3,text,true,,263,155,10,70,http://localhost:8080/search?q=beauty&author=Oscar%20Wilde,70,0,0
1782351905567,70,HTTP Request,200,OK,Author Query 5-2,text,true,,263,155,10,70,http://localhost:8080/search?q=beauty&author=Oscar%20Wilde,70,0,0
1782351905488,149,HTTP Request,200,OK,Author Query 5-5,text,true,,263,155,10,70,http://localhost:8080/search?q=beauty&author=Oscar%20Wilde,149,0,0
1782351905566,87,HTTP Request,200,OK,Author Query 5-9,text,true,,263,155,10,70,http://localhost:8080/search?q=beauty&author=Oscar%20Wilde,87,0,0
1782351905512,143,HTTP Request,200,OK,Author Query 5-8,text,true,,263,155,10,70,http://localhost:8080/search?q=beauty&author=Oscar%20Wilde,143,0,0
1782351905596,83,HTTP Request,200,OK,Author Query 5-10,text,true,,263,155,10,70,http://localhost:8080/search?q=beauty&author=Oscar%20Wilde,83,0,0
1782351905637,42,HTTP Request,200,OK,Author Query 5-5,text,true,,263,155,10,70,http://localhost:8080/search?q=beauty&author=Oscar%20Wilde,42,0,0
1782351905581,99,HTTP Request,200,OK,Author Query 5-1,text,true,,263,155,10,70,http://localhost:8080/search?q=beauty&author=Oscar%20Wilde,99,0,0
1782351905637,45,HTTP Request,200,OK,Author Query 5-6,text,true,,263,155,10,70,http://localhost:8080/search?q=beauty&author=Oscar%20Wilde,45,0,0
1782351905653,39,HTTP Request,200,OK,Author Query 5-9,text,true,,263,155,10,70,http://localhost:8080/search?q=beauty&author=Oscar%20Wilde,39,0,0
1782351905608,91,HTTP Request,200,OK,Author Query 5-4,text,true,,263,155,10,70,http://localhost:8080/search?q=beauty&author=Oscar%20Wilde,90,0,0
1782351905601,98,HTTP Request,200,OK,Author Query 5-7,text,true,,263,155,10,70,http://localhost:8080/search?q=beauty&author=Oscar%20Wilde,97,0,0
1782351905681,34,HTTP Request,200,OK,Author Query 5-1,text,true,,263,155,10,70,http://localhost:8080/search?q=beauty&author=Oscar%20Wilde,34,0,0
1782351905655,61,HTTP Request,200,OK,Author Query 5-8,text,true,,263,155,10,70,http://localhost:8080/search?q=beauty&author=Oscar%20Wilde,61,0,0
1782351905679,55,HTTP Request,200,OK,Author Query 5-10,text,true,,263,155,10,70,http://localhost:8080/search?q=beauty&author=Oscar%20Wilde,55,0,0
1782351905637,98,HTTP Request,200,OK,Author Query 5-3,text,true,,263,155,10,70,http://localhost:8080/search?q=beauty&author=Oscar%20Wilde,98,0,0
1782351905637,98,HTTP Request,200,OK,Author Query 5-2,text,true,,263,155,10,70,http://localhost:8080/search?q=beauty&author=Oscar%20Wilde,98,0,0
1782351905682,71,HTTP Request,200,OK,Author Query 5-6,text,true,,263,155,10,70,http://localhost:8080/search?q=beauty&author=Oscar%20Wilde,71,0,0
1782351905679,74,HTTP Request,200,OK,Author Query 5-5,text,true,,263,155,10,70,http://localhost:8080/search?q=beauty&author=Oscar%20Wilde,74,0,0
1782351905693,60,HTTP Request,200,OK,Author Query 5-9,text,true,,263,155,10,70,http://localhost:8080/search?q=beauty&author=Oscar%20Wilde,60,0,0
1782351905715,60,HTTP Request,200,OK,Author Query 5-1,text,true,,263,155,10,70,http://localhost:8080/search?q=beauty&author=Oscar%20Wilde,60,0,0
1782351905699,76,HTTP Request,200,OK,Author Query 5-7,text,true,,263,155,10,70,http://localhost:8080/search?q=beauty&author=Oscar%20Wilde,76,0,0
1782351905701,74,HTTP Request,200,OK,Author Query 5-4,text,true,,263,155,10,70,http://localhost:8080/search?q=beauty&author=Oscar%20Wilde,74,0,0
1782351905716,59,HTTP Request,200,OK,Author Query 5-8,text,true,,263,155,10,70,http://localhost:8080/search?q=beauty&author=Oscar%20Wilde,59,0,0
1782351905734,57,HTTP Request,200,OK,Author Query 5-10,text,true,,263,155,10,70,http://localhost:8080/search?q=beauty&author=Oscar%20Wilde,57,0,0
1782351905735,64,HTTP Request,200,OK,Author Query 5-3,text,true,,263,155,10,70,http://localhost:8080/search?q=beauty&author=Oscar%20Wilde,64,0,0
1782351905754,47,HTTP Request,200,OK,Author Query 5-6,text,true,,263,155,10,70,http://localhost:8080/search?q=beauty&author=Oscar%20Wilde,47,0,0
1782351905754,50,HTTP Request,200,OK,Author Query 5-9,text,true,,263,155,10,70,http://localhost:8080/search?q=beauty&author=Oscar%20Wilde,50,0,0
1782351905754,52,HTTP Request,200,OK,Author Query 5-5,text,true,,263,155,10,70,http://localhost:8080/search?q=beauty&author=Oscar%20Wilde,52,0,0
1782351905735,74,HTTP Request,200,OK,Author Query 5-2,text,true,,263,155,10,70,http://localhost:8080/search?q=beauty&author=Oscar%20Wilde,74,0,0
1782351905776,52,HTTP Request,200,OK,Author Query 5-4,text,true,,263,155,10,70,http://localhost:8080/search?q=beauty&author=Oscar%20Wilde,52,0,0
1782351905776,73,HTTP Request,200,OK,Author Query 5-7,text,true,,263,155,10,70,http://localhost:8080/search?q=beauty&author=Oscar%20Wilde,73,0,0
1782351905799,50,HTTP Request,200,OK,Author Query 5-3,text,true,,263,155,10,70,http://localhost:8080/search?q=beauty&author=Oscar%20Wilde,50,0,0
1782351905805,48,HTTP Request,200,OK,Author Query 5-9,text,true,,263,155,10,70,http://localhost:8080/search?q=beauty&author=Oscar%20Wilde,48,0,0
1782351905776,77,HTTP Request,200,OK,Author Query 5-1,text,true,,263,155,10,70,http://localhost:8080/search?q=beauty&author=Oscar%20Wilde,77,0,0
1782351905809,44,HTTP Request,200,OK,Author Query 5-2,text,true,,263,155,10,70,http://localhost:8080/search?q=beauty&author=Oscar%20Wilde,44,0,0
1782351905791,62,HTTP Request,200,OK,Author Query 5-10,text,true,,263,155,10,70,http://localhost:8080/search?q=beauty&author=Oscar%20Wilde,62,0,0
1782351905807,95,HTTP Request,200,OK,Author Query 5-5,text,true,,263,155,10,70,http://localhost:8080/search?q=beauty&author=Oscar%20Wilde,95,0,0
1782351905776,126,HTTP Request,200,OK,Author Query 5-8,text,true,,263,155,10,70,http://localhost:8080/search?q=beauty&author=Oscar%20Wilde,126,0,0
1782351905802,101,HTTP Request,200,OK,Author Query 5-6,text,true,,263,155,10,70,http://localhost:8080/search?q=beauty&author=Oscar%20Wilde,101,0,0
1782351905828,76,HTTP Request,200,OK,Author Query 5-4,text,true,,263,155,10,70,http://localhost:8080/search?q=beauty&author=Oscar%20Wilde,76,0,0
1782351905853,68,HTTP Request,200,OK,Author Query 5-2,text,true,,263,155,10,70,http://localhost:8080/search?q=beauty&author=Oscar%20Wilde,68,0,0
1782351905850,74,HTTP Request,200,OK,Author Query 5-7,text,true,,263,155,10,70,http://localhost:8080/search?q=beauty&author=Oscar%20Wilde,74,0,0
1782351905850,74,HTTP Request,200,OK,Author Query 5-3,text,true,,263,155,10,70,http://localhost:8080/search?q=beauty&author=Oscar%20Wilde,74,0,0
1782351905854,74,HTTP Request,200,OK,Author Query 5-10,text,true,,263,155,10,70,http://localhost:8080/search?q=beauty&author=Oscar%20Wilde,74,0,0
1782351905853,87,HTTP Request,200,OK,Author Query 5-9,text,true,,263,155,10,70,http://localhost:8080/search?q=beauty&author=Oscar%20Wilde,87,0,0
1782351905853,87,HTTP Request,200,OK,Author Query 5-1,text,true,,263,155,10,70,http://localhost:8080/search?q=beauty&author=Oscar%20Wilde,87,0,0
1782351905904,73,HTTP Request,200,OK,Author Query 5-4,text,true,,263,155,10,70,http://localhost:8080/search?q=beauty&author=Oscar%20Wilde,73,0,0
1782351905904,73,HTTP Request,200,OK,Author Query 5-6,text,true,,263,155,10,70,http://localhost:8080/search?q=beauty&author=Oscar%20Wilde,73,0,0
1782351905903,78,HTTP Request,200,OK,Author Query 5-8,text,true,,263,155,10,70,http://localhost:8080/search?q=beauty&author=Oscar%20Wilde,78,0,0
1782351905940,49,HTTP Request,200,OK,Author Query 5-9,text,true,,263,155,10,70,http://localhost:8080/search?q=beauty&author=Oscar%20Wilde,49,0,0
1782351905929,67,HTTP Request,200,OK,Author Query 5-10,text,true,,263,155,10,70,http://localhost:8080/search?q=beauty&author=Oscar%20Wilde,67,0,0
1782351905977,50,HTTP Request,200,OK,Author Query 5-4,text,true,,263,155,10,70,http://localhost:8080/search?q=beauty&author=Oscar%20Wilde,50,0,0
1782351905902,126,HTTP Request,200,OK,Author Query 5-5,text,true,,263,155,10,70,http://localhost:8080/search?q=beauty&author=Oscar%20Wilde,126,0,0
1782351905940,100,HTTP Request,200,OK,Author Query 5-1,text,true,,263,155,10,70,http://localhost:8080/search?q=beauty&author=Oscar%20Wilde,100,0,0
1782351905981,60,HTTP Request,200,OK,Author Query 5-8,text,true,,263,155,10,70,http://localhost:8080/search?q=beauty&author=Oscar%20Wilde,60,0,0
1782351905978,65,HTTP Request,200,OK,Author Query 5-6,text,true,,263,155,10,70,http://localhost:8080/search?q=beauty&author=Oscar%20Wilde,65,0,0
1782351905924,120,HTTP Request,200,OK,Author Query 5-3,text,true,,263,155,10,70,http://localhost:8080/search?q=beauty&author=Oscar%20Wilde,120,0,0
1782351905997,79,HTTP Request,200,OK,Author Query 5-10,text,true,,263,155,10,70,http://localhost:8080/search?q=beauty&author=Oscar%20Wilde,79,0,0
1782351905924,158,HTTP Request,200,OK,Author Query 5-7,text,true,,263,155,10,70,http://localhost:8080/search?q=beauty&author=Oscar%20Wilde,158,0,0
1782351906041,52,HTTP Request,200,OK,Author Query 5-8,text,true,,263,155,10,70,http://localhost:8080/search?q=beauty&author=Oscar%20Wilde,52,0,0
1782351906045,48,HTTP Request,200,OK,Author Query 5-3,text,true,,263,155,10,70,http://localhost:8080/search?q=beauty&author=Oscar%20Wilde,48,0,0
1782351906028,65,HTTP Request,200,OK,Author Query 5-4,text,true,,263,155,10,70,http://localhost:8080/search?q=beauty&author=Oscar%20Wilde,65,0,0
1782351906028,65,HTTP Request,200,OK,Author Query 5-5,text,true,,263,155,10,70,http://localhost:8080/search?q=beauty&author=Oscar%20Wilde,65,0,0
1782351905990,103,HTTP Request,200,OK,Author Query 5-9,text,true,,263,155,10,70,http://localhost:8080/search?q=beauty&author=Oscar%20Wilde,103,0,0
1782351905924,171,HTTP Request,200,OK,Author Query 5-2,text,true,,263,155,10,70,http://localhost:8080/search?q=beauty&author=Oscar%20Wilde,171,0,0
1782351906076,41,HTTP Request,200,OK,Author Query 5-10,text,true,,263,155,10,70,http://localhost:8080/search?q=beauty&author=Oscar%20Wilde,41,0,0
1782351906044,88,HTTP Request,200,OK,Author Query 5-6,text,true,,263,155,10,70,http://localhost:8080/search?q=beauty&author=Oscar%20Wilde,88,0,0
1782351906094,130,HTTP Request,200,OK,Author Query 5-9,text,true,,263,155,10,70,http://localhost:8080/search?q=beauty&author=Oscar%20Wilde,130,0,0
1782351906093,134,HTTP Request,200,OK,Author Query 5-3,text,true,,263,155,10,70,http://localhost:8080/search?q=beauty&author=Oscar%20Wilde,134,0,0
1782351906118,111,HTTP Request,200,OK,Author Query 5-10,text,true,,263,155,10,70,http://localhost:8080/search?q=beauty&author=Oscar%20Wilde,111,0,0
1782351906093,136,HTTP Request,200,OK,Author Query 5-4,text,true,,263,155,10,70,http://localhost:8080/search?q=beauty&author=Oscar%20Wilde,136,0,0
1782351906133,103,HTTP Request,200,OK,Author Query 5-6,text,true,,263,155,10,70,http://localhost:8080/search?q=beauty&author=Oscar%20Wilde,103,0,0
1782351906041,198,HTTP Request,200,OK,Author Query 5-1,text,true,,263,155,10,70,http://localhost:8080/search?q=beauty&author=Oscar%20Wilde,198,0,0
1782351906093,146,HTTP Request,200,OK,Author Query 5-8,text,true,,263,155,10,70,http://localhost:8080/search?q=beauty&author=Oscar%20Wilde,146,0,0
1782351906083,156,HTTP Request,200,OK,Author Query 5-7,text,true,,263,155,10,70,http://localhost:8080/search?q=beauty&author=Oscar%20Wilde,156,0,0
1782351906093,146,HTTP Request,200,OK,Author Query 5-5,text,true,,263,155,10,70,http://localhost:8080/search?q=beauty&author=Oscar%20Wilde,146,0,0
1782351906095,152,HTTP Request,200,OK,Author Query 5-2,text,true,,263,155,10,70,http://localhost:8080/search?q=beauty&author=Oscar%20Wilde,152,0,0
1782351906237,46,HTTP Request,200,OK,Author Query 5-6,text,true,,263,155,10,70,http://localhost:8080/search?q=beauty&author=Oscar%20Wilde,46,0,0
1782351906229,55,HTTP Request,200,OK,Author Query 5-10,text,true,,263,155,10,70,http://localhost:8080/search?q=beauty&author=Oscar%20Wilde,55,0,0
1782351906239,68,HTTP Request,200,OK,Author Query 5-1,text,true,,263,155,10,70,http://localhost:8080/search?q=beauty&author=Oscar%20Wilde,68,0,0
1782351906240,75,HTTP Request,200,OK,Author Query 5-5,text,true,,263,155,10,70,http://localhost:8080/search?q=beauty&author=Oscar%20Wilde,75,0,0
1782351906228,88,HTTP Request,200,OK,Author Query 5-3,text,true,,263,155,10,70,http://localhost:8080/search?q=beauty&author=Oscar%20Wilde,88,0,0
1782351906229,87,HTTP Request,200,OK,Author Query 5-4,text,true,,263,155,10,70,http://localhost:8080/search?q=beauty&author=Oscar%20Wilde,87,0,0
1782351906239,78,HTTP Request,200,OK,Author Query 5-7,text,true,,263,155,10,70,http://localhost:8080/search?q=beauty&author=Oscar%20Wilde,78,0,0
1782351906225,96,HTTP Request,200,OK,Author Query 5-9,text,true,,263,155,10,70,http://localhost:8080/search?q=beauty&author=Oscar%20Wilde,96,0,0
1782351906239,83,HTTP Request,200,OK,Author Query 5-8,text,true,,263,155,10,70,http://localhost:8080/search?q=beauty&author=Oscar%20Wilde,83,0,0
1782351906248,97,HTTP Request,200,OK,Author Query 5-2,text,true,,263,155,10,70,http://localhost:8080/search?q=beauty&author=Oscar%20Wilde,97,0,0
1782351906284,82,HTTP Request,200,OK,Author Query 5-6,text,true,,263,155,10,70,http://localhost:8080/search?q=beauty&author=Oscar%20Wilde,82,0,0
1782351906316,54,HTTP Request,200,OK,Author Query 5-4,text,true,,263,155,10,70,http://localhost:8080/search?q=beauty&author=Oscar%20Wilde,54,0,0
1782351906285,88,HTTP Request,200,OK,Author Query 5-10,text,true,,263,155,10,70,http://localhost:8080/search?q=beauty&author=Oscar%20Wilde,88,0,0
1782351906318,56,HTTP Request,200,OK,Author Query 5-7,text,true,,263,155,10,70,http://localhost:8080/search?q=beauty&author=Oscar%20Wilde,56,0,0
1782351906307,85,HTTP Request,200,OK,Author Query 5-1,text,true,,263,155,10,70,http://localhost:8080/search?q=beauty&author=Oscar%20Wilde,85,0,0
1782351906316,81,HTTP Request,200,OK,Author Query 5-3,text,true,,263,155,10,70,http://localhost:8080/search?q=beauty&author=Oscar%20Wilde,81,0,0
1782351906316,95,HTTP Request,200,OK,Author Query 5-5,text,true,,263,155,10,70,http://localhost:8080/search?q=beauty&author=Oscar%20Wilde,95,0,0
1782351906373,40,HTTP Request,200,OK,Author Query 5-10,text,true,,263,155,10,70,http://localhost:8080/search?q=beauty&author=Oscar%20Wilde,40,0,0
1782351906321,97,HTTP Request,200,OK,Author Query 5-9,text,true,,263,155,10,70,http://localhost:8080/search?q=beauty&author=Oscar%20Wilde,97,0,0
1782351906367,61,HTTP Request,200,OK,Author Query 5-6,text,true,,263,155,10,70,http://localhost:8080/search?q=beauty&author=Oscar%20Wilde,61,0,0
1782351906345,88,HTTP Request,200,OK,Author Query 5-2,text,true,,263,155,10,70,http://localhost:8080/search?q=beauty&author=Oscar%20Wilde,88,0,0
1782351906392,45,HTTP Request,200,OK,Author Query 5-1,text,true,,263,155,10,70,http://localhost:8080/search?q=beauty&author=Oscar%20Wilde,45,0,0
1782351906374,63,HTTP Request,200,OK,Author Query 5-7,text,true,,263,155,10,70,http://localhost:8080/search?q=beauty&author=Oscar%20Wilde,63,0,0
1782351906323,117,HTTP Request,200,OK,Author Query 5-8,text,true,,263,155,10,70,http://localhost:8080/search?q=beauty&author=Oscar%20Wilde,117,0,0
1782351906371,71,HTTP Request,200,OK,Author Query 5-4,text,true,,263,155,10,70,http://localhost:8080/search?q=beauty&author=Oscar%20Wilde,71,0,0
1782351906428,55,HTTP Request,200,OK,Author Query 5-6,text,true,,263,155,10,70,http://localhost:8080/search?q=beauty&author=Oscar%20Wilde,55,0,0
1782351906419,69,HTTP Request,200,OK,Author Query 5-9,text,true,,263,155,10,70,http://localhost:8080/search?q=beauty&author=Oscar%20Wilde,69,0,0
1782351906442,46,HTTP Request,200,OK,Author Query 5-4,text,true,,263,155,10,70,http://localhost:8080/search?q=beauty&author=Oscar%20Wilde,46,0,0
1782351906411,77,HTTP Request,200,OK,Author Query 5-5,text,true,,263,155,10,70,http://localhost:8080/search?q=beauty&author=Oscar%20Wilde,77,0,0
1782351906414,82,HTTP Request,200,OK,Author Query 5-10,text,true,,263,155,10,70,http://localhost:8080/search?q=beauty&author=Oscar%20Wilde,82,0,0
1782351906397,116,HTTP Request,200,OK,Author Query 5-3,text,true,,263,155,10,70,http://localhost:8080/search?q=beauty&author=Oscar%20Wilde,116,0,0
1782351906438,76,HTTP Request,200,OK,Author Query 5-1,text,true,,263,155,10,70,http://localhost:8080/search?q=beauty&author=Oscar%20Wilde,76,0,0
1782351906440,78,HTTP Request,200,OK,Author Query 5-8,text,true,,263,155,10,70,http://localhost:8080/search?q=beauty&author=Oscar%20Wilde,78,0,0
1782351906488,30,HTTP Request,200,OK,Author Query 5-5,text,true,,263,155,10,70,http://localhost:8080/search?q=beauty&author=Oscar%20Wilde,30,0,0
1782351906433,98,HTTP Request,200,OK,Author Query 5-2,text,true,,263,155,10,70,http://localhost:8080/search?q=beauty&author=Oscar%20Wilde,98,0,0
1782351906438,100,HTTP Request,200,OK,Author Query 5-7,text,true,,263,155,10,70,http://localhost:8080/search?q=beauty&author=Oscar%20Wilde,100,0,0
1782351906488,65,HTTP Request,200,OK,Author Query 5-4,text,true,,263,155,10,70,http://localhost:8080/search?q=beauty&author=Oscar%20Wilde,65,0,0
1782351906496,61,HTTP Request,200,OK,Author Query 5-10,text,true,,263,155,10,70,http://localhost:8080/search?q=beauty&author=Oscar%20Wilde,61,0,0
1782351906513,88,HTTP Request,200,OK,Author Query 5-3,text,true,,263,155,10,70,http://localhost:8080/search?q=beauty&author=Oscar%20Wilde,88,0,0
1782351906519,82,HTTP Request,200,OK,Author Query 5-5,text,true,,263,155,10,70,http://localhost:8080/search?q=beauty&author=Oscar%20Wilde,82,0,0
1782351906531,70,HTTP Request,200,OK,Author Query 5-2,text,true,,263,155,10,70,http://localhost:8080/search?q=beauty&author=Oscar%20Wilde,70,0,0
1782351906488,114,HTTP Request,200,OK,Author Query 5-9,text,true,,263,155,10,70,http://localhost:8080/search?q=beauty&author=Oscar%20Wilde,114,0,0
1782351906518,87,HTTP Request,200,OK,Author Query 5-8,text,true,,263,155,10,70,http://localhost:8080/search?q=beauty&author=Oscar%20Wilde,87,0,0
1782351906483,125,HTTP Request,200,OK,Author Query 5-6,text,true,,263,155,10,70,http://localhost:8080/search?q=beauty&author=Oscar%20Wilde,125,0,0
1782351906514,104,HTTP Request,200,OK,Author Query 5-1,text,true,,263,155,10,70,http://localhost:8080/search?q=beauty&author=Oscar%20Wilde,104,0,0
1782351906554,89,HTTP Request,200,OK,Author Query 5-4,text,true,,263,155,10,70,http://localhost:8080/search?q=beauty&author=Oscar%20Wilde,89,0,0
1782351906608,36,HTTP Request,200,OK,Author Query 5-6,text,true,,263,155,10,70,http://localhost:8080/search?q=beauty&author=Oscar%20Wilde,36,0,0
1782351906538,107,HTTP Request,200,OK,Author Query 5-7,text,true,,263,155,10,70,http://localhost:8080/search?q=beauty&author=Oscar%20Wilde,107,0,0
1782351906557,94,HTTP Request,200,OK,Author Query 5-10,text,true,,263,155,10,70,http://localhost:8080/search?q=beauty&author=Oscar%20Wilde,94,0,0
1782351906602,49,HTTP Request,200,OK,Author Query 5-2,text,true,,263,155,10,70,http://localhost:8080/search?q=beauty&author=Oscar%20Wilde,49,0,0
1782351906601,70,HTTP Request,200,OK,Author Query 5-5,text,true,,263,155,10,70,http://localhost:8080/search?q=beauty&author=Oscar%20Wilde,70,0,0
1782351906601,70,HTTP Request,200,OK,Author Query 5-3,text,true,,263,155,10,70,http://localhost:8080/search?q=beauty&author=Oscar%20Wilde,70,0,0
1782351906602,71,HTTP Request,200,OK,Author Query 5-9,text,true,,263,155,10,70,http://localhost:8080/search?q=beauty&author=Oscar%20Wilde,71,0,0
1782351906605,84,HTTP Request,200,OK,Author Query 5-8,text,true,,263,155,10,70,http://localhost:8080/search?q=beauty&author=Oscar%20Wilde,84,0,0
1782351906644,79,HTTP Request,200,OK,Author Query 5-6,text,true,,263,155,10,70,http://localhost:8080/search?q=beauty&author=Oscar%20Wilde,79,0,0
1782351906645,80,HTTP Request,200,OK,Author Query 5-7,text,true,,263,155,10,70,http://localhost:8080/search?q=beauty&author=Oscar%20Wilde,80,0,0
1782351906651,76,HTTP Request,200,OK,Author Query 5-2,text,true,,263,155,10,70,http://localhost:8080/search?q=beauty&author=Oscar%20Wilde,76,0,0
1782351906619,108,HTTP Request,200,OK,Author Query 5-1,text,true,,263,155,10,70,http://localhost:8080/search?q=beauty&author=Oscar%20Wilde,108,0,0
1782351906671,60,HTTP Request,200,OK,Author Query 5-3,text,true,,263,155,10,70,http://localhost:8080/search?q=beauty&author=Oscar%20Wilde,60,0,0
1782351906643,88,HTTP Request,200,OK,Author Query 5-4,text,true,,263,155,10,70,http://localhost:8080/search?q=beauty&author=Oscar%20Wilde,88,0,0
1782351906651,89,HTTP Request,200,OK,Author Query 5-10,text,true,,263,155,10,70,http://localhost:8080/search?q=beauty&author=Oscar%20Wilde,89,0,0
1782351906671,71,HTTP Request,200,OK,Author Query 5-5,text,true,,263,155,10,70,http://localhost:8080/search?q=beauty&author=Oscar%20Wilde,71,0,0
1782351906674,72,HTTP Request,200,OK,Author Query 5-9,text,true,,263,155,10,70,http://localhost:8080/search?q=beauty&author=Oscar%20Wilde,72,0,0
1782351906689,71,HTTP Request,200,OK,Author Query 5-8,text,true,,263,155,10,70,http://localhost:8080/search?q=beauty&author=Oscar%20Wilde,71,0,0
1782351906725,53,HTTP Request,200,OK,Author Query 5-7,text,true,,263,155,10,70,http://localhost:8080/search?q=beauty&author=Oscar%20Wilde,53,0,0
1782351906727,51,HTTP Request,200,OK,Author Query 5-1,text,true,,263,155,10,70,http://localhost:8080/search?q=beauty&author=Oscar%20Wilde,51,0,0
1782351906724,73,HTTP Request,200,OK,Author Query 5-6,text,true,,263,155,10,70,http://localhost:8080/search?q=beauty&author=Oscar%20Wilde,73,0,0
1782351906727,73,HTTP Request,200,OK,Author Query 5-2,text,true,,263,155,10,70,http://localhost:8080/search?q=beauty&author=Oscar%20Wilde,73,0,0
1782351906731,71,HTTP Request,200,OK,Author Query 5-3,text,true,,263,155,10,70,http://localhost:8080/search?q=beauty&author=Oscar%20Wilde,71,0,0
1782351906731,89,HTTP Request,200,OK,Author Query 5-4,text,true,,263,155,10,70,http://localhost:8080/search?q=beauty&author=Oscar%20Wilde,89,0,0
1782351906746,77,HTTP Request,200,OK,Author Query 5-9,text,true,,263,155,10,70,http://localhost:8080/search?q=beauty&author=Oscar%20Wilde,77,0,0
1782351906778,47,HTTP Request,200,OK,Author Query 5-7,text,true,,263,155,10,70,http://localhost:8080/search?q=beauty&author=Oscar%20Wilde,47,0,0
1782351906778,54,HTTP Request,200,OK,Author Query 5-1,text,true,,263,155,10,70,http://localhost:8080/search?q=beauty&author=Oscar%20Wilde,54,0,0
1782351906740,93,HTTP Request,200,OK,Author Query 5-10,text,true,,263,155,10,70,http://localhost:8080/search?q=beauty&author=Oscar%20Wilde,93,0,0
1782351906760,81,HTTP Request,200,OK,Author Query 5-8,text,true,,263,155,10,70,http://localhost:8080/search?q=beauty&author=Oscar%20Wilde,81,0,0
1782351906742,100,HTTP Request,200,OK,Author Query 5-5,text,true,,263,155,10,70,http://localhost:8080/search?q=beauty&author=Oscar%20Wilde,100,0,0
1782351906797,51,HTTP Request,200,OK,Author Query 5-6,text,true,,263,155,10,70,http://localhost:8080/search?q=beauty&author=Oscar%20Wilde,51,0,0
1782351906801,53,HTTP Request,200,OK,Author Query 5-2,text,true,,263,155,10,70,http://localhost:8080/search?q=beauty&author=Oscar%20Wilde,53,0,0
1782351906802,53,HTTP Request,200,OK,Author Query 5-3,text,true,,263,155,10,70,http://localhost:8080/search?q=beauty&author=Oscar%20Wilde,53,0,0
1782351906825,45,HTTP Request,200,OK,Author Query 5-7,text,true,,263,155,10,70,http://localhost:8080/search?q=beauty&author=Oscar%20Wilde,45,0,0
1782351906820,50,HTTP Request,200,OK,Author Query 5-4,text,true,,263,155,10,70,http://localhost:8080/search?q=beauty&author=Oscar%20Wilde,50,0,0
1782351906823,47,HTTP Request,200,OK,Author Query 5-9,text,true,,263,155,10,70,http://localhost:8080/search?q=beauty&author=Oscar%20Wilde,47,0,0
1782351906833,71,HTTP Request,200,OK,Author Query 5-1,text,true,,263,155,10,70,http://localhost:8080/search?q=beauty&author=Oscar%20Wilde,71,0,0
1782351906870,36,HTTP Request,200,OK,Author Query 5-4,text,true,,263,155,10,70,http://localhost:8080/search?q=beauty&author=Oscar%20Wilde,36,0,0
1782351906848,60,HTTP Request,200,OK,Author Query 5-6,text,true,,263,155,10,70,http://localhost:8080/search?q=beauty&author=Oscar%20Wilde,60,0,0
1782351906833,75,HTTP Request,200,OK,Author Query 5-10,text,true,,263,155,10,70,http://localhost:8080/search?q=beauty&author=Oscar%20Wilde,75,0,0
1782351906842,66,HTTP Request,200,OK,Author Query 5-5,text,true,,263,155,10,70,http://localhost:8080/search?q=beauty&author=Oscar%20Wilde,66,0,0
1782351906855,53,HTTP Request,200,OK,Author Query 5-3,text,true,,263,155,10,70,http://localhost:8080/search?q=beauty&author=Oscar%20Wilde,53,0,0
1782351906854,55,HTTP Request,200,OK,Author Query 5-2,text,true,,263,155,10,70,http://localhost:8080/search?q=beauty&author=Oscar%20Wilde,55,0,0
1782351906870,39,HTTP Request,200,OK,Author Query 5-9,text,true,,263,155,10,70,http://localhost:8080/search?q=beauty&author=Oscar%20Wilde,39,0,0
1782351906841,68,HTTP Request,200,OK,Author Query 5-8,text,true,,263,155,10,70,http://localhost:8080/search?q=beauty&author=Oscar%20Wilde,68,0,0
1782351906870,78,HTTP Request,200,OK,Author Query 5-7,text,true,,263,155,10,70,http://localhost:8080/search?q=beauty&author=Oscar%20Wilde,78,0,0
1782351906904,58,HTTP Request,200,OK,Author Query 5-1,text,true,,263,155,10,70,http://localhost:8080/search?q=beauty&author=Oscar%20Wilde,58,0,0
1782351906908,58,HTTP Request,200,OK,Author Query 5-10,text,true,,263,155,10,70,http://localhost:8080/search?q=beauty&author=Oscar%20Wilde,58,0,0
1782351906909,57,HTTP Request,200,OK,Author Query 5-8,text,true,,263,155,10,70,http://localhost:8080/search?q=beauty&author=Oscar%20Wilde,57,0,0
1782351906909,58,HTTP Request,200,OK,Author Query 5-2,text,true,,263,155,10,70,http://localhost:8080/search?q=beauty&author=Oscar%20Wilde,58,0,0
1782351906908,70,HTTP Request,200,OK,Author Query 5-5,text,true,,263,155,10,70,http://localhost:8080/search?q=beauty&author=Oscar%20Wilde,70,0,0
1782351906909,75,HTTP Request,200,OK,Author Query 5-9,text,true,,263,155,10,70,http://localhost:8080/search?q=beauty&author=Oscar%20Wilde,75,0,0
1782351906908,76,HTTP Request,200,OK,Author Query 5-3,text,true,,263,155,10,70,http://localhost:8080/search?q=beauty&author=Oscar%20Wilde,76,0,0
1782351906908,107,HTTP Request,200,OK,Author Query 5-6,text,true,,263,155,10,70,http://localhost:8080/search?q=beauty&author=Oscar%20Wilde,107,0,0
1782351906907,115,HTTP Request,200,OK,Author Query 5-4,text,true,,263,155,10,70,http://localhost:8080/search?q=beauty&author=Oscar%20Wilde,115,0,0
1782351906967,61,HTTP Request,200,OK,Author Query 5-2,text,true,,263,155,10,70,http://localhost:8080/search?q=beauty&author=Oscar%20Wilde,61,0,0
1782351906962,75,HTTP Request,200,OK,Author Query 5-1,text,true,,263,155,10,70,http://localhost:8080/search?q=beauty&author=Oscar%20Wilde,75,0,0
1782351906967,72,HTTP Request,200,OK,Author Query 5-8,text,true,,263,155,10,70,http://localhost:8080/search?q=beauty&author=Oscar%20Wilde,72,0,0
1782351906966,76,HTTP Request,200,OK,Author Query 5-10,text,true,,263,155,10,70,http://localhost:8080/search?q=beauty&author=Oscar%20Wilde,76,0,0
1782351906949,94,HTTP Request,200,OK,Author Query 5-7,text,true,,263,155,10,70,http://localhost:8080/search?q=beauty&author=Oscar%20Wilde,94,0,0
1782351906984,77,HTTP Request,200,OK,Author Query 5-9,text,true,,263,155,10,70,http://localhost:8080/search?q=beauty&author=Oscar%20Wilde,77,0,0
1782351907022,40,HTTP Request,200,OK,Author Query 5-4,text,true,,263,155,10,70,http://localhost:8080/search?q=beauty&author=Oscar%20Wilde,40,0,0
1782351906979,95,HTTP Request,200,OK,Author Query 5-5,text,true,,263,155,10,70,http://localhost:8080/search?q=beauty&author=Oscar%20Wilde,95,0,0
1782351907037,37,HTTP Request,200,OK,Author Query 5-1,text,true,,263,155,10,70,http://localhost:8080/search?q=beauty&author=Oscar%20Wilde,37,0,0
1782351907039,36,HTTP Request,200,OK,Author Query 5-8,text,true,,263,155,10,70,http://localhost:8080/search?q=beauty&author=Oscar%20Wilde,36,0,0
1782351906984,91,HTTP Request,200,OK,Author Query 5-3,text,true,,263,155,10,70,http://localhost:8080/search?q=beauty&author=Oscar%20Wilde,91,0,0
1782351907015,61,HTTP Request,200,OK,Author Query 5-6,text,true,,263,155,10,70,http://localhost:8080/search?q=beauty&author=Oscar%20Wilde,61,0,0
1782351907028,75,HTTP Request,200,OK,Author Query 5-2,text,true,,263,155,10,70,http://localhost:8080/search?q=beauty&author=Oscar%20Wilde,75,0,0
1782351907043,67,HTTP Request,200,OK,Author Query 5-7,text,true,,263,155,10,70,http://localhost:8080/search?q=beauty&author=Oscar%20Wilde,67,0,0
1782351907062,53,HTTP Request,200,OK,Author Query 5-4,text,true,,263,155,10,70,http://localhost:8080/search?q=beauty&author=Oscar%20Wilde,53,0,0
1782351907043,78,HTTP Request,200,OK,Author Query 5-10,text,true,,263,155,10,70,http://localhost:8080/search?q=beauty&author=Oscar%20Wilde,78,0,0
1782351907075,49,HTTP Request,200,OK,Author Query 5-8,text,true,,263,155,10,70,http://localhost:8080/search?q=beauty&author=Oscar%20Wilde,49,0,0
1782351907074,54,HTTP Request,200,OK,Author Query 5-1,text,true,,263,155,10,70,http://localhost:8080/search?q=beauty&author=Oscar%20Wilde,54,0,0
1782351907076,60,HTTP Request,200,OK,Author Query 5-6,text,true,,263,155,10,70,http://localhost:8080/search?q=beauty&author=Oscar%20Wilde,60,0,0
1782351907075,64,HTTP Request,200,OK,Author Query 5-3,text,true,,263,155,10,70,http://localhost:8080/search?q=beauty&author=Oscar%20Wilde,64,0,0
1782351907061,94,HTTP Request,200,OK,Author Query 5-9,text,true,,263,155,10,70,http://localhost:8080/search?q=beauty&author=Oscar%20Wilde,94,0,0
1782351907074,86,HTTP Request,200,OK,Author Query 5-5,text,true,,263,155,10,70,http://localhost:8080/search?q=beauty&author=Oscar%20Wilde,86,0,0
1782351907128,76,HTTP Request,200,OK,Author Query 5-1,text,true,,263,155,10,70,http://localhost:8080/search?q=beauty&author=Oscar%20Wilde,76,0,0
1782351907139,65,HTTP Request,200,OK,Author Query 5-3,text,true,,263,155,10,70,http://localhost:8080/search?q=beauty&author=Oscar%20Wilde,65,0,0
1782351907110,94,HTTP Request,200,OK,Author Query 5-7,text,true,,263,155,10,70,http://localhost:8080/search?q=beauty&author=Oscar%20Wilde,94,0,0
1782351907116,88,HTTP Request,200,OK,Author Query 5-4,text,true,,263,155,10,70,http://localhost:8080/search?q=beauty&author=Oscar%20Wilde,88,0,0
1782351907156,54,HTTP Request,200,OK,Author Query 5-9,text,true,,263,155,10,70,http://localhost:8080/search?q=beauty&author=Oscar%20Wilde,54,0,0
1782351907124,86,HTTP Request,200,OK,Author Query 5-8,text,true,,263,155,10,70,http://localhost:8080/search?q=beauty&author=Oscar%20Wilde,86,0,0
1782351907160,50,HTTP Request,200,OK,Author Query 5-5,text,true,,263,155,10,70,http://localhost:8080/search?q=beauty&author=Oscar%20Wilde,50,0,0
1782351907121,89,HTTP Request,200,OK,Author Query 5-10,text,true,,263,155,10,70,http://localhost:8080/search?q=beauty&author=Oscar%20Wilde,89,0,0
1782351907137,81,HTTP Request,200,OK,Author Query 5-6,text,true,,263,155,10,70,http://localhost:8080/search?q=beauty&author=Oscar%20Wilde,81,0,0
1782351907103,123,HTTP Request,200,OK,Author Query 5-2,text,true,,263,155,10,70,http://localhost:8080/search?q=beauty&author=Oscar%20Wilde,123,0,0
1782351907205,94,HTTP Request,200,OK,Author Query 5-4,text,true,,263,155,10,70,http://localhost:8080/search?q=beauty&author=Oscar%20Wilde,94,0,0
1782351907204,95,HTTP Request,200,OK,Author Query 5-3,text,true,,263,155,10,70,http://localhost:8080/search?q=beauty&author=Oscar%20Wilde,95,0,0
1782351907204,99,HTTP Request,200,OK,Author Query 5-1,text,true,,263,155,10,70,http://localhost:8080/search?q=beauty&author=Oscar%20Wilde,99,0,0
1782351907204,139,HTTP Request,200,OK,Author Query 5-7,text,true,,263,155,10,70,http://localhost:8080/search?q=beauty&author=Oscar%20Wilde,139,0,0
1782351907210,135,HTTP Request,200,OK,Author Query 5-10,text,true,,263,155,10,70,http://localhost:8080/search?q=beauty&author=Oscar%20Wilde,135,0,0
1782351907210,135,HTTP Request,200,OK,Author Query 5-5,text,true,,263,155,10,70,http://localhost:8080/search?q=beauty&author=Oscar%20Wilde,135,0,0
1782351907210,135,HTTP Request,200,OK,Author Query 5-9,text,true,,263,155,10,70,http://localhost:8080/search?q=beauty&author=Oscar%20Wilde,135,0,0
1782351907228,119,HTTP Request,200,OK,Author Query 5-2,text,true,,263,155,10,70,http://localhost:8080/search?q=beauty&author=Oscar%20Wilde,119,0,0
1782351907210,147,HTTP Request,200,OK,Author Query 5-8,text,true,,263,155,10,70,http://localhost:8080/search?q=beauty&author=Oscar%20Wilde,147,0,0
1782351907218,151,HTTP Request,200,OK,Author Query 5-6,text,true,,263,155,10,70,http://localhost:8080/search?q=beauty&author=Oscar%20Wilde,151,0,0
1782351907299,83,HTTP Request,200,OK,Author Query 5-3,text,true,,263,155,10,70,http://localhost:8080/search?q=beauty&author=Oscar%20Wilde,83,0,0
1782351907299,84,HTTP Request,200,OK,Author Query 5-4,text,true,,263,155,10,70,http://localhost:8080/search?q=beauty&author=Oscar%20Wilde,84,0,0
1782351907303,86,HTTP Request,200,OK,Author Query 5-1,text,true,,263,155,10,70,http://localhost:8080/search?q=beauty&author=Oscar%20Wilde,86,0,0
1782351907344,60,HTTP Request,200,OK,Author Query 5-7,text,true,,263,155,10,70,http://localhost:8080/search?q=beauty&author=Oscar%20Wilde,60,0,0
1782351907357,65,HTTP Request,200,OK,Author Query 5-8,text,true,,263,155,10,70,http://localhost:8080/search?q=beauty&author=Oscar%20Wilde,65,0,0
1782351907383,41,HTTP Request,200,OK,Author Query 5-4,text,true,,263,155,10,70,http://localhost:8080/search?q=beauty&author=Oscar%20Wilde,41,0,0
1782351907347,90,HTTP Request,200,OK,Author Query 5-2,text,true,,263,155,10,70,http://localhost:8080/search?q=beauty&author=Oscar%20Wilde,90,0,0
1782351907346,91,HTTP Request,200,OK,Author Query 5-9,text,true,,263,155,10,70,http://localhost:8080/search?q=beauty&author=Oscar%20Wilde,91,0,0
1782351907369,69,HTTP Request,200,OK,Author Query 5-6,text,true,,263,155,10,70,http://localhost:8080/search?q=beauty&author=Oscar%20Wilde,69,0,0
1782351907382,58,HTTP Request,200,OK,Author Query 5-3,text,true,,263,155,10,70,http://localhost:8080/search?q=beauty&author=Oscar%20Wilde,58,0,0
1782351907346,102,HTTP Request,200,OK,Author Query 5-10,text,true,,263,155,10,70,http://localhost:8080/search?q=beauty&author=Oscar%20Wilde,102,0,0
1782351907346,108,HTTP Request,200,OK,Author Query 5-5,text,true,,263,155,10,70,http://localhost:8080/search?q=beauty&author=Oscar%20Wilde,108,0,0
1782351907390,67,HTTP Request,200,OK,Author Query 5-1,text,true,,263,155,10,70,http://localhost:8080/search?q=beauty&author=Oscar%20Wilde,67,0,0
1782351907404,53,HTTP Request,200,OK,Author Query 5-7,text,true,,263,155,10,70,http://localhost:8080/search?q=beauty&author=Oscar%20Wilde,53,0,0
1782351907422,40,HTTP Request,200,OK,Author Query 5-8,text,true,,263,155,10,70,http://localhost:8080/search?q=beauty&author=Oscar%20Wilde,40,0,0
1782351907424,53,HTTP Request,200,OK,Author Query 5-4,text,true,,263,155,10,70,http://localhost:8080/search?q=beauty&author=Oscar%20Wilde,53,0,0
1782351907437,71,HTTP Request,200,OK,Author Query 5-9,text,true,,263,155,10,70,http://localhost:8080/search?q=beauty&author=Oscar%20Wilde,71,0,0
1782351907437,74,HTTP Request,200,OK,Author Query 5-2,text,true,,263,155,10,70,http://localhost:8080/search?q=beauty&author=Oscar%20Wilde,74,0,0
1782351907455,57,HTTP Request,200,OK,Author Query 5-5,text,true,,263,155,10,70,http://localhost:8080/search?q=beauty&author=Oscar%20Wilde,57,0,0
1782351907440,72,HTTP Request,200,OK,Author Query 5-3,text,true,,263,155,10,70,http://localhost:8080/search?q=beauty&author=Oscar%20Wilde,72,0,0
1782351907463,49,HTTP Request,200,OK,Author Query 5-8,text,true,,263,155,10,70,http://localhost:8080/search?q=beauty&author=Oscar%20Wilde,49,0,0
1782351907438,85,HTTP Request,200,OK,Author Query 5-6,text,true,,263,155,10,70,http://localhost:8080/search?q=beauty&author=Oscar%20Wilde,85,0,0
1782351907477,48,HTTP Request,200,OK,Author Query 5-4,text,true,,263,155,10,70,http://localhost:8080/search?q=beauty&author=Oscar%20Wilde,48,0,0
1782351907459,78,HTTP Request,200,OK,Author Query 5-7,text,true,,263,155,10,70,http://localhost:8080/search?q=beauty&author=Oscar%20Wilde,78,0,0
1782351907448,109,HTTP Request,200,OK,Author Query 5-10,text,true,,263,155,10,70,http://localhost:8080/search?q=beauty&author=Oscar%20Wilde,109,0,0
1782351907457,101,HTTP Request,200,OK,Author Query 5-1,text,true,,263,155,10,70,http://localhost:8080/search?q=beauty&author=Oscar%20Wilde,101,0,0
1782351907513,49,HTTP Request,200,OK,Author Query 5-3,text,true,,263,155,10,70,http://localhost:8080/search?q=beauty&author=Oscar%20Wilde,49,0,0
1782351907523,70,HTTP Request,200,OK,Author Query 5-6,text,true,,263,155,10,70,http://localhost:8080/search?q=beauty&author=Oscar%20Wilde,70,0,0
1782351907513,94,HTTP Request,200,OK,Author Query 5-5,text,true,,263,155,10,70,http://localhost:8080/search?q=beauty&author=Oscar%20Wilde,94,0,0
1782351907537,71,HTTP Request,200,OK,Author Query 5-7,text,true,,263,155,10,70,http://localhost:8080/search?q=beauty&author=Oscar%20Wilde,71,0,0
1782351907525,86,HTTP Request,200,OK,Author Query 5-4,text,true,,263,155,10,70,http://localhost:8080/search?q=beauty&author=Oscar%20Wilde,86,0,0
1782351907508,107,HTTP Request,200,OK,Author Query 5-9,text,true,,263,155,10,70,http://localhost:8080/search?q=beauty&author=Oscar%20Wilde,107,0,0
1782351907558,57,HTTP Request,200,OK,Author Query 5-1,text,true,,263,155,10,70,http://localhost:8080/search?q=beauty&author=Oscar%20Wilde,57,0,0
1782351907513,102,HTTP Request,200,OK,Author Query 5-8,text,true,,263,155,10,70,http://localhost:8080/search?q=beauty&author=Oscar%20Wilde,102,0,0
1782351907511,113,HTTP Request,200,OK,Author Query 5-2,text,true,,263,155,10,70,http://localhost:8080/search?q=beauty&author=Oscar%20Wilde,113,0,0
1782351907557,68,HTTP Request,200,OK,Author Query 5-10,text,true,,263,155,10,70,http://localhost:8080/search?q=beauty&author=Oscar%20Wilde,68,0,0
1782351907563,62,HTTP Request,200,OK,Author Query 5-3,text,true,,263,155,10,70,http://localhost:8080/search?q=beauty&author=Oscar%20Wilde,62,0,0
1782351907624,62,HTTP Request,200,OK,Author Query 5-2,text,true,,263,155,10,70,http://localhost:8080/search?q=beauty&author=Oscar%20Wilde,62,0,0
1782351907607,82,HTTP Request,200,OK,Author Query 5-5,text,true,,263,155,10,70,http://localhost:8080/search?q=beauty&author=Oscar%20Wilde,82,0,0
1782351907611,91,HTTP Request,200,OK,Author Query 5-4,text,true,,263,155,10,70,http://localhost:8080/search?q=beauty&author=Oscar%20Wilde,91,0,0
1782351907608,94,HTTP Request,200,OK,Author Query 5-7,text,true,,263,155,10,70,http://localhost:8080/search?q=beauty&author=Oscar%20Wilde,94,0,0
1782351907594,108,HTTP Request,200,OK,Author Query 5-6,text,true,,263,155,10,70,http://localhost:8080/search?q=beauty&author=Oscar%20Wilde,108,0,0
1782351907615,87,HTTP Request,200,OK,Author Query 5-9,text,true,,263,155,10,70,http://localhost:8080/search?q=beauty&author=Oscar%20Wilde,87,0,0
1782351907625,77,HTTP Request,200,OK,Author Query 5-3,text,true,,263,155,10,70,http://localhost:8080/search?q=beauty&author=Oscar%20Wilde,77,0,0
1782351907615,87,HTTP Request,200,OK,Author Query 5-8,text,true,,263,155,10,70,http://localhost:8080/search?q=beauty&author=Oscar%20Wilde,87,0,0
1782351907615,87,HTTP Request,200,OK,Author Query 5-1,text,true,,263,155,10,70,http://localhost:8080/search?q=beauty&author=Oscar%20Wilde,87,0,0
1782351907702,41,HTTP Request,200,OK,Author Query 5-3,text,true,,263,155,10,70,http://localhost:8080/search?q=beauty&author=Oscar%20Wilde,41,0,0
1782351907625,119,HTTP Request,200,OK,Author Query 5-10,text,true,,263,155,10,70,http://localhost:8080/search?q=beauty&author=Oscar%20Wilde,119,0,0
1782351907689,55,HTTP Request,200,OK,Author Query 5-5,text,true,,263,155,10,70,http://localhost:8080/search?q=beauty&author=Oscar%20Wilde,55,0,0
1782351907702,59,HTTP Request,200,OK,Author Query 5-7,text,true,,263,155,10,70,http://localhost:8080/search?q=beauty&author=Oscar%20Wilde,59,0,0
1782351907686,78,HTTP Request,200,OK,Author Query 5-2,text,true,,263,155,10,70,http://localhost:8080/search?q=beauty&author=Oscar%20Wilde,78,0,0
1782351907702,62,HTTP Request,200,OK,Author Query 5-6,text,true,,263,155,10,70,http://localhost:8080/search?q=beauty&author=Oscar%20Wilde,62,0,0
1782351907702,62,HTTP Request,200,OK,Author Query 5-4,text,true,,263,155,10,70,http://localhost:8080/search?q=beauty&author=Oscar%20Wilde,62,0,0
1782351907702,67,HTTP Request,200,OK,Author Query 5-9,text,true,,263,155,10,70,http://localhost:8080/search?q=beauty&author=Oscar%20Wilde,67,0,0
1782351907702,73,HTTP Request,200,OK,Author Query 5-8,text,true,,263,155,10,70,http://localhost:8080/search?q=beauty&author=Oscar%20Wilde,73,0,0
1782351907703,88,HTTP Request,200,OK,Author Query 5-1,text,true,,263,155,10,70,http://localhost:8080/search?q=beauty&author=Oscar%20Wilde,88,0,0
1782351907744,59,HTTP Request,200,OK,Author Query 5-10,text,true,,263,155,10,70,http://localhost:8080/search?q=beauty&author=Oscar%20Wilde,59,0,0
1782351907762,81,HTTP Request,200,OK,Author Query 5-7,text,true,,263,155,10,70,http://localhost:8080/search?q=beauty&author=Oscar%20Wilde,81,0,0
1782351907765,82,HTTP Request,200,OK,Author Query 5-4,text,true,,263,155,10,70,http://localhost:8080/search?q=beauty&author=Oscar%20Wilde,82,0,0
1782351907744,105,HTTP Request,200,OK,Author Query 5-5,text,true,,263,155,10,70,http://localhost:8080/search?q=beauty&author=Oscar%20Wilde,105,0,0
1782351907764,85,HTTP Request,200,OK,Author Query 5-6,text,true,,263,155,10,70,http://localhost:8080/search?q=beauty&author=Oscar%20Wilde,85,0,0
1782351907769,81,HTTP Request,200,OK,Author Query 5-9,text,true,,263,155,10,70,http://localhost:8080/search?q=beauty&author=Oscar%20Wilde,81,0,0
1782351907764,86,HTTP Request,200,OK,Author Query 5-2,text,true,,263,155,10,70,http://localhost:8080/search?q=beauty&author=Oscar%20Wilde,86,0,0
1782351907777,78,HTTP Request,200,OK,Author Query 5-8,text,true,,263,155,10,70,http://localhost:8080/search?q=beauty&author=Oscar%20Wilde,78,0,0
1782351907743,124,HTTP Request,200,OK,Author Query 5-3,text,true,,263,155,10,70,http://localhost:8080/search?q=beauty&author=Oscar%20Wilde,124,0,0
1782351907791,94,HTTP Request,200,OK,Author Query 5-1,text,true,,263,155,10,70,http://localhost:8080/search?q=beauty&author=Oscar%20Wilde,94,0,0
1782351907803,86,HTTP Request,200,OK,Author Query 5-10,text,true,,263,155,10,70,http://localhost:8080/search?q=beauty&author=Oscar%20Wilde,86,0,0
1782351907843,69,HTTP Request,200,OK,Author Query 5-7,text,true,,263,155,10,70,http://localhost:8080/search?q=beauty&author=Oscar%20Wilde,69,0,0
1782351907855,71,HTTP Request,200,OK,Author Query 5-8,text,true,,263,155,10,70,http://localhost:8080/search?q=beauty&author=Oscar%20Wilde,71,0,0
1782351907849,82,HTTP Request,200,OK,Author Query 5-5,text,true,,263,155,10,70,http://localhost:8080/search?q=beauty&author=Oscar%20Wilde,82,0,0
1782351907850,83,HTTP Request,200,OK,Author Query 5-2,text,true,,263,155,10,70,http://localhost:8080/search?q=beauty&author=Oscar%20Wilde,83,0,0
1782351907850,92,HTTP Request,200,OK,Author Query 5-9,text,true,,263,155,10,70,http://localhost:8080/search?q=beauty&author=Oscar%20Wilde,92,0,0
1782351907889,53,HTTP Request,200,OK,Author Query 5-10,text,true,,263,155,10,70,http://localhost:8080/search?q=beauty&author=Oscar%20Wilde,53,0,0
1782351907850,92,HTTP Request,200,OK,Author Query 5-6,text,true,,263,155,10,70,http://localhost:8080/search?q=beauty&author=Oscar%20Wilde,92,0,0
1782351907885,57,HTTP Request,200,OK,Author Query 5-1,text,true,,263,155,10,70,http://localhost:8080/search?q=beauty&author=Oscar%20Wilde,57,0,0
1782351907847,96,HTTP Request,200,OK,Author Query 5-4,text,true,,263,155,10,70,http://localhost:8080/search?q=beauty&author=Oscar%20Wilde,96,0,0
1782351907867,86,HTTP Request,200,OK,Author Query 5-3,text,true,,263,155,10,70,http://localhost:8080/search?q=beauty&author=Oscar%20Wilde,86,0,0
1782351907943,59,HTTP Request,200,OK,Author Query 5-4,text,true,,263,155,10,70,http://localhost:8080/search?q=beauty&author=Oscar%20Wilde,59,0,0
1782351907933,72,HTTP Request,200,OK,Author Query 5-2,text,true,,263,155,10,70,http://localhost:8080/search?q=beauty&author=Oscar%20Wilde,71,0,0
1782351907912,95,HTTP Request,200,OK,Author Query 5-7,text,true,,263,155,10,70,http://localhost:8080/search?q=beauty&author=Oscar%20Wilde,95,0,0
1782351907932,75,HTTP Request,200,OK,Author Query 5-5,text,true,,263,155,10,70,http://localhost:8080/search?q=beauty&author=Oscar%20Wilde,75,0,0
1782351907942,72,HTTP Request,200,OK,Author Query 5-10,text,true,,263,155,10,70,http://localhost:8080/search?q=beauty&author=Oscar%20Wilde,72,0,0
1782351907926,89,HTTP Request,200,OK,Author Query 5-8,text,true,,263,155,10,70,http://localhost:8080/search?q=beauty&author=Oscar%20Wilde,89,0,0
1782351907942,74,HTTP Request,200,OK,Author Query 5-6,text,true,,263,155,10,70,http://localhost:8080/search?q=beauty&author=Oscar%20Wilde,74,0,0
1782351907942,74,HTTP Request,200,OK,Author Query 5-1,text,true,,263,155,10,70,http://localhost:8080/search?q=beauty&author=Oscar%20Wilde,74,0,0
1782351907953,76,HTTP Request,200,OK,Author Query 5-3,text,true,,263,155,10,70,http://localhost:8080/search?q=beauty&author=Oscar%20Wilde,76,0,0
1782351907942,88,HTTP Request,200,OK,Author Query 5-9,text,true,,263,155,10,70,http://localhost:8080/search?q=beauty&author=Oscar%20Wilde,88,0,0
1782351908003,42,HTTP Request,200,OK,Author Query 5-4,text,true,,263,155,10,70,http://localhost:8080/search?q=beauty&author=Oscar%20Wilde,42,0,0
1782351908006,42,HTTP Request,200,OK,Author Query 5-2,text,true,,263,155,10,70,http://localhost:8080/search?q=beauty&author=Oscar%20Wilde,42,0,0
1782351908030,57,HTTP Request,200,OK,Author Query 5-3,text,true,,263,155,10,70,http://localhost:8080/search?q=beauty&author=Oscar%20Wilde,57,0,0
1782351908017,71,HTTP Request,200,OK,Author Query 5-6,text,true,,263,155,10,70,http://localhost:8080/search?q=beauty&author=Oscar%20Wilde,71,0,0
1782351908017,71,HTTP Request,200,OK,Author Query 5-1,text,true,,263,155,10,70,http://localhost:8080/search?q=beauty&author=Oscar%20Wilde,71,0,0
1782351908008,80,HTTP Request,200,OK,Author Query 5-5,text,true,,263,155,10,70,http://localhost:8080/search?q=beauty&author=Oscar%20Wilde,80,0,0
1782351908015,75,HTTP Request,200,OK,Author Query 5-8,text,true,,263,155,10,70,http://localhost:8080/search?q=beauty&author=Oscar%20Wilde,75,0,0
1782351908030,72,HTTP Request,200,OK,Author Query 5-9,text,true,,263,155,10,70,http://localhost:8080/search?q=beauty&author=Oscar%20Wilde,72,0,0
1782351908014,90,HTTP Request,200,OK,Author Query 5-10,text,true,,263,155,10,70,http://localhost:8080/search?q=beauty&author=Oscar%20Wilde,90,0,0
1782351908008,96,HTTP Request,200,OK,Author Query 5-7,text,true,,263,155,10,70,http://localhost:8080/search?q=beauty&author=Oscar%20Wilde,96,0,0
1782351908048,56,HTTP Request,200,OK,Author Query 5-2,text,true,,263,155,10,70,http://localhost:8080/search?q=beauty&author=Oscar%20Wilde,56,0,0
1782351908045,62,HTTP Request,200,OK,Author Query 5-4,text,true,,263,155,10,70,http://localhost:8080/search?q=beauty&author=Oscar%20Wilde,62,0,0
1782351908088,59,HTTP Request,200,OK,Author Query 5-1,text,true,,263,155,10,70,http://localhost:8080/search?q=beauty&author=Oscar%20Wilde,59,0,0
1782351908088,63,HTTP Request,200,OK,Author Query 5-6,text,true,,263,155,10,70,http://localhost:8080/search?q=beauty&author=Oscar%20Wilde,63,0,0
1782351908104,47,HTTP Request,200,OK,Author Query 5-7,text,true,,263,155,10,70,http://localhost:8080/search?q=beauty&author=Oscar%20Wilde,47,0,0
1782351908103,48,HTTP Request,200,OK,Author Query 5-9,text,true,,263,155,10,70,http://localhost:8080/search?q=beauty&author=Oscar%20Wilde,48,0,0
1782351908088,63,HTTP Request,200,OK,Author Query 5-5,text,true,,263,155,10,70,http://localhost:8080/search?q=beauty&author=Oscar%20Wilde,63,0,0
1782351908104,49,HTTP Request,200,OK,Author Query 5-10,text,true,,263,155,10,70,http://localhost:8080/search?q=beauty&author=Oscar%20Wilde,49,0,0
1782351908087,69,HTTP Request,200,OK,Author Query 5-3,text,true,,263,155,10,70,http://localhost:8080/search?q=beauty&author=Oscar%20Wilde,69,0,0
1782351908091,68,HTTP Request,200,OK,Author Query 5-8,text,true,,263,155,10,70,http://localhost:8080/search?q=beauty&author=Oscar%20Wilde,68,0,0
1782351908107,53,HTTP Request,200,OK,Author Query 5-4,text,true,,263,155,10,70,http://localhost:8080/search?q=beauty&author=Oscar%20Wilde,53,0,0
1782351908104,62,HTTP Request,200,OK,Author Query 5-2,text,true,,263,155,10,70,http://localhost:8080/search?q=beauty&author=Oscar%20Wilde,62,0,0
1782351908147,55,HTTP Request,200,OK,Author Query 5-1,text,true,,263,155,10,70,http://localhost:8080/search?q=beauty&author=Oscar%20Wilde,55,0,0
1782351908152,50,HTTP Request,200,OK,Author Query 5-7,text,true,,263,155,10,70,http://localhost:8080/search?q=beauty&author=Oscar%20Wilde,50,0,0
1782351908166,37,HTTP Request,200,OK,Author Query 5-2,text,true,,263,155,10,70,http://localhost:8080/search?q=beauty&author=Oscar%20Wilde,37,0,0
1782351908152,57,HTTP Request,200,OK,Author Query 5-5,text,true,,263,155,10,70,http://localhost:8080/search?q=beauty&author=Oscar%20Wilde,57,0,0
1782351908152,59,HTTP Request,200,OK,Author Query 5-9,text,true,,263,155,10,70,http://localhost:8080/search?q=beauty&author=Oscar%20Wilde,59,0,0
1782351908160,51,HTTP Request,200,OK,Author Query 5-4,text,true,,263,155,10,70,http://localhost:8080/search?q=beauty&author=Oscar%20Wilde,51,0,0
1782351908159,57,HTTP Request,200,OK,Author Query 5-8,text,true,,263,155,10,70,http://localhost:8080/search?q=beauty&author=Oscar%20Wilde,57,0,0
1782351908157,76,HTTP Request,200,OK,Author Query 5-3,text,true,,263,155,10,70,http://localhost:8080/search?q=beauty&author=Oscar%20Wilde,76,0,0
1782351908154,82,HTTP Request,200,OK,Author Query 5-10,text,true,,263,155,10,70,http://localhost:8080/search?q=beauty&author=Oscar%20Wilde,81,0,0
1782351908151,85,HTTP Request,200,OK,Author Query 5-6,text,true,,263,155,10,70,http://localhost:8080/search?q=beauty&author=Oscar%20Wilde,85,0,0
1782351908202,37,HTTP Request,200,OK,Author Query 5-7,text,true,,263,155,10,70,http://localhost:8080/search?q=beauty&author=Oscar%20Wilde,37,0,0
1782351908204,63,HTTP Request,200,OK,Author Query 5-2,text,true,,263,155,10,70,http://localhost:8080/search?q=beauty&author=Oscar%20Wilde,63,0,0
1782351908209,58,HTTP Request,200,OK,Author Query 5-5,text,true,,263,155,10,70,http://localhost:8080/search?q=beauty&author=Oscar%20Wilde,58,0,0
1782351908211,57,HTTP Request,200,OK,Author Query 5-9,text,true,,263,155,10,70,http://localhost:8080/search?q=beauty&author=Oscar%20Wilde,57,0,0
1782351908216,52,HTTP Request,200,OK,Author Query 5-8,text,true,,263,155,10,70,http://localhost:8080/search?q=beauty&author=Oscar%20Wilde,52,0,0
1782351908202,66,HTTP Request,200,OK,Author Query 5-1,text,true,,263,155,10,70,http://localhost:8080/search?q=beauty&author=Oscar%20Wilde,66,0,0
1782351908211,66,HTTP Request,200,OK,Author Query 5-4,text,true,,263,155,10,70,http://localhost:8080/search?q=beauty&author=Oscar%20Wilde,66,0,0
1782351908236,41,HTTP Request,200,OK,Author Query 5-10,text,true,,263,155,10,70,http://localhost:8080/search?q=beauty&author=Oscar%20Wilde,41,0,0
1782351908239,39,HTTP Request,200,OK,Author Query 5-7,text,true,,263,155,10,70,http://localhost:8080/search?q=beauty&author=Oscar%20Wilde,39,0,0
1782351908233,45,HTTP Request,200,OK,Author Query 5-3,text,true,,263,155,10,70,http://localhost:8080/search?q=beauty&author=Oscar%20Wilde,45,0,0
1782351908236,49,HTTP Request,200,OK,Author Query 5-6,text,true,,263,155,10,70,http://localhost:8080/search?q=beauty&author=Oscar%20Wilde,49,0,0
1782351908277,37,HTTP Request,200,OK,Author Query 5-4,text,true,,263,155,10,70,http://localhost:8080/search?q=beauty&author=Oscar%20Wilde,37,0,0
1782351908278,41,HTTP Request,200,OK,Author Query 5-7,text,true,,263,155,10,70,http://localhost:8080/search?q=beauty&author=Oscar%20Wilde,41,0,0
1782351908268,55,HTTP Request,200,OK,Author Query 5-5,text,true,,263,155,10,70,http://localhost:8080/search?q=beauty&author=Oscar%20Wilde,55,0,0
1782351908268,55,HTTP Request,200,OK,Author Query 5-2,text,true,,263,155,10,70,http://localhost:8080/search?q=beauty&author=Oscar%20Wilde,55,0,0
1782351908268,75,HTTP Request,200,OK,Author Query 5-9,text,true,,263,155,10,70,http://localhost:8080/search?q=beauty&author=Oscar%20Wilde,75,0,0
1782351908285,60,HTTP Request,200,OK,Author Query 5-6,text,true,,263,155,10,70,http://localhost:8080/search?q=beauty&author=Oscar%20Wilde,60,0,0
1782351908268,82,HTTP Request,200,OK,Author Query 5-1,text,true,,263,155,10,70,http://localhost:8080/search?q=beauty&author=Oscar%20Wilde,82,0,0
1782351908277,87,HTTP Request,200,OK,Author Query 5-10,text,true,,263,155,10,70,http://localhost:8080/search?q=beauty&author=Oscar%20Wilde,87,0,0
1782351908314,68,HTTP Request,200,OK,Author Query 5-4,text,true,,263,155,10,70,http://localhost:8080/search?q=beauty&author=Oscar%20Wilde,68,0,0
1782351908279,104,HTTP Request,200,OK,Author Query 5-3,text,true,,263,155,10,70,http://localhost:8080/search?q=beauty&author=Oscar%20Wilde,104,0,0
1782351908268,115,HTTP Request,200,OK,Author Query 5-8,text,true,,263,155,10,70,http://localhost:8080/search?q=beauty&author=Oscar%20Wilde,115,0,0
1782351908323,79,HTTP Request,200,OK,Author Query 5-5,text,true,,263,155,10,70,http://localhost:8080/search?q=beauty&author=Oscar%20Wilde,79,0,0
1782351908319,89,HTTP Request,200,OK,Author Query 5-7,text,true,,263,155,10,70,http://localhost:8080/search?q=beauty&author=Oscar%20Wilde,89,0,0
1782351908343,87,HTTP Request,200,OK,Author Query 5-9,text,true,,263,155,10,70,http://localhost:8080/search?q=beauty&author=Oscar%20Wilde,87,0,0
1782351908345,88,HTTP Request,200,OK,Author Query 5-6,text,true,,263,155,10,70,http://localhost:8080/search?q=beauty&author=Oscar%20Wilde,88,0,0
1782351908383,67,HTTP Request,200,OK,Author Query 5-8,text,true,,263,155,10,70,http://localhost:8080/search?q=beauty&author=Oscar%20Wilde,67,0,0
1782351908350,101,HTTP Request,200,OK,Author Query 5-1,text,true,,263,155,10,70,http://localhost:8080/search?q=beauty&author=Oscar%20Wilde,101,0,0
1782351908364,93,HTTP Request,200,OK,Author Query 5-10,text,true,,263,155,10,70,http://localhost:8080/search?q=beauty&author=Oscar%20Wilde,93,0,0
1782351908383,78,HTTP Request,200,OK,Author Query 5-3,text,true,,263,155,10,70,http://localhost:8080/search?q=beauty&author=Oscar%20Wilde,78,0,0
1782351908383,85,HTTP Request,200,OK,Author Query 5-4,text,true,,263,155,10,70,http://localhost:8080/search?q=beauty&author=Oscar%20Wilde,85,0,0
1782351908324,145,HTTP Request,200,OK,Author Query 5-2,text,true,,263,155,10,70,http://localhost:8080/search?q=beauty&author=Oscar%20Wilde,145,0,0
1782351908402,97,HTTP Request,200,OK,Author Query 5-5,text,true,,263,155,10,70,http://localhost:8080/search?q=beauty&author=Oscar%20Wilde,97,0,0
1782351908434,91,HTTP Request,200,OK,Author Query 5-6,text,true,,263,155,10,70,http://localhost:8080/search?q=beauty&author=Oscar%20Wilde,91,0,0
1782351908451,81,HTTP Request,200,OK,Author Query 5-1,text,true,,263,155,10,70,http://localhost:8080/search?q=beauty&author=Oscar%20Wilde,81,0,0
1782351908430,102,HTTP Request,200,OK,Author Query 5-9,text,true,,263,155,10,70,http://localhost:8080/search?q=beauty&author=Oscar%20Wilde,102,0,0
1782351908461,78,HTTP Request,200,OK,Author Query 5-3,text,true,,263,155,10,70,http://localhost:8080/search?q=beauty&author=Oscar%20Wilde,78,0,0
1782351908469,70,HTTP Request,200,OK,Author Query 5-2,text,true,,263,155,10,70,http://localhost:8080/search?q=beauty&author=Oscar%20Wilde,70,0,0
1782351908468,84,HTTP Request,200,OK,Author Query 5-4,text,true,,263,155,10,70,http://localhost:8080/search?q=beauty&author=Oscar%20Wilde,84,0,0
1782351908451,111,HTTP Request,200,OK,Author Query 5-8,text,true,,263,155,10,70,http://localhost:8080/search?q=beauty&author=Oscar%20Wilde,111,0,0
1782351908525,42,HTTP Request,200,OK,Author Query 5-6,text,true,,263,155,10,70,http://localhost:8080/search?q=beauty&author=Oscar%20Wilde,42,0,0
1782351908408,159,HTTP Request,200,OK,Author Query 5-7,text,true,,263,155,10,70,http://localhost:8080/search?q=beauty&author=Oscar%20Wilde,159,0,0
1782351908457,110,HTTP Request,200,OK,Author Query 5-10,text,true,,263,155,10,70,http://localhost:8080/search?q=beauty&author=Oscar%20Wilde,110,0,0
1782351908499,73,HTTP Request,200,OK,Author Query 5-5,text,true,,263,155,10,70,http://localhost:8080/search?q=beauty&author=Oscar%20Wilde,73,0,0
1782351908532,42,HTTP Request,200,OK,Author Query 5-9,text,true,,263,155,10,70,http://localhost:8080/search?q=beauty&author=Oscar%20Wilde,42,0,0
1782351908539,54,HTTP Request,200,OK,Author Query 5-2,text,true,,263,155,10,70,http://localhost:8080/search?q=beauty&author=Oscar%20Wilde,54,0,0
1782351908539,55,HTTP Request,200,OK,Author Query 5-3,text,true,,263,155,10,70,http://localhost:8080/search?q=beauty&author=Oscar%20Wilde,55,0,0
1782351908532,62,HTTP Request,200,OK,Author Query 5-1,text,true,,263,155,10,70,http://localhost:8080/search?q=beauty&author=Oscar%20Wilde,62,0,0
1782351908567,57,HTTP Request,200,OK,Author Query 5-7,text,true,,263,155,10,70,http://localhost:8080/search?q=beauty&author=Oscar%20Wilde,57,0,0
1782351908562,62,HTTP Request,200,OK,Author Query 5-8,text,true,,263,155,10,70,http://localhost:8080/search?q=beauty&author=Oscar%20Wilde,62,0,0
1782351908552,72,HTTP Request,200,OK,Author Query 5-4,text,true,,263,155,10,70,http://localhost:8080/search?q=beauty&author=Oscar%20Wilde,72,0,0
1782351908574,53,HTTP Request,200,OK,Author Query 5-9,text,true,,263,155,10,70,http://localhost:8080/search?q=beauty&author=Oscar%20Wilde,53,0,0
1782351908567,60,HTTP Request,200,OK,Author Query 5-6,text,true,,263,155,10,70,http://localhost:8080/search?q=beauty&author=Oscar%20Wilde,60,0,0
1782351908572,55,HTTP Request,200,OK,Author Query 5-5,text,true,,263,155,10,70,http://localhost:8080/search?q=beauty&author=Oscar%20Wilde,55,0,0
1782351908594,64,HTTP Request,200,OK,Author Query 5-1,text,true,,263,155,10,70,http://localhost:8080/search?q=beauty&author=Oscar%20Wilde,64,0,0
1782351908567,93,HTTP Request,200,OK,Author Query 5-10,text,true,,263,155,10,70,http://localhost:8080/search?q=beauty&author=Oscar%20Wilde,93,0,0
1782351908594,66,HTTP Request,200,OK,Author Query 5-3,text,true,,263,155,10,70,http://localhost:8080/search?q=beauty&author=Oscar%20Wilde,66,0,0
1782351908624,41,HTTP Request,200,OK,Author Query 5-7,text,true,,263,155,10,70,http://localhost:8080/search?q=beauty&author=Oscar%20Wilde,41,0,0
1782351908627,39,HTTP Request,200,OK,Author Query 5-5,text,true,,263,155,10,70,http://localhost:8080/search?q=beauty&author=Oscar%20Wilde,39,0,0
1782351908594,72,HTTP Request,200,OK,Author Query 5-2,text,true,,263,155,10,70,http://localhost:8080/search?q=beauty&author=Oscar%20Wilde,72,0,0
1782351908624,42,HTTP Request,200,OK,Author Query 5-8,text,true,,263,155,10,70,http://localhost:8080/search?q=beauty&author=Oscar%20Wilde,42,0,0
1782351908624,48,HTTP Request,200,OK,Author Query 5-4,text,true,,263,155,10,70,http://localhost:8080/search?q=beauty&author=Oscar%20Wilde,48,0,0
1782351908627,66,HTTP Request,200,OK,Author Query 5-6,text,true,,263,155,10,70,http://localhost:8080/search?q=beauty&author=Oscar%20Wilde,66,0,0
1782351908627,69,HTTP Request,200,OK,Author Query 5-9,text,true,,263,155,10,70,http://localhost:8080/search?q=beauty&author=Oscar%20Wilde,69,0,0
1782351908660,38,HTTP Request,200,OK,Author Query 5-10,text,true,,263,155,10,70,http://localhost:8080/search?q=beauty&author=Oscar%20Wilde,38,0,0
1782351908660,66,HTTP Request,200,OK,Author Query 5-3,text,true,,263,155,10,70,http://localhost:8080/search?q=beauty&author=Oscar%20Wilde,66,0,0
1782351908672,62,HTTP Request,200,OK,Author Query 5-4,text,true,,263,155,10,70,http://localhost:8080/search?q=beauty&author=Oscar%20Wilde,62,0,0
1782351908666,69,HTTP Request,200,OK,Author Query 5-5,text,true,,263,155,10,70,http://localhost:8080/search?q=beauty&author=Oscar%20Wilde,69,0,0
1782351908666,70,HTTP Request,200,OK,Author Query 5-2,text,true,,263,155,10,70,http://localhost:8080/search?q=beauty&author=Oscar%20Wilde,70,0,0
1782351908658,78,HTTP Request,200,OK,Author Query 5-1,text,true,,263,155,10,70,http://localhost:8080/search?q=beauty&author=Oscar%20Wilde,78,0,0
1782351908666,81,HTTP Request,200,OK,Author Query 5-8,text,true,,263,155,10,70,http://localhost:8080/search?q=beauty&author=Oscar%20Wilde,81,0,0
1782351908666,81,HTTP Request,200,OK,Author Query 5-7,text,true,,263,155,10,70,http://localhost:8080/search?q=beauty&author=Oscar%20Wilde,81,0,0
1782351908693,54,HTTP Request,200,OK,Author Query 5-6,text,true,,263,155,10,70,http://localhost:8080/search?q=beauty&author=Oscar%20Wilde,54,0,0
1782351908698,87,HTTP Request,200,OK,Author Query 5-10,text,true,,263,155,10,70,http://localhost:8080/search?q=beauty&author=Oscar%20Wilde,87,0,0
1782351908696,96,HTTP Request,200,OK,Author Query 5-9,text,true,,263,155,10,70,http://localhost:8080/search?q=beauty&author=Oscar%20Wilde,96,0,0
1782351908726,73,HTTP Request,200,OK,Author Query 5-3,text,true,,263,155,10,70,http://localhost:8080/search?q=beauty&author=Oscar%20Wilde,73,0,0
1782351908736,77,HTTP Request,200,OK,Author Query 5-1,text,true,,263,155,10,70,http://localhost:8080/search?q=beauty&author=Oscar%20Wilde,77,0,0
1782351908747,67,HTTP Request,200,OK,Author Query 5-7,text,true,,263,155,10,70,http://localhost:8080/search?q=beauty&author=Oscar%20Wilde,67,0,0
1782351908747,68,HTTP Request,200,OK,Author Query 5-8,text,true,,263,155,10,70,http://localhost:8080/search?q=beauty&author=Oscar%20Wilde,68,0,0
1782351908747,68,HTTP Request,200,OK,Author Query 5-6,text,true,,263,155,10,70,http://localhost:8080/search?q=beauty&author=Oscar%20Wilde,68,0,0
1782351908735,84,HTTP Request,200,OK,Author Query 5-4,text,true,,263,155,10,70,http://localhost:8080/search?q=beauty&author=Oscar%20Wilde,84,0,0
1782351908735,90,HTTP Request,200,OK,Author Query 5-5,text,true,,263,155,10,70,http://localhost:8080/search?q=beauty&author=Oscar%20Wilde,90,0,0
1782351908736,89,HTTP Request,200,OK,Author Query 5-2,text,true,,263,155,10,70,http://localhost:8080/search?q=beauty&author=Oscar%20Wilde,89,0,0
1782351908785,40,HTTP Request,200,OK,Author Query 5-10,text,true,,263,155,10,70,http://localhost:8080/search?q=beauty&author=Oscar%20Wilde,40,0,0
1782351908792,38,HTTP Request,200,OK,Author Query 5-9,text,true,,263,155,10,70,http://localhost:8080/search?q=beauty&author=Oscar%20Wilde,38,0,0
1782351908799,37,HTTP Request,200,OK,Author Query 5-3,text,true,,263,155,10,70,http://localhost:8080/search?q=beauty&author=Oscar%20Wilde,37,0,0
1782351908819,30,HTTP Request,200,OK,Author Query 5-4,text,true,,263,155,10,70,http://localhost:8080/search?q=beauty&author=Oscar%20Wilde,30,0,0
1782351908813,40,HTTP Request,200,OK,Author Query 5-1,text,true,,263,155,10,70,http://localhost:8080/search?q=beauty&author=Oscar%20Wilde,40,0,0
1782351908814,40,HTTP Request,200,OK,Author Query 5-7,text,true,,263,155,10,70,http://localhost:8080/search?q=beauty&author=Oscar%20Wilde,40,0,0
1782351908825,37,HTTP Request,200,OK,Author Query 5-2,text,true,,263,155,10,70,http://localhost:8080/search?q=beauty&author=Oscar%20Wilde,37,0,0
1782351908836,30,HTTP Request,200,OK,Author Query 5-3,text,true,,263,155,10,70,http://localhost:8080/search?q=beauty&author=Oscar%20Wilde,30,0,0
1782351908825,42,HTTP Request,200,OK,Author Query 5-5,text,true,,263,155,10,70,http://localhost:8080/search?q=beauty&author=Oscar%20Wilde,42,0,0
1782351908831,36,HTTP Request,200,OK,Author Query 5-9,text,true,,263,155,10,70,http://localhost:8080/search?q=beauty&author=Oscar%20Wilde,36,0,0
1782351908825,57,HTTP Request,200,OK,Author Query 5-10,text,true,,263,155,10,70,http://localhost:8080/search?q=beauty&author=Oscar%20Wilde,57,0,0
1782351908815,67,HTTP Request,200,OK,Author Query 5-6,text,true,,263,155,10,70,http://localhost:8080/search?q=beauty&author=Oscar%20Wilde,67,0,0
1782351908815,67,HTTP Request,200,OK,Author Query 5-8,text,true,,263,155,10,70,http://localhost:8080/search?q=beauty&author=Oscar%20Wilde,67,0,0
1782351908849,39,HTTP Request,200,OK,Author Query 5-4,text,true,,263,155,10,70,http://localhost:8080/search?q=beauty&author=Oscar%20Wilde,39,0,0
1782351908853,62,HTTP Request,200,OK,Author Query 5-1,text,true,,263,155,10,70,http://localhost:8080/search?q=beauty&author=Oscar%20Wilde,62,0,0
1782351908867,48,HTTP Request,200,OK,Author Query 5-3,text,true,,263,155,10,70,http://localhost:8080/search?q=beauty&author=Oscar%20Wilde,48,0,0
1782351908882,33,HTTP Request,200,OK,Author Query 5-6,text,true,,263,155,10,70,http://localhost:8080/search?q=beauty&author=Oscar%20Wilde,33,0,0
1782351908867,48,HTTP Request,200,OK,Author Query 5-9,text,true,,263,155,10,70,http://localhost:8080/search?q=beauty&author=Oscar%20Wilde,48,0,0
1782351908867,49,HTTP Request,200,OK,Author Query 5-5,text,true,,263,155,10,70,http://localhost:8080/search?q=beauty&author=Oscar%20Wilde,49,0,0
1782351908882,60,HTTP Request,200,OK,Author Query 5-10,text,true,,263,155,10,70,http://localhost:8080/search?q=beauty&author=Oscar%20Wilde,60,0,0
1782351908883,66,HTTP Request,200,OK,Author Query 5-8,text,true,,263,155,10,70,http://localhost:8080/search?q=beauty&author=Oscar%20Wilde,66,0,0
1782351908855,112,HTTP Request,200,OK,Author Query 5-7,text,true,,263,155,10,70,http://localhost:8080/search?q=beauty&author=Oscar%20Wilde,112,0,0
1782351908888,93,HTTP Request,200,OK,Author Query 5-4,text,true,,263,155,10,70,http://localhost:8080/search?q=beauty&author=Oscar%20Wilde,93,0,0
1782351908915,66,HTTP Request,200,OK,Author Query 5-1,text,true,,263,155,10,70,http://localhost:8080/search?q=beauty&author=Oscar%20Wilde,66,0,0
1782351908916,65,HTTP Request,200,OK,Author Query 5-6,text,true,,263,155,10,70,http://localhost:8080/search?q=beauty&author=Oscar%20Wilde,65,0,0
1782351908915,67,HTTP Request,200,OK,Author Query 5-9,text,true,,263,155,10,70,http://localhost:8080/search?q=beauty&author=Oscar%20Wilde,67,0,0
1782351908915,68,HTTP Request,200,OK,Author Query 5-3,text,true,,263,155,10,70,http://localhost:8080/search?q=beauty&author=Oscar%20Wilde,68,0,0
1782351908916,67,HTTP Request,200,OK,Author Query 5-5,text,true,,263,155,10,70,http://localhost:8080/search?q=beauty&author=Oscar%20Wilde,67,0,0
1782351908942,41,HTTP Request,200,OK,Author Query 5-10,text,true,,263,155,10,70,http://localhost:8080/search?q=beauty&author=Oscar%20Wilde,41,0,0
1782351908862,127,HTTP Request,200,OK,Author Query 5-2,text,true,,263,155,10,70,http://localhost:8080/search?q=beauty&author=Oscar%20Wilde,127,0,0
1782351908967,33,HTTP Request,200,OK,Author Query 5-7,text,true,,263,155,10,70,http://localhost:8080/search?q=beauty&author=Oscar%20Wilde,33,0,0
1782351908983,37,HTTP Request,200,OK,Author Query 5-10,text,true,,263,155,10,70,http://localhost:8080/search?q=beauty&author=Oscar%20Wilde,37,0,0
1782351908949,71,HTTP Request,200,OK,Author Query 5-8,text,true,,263,155,10,70,http://localhost:8080/search?q=beauty&author=Oscar%20Wilde,71,0,0
1782351908989,38,HTTP Request,200,OK,Author Query 5-2,text,true,,263,155,10,70,http://localhost:8080/search?q=beauty&author=Oscar%20Wilde,38,0,0
1782351908981,46,HTTP Request,200,OK,Author Query 5-6,text,true,,263,155,10,70,http://localhost:8080/search?q=beauty&author=Oscar%20Wilde,46,0,0
1782351908982,45,HTTP Request,200,OK,Author Query 5-9,text,true,,263,155,10,70,http://localhost:8080/search?q=beauty&author=Oscar%20Wilde,45,0,0
1782351908981,55,HTTP Request,200,OK,Author Query 5-4,text,true,,263,155,10,70,http://localhost:8080/search?q=beauty&author=Oscar%20Wilde,55,0,0
1782351908983,53,HTTP Request,200,OK,Author Query 5-3,text,true,,263,155,10,70,http://localhost:8080/search?q=beauty&author=Oscar%20Wilde,53,0,0
1782351909000,59,HTTP Request,200,OK,Author Query 5-7,text,true,,263,155,10,70,http://localhost:8080/search?q=beauty&author=Oscar%20Wilde,59,0,0
1782351908981,89,HTTP Request,200,OK,Author Query 5-1,text,true,,263,155,10,70,http://localhost:8080/search?q=beauty&author=Oscar%20Wilde,89,0,0
1782351909027,45,HTTP Request,200,OK,Author Query 5-2,text,true,,263,155,10,70,http://localhost:8080/search?q=beauty&author=Oscar%20Wilde,45,0,0
1782351908983,101,HTTP Request,200,OK,Author Query 5-5,text,true,,263,155,10,70,http://localhost:8080/search?q=beauty&author=Oscar%20Wilde,101,0,0
1782351909020,64,HTTP Request,200,OK,Author Query 5-10,text,true,,263,155,10,70,http://localhost:8080/search?q=beauty&author=Oscar%20Wilde,64,0,0
1782351909020,65,HTTP Request,200,OK,Author Query 5-8,text,true,,263,155,10,70,http://localhost:8080/search?q=beauty&author=Oscar%20Wilde,65,0,0
1782351909027,59,HTTP Request,200,OK,Author Query 5-9,text,true,,263,155,10,70,http://localhost:8080/search?q=beauty&author=Oscar%20Wilde,59,0,0
1782351909036,59,HTTP Request,200,OK,Author Query 5-4,text,true,,263,155,10,70,http://localhost:8080/search?q=beauty&author=Oscar%20Wilde,59,0,0
1782351909059,47,HTTP Request,200,OK,Author Query 5-7,text,true,,263,155,10,70,http://localhost:8080/search?q=beauty&author=Oscar%20Wilde,47,0,0
1782351909027,104,HTTP Request,200,OK,Author Query 5-6,text,true,,263,155,10,70,http://localhost:8080/search?q=beauty&author=Oscar%20Wilde,104,0,0
1782351909036,95,HTTP Request,200,OK,Author Query 5-3,text,true,,263,155,10,70,http://localhost:8080/search?q=beauty&author=Oscar%20Wilde,95,0,0
1782351909087,46,HTTP Request,200,OK,Author Query 5-9,text,true,,263,155,10,70,http://localhost:8080/search?q=beauty&author=Oscar%20Wilde,46,0,0
1782351909071,62,HTTP Request,200,OK,Author Query 5-1,text,true,,263,155,10,70,http://localhost:8080/search?q=beauty&author=Oscar%20Wilde,62,0,0
1782351909085,58,HTTP Request,200,OK,Author Query 5-5,text,true,,263,155,10,70,http://localhost:8080/search?q=beauty&author=Oscar%20Wilde,58,0,0
1782351909085,60,HTTP Request,200,OK,Author Query 5-8,text,true,,263,155,10,70,http://localhost:8080/search?q=beauty&author=Oscar%20Wilde,60,0,0
1782351909073,82,HTTP Request,200,OK,Author Query 5-2,text,true,,263,155,10,70,http://localhost:8080/search?q=beauty&author=Oscar%20Wilde,82,0,0
1782351909085,71,HTTP Request,200,OK,Author Query 5-10,text,true,,263,155,10,70,http://localhost:8080/search?q=beauty&author=Oscar%20Wilde,71,0,0
1782351909095,69,HTTP Request,200,OK,Author Query 5-4,text,true,,263,155,10,70,http://localhost:8080/search?q=beauty&author=Oscar%20Wilde,69,0,0
1782351909106,67,HTTP Request,200,OK,Author Query 5-7,text,true,,263,155,10,70,http://localhost:8080/search?q=beauty&author=Oscar%20Wilde,67,0,0
1782351909133,48,HTTP Request,200,OK,Author Query 5-1,text,true,,263,155,10,70,http://localhost:8080/search?q=beauty&author=Oscar%20Wilde,48,0,0
1782351909131,56,HTTP Request,200,OK,Author Query 5-3,text,true,,263,155,10,70,http://localhost:8080/search?q=beauty&author=Oscar%20Wilde,56,0,0
1782351909133,57,HTTP Request,200,OK,Author Query 5-9,text,true,,263,155,10,70,http://localhost:8080/search?q=beauty&author=Oscar%20Wilde,57,0,0
1782351909143,66,HTTP Request,200,OK,Author Query 5-5,text,true,,263,155,10,70,http://localhost:8080/search?q=beauty&author=Oscar%20Wilde,66,0,0
1782351909156,53,HTTP Request,200,OK,Author Query 5-10,text,true,,263,155,10,70,http://localhost:8080/search?q=beauty&author=Oscar%20Wilde,53,0,0
1782351909156,53,HTTP Request,200,OK,Author Query 5-2,text,true,,263,155,10,70,http://localhost:8080/search?q=beauty&author=Oscar%20Wilde,53,0,0
1782351909145,66,HTTP Request,200,OK,Author Query 5-8,text,true,,263,155,10,70,http://localhost:8080/search?q=beauty&author=Oscar%20Wilde,66,0,0
1782351909164,52,HTTP Request,200,OK,Author Query 5-4,text,true,,263,155,10,70,http://localhost:8080/search?q=beauty&author=Oscar%20Wilde,52,0,0
1782351909174,54,HTTP Request,200,OK,Author Query 5-7,text,true,,263,155,10,70,http://localhost:8080/search?q=beauty&author=Oscar%20Wilde,54,0,0
1782351909131,102,HTTP Request,200,OK,Author Query 5-6,text,true,,263,155,10,70,http://localhost:8080/search?q=beauty&author=Oscar%20Wilde,102,0,0
1782351909187,50,HTTP Request,200,OK,Author Query 5-3,text,true,,263,155,10,70,http://localhost:8080/search?q=beauty&author=Oscar%20Wilde,50,0,0
1782351909209,32,HTTP Request,200,OK,Author Query 5-5,text,true,,263,155,10,70,http://localhost:8080/search?q=beauty&author=Oscar%20Wilde,32,0,0
1782351909190,53,HTTP Request,200,OK,Author Query 5-9,text,true,,263,155,10,70,http://localhost:8080/search?q=beauty&author=Oscar%20Wilde,53,0,0
1782351909210,39,HTTP Request,200,OK,Author Query 5-10,text,true,,263,155,10,70,http://localhost:8080/search?q=beauty&author=Oscar%20Wilde,39,0,0
1782351909209,40,HTTP Request,200,OK,Author Query 5-2,text,true,,263,155,10,70,http://localhost:8080/search?q=beauty&author=Oscar%20Wilde,40,0,0
1782351909181,78,HTTP Request,200,OK,Author Query 5-1,text,true,,263,155,10,70,http://localhost:8080/search?q=beauty&author=Oscar%20Wilde,78,0,0
1782351909211,48,HTTP Request,200,OK,Author Query 5-8,text,true,,263,155,10,70,http://localhost:8080/search?q=beauty&author=Oscar%20Wilde,48,0,0
1782351909216,52,HTTP Request,200,OK,Author Query 5-4,text,true,,263,155,10,70,http://localhost:8080/search?q=beauty&author=Oscar%20Wilde,52,0,0
1782351909229,45,HTTP Request,200,OK,Author Query 5-7,text,true,,263,155,10,70,http://localhost:8080/search?q=beauty&author=Oscar%20Wilde,45,0,0
1782351909241,42,HTTP Request,200,OK,Author Query 5-5,text,true,,263,155,10,70,http://localhost:8080/search?q=beauty&author=Oscar%20Wilde,42,0,0
1782351909234,55,HTTP Request,200,OK,Author Query 5-6,text,true,,263,155,10,70,http://localhost:8080/search?q=beauty&author=Oscar%20Wilde,55,0,0
1782351909244,47,HTTP Request,200,OK,Author Query 5-9,text,true,,263,155,10,70,http://localhost:8080/search?q=beauty&author=Oscar%20Wilde,47,0,0
1782351909238,55,HTTP Request,200,OK,Author Query 5-3,text,true,,263,155,10,70,http://localhost:8080/search?q=beauty&author=Oscar%20Wilde,55,0,0
1782351909259,53,HTTP Request,200,OK,Author Query 5-8,text,true,,263,155,10,70,http://localhost:8080/search?q=beauty&author=Oscar%20Wilde,53,0,0
1782351909249,63,HTTP Request,200,OK,Author Query 5-10,text,true,,263,155,10,70,http://localhost:8080/search?q=beauty&author=Oscar%20Wilde,63,0,0
1782351909259,55,HTTP Request,200,OK,Author Query 5-1,text,true,,263,155,10,70,http://localhost:8080/search?q=beauty&author=Oscar%20Wilde,55,0,0
1782351909249,77,HTTP Request,200,OK,Author Query 5-2,text,true,,263,155,10,70,http://localhost:8080/search?q=beauty&author=Oscar%20Wilde,77,0,0
1782351909283,52,HTTP Request,200,OK,Author Query 5-5,text,true,,263,155,10,70,http://localhost:8080/search?q=beauty&author=Oscar%20Wilde,52,0,0
1782351909268,76,HTTP Request,200,OK,Author Query 5-4,text,true,,263,155,10,70,http://localhost:8080/search?q=beauty&author=Oscar%20Wilde,76,0,0
1782351909313,36,HTTP Request,200,OK,Author Query 5-10,text,true,,263,155,10,70,http://localhost:8080/search?q=beauty&author=Oscar%20Wilde,36,0,0
1782351909274,76,HTTP Request,200,OK,Author Query 5-7,text,true,,263,155,10,70,http://localhost:8080/search?q=beauty&author=Oscar%20Wilde,76,0,0
1782351909312,47,HTTP Request,200,OK,Author Query 5-8,text,true,,263,155,10,70,http://localhost:8080/search?q=beauty&author=Oscar%20Wilde,47,0,0
1782351909290,70,HTTP Request,200,OK,Author Query 5-6,text,true,,263,155,10,70,http://localhost:8080/search?q=beauty&author=Oscar%20Wilde,70,0,0
1782351909292,69,HTTP Request,200,OK,Author Query 5-9,text,true,,263,155,10,70,http://localhost:8080/search?q=beauty&author=Oscar%20Wilde,69,0,0
1782351909314,57,HTTP Request,200,OK,Author Query 5-1,text,true,,263,155,10,70,http://localhost:8080/search?q=beauty&author=Oscar%20Wilde,57,0,0
1782351909335,52,HTTP Request,200,OK,Author Query 5-5,text,true,,263,155,10,70,http://localhost:8080/search?q=beauty&author=Oscar%20Wilde,52,0,0
1782351909293,97,HTTP Request,200,OK,Author Query 5-3,text,true,,263,155,10,70,http://localhost:8080/search?q=beauty&author=Oscar%20Wilde,97,0,0
1782351909326,88,HTTP Request,200,OK,Author Query 5-2,text,true,,263,155,10,70,http://localhost:8080/search?q=beauty&author=Oscar%20Wilde,88,0,0
1782351909349,68,HTTP Request,200,OK,Author Query 5-10,text,true,,263,155,10,70,http://localhost:8080/search?q=beauty&author=Oscar%20Wilde,68,0,0
1782351909344,74,HTTP Request,200,OK,Author Query 5-4,text,true,,263,155,10,70,http://localhost:8080/search?q=beauty&author=Oscar%20Wilde,74,0,0
1782351909372,50,HTTP Request,200,OK,Author Query 5-1,text,true,,263,155,10,70,http://localhost:8080/search?q=beauty&author=Oscar%20Wilde,50,0,0
1782351909361,69,HTTP Request,200,OK,Author Query 5-9,text,true,,263,155,10,70,http://localhost:8080/search?q=beauty&author=Oscar%20Wilde,69,0,0
1782351909361,69,HTTP Request,200,OK,Author Query 5-6,text,true,,263,155,10,70,http://localhost:8080/search?q=beauty&author=Oscar%20Wilde,69,0,0
1782351909359,71,HTTP Request,200,OK,Author Query 5-8,text,true,,263,155,10,70,http://localhost:8080/search?q=beauty&author=Oscar%20Wilde,71,0,0
1782351909350,80,HTTP Request,200,OK,Author Query 5-7,text,true,,263,155,10,70,http://localhost:8080/search?q=beauty&author=Oscar%20Wilde,80,0,0
1782351909391,40,HTTP Request,200,OK,Author Query 5-3,text,true,,263,155,10,70,http://localhost:8080/search?q=beauty&author=Oscar%20Wilde,40,0,0
1782351909387,57,HTTP Request,200,OK,Author Query 5-5,text,true,,263,155,10,70,http://localhost:8080/search?q=beauty&author=Oscar%20Wilde,57,0,0
1782351909430,52,HTTP Request,200,OK,Author Query 5-7,text,true,,263,155,10,70,http://localhost:8080/search?q=beauty&author=Oscar%20Wilde,52,0,0
1782351909430,55,HTTP Request,200,OK,Author Query 5-6,text,true,,263,155,10,70,http://localhost:8080/search?q=beauty&author=Oscar%20Wilde,55,0,0
1782351909431,54,HTTP Request,200,OK,Author Query 5-3,text,true,,263,155,10,70,http://localhost:8080/search?q=beauty&author=Oscar%20Wilde,54,0,0
1782351909419,73,HTTP Request,200,OK,Author Query 5-4,text,true,,263,155,10,70,http://localhost:8080/search?q=beauty&author=Oscar%20Wilde,73,0,0
1782351909430,62,HTTP Request,200,OK,Author Query 5-8,text,true,,263,155,10,70,http://localhost:8080/search?q=beauty&author=Oscar%20Wilde,62,0,0
1782351909423,69,HTTP Request,200,OK,Author Query 5-1,text,true,,263,155,10,70,http://localhost:8080/search?q=beauty&author=Oscar%20Wilde,69,0,0
1782351909417,76,HTTP Request,200,OK,Author Query 5-10,text,true,,263,155,10,70,http://localhost:8080/search?q=beauty&author=Oscar%20Wilde,76,0,0
1782351909414,79,HTTP Request,200,OK,Author Query 5-2,text,true,,263,155,10,70,http://localhost:8080/search?q=beauty&author=Oscar%20Wilde,79,0,0
1782351909430,64,HTTP Request,200,OK,Author Query 5-9,text,true,,263,155,10,70,http://localhost:8080/search?q=beauty&author=Oscar%20Wilde,64,0,0
1782351909445,49,HTTP Request,200,OK,Author Query 5-5,text,true,,263,155,10,70,http://localhost:8080/search?q=beauty&author=Oscar%20Wilde,49,0,0
1782351909494,45,HTTP Request,200,OK,Author Query 5-1,text,true,,263,155,10,70,http://localhost:8080/search?q=beauty&author=Oscar%20Wilde,45,0,0
1782351909493,55,HTTP Request,200,OK,Author Query 5-10,text,true,,263,155,10,70,http://localhost:8080/search?q=beauty&author=Oscar%20Wilde,55,0,0
1782351909485,66,HTTP Request,200,OK,Author Query 5-6,text,true,,263,155,10,70,http://localhost:8080/search?q=beauty&author=Oscar%20Wilde,66,0,0
1782351909482,69,HTTP Request,200,OK,Author Query 5-7,text,true,,263,155,10,70,http://localhost:8080/search?q=beauty&author=Oscar%20Wilde,69,0,0
1782351909495,56,HTTP Request,200,OK,Author Query 5-5,text,true,,263,155,10,70,http://localhost:8080/search?q=beauty&author=Oscar%20Wilde,56,0,0
1782351909492,59,HTTP Request,200,OK,Author Query 5-8,text,true,,263,155,10,70,http://localhost:8080/search?q=beauty&author=Oscar%20Wilde,59,0,0
1782351909494,57,HTTP Request,200,OK,Author Query 5-9,text,true,,263,155,10,70,http://localhost:8080/search?q=beauty&author=Oscar%20Wilde,57,0,0
1782351909485,67,HTTP Request,200,OK,Author Query 5-3,text,true,,263,155,10,70,http://localhost:8080/search?q=beauty&author=Oscar%20Wilde,67,0,0
1782351909492,60,HTTP Request,200,OK,Author Query 5-4,text,true,,263,155,10,70,http://localhost:8080/search?q=beauty&author=Oscar%20Wilde,60,0,0
1782351909493,59,HTTP Request,200,OK,Author Query 5-2,text,true,,263,155,10,70,http://localhost:8080/search?q=beauty&author=Oscar%20Wilde,59,0,0
1782351909539,51,HTTP Request,200,OK,Author Query 5-1,text,true,,263,155,10,70,http://localhost:8080/search?q=beauty&author=Oscar%20Wilde,50,0,0
1782351909552,59,HTTP Request,200,OK,Author Query 5-3,text,true,,263,155,10,70,http://localhost:8080/search?q=beauty&author=Oscar%20Wilde,59,0,0
1782351909551,60,HTTP Request,200,OK,Author Query 5-9,text,true,,263,155,10,70,http://localhost:8080/search?q=beauty&author=Oscar%20Wilde,60,0,0
1782351909549,71,HTTP Request,200,OK,Author Query 5-10,text,true,,263,155,10,70,http://localhost:8080/search?q=beauty&author=Oscar%20Wilde,71,0,0
1782351909551,98,HTTP Request,200,OK,Author Query 5-6,text,true,,263,155,10,70,http://localhost:8080/search?q=beauty&author=Oscar%20Wilde,98,0,0
1782351909552,102,HTTP Request,200,OK,Author Query 5-4,text,true,,263,155,10,70,http://localhost:8080/search?q=beauty&author=Oscar%20Wilde,102,0,0
1782351909590,64,HTTP Request,200,OK,Author Query 5-1,text,true,,263,155,10,70,http://localhost:8080/search?q=beauty&author=Oscar%20Wilde,64,0,0
1782351909551,104,HTTP Request,200,OK,Author Query 5-8,text,true,,263,155,10,70,http://localhost:8080/search?q=beauty&author=Oscar%20Wilde,104,0,0
1782351909551,104,HTTP Request,200,OK,Author Query 5-7,text,true,,263,155,10,70,http://localhost:8080/search?q=beauty&author=Oscar%20Wilde,104,0,0
1782351909551,111,HTTP Request,200,OK,Author Query 5-5,text,true,,263,155,10,70,http://localhost:8080/search?q=beauty&author=Oscar%20Wilde,111,0,0
1782351909552,110,HTTP Request,200,OK,Author Query 5-2,text,true,,263,155,10,70,http://localhost:8080/search?q=beauty&author=Oscar%20Wilde,110,0,0
1782351909620,49,HTTP Request,200,OK,Author Query 5-10,text,true,,263,155,10,70,http://localhost:8080/search?q=beauty&author=Oscar%20Wilde,49,0,0
1782351909611,58,HTTP Request,200,OK,Author Query 5-3,text,true,,263,155,10,70,http://localhost:8080/search?q=beauty&author=Oscar%20Wilde,58,0,0
1782351909611,73,HTTP Request,200,OK,Author Query 5-9,text,true,,263,155,10,70,http://localhost:8080/search?q=beauty&author=Oscar%20Wilde,73,0,0
1782351909662,62,HTTP Request,200,OK,Author Query 5-5,text,true,,263,155,10,70,http://localhost:8080/search?q=beauty&author=Oscar%20Wilde,62,0,0
1782351909669,56,HTTP Request,200,OK,Author Query 5-10,text,true,,263,155,10,70,http://localhost:8080/search?q=beauty&author=Oscar%20Wilde,56,0,0
1782351909655,70,HTTP Request,200,OK,Author Query 5-4,text,true,,263,155,10,70,http://localhost:8080/search?q=beauty&author=Oscar%20Wilde,70,0,0
1782351909655,71,HTTP Request,200,OK,Author Query 5-8,text,true,,263,155,10,70,http://localhost:8080/search?q=beauty&author=Oscar%20Wilde,71,0,0
1782351909655,71,HTTP Request,200,OK,Author Query 5-1,text,true,,263,155,10,70,http://localhost:8080/search?q=beauty&author=Oscar%20Wilde,71,0,0
1782351909649,78,HTTP Request,200,OK,Author Query 5-6,text,true,,263,155,10,70,http://localhost:8080/search?q=beauty&author=Oscar%20Wilde,78,0,0
1782351909662,65,HTTP Request,200,OK,Author Query 5-2,text,true,,263,155,10,70,http://localhost:8080/search?q=beauty&author=Oscar%20Wilde,65,0,0
1782351909669,58,HTTP Request,200,OK,Author Query 5-3,text,true,,263,155,10,70,http://localhost:8080/search?q=beauty&author=Oscar%20Wilde,58,0,0
1782351909655,88,HTTP Request,200,OK,Author Query 5-7,text,true,,263,155,10,70,http://localhost:8080/search?q=beauty&author=Oscar%20Wilde,88,0,0
1782351909727,60,HTTP Request,200,OK,Author Query 5-3,text,true,,263,155,10,70,http://localhost:8080/search?q=beauty&author=Oscar%20Wilde,60,0,0
1782351909685,102,HTTP Request,200,OK,Author Query 5-9,text,true,,263,155,10,70,http://localhost:8080/search?q=beauty&author=Oscar%20Wilde,102,0,0
1782351909726,61,HTTP Request,200,OK,Author Query 5-8,text,true,,263,155,10,70,http://localhost:8080/search?q=beauty&author=Oscar%20Wilde,61,0,0
1782351909725,62,HTTP Request,200,OK,Author Query 5-5,text,true,,263,155,10,70,http://localhost:8080/search?q=beauty&author=Oscar%20Wilde,62,0,0
1782351909727,61,HTTP Request,200,OK,Author Query 5-6,text,true,,263,155,10,70,http://localhost:8080/search?q=beauty&author=Oscar%20Wilde,61,0,0
1782351909727,61,HTTP Request,200,OK,Author Query 5-2,text,true,,263,155,10,70,http://localhost:8080/search?q=beauty&author=Oscar%20Wilde,61,0,0
1782351909725,64,HTTP Request,200,OK,Author Query 5-10,text,true,,263,155,10,70,http://localhost:8080/search?q=beauty&author=Oscar%20Wilde,64,0,0
1782351909743,46,HTTP Request,200,OK,Author Query 5-7,text,true,,263,155,10,70,http://localhost:8080/search?q=beauty&author=Oscar%20Wilde,46,0,0
1782351909725,75,HTTP Request,200,OK,Author Query 5-4,text,true,,263,155,10,70,http://localhost:8080/search?q=beauty&author=Oscar%20Wilde,75,0,0
1782351909726,98,HTTP Request,200,OK,Author Query 5-1,text,true,,263,155,10,70,http://localhost:8080/search?q=beauty&author=Oscar%20Wilde,98,0,0
1782351909787,74,HTTP Request,200,OK,Author Query 5-3,text,true,,263,155,10,70,http://localhost:8080/search?q=beauty&author=Oscar%20Wilde,74,0,0
1782351909787,74,HTTP Request,200,OK,Author Query 5-8,text,true,,263,155,10,70,http://localhost:8080/search?q=beauty&author=Oscar%20Wilde,74,0,0
1782351909789,76,HTTP Request,200,OK,Author Query 5-7,text,true,,263,155,10,70,http://localhost:8080/search?q=beauty&author=Oscar%20Wilde,76,0,0
1782351909787,79,HTTP Request,200,OK,Author Query 5-5,text,true,,263,155,10,70,http://localhost:8080/search?q=beauty&author=Oscar%20Wilde,79,0,0
1782351909788,78,HTTP Request,200,OK,Author Query 5-2,text,true,,263,155,10,70,http://localhost:8080/search?q=beauty&author=Oscar%20Wilde,78,0,0
1782351909788,78,HTTP Request,200,OK,Author Query 5-6,text,true,,263,155,10,70,http://localhost:8080/search?q=beauty&author=Oscar%20Wilde,78,0,0
1782351909825,41,HTTP Request,200,OK,Author Query 5-1,text,true,,263,155,10,70,http://localhost:8080/search?q=beauty&author=Oscar%20Wilde,41,0,0
1782351909800,77,HTTP Request,200,OK,Author Query 5-4,text,true,,263,155,10,70,http://localhost:8080/search?q=beauty&author=Oscar%20Wilde,77,0,0
1782351909789,88,HTTP Request,200,OK,Author Query 5-10,text,true,,263,155,10,70,http://localhost:8080/search?q=beauty&author=Oscar%20Wilde,88,0,0
1782351909787,90,HTTP Request,200,OK,Author Query 5-9,text,true,,263,155,10,70,http://localhost:8080/search?q=beauty&author=Oscar%20Wilde,90,0,0
1782351909861,50,HTTP Request,200,OK,Author Query 5-8,text,true,,263,155,10,70,http://localhost:8080/search?q=beauty&author=Oscar%20Wilde,50,0,0
1782351909866,45,HTTP Request,200,OK,Author Query 5-6,text,true,,263,155,10,70,http://localhost:8080/search?q=beauty&author=Oscar%20Wilde,45,0,0
1782351909866,45,HTTP Request,200,OK,Author Query 5-1,text,true,,263,155,10,70,http://localhost:8080/search?q=beauty&author=Oscar%20Wilde,45,0,0
1782351909877,53,HTTP Request,200,OK,Author Query 5-4,text,true,,263,155,10,70,http://localhost:8080/search?q=beauty&author=Oscar%20Wilde,53,0,0
1782351909866,65,HTTP Request,200,OK,Author Query 5-2,text,true,,263,155,10,70,http://localhost:8080/search?q=beauty&author=Oscar%20Wilde,65,0,0
1782351909866,66,HTTP Request,200,OK,Author Query 5-5,text,true,,263,155,10,70,http://localhost:8080/search?q=beauty&author=Oscar%20Wilde,66,0,0
1782351909877,59,HTTP Request,200,OK,Author Query 5-10,text,true,,263,155,10,70,http://localhost:8080/search?q=beauty&author=Oscar%20Wilde,59,0,0
1782351909911,51,HTTP Request,200,OK,Author Query 5-1,text,true,,263,155,10,70,http://localhost:8080/search?q=beauty&author=Oscar%20Wilde,51,0,0
1782351909861,103,HTTP Request,200,OK,Author Query 5-3,text,true,,263,155,10,70,http://localhost:8080/search?q=beauty&author=Oscar%20Wilde,103,0,0
1782351909866,102,HTTP Request,200,OK,Author Query 5-7,text,true,,263,155,10,70,http://localhost:8080/search?q=beauty&author=Oscar%20Wilde,102,0,0
1782351909911,59,HTTP Request,200,OK,Author Query 5-8,text,true,,263,155,10,70,http://localhost:8080/search?q=beauty&author=Oscar%20Wilde,59,0,0
1782351909911,70,HTTP Request,200,OK,Author Query 5-6,text,true,,263,155,10,70,http://localhost:8080/search?q=beauty&author=Oscar%20Wilde,70,0,0
1782351909931,57,HTTP Request,200,OK,Author Query 5-4,text,true,,263,155,10,70,http://localhost:8080/search?q=beauty&author=Oscar%20Wilde,57,0,0
1782351909878,112,HTTP Request,200,OK,Author Query 5-9,text,true,,263,155,10,70,http://localhost:8080/search?q=beauty&author=Oscar%20Wilde,112,0,0
1782351909931,59,HTTP Request,200,OK,Author Query 5-2,text,true,,263,155,10,70,http://localhost:8080/search?q=beauty&author=Oscar%20Wilde,59,0,0
1782351909933,57,HTTP Request,200,OK,Author Query 5-5,text,true,,263,155,10,70,http://localhost:8080/search?q=beauty&author=Oscar%20Wilde,57,0,0
1782351909936,76,HTTP Request,200,OK,Author Query 5-10,text,true,,263,155,10,70,http://localhost:8080/search?q=beauty&author=Oscar%20Wilde,76,0,0
1782351909970,45,HTTP Request,200,OK,Author Query 5-8,text,true,,263,155,10,70,http://localhost:8080/search?q=beauty&author=Oscar%20Wilde,45,0,0
1782351909964,61,HTTP Request,200,OK,Author Query 5-3,text,true,,263,155,10,70,http://localhost:8080/search?q=beauty&author=Oscar%20Wilde,61,0,0
1782351909963,69,HTTP Request,200,OK,Author Query 5-1,text,true,,263,155,10,70,http://localhost:8080/search?q=beauty&author=Oscar%20Wilde,69,0,0
1782351910013,27,HTTP Request,200,OK,Author Query 5-10,text,true,,263,155,10,70,http://localhost:8080/search?q=beauty&author=Oscar%20Wilde,27,0,0
1782351909981,64,HTTP Request,200,OK,Author Query 5-6,text,true,,263,155,10,70,http://localhost:8080/search?q=beauty&author=Oscar%20Wilde,64,0,0
1782351909969,78,HTTP Request,200,OK,Author Query 5-7,text,true,,263,155,10,70,http://localhost:8080/search?q=beauty&author=Oscar%20Wilde,78,0,0
1782351909990,84,HTTP Request,200,OK,Author Query 5-9,text,true,,263,155,10,70,http://localhost:8080/search?q=beauty&author=Oscar%20Wilde,84,0,0
1782351909990,86,HTTP Request,200,OK,Author Query 5-2,text,true,,263,155,10,70,http://localhost:8080/search?q=beauty&author=Oscar%20Wilde,86,0,0
1782351910025,51,HTTP Request,200,OK,Author Query 5-3,text,true,,263,155,10,70,http://localhost:8080/search?q=beauty&author=Oscar%20Wilde,51,0,0
1782351910046,41,HTTP Request,200,OK,Author Query 5-6,text,true,,263,155,10,70,http://localhost:8080/search?q=beauty&author=Oscar%20Wilde,41,0,0
1782351909989,111,HTTP Request,200,OK,Author Query 5-4,text,true,,263,155,10,70,http://localhost:8080/search?q=beauty&author=Oscar%20Wilde,111,0,0
1782351909990,114,HTTP Request,200,OK,Author Query 5-5,text,true,,263,155,10,70,http://localhost:8080/search?q=beauty&author=Oscar%20Wilde,114,0,0
1782351910032,73,HTTP Request,200,OK,Author Query 5-1,text,true,,263,155,10,70,http://localhost:8080/search?q=beauty&author=Oscar%20Wilde,73,0,0
1782351910016,90,HTTP Request,200,OK,Author Query 5-8,text,true,,263,155,10,70,http://localhost:8080/search?q=beauty&author=Oscar%20Wilde,90,0,0
1782351910040,77,HTTP Request,200,OK,Author Query 5-10,text,true,,263,155,10,70,http://localhost:8080/search?q=beauty&author=Oscar%20Wilde,77,0,0
1782351910047,79,HTTP Request,200,OK,Author Query 5-7,text,true,,263,155,10,70,http://localhost:8080/search?q=beauty&author=Oscar%20Wilde,79,0,0
1782351910075,79,HTTP Request,200,OK,Author Query 5-9,text,true,,263,155,10,70,http://localhost:8080/search?q=beauty&author=Oscar%20Wilde,79,0,0
1782351910087,70,HTTP Request,200,OK,Author Query 5-6,text,true,,263,155,10,70,http://localhost:8080/search?q=beauty&author=Oscar%20Wilde,70,0,0
1782351910106,65,HTTP Request,200,OK,Author Query 5-8,text,true,,263,155,10,70,http://localhost:8080/search?q=beauty&author=Oscar%20Wilde,65,0,0
1782351910076,98,HTTP Request,200,OK,Author Query 5-2,text,true,,263,155,10,70,http://localhost:8080/search?q=beauty&author=Oscar%20Wilde,98,0,0
1782351910077,97,HTTP Request,200,OK,Author Query 5-3,text,true,,263,155,10,70,http://localhost:8080/search?q=beauty&author=Oscar%20Wilde,97,0,0
1782351910101,76,HTTP Request,200,OK,Author Query 5-4,text,true,,263,155,10,70,http://localhost:8080/search?q=beauty&author=Oscar%20Wilde,76,0,0
1782351910117,66,HTTP Request,200,OK,Author Query 5-10,text,true,,263,155,10,70,http://localhost:8080/search?q=beauty&author=Oscar%20Wilde,66,0,0
1782351910104,80,HTTP Request,200,OK,Author Query 5-5,text,true,,263,155,10,70,http://localhost:8080/search?q=beauty&author=Oscar%20Wilde,80,0,0
1782351910126,66,HTTP Request,200,OK,Author Query 5-7,text,true,,263,155,10,70,http://localhost:8080/search?q=beauty&author=Oscar%20Wilde,66,0,0
1782351910105,93,HTTP Request,200,OK,Author Query 5-1,text,true,,263,155,10,70,http://localhost:8080/search?q=beauty&author=Oscar%20Wilde,93,0,0
1782351910154,69,HTTP Request,200,OK,Author Query 5-9,text,true,,263,155,10,70,http://localhost:8080/search?q=beauty&author=Oscar%20Wilde,69,0,0
1782351910157,66,HTTP Request,200,OK,Author Query 5-6,text,true,,263,155,10,70,http://localhost:8080/search?q=beauty&author=Oscar%20Wilde,66,0,0
1782351910175,49,HTTP Request,200,OK,Author Query 5-3,text,true,,263,155,10,70,http://localhost:8080/search?q=beauty&author=Oscar%20Wilde,49,0,0
1782351910175,50,HTTP Request,200,OK,Author Query 5-2,text,true,,263,155,10,70,http://localhost:8080/search?q=beauty&author=Oscar%20Wilde,50,0,0
1782351910177,88,HTTP Request,200,OK,Author Query 5-4,text,true,,263,155,10,70,http://localhost:8080/search?q=beauty&author=Oscar%20Wilde,88,0,0
1782351910225,40,HTTP Request,200,OK,Author Query 5-2,text,true,,263,155,10,70,http://localhost:8080/search?q=beauty&author=Oscar%20Wilde,40,0,0
1782351910184,82,HTTP Request,200,OK,Author Query 5-5,text,true,,263,155,10,70,http://localhost:8080/search?q=beauty&author=Oscar%20Wilde,82,0,0
1782351910172,96,HTTP Request,200,OK,Author Query 5-8,text,true,,263,155,10,70,http://localhost:8080/search?q=beauty&author=Oscar%20Wilde,96,0,0
1782351910224,55,HTTP Request,200,OK,Author Query 5-3,text,true,,263,155,10,70,http://localhost:8080/search?q=beauty&author=Oscar%20Wilde,55,0,0
1782351910183,99,HTTP Request,200,OK,Author Query 5-10,text,true,,263,155,10,70,http://localhost:8080/search?q=beauty&author=Oscar%20Wilde,99,0,0
1782351910192,92,HTTP Request,200,OK,Author Query 5-7,text,true,,263,155,10,70,http://localhost:8080/search?q=beauty&author=Oscar%20Wilde,92,0,0
1782351910269,48,HTTP Request,200,OK,Author Query 5-8,text,true,,263,155,10,70,http://localhost:8080/search?q=beauty&author=Oscar%20Wilde,48,0,0
1782351910223,94,HTTP Request,200,OK,Author Query 5-9,text,true,,263,155,10,70,http://localhost:8080/search?q=beauty&author=Oscar%20Wilde,94,0,0
1782351910198,124,HTTP Request,200,OK,Author Query 5-1,text,true,,263,155,10,70,http://localhost:8080/search?q=beauty&author=Oscar%20Wilde,124,0,0
1782351910265,58,HTTP Request,200,OK,Author Query 5-2,text,true,,263,155,10,70,http://localhost:8080/search?q=beauty&author=Oscar%20Wilde,58,0,0
1782351910279,44,HTTP Request,200,OK,Author Query 5-3,text,true,,263,155,10,70,http://localhost:8080/search?q=beauty&author=Oscar%20Wilde,44,0,0
1782351910265,58,HTTP Request,200,OK,Author Query 5-4,text,true,,263,155,10,70,http://localhost:8080/search?q=beauty&author=Oscar%20Wilde,58,0,0
1782351910223,100,HTTP Request,200,OK,Author Query 5-6,text,true,,263,155,10,70,http://localhost:8080/search?q=beauty&author=Oscar%20Wilde,100,0,0
1782351910284,39,HTTP Request,200,OK,Author Query 5-7,text,true,,263,155,10,70,http://localhost:8080/search?q=beauty&author=Oscar%20Wilde,39,0,0
1782351910266,58,HTTP Request,200,OK,Author Query 5-5,text,true,,263,155,10,70,http://localhost:8080/search?q=beauty&author=Oscar%20Wilde,58,0,0
1782351910282,54,HTTP Request,200,OK,Author Query 5-10,text,true,,263,155,10,70,http://localhost:8080/search?q=beauty&author=Oscar%20Wilde,54,0,0
1782351910324,48,HTTP Request,200,OK,Author Query 5-2,text,true,,263,155,10,70,http://localhost:8080/search?q=beauty&author=Oscar%20Wilde,48,0,0
1782351910317,55,HTTP Request,200,OK,Author Query 5-8,text,true,,263,155,10,70,http://localhost:8080/search?q=beauty&author=Oscar%20Wilde,55,0,0
1782351910317,57,HTTP Request,200,OK,Author Query 5-9,text,true,,263,155,10,70,http://localhost:8080/search?q=beauty&author=Oscar%20Wilde,57,0,0
1782351910324,51,HTTP Request,200,OK,Author Query 5-5,text,true,,263,155,10,70,http://localhost:8080/search?q=beauty&author=Oscar%20Wilde,51,0,0
1782351910324,52,HTTP Request,200,OK,Author Query 5-6,text,true,,263,155,10,70,http://localhost:8080/search?q=beauty&author=Oscar%20Wilde,52,0,0
1782351910324,66,HTTP Request,200,OK,Author Query 5-4,text,true,,263,155,10,70,http://localhost:8080/search?q=beauty&author=Oscar%20Wilde,66,0,0
1782351910324,67,HTTP Request,200,OK,Author Query 5-7,text,true,,263,155,10,70,http://localhost:8080/search?q=beauty&author=Oscar%20Wilde,67,0,0
1782351910324,73,HTTP Request,200,OK,Author Query 5-3,text,true,,263,155,10,70,http://localhost:8080/search?q=beauty&author=Oscar%20Wilde,73,0,0
1782351910336,62,HTTP Request,200,OK,Author Query 5-10,text,true,,263,155,10,70,http://localhost:8080/search?q=beauty&author=Oscar%20Wilde,62,0,0
1782351910323,76,HTTP Request,200,OK,Author Query 5-1,text,true,,263,155,10,70,http://localhost:8080/search?q=beauty&author=Oscar%20Wilde,76,0,0
1782351910373,35,HTTP Request,200,OK,Author Query 5-8,text,true,,263,155,10,70,http://localhost:8080/search?q=beauty&author=Oscar%20Wilde,35,0,0
1782351910376,35,HTTP Request,200,OK,Author Query 5-6,text,true,,263,155,10,70,http://localhost:8080/search?q=beauty&author=Oscar%20Wilde,34,0,0
1782351910376,35,HTTP Request,200,OK,Author Query 5-5,text,true,,263,155,10,70,http://localhost:8080/search?q=beauty&author=Oscar%20Wilde,34,0,0
1782351910391,49,HTTP Request,200,OK,Author Query 5-7,text,true,,263,155,10,70,http://localhost:8080/search?q=beauty&author=Oscar%20Wilde,49,0,0
1782351910408,36,HTTP Request,200,OK,Author Query 5-8,text,true,,263,155,10,70,http://localhost:8080/search?q=beauty&author=Oscar%20Wilde,36,0,0
1782351910374,95,HTTP Request,200,OK,Author Query 5-9,text,true,,263,155,10,70,http://localhost:8080/search?q=beauty&author=Oscar%20Wilde,95,0,0
1782351910391,80,HTTP Request,200,OK,Author Query 5-4,text,true,,263,155,10,70,http://localhost:8080/search?q=beauty&author=Oscar%20Wilde,80,0,0
1782351910411,60,HTTP Request,200,OK,Author Query 5-5,text,true,,263,155,10,70,http://localhost:8080/search?q=beauty&author=Oscar%20Wilde,60,0,0
1782351910397,77,HTTP Request,200,OK,Author Query 5-3,text,true,,263,155,10,70,http://localhost:8080/search?q=beauty&author=Oscar%20Wilde,77,0,0
1782351910373,101,HTTP Request,200,OK,Author Query 5-2,text,true,,263,155,10,70,http://localhost:8080/search?q=beauty&author=Oscar%20Wilde,101,0,0
1782351910399,101,HTTP Request,200,OK,Author Query 5-1,text,true,,263,155,10,70,http://localhost:8080/search?q=beauty&author=Oscar%20Wilde,101,0,0
1782351910398,106,HTTP Request,200,OK,Author Query 5-10,text,true,,263,155,10,70,http://localhost:8080/search?q=beauty&author=Oscar%20Wilde,106,0,0
1782351910411,103,HTTP Request,200,OK,Author Query 5-6,text,true,,263,155,10,70,http://localhost:8080/search?q=beauty&author=Oscar%20Wilde,103,0,0
1782351910440,87,HTTP Request,200,OK,Author Query 5-7,text,true,,263,155,10,70,http://localhost:8080/search?q=beauty&author=Oscar%20Wilde,87,0,0
1782351910445,87,HTTP Request,200,OK,Author Query 5-8,text,true,,263,155,10,70,http://localhost:8080/search?q=beauty&author=Oscar%20Wilde,87,0,0
1782351910469,87,HTTP Request,200,OK,Author Query 5-9,text,true,,263,155,10,70,http://localhost:8080/search?q=beauty&author=Oscar%20Wilde,87,0,0
1782351910475,81,HTTP Request,200,OK,Author Query 5-3,text,true,,263,155,10,70,http://localhost:8080/search?q=beauty&author=Oscar%20Wilde,81,0,0
1782351910475,81,HTTP Request,200,OK,Author Query 5-2,text,true,,263,155,10,70,http://localhost:8080/search?q=beauty&author=Oscar%20Wilde,81,0,0
1782351910471,85,HTTP Request,200,OK,Author Query 5-4,text,true,,263,155,10,70,http://localhost:8080/search?q=beauty&author=Oscar%20Wilde,85,0,0
1782351910471,86,HTTP Request,200,OK,Author Query 5-5,text,true,,263,155,10,70,http://localhost:8080/search?q=beauty&author=Oscar%20Wilde,86,0,0
1782351910501,58,HTTP Request,200,OK,Author Query 5-1,text,true,,263,155,10,70,http://localhost:8080/search?q=beauty&author=Oscar%20Wilde,58,0,0
1782351910505,66,HTTP Request,200,OK,Author Query 5-10,text,true,,263,155,10,70,http://localhost:8080/search?q=beauty&author=Oscar%20Wilde,66,0,0
1782351910515,56,HTTP Request,200,OK,Author Query 5-6,text,true,,263,155,10,70,http://localhost:8080/search?q=beauty&author=Oscar%20Wilde,56,0,0
1782351910532,41,HTTP Request,200,OK,Author Query 5-8,text,true,,263,155,10,70,http://localhost:8080/search?q=beauty&author=Oscar%20Wilde,41,0,0
1782351910527,46,HTTP Request,200,OK,Author Query 5-7,text,true,,263,155,10,70,http://localhost:8080/search?q=beauty&author=Oscar%20Wilde,46,0,0
1782351910571,49,HTTP Request,200,OK,Author Query 5-6,text,true,,263,155,10,70,http://localhost:8080/search?q=beauty&author=Oscar%20Wilde,49,0,0
1782351910573,64,HTTP Request,200,OK,Author Query 5-8,text,true,,263,155,10,70,http://localhost:8080/search?q=beauty&author=Oscar%20Wilde,64,0,0
1782351910556,82,HTTP Request,200,OK,Author Query 5-9,text,true,,263,155,10,70,http://localhost:8080/search?q=beauty&author=Oscar%20Wilde,82,0,0
1782351910571,68,HTTP Request,200,OK,Author Query 5-10,text,true,,263,155,10,70,http://localhost:8080/search?q=beauty&author=Oscar%20Wilde,68,0,0
1782351910556,84,HTTP Request,200,OK,Author Query 5-2,text,true,,263,155,10,70,http://localhost:8080/search?q=beauty&author=Oscar%20Wilde,84,0,0
1782351910557,93,HTTP Request,200,OK,Author Query 5-5,text,true,,263,155,10,70,http://localhost:8080/search?q=beauty&author=Oscar%20Wilde,93,0,0
1782351910573,77,HTTP Request,200,OK,Author Query 5-7,text,true,,263,155,10,70,http://localhost:8080/search?q=beauty&author=Oscar%20Wilde,77,0,0
1782351910556,94,HTTP Request,200,OK,Author Query 5-4,text,true,,263,155,10,70,http://localhost:8080/search?q=beauty&author=Oscar%20Wilde,94,0,0
1782351910556,94,HTTP Request,200,OK,Author Query 5-3,text,true,,263,155,10,70,http://localhost:8080/search?q=beauty&author=Oscar%20Wilde,94,0,0
1782351910559,99,HTTP Request,200,OK,Author Query 5-1,text,true,,263,155,10,70,http://localhost:8080/search?q=beauty&author=Oscar%20Wilde,99,0,0
1782351910650,45,HTTP Request,200,OK,Author Query 5-5,text,true,,263,155,10,70,http://localhost:8080/search?q=beauty&author=Oscar%20Wilde,45,0,0
1782351910659,52,HTTP Request,200,OK,Author Query 5-1,text,true,,263,155,10,70,http://localhost:8080/search?q=beauty&author=Oscar%20Wilde,52,0,0
1782351910637,77,HTTP Request,200,OK,Author Query 5-8,text,true,,263,155,10,70,http://localhost:8080/search?q=beauty&author=Oscar%20Wilde,77,0,0
1782351910638,78,HTTP Request,200,OK,Author Query 5-9,text,true,,263,155,10,70,http://localhost:8080/search?q=beauty&author=Oscar%20Wilde,77,0,0
1782351910640,76,HTTP Request,200,OK,Author Query 5-2,text,true,,263,155,10,70,http://localhost:8080/search?q=beauty&author=Oscar%20Wilde,75,0,0
1782351910651,68,HTTP Request,200,OK,Author Query 5-4,text,true,,263,155,10,70,http://localhost:8080/search?q=beauty&author=Oscar%20Wilde,68,0,0
1782351910621,100,HTTP Request,200,OK,Author Query 5-6,text,true,,263,155,10,70,http://localhost:8080/search?q=beauty&author=Oscar%20Wilde,100,0,0
1782351910695,28,HTTP Request,200,OK,Author Query 5-5,text,true,,263,155,10,70,http://localhost:8080/search?q=beauty&author=Oscar%20Wilde,28,0,0
1782351910640,96,HTTP Request,200,OK,Author Query 5-10,text,true,,263,155,10,70,http://localhost:8080/search?q=beauty&author=Oscar%20Wilde,96,0,0
1782351910651,89,HTTP Request,200,OK,Author Query 5-7,text,true,,263,155,10,70,http://localhost:8080/search?q=beauty&author=Oscar%20Wilde,89,0,0
1782351910651,94,HTTP Request,200,OK,Author Query 5-3,text,true,,263,155,10,70,http://localhost:8080/search?q=beauty&author=Oscar%20Wilde,94,0,0
1782351910716,35,HTTP Request,200,OK,Author Query 5-2,text,true,,263,155,10,70,http://localhost:8080/search?q=beauty&author=Oscar%20Wilde,35,0,0
1782351910716,56,HTTP Request,200,OK,Author Query 5-9,text,true,,263,155,10,70,http://localhost:8080/search?q=beauty&author=Oscar%20Wilde,56,0,0
1782351910711,62,HTTP Request,200,OK,Author Query 5-1,text,true,,263,155,10,70,http://localhost:8080/search?q=beauty&author=Oscar%20Wilde,62,0,0
1782351910714,60,HTTP Request,200,OK,Author Query 5-8,text,true,,263,155,10,70,http://localhost:8080/search?q=beauty&author=Oscar%20Wilde,60,0,0
1782351910721,53,HTTP Request,200,OK,Author Query 5-6,text,true,,263,155,10,70,http://localhost:8080/search?q=beauty&author=Oscar%20Wilde,53,0,0
1782351910719,57,HTTP Request,200,OK,Author Query 5-4,text,true,,263,155,10,70,http://localhost:8080/search?q=beauty&author=Oscar%20Wilde,57,0,0
1782351910723,54,HTTP Request,200,OK,Author Query 5-5,text,true,,263,155,10,70,http://localhost:8080/search?q=beauty&author=Oscar%20Wilde,54,0,0
1782351910736,50,HTTP Request,200,OK,Author Query 5-10,text,true,,263,155,10,70,http://localhost:8080/search?q=beauty&author=Oscar%20Wilde,50,0,0
1782351910740,49,HTTP Request,200,OK,Author Query 5-7,text,true,,263,155,10,70,http://localhost:8080/search?q=beauty&author=Oscar%20Wilde,49,0,0
1782351910745,44,HTTP Request,200,OK,Author Query 5-3,text,true,,263,155,10,70,http://localhost:8080/search?q=beauty&author=Oscar%20Wilde,44,0,0
1782351910751,49,HTTP Request,200,OK,Author Query 5-2,text,true,,263,155,10,70,http://localhost:8080/search?q=beauty&author=Oscar%20Wilde,49,0,0
1782351910774,46,HTTP Request,200,OK,Author Query 5-6,text,true,,263,155,10,70,http://localhost:8080/search?q=beauty&author=Oscar%20Wilde,46,0,0
1782351910789,31,HTTP Request,200,OK,Author Query 5-7,text,true,,263,155,10,70,http://localhost:8080/search?q=beauty&author=Oscar%20Wilde,31,0,0
1782351910776,47,HTTP Request,200,OK,Author Query 5-4,text,true,,263,155,10,70,http://localhost:8080/search?q=beauty&author=Oscar%20Wilde,47,0,0
1782351910789,48,HTTP Request,200,OK,Author Query 5-3,text,true,,263,155,10,70,http://localhost:8080/search?q=beauty&author=Oscar%20Wilde,48,0,0
1782351910774,63,HTTP Request,200,OK,Author Query 5-8,text,true,,263,155,10,70,http://localhost:8080/search?q=beauty&author=Oscar%20Wilde,63,0,0
1782351910788,49,HTTP Request,200,OK,Author Query 5-10,text,true,,263,155,10,70,http://localhost:8080/search?q=beauty&author=Oscar%20Wilde,49,0,0
1782351910777,64,HTTP Request,200,OK,Author Query 5-5,text,true,,263,155,10,70,http://localhost:8080/search?q=beauty&author=Oscar%20Wilde,64,0,0
1782351910772,71,HTTP Request,200,OK,Author Query 5-9,text,true,,263,155,10,70,http://localhost:8080/search?q=beauty&author=Oscar%20Wilde,71,0,0
1782351910773,71,HTTP Request,200,OK,Author Query 5-1,text,true,,263,155,10,70,http://localhost:8080/search?q=beauty&author=Oscar%20Wilde,71,0,0
1782351910800,44,HTTP Request,200,OK,Author Query 5-2,text,true,,263,155,10,70,http://localhost:8080/search?q=beauty&author=Oscar%20Wilde,44,0,0
1782351910820,46,HTTP Request,200,OK,Author Query 5-6,text,true,,263,155,10,70,http://localhost:8080/search?q=beauty&author=Oscar%20Wilde,46,0,0
1782351910821,48,HTTP Request,200,OK,Author Query 5-7,text,true,,263,155,10,70,http://localhost:8080/search?q=beauty&author=Oscar%20Wilde,48,0,0
1782351910837,36,HTTP Request,200,OK,Author Query 5-3,text,true,,263,155,10,70,http://localhost:8080/search?q=beauty&author=Oscar%20Wilde,36,0,0
1782351910824,49,HTTP Request,200,OK,Author Query 5-4,text,true,,263,155,10,70,http://localhost:8080/search?q=beauty&author=Oscar%20Wilde,49,0,0
1782351910844,36,HTTP Request,200,OK,Author Query 5-2,text,true,,263,155,10,70,http://localhost:8080/search?q=beauty&author=Oscar%20Wilde,36,0,0
1782351910837,51,HTTP Request,200,OK,Author Query 5-10,text,true,,263,155,10,70,http://localhost:8080/search?q=beauty&author=Oscar%20Wilde,51,0,0
1782351910841,49,HTTP Request,200,OK,Author Query 5-5,text,true,,263,155,10,70,http://localhost:8080/search?q=beauty&author=Oscar%20Wilde,49,0,0
1782351910837,53,HTTP Request,200,OK,Author Query 5-8,text,true,,263,155,10,70,http://localhost:8080/search?q=beauty&author=Oscar%20Wilde,53,0,0
1782351910844,47,HTTP Request,200,OK,Author Query 5-1,text,true,,263,155,10,70,http://localhost:8080/search?q=beauty&author=Oscar%20Wilde,47,0,0
1782351910843,48,HTTP Request,200,OK,Author Query 5-9,text,true,,263,155,10,70,http://localhost:8080/search?q=beauty&author=Oscar%20Wilde,48,0,0
1782351910873,36,HTTP Request,200,OK,Author Query 5-4,text,true,,263,155,10,70,http://localhost:8080/search?q=beauty&author=Oscar%20Wilde,36,0,0
1782351910870,45,HTTP Request,200,OK,Author Query 5-7,text,true,,263,155,10,70,http://localhost:8080/search?q=beauty&author=Oscar%20Wilde,45,0,0
1782351910891,48,HTTP Request,200,OK,Author Query 5-1,text,true,,263,155,10,70,http://localhost:8080/search?q=beauty&author=Oscar%20Wilde,48,0,0
1782351910880,60,HTTP Request,200,OK,Author Query 5-2,text,true,,263,155,10,70,http://localhost:8080/search?q=beauty&author=Oscar%20Wilde,60,0,0
1782351910873,67,HTTP Request,200,OK,Author Query 5-3,text,true,,263,155,10,70,http://localhost:8080/search?q=beauty&author=Oscar%20Wilde,67,0,0
1782351910866,86,HTTP Request,200,OK,Author Query 5-6,text,true,,263,155,10,70,http://localhost:8080/search?q=beauty&author=Oscar%20Wilde,86,0,0
1782351910888,72,HTTP Request,200,OK,Author Query 5-10,text,true,,263,155,10,70,http://localhost:8080/search?q=beauty&author=Oscar%20Wilde,72,0,0
1782351910890,72,HTTP Request,200,OK,Author Query 5-8,text,true,,263,155,10,70,http://localhost:8080/search?q=beauty&author=Oscar%20Wilde,72,0,0
1782351910891,75,HTTP Request,200,OK,Author Query 5-9,text,true,,263,155,10,70,http://localhost:8080/search?q=beauty&author=Oscar%20Wilde,75,0,0
1782351910909,62,HTTP Request,200,OK,Author Query 5-4,text,true,,263,155,10,70,http://localhost:8080/search?q=beauty&author=Oscar%20Wilde,62,0,0
1782351910890,114,HTTP Request,200,OK,Author Query 5-5,text,true,,263,155,10,70,http://localhost:8080/search?q=beauty&author=Oscar%20Wilde,114,0,0
1782351910919,85,HTTP Request,200,OK,Author Query 5-7,text,true,,263,155,10,70,http://localhost:8080/search?q=beauty&author=Oscar%20Wilde,85,0,0
1782351910960,60,HTTP Request,200,OK,Author Query 5-10,text,true,,263,155,10,70,http://localhost:8080/search?q=beauty&author=Oscar%20Wilde,60,0,0
1782351910972,63,HTTP Request,200,OK,Author Query 5-4,text,true,,263,155,10,70,http://localhost:8080/search?q=beauty&author=Oscar%20Wilde,63,0,0
1782351910952,84,HTTP Request,200,OK,Author Query 5-6,text,true,,263,155,10,70,http://localhost:8080/search?q=beauty&author=Oscar%20Wilde,84,0,0
1782351910967,69,HTTP Request,200,OK,Author Query 5-9,text,true,,263,155,10,70,http://localhost:8080/search?q=beauty&author=Oscar%20Wilde,69,0,0
1782351910940,96,HTTP Request,200,OK,Author Query 5-2,text,true,,263,155,10,70,http://localhost:8080/search?q=beauty&author=Oscar%20Wilde,96,0,0
1782351910939,102,HTTP Request,200,OK,Author Query 5-1,text,true,,263,155,10,70,http://localhost:8080/search?q=beauty&author=Oscar%20Wilde,102,0,0
1782351910940,101,HTTP Request,200,OK,Author Query 5-3,text,true,,263,155,10,70,http://localhost:8080/search?q=beauty&author=Oscar%20Wilde,101,0,0
1782351910962,109,HTTP Request,200,OK,Author Query 5-8,text,true,,263,155,10,70,http://localhost:8080/search?q=beauty&author=Oscar%20Wilde,109,0,0
1782351911020,59,HTTP Request,200,OK,Author Query 5-10,text,true,,263,155,10,70,http://localhost:8080/search?q=beauty&author=Oscar%20Wilde,59,0,0
1782351911004,77,HTTP Request,200,OK,Author Query 5-5,text,true,,263,155,10,70,http://localhost:8080/search?q=beauty&author=Oscar%20Wilde,77,0,0
1782351911004,77,HTTP Request,200,OK,Author Query 5-7,text,true,,263,155,10,70,http://localhost:8080/search?q=beauty&author=Oscar%20Wilde,77,0,0
1782351911036,64,HTTP Request,200,OK,Author Query 5-6,text,true,,263,155,10,70,http://localhost:8080/search?q=beauty&author=Oscar%20Wilde,64,0,0
1782351911041,59,HTTP Request,200,OK,Author Query 5-1,text,true,,263,155,10,70,http://localhost:8080/search?q=beauty&author=Oscar%20Wilde,59,0,0
1782351911036,65,HTTP Request,200,OK,Author Query 5-4,text,true,,263,155,10,70,http://localhost:8080/search?q=beauty&author=Oscar%20Wilde,65,0,0
1782351911036,73,HTTP Request,200,OK,Author Query 5-2,text,true,,263,155,10,70,http://localhost:8080/search?q=beauty&author=Oscar%20Wilde,73,0,0
1782351911036,77,HTTP Request,200,OK,Author Query 5-9,text,true,,263,155,10,70,http://localhost:8080/search?q=beauty&author=Oscar%20Wilde,77,0,0
1782351911071,46,HTTP Request,200,OK,Author Query 5-8,text,true,,263,155,10,70,http://localhost:8080/search?q=beauty&author=Oscar%20Wilde,46,0,0
1782351911041,79,HTTP Request,200,OK,Author Query 5-3,text,true,,263,155,10,70,http://localhost:8080/search?q=beauty&author=Oscar%20Wilde,79,0,0
1782351911079,54,HTTP Request,200,OK,Author Query 5-10,text,true,,263,155,10,70,http://localhost:8080/search?q=beauty&author=Oscar%20Wilde,54,0,0
1782351911082,71,HTTP Request,200,OK,Author Query 5-7,text,true,,263,155,10,70,http://localhost:8080/search?q=beauty&author=Oscar%20Wilde,71,0,0
1782351911100,61,HTTP Request,200,OK,Author Query 5-1,text,true,,263,155,10,70,http://localhost:8080/search?q=beauty&author=Oscar%20Wilde,61,0,0
1782351911081,80,HTTP Request,200,OK,Author Query 5-5,text,true,,263,155,10,70,http://localhost:8080/search?q=beauty&author=Oscar%20Wilde,80,0,0
1782351911109,52,HTTP Request,200,OK,Author Query 5-2,text,true,,263,155,10,70,http://localhost:8080/search?q=beauty&author=Oscar%20Wilde,52,0,0
1782351911101,67,HTTP Request,200,OK,Author Query 5-4,text,true,,263,155,10,70,http://localhost:8080/search?q=beauty&author=Oscar%20Wilde,67,0,0
1782351911100,71,HTTP Request,200,OK,Author Query 5-6,text,true,,263,155,10,70,http://localhost:8080/search?q=beauty&author=Oscar%20Wilde,71,0,0
1782351911117,56,HTTP Request,200,OK,Author Query 5-8,text,true,,263,155,10,70,http://localhost:8080/search?q=beauty&author=Oscar%20Wilde,56,0,0
1782351911133,41,HTTP Request,200,OK,Author Query 5-10,text,true,,263,155,10,70,http://localhost:8080/search?q=beauty&author=Oscar%20Wilde,41,0,0
1782351911120,54,HTTP Request,200,OK,Author Query 5-3,text,true,,263,155,10,70,http://localhost:8080/search?q=beauty&author=Oscar%20Wilde,54,0,0
1782351911114,68,HTTP Request,200,OK,Author Query 5-9,text,true,,263,155,10,70,http://localhost:8080/search?q=beauty&author=Oscar%20Wilde,68,0,0
1782351911153,42,HTTP Request,200,OK,Author Query 5-7,text,true,,263,155,10,70,http://localhost:8080/search?q=beauty&author=Oscar%20Wilde,42,0,0
1782351911174,22,HTTP Request,200,OK,Author Query 5-3,text,true,,263,155,10,70,http://localhost:8080/search?q=beauty&author=Oscar%20Wilde,22,0,0
1782351911162,45,HTTP Request,200,OK,Author Query 5-5,text,true,,263,155,10,70,http://localhost:8080/search?q=beauty&author=Oscar%20Wilde,45,0,0
1782351911161,51,HTTP Request,200,OK,Author Query 5-1,text,true,,263,155,10,70,http://localhost:8080/search?q=beauty&author=Oscar%20Wilde,51,0,0
1782351911162,63,HTTP Request,200,OK,Author Query 5-2,text,true,,263,155,10,70,http://localhost:8080/search?q=beauty&author=Oscar%20Wilde,63,0,0
1782351911195,50,HTTP Request,200,OK,Author Query 5-7,text,true,,263,155,10,70,http://localhost:8080/search?q=beauty&author=Oscar%20Wilde,50,0,0
1782351911174,72,HTTP Request,200,OK,Author Query 5-8,text,true,,263,155,10,70,http://localhost:8080/search?q=beauty&author=Oscar%20Wilde,72,0,0
1782351911171,86,HTTP Request,200,OK,Author Query 5-6,text,true,,263,155,10,70,http://localhost:8080/search?q=beauty&author=Oscar%20Wilde,86,0,0
1782351911196,62,HTTP Request,200,OK,Author Query 5-3,text,true,,263,155,10,70,http://localhost:8080/search?q=beauty&author=Oscar%20Wilde,62,0,0
1782351911168,97,HTTP Request,200,OK,Author Query 5-4,text,true,,263,155,10,70,http://localhost:8080/search?q=beauty&author=Oscar%20Wilde,97,0,0
1782351911174,91,HTTP Request,200,OK,Author Query 5-10,text,true,,263,155,10,70,http://localhost:8080/search?q=beauty&author=Oscar%20Wilde,91,0,0
1782351911182,102,HTTP Request,200,OK,Author Query 5-9,text,true,,263,155,10,70,http://localhost:8080/search?q=beauty&author=Oscar%20Wilde,102,0,0
1782351911207,85,HTTP Request,200,OK,Author Query 5-5,text,true,,263,155,10,70,http://localhost:8080/search?q=beauty&author=Oscar%20Wilde,85,0,0
1782351911257,39,HTTP Request,200,OK,Author Query 5-6,text,true,,263,155,10,70,http://localhost:8080/search?q=beauty&author=Oscar%20Wilde,39,0,0
1782351911246,50,HTTP Request,200,OK,Author Query 5-8,text,true,,263,155,10,70,http://localhost:8080/search?q=beauty&author=Oscar%20Wilde,50,0,0
1782351911266,33,HTTP Request,200,OK,Author Query 5-10,text,true,,263,155,10,70,http://localhost:8080/search?q=beauty&author=Oscar%20Wilde,33,0,0
1782351911213,93,HTTP Request,200,OK,Author Query 5-1,text,true,,263,155,10,70,http://localhost:8080/search?q=beauty&author=Oscar%20Wilde,93,0,0
1782351911258,53,HTTP Request,200,OK,Author Query 5-3,text,true,,263,155,10,70,http://localhost:8080/search?q=beauty&author=Oscar%20Wilde,53,0,0
1782351911225,87,HTTP Request,200,OK,Author Query 5-2,text,true,,263,155,10,70,http://localhost:8080/search?q=beauty&author=Oscar%20Wilde,87,0,0
1782351911246,69,HTTP Request,200,OK,Author Query 5-7,text,true,,263,155,10,70,http://localhost:8080/search?q=beauty&author=Oscar%20Wilde,69,0,0
1782351911266,51,HTTP Request,200,OK,Author Query 5-4,text,true,,263,155,10,70,http://localhost:8080/search?q=beauty&author=Oscar%20Wilde,51,0,0
1782351911284,59,HTTP Request,200,OK,Author Query 5-9,text,true,,263,155,10,70,http://localhost:8080/search?q=beauty&author=Oscar%20Wilde,59,0,0
1782351911296,74,HTTP Request,200,OK,Author Query 5-8,text,true,,263,155,10,70,http://localhost:8080/search?q=beauty&author=Oscar%20Wilde,74,0,0
1782351911292,97,HTTP Request,200,OK,Author Query 5-5,text,true,,263,155,10,70,http://localhost:8080/search?q=beauty&author=Oscar%20Wilde,97,0,0
1782351911312,77,HTTP Request,200,OK,Author Query 5-2,text,true,,263,155,10,70,http://localhost:8080/search?q=beauty&author=Oscar%20Wilde,77,0,0
1782351911316,90,HTTP Request,200,OK,Author Query 5-7,text,true,,263,155,10,70,http://localhost:8080/search?q=beauty&author=Oscar%20Wilde,90,0,0
1782351911312,98,HTTP Request,200,OK,Author Query 5-3,text,true,,263,155,10,70,http://localhost:8080/search?q=beauty&author=Oscar%20Wilde,98,0,0
1782351911317,93,HTTP Request,200,OK,Author Query 5-4,text,true,,263,155,10,70,http://localhost:8080/search?q=beauty&author=Oscar%20Wilde,93,0,0
1782351911343,79,HTTP Request,200,OK,Author Query 5-9,text,true,,263,155,10,70,http://localhost:8080/search?q=beauty&author=Oscar%20Wilde,79,0,0
1782351911299,123,HTTP Request,200,OK,Author Query 5-10,text,true,,263,155,10,70,http://localhost:8080/search?q=beauty&author=Oscar%20Wilde,123,0,0
1782351911307,121,HTTP Request,200,OK,Author Query 5-1,text,true,,263,155,10,70,http://localhost:8080/search?q=beauty&author=Oscar%20Wilde,121,0,0
1782351911296,163,HTTP Request,200,OK,Author Query 5-6,text,true,,263,155,10,70,http://localhost:8080/search?q=beauty&author=Oscar%20Wilde,163,0,0
1782351911370,143,HTTP Request,200,OK,Author Query 5-8,text,true,,263,155,10,70,http://localhost:8080/search?q=beauty&author=Oscar%20Wilde,143,0,0
1782351911389,149,HTTP Request,200,OK,Author Query 5-5,text,true,,263,155,10,70,http://localhost:8080/search?q=beauty&author=Oscar%20Wilde,149,0,0
1782351911422,116,HTTP Request,200,OK,Author Query 5-9,text,true,,263,155,10,70,http://localhost:8080/search?q=beauty&author=Oscar%20Wilde,116,0,0
1782351911410,128,HTTP Request,200,OK,Author Query 5-4,text,true,,263,155,10,70,http://localhost:8080/search?q=beauty&author=Oscar%20Wilde,128,0,0
1782351911410,129,HTTP Request,200,OK,Author Query 5-3,text,true,,263,155,10,70,http://localhost:8080/search?q=beauty&author=Oscar%20Wilde,129,0,0
1782351911428,111,HTTP Request,200,OK,Author Query 5-1,text,true,,263,155,10,70,http://localhost:8080/search?q=beauty&author=Oscar%20Wilde,111,0,0
1782351911406,133,HTTP Request,200,OK,Author Query 5-7,text,true,,263,155,10,70,http://localhost:8080/search?q=beauty&author=Oscar%20Wilde,133,0,0
1782351911389,154,HTTP Request,200,OK,Author Query 5-2,text,true,,263,155,10,70,http://localhost:8080/search?q=beauty&author=Oscar%20Wilde,154,0,0
1782351911423,121,HTTP Request,200,OK,Author Query 5-10,text,true,,263,155,10,70,http://localhost:8080/search?q=beauty&author=Oscar%20Wilde,121,0,0
1782351911460,110,HTTP Request,200,OK,Author Query 5-6,text,true,,263,155,10,70,http://localhost:8080/search?q=beauty&author=Oscar%20Wilde,110,0,0
1782351911513,78,HTTP Request,200,OK,Author Query 5-8,text,true,,263,155,10,70,http://localhost:8080/search?q=beauty&author=Oscar%20Wilde,78,0,0
1782351911544,50,HTTP Request,200,OK,Author Query 5-2,text,true,,263,155,10,70,http://localhost:8080/search?q=beauty&author=Oscar%20Wilde,50,0,0
1782351911539,56,HTTP Request,200,OK,Author Query 5-7,text,true,,263,155,10,70,http://localhost:8080/search?q=beauty&author=Oscar%20Wilde,56,0,0
1782351911538,86,HTTP Request,200,OK,Author Query 5-5,text,true,,263,155,10,70,http://localhost:8080/search?q=beauty&author=Oscar%20Wilde,86,0,0
1782351911539,90,HTTP Request,200,OK,Author Query 5-4,text,true,,263,155,10,70,http://localhost:8080/search?q=beauty&author=Oscar%20Wilde,90,0,0
1782351911539,90,HTTP Request,200,OK,Author Query 5-3,text,true,,263,155,10,70,http://localhost:8080/search?q=beauty&author=Oscar%20Wilde,90,0,0
1782351911545,84,HTTP Request,200,OK,Author Query 5-10,text,true,,263,155,10,70,http://localhost:8080/search?q=beauty&author=Oscar%20Wilde,84,0,0
1782351911539,95,HTTP Request,200,OK,Author Query 5-1,text,true,,263,155,10,70,http://localhost:8080/search?q=beauty&author=Oscar%20Wilde,95,0,0
1782351911538,99,HTTP Request,200,OK,Author Query 5-9,text,true,,263,155,10,70,http://localhost:8080/search?q=beauty&author=Oscar%20Wilde,99,0,0
1782351911570,69,HTTP Request,200,OK,Author Query 5-6,text,true,,263,155,10,70,http://localhost:8080/search?q=beauty&author=Oscar%20Wilde,69,0,0
1782351911595,51,HTTP Request,200,OK,Author Query 5-7,text,true,,263,155,10,70,http://localhost:8080/search?q=beauty&author=Oscar%20Wilde,51,0,0
1782351911595,54,HTTP Request,200,OK,Author Query 5-2,text,true,,263,155,10,70,http://localhost:8080/search?q=beauty&author=Oscar%20Wilde,54,0,0
1782351911591,64,HTTP Request,200,OK,Author Query 5-8,text,true,,263,155,10,70,http://localhost:8080/search?q=beauty&author=Oscar%20Wilde,64,0,0
1782351911629,40,HTTP Request,200,OK,Author Query 5-3,text,true,,263,155,10,70,http://localhost:8080/search?q=beauty&author=Oscar%20Wilde,40,0,0
1782351911634,54,HTTP Request,200,OK,Author Query 5-1,text,true,,263,155,10,70,http://localhost:8080/search?q=beauty&author=Oscar%20Wilde,54,0,0
1782351911637,63,HTTP Request,200,OK,Author Query 5-9,text,true,,263,155,10,70,http://localhost:8080/search?q=beauty&author=Oscar%20Wilde,63,0,0
1782351911624,104,HTTP Request,200,OK,Author Query 5-5,text,true,,263,155,10,70,http://localhost:8080/search?q=beauty&author=Oscar%20Wilde,104,0,0
1782351911629,111,HTTP Request,200,OK,Author Query 5-4,text,true,,263,155,10,70,http://localhost:8080/search?q=beauty&author=Oscar%20Wilde,111,0,0
1782351911655,89,HTTP Request,200,OK,Author Query 5-8,text,true,,263,155,10,70,http://localhost:8080/search?q=beauty&author=Oscar%20Wilde,89,0,0
1782351911640,105,HTTP Request,200,OK,Author Query 5-6,text,true,,263,155,10,70,http://localhost:8080/search?q=beauty&author=Oscar%20Wilde,105,0,0
1782351911646,102,HTTP Request,200,OK,Author Query 5-7,text,true,,263,155,10,70,http://localhost:8080/search?q=beauty&author=Oscar%20Wilde,102,0,0
1782351911630,118,HTTP Request,200,OK,Author Query 5-10,text,true,,263,155,10,70,http://localhost:8080/search?q=beauty&author=Oscar%20Wilde,118,0,0
1782351911650,98,HTTP Request,200,OK,Author Query 5-2,text,true,,263,155,10,70,http://localhost:8080/search?q=beauty&author=Oscar%20Wilde,98,0,0
1782351911670,87,HTTP Request,200,OK,Author Query 5-3,text,true,,263,155,10,70,http://localhost:8080/search?q=beauty&author=Oscar%20Wilde,87,0,0
1782351911741,76,HTTP Request,200,OK,Author Query 5-4,text,true,,263,155,10,70,http://localhost:8080/search?q=beauty&author=Oscar%20Wilde,76,0,0
1782351911688,130,HTTP Request,200,OK,Author Query 5-1,text,true,,263,155,10,70,http://localhost:8080/search?q=beauty&author=Oscar%20Wilde,130,0,0
1782351911700,127,HTTP Request,200,OK,Author Query 5-9,text,true,,263,155,10,70,http://localhost:8080/search?q=beauty&author=Oscar%20Wilde,127,0,0
1782351911744,93,HTTP Request,200,OK,Author Query 5-8,text,true,,263,155,10,70,http://localhost:8080/search?q=beauty&author=Oscar%20Wilde,93,0,0
1782351911729,108,HTTP Request,200,OK,Author Query 5-5,text,true,,263,155,10,70,http://localhost:8080/search?q=beauty&author=Oscar%20Wilde,108,0,0
1782351911748,94,HTTP Request,200,OK,Author Query 5-10,text,true,,263,155,10,70,http://localhost:8080/search?q=beauty&author=Oscar%20Wilde,94,0,0
1782351911745,109,HTTP Request,200,OK,Author Query 5-6,text,true,,263,155,10,70,http://localhost:8080/search?q=beauty&author=Oscar%20Wilde,109,0,0
1782351911748,107,HTTP Request,200,OK,Author Query 5-2,text,true,,263,155,10,70,http://localhost:8080/search?q=beauty&author=Oscar%20Wilde,107,0,0
1782351911748,107,HTTP Request,200,OK,Author Query 5-7,text,true,,263,155,10,70,http://localhost:8080/search?q=beauty&author=Oscar%20Wilde,107,0,0
1782351911757,121,HTTP Request,200,OK,Author Query 5-3,text,true,,263,155,10,70,http://localhost:8080/search?q=beauty&author=Oscar%20Wilde,121,0,0
1782351911818,80,HTTP Request,200,OK,Author Query 5-4,text,true,,263,155,10,70,http://localhost:8080/search?q=beauty&author=Oscar%20Wilde,80,0,0
1782351911818,82,HTTP Request,200,OK,Author Query 5-1,text,true,,263,155,10,70,http://localhost:8080/search?q=beauty&author=Oscar%20Wilde,82,0,0
1782351911855,88,HTTP Request,200,OK,Author Query 5-6,text,true,,263,155,10,70,http://localhost:8080/search?q=beauty&author=Oscar%20Wilde,88,0,0
1782351911878,85,HTTP Request,200,OK,Author Query 5-3,text,true,,263,155,10,70,http://localhost:8080/search?q=beauty&author=Oscar%20Wilde,85,0,0
1782351911843,120,HTTP Request,200,OK,Author Query 5-10,text,true,,263,155,10,70,http://localhost:8080/search?q=beauty&author=Oscar%20Wilde,120,0,0
1782351911827,137,HTTP Request,200,OK,Author Query 5-9,text,true,,263,155,10,70,http://localhost:8080/search?q=beauty&author=Oscar%20Wilde,137,0,0
1782351911837,127,HTTP Request,200,OK,Author Query 5-5,text,true,,263,155,10,70,http://localhost:8080/search?q=beauty&author=Oscar%20Wilde,127,0,0
1782351911855,109,HTTP Request,200,OK,Author Query 5-2,text,true,,263,155,10,70,http://localhost:8080/search?q=beauty&author=Oscar%20Wilde,109,0,0
1782351911837,128,HTTP Request,200,OK,Author Query 5-8,text,true,,263,155,10,70,http://localhost:8080/search?q=beauty&author=Oscar%20Wilde,128,0,0
1782351911855,110,HTTP Request,200,OK,Author Query 5-7,text,true,,263,155,10,70,http://localhost:8080/search?q=beauty&author=Oscar%20Wilde,110,0,0
1782351911898,90,HTTP Request,200,OK,Author Query 5-4,text,true,,263,155,10,70,http://localhost:8080/search?q=beauty&author=Oscar%20Wilde,90,0,0
1782351911900,95,HTTP Request,200,OK,Author Query 5-1,text,true,,263,155,10,70,http://localhost:8080/search?q=beauty&author=Oscar%20Wilde,95,0,0
1782351911943,97,HTTP Request,200,OK,Author Query 5-6,text,true,,263,155,10,70,http://localhost:8080/search?q=beauty&author=Oscar%20Wilde,97,0,0
1782351911995,63,HTTP Request,200,OK,Author Query 5-1,text,true,,263,155,10,70,http://localhost:8080/search?q=beauty&author=Oscar%20Wilde,63,0,0
1782351911989,69,HTTP Request,200,OK,Author Query 5-4,text,true,,263,155,10,70,http://localhost:8080/search?q=beauty&author=Oscar%20Wilde,69,0,0
1782351911965,93,HTTP Request,200,OK,Author Query 5-8,text,true,,263,155,10,70,http://localhost:8080/search?q=beauty&author=Oscar%20Wilde,93,0,0
1782351911964,96,HTTP Request,200,OK,Author Query 5-2,text,true,,263,155,10,70,http://localhost:8080/search?q=beauty&author=Oscar%20Wilde,96,0,0
1782351911964,96,HTTP Request,200,OK,Author Query 5-3,text,true,,263,155,10,70,http://localhost:8080/search?q=beauty&author=Oscar%20Wilde,96,0,0
1782351911964,112,HTTP Request,200,OK,Author Query 5-10,text,true,,263,155,10,70,http://localhost:8080/search?q=beauty&author=Oscar%20Wilde,112,0,0
1782351911964,117,HTTP Request,200,OK,Author Query 5-9,text,true,,263,155,10,70,http://localhost:8080/search?q=beauty&author=Oscar%20Wilde,117,0,0
1782351911965,126,HTTP Request,200,OK,Author Query 5-7,text,true,,263,155,10,70,http://localhost:8080/search?q=beauty&author=Oscar%20Wilde,126,0,0
1782351911964,131,HTTP Request,200,OK,Author Query 5-5,text,true,,263,155,10,70,http://localhost:8080/search?q=beauty&author=Oscar%20Wilde,131,0,0
1782351912076,46,HTTP Request,200,OK,Author Query 5-10,text,true,,263,155,10,70,http://localhost:8080/search?q=beauty&author=Oscar%20Wilde,46,0,0
1782351912081,44,HTTP Request,200,OK,Author Query 5-9,text,true,,263,155,10,70,http://localhost:8080/search?q=beauty&author=Oscar%20Wilde,44,0,0
1782351912061,65,HTTP Request,200,OK,Author Query 5-2,text,true,,263,155,10,70,http://localhost:8080/search?q=beauty&author=Oscar%20Wilde,65,0,0
1782351912058,69,HTTP Request,200,OK,Author Query 5-1,text,true,,263,155,10,70,http://localhost:8080/search?q=beauty&author=Oscar%20Wilde,69,0,0
1782351912059,71,HTTP Request,200,OK,Author Query 5-8,text,true,,263,155,10,70,http://localhost:8080/search?q=beauty&author=Oscar%20Wilde,71,0,0
1782351912091,40,HTTP Request,200,OK,Author Query 5-7,text,true,,263,155,10,70,http://localhost:8080/search?q=beauty&author=Oscar%20Wilde,40,0,0
1782351912041,90,HTTP Request,200,OK,Author Query 5-6,text,true,,263,155,10,70,http://localhost:8080/search?q=beauty&author=Oscar%20Wilde,90,0,0
1782351912058,82,HTTP Request,200,OK,Author Query 5-4,text,true,,263,155,10,70,http://localhost:8080/search?q=beauty&author=Oscar%20Wilde,82,0,0
1782351912061,86,HTTP Request,200,OK,Author Query 5-3,text,true,,263,155,10,70,http://localhost:8080/search?q=beauty&author=Oscar%20Wilde,86,0,0
1782351912095,62,HTTP Request,200,OK,Author Query 5-5,text,true,,263,155,10,70,http://localhost:8080/search?q=beauty&author=Oscar%20Wilde,62,0,0
1782351912130,72,HTTP Request,200,OK,Author Query 5-8,text,true,,263,155,10,70,http://localhost:8080/search?q=beauty&author=Oscar%20Wilde,72,0,0
1782351912132,83,HTTP Request,200,OK,Author Query 5-6,text,true,,263,155,10,70,http://localhost:8080/search?q=beauty&author=Oscar%20Wilde,83,0,0
1782351912122,94,HTTP Request,200,OK,Author Query 5-10,text,true,,263,155,10,70,http://localhost:8080/search?q=beauty&author=Oscar%20Wilde,94,0,0
1782351912125,92,HTTP Request,200,OK,Author Query 5-9,text,true,,263,155,10,70,http://localhost:8080/search?q=beauty&author=Oscar%20Wilde,92,0,0
1782351912140,77,HTTP Request,200,OK,Author Query 5-4,text,true,,263,155,10,70,http://localhost:8080/search?q=beauty&author=Oscar%20Wilde,77,0,0
1782351912127,90,HTTP Request,200,OK,Author Query 5-1,text,true,,263,155,10,70,http://localhost:8080/search?q=beauty&author=Oscar%20Wilde,90,0,0
1782351912132,85,HTTP Request,200,OK,Author Query 5-7,text,true,,263,155,10,70,http://localhost:8080/search?q=beauty&author=Oscar%20Wilde,85,0,0
1782351912150,69,HTTP Request,200,OK,Author Query 5-3,text,true,,263,155,10,70,http://localhost:8080/search?q=beauty&author=Oscar%20Wilde,69,0,0
1782351912126,93,HTTP Request,200,OK,Author Query 5-2,text,true,,263,155,10,70,http://localhost:8080/search?q=beauty&author=Oscar%20Wilde,93,0,0
1782351912157,68,HTTP Request,200,OK,Author Query 5-5,text,true,,263,155,10,70,http://localhost:8080/search?q=beauty&author=Oscar%20Wilde,68,0,0
1782351912203,106,HTTP Request,200,OK,Author Query 5-8,text,true,,263,155,10,70,http://localhost:8080/search?q=beauty&author=Oscar%20Wilde,106,0,0
1782351912220,105,HTTP Request,200,OK,Author Query 5-2,text,true,,263,155,10,70,http://localhost:8080/search?q=beauty&author=Oscar%20Wilde,105,0,0
1782351912218,110,HTTP Request,200,OK,Author Query 5-1,text,true,,263,155,10,70,http://localhost:8080/search?q=beauty&author=Oscar%20Wilde,110,0,0
1782351912225,103,HTTP Request,200,OK,Author Query 5-5,text,true,,263,155,10,70,http://localhost:8080/search?q=beauty&author=Oscar%20Wilde,103,0,0
1782351912215,123,HTTP Request,200,OK,Author Query 5-6,text,true,,263,155,10,70,http://localhost:8080/search?q=beauty&author=Oscar%20Wilde,123,0,0
1782351912218,120,HTTP Request,200,OK,Author Query 5-4,text,true,,263,155,10,70,http://localhost:8080/search?q=beauty&author=Oscar%20Wilde,120,0,0
1782351912219,119,HTTP Request,200,OK,Author Query 5-3,text,true,,263,155,10,70,http://localhost:8080/search?q=beauty&author=Oscar%20Wilde,119,0,0
1782351912216,122,HTTP Request,200,OK,Author Query 5-10,text,true,,263,155,10,70,http://localhost:8080/search?q=beauty&author=Oscar%20Wilde,122,0,0
1782351912218,137,HTTP Request,200,OK,Author Query 5-7,text,true,,263,155,10,70,http://localhost:8080/search?q=beauty&author=Oscar%20Wilde,137,0,0
1782351912217,147,HTTP Request,200,OK,Author Query 5-9,text,true,,263,155,10,70,http://localhost:8080/search?q=beauty&author=Oscar%20Wilde,147,0,0
1782351912309,81,HTTP Request,200,OK,Author Query 5-8,text,true,,263,155,10,70,http://localhost:8080/search?q=beauty&author=Oscar%20Wilde,81,0,0
1782351912338,57,HTTP Request,200,OK,Author Query 5-6,text,true,,263,155,10,70,http://localhost:8080/search?q=beauty&author=Oscar%20Wilde,57,0,0
1782351912326,81,HTTP Request,200,OK,Author Query 5-2,text,true,,263,155,10,70,http://localhost:8080/search?q=beauty&author=Oscar%20Wilde,81,0,0
1782351912338,75,HTTP Request,200,OK,Author Query 5-4,text,true,,263,155,10,70,http://localhost:8080/search?q=beauty&author=Oscar%20Wilde,75,0,0
1782351912355,61,HTTP Request,200,OK,Author Query 5-7,text,true,,263,155,10,70,http://localhost:8080/search?q=beauty&author=Oscar%20Wilde,61,0,0
1782351912328,91,HTTP Request,200,OK,Author Query 5-5,text,true,,263,155,10,70,http://localhost:8080/search?q=beauty&author=Oscar%20Wilde,91,0,0
1782351912364,58,HTTP Request,200,OK,Author Query 5-9,text,true,,263,155,10,70,http://localhost:8080/search?q=beauty&author=Oscar%20Wilde,58,0,0
1782351912338,88,HTTP Request,200,OK,Author Query 5-3,text,true,,263,155,10,70,http://localhost:8080/search?q=beauty&author=Oscar%20Wilde,88,0,0
1782351912338,91,HTTP Request,200,OK,Author Query 5-10,text,true,,263,155,10,70,http://localhost:8080/search?q=beauty&author=Oscar%20Wilde,91,0,0
1782351912390,45,HTTP Request,200,OK,Author Query 5-8,text,true,,263,155,10,70,http://localhost:8080/search?q=beauty&author=Oscar%20Wilde,45,0,0
1782351912328,109,HTTP Request,200,OK,Author Query 5-1,text,true,,263,155,10,70,http://localhost:8080/search?q=beauty&author=Oscar%20Wilde,109,0,0
1782351912416,48,HTTP Request,200,OK,Author Query 5-7,text,true,,263,155,10,70,http://localhost:8080/search?q=beauty&author=Oscar%20Wilde,48,0,0
1782351912426,46,HTTP Request,200,OK,Author Query 5-3,text,true,,263,155,10,70,http://localhost:8080/search?q=beauty&author=Oscar%20Wilde,46,0,0
1782351912407,68,HTTP Request,200,OK,Author Query 5-2,text,true,,263,155,10,70,http://localhost:8080/search?q=beauty&author=Oscar%20Wilde,68,0,0
1782351912422,55,HTTP Request,200,OK,Author Query 5-9,text,true,,263,155,10,70,http://localhost:8080/search?q=beauty&author=Oscar%20Wilde,55,0,0
1782351912429,48,HTTP Request,200,OK,Author Query 5-10,text,true,,263,155,10,70,http://localhost:8080/search?q=beauty&author=Oscar%20Wilde,48,0,0
1782351912419,59,HTTP Request,200,OK,Author Query 5-5,text,true,,263,155,10,70,http://localhost:8080/search?q=beauty&author=Oscar%20Wilde,59,0,0
1782351912414,66,HTTP Request,200,OK,Author Query 5-4,text,true,,263,155,10,70,http://localhost:8080/search?q=beauty&author=Oscar%20Wilde,66,0,0
1782351912437,61,HTTP Request,200,OK,Author Query 5-1,text,true,,263,155,10,70,http://localhost:8080/search?q=beauty&author=Oscar%20Wilde,61,0,0
1782351912395,106,HTTP Request,200,OK,Author Query 5-6,text,true,,263,155,10,70,http://localhost:8080/search?q=beauty&author=Oscar%20Wilde,106,0,0
1782351912435,106,HTTP Request,200,OK,Author Query 5-8,text,true,,263,155,10,70,http://localhost:8080/search?q=beauty&author=Oscar%20Wilde,106,0,0
1782351912477,71,HTTP Request,200,OK,Author Query 5-10,text,true,,263,155,10,70,http://localhost:8080/search?q=beauty&author=Oscar%20Wilde,71,0,0
1782351912475,74,HTTP Request,200,OK,Author Query 5-2,text,true,,263,155,10,70,http://localhost:8080/search?q=beauty&author=Oscar%20Wilde,74,0,0
1782351912464,85,HTTP Request,200,OK,Author Query 5-7,text,true,,263,155,10,70,http://localhost:8080/search?q=beauty&author=Oscar%20Wilde,85,0,0
1782351912472,77,HTTP Request,200,OK,Author Query 5-3,text,true,,263,155,10,70,http://localhost:8080/search?q=beauty&author=Oscar%20Wilde,77,0,0
1782351912478,73,HTTP Request,200,OK,Author Query 5-5,text,true,,263,155,10,70,http://localhost:8080/search?q=beauty&author=Oscar%20Wilde,73,0,0
1782351912481,80,HTTP Request,200,OK,Author Query 5-4,text,true,,263,155,10,70,http://localhost:8080/search?q=beauty&author=Oscar%20Wilde,80,0,0
1782351912477,87,HTTP Request,200,OK,Author Query 5-9,text,true,,263,155,10,70,http://localhost:8080/search?q=beauty&author=Oscar%20Wilde,87,0,0
1782351912549,38,HTTP Request,200,OK,Author Query 5-2,text,true,,263,155,10,70,http://localhost:8080/search?q=beauty&author=Oscar%20Wilde,38,0,0
1782351912501,86,HTTP Request,200,OK,Author Query 5-6,text,true,,263,155,10,70,http://localhost:8080/search?q=beauty&author=Oscar%20Wilde,86,0,0
1782351912498,134,HTTP Request,200,OK,Author Query 5-1,text,true,,263,155,10,70,http://localhost:8080/search?q=beauty&author=Oscar%20Wilde,134,0,0
1782351912551,81,HTTP Request,200,OK,Author Query 5-5,text,true,,263,155,10,70,http://localhost:8080/search?q=beauty&author=Oscar%20Wilde,81,0,0
1782351912549,84,HTTP Request,200,OK,Author Query 5-3,text,true,,263,155,10,70,http://localhost:8080/search?q=beauty&author=Oscar%20Wilde,84,0,0
1782351912549,84,HTTP Request,200,OK,Author Query 5-10,text,true,,263,155,10,70,http://localhost:8080/search?q=beauty&author=Oscar%20Wilde,84,0,0
1782351912549,84,HTTP Request,200,OK,Author Query 5-7,text,true,,263,155,10,70,http://localhost:8080/search?q=beauty&author=Oscar%20Wilde,84,0,0
1782351912565,71,HTTP Request,200,OK,Author Query 5-9,text,true,,263,155,10,70,http://localhost:8080/search?q=beauty&author=Oscar%20Wilde,71,0,0
1782351912561,82,HTTP Request,200,OK,Author Query 5-4,text,true,,263,155,10,70,http://localhost:8080/search?q=beauty&author=Oscar%20Wilde,82,0,0
1782351912588,66,HTTP Request,200,OK,Author Query 5-6,text,true,,263,155,10,70,http://localhost:8080/search?q=beauty&author=Oscar%20Wilde,66,0,0
1782351912588,70,HTTP Request,200,OK,Author Query 5-2,text,true,,263,155,10,70,http://localhost:8080/search?q=beauty&author=Oscar%20Wilde,70,0,0
1782351912541,145,HTTP Request,200,OK,Author Query 5-8,text,true,,263,155,10,70,http://localhost:8080/search?q=beauty&author=Oscar%20Wilde,145,0,0
1782351912633,59,HTTP Request,200,OK,Author Query 5-10,text,true,,263,155,10,70,http://localhost:8080/search?q=beauty&author=Oscar%20Wilde,59,0,0
1782351912643,50,HTTP Request,200,OK,Author Query 5-4,text,true,,263,155,10,70,http://localhost:8080/search?q=beauty&author=Oscar%20Wilde,50,0,0
1782351912633,61,HTTP Request,200,OK,Author Query 5-3,text,true,,263,155,10,70,http://localhost:8080/search?q=beauty&author=Oscar%20Wilde,61,0,0
1782351912632,62,HTTP Request,200,OK,Author Query 5-5,text,true,,263,155,10,70,http://localhost:8080/search?q=beauty&author=Oscar%20Wilde,62,0,0
1782351912633,74,HTTP Request,200,OK,Author Query 5-7,text,true,,263,155,10,70,http://localhost:8080/search?q=beauty&author=Oscar%20Wilde,74,0,0
1782351912636,72,HTTP Request,200,OK,Author Query 5-9,text,true,,263,155,10,70,http://localhost:8080/search?q=beauty&author=Oscar%20Wilde,72,0,0
1782351912632,84,HTTP Request,200,OK,Author Query 5-1,text,true,,263,155,10,70,http://localhost:8080/search?q=beauty&author=Oscar%20Wilde,84,0,0
1782351912654,63,HTTP Request,200,OK,Author Query 5-6,text,true,,263,155,10,70,http://localhost:8080/search?q=beauty&author=Oscar%20Wilde,62,0,0
1782351912694,38,HTTP Request,200,OK,Author Query 5-5,text,true,,263,155,10,70,http://localhost:8080/search?q=beauty&author=Oscar%20Wilde,38,0,0
1782351912692,40,HTTP Request,200,OK,Author Query 5-10,text,true,,263,155,10,70,http://localhost:8080/search?q=beauty&author=Oscar%20Wilde,40,0,0
1782351912658,74,HTTP Request,200,OK,Author Query 5-2,text,true,,263,155,10,70,http://localhost:8080/search?q=beauty&author=Oscar%20Wilde,74,0,0
1782351912694,56,HTTP Request,200,OK,Author Query 5-3,text,true,,263,155,10,70,http://localhost:8080/search?q=beauty&author=Oscar%20Wilde,56,0,0
1782351912707,44,HTTP Request,200,OK,Author Query 5-7,text,true,,263,155,10,70,http://localhost:8080/search?q=beauty&author=Oscar%20Wilde,44,0,0
1782351912694,59,HTTP Request,200,OK,Author Query 5-4,text,true,,263,155,10,70,http://localhost:8080/search?q=beauty&author=Oscar%20Wilde,59,0,0
1782351912716,39,HTTP Request,200,OK,Author Query 5-1,text,true,,263,155,10,70,http://localhost:8080/search?q=beauty&author=Oscar%20Wilde,39,0,0
1782351912718,41,HTTP Request,200,OK,Author Query 5-6,text,true,,263,155,10,70,http://localhost:8080/search?q=beauty&author=Oscar%20Wilde,41,0,0
1782351912732,27,HTTP Request,200,OK,Author Query 5-5,text,true,,263,155,10,70,http://localhost:8080/search?q=beauty&author=Oscar%20Wilde,27,0,0
1782351912708,52,HTTP Request,200,OK,Author Query 5-9,text,true,,263,155,10,70,http://localhost:8080/search?q=beauty&author=Oscar%20Wilde,52,0,0
1782351912687,73,HTTP Request,200,OK,Author Query 5-8,text,true,,263,155,10,70,http://localhost:8080/search?q=beauty&author=Oscar%20Wilde,73,0,0
1782351912732,36,HTTP Request,200,OK,Author Query 5-2,text,true,,263,155,10,70,http://localhost:8080/search?q=beauty&author=Oscar%20Wilde,36,0,0
1782351912732,54,HTTP Request,200,OK,Author Query 5-10,text,true,,263,155,10,70,http://localhost:8080/search?q=beauty&author=Oscar%20Wilde,54,0,0
1782351912760,46,HTTP Request,200,OK,Author Query 5-9,text,true,,263,155,10,70,http://localhost:8080/search?q=beauty&author=Oscar%20Wilde,46,0,0
1782351912752,54,HTTP Request,200,OK,Author Query 5-7,text,true,,263,155,10,70,http://localhost:8080/search?q=beauty&author=Oscar%20Wilde,54,0,0
1782351912759,49,HTTP Request,200,OK,Author Query 5-6,text,true,,263,155,10,70,http://localhost:8080/search?q=beauty&author=Oscar%20Wilde,49,0,0
1782351912759,51,HTTP Request,200,OK,Author Query 5-5,text,true,,263,155,10,70,http://localhost:8080/search?q=beauty&author=Oscar%20Wilde,51,0,0
1782351912768,49,HTTP Request,200,OK,Author Query 5-2,text,true,,263,155,10,70,http://localhost:8080/search?q=beauty&author=Oscar%20Wilde,49,0,0
1782351912750,69,HTTP Request,200,OK,Author Query 5-3,text,true,,263,155,10,70,http://localhost:8080/search?q=beauty&author=Oscar%20Wilde,69,0,0
1782351912753,108,HTTP Request,200,OK,Author Query 5-4,text,true,,263,155,10,70,http://localhost:8080/search?q=beauty&author=Oscar%20Wilde,108,0,0
1782351912755,108,HTTP Request,200,OK,Author Query 5-1,text,true,,263,155,10,70,http://localhost:8080/search?q=beauty&author=Oscar%20Wilde,108,0,0
1782351912760,108,HTTP Request,200,OK,Author Query 5-8,text,true,,263,155,10,70,http://localhost:8080/search?q=beauty&author=Oscar%20Wilde,108,0,0
1782351912786,89,HTTP Request,200,OK,Author Query 5-10,text,true,,263,155,10,70,http://localhost:8080/search?q=beauty&author=Oscar%20Wilde,89,0,0
1782351912810,65,HTTP Request,200,OK,Author Query 5-5,text,true,,263,155,10,70,http://localhost:8080/search?q=beauty&author=Oscar%20Wilde,65,0,0
1782351912806,70,HTTP Request,200,OK,Author Query 5-9,text,true,,263,155,10,70,http://localhost:8080/search?q=beauty&author=Oscar%20Wilde,70,0,0
1782351912819,61,HTTP Request,200,OK,Author Query 5-3,text,true,,263,155,10,70,http://localhost:8080/search?q=beauty&author=Oscar%20Wilde,61,0,0
1782351912808,77,HTTP Request,200,OK,Author Query 5-6,text,true,,263,155,10,70,http://localhost:8080/search?q=beauty&author=Oscar%20Wilde,77,0,0
1782351912818,85,HTTP Request,200,OK,Author Query 5-2,text,true,,263,155,10,70,http://localhost:8080/search?q=beauty&author=Oscar%20Wilde,85,0,0
1782351912863,50,HTTP Request,200,OK,Author Query 5-1,text,true,,263,155,10,70,http://localhost:8080/search?q=beauty&author=Oscar%20Wilde,50,0,0
1782351912862,79,HTTP Request,200,OK,Author Query 5-4,text,true,,263,155,10,70,http://localhost:8080/search?q=beauty&author=Oscar%20Wilde,79,0,0
1782351912868,74,HTTP Request,200,OK,Author Query 5-8,text,true,,263,155,10,70,http://localhost:8080/search?q=beauty&author=Oscar%20Wilde,74,0,0
1782351912881,61,HTTP Request,200,OK,Author Query 5-3,text,true,,263,155,10,70,http://localhost:8080/search?q=beauty&author=Oscar%20Wilde,61,0,0
1782351912875,67,HTTP Request,200,OK,Author Query 5-10,text,true,,263,155,10,70,http://localhost:8080/search?q=beauty&author=Oscar%20Wilde,67,0,0
1782351912876,66,HTTP Request,200,OK,Author Query 5-5,text,true,,263,155,10,70,http://localhost:8080/search?q=beauty&author=Oscar%20Wilde,66,0,0
1782351912876,66,HTTP Request,200,OK,Author Query 5-9,text,true,,263,155,10,70,http://localhost:8080/search?q=beauty&author=Oscar%20Wilde,66,0,0
1782351912886,56,HTTP Request,200,OK,Author Query 5-6,text,true,,263,155,10,70,http://localhost:8080/search?q=beauty&author=Oscar%20Wilde,56,0,0
1782351912806,136,HTTP Request,200,OK,Author Query 5-7,text,true,,263,155,10,70,http://localhost:8080/search?q=beauty&author=Oscar%20Wilde,136,0,0
1782351912903,70,HTTP Request,200,OK,Author Query 5-2,text,true,,263,155,10,70,http://localhost:8080/search?q=beauty&author=Oscar%20Wilde,70,0,0
1782351912913,73,HTTP Request,200,OK,Author Query 5-1,text,true,,263,155,10,70,http://localhost:8080/search?q=beauty&author=Oscar%20Wilde,73,0,0
1782351912942,116,HTTP Request,200,OK,Author Query 5-6,text,true,,263,155,10,70,http://localhost:8080/search?q=beauty&author=Oscar%20Wilde,116,0,0
1782351912942,117,HTTP Request,200,OK,Author Query 5-5,text,true,,263,155,10,70,http://localhost:8080/search?q=beauty&author=Oscar%20Wilde,117,0,0
1782351912942,119,HTTP Request,200,OK,Author Query 5-9,text,true,,263,155,10,70,http://localhost:8080/search?q=beauty&author=Oscar%20Wilde,119,0,0
1782351912941,123,HTTP Request,200,OK,Author Query 5-4,text,true,,263,155,10,70,http://localhost:8080/search?q=beauty&author=Oscar%20Wilde,123,0,0
1782351912942,122,HTTP Request,200,OK,Author Query 5-8,text,true,,263,155,10,70,http://localhost:8080/search?q=beauty&author=Oscar%20Wilde,122,0,0
1782351912942,128,HTTP Request,200,OK,Author Query 5-3,text,true,,263,155,10,70,http://localhost:8080/search?q=beauty&author=Oscar%20Wilde,128,0,0
1782351912942,130,HTTP Request,200,OK,Author Query 5-10,text,true,,263,155,10,70,http://localhost:8080/search?q=beauty&author=Oscar%20Wilde,130,0,0
1782351912942,130,HTTP Request,200,OK,Author Query 5-7,text,true,,263,155,10,70,http://localhost:8080/search?q=beauty&author=Oscar%20Wilde,130,0,0
1782351912973,100,HTTP Request,200,OK,Author Query 5-2,text,true,,263,155,10,70,http://localhost:8080/search?q=beauty&author=Oscar%20Wilde,100,0,0
1782351912986,111,HTTP Request,200,OK,Author Query 5-1,text,true,,263,155,10,70,http://localhost:8080/search?q=beauty&author=Oscar%20Wilde,111,0,0
1782351913072,44,HTTP Request,200,OK,Author Query 5-7,text,true,,263,155,10,70,http://localhost:8080/search?q=beauty&author=Oscar%20Wilde,44,0,0
1782351913064,52,HTTP Request,200,OK,Author Query 5-4,text,true,,263,155,10,70,http://localhost:8080/search?q=beauty&author=Oscar%20Wilde,52,0,0
1782351913061,55,HTTP Request,200,OK,Author Query 5-9,text,true,,263,155,10,70,http://localhost:8080/search?q=beauty&author=Oscar%20Wilde,55,0,0
1782351913073,53,HTTP Request,200,OK,Author Query 5-2,text,true,,263,155,10,70,http://localhost:8080/search?q=beauty&author=Oscar%20Wilde,53,0,0
1782351913058,74,HTTP Request,200,OK,Author Query 5-6,text,true,,263,155,10,70,http://localhost:8080/search?q=beauty&author=Oscar%20Wilde,74,0,0
1782351913071,61,HTTP Request,200,OK,Author Query 5-3,text,true,,263,155,10,70,http://localhost:8080/search?q=beauty&author=Oscar%20Wilde,61,0,0
1782351913064,70,HTTP Request,200,OK,Author Query 5-8,text,true,,263,155,10,70,http://localhost:8080/search?q=beauty&author=Oscar%20Wilde,70,0,0
1782351913060,84,HTTP Request,200,OK,Author Query 5-5,text,true,,263,155,10,70,http://localhost:8080/search?q=beauty&author=Oscar%20Wilde,84,0,0
1782351913098,49,HTTP Request,200,OK,Author Query 5-1,text,true,,263,155,10,70,http://localhost:8080/search?q=beauty&author=Oscar%20Wilde,49,0,0
1782351913116,45,HTTP Request,200,OK,Author Query 5-7,text,true,,263,155,10,70,http://localhost:8080/search?q=beauty&author=Oscar%20Wilde,45,0,0
1782351913072,89,HTTP Request,200,OK,Author Query 5-10,text,true,,263,155,10,70,http://localhost:8080/search?q=beauty&author=Oscar%20Wilde,89,0,0
1782351913117,44,HTTP Request,200,OK,Author Query 5-9,text,true,,263,155,10,70,http://localhost:8080/search?q=beauty&author=Oscar%20Wilde,44,0,0
1782351913116,52,HTTP Request,200,OK,Author Query 5-4,text,true,,263,155,10,70,http://localhost:8080/search?q=beauty&author=Oscar%20Wilde,52,0,0
1782351913126,51,HTTP Request,200,OK,Author Query 5-2,text,true,,263,155,10,70,http://localhost:8080/search?q=beauty&author=Oscar%20Wilde,51,0,0
1782351913134,43,HTTP Request,200,OK,Author Query 5-8,text,true,,263,155,10,70,http://localhost:8080/search?q=beauty&author=Oscar%20Wilde,43,0,0
1782351913133,45,HTTP Request,200,OK,Author Query 5-3,text,true,,263,155,10,70,http://localhost:8080/search?q=beauty&author=Oscar%20Wilde,45,0,0
1782351913144,43,HTTP Request,200,OK,Author Query 5-5,text,true,,263,155,10,70,http://localhost:8080/search?q=beauty&author=Oscar%20Wilde,43,0,0
1782351913147,61,HTTP Request,200,OK,Author Query 5-1,text,true,,263,155,10,70,http://localhost:8080/search?q=beauty&author=Oscar%20Wilde,61,0,0
1782351913133,80,HTTP Request,200,OK,Author Query 5-6,text,true,,263,155,10,70,http://localhost:8080/search?q=beauty&author=Oscar%20Wilde,80,0,0
1782351913178,41,HTTP Request,200,OK,Author Query 5-3,text,true,,263,155,10,70,http://localhost:8080/search?q=beauty&author=Oscar%20Wilde,41,0,0
1782351913161,61,HTTP Request,200,OK,Author Query 5-7,text,true,,263,155,10,70,http://localhost:8080/search?q=beauty&author=Oscar%20Wilde,61,0,0
1782351913168,54,HTTP Request,200,OK,Author Query 5-4,text,true,,263,155,10,70,http://localhost:8080/search?q=beauty&author=Oscar%20Wilde,54,0,0
1782351913178,47,HTTP Request,200,OK,Author Query 5-2,text,true,,263,155,10,70,http://localhost:8080/search?q=beauty&author=Oscar%20Wilde,47,0,0
1782351913161,66,HTTP Request,200,OK,Author Query 5-10,text,true,,263,155,10,70,http://localhost:8080/search?q=beauty&author=Oscar%20Wilde,66,0,0
1782351913161,70,HTTP Request,200,OK,Author Query 5-9,text,true,,263,155,10,70,http://localhost:8080/search?q=beauty&author=Oscar%20Wilde,70,0,0
1782351913178,54,HTTP Request,200,OK,Author Query 5-8,text,true,,263,155,10,70,http://localhost:8080/search?q=beauty&author=Oscar%20Wilde,54,0,0
1782351913208,41,HTTP Request,200,OK,Author Query 5-1,text,true,,263,155,10,70,http://localhost:8080/search?q=beauty&author=Oscar%20Wilde,41,0,0
1782351913213,36,HTTP Request,200,OK,Author Query 5-6,text,true,,263,155,10,70,http://localhost:8080/search?q=beauty&author=Oscar%20Wilde,36,0,0
1782351913219,47,HTTP Request,200,OK,Author Query 5-3,text,true,,263,155,10,70,http://localhost:8080/search?q=beauty&author=Oscar%20Wilde,47,0,0
1782351913225,41,HTTP Request,200,OK,Author Query 5-2,text,true,,263,155,10,70,http://localhost:8080/search?q=beauty&author=Oscar%20Wilde,41,0,0
1782351913187,89,HTTP Request,200,OK,Author Query 5-5,text,true,,263,155,10,70,http://localhost:8080/search?q=beauty&author=Oscar%20Wilde,89,0,0
1782351913228,48,HTTP Request,200,OK,Author Query 5-10,text,true,,263,155,10,70,http://localhost:8080/search?q=beauty&author=Oscar%20Wilde,48,0,0
1782351913231,48,HTTP Request,200,OK,Author Query 5-9,text,true,,263,155,10,70,http://localhost:8080/search?q=beauty&author=Oscar%20Wilde,48,0,0
1782351913223,60,HTTP Request,200,OK,Author Query 5-7,text,true,,263,155,10,70,http://localhost:8080/search?q=beauty&author=Oscar%20Wilde,60,0,0
1782351913223,60,HTTP Request,200,OK,Author Query 5-4,text,true,,263,155,10,70,http://localhost:8080/search?q=beauty&author=Oscar%20Wilde,60,0,0
1782351913232,53,HTTP Request,200,OK,Author Query 5-8,text,true,,263,155,10,70,http://localhost:8080/search?q=beauty&author=Oscar%20Wilde,53,0,0
1782351913249,49,HTTP Request,200,OK,Author Query 5-1,text,true,,263,155,10,70,http://localhost:8080/search?q=beauty&author=Oscar%20Wilde,49,0,0
1782351913250,49,HTTP Request,200,OK,Author Query 5-6,text,true,,263,155,10,70,http://localhost:8080/search?q=beauty&author=Oscar%20Wilde,49,0,0
1782351913266,39,HTTP Request,200,OK,Author Query 5-3,text,true,,263,155,10,70,http://localhost:8080/search?q=beauty&author=Oscar%20Wilde,39,0,0
1782351913283,47,HTTP Request,200,OK,Author Query 5-4,text,true,,263,155,10,70,http://localhost:8080/search?q=beauty&author=Oscar%20Wilde,47,0,0
1782351913266,67,HTTP Request,200,OK,Author Query 5-2,text,true,,263,155,10,70,http://localhost:8080/search?q=beauty&author=Oscar%20Wilde,67,0,0
1782351913285,52,HTTP Request,200,OK,Author Query 5-8,text,true,,263,155,10,70,http://localhost:8080/search?q=beauty&author=Oscar%20Wilde,52,0,0
1782351913279,60,HTTP Request,200,OK,Author Query 5-9,text,true,,263,155,10,70,http://localhost:8080/search?q=beauty&author=Oscar%20Wilde,60,0,0
1782351913276,63,HTTP Request,200,OK,Author Query 5-10,text,true,,263,155,10,70,http://localhost:8080/search?q=beauty&author=Oscar%20Wilde,63,0,0
1782351913276,63,HTTP Request,200,OK,Author Query 5-5,text,true,,263,155,10,70,http://localhost:8080/search?q=beauty&author=Oscar%20Wilde,63,0,0
1782351913299,43,HTTP Request,200,OK,Author Query 5-1,text,true,,263,155,10,70,http://localhost:8080/search?q=beauty&author=Oscar%20Wilde,43,0,0
1782351913283,61,HTTP Request,200,OK,Author Query 5-7,text,true,,263,155,10,70,http://localhost:8080/search?q=beauty&author=Oscar%20Wilde,61,0,0
1782351913299,53,HTTP Request,200,OK,Author Query 5-6,text,true,,263,155,10,70,http://localhost:8080/search?q=beauty&author=Oscar%20Wilde,53,0,0
1782351913305,75,HTTP Request,200,OK,Author Query 5-3,text,true,,263,155,10,70,http://localhost:8080/search?q=beauty&author=Oscar%20Wilde,75,0,0
1782351913331,92,HTTP Request,200,OK,Author Query 5-4,text,true,,263,155,10,70,http://localhost:8080/search?q=beauty&author=Oscar%20Wilde,92,0,0
1782351913339,84,HTTP Request,200,OK,Author Query 5-5,text,true,,263,155,10,70,http://localhost:8080/search?q=beauty&author=Oscar%20Wilde,84,0,0
1782351913333,90,HTTP Request,200,OK,Author Query 5-2,text,true,,263,155,10,70,http://localhost:8080/search?q=beauty&author=Oscar%20Wilde,90,0,0
1782351913339,84,HTTP Request,200,OK,Author Query 5-9,text,true,,263,155,10,70,http://localhost:8080/search?q=beauty&author=Oscar%20Wilde,84,0,0
1782351913339,89,HTTP Request,200,OK,Author Query 5-10,text,true,,263,155,10,70,http://localhost:8080/search?q=beauty&author=Oscar%20Wilde,89,0,0
1782351913342,89,HTTP Request,200,OK,Author Query 5-1,text,true,,263,155,10,70,http://localhost:8080/search?q=beauty&author=Oscar%20Wilde,89,0,0
1782351913353,85,HTTP Request,200,OK,Author Query 5-6,text,true,,263,155,10,70,http://localhost:8080/search?q=beauty&author=Oscar%20Wilde,85,0,0
1782351913337,101,HTTP Request,200,OK,Author Query 5-8,text,true,,263,155,10,70,http://localhost:8080/search?q=beauty&author=Oscar%20Wilde,101,0,0
1782351913344,94,HTTP Request,200,OK,Author Query 5-7,text,true,,263,155,10,70,http://localhost:8080/search?q=beauty&author=Oscar%20Wilde,94,0,0
1782351913423,75,HTTP Request,200,OK,Author Query 5-9,text,true,,263,155,10,70,http://localhost:8080/search?q=beauty&author=Oscar%20Wilde,75,0,0
1782351913438,60,HTTP Request,200,OK,Author Query 5-8,text,true,,263,155,10,70,http://localhost:8080/search?q=beauty&author=Oscar%20Wilde,60,0,0
1782351913382,117,HTTP Request,200,OK,Author Query 5-3,text,true,,263,155,10,70,http://localhost:8080/search?q=beauty&author=Oscar%20Wilde,117,0,0
1782351913423,75,HTTP Request,200,OK,Author Query 5-2,text,true,,263,155,10,70,http://localhost:8080/search?q=beauty&author=Oscar%20Wilde,75,0,0
1782351913423,77,HTTP Request,200,OK,Author Query 5-4,text,true,,263,155,10,70,http://localhost:8080/search?q=beauty&author=Oscar%20Wilde,77,0,0
1782351913423,77,HTTP Request,200,OK,Author Query 5-5,text,true,,263,155,10,70,http://localhost:8080/search?q=beauty&author=Oscar%20Wilde,77,0,0
1782351913439,66,HTTP Request,200,OK,Author Query 5-7,text,true,,263,155,10,70,http://localhost:8080/search?q=beauty&author=Oscar%20Wilde,66,0,0
1782351913428,77,HTTP Request,200,OK,Author Query 5-10,text,true,,263,155,10,70,http://localhost:8080/search?q=beauty&author=Oscar%20Wilde,77,0,0
1782351913432,78,HTTP Request,200,OK,Author Query 5-1,text,true,,263,155,10,70,http://localhost:8080/search?q=beauty&author=Oscar%20Wilde,78,0,0
1782351913439,76,HTTP Request,200,OK,Author Query 5-6,text,true,,263,155,10,70,http://localhost:8080/search?q=beauty&author=Oscar%20Wilde,76,0,0
1782351913499,37,HTTP Request,200,OK,Author Query 5-3,text,true,,263,155,10,70,http://localhost:8080/search?q=beauty&author=Oscar%20Wilde,37,0,0
1782351913499,47,HTTP Request,200,OK,Author Query 5-8,text,true,,263,155,10,70,http://localhost:8080/search?q=beauty&author=Oscar%20Wilde,47,0,0
1782351913499,47,HTTP Request,200,OK,Author Query 5-2,text,true,,263,155,10,70,http://localhost:8080/search?q=beauty&author=Oscar%20Wilde,47,0,0
1782351913505,46,HTTP Request,200,OK,Author Query 5-7,text,true,,263,155,10,70,http://localhost:8080/search?q=beauty&author=Oscar%20Wilde,46,0,0
1782351913505,60,HTTP Request,200,OK,Author Query 5-10,text,true,,263,155,10,70,http://localhost:8080/search?q=beauty&author=Oscar%20Wilde,60,0,0
1782351913501,70,HTTP Request,200,OK,Author Query 5-5,text,true,,263,155,10,70,http://localhost:8080/search?q=beauty&author=Oscar%20Wilde,70,0,0
1782351913500,77,HTTP Request,200,OK,Author Query 5-4,text,true,,263,155,10,70,http://localhost:8080/search?q=beauty&author=Oscar%20Wilde,77,0,0
1782351913515,63,HTTP Request,200,OK,Author Query 5-6,text,true,,263,155,10,70,http://localhost:8080/search?q=beauty&author=Oscar%20Wilde,63,0,0
1782351913499,79,HTTP Request,200,OK,Author Query 5-9,text,true,,263,155,10,70,http://localhost:8080/search?q=beauty&author=Oscar%20Wilde,79,0,0
1782351913510,73,HTTP Request,200,OK,Author Query 5-1,text,true,,263,155,10,70,http://localhost:8080/search?q=beauty&author=Oscar%20Wilde,73,0,0
1782351913551,54,HTTP Request,200,OK,Author Query 5-7,text,true,,263,155,10,70,http://localhost:8080/search?q=beauty&author=Oscar%20Wilde,54,0,0
1782351913546,66,HTTP Request,200,OK,Author Query 5-8,text,true,,263,155,10,70,http://localhost:8080/search?q=beauty&author=Oscar%20Wilde,66,0,0
1782351913547,65,HTTP Request,200,OK,Author Query 5-2,text,true,,263,155,10,70,http://localhost:8080/search?q=beauty&author=Oscar%20Wilde,65,0,0
1782351913571,42,HTTP Request,200,OK,Author Query 5-5,text,true,,263,155,10,70,http://localhost:8080/search?q=beauty&author=Oscar%20Wilde,42,0,0
1782351913566,47,HTTP Request,200,OK,Author Query 5-10,text,true,,263,155,10,70,http://localhost:8080/search?q=beauty&author=Oscar%20Wilde,47,0,0
1782351913537,77,HTTP Request,200,OK,Author Query 5-3,text,true,,263,155,10,70,http://localhost:8080/search?q=beauty&author=Oscar%20Wilde,77,0,0
1782351913577,49,HTTP Request,200,OK,Author Query 5-4,text,true,,263,155,10,70,http://localhost:8080/search?q=beauty&author=Oscar%20Wilde,49,0,0
1782351913584,43,HTTP Request,200,OK,Author Query 5-1,text,true,,263,155,10,70,http://localhost:8080/search?q=beauty&author=Oscar%20Wilde,43,0,0
1782351913578,59,HTTP Request,200,OK,Author Query 5-9,text,true,,263,155,10,70,http://localhost:8080/search?q=beauty&author=Oscar%20Wilde,59,0,0
1782351913578,65,HTTP Request,200,OK,Author Query 5-6,text,true,,263,155,10,70,http://localhost:8080/search?q=beauty&author=Oscar%20Wilde,65,0,0
1782351913605,38,HTTP Request,200,OK,Author Query 5-7,text,true,,263,155,10,70,http://localhost:8080/search?q=beauty&author=Oscar%20Wilde,38,0,0
1782351913613,43,HTTP Request,200,OK,Author Query 5-10,text,true,,263,155,10,70,http://localhost:8080/search?q=beauty&author=Oscar%20Wilde,43,0,0
1782351913612,44,HTTP Request,200,OK,Author Query 5-8,text,true,,263,155,10,70,http://localhost:8080/search?q=beauty&author=Oscar%20Wilde,44,0,0
1782351913612,45,HTTP Request,200,OK,Author Query 5-2,text,true,,263,155,10,70,http://localhost:8080/search?q=beauty&author=Oscar%20Wilde,45,0,0
1782351913613,44,HTTP Request,200,OK,Author Query 5-5,text,true,,263,155,10,70,http://localhost:8080/search?q=beauty&author=Oscar%20Wilde,44,0,0
1782351913614,44,HTTP Request,200,OK,Author Query 5-3,text,true,,263,155,10,70,http://localhost:8080/search?q=beauty&author=Oscar%20Wilde,44,0,0
1782351913638,65,HTTP Request,200,OK,Author Query 5-9,text,true,,263,155,10,70,http://localhost:8080/search?q=beauty&author=Oscar%20Wilde,65,0,0
1782351913627,76,HTTP Request,200,OK,Author Query 5-4,text,true,,263,155,10,70,http://localhost:8080/search?q=beauty&author=Oscar%20Wilde,76,0,0
1782351913627,77,HTTP Request,200,OK,Author Query 5-1,text,true,,263,155,10,70,http://localhost:8080/search?q=beauty&author=Oscar%20Wilde,77,0,0
1782351913657,61,HTTP Request,200,OK,Author Query 5-5,text,true,,263,155,10,70,http://localhost:8080/search?q=beauty&author=Oscar%20Wilde,61,0,0
1782351913656,65,HTTP Request,200,OK,Author Query 5-8,text,true,,263,155,10,70,http://localhost:8080/search?q=beauty&author=Oscar%20Wilde,65,0,0
1782351913656,65,HTTP Request,200,OK,Author Query 5-10,text,true,,263,155,10,70,http://localhost:8080/search?q=beauty&author=Oscar%20Wilde,65,0,0
1782351913657,67,HTTP Request,200,OK,Author Query 5-2,text,true,,263,155,10,70,http://localhost:8080/search?q=beauty&author=Oscar%20Wilde,67,0,0
1782351913659,85,HTTP Request,200,OK,Author Query 5-3,text,true,,263,155,10,70,http://localhost:8080/search?q=beauty&author=Oscar%20Wilde,85,0,0
1782351913643,101,HTTP Request,200,OK,Author Query 5-6,text,true,,263,155,10,70,http://localhost:8080/search?q=beauty&author=Oscar%20Wilde,101,0,0
1782351913703,46,HTTP Request,200,OK,Author Query 5-4,text,true,,263,155,10,70,http://localhost:8080/search?q=beauty&author=Oscar%20Wilde,46,0,0
1782351913703,47,HTTP Request,200,OK,Author Query 5-9,text,true,,263,155,10,70,http://localhost:8080/search?q=beauty&author=Oscar%20Wilde,47,0,0
1782351913704,60,HTTP Request,200,OK,Author Query 5-1,text,true,,263,155,10,70,http://localhost:8080/search?q=beauty&author=Oscar%20Wilde,60,0,0
1782351913643,122,HTTP Request,200,OK,Author Query 5-7,text,true,,263,155,10,70,http://localhost:8080/search?q=beauty&author=Oscar%20Wilde,122,0,0
1782351913721,63,HTTP Request,200,OK,Author Query 5-8,text,true,,263,155,10,70,http://localhost:8080/search?q=beauty&author=Oscar%20Wilde,63,0,0
1782351913721,63,HTTP Request,200,OK,Author Query 5-10,text,true,,263,155,10,70,http://localhost:8080/search?q=beauty&author=Oscar%20Wilde,63,0,0
1782351913719,66,HTTP Request,200,OK,Author Query 5-5,text,true,,263,155,10,70,http://localhost:8080/search?q=beauty&author=Oscar%20Wilde,66,0,0
1782351913744,57,HTTP Request,200,OK,Author Query 5-6,text,true,,263,155,10,70,http://localhost:8080/search?q=beauty&author=Oscar%20Wilde,57,0,0
1782351913725,97,HTTP Request,200,OK,Author Query 5-2,text,true,,263,155,10,70,http://localhost:8080/search?q=beauty&author=Oscar%20Wilde,97,0,0
1782351913744,79,HTTP Request,200,OK,Author Query 5-3,text,true,,263,155,10,70,http://localhost:8080/search?q=beauty&author=Oscar%20Wilde,79,0,0
1782351913784,56,HTTP Request,200,OK,Author Query 5-10,text,true,,263,155,10,70,http://localhost:8080/search?q=beauty&author=Oscar%20Wilde,56,0,0
1782351913784,56,HTTP Request,200,OK,Author Query 5-8,text,true,,263,155,10,70,http://localhost:8080/search?q=beauty&author=Oscar%20Wilde,56,0,0
1782351913785,55,HTTP Request,200,OK,Author Query 5-5,text,true,,263,155,10,70,http://localhost:8080/search?q=beauty&author=Oscar%20Wilde,55,0,0
1782351913750,90,HTTP Request,200,OK,Author Query 5-9,text,true,,263,155,10,70,http://localhost:8080/search?q=beauty&author=Oscar%20Wilde,90,0,0
1782351913750,108,HTTP Request,200,OK,Author Query 5-4,text,true,,263,155,10,70,http://localhost:8080/search?q=beauty&author=Oscar%20Wilde,108,0,0
1782351913764,107,HTTP Request,200,OK,Author Query 5-1,text,true,,263,155,10,70,http://localhost:8080/search?q=beauty&author=Oscar%20Wilde,107,0,0
1782351913767,113,HTTP Request,200,OK,Author Query 5-7,text,true,,263,155,10,70,http://localhost:8080/search?q=beauty&author=Oscar%20Wilde,113,0,0
1782351913801,83,HTTP Request,200,OK,Author Query 5-6,text,true,,263,155,10,70,http://localhost:8080/search?q=beauty&author=Oscar%20Wilde,83,0,0
1782351913840,54,HTTP Request,200,OK,Author Query 5-9,text,true,,263,155,10,70,http://localhost:8080/search?q=beauty&author=Oscar%20Wilde,54,0,0
1782351913840,55,HTTP Request,200,OK,Author Query 5-5,text,true,,263,155,10,70,http://localhost:8080/search?q=beauty&author=Oscar%20Wilde,55,0,0
1782351913840,55,HTTP Request,200,OK,Author Query 5-10,text,true,,263,155,10,70,http://localhost:8080/search?q=beauty&author=Oscar%20Wilde,55,0,0
1782351913822,74,HTTP Request,200,OK,Author Query 5-2,text,true,,263,155,10,70,http://localhost:8080/search?q=beauty&author=Oscar%20Wilde,74,0,0
1782351913823,74,HTTP Request,200,OK,Author Query 5-3,text,true,,263,155,10,70,http://localhost:8080/search?q=beauty&author=Oscar%20Wilde,74,0,0
1782351913858,47,HTTP Request,200,OK,Author Query 5-4,text,true,,263,155,10,70,http://localhost:8080/search?q=beauty&author=Oscar%20Wilde,47,0,0
1782351913840,66,HTTP Request,200,OK,Author Query 5-8,text,true,,263,155,10,70,http://localhost:8080/search?q=beauty&author=Oscar%20Wilde,66,0,0
1782351913871,55,HTTP Request,200,OK,Author Query 5-1,text,true,,263,155,10,70,http://localhost:8080/search?q=beauty&author=Oscar%20Wilde,55,0,0
1782351913881,47,HTTP Request,200,OK,Author Query 5-7,text,true,,263,155,10,70,http://localhost:8080/search?q=beauty&author=Oscar%20Wilde,47,0,0
1782351913884,45,HTTP Request,200,OK,Author Query 5-6,text,true,,263,155,10,70,http://localhost:8080/search?q=beauty&author=Oscar%20Wilde,45,0,0
1782351913897,45,HTTP Request,200,OK,Author Query 5-3,text,true,,263,155,10,70,http://localhost:8080/search?q=beauty&author=Oscar%20Wilde,45,0,0
1782351913895,54,HTTP Request,200,OK,Author Query 5-5,text,true,,263,155,10,70,http://localhost:8080/search?q=beauty&author=Oscar%20Wilde,54,0,0
1782351913897,60,HTTP Request,200,OK,Author Query 5-2,text,true,,263,155,10,70,http://localhost:8080/search?q=beauty&author=Oscar%20Wilde,60,0,0
1782351913894,68,HTTP Request,200,OK,Author Query 5-9,text,true,,263,155,10,70,http://localhost:8080/search?q=beauty&author=Oscar%20Wilde,68,0,0
1782351913895,74,HTTP Request,200,OK,Author Query 5-10,text,true,,263,155,10,70,http://localhost:8080/search?q=beauty&author=Oscar%20Wilde,74,0,0
1782351913926,43,HTTP Request,200,OK,Author Query 5-1,text,true,,263,155,10,70,http://localhost:8080/search?q=beauty&author=Oscar%20Wilde,43,0,0
1782351913906,64,HTTP Request,200,OK,Author Query 5-8,text,true,,263,155,10,70,http://localhost:8080/search?q=beauty&author=Oscar%20Wilde,64,0,0
1782351913905,67,HTTP Request,200,OK,Author Query 5-4,text,true,,263,155,10,70,http://localhost:8080/search?q=beauty&author=Oscar%20Wilde,67,0,0
1782351913928,44,HTTP Request,200,OK,Author Query 5-7,text,true,,263,155,10,70,http://localhost:8080/search?q=beauty&author=Oscar%20Wilde,44,0,0
1782351913930,43,HTTP Request,200,OK,Author Query 5-6,text,true,,263,155,10,70,http://localhost:8080/search?q=beauty&author=Oscar%20Wilde,43,0,0
1782351913942,69,HTTP Request,200,OK,Author Query 5-3,text,true,,263,155,10,70,http://localhost:8080/search?q=beauty&author=Oscar%20Wilde,69,0,0
1782351913958,55,HTTP Request,200,OK,Author Query 5-2,text,true,,263,155,10,70,http://localhost:8080/search?q=beauty&author=Oscar%20Wilde,55,0,0
1782351913950,67,HTTP Request,200,OK,Author Query 5-5,text,true,,263,155,10,70,http://localhost:8080/search?q=beauty&author=Oscar%20Wilde,67,0,0
1782351913972,47,HTTP Request,200,OK,Author Query 5-4,text,true,,263,155,10,70,http://localhost:8080/search?q=beauty&author=Oscar%20Wilde,47,0,0
1782351913962,58,HTTP Request,200,OK,Author Query 5-9,text,true,,263,155,10,70,http://localhost:8080/search?q=beauty&author=Oscar%20Wilde,58,0,0
1782351913969,51,HTTP Request,200,OK,Author Query 5-1,text,true,,263,155,10,70,http://localhost:8080/search?q=beauty&author=Oscar%20Wilde,51,0,0
1782351913969,55,HTTP Request,200,OK,Author Query 5-10,text,true,,263,155,10,70,http://localhost:8080/search?q=beauty&author=Oscar%20Wilde,55,0,0
1782351913971,63,HTTP Request,200,OK,Author Query 5-8,text,true,,263,155,10,70,http://localhost:8080/search?q=beauty&author=Oscar%20Wilde,63,0,0
1782351913973,78,HTTP Request,200,OK,Author Query 5-6,text,true,,263,155,10,70,http://localhost:8080/search?q=beauty&author=Oscar%20Wilde,77,0,0
1782351914011,59,HTTP Request,200,OK,Author Query 5-3,text,true,,263,155,10,70,http://localhost:8080/search?q=beauty&author=Oscar%20Wilde,59,0,0
1782351914020,71,HTTP Request,200,OK,Author Query 5-9,text,true,,263,155,10,70,http://localhost:8080/search?q=beauty&author=Oscar%20Wilde,71,0,0
1782351914034,57,HTTP Request,200,OK,Author Query 5-8,text,true,,263,155,10,70,http://localhost:8080/search?q=beauty&author=Oscar%20Wilde,57,0,0
1782351913972,121,HTTP Request,200,OK,Author Query 5-7,text,true,,263,155,10,70,http://localhost:8080/search?q=beauty&author=Oscar%20Wilde,121,0,0
1782351914020,98,HTTP Request,200,OK,Author Query 5-4,text,true,,263,155,10,70,http://localhost:8080/search?q=beauty&author=Oscar%20Wilde,98,0,0
1782351914024,97,HTTP Request,200,OK,Author Query 5-10,text,true,,263,155,10,70,http://localhost:8080/search?q=beauty&author=Oscar%20Wilde,95,0,0
1782351914013,111,HTTP Request,200,OK,Author Query 5-2,text,true,,263,155,10,70,http://localhost:8080/search?q=beauty&author=Oscar%20Wilde,111,0,0
1782351914020,105,HTTP Request,200,OK,Author Query 5-1,text,true,,263,155,10,70,http://localhost:8080/search?q=beauty&author=Oscar%20Wilde,105,0,0
1782351914018,108,HTTP Request,200,OK,Author Query 5-5,text,true,,263,155,10,70,http://localhost:8080/search?q=beauty&author=Oscar%20Wilde,108,0,0
1782351914051,87,HTTP Request,200,OK,Author Query 5-6,text,true,,263,155,10,70,http://localhost:8080/search?q=beauty&author=Oscar%20Wilde,87,0,0
1782351914070,74,HTTP Request,200,OK,Author Query 5-3,text,true,,263,155,10,70,http://localhost:8080/search?q=beauty&author=Oscar%20Wilde,74,0,0
1782351914093,72,HTTP Request,200,OK,Author Query 5-7,text,true,,263,155,10,70,http://localhost:8080/search?q=beauty&author=Oscar%20Wilde,72,0,0
1782351914091,74,HTTP Request,200,OK,Author Query 5-9,text,true,,263,155,10,70,http://localhost:8080/search?q=beauty&author=Oscar%20Wilde,74,0,0
1782351914091,74,HTTP Request,200,OK,Author Query 5-8,text,true,,263,155,10,70,http://localhost:8080/search?q=beauty&author=Oscar%20Wilde,74,0,0
1782351914125,56,HTTP Request,200,OK,Author Query 5-1,text,true,,263,155,10,70,http://localhost:8080/search?q=beauty&author=Oscar%20Wilde,56,0,0
1782351914121,62,HTTP Request,200,OK,Author Query 5-10,text,true,,263,155,10,70,http://localhost:8080/search?q=beauty&author=Oscar%20Wilde,62,0,0
1782351914139,79,HTTP Request,200,OK,Author Query 5-6,text,true,,263,155,10,70,http://localhost:8080/search?q=beauty&author=Oscar%20Wilde,79,0,0
1782351914125,94,HTTP Request,200,OK,Author Query 5-2,text,true,,263,155,10,70,http://localhost:8080/search?q=beauty&author=Oscar%20Wilde,94,0,0
1782351914165,54,HTTP Request,200,OK,Author Query 5-9,text,true,,263,155,10,70,http://localhost:8080/search?q=beauty&author=Oscar%20Wilde,54,0,0
1782351914118,101,HTTP Request,200,OK,Author Query 5-4,text,true,,263,155,10,70,http://localhost:8080/search?q=beauty&author=Oscar%20Wilde,101,0,0
1782351914128,91,HTTP Request,200,OK,Author Query 5-5,text,true,,263,155,10,70,http://localhost:8080/search?q=beauty&author=Oscar%20Wilde,91,0,0
1782351914144,75,HTTP Request,200,OK,Author Query 5-3,text,true,,263,155,10,70,http://localhost:8080/search?q=beauty&author=Oscar%20Wilde,75,0,0
1782351914165,54,HTTP Request,200,OK,Author Query 5-8,text,true,,263,155,10,70,http://localhost:8080/search?q=beauty&author=Oscar%20Wilde,54,0,0
1782351914165,61,HTTP Request,200,OK,Author Query 5-7,text,true,,263,155,10,70,http://localhost:8080/search?q=beauty&author=Oscar%20Wilde,61,0,0
1782351914183,50,HTTP Request,200,OK,Author Query 5-10,text,true,,263,155,10,70,http://localhost:8080/search?q=beauty&author=Oscar%20Wilde,50,0,0
1782351914181,63,HTTP Request,200,OK,Author Query 5-1,text,true,,263,155,10,70,http://localhost:8080/search?q=beauty&author=Oscar%20Wilde,63,0,0
1782351914219,61,HTTP Request,200,OK,Author Query 5-9,text,true,,263,155,10,70,http://localhost:8080/search?q=beauty&author=Oscar%20Wilde,61,0,0
1782351914219,66,HTTP Request,200,OK,Author Query 5-2,text,true,,263,155,10,70,http://localhost:8080/search?q=beauty&author=Oscar%20Wilde,66,0,0
1782351914219,68,HTTP Request,200,OK,Author Query 5-3,text,true,,263,155,10,70,http://localhost:8080/search?q=beauty&author=Oscar%20Wilde,68,0,0
1782351914226,61,HTTP Request,200,OK,Author Query 5-7,text,true,,263,155,10,70,http://localhost:8080/search?q=beauty&author=Oscar%20Wilde,61,0,0
1782351914219,79,HTTP Request,200,OK,Author Query 5-6,text,true,,263,155,10,70,http://localhost:8080/search?q=beauty&author=Oscar%20Wilde,79,0,0
1782351914219,80,HTTP Request,200,OK,Author Query 5-4,text,true,,263,155,10,70,http://localhost:8080/search?q=beauty&author=Oscar%20Wilde,80,0,0
1782351914219,80,HTTP Request,200,OK,Author Query 5-5,text,true,,263,155,10,70,http://localhost:8080/search?q=beauty&author=Oscar%20Wilde,80,0,0
1782351914233,69,HTTP Request,200,OK,Author Query 5-10,text,true,,263,155,10,70,http://localhost:8080/search?q=beauty&author=Oscar%20Wilde,69,0,0
1782351914219,84,HTTP Request,200,OK,Author Query 5-8,text,true,,263,155,10,70,http://localhost:8080/search?q=beauty&author=Oscar%20Wilde,84,0,0
1782351914245,62,HTTP Request,200,OK,Author Query 5-1,text,true,,263,155,10,70,http://localhost:8080/search?q=beauty&author=Oscar%20Wilde,62,0,0
1782351914285,51,HTTP Request,200,OK,Author Query 5-2,text,true,,263,155,10,70,http://localhost:8080/search?q=beauty&author=Oscar%20Wilde,51,0,0
1782351914287,49,HTTP Request,200,OK,Author Query 5-3,text,true,,263,155,10,70,http://localhost:8080/search?q=beauty&author=Oscar%20Wilde,49,0,0
1782351914287,61,HTTP Request,200,OK,Author Query 5-7,text,true,,263,155,10,70,http://localhost:8080/search?q=beauty&author=Oscar%20Wilde,61,0,0
1782351914280,79,HTTP Request,200,OK,Author Query 5-9,text,true,,263,155,10,70,http://localhost:8080/search?q=beauty&author=Oscar%20Wilde,79,0,0
1782351914298,78,HTTP Request,200,OK,Author Query 5-6,text,true,,263,155,10,70,http://localhost:8080/search?q=beauty&author=Oscar%20Wilde,78,0,0
1782351914336,40,HTTP Request,200,OK,Author Query 5-2,text,true,,263,155,10,70,http://localhost:8080/search?q=beauty&author=Oscar%20Wilde,40,0,0
1782351914299,78,HTTP Request,200,OK,Author Query 5-4,text,true,,263,155,10,70,http://localhost:8080/search?q=beauty&author=Oscar%20Wilde,78,0,0
1782351914336,41,HTTP Request,200,OK,Author Query 5-3,text,true,,263,155,10,70,http://localhost:8080/search?q=beauty&author=Oscar%20Wilde,41,0,0
1782351914302,75,HTTP Request,200,OK,Author Query 5-10,text,true,,263,155,10,70,http://localhost:8080/search?q=beauty&author=Oscar%20Wilde,75,0,0
1782351914299,78,HTTP Request,200,OK,Author Query 5-5,text,true,,263,155,10,70,http://localhost:8080/search?q=beauty&author=Oscar%20Wilde,78,0,0
1782351914303,88,HTTP Request,200,OK,Author Query 5-8,text,true,,263,155,10,70,http://localhost:8080/search?q=beauty&author=Oscar%20Wilde,88,0,0
1782351914307,84,HTTP Request,200,OK,Author Query 5-1,text,true,,263,155,10,70,http://localhost:8080/search?q=beauty&author=Oscar%20Wilde,84,0,0
1782351914348,57,HTTP Request,200,OK,Author Query 5-7,text,true,,263,155,10,70,http://localhost:8080/search?q=beauty&author=Oscar%20Wilde,57,0,0
1782351914376,62,HTTP Request,200,OK,Author Query 5-2,text,true,,263,155,10,70,http://localhost:8080/search?q=beauty&author=Oscar%20Wilde,62,0,0
1782351914360,89,HTTP Request,200,OK,Author Query 5-9,text,true,,263,155,10,70,http://localhost:8080/search?q=beauty&author=Oscar%20Wilde,89,0,0
1782351914377,74,HTTP Request,200,OK,Author Query 5-5,text,true,,263,155,10,70,http://localhost:8080/search?q=beauty&author=Oscar%20Wilde,74,0,0
1782351914377,74,HTTP Request,200,OK,Author Query 5-4,text,true,,263,155,10,70,http://localhost:8080/search?q=beauty&author=Oscar%20Wilde,74,0,0
1782351914377,74,HTTP Request,200,OK,Author Query 5-10,text,true,,263,155,10,70,http://localhost:8080/search?q=beauty&author=Oscar%20Wilde,74,0,0
1782351914391,61,HTTP Request,200,OK,Author Query 5-1,text,true,,263,155,10,70,http://localhost:8080/search?q=beauty&author=Oscar%20Wilde,61,0,0
1782351914391,61,HTTP Request,200,OK,Author Query 5-8,text,true,,263,155,10,70,http://localhost:8080/search?q=beauty&author=Oscar%20Wilde,61,0,0
1782351914376,79,HTTP Request,200,OK,Author Query 5-6,text,true,,263,155,10,70,http://localhost:8080/search?q=beauty&author=Oscar%20Wilde,79,0,0
1782351914377,79,HTTP Request,200,OK,Author Query 5-3,text,true,,263,155,10,70,http://localhost:8080/search?q=beauty&author=Oscar%20Wilde,79,0,0
1782351914406,69,HTTP Request,200,OK,Author Query 5-7,text,true,,263,155,10,70,http://localhost:8080/search?q=beauty&author=Oscar%20Wilde,69,0,0
1782351914449,67,HTTP Request,200,OK,Author Query 5-9,text,true,,263,155,10,70,http://localhost:8080/search?q=beauty&author=Oscar%20Wilde,67,0,0
1782351914455,65,HTTP Request,200,OK,Author Query 5-6,text,true,,263,155,10,70,http://localhost:8080/search?q=beauty&author=Oscar%20Wilde,65,0,0
1782351914452,71,HTTP Request,200,OK,Author Query 5-8,text,true,,263,155,10,70,http://localhost:8080/search?q=beauty&author=Oscar%20Wilde,71,0,0
1782351914451,73,HTTP Request,200,OK,Author Query 5-10,text,true,,263,155,10,70,http://localhost:8080/search?q=beauty&author=Oscar%20Wilde,73,0,0
1782351914438,86,HTTP Request,200,OK,Author Query 5-2,text,true,,263,155,10,70,http://localhost:8080/search?q=beauty&author=Oscar%20Wilde,86,0,0
1782351914451,86,HTTP Request,200,OK,Author Query 5-5,text,true,,263,155,10,70,http://localhost:8080/search?q=beauty&author=Oscar%20Wilde,86,0,0
1782351914451,93,HTTP Request,200,OK,Author Query 5-4,text,true,,263,155,10,70,http://localhost:8080/search?q=beauty&author=Oscar%20Wilde,92,0,0
1782351914452,92,HTTP Request,200,OK,Author Query 5-1,text,true,,263,155,10,70,http://localhost:8080/search?q=beauty&author=Oscar%20Wilde,92,0,0
1782351914457,89,HTTP Request,200,OK,Author Query 5-3,text,true,,263,155,10,70,http://localhost:8080/search?q=beauty&author=Oscar%20Wilde,88,0,0
1782351914476,80,HTTP Request,200,OK,Author Query 5-7,text,true,,263,155,10,70,http://localhost:8080/search?q=beauty&author=Oscar%20Wilde,80,0,0
1782351914520,48,HTTP Request,200,OK,Author Query 5-6,text,true,,263,155,10,70,http://localhost:8080/search?q=beauty&author=Oscar%20Wilde,48,0,0
1782351914524,56,HTTP Request,200,OK,Author Query 5-10,text,true,,263,155,10,70,http://localhost:8080/search?q=beauty&author=Oscar%20Wilde,56,0,0
1782351914544,73,HTTP Request,200,OK,Author Query 5-1,text,true,,263,155,10,70,http://localhost:8080/search?q=beauty&author=Oscar%20Wilde,73,0,0
1782351914556,61,HTTP Request,200,OK,Author Query 5-7,text,true,,263,155,10,70,http://localhost:8080/search?q=beauty&author=Oscar%20Wilde,61,0,0
1782351914568,49,HTTP Request,200,OK,Author Query 5-6,text,true,,263,155,10,70,http://localhost:8080/search?q=beauty&author=Oscar%20Wilde,49,0,0
1782351914516,101,HTTP Request,200,OK,Author Query 5-9,text,true,,263,155,10,70,http://localhost:8080/search?q=beauty&author=Oscar%20Wilde,101,0,0
1782351914524,93,HTTP Request,200,OK,Author Query 5-2,text,true,,263,155,10,70,http://localhost:8080/search?q=beauty&author=Oscar%20Wilde,93,0,0
1782351914544,96,HTTP Request,200,OK,Author Query 5-4,text,true,,263,155,10,70,http://localhost:8080/search?q=beauty&author=Oscar%20Wilde,96,0,0
1782351914537,103,HTTP Request,200,OK,Author Query 5-5,text,true,,263,155,10,70,http://localhost:8080/search?q=beauty&author=Oscar%20Wilde,103,0,0
1782351914546,104,HTTP Request,200,OK,Author Query 5-3,text,true,,263,155,10,70,http://localhost:8080/search?q=beauty&author=Oscar%20Wilde,104,0,0
1782351914523,127,HTTP Request,200,OK,Author Query 5-8,text,true,,263,155,10,70,http://localhost:8080/search?q=beauty&author=Oscar%20Wilde,127,0,0
1782351914617,34,HTTP Request,200,OK,Author Query 5-2,text,true,,263,155,10,70,http://localhost:8080/search?q=beauty&author=Oscar%20Wilde,34,0,0
1782351914617,36,HTTP Request,200,OK,Author Query 5-9,text,true,,263,155,10,70,http://localhost:8080/search?q=beauty&author=Oscar%20Wilde,36,0,0
1782351914617,37,HTTP Request,200,OK,Author Query 5-1,text,true,,263,155,10,70,http://localhost:8080/search?q=beauty&author=Oscar%20Wilde,37,0,0
1782351914617,50,HTTP Request,200,OK,Author Query 5-6,text,true,,263,155,10,70,http://localhost:8080/search?q=beauty&author=Oscar%20Wilde,50,0,0
1782351914580,92,HTTP Request,200,OK,Author Query 5-10,text,true,,263,155,10,70,http://localhost:8080/search?q=beauty&author=Oscar%20Wilde,92,0,0
1782351914617,55,HTTP Request,200,OK,Author Query 5-7,text,true,,263,155,10,70,http://localhost:8080/search?q=beauty&author=Oscar%20Wilde,55,0,0
1782351914640,46,HTTP Request,200,OK,Author Query 5-5,text,true,,263,155,10,70,http://localhost:8080/search?q=beauty&author=Oscar%20Wilde,46,0,0
1782351914640,46,HTTP Request,200,OK,Author Query 5-4,text,true,,263,155,10,70,http://localhost:8080/search?q=beauty&author=Oscar%20Wilde,46,0,0
1782351914651,35,HTTP Request,200,OK,Author Query 5-3,text,true,,263,155,10,70,http://localhost:8080/search?q=beauty&author=Oscar%20Wilde,35,0,0
1782351914654,39,HTTP Request,200,OK,Author Query 5-1,text,true,,263,155,10,70,http://localhost:8080/search?q=beauty&author=Oscar%20Wilde,39,0,0
1782351914651,50,HTTP Request,200,OK,Author Query 5-8,text,true,,263,155,10,70,http://localhost:8080/search?q=beauty&author=Oscar%20Wilde,50,0,0
1782351914654,48,HTTP Request,200,OK,Author Query 5-9,text,true,,263,155,10,70,http://localhost:8080/search?q=beauty&author=Oscar%20Wilde,48,0,0
1782351914668,51,HTTP Request,200,OK,Author Query 5-6,text,true,,263,155,10,70,http://localhost:8080/search?q=beauty&author=Oscar%20Wilde,51,0,0
1782351914686,33,HTTP Request,200,OK,Author Query 5-3,text,true,,263,155,10,70,http://localhost:8080/search?q=beauty&author=Oscar%20Wilde,33,0,0
1782351914686,43,HTTP Request,200,OK,Author Query 5-5,text,true,,263,155,10,70,http://localhost:8080/search?q=beauty&author=Oscar%20Wilde,43,0,0
1782351914651,82,HTTP Request,200,OK,Author Query 5-2,text,true,,263,155,10,70,http://localhost:8080/search?q=beauty&author=Oscar%20Wilde,82,0,0
1782351914686,48,HTTP Request,200,OK,Author Query 5-4,text,true,,263,155,10,70,http://localhost:8080/search?q=beauty&author=Oscar%20Wilde,48,0,0
1782351914672,66,HTTP Request,200,OK,Author Query 5-7,text,true,,263,155,10,70,http://localhost:8080/search?q=beauty&author=Oscar%20Wilde,66,0,0
1782351914694,47,HTTP Request,200,OK,Author Query 5-1,text,true,,263,155,10,70,http://localhost:8080/search?q=beauty&author=Oscar%20Wilde,47,0,0
1782351914672,75,HTTP Request,200,OK,Author Query 5-10,text,true,,263,155,10,70,http://localhost:8080/search?q=beauty&author=Oscar%20Wilde,75,0,0
1782351914701,50,HTTP Request,200,OK,Author Query 5-8,text,true,,263,155,10,70,http://localhost:8080/search?q=beauty&author=Oscar%20Wilde,50,0,0
1782351914719,51,HTTP Request,200,OK,Author Query 5-6,text,true,,263,155,10,70,http://localhost:8080/search?q=beauty&author=Oscar%20Wilde,51,0,0
1782351914729,47,HTTP Request,200,OK,Author Query 5-5,text,true,,263,155,10,70,http://localhost:8080/search?q=beauty&author=Oscar%20Wilde,47,0,0
1782351914719,58,HTTP Request,200,OK,Author Query 5-3,text,true,,263,155,10,70,http://localhost:8080/search?q=beauty&author=Oscar%20Wilde,58,0,0
1782351914702,80,HTTP Request,200,OK,Author Query 5-9,text,true,,263,155,10,70,http://localhost:8080/search?q=beauty&author=Oscar%20Wilde,80,0,0
1782351914735,48,HTTP Request,200,OK,Author Query 5-4,text,true,,263,155,10,70,http://localhost:8080/search?q=beauty&author=Oscar%20Wilde,48,0,0
1782351914733,57,HTTP Request,200,OK,Author Query 5-2,text,true,,263,155,10,70,http://localhost:8080/search?q=beauty&author=Oscar%20Wilde,57,0,0
1782351914747,44,HTTP Request,200,OK,Author Query 5-10,text,true,,263,155,10,70,http://localhost:8080/search?q=beauty&author=Oscar%20Wilde,44,0,0
1782351914741,50,HTTP Request,200,OK,Author Query 5-1,text,true,,263,155,10,70,http://localhost:8080/search?q=beauty&author=Oscar%20Wilde,50,0,0
1782351914751,41,HTTP Request,200,OK,Author Query 5-8,text,true,,263,155,10,70,http://localhost:8080/search?q=beauty&author=Oscar%20Wilde,40,0,0
1782351914739,54,HTTP Request,200,OK,Author Query 5-7,text,true,,263,155,10,70,http://localhost:8080/search?q=beauty&author=Oscar%20Wilde,54,0,0
1782351914777,59,HTTP Request,200,OK,Author Query 5-3,text,true,,263,155,10,70,http://localhost:8080/search?q=beauty&author=Oscar%20Wilde,59,0,0
1782351914770,67,HTTP Request,200,OK,Author Query 5-6,text,true,,263,155,10,70,http://localhost:8080/search?q=beauty&author=Oscar%20Wilde,67,0,0
1782351914783,59,HTTP Request,200,OK,Author Query 5-4,text,true,,263,155,10,70,http://localhost:8080/search?q=beauty&author=Oscar%20Wilde,59,0,0
1782351914777,66,HTTP Request,200,OK,Author Query 5-5,text,true,,263,155,10,70,http://localhost:8080/search?q=beauty&author=Oscar%20Wilde,66,0,0
1782351914782,61,HTTP Request,200,OK,Author Query 5-9,text,true,,263,155,10,70,http://localhost:8080/search?q=beauty&author=Oscar%20Wilde,61,0,0
1782351914790,53,HTTP Request,200,OK,Author Query 5-2,text,true,,263,155,10,70,http://localhost:8080/search?q=beauty&author=Oscar%20Wilde,53,0,0
1782351914792,62,HTTP Request,200,OK,Author Query 5-8,text,true,,263,155,10,70,http://localhost:8080/search?q=beauty&author=Oscar%20Wilde,62,0,0
1782351914791,87,HTTP Request,200,OK,Author Query 5-10,text,true,,263,155,10,70,http://localhost:8080/search?q=beauty&author=Oscar%20Wilde,87,0,0
1782351914794,100,HTTP Request,200,OK,Author Query 5-7,text,true,,263,155,10,70,http://localhost:8080/search?q=beauty&author=Oscar%20Wilde,100,0,0
1782351914836,67,HTTP Request,200,OK,Author Query 5-3,text,true,,263,155,10,70,http://localhost:8080/search?q=beauty&author=Oscar%20Wilde,67,0,0
1782351914843,60,HTTP Request,200,OK,Author Query 5-9,text,true,,263,155,10,70,http://localhost:8080/search?q=beauty&author=Oscar%20Wilde,60,0,0
1782351914843,60,HTTP Request,200,OK,Author Query 5-5,text,true,,263,155,10,70,http://localhost:8080/search?q=beauty&author=Oscar%20Wilde,60,0,0
1782351914843,65,HTTP Request,200,OK,Author Query 5-4,text,true,,263,155,10,70,http://localhost:8080/search?q=beauty&author=Oscar%20Wilde,65,0,0
1782351914791,122,HTTP Request,200,OK,Author Query 5-1,text,true,,263,155,10,70,http://localhost:8080/search?q=beauty&author=Oscar%20Wilde,122,0,0
1782351914837,76,HTTP Request,200,OK,Author Query 5-6,text,true,,263,155,10,70,http://localhost:8080/search?q=beauty&author=Oscar%20Wilde,76,0,0
1782351914843,75,HTTP Request,200,OK,Author Query 5-2,text,true,,263,155,10,70,http://localhost:8080/search?q=beauty&author=Oscar%20Wilde,75,0,0
1782351914854,66,HTTP Request,200,OK,Author Query 5-8,text,true,,263,155,10,70,http://localhost:8080/search?q=beauty&author=Oscar%20Wilde,66,0,0
1782351914878,47,HTTP Request,200,OK,Author Query 5-10,text,true,,263,155,10,70,http://localhost:8080/search?q=beauty&author=Oscar%20Wilde,47,0,0
1782351914913,48,HTTP Request,200,OK,Author Query 5-1,text,true,,263,155,10,70,http://localhost:8080/search?q=beauty&author=Oscar%20Wilde,48,0,0
1782351914903,58,HTTP Request,200,OK,Author Query 5-5,text,true,,263,155,10,70,http://localhost:8080/search?q=beauty&author=Oscar%20Wilde,58,0,0
1782351914895,66,HTTP Request,200,OK,Author Query 5-7,text,true,,263,155,10,70,http://localhost:8080/search?q=beauty&author=Oscar%20Wilde,66,0,0
1782351914918,43,HTTP Request,200,OK,Author Query 5-2,text,true,,263,155,10,70,http://localhost:8080/search?q=beauty&author=Oscar%20Wilde,43,0,0
1782351914903,58,HTTP Request,200,OK,Author Query 5-9,text,true,,263,155,10,70,http://localhost:8080/search?q=beauty&author=Oscar%20Wilde,58,0,0
1782351914925,36,HTTP Request,200,OK,Author Query 5-10,text,true,,263,155,10,70,http://localhost:8080/search?q=beauty&author=Oscar%20Wilde,36,0,0
1782351914909,52,HTTP Request,200,OK,Author Query 5-4,text,true,,263,155,10,70,http://localhost:8080/search?q=beauty&author=Oscar%20Wilde,52,0,0
1782351914913,48,HTTP Request,200,OK,Author Query 5-6,text,true,,263,155,10,70,http://localhost:8080/search?q=beauty&author=Oscar%20Wilde,48,0,0
1782351914903,60,HTTP Request,200,OK,Author Query 5-3,text,true,,263,155,10,70,http://localhost:8080/search?q=beauty&author=Oscar%20Wilde,60,0,0
1782351914920,81,HTTP Request,200,OK,Author Query 5-8,text,true,,263,155,10,70,http://localhost:8080/search?q=beauty&author=Oscar%20Wilde,81,0,0
1782351914962,46,HTTP Request,200,OK,Author Query 5-4,text,true,,263,155,10,70,http://localhost:8080/search?q=beauty&author=Oscar%20Wilde,46,0,0
1782351914962,59,HTTP Request,200,OK,Author Query 5-2,text,true,,263,155,10,70,http://localhost:8080/search?q=beauty&author=Oscar%20Wilde,59,0,0
1782351914962,59,HTTP Request,200,OK,Author Query 5-10,text,true,,263,155,10,70,http://localhost:8080/search?q=beauty&author=Oscar%20Wilde,59,0,0
1782351914961,60,HTTP Request,200,OK,Author Query 5-7,text,true,,263,155,10,70,http://localhost:8080/search?q=beauty&author=Oscar%20Wilde,60,0,0
1782351914962,78,HTTP Request,200,OK,Author Query 5-9,text,true,,263,155,10,70,http://localhost:8080/search?q=beauty&author=Oscar%20Wilde,78,0,0
1782351914961,80,HTTP Request,200,OK,Author Query 5-1,text,true,,263,155,10,70,http://localhost:8080/search?q=beauty&author=Oscar%20Wilde,80,0,0
1782351914961,80,HTTP Request,200,OK,Author Query 5-5,text,true,,263,155,10,70,http://localhost:8080/search?q=beauty&author=Oscar%20Wilde,80,0,0
1782351914963,78,HTTP Request,200,OK,Author Query 5-3,text,true,,263,155,10,70,http://localhost:8080/search?q=beauty&author=Oscar%20Wilde,78,0,0
1782351914962,79,HTTP Request,200,OK,Author Query 5-6,text,true,,263,155,10,70,http://localhost:8080/search?q=beauty&author=Oscar%20Wilde,79,0,0
1782351915021,41,HTTP Request,200,OK,Author Query 5-10,text,true,,263,155,10,70,http://localhost:8080/search?q=beauty&author=Oscar%20Wilde,41,0,0
1782351915008,56,HTTP Request,200,OK,Author Query 5-4,text,true,,263,155,10,70,http://localhost:8080/search?q=beauty&author=Oscar%20Wilde,56,0,0
1782351915021,45,HTTP Request,200,OK,Author Query 5-7,text,true,,263,155,10,70,http://localhost:8080/search?q=beauty&author=Oscar%20Wilde,45,0,0
1782351915021,49,HTTP Request,200,OK,Author Query 5-2,text,true,,263,155,10,70,http://localhost:8080/search?q=beauty&author=Oscar%20Wilde,49,0,0
1782351915001,69,HTTP Request,200,OK,Author Query 5-8,text,true,,263,155,10,70,http://localhost:8080/search?q=beauty&author=Oscar%20Wilde,69,0,0
1782351915041,50,HTTP Request,200,OK,Author Query 5-9,text,true,,263,155,10,70,http://localhost:8080/search?q=beauty&author=Oscar%20Wilde,50,0,0
1782351915041,57,HTTP Request,200,OK,Author Query 5-5,text,true,,263,155,10,70,http://localhost:8080/search?q=beauty&author=Oscar%20Wilde,57,0,0
1782351915041,67,HTTP Request,200,OK,Author Query 5-1,text,true,,263,155,10,70,http://localhost:8080/search?q=beauty&author=Oscar%20Wilde,67,0,0
1782351915070,39,HTTP Request,200,OK,Author Query 5-2,text,true,,263,155,10,70,http://localhost:8080/search?q=beauty&author=Oscar%20Wilde,39,0,0
1782351915041,80,HTTP Request,200,OK,Author Query 5-3,text,true,,263,155,10,70,http://localhost:8080/search?q=beauty&author=Oscar%20Wilde,80,0,0
1782351915062,63,HTTP Request,200,OK,Author Query 5-10,text,true,,263,155,10,70,http://localhost:8080/search?q=beauty&author=Oscar%20Wilde,63,0,0
1782351915070,55,HTTP Request,200,OK,Author Query 5-8,text,true,,263,155,10,70,http://localhost:8080/search?q=beauty&author=Oscar%20Wilde,55,0,0
1782351915064,62,HTTP Request,200,OK,Author Query 5-4,text,true,,263,155,10,70,http://localhost:8080/search?q=beauty&author=Oscar%20Wilde,62,0,0
1782351915041,95,HTTP Request,200,OK,Author Query 5-6,text,true,,263,155,10,70,http://localhost:8080/search?q=beauty&author=Oscar%20Wilde,95,0,0
1782351915066,98,HTTP Request,200,OK,Author Query 5-7,text,true,,263,155,10,70,http://localhost:8080/search?q=beauty&author=Oscar%20Wilde,98,0,0
1782351915091,87,HTTP Request,200,OK,Author Query 5-9,text,true,,263,155,10,70,http://localhost:8080/search?q=beauty&author=Oscar%20Wilde,87,0,0
1782351915122,57,HTTP Request,200,OK,Author Query 5-3,text,true,,263,155,10,70,http://localhost:8080/search?q=beauty&author=Oscar%20Wilde,57,0,0
1782351915109,74,HTTP Request,200,OK,Author Query 5-2,text,true,,263,155,10,70,http://localhost:8080/search?q=beauty&author=Oscar%20Wilde,74,0,0
1782351915136,59,HTTP Request,200,OK,Author Query 5-6,text,true,,263,155,10,70,http://localhost:8080/search?q=beauty&author=Oscar%20Wilde,59,0,0
1782351915108,87,HTTP Request,200,OK,Author Query 5-1,text,true,,263,155,10,70,http://localhost:8080/search?q=beauty&author=Oscar%20Wilde,87,0,0
1782351915098,97,HTTP Request,200,OK,Author Query 5-5,text,true,,263,155,10,70,http://localhost:8080/search?q=beauty&author=Oscar%20Wilde,97,0,0
1782351915125,82,HTTP Request,200,OK,Author Query 5-8,text,true,,263,155,10,70,http://localhost:8080/search?q=beauty&author=Oscar%20Wilde,82,0,0
1782351915127,80,HTTP Request,200,OK,Author Query 5-4,text,true,,263,155,10,70,http://localhost:8080/search?q=beauty&author=Oscar%20Wilde,80,0,0
1782351915164,64,HTTP Request,200,OK,Author Query 5-7,text,true,,263,155,10,70,http://localhost:8080/search?q=beauty&author=Oscar%20Wilde,64,0,0
1782351915179,49,HTTP Request,200,OK,Author Query 5-3,text,true,,263,155,10,70,http://localhost:8080/search?q=beauty&author=Oscar%20Wilde,49,0,0
1782351915125,112,HTTP Request,200,OK,Author Query 5-10,text,true,,263,155,10,70,http://localhost:8080/search?q=beauty&author=Oscar%20Wilde,112,0,0
1782351915195,55,HTTP Request,200,OK,Author Query 5-5,text,true,,263,155,10,70,http://localhost:8080/search?q=beauty&author=Oscar%20Wilde,55,0,0
1782351915207,57,HTTP Request,200,OK,Author Query 5-8,text,true,,263,155,10,70,http://localhost:8080/search?q=beauty&author=Oscar%20Wilde,57,0,0
1782351915195,69,HTTP Request,200,OK,Author Query 5-6,text,true,,263,155,10,70,http://localhost:8080/search?q=beauty&author=Oscar%20Wilde,69,0,0
1782351915195,70,HTTP Request,200,OK,Author Query 5-1,text,true,,263,155,10,70,http://localhost:8080/search?q=beauty&author=Oscar%20Wilde,70,0,0
1782351915207,60,HTTP Request,200,OK,Author Query 5-4,text,true,,263,155,10,70,http://localhost:8080/search?q=beauty&author=Oscar%20Wilde,60,0,0
1782351915183,84,HTTP Request,200,OK,Author Query 5-2,text,true,,263,155,10,70,http://localhost:8080/search?q=beauty&author=Oscar%20Wilde,84,0,0
1782351915178,95,HTTP Request,200,OK,Author Query 5-9,text,true,,263,155,10,70,http://localhost:8080/search?q=beauty&author=Oscar%20Wilde,95,0,0
1782351915229,50,HTTP Request,200,OK,Author Query 5-7,text,true,,263,155,10,70,http://localhost:8080/search?q=beauty&author=Oscar%20Wilde,50,0,0
1782351915229,71,HTTP Request,200,OK,Author Query 5-3,text,true,,263,155,10,70,http://localhost:8080/search?q=beauty&author=Oscar%20Wilde,71,0,0
1782351915265,44,HTTP Request,200,OK,Author Query 5-1,text,true,,263,155,10,70,http://localhost:8080/search?q=beauty&author=Oscar%20Wilde,44,0,0
1782351915250,66,HTTP Request,200,OK,Author Query 5-5,text,true,,263,155,10,70,http://localhost:8080/search?q=beauty&author=Oscar%20Wilde,66,0,0
1782351915264,54,HTTP Request,200,OK,Author Query 5-6,text,true,,263,155,10,70,http://localhost:8080/search?q=beauty&author=Oscar%20Wilde,54,0,0
1782351915268,51,HTTP Request,200,OK,Author Query 5-2,text,true,,263,155,10,70,http://localhost:8080/search?q=beauty&author=Oscar%20Wilde,51,0,0
1782351915280,64,HTTP Request,200,OK,Author Query 5-7,text,true,,263,155,10,70,http://localhost:8080/search?q=beauty&author=Oscar%20Wilde,64,0,0
1782351915238,110,HTTP Request,200,OK,Author Query 5-10,text,true,,263,155,10,70,http://localhost:8080/search?q=beauty&author=Oscar%20Wilde,110,0,0
1782351915264,86,HTTP Request,200,OK,Author Query 5-8,text,true,,263,155,10,70,http://localhost:8080/search?q=beauty&author=Oscar%20Wilde,86,0,0
1782351915309,47,HTTP Request,200,OK,Author Query 5-1,text,true,,263,155,10,70,http://localhost:8080/search?q=beauty&author=Oscar%20Wilde,47,0,0
1782351915300,59,HTTP Request,200,OK,Author Query 5-3,text,true,,263,155,10,70,http://localhost:8080/search?q=beauty&author=Oscar%20Wilde,59,0,0
1782351915319,46,HTTP Request,200,OK,Author Query 5-2,text,true,,263,155,10,70,http://localhost:8080/search?q=beauty&author=Oscar%20Wilde,46,0,0
1782351915318,47,HTTP Request,200,OK,Author Query 5-6,text,true,,263,155,10,70,http://localhost:8080/search?q=beauty&author=Oscar%20Wilde,47,0,0
1782351915273,95,HTTP Request,200,OK,Author Query 5-9,text,true,,263,155,10,70,http://localhost:8080/search?q=beauty&author=Oscar%20Wilde,95,0,0
1782351915317,52,HTTP Request,200,OK,Author Query 5-5,text,true,,263,155,10,70,http://localhost:8080/search?q=beauty&author=Oscar%20Wilde,52,0,0
1782351915267,102,HTTP Request,200,OK,Author Query 5-4,text,true,,263,155,10,70,http://localhost:8080/search?q=beauty&author=Oscar%20Wilde,102,0,0
1782351915348,50,HTTP Request,200,OK,Author Query 5-10,text,true,,263,155,10,70,http://localhost:8080/search?q=beauty&author=Oscar%20Wilde,50,0,0
1782351915350,50,HTTP Request,200,OK,Author Query 5-8,text,true,,263,155,10,70,http://localhost:8080/search?q=beauty&author=Oscar%20Wilde,50,0,0
1782351915356,49,HTTP Request,200,OK,Author Query 5-1,text,true,,263,155,10,70,http://localhost:8080/search?q=beauty&author=Oscar%20Wilde,49,0,0
1782351915365,50,HTTP Request,200,OK,Author Query 5-2,text,true,,263,155,10,70,http://localhost:8080/search?q=beauty&author=Oscar%20Wilde,50,0,0
1782351915365,59,HTTP Request,200,OK,Author Query 5-6,text,true,,263,155,10,70,http://localhost:8080/search?q=beauty&author=Oscar%20Wilde,59,0,0
1782351915360,65,HTTP Request,200,OK,Author Query 5-3,text,true,,263,155,10,70,http://localhost:8080/search?q=beauty&author=Oscar%20Wilde,65,0,0
1782351915344,82,HTTP Request,200,OK,Author Query 5-7,text,true,,263,155,10,70,http://localhost:8080/search?q=beauty&author=Oscar%20Wilde,82,0,0
1782351915369,58,HTTP Request,200,OK,Author Query 5-4,text,true,,263,155,10,70,http://localhost:8080/search?q=beauty&author=Oscar%20Wilde,58,0,0
1782351915368,61,HTTP Request,200,OK,Author Query 5-9,text,true,,263,155,10,70,http://localhost:8080/search?q=beauty&author=Oscar%20Wilde,61,0,0
1782351915399,59,HTTP Request,200,OK,Author Query 5-10,text,true,,263,155,10,70,http://localhost:8080/search?q=beauty&author=Oscar%20Wilde,59,0,0
1782351915369,90,HTTP Request,200,OK,Author Query 5-5,text,true,,263,155,10,70,http://localhost:8080/search?q=beauty&author=Oscar%20Wilde,90,0,0
1782351915400,64,HTTP Request,200,OK,Author Query 5-8,text,true,,263,155,10,70,http://localhost:8080/search?q=beauty&author=Oscar%20Wilde,64,0,0
1782351915405,69,HTTP Request,200,OK,Author Query 5-1,text,true,,263,155,10,70,http://localhost:8080/search?q=beauty&author=Oscar%20Wilde,69,0,0
1782351915429,52,HTTP Request,200,OK,Author Query 5-9,text,true,,263,155,10,70,http://localhost:8080/search?q=beauty&author=Oscar%20Wilde,52,0,0
1782351915416,73,HTTP Request,200,OK,Author Query 5-2,text,true,,263,155,10,70,http://localhost:8080/search?q=beauty&author=Oscar%20Wilde,73,0,0
1782351915427,66,HTTP Request,200,OK,Author Query 5-4,text,true,,263,155,10,70,http://localhost:8080/search?q=beauty&author=Oscar%20Wilde,66,0,0
1782351915425,78,HTTP Request,200,OK,Author Query 5-3,text,true,,263,155,10,70,http://localhost:8080/search?q=beauty&author=Oscar%20Wilde,78,0,0
1782351915424,80,HTTP Request,200,OK,Author Query 5-6,text,true,,263,155,10,70,http://localhost:8080/search?q=beauty&author=Oscar%20Wilde,80,0,0
1782351915475,48,HTTP Request,200,OK,Author Query 5-1,text,true,,263,155,10,70,http://localhost:8080/search?q=beauty&author=Oscar%20Wilde,48,0,0
1782351915459,64,HTTP Request,200,OK,Author Query 5-10,text,true,,263,155,10,70,http://localhost:8080/search?q=beauty&author=Oscar%20Wilde,64,0,0
1782351915427,97,HTTP Request,200,OK,Author Query 5-7,text,true,,263,155,10,70,http://localhost:8080/search?q=beauty&author=Oscar%20Wilde,97,0,0
1782351915459,65,HTTP Request,200,OK,Author Query 5-5,text,true,,263,155,10,70,http://localhost:8080/search?q=beauty&author=Oscar%20Wilde,65,0,0
1782351915482,83,HTTP Request,200,OK,Author Query 5-9,text,true,,263,155,10,70,http://localhost:8080/search?q=beauty&author=Oscar%20Wilde,83,0,0
1782351915489,76,HTTP Request,200,OK,Author Query 5-2,text,true,,263,155,10,70,http://localhost:8080/search?q=beauty&author=Oscar%20Wilde,76,0,0
1782351915505,60,HTTP Request,200,OK,Author Query 5-6,text,true,,263,155,10,70,http://localhost:8080/search?q=beauty&author=Oscar%20Wilde,60,0,0
1782351915504,61,HTTP Request,200,OK,Author Query 5-3,text,true,,263,155,10,70,http://localhost:8080/search?q=beauty&author=Oscar%20Wilde,61,0,0
1782351915464,101,HTTP Request,200,OK,Author Query 5-8,text,true,,263,155,10,70,http://localhost:8080/search?q=beauty&author=Oscar%20Wilde,101,0,0
1782351915494,76,HTTP Request,200,OK,Author Query 5-4,text,true,,263,155,10,70,http://localhost:8080/search?q=beauty&author=Oscar%20Wilde,76,0,0
1782351915524,73,HTTP Request,200,OK,Author Query 5-7,text,true,,263,155,10,70,http://localhost:8080/search?q=beauty&author=Oscar%20Wilde,73,0,0
1782351915523,78,HTTP Request,200,OK,Author Query 5-10,text,true,,263,155,10,70,http://localhost:8080/search?q=beauty&author=Oscar%20Wilde,78,0,0
1782351915523,80,HTTP Request,200,OK,Author Query 5-1,text,true,,263,155,10,70,http://localhost:8080/search?q=beauty&author=Oscar%20Wilde,80,0,0
1782351915524,81,HTTP Request,200,OK,Author Query 5-5,text,true,,263,155,10,70,http://localhost:8080/search?q=beauty&author=Oscar%20Wilde,81,0,0
1782351915565,54,HTTP Request,200,OK,Author Query 5-3,text,true,,263,155,10,70,http://localhost:8080/search?q=beauty&author=Oscar%20Wilde,54,0,0
1782351915565,59,HTTP Request,200,OK,Author Query 5-9,text,true,,263,155,10,70,http://localhost:8080/search?q=beauty&author=Oscar%20Wilde,59,0,0
1782351915565,59,HTTP Request,200,OK,Author Query 5-6,text,true,,263,155,10,70,http://localhost:8080/search?q=beauty&author=Oscar%20Wilde,59,0,0
1782351915570,57,HTTP Request,200,OK,Author Query 5-4,text,true,,263,155,10,70,http://localhost:8080/search?q=beauty&author=Oscar%20Wilde,57,0,0
1782351915597,38,HTTP Request,200,OK,Author Query 5-7,text,true,,263,155,10,70,http://localhost:8080/search?q=beauty&author=Oscar%20Wilde,38,0,0
1782351915601,36,HTTP Request,200,OK,Author Query 5-10,text,true,,263,155,10,70,http://localhost:8080/search?q=beauty&author=Oscar%20Wilde,36,0,0
1782351915565,80,HTTP Request,200,OK,Author Query 5-8,text,true,,263,155,10,70,http://localhost:8080/search?q=beauty&author=Oscar%20Wilde,80,0,0
1782351915565,99,HTTP Request,200,OK,Author Query 5-2,text,true,,263,155,10,70,http://localhost:8080/search?q=beauty&author=Oscar%20Wilde,99,0,0
1782351915605,77,HTTP Request,200,OK,Author Query 5-5,text,true,,263,155,10,70,http://localhost:8080/search?q=beauty&author=Oscar%20Wilde,77,0,0
1782351915603,86,HTTP Request,200,OK,Author Query 5-1,text,true,,263,155,10,70,http://localhost:8080/search?q=beauty&author=Oscar%20Wilde,86,0,0
1782351915627,66,HTTP Request,200,OK,Author Query 5-4,text,true,,263,155,10,70,http://localhost:8080/search?q=beauty&author=Oscar%20Wilde,66,0,0
1782351915624,70,HTTP Request,200,OK,Author Query 5-9,text,true,,263,155,10,70,http://localhost:8080/search?q=beauty&author=Oscar%20Wilde,70,0,0
1782351915619,75,HTTP Request,200,OK,Author Query 5-3,text,true,,263,155,10,70,http://localhost:8080/search?q=beauty&author=Oscar%20Wilde,75,0,0
1782351915624,77,HTTP Request,200,OK,Author Query 5-6,text,true,,263,155,10,70,http://localhost:8080/search?q=beauty&author=Oscar%20Wilde,77,0,0
1782351915637,73,HTTP Request,200,OK,Author Query 5-10,text,true,,263,155,10,70,http://localhost:8080/search?q=beauty&author=Oscar%20Wilde,73,0,0
1782351915636,75,HTTP Request,200,OK,Author Query 5-7,text,true,,263,155,10,70,http://localhost:8080/search?q=beauty&author=Oscar%20Wilde,75,0,0
1782351915664,69,HTTP Request,200,OK,Author Query 5-2,text,true,,263,155,10,70,http://localhost:8080/search?q=beauty&author=Oscar%20Wilde,69,0,0
1782351915645,94,HTTP Request,200,OK,Author Query 5-8,text,true,,263,155,10,70,http://localhost:8080/search?q=beauty&author=Oscar%20Wilde,94,0,0
1782351915682,57,HTTP Request,200,OK,Author Query 5-5,text,true,,263,155,10,70,http://localhost:8080/search?q=beauty&author=Oscar%20Wilde,57,0,0
1782351915694,45,HTTP Request,200,OK,Author Query 5-3,text,true,,263,155,10,70,http://localhost:8080/search?q=beauty&author=Oscar%20Wilde,45,0,0
1782351915690,54,HTTP Request,200,OK,Author Query 5-1,text,true,,263,155,10,70,http://localhost:8080/search?q=beauty&author=Oscar%20Wilde,54,0,0
1782351915711,33,HTTP Request,200,OK,Author Query 5-10,text,true,,263,155,10,70,http://localhost:8080/search?q=beauty&author=Oscar%20Wilde,33,0,0
1782351915711,37,HTTP Request,200,OK,Author Query 5-7,text,true,,263,155,10,70,http://localhost:8080/search?q=beauty&author=Oscar%20Wilde,37,0,0
1782351915694,59,HTTP Request,200,OK,Author Query 5-9,text,true,,263,155,10,70,http://localhost:8080/search?q=beauty&author=Oscar%20Wilde,59,0,0
1782351915701,52,HTTP Request,200,OK,Author Query 5-6,text,true,,263,155,10,70,http://localhost:8080/search?q=beauty&author=Oscar%20Wilde,52,0,0
1782351915694,62,HTTP Request,200,OK,Author Query 5-4,text,true,,263,155,10,70,http://localhost:8080/search?q=beauty&author=Oscar%20Wilde,62,0,0
1782351915733,49,HTTP Request,200,OK,Author Query 5-2,text,true,,263,155,10,70,http://localhost:8080/search?q=beauty&author=Oscar%20Wilde,49,0,0
1782351915739,55,HTTP Request,200,OK,Author Query 5-5,text,true,,263,155,10,70,http://localhost:8080/search?q=beauty&author=Oscar%20Wilde,55,0,0
1782351915740,59,HTTP Request,200,OK,Author Query 5-3,text,true,,263,155,10,70,http://localhost:8080/search?q=beauty&author=Oscar%20Wilde,59,0,0
1782351915756,43,HTTP Request,200,OK,Author Query 5-4,text,true,,263,155,10,70,http://localhost:8080/search?q=beauty&author=Oscar%20Wilde,43,0,0
1782351915748,51,HTTP Request,200,OK,Author Query 5-7,text,true,,263,155,10,70,http://localhost:8080/search?q=beauty&author=Oscar%20Wilde,51,0,0
1782351915739,60,HTTP Request,200,OK,Author Query 5-8,text,true,,263,155,10,70,http://localhost:8080/search?q=beauty&author=Oscar%20Wilde,60,0,0
1782351915744,56,HTTP Request,200,OK,Author Query 5-1,text,true,,263,155,10,70,http://localhost:8080/search?q=beauty&author=Oscar%20Wilde,56,0,0
1782351915753,55,HTTP Request,200,OK,Author Query 5-6,text,true,,263,155,10,70,http://localhost:8080/search?q=beauty&author=Oscar%20Wilde,55,0,0
1782351915744,83,HTTP Request,200,OK,Author Query 5-10,text,true,,263,155,10,70,http://localhost:8080/search?q=beauty&author=Oscar%20Wilde,83,0,0
1782351915753,74,HTTP Request,200,OK,Author Query 5-9,text,true,,263,155,10,70,http://localhost:8080/search?q=beauty&author=Oscar%20Wilde,74,0,0
1782351915800,48,HTTP Request,200,OK,Author Query 5-8,text,true,,263,155,10,70,http://localhost:8080/search?q=beauty&author=Oscar%20Wilde,48,0,0
1782351915809,40,HTTP Request,200,OK,Author Query 5-6,text,true,,263,155,10,70,http://localhost:8080/search?q=beauty&author=Oscar%20Wilde,40,0,0
1782351915799,50,HTTP Request,200,OK,Author Query 5-4,text,true,,263,155,10,70,http://localhost:8080/search?q=beauty&author=Oscar%20Wilde,50,0,0
1782351915782,67,HTTP Request,200,OK,Author Query 5-2,text,true,,263,155,10,70,http://localhost:8080/search?q=beauty&author=Oscar%20Wilde,67,0,0
1782351915800,49,HTTP Request,200,OK,Author Query 5-1,text,true,,263,155,10,70,http://localhost:8080/search?q=beauty&author=Oscar%20Wilde,49,0,0
1782351915799,50,HTTP Request,200,OK,Author Query 5-3,text,true,,263,155,10,70,http://localhost:8080/search?q=beauty&author=Oscar%20Wilde,50,0,0
1782351915794,55,HTTP Request,200,OK,Author Query 5-5,text,true,,263,155,10,70,http://localhost:8080/search?q=beauty&author=Oscar%20Wilde,55,0,0
1782351915800,51,HTTP Request,200,OK,Author Query 5-7,text,true,,263,155,10,70,http://localhost:8080/search?q=beauty&author=Oscar%20Wilde,51,0,0
1782351915827,28,HTTP Request,200,OK,Author Query 5-9,text,true,,263,155,10,70,http://localhost:8080/search?q=beauty&author=Oscar%20Wilde,28,0,0
1782351915827,66,HTTP Request,200,OK,Author Query 5-10,text,true,,263,155,10,70,http://localhost:8080/search?q=beauty&author=Oscar%20Wilde,66,0,0
1782351915849,49,HTTP Request,200,OK,Author Query 5-2,text,true,,263,155,10,70,http://localhost:8080/search?q=beauty&author=Oscar%20Wilde,49,0,0
1782351915849,53,HTTP Request,200,OK,Author Query 5-1,text,true,,263,155,10,70,http://localhost:8080/search?q=beauty&author=Oscar%20Wilde,53,0,0
1782351915849,53,HTTP Request,200,OK,Author Query 5-3,text,true,,263,155,10,70,http://localhost:8080/search?q=beauty&author=Oscar%20Wilde,53,0,0
1782351915851,52,HTTP Request,200,OK,Author Query 5-7,text,true,,263,155,10,70,http://localhost:8080/search?q=beauty&author=Oscar%20Wilde,52,0,0
1782351915850,65,HTTP Request,200,OK,Author Query 5-5,text,true,,263,155,10,70,http://localhost:8080/search?q=beauty&author=Oscar%20Wilde,65,0,0
1782351915855,61,HTTP Request,200,OK,Author Query 5-9,text,true,,263,155,10,70,http://localhost:8080/search?q=beauty&author=Oscar%20Wilde,61,0,0
1782351915849,68,HTTP Request,200,OK,Author Query 5-6,text,true,,263,155,10,70,http://localhost:8080/search?q=beauty&author=Oscar%20Wilde,68,0,0
1782351915849,68,HTTP Request,200,OK,Author Query 5-4,text,true,,263,155,10,70,http://localhost:8080/search?q=beauty&author=Oscar%20Wilde,68,0,0
1782351915849,92,HTTP Request,200,OK,Author Query 5-8,text,true,,263,155,10,70,http://localhost:8080/search?q=beauty&author=Oscar%20Wilde,92,0,0
1782351915893,100,HTTP Request,200,OK,Author Query 5-10,text,true,,263,155,10,70,http://localhost:8080/search?q=beauty&author=Oscar%20Wilde,100,0,0
1782351915916,91,HTTP Request,200,OK,Author Query 5-9,text,true,,263,155,10,70,http://localhost:8080/search?q=beauty&author=Oscar%20Wilde,91,0,0
1782351915917,91,HTTP Request,200,OK,Author Query 5-4,text,true,,263,155,10,70,http://localhost:8080/search?q=beauty&author=Oscar%20Wilde,91,0,0
1782351915917,91,HTTP Request,200,OK,Author Query 5-6,text,true,,263,155,10,70,http://localhost:8080/search?q=beauty&author=Oscar%20Wilde,91,0,0
1782351915899,109,HTTP Request,200,OK,Author Query 5-2,text,true,,263,155,10,70,http://localhost:8080/search?q=beauty&author=Oscar%20Wilde,109,0,0
1782351915903,105,HTTP Request,200,OK,Author Query 5-7,text,true,,263,155,10,70,http://localhost:8080/search?q=beauty&author=Oscar%20Wilde,105,0,0
1782351915902,111,HTTP Request,200,OK,Author Query 5-1,text,true,,263,155,10,70,http://localhost:8080/search?q=beauty&author=Oscar%20Wilde,111,0,0
1782351915915,102,HTTP Request,200,OK,Author Query 5-5,text,true,,263,155,10,70,http://localhost:8080/search?q=beauty&author=Oscar%20Wilde,102,0,0
1782351915903,114,HTTP Request,200,OK,Author Query 5-3,text,true,,263,155,10,70,http://localhost:8080/search?q=beauty&author=Oscar%20Wilde,114,0,0
1782351915942,92,HTTP Request,200,OK,Author Query 5-8,text,true,,263,155,10,70,http://localhost:8080/search?q=beauty&author=Oscar%20Wilde,92,0,0
1782351915993,79,HTTP Request,200,OK,Author Query 5-10,text,true,,263,155,10,70,http://localhost:8080/search?q=beauty&author=Oscar%20Wilde,79,0,0
1782351916008,78,HTTP Request,200,OK,Author Query 5-7,text,true,,263,155,10,70,http://localhost:8080/search?q=beauty&author=Oscar%20Wilde,78,0,0
1782351916007,81,HTTP Request,200,OK,Author Query 5-9,text,true,,263,155,10,70,http://localhost:8080/search?q=beauty&author=Oscar%20Wilde,81,0,0
1782351916008,86,HTTP Request,200,OK,Author Query 5-6,text,true,,263,155,10,70,http://localhost:8080/search?q=beauty&author=Oscar%20Wilde,86,0,0
1782351916008,87,HTTP Request,200,OK,Author Query 5-4,text,true,,263,155,10,70,http://localhost:8080/search?q=beauty&author=Oscar%20Wilde,87,0,0
1782351916008,87,HTTP Request,200,OK,Author Query 5-2,text,true,,263,155,10,70,http://localhost:8080/search?q=beauty&author=Oscar%20Wilde,87,0,0
1782351916017,84,HTTP Request,200,OK,Author Query 5-3,text,true,,263,155,10,70,http://localhost:8080/search?q=beauty&author=Oscar%20Wilde,84,0,0
1782351916034,67,HTTP Request,200,OK,Author Query 5-8,text,true,,263,155,10,70,http://localhost:8080/search?q=beauty&author=Oscar%20Wilde,67,0,0
1782351916013,100,HTTP Request,200,OK,Author Query 5-1,text,true,,263,155,10,70,http://localhost:8080/search?q=beauty&author=Oscar%20Wilde,100,0,0
1782351916017,97,HTTP Request,200,OK,Author Query 5-5,text,true,,263,155,10,70,http://localhost:8080/search?q=beauty&author=Oscar%20Wilde,97,0,0
1782351916072,53,HTTP Request,200,OK,Author Query 5-10,text,true,,263,155,10,70,http://localhost:8080/search?q=beauty&author=Oscar%20Wilde,53,0,0
1782351916088,79,HTTP Request,200,OK,Author Query 5-9,text,true,,263,155,10,70,http://localhost:8080/search?q=beauty&author=Oscar%20Wilde,79,0,0
1782351916101,76,HTTP Request,200,OK,Author Query 5-8,text,true,,263,155,10,70,http://localhost:8080/search?q=beauty&author=Oscar%20Wilde,76,0,0
1782351916101,81,HTTP Request,200,OK,Author Query 5-3,text,true,,263,155,10,70,http://localhost:8080/search?q=beauty&author=Oscar%20Wilde,81,0,0
1782351916094,100,HTTP Request,200,OK,Author Query 5-6,text,true,,263,155,10,70,http://localhost:8080/search?q=beauty&author=Oscar%20Wilde,100,0,0
1782351916095,99,HTTP Request,200,OK,Author Query 5-4,text,true,,263,155,10,70,http://localhost:8080/search?q=beauty&author=Oscar%20Wilde,99,0,0
1782351916095,99,HTTP Request,200,OK,Author Query 5-2,text,true,,263,155,10,70,http://localhost:8080/search?q=beauty&author=Oscar%20Wilde,99,0,0
1782351916113,92,HTTP Request,200,OK,Author Query 5-1,text,true,,263,155,10,70,http://localhost:8080/search?q=beauty&author=Oscar%20Wilde,92,0,0
1782351916086,141,HTTP Request,200,OK,Author Query 5-7,text,true,,263,155,10,70,http://localhost:8080/search?q=beauty&author=Oscar%20Wilde,141,0,0
1782351916125,113,HTTP Request,200,OK,Author Query 5-10,text,true,,263,155,10,70,http://localhost:8080/search?q=beauty&author=Oscar%20Wilde,113,0,0
1782351916167,79,HTTP Request,200,OK,Author Query 5-9,text,true,,263,155,10,70,http://localhost:8080/search?q=beauty&author=Oscar%20Wilde,79,0,0
1782351916182,66,HTTP Request,200,OK,Author Query 5-3,text,true,,263,155,10,70,http://localhost:8080/search?q=beauty&author=Oscar%20Wilde,66,0,0
1782351916178,70,HTTP Request,200,OK,Author Query 5-8,text,true,,263,155,10,70,http://localhost:8080/search?q=beauty&author=Oscar%20Wilde,70,0,0
1782351916205,52,HTTP Request,200,OK,Author Query 5-1,text,true,,263,155,10,70,http://localhost:8080/search?q=beauty&author=Oscar%20Wilde,52,0,0
1782351916194,63,HTTP Request,200,OK,Author Query 5-6,text,true,,263,155,10,70,http://localhost:8080/search?q=beauty&author=Oscar%20Wilde,63,0,0
1782351916228,30,HTTP Request,200,OK,Author Query 5-7,text,true,,263,155,10,70,http://localhost:8080/search?q=beauty&author=Oscar%20Wilde,30,0,0
1782351916194,76,HTTP Request,200,OK,Author Query 5-4,text,true,,263,155,10,70,http://localhost:8080/search?q=beauty&author=Oscar%20Wilde,76,0,0
1782351916194,81,HTTP Request,200,OK,Author Query 5-2,text,true,,263,155,10,70,http://localhost:8080/search?q=beauty&author=Oscar%20Wilde,81,0,0
1782351916114,162,HTTP Request,200,OK,Author Query 5-5,text,true,,263,155,10,70,http://localhost:8080/search?q=beauty&author=Oscar%20Wilde,162,0,0
1782351916248,46,HTTP Request,200,OK,Author Query 5-8,text,true,,263,155,10,70,http://localhost:8080/search?q=beauty&author=Oscar%20Wilde,46,0,0
1782351916259,40,HTTP Request,200,OK,Author Query 5-7,text,true,,263,155,10,70,http://localhost:8080/search?q=beauty&author=Oscar%20Wilde,40,0,0
1782351916248,56,HTTP Request,200,OK,Author Query 5-3,text,true,,263,155,10,70,http://localhost:8080/search?q=beauty&author=Oscar%20Wilde,56,0,0
1782351916239,66,HTTP Request,200,OK,Author Query 5-10,text,true,,263,155,10,70,http://localhost:8080/search?q=beauty&author=Oscar%20Wilde,66,0,0
1782351916270,37,HTTP Request,200,OK,Author Query 5-4,text,true,,263,155,10,70,http://localhost:8080/search?q=beauty&author=Oscar%20Wilde,37,0,0
1782351916258,50,HTTP Request,200,OK,Author Query 5-6,text,true,,263,155,10,70,http://localhost:8080/search?q=beauty&author=Oscar%20Wilde,50,0,0
1782351916258,69,HTTP Request,200,OK,Author Query 5-1,text,true,,263,155,10,70,http://localhost:8080/search?q=beauty&author=Oscar%20Wilde,69,0,0
1782351916294,63,HTTP Request,200,OK,Author Query 5-8,text,true,,263,155,10,70,http://localhost:8080/search?q=beauty&author=Oscar%20Wilde,63,0,0
1782351916305,53,HTTP Request,200,OK,Author Query 5-10,text,true,,263,155,10,70,http://localhost:8080/search?q=beauty&author=Oscar%20Wilde,53,0,0
1782351916275,83,HTTP Request,200,OK,Author Query 5-2,text,true,,263,155,10,70,http://localhost:8080/search?q=beauty&author=Oscar%20Wilde,83,0,0
1782351916300,58,HTTP Request,200,OK,Author Query 5-7,text,true,,263,155,10,70,http://localhost:8080/search?q=beauty&author=Oscar%20Wilde,58,0,0
1782351916276,97,HTTP Request,200,OK,Author Query 5-5,text,true,,263,155,10,70,http://localhost:8080/search?q=beauty&author=Oscar%20Wilde,97,0,0
1782351916307,92,HTTP Request,200,OK,Author Query 5-4,text,true,,263,155,10,70,http://localhost:8080/search?q=beauty&author=Oscar%20Wilde,92,0,0
1782351916327,87,HTTP Request,200,OK,Author Query 5-1,text,true,,263,155,10,70,http://localhost:8080/search?q=beauty&author=Oscar%20Wilde,87,0,0
1782351916247,167,HTTP Request,200,OK,Author Query 5-9,text,true,,263,155,10,70,http://localhost:8080/search?q=beauty&author=Oscar%20Wilde,167,0,0
1782351916305,110,HTTP Request,200,OK,Author Query 5-3,text,true,,263,155,10,70,http://localhost:8080/search?q=beauty&author=Oscar%20Wilde,110,0,0
1782351916309,106,HTTP Request,200,OK,Author Query 5-6,text,true,,263,155,10,70,http://localhost:8080/search?q=beauty&author=Oscar%20Wilde,106,0,0
1782351916357,94,HTTP Request,200,OK,Author Query 5-8,text,true,,263,155,10,70,http://localhost:8080/search?q=beauty&author=Oscar%20Wilde,94,0,0
1782351916359,102,HTTP Request,200,OK,Author Query 5-2,text,true,,263,155,10,70,http://localhost:8080/search?q=beauty&author=Oscar%20Wilde,102,0,0
1782351916359,102,HTTP Request,200,OK,Author Query 5-7,text,true,,263,155,10,70,http://localhost:8080/search?q=beauty&author=Oscar%20Wilde,102,0,0
1782351916373,104,HTTP Request,200,OK,Author Query 5-5,text,true,,263,155,10,70,http://localhost:8080/search?q=beauty&author=Oscar%20Wilde,104,0,0
1782351916359,119,HTTP Request,200,OK,Author Query 5-10,text,true,,263,155,10,70,http://localhost:8080/search?q=beauty&author=Oscar%20Wilde,119,0,0
1782351916451,64,HTTP Request,200,OK,Author Query 5-8,text,true,,263,155,10,70,http://localhost:8080/search?q=beauty&author=Oscar%20Wilde,64,0,0
1782351916415,100,HTTP Request,200,OK,Author Query 5-3,text,true,,263,155,10,70,http://localhost:8080/search?q=beauty&author=Oscar%20Wilde,100,0,0
1782351916415,100,HTTP Request,200,OK,Author Query 5-6,text,true,,263,155,10,70,http://localhost:8080/search?q=beauty&author=Oscar%20Wilde,100,0,0
1782351916414,103,HTTP Request,200,OK,Author Query 5-1,text,true,,263,155,10,70,http://localhost:8080/search?q=beauty&author=Oscar%20Wilde,103,0,0
1782351916399,118,HTTP Request,200,OK,Author Query 5-4,text,true,,263,155,10,70,http://localhost:8080/search?q=beauty&author=Oscar%20Wilde,118,0,0
1782351916461,56,HTTP Request,200,OK,Author Query 5-2,text,true,,263,155,10,70,http://localhost:8080/search?q=beauty&author=Oscar%20Wilde,56,0,0
1782351916415,103,HTTP Request,200,OK,Author Query 5-9,text,true,,263,155,10,70,http://localhost:8080/search?q=beauty&author=Oscar%20Wilde,103,0,0
1782351916477,66,HTTP Request,200,OK,Author Query 5-5,text,true,,263,155,10,70,http://localhost:8080/search?q=beauty&author=Oscar%20Wilde,66,0,0
1782351916479,64,HTTP Request,200,OK,Author Query 5-10,text,true,,263,155,10,70,http://localhost:8080/search?q=beauty&author=Oscar%20Wilde,64,0,0
1782351916461,83,HTTP Request,200,OK,Author Query 5-7,text,true,,263,155,10,70,http://localhost:8080/search?q=beauty&author=Oscar%20Wilde,83,0,0
1782351916517,84,HTTP Request,200,OK,Author Query 5-4,text,true,,263,155,10,70,http://localhost:8080/search?q=beauty&author=Oscar%20Wilde,84,0,0
1782351916515,94,HTTP Request,200,OK,Author Query 5-3,text,true,,263,155,10,70,http://localhost:8080/search?q=beauty&author=Oscar%20Wilde,94,0,0
1782351916515,95,HTTP Request,200,OK,Author Query 5-6,text,true,,263,155,10,70,http://localhost:8080/search?q=beauty&author=Oscar%20Wilde,95,0,0
1782351916543,69,HTTP Request,200,OK,Author Query 5-5,text,true,,263,155,10,70,http://localhost:8080/search?q=beauty&author=Oscar%20Wilde,69,0,0
1782351916517,96,HTTP Request,200,OK,Author Query 5-1,text,true,,263,155,10,70,http://localhost:8080/search?q=beauty&author=Oscar%20Wilde,96,0,0
1782351916543,71,HTTP Request,200,OK,Author Query 5-10,text,true,,263,155,10,70,http://localhost:8080/search?q=beauty&author=Oscar%20Wilde,71,0,0
1782351916517,97,HTTP Request,200,OK,Author Query 5-2,text,true,,263,155,10,70,http://localhost:8080/search?q=beauty&author=Oscar%20Wilde,97,0,0
1782351916515,99,HTTP Request,200,OK,Author Query 5-8,text,true,,263,155,10,70,http://localhost:8080/search?q=beauty&author=Oscar%20Wilde,99,0,0
1782351916544,72,HTTP Request,200,OK,Author Query 5-7,text,true,,263,155,10,70,http://localhost:8080/search?q=beauty&author=Oscar%20Wilde,72,0,0
1782351916519,97,HTTP Request,200,OK,Author Query 5-9,text,true,,263,155,10,70,http://localhost:8080/search?q=beauty&author=Oscar%20Wilde,97,0,0
1782351916601,54,HTTP Request,200,OK,Author Query 5-4,text,true,,263,155,10,70,http://localhost:8080/search?q=beauty&author=Oscar%20Wilde,54,0,0
1782351916614,41,HTTP Request,200,OK,Author Query 5-10,text,true,,263,155,10,70,http://localhost:8080/search?q=beauty&author=Oscar%20Wilde,41,0,0
1782351916609,68,HTTP Request,200,OK,Author Query 5-3,text,true,,263,155,10,70,http://localhost:8080/search?q=beauty&author=Oscar%20Wilde,68,0,0
1782351916610,72,HTTP Request,200,OK,Author Query 5-6,text,true,,263,155,10,70,http://localhost:8080/search?q=beauty&author=Oscar%20Wilde,72,0,0
1782351916614,68,HTTP Request,200,OK,Author Query 5-8,text,true,,263,155,10,70,http://localhost:8080/search?q=beauty&author=Oscar%20Wilde,68,0,0
1782351916614,69,HTTP Request,200,OK,Author Query 5-1,text,true,,263,155,10,70,http://localhost:8080/search?q=beauty&author=Oscar%20Wilde,69,0,0
1782351916617,66,HTTP Request,200,OK,Author Query 5-9,text,true,,263,155,10,70,http://localhost:8080/search?q=beauty&author=Oscar%20Wilde,66,0,0
1782351916617,70,HTTP Request,200,OK,Author Query 5-7,text,true,,263,155,10,70,http://localhost:8080/search?q=beauty&author=Oscar%20Wilde,70,0,0
1782351916612,78,HTTP Request,200,OK,Author Query 5-5,text,true,,263,155,10,70,http://localhost:8080/search?q=beauty&author=Oscar%20Wilde,78,0,0
1782351916614,86,HTTP Request,200,OK,Author Query 5-2,text,true,,263,155,10,70,http://localhost:8080/search?q=beauty&author=Oscar%20Wilde,86,0,0
1782351916677,56,HTTP Request,200,OK,Author Query 5-3,text,true,,263,155,10,70,http://localhost:8080/search?q=beauty&author=Oscar%20Wilde,56,0,0
1782351916683,51,HTTP Request,200,OK,Author Query 5-9,text,true,,263,155,10,70,http://localhost:8080/search?q=beauty&author=Oscar%20Wilde,51,0,0
1782351916688,49,HTTP Request,200,OK,Author Query 5-7,text,true,,263,155,10,70,http://localhost:8080/search?q=beauty&author=Oscar%20Wilde,49,0,0
1782351916683,54,HTTP Request,200,OK,Author Query 5-1,text,true,,263,155,10,70,http://localhost:8080/search?q=beauty&author=Oscar%20Wilde,54,0,0
1782351916656,81,HTTP Request,200,OK,Author Query 5-10,text,true,,263,155,10,70,http://localhost:8080/search?q=beauty&author=Oscar%20Wilde,81,0,0
1782351916656,81,HTTP Request,200,OK,Author Query 5-4,text,true,,263,155,10,70,http://localhost:8080/search?q=beauty&author=Oscar%20Wilde,81,0,0
1782351916700,38,HTTP Request,200,OK,Author Query 5-2,text,true,,263,155,10,70,http://localhost:8080/search?q=beauty&author=Oscar%20Wilde,38,0,0
1782351916691,51,HTTP Request,200,OK,Author Query 5-5,text,true,,263,155,10,70,http://localhost:8080/search?q=beauty&author=Oscar%20Wilde,51,0,0
1782351916682,60,HTTP Request,200,OK,Author Query 5-6,text,true,,263,155,10,70,http://localhost:8080/search?q=beauty&author=Oscar%20Wilde,60,0,0
1782351916682,90,HTTP Request,200,OK,Author Query 5-8,text,true,,263,155,10,70,http://localhost:8080/search?q=beauty&author=Oscar%20Wilde,90,0,0
1782351916733,51,HTTP Request,200,OK,Author Query 5-3,text,true,,263,155,10,70,http://localhost:8080/search?q=beauty&author=Oscar%20Wilde,51,0,0
1782351916737,67,HTTP Request,200,OK,Author Query 5-4,text,true,,263,155,10,70,http://localhost:8080/search?q=beauty&author=Oscar%20Wilde,67,0,0
1782351916742,67,HTTP Request,200,OK,Author Query 5-5,text,true,,263,155,10,70,http://localhost:8080/search?q=beauty&author=Oscar%20Wilde,67,0,0
1782351916739,73,HTTP Request,200,OK,Author Query 5-2,text,true,,263,155,10,70,http://localhost:8080/search?q=beauty&author=Oscar%20Wilde,73,0,0
1782351916737,75,HTTP Request,200,OK,Author Query 5-10,text,true,,263,155,10,70,http://localhost:8080/search?q=beauty&author=Oscar%20Wilde,75,0,0
1782351916737,75,HTTP Request,200,OK,Author Query 5-7,text,true,,263,155,10,70,http://localhost:8080/search?q=beauty&author=Oscar%20Wilde,75,0,0
1782351916735,77,HTTP Request,200,OK,Author Query 5-9,text,true,,263,155,10,70,http://localhost:8080/search?q=beauty&author=Oscar%20Wilde,77,0,0
1782351916772,44,HTTP Request,200,OK,Author Query 5-8,text,true,,263,155,10,70,http://localhost:8080/search?q=beauty&author=Oscar%20Wilde,44,0,0
1782351916742,74,HTTP Request,200,OK,Author Query 5-6,text,true,,263,155,10,70,http://localhost:8080/search?q=beauty&author=Oscar%20Wilde,74,0,0
1782351916737,89,HTTP Request,200,OK,Author Query 5-1,text,true,,263,155,10,70,http://localhost:8080/search?q=beauty&author=Oscar%20Wilde,89,0,0
1782351916784,63,HTTP Request,200,OK,Author Query 5-3,text,true,,263,155,10,70,http://localhost:8080/search?q=beauty&author=Oscar%20Wilde,63,0,0
1782351916812,47,HTTP Request,200,OK,Author Query 5-9,text,true,,263,155,10,70,http://localhost:8080/search?q=beauty&author=Oscar%20Wilde,47,0,0
1782351916804,55,HTTP Request,200,OK,Author Query 5-4,text,true,,263,155,10,70,http://localhost:8080/search?q=beauty&author=Oscar%20Wilde,55,0,0
1782351916816,44,HTTP Request,200,OK,Author Query 5-8,text,true,,263,155,10,70,http://localhost:8080/search?q=beauty&author=Oscar%20Wilde,44,0,0
1782351916812,48,HTTP Request,200,OK,Author Query 5-7,text,true,,263,155,10,70,http://localhost:8080/search?q=beauty&author=Oscar%20Wilde,48,0,0
1782351916809,52,HTTP Request,200,OK,Author Query 5-5,text,true,,263,155,10,70,http://localhost:8080/search?q=beauty&author=Oscar%20Wilde,52,0,0
1782351916816,45,HTTP Request,200,OK,Author Query 5-6,text,true,,263,155,10,70,http://localhost:8080/search?q=beauty&author=Oscar%20Wilde,45,0,0
1782351916812,49,HTTP Request,200,OK,Author Query 5-2,text,true,,263,155,10,70,http://localhost:8080/search?q=beauty&author=Oscar%20Wilde,49,0,0
1782351916812,50,HTTP Request,200,OK,Author Query 5-10,text,true,,263,155,10,70,http://localhost:8080/search?q=beauty&author=Oscar%20Wilde,50,0,0
1782351916827,46,HTTP Request,200,OK,Author Query 5-1,text,true,,263,155,10,70,http://localhost:8080/search?q=beauty&author=Oscar%20Wilde,46,0,0
1782351916860,39,HTTP Request,200,OK,Author Query 5-4,text,true,,263,155,10,70,http://localhost:8080/search?q=beauty&author=Oscar%20Wilde,39,0,0
1782351916861,38,HTTP Request,200,OK,Author Query 5-6,text,true,,263,155,10,70,http://localhost:8080/search?q=beauty&author=Oscar%20Wilde,38,0,0
1782351916861,38,HTTP Request,200,OK,Author Query 5-5,text,true,,263,155,10,70,http://localhost:8080/search?q=beauty&author=Oscar%20Wilde,38,0,0
1782351916861,39,HTTP Request,200,OK,Author Query 5-2,text,true,,263,155,10,70,http://localhost:8080/search?q=beauty&author=Oscar%20Wilde,39,0,0
1782351916847,54,HTTP Request,200,OK,Author Query 5-3,text,true,,263,155,10,70,http://localhost:8080/search?q=beauty&author=Oscar%20Wilde,54,0,0
1782351916861,58,HTTP Request,200,OK,Author Query 5-7,text,true,,263,155,10,70,http://localhost:8080/search?q=beauty&author=Oscar%20Wilde,58,0,0
1782351916862,57,HTTP Request,200,OK,Author Query 5-10,text,true,,263,155,10,70,http://localhost:8080/search?q=beauty&author=Oscar%20Wilde,57,0,0
1782351916860,60,HTTP Request,200,OK,Author Query 5-8,text,true,,263,155,10,70,http://localhost:8080/search?q=beauty&author=Oscar%20Wilde,60,0,0
1782351916860,69,HTTP Request,200,OK,Author Query 5-9,text,true,,263,155,10,70,http://localhost:8080/search?q=beauty&author=Oscar%20Wilde,69,0,0
1782351916874,65,HTTP Request,200,OK,Author Query 5-1,text,true,,263,155,10,70,http://localhost:8080/search?q=beauty&author=Oscar%20Wilde,65,0,0
1782351916920,50,HTTP Request,200,OK,Author Query 5-8,text,true,,263,155,10,70,http://localhost:8080/search?q=beauty&author=Oscar%20Wilde,50,0,0
1782351916920,58,HTTP Request,200,OK,Author Query 5-7,text,true,,263,155,10,70,http://localhost:8080/search?q=beauty&author=Oscar%20Wilde,58,0,0
1782351916900,79,HTTP Request,200,OK,Author Query 5-6,text,true,,263,155,10,70,http://localhost:8080/search?q=beauty&author=Oscar%20Wilde,79,0,0
1782351916920,64,HTTP Request,200,OK,Author Query 5-10,text,true,,263,155,10,70,http://localhost:8080/search?q=beauty&author=Oscar%20Wilde,64,0,0
1782351916929,58,HTTP Request,200,OK,Author Query 5-9,text,true,,263,155,10,70,http://localhost:8080/search?q=beauty&author=Oscar%20Wilde,58,0,0
1782351916900,88,HTTP Request,200,OK,Author Query 5-4,text,true,,263,155,10,70,http://localhost:8080/search?q=beauty&author=Oscar%20Wilde,88,0,0
1782351916901,87,HTTP Request,200,OK,Author Query 5-2,text,true,,263,155,10,70,http://localhost:8080/search?q=beauty&author=Oscar%20Wilde,87,0,0
1782351916901,89,HTTP Request,200,OK,Author Query 5-3,text,true,,263,155,10,70,http://localhost:8080/search?q=beauty&author=Oscar%20Wilde,89,0,0
1782351916900,93,HTTP Request,200,OK,Author Query 5-5,text,true,,263,155,10,70,http://localhost:8080/search?q=beauty&author=Oscar%20Wilde,93,0,0
1782351916939,54,HTTP Request,200,OK,Author Query 5-1,text,true,,263,155,10,70,http://localhost:8080/search?q=beauty&author=Oscar%20Wilde,54,0,0
1782351916987,35,HTTP Request,200,OK,Author Query 5-9,text,true,,263,155,10,70,http://localhost:8080/search?q=beauty&author=Oscar%20Wilde,35,0,0
1782351916970,52,HTTP Request,200,OK,Author Query 5-8,text,true,,263,155,10,70,http://localhost:8080/search?q=beauty&author=Oscar%20Wilde,52,0,0
1782351916984,45,HTTP Request,200,OK,Author Query 5-10,text,true,,263,155,10,70,http://localhost:8080/search?q=beauty&author=Oscar%20Wilde,45,0,0
1782351916993,36,HTTP Request,200,OK,Author Query 5-1,text,true,,263,155,10,70,http://localhost:8080/search?q=beauty&author=Oscar%20Wilde,36,0,0
1782351916988,41,HTTP Request,200,OK,Author Query 5-2,text,true,,263,155,10,70,http://localhost:8080/search?q=beauty&author=Oscar%20Wilde,41,0,0
1782351916990,40,HTTP Request,200,OK,Author Query 5-3,text,true,,263,155,10,70,http://localhost:8080/search?q=beauty&author=Oscar%20Wilde,40,0,0
1782351916979,51,HTTP Request,200,OK,Author Query 5-7,text,true,,263,155,10,70,http://localhost:8080/search?q=beauty&author=Oscar%20Wilde,51,0,0
1782351916979,53,HTTP Request,200,OK,Author Query 5-6,text,true,,263,155,10,70,http://localhost:8080/search?q=beauty&author=Oscar%20Wilde,53,0,0
1782351916988,45,HTTP Request,200,OK,Author Query 5-4,text,true,,263,155,10,70,http://localhost:8080/search?q=beauty&author=Oscar%20Wilde,45,0,0
1782351916993,40,HTTP Request,200,OK,Author Query 5-5,text,true,,263,155,10,70,http://localhost:8080/search?q=beauty&author=Oscar%20Wilde,40,0,0
1782351917023,53,HTTP Request,200,OK,Author Query 5-8,text,true,,263,155,10,70,http://localhost:8080/search?q=beauty&author=Oscar%20Wilde,53,0,0
1782351917029,52,HTTP Request,200,OK,Author Query 5-2,text,true,,263,155,10,70,http://localhost:8080/search?q=beauty&author=Oscar%20Wilde,52,0,0
1782351917023,58,HTTP Request,200,OK,Author Query 5-9,text,true,,263,155,10,70,http://localhost:8080/search?q=beauty&author=Oscar%20Wilde,58,0,0
1782351917029,52,HTTP Request,200,OK,Author Query 5-10,text,true,,263,155,10,70,http://localhost:8080/search?q=beauty&author=Oscar%20Wilde,52,0,0
1782351917032,50,HTTP Request,200,OK,Author Query 5-6,text,true,,263,155,10,70,http://localhost:8080/search?q=beauty&author=Oscar%20Wilde,50,0,0
1782351917034,49,HTTP Request,200,OK,Author Query 5-5,text,true,,263,155,10,70,http://localhost:8080/search?q=beauty&author=Oscar%20Wilde,49,0,0
1782351917034,49,HTTP Request,200,OK,Author Query 5-4,text,true,,263,155,10,70,http://localhost:8080/search?q=beauty&author=Oscar%20Wilde,49,0,0
1782351917030,54,HTTP Request,200,OK,Author Query 5-7,text,true,,263,155,10,70,http://localhost:8080/search?q=beauty&author=Oscar%20Wilde,54,0,0
1782351917030,57,HTTP Request,200,OK,Author Query 5-3,text,true,,263,155,10,70,http://localhost:8080/search?q=beauty&author=Oscar%20Wilde,57,0,0
1782351917029,69,HTTP Request,200,OK,Author Query 5-1,text,true,,263,155,10,70,http://localhost:8080/search?q=beauty&author=Oscar%20Wilde,69,0,0
1782351917076,32,HTTP Request,200,OK,Author Query 5-8,text,true,,263,155,10,70,http://localhost:8080/search?q=beauty&author=Oscar%20Wilde,32,0,0
1782351917082,26,HTTP Request,200,OK,Author Query 5-9,text,true,,263,155,10,70,http://localhost:8080/search?q=beauty&author=Oscar%20Wilde,26,0,0
1782351917082,27,HTTP Request,200,OK,Author Query 5-6,text,true,,263,155,10,70,http://localhost:8080/search?q=beauty&author=Oscar%20Wilde,27,0,0
1782351917081,30,HTTP Request,200,OK,Author Query 5-2,text,true,,263,155,10,70,http://localhost:8080/search?q=beauty&author=Oscar%20Wilde,30,0,0
1782351917083,33,HTTP Request,200,OK,Author Query 5-4,text,true,,263,155,10,70,http://localhost:8080/search?q=beauty&author=Oscar%20Wilde,33,0,0
1782351917082,45,HTTP Request,200,OK,Author Query 5-10,text,true,,263,155,10,70,http://localhost:8080/search?q=beauty&author=Oscar%20Wilde,45,0,0
1782351917083,44,HTTP Request,200,OK,Author Query 5-5,text,true,,263,155,10,70,http://localhost:8080/search?q=beauty&author=Oscar%20Wilde,44,0,0
1782351917087,41,HTTP Request,200,OK,Author Query 5-3,text,true,,263,155,10,70,http://localhost:8080/search?q=beauty&author=Oscar%20Wilde,41,0,0
1782351917084,44,HTTP Request,200,OK,Author Query 5-7,text,true,,263,155,10,70,http://localhost:8080/search?q=beauty&author=Oscar%20Wilde,44,0,0
1782351917108,35,HTTP Request,200,OK,Author Query 5-8,text,true,,263,155,10,70,http://localhost:8080/search?q=beauty&author=Oscar%20Wilde,35,0,0
1782351917108,40,HTTP Request,200,OK,Author Query 5-9,text,true,,263,155,10,70,http://localhost:8080/search?q=beauty&author=Oscar%20Wilde,40,0,0
1782351917098,50,HTTP Request,200,OK,Author Query 5-1,text,true,,263,155,10,70,http://localhost:8080/search?q=beauty&author=Oscar%20Wilde,50,0,0
1782351917109,39,HTTP Request,200,OK,Author Query 5-6,text,true,,263,155,10,70,http://localhost:8080/search?q=beauty&author=Oscar%20Wilde,39,0,0
1782351917111,37,HTTP Request,200,OK,Author Query 5-2,text,true,,263,155,10,70,http://localhost:8080/search?q=beauty&author=Oscar%20Wilde,37,0,0
1782351917117,31,HTTP Request,200,OK,Author Query 5-4,text,true,,263,155,10,70,http://localhost:8080/search?q=beauty&author=Oscar%20Wilde,31,0,0
1782351917128,32,HTTP Request,200,OK,Author Query 5-10,text,true,,263,155,10,70,http://localhost:8080/search?q=beauty&author=Oscar%20Wilde,32,0,0
1782351917128,36,HTTP Request,200,OK,Author Query 5-5,text,true,,263,155,10,70,http://localhost:8080/search?q=beauty&author=Oscar%20Wilde,36,0,0
1782351917143,44,HTTP Request,200,OK,Author Query 5-8,text,true,,263,155,10,70,http://localhost:8080/search?q=beauty&author=Oscar%20Wilde,44,0,0
1782351917148,51,HTTP Request,200,OK,Author Query 5-4,text,true,,263,155,10,70,http://localhost:8080/search?q=beauty&author=Oscar%20Wilde,51,0,0
1782351917148,52,HTTP Request,200,OK,Author Query 5-1,text,true,,263,155,10,70,http://localhost:8080/search?q=beauty&author=Oscar%20Wilde,52,0,0
1782351917148,52,HTTP Request,200,OK,Author Query 5-9,text,true,,263,155,10,70,http://localhost:8080/search?q=beauty&author=Oscar%20Wilde,52,0,0
1782351917148,52,HTTP Request,200,OK,Author Query 5-2,text,true,,263,155,10,70,http://localhost:8080/search?q=beauty&author=Oscar%20Wilde,52,0,0
1782351917148,53,HTTP Request,200,OK,Author Query 5-6,text,true,,263,155,10,70,http://localhost:8080/search?q=beauty&author=Oscar%20Wilde,53,0,0
1782351917164,44,HTTP Request,200,OK,Author Query 5-5,text,true,,263,155,10,70,http://localhost:8080/search?q=beauty&author=Oscar%20Wilde,44,0,0
1782351917161,58,HTTP Request,200,OK,Author Query 5-10,text,true,,263,155,10,70,http://localhost:8080/search?q=beauty&author=Oscar%20Wilde,58,0,0
1782351917128,98,HTTP Request,200,OK,Author Query 5-7,text,true,,263,155,10,70,http://localhost:8080/search?q=beauty&author=Oscar%20Wilde,98,0,0
1782351917128,98,HTTP Request,200,OK,Author Query 5-3,text,true,,263,155,10,70,http://localhost:8080/search?q=beauty&author=Oscar%20Wilde,98,0,0
1782351917187,40,HTTP Request,200,OK,Author Query 5-8,text,true,,263,155,10,70,http://localhost:8080/search?q=beauty&author=Oscar%20Wilde,40,0,0
1782351917201,41,HTTP Request,200,OK,Author Query 5-6,text,true,,263,155,10,70,http://localhost:8080/search?q=beauty&author=Oscar%20Wilde,41,0,0
1782351917200,42,HTTP Request,200,OK,Author Query 5-9,text,true,,263,155,10,70,http://localhost:8080/search?q=beauty&author=Oscar%20Wilde,42,0,0
1782351917201,41,HTTP Request,200,OK,Author Query 5-2,text,true,,263,155,10,70,http://localhost:8080/search?q=beauty&author=Oscar%20Wilde,41,0,0
1782351917199,43,HTTP Request,200,OK,Author Query 5-4,text,true,,263,155,10,70,http://localhost:8080/search?q=beauty&author=Oscar%20Wilde,43,0,0
1782351917200,55,HTTP Request,200,OK,Author Query 5-1,text,true,,263,155,10,70,http://localhost:8080/search?q=beauty&author=Oscar%20Wilde,55,0,0
1782351917226,51,HTTP Request,200,OK,Author Query 5-7,text,true,,263,155,10,70,http://localhost:8080/search?q=beauty&author=Oscar%20Wilde,51,0,0
1782351917242,36,HTTP Request,200,OK,Author Query 5-2,text,true,,263,155,10,70,http://localhost:8080/search?q=beauty&author=Oscar%20Wilde,36,0,0
1782351917227,51,HTTP Request,200,OK,Author Query 5-8,text,true,,263,155,10,70,http://localhost:8080/search?q=beauty&author=Oscar%20Wilde,51,0,0
1782351917242,36,HTTP Request,200,OK,Author Query 5-6,text,true,,263,155,10,70,http://localhost:8080/search?q=beauty&author=Oscar%20Wilde,36,0,0
1782351917220,58,HTTP Request,200,OK,Author Query 5-10,text,true,,263,155,10,70,http://localhost:8080/search?q=beauty&author=Oscar%20Wilde,58,0,0
1782351917209,70,HTTP Request,200,OK,Author Query 5-5,text,true,,263,155,10,70,http://localhost:8080/search?q=beauty&author=Oscar%20Wilde,70,0,0
1782351917227,52,HTTP Request,200,OK,Author Query 5-3,text,true,,263,155,10,70,http://localhost:8080/search?q=beauty&author=Oscar%20Wilde,52,0,0
1782351917242,47,HTTP Request,200,OK,Author Query 5-4,text,true,,263,155,10,70,http://localhost:8080/search?q=beauty&author=Oscar%20Wilde,47,0,0
1782351917242,49,HTTP Request,200,OK,Author Query 5-9,text,true,,263,155,10,70,http://localhost:8080/search?q=beauty&author=Oscar%20Wilde,49,0,0
1782351917256,35,HTTP Request,200,OK,Author Query 5-1,text,true,,263,155,10,70,http://localhost:8080/search?q=beauty&author=Oscar%20Wilde,35,0,0
1782351917278,36,HTTP Request,200,OK,Author Query 5-2,text,true,,263,155,10,70,http://localhost:8080/search?q=beauty&author=Oscar%20Wilde,36,0,0
1782351917278,37,HTTP Request,200,OK,Author Query 5-10,text,true,,263,155,10,70,http://localhost:8080/search?q=beauty&author=Oscar%20Wilde,37,0,0
1782351917280,35,HTTP Request,200,OK,Author Query 5-5,text,true,,263,155,10,70,http://localhost:8080/search?q=beauty&author=Oscar%20Wilde,35,0,0
1782351917280,35,HTTP Request,200,OK,Author Query 5-3,text,true,,263,155,10,70,http://localhost:8080/search?q=beauty&author=Oscar%20Wilde,35,0,0
1782351917277,38,HTTP Request,200,OK,Author Query 5-7,text,true,,263,155,10,70,http://localhost:8080/search?q=beauty&author=Oscar%20Wilde,38,0,0
1782351917278,41,HTTP Request,200,OK,Author Query 5-6,text,true,,263,155,10,70,http://localhost:8080/search?q=beauty&author=Oscar%20Wilde,41,0,0
1782351917289,31,HTTP Request,200,OK,Author Query 5-4,text,true,,263,155,10,70,http://localhost:8080/search?q=beauty&author=Oscar%20Wilde,31,0,0
1782351917291,39,HTTP Request,200,OK,Author Query 5-1,text,true,,263,155,10,70,http://localhost:8080/search?q=beauty&author=Oscar%20Wilde,39,0,0
1782351917291,40,HTTP Request,200,OK,Author Query 5-9,text,true,,263,155,10,70,http://localhost:8080/search?q=beauty&author=Oscar%20Wilde,40,0,0
1782351917278,60,HTTP Request,200,OK,Author Query 5-8,text,true,,263,155,10,70,http://localhost:8080/search?q=beauty&author=Oscar%20Wilde,60,0,0
1782351917320,23,HTTP Request,200,OK,Author Query 5-4,text,true,,263,155,10,70,http://localhost:8080/search?q=beauty&author=Oscar%20Wilde,23,0,0
1782351917314,38,HTTP Request,200,OK,Author Query 5-2,text,true,,263,155,10,70,http://localhost:8080/search?q=beauty&author=Oscar%20Wilde,38,0,0
1782351917320,33,HTTP Request,200,OK,Author Query 5-6,text,true,,263,155,10,70,http://localhost:8080/search?q=beauty&author=Oscar%20Wilde,33,0,0
1782351917315,40,HTTP Request,200,OK,Author Query 5-7,text,true,,263,155,10,70,http://localhost:8080/search?q=beauty&author=Oscar%20Wilde,40,0,0
1782351917315,41,HTTP Request,200,OK,Author Query 5-5,text,true,,263,155,10,70,http://localhost:8080/search?q=beauty&author=Oscar%20Wilde,41,0,0
1782351917331,25,HTTP Request,200,OK,Author Query 5-1,text,true,,263,155,10,70,http://localhost:8080/search?q=beauty&author=Oscar%20Wilde,25,0,0
1782351917331,33,HTTP Request,200,OK,Author Query 5-9,text,true,,263,155,10,70,http://localhost:8080/search?q=beauty&author=Oscar%20Wilde,33,0,0
1782351917338,43,HTTP Request,200,OK,Author Query 5-8,text,true,,263,155,10,70,http://localhost:8080/search?q=beauty&author=Oscar%20Wilde,43,0,0
1782351917315,72,HTTP Request,200,OK,Author Query 5-10,text,true,,263,155,10,70,http://localhost:8080/search?q=beauty&author=Oscar%20Wilde,72,0,0
1782351917344,43,HTTP Request,200,OK,Author Query 5-4,text,true,,263,155,10,70,http://localhost:8080/search?q=beauty&author=Oscar%20Wilde,43,0,0
1782351917315,72,HTTP Request,200,OK,Author Query 5-3,text,true,,263,155,10,70,http://localhost:8080/search?q=beauty&author=Oscar%20Wilde,72,0,0
1782351917353,51,HTTP Request,200,OK,Author Query 5-6,text,true,,263,155,10,70,http://localhost:8080/search?q=beauty&author=Oscar%20Wilde,51,0,0
1782351917353,52,HTTP Request,200,OK,Author Query 5-2,text,true,,263,155,10,70,http://localhost:8080/search?q=beauty&author=Oscar%20Wilde,52,0,0
1782351917356,57,HTTP Request,200,OK,Author Query 5-5,text,true,,263,155,10,70,http://localhost:8080/search?q=beauty&author=Oscar%20Wilde,57,0,0
1782351917357,61,HTTP Request,200,OK,Author Query 5-1,text,true,,263,155,10,70,http://localhost:8080/search?q=beauty&author=Oscar%20Wilde,61,0,0
1782351917381,37,HTTP Request,200,OK,Author Query 5-8,text,true,,263,155,10,70,http://localhost:8080/search?q=beauty&author=Oscar%20Wilde,37,0,0
1782351917356,66,HTTP Request,200,OK,Author Query 5-7,text,true,,263,155,10,70,http://localhost:8080/search?q=beauty&author=Oscar%20Wilde,66,0,0
1782351917364,65,HTTP Request,200,OK,Author Query 5-9,text,true,,263,155,10,70,http://localhost:8080/search?q=beauty&author=Oscar%20Wilde,65,0,0
1782351917387,43,HTTP Request,200,OK,Author Query 5-10,text,true,,263,155,10,70,http://localhost:8080/search?q=beauty&author=Oscar%20Wilde,43,0,0
1782351917405,47,HTTP Request,200,OK,Author Query 5-2,text,true,,263,155,10,70,http://localhost:8080/search?q=beauty&author=Oscar%20Wilde,47,0,0
1782351917387,66,HTTP Request,200,OK,Author Query 5-3,text,true,,263,155,10,70,http://localhost:8080/search?q=beauty&author=Oscar%20Wilde,66,0,0
1782351917430,35,HTTP Request,200,OK,Author Query 5-9,text,true,,263,155,10,70,http://localhost:8080/search?q=beauty&author=Oscar%20Wilde,35,0,0
1782351917404,61,HTTP Request,200,OK,Author Query 5-6,text,true,,263,155,10,70,http://localhost:8080/search?q=beauty&author=Oscar%20Wilde,61,0,0
1782351917422,43,HTTP Request,200,OK,Author Query 5-7,text,true,,263,155,10,70,http://localhost:8080/search?q=beauty&author=Oscar%20Wilde,43,0,0
1782351917418,47,HTTP Request,200,OK,Author Query 5-1,text,true,,263,155,10,70,http://localhost:8080/search?q=beauty&author=Oscar%20Wilde,47,0,0
1782351917387,79,HTTP Request,200,OK,Author Query 5-4,text,true,,263,155,10,70,http://localhost:8080/search?q=beauty&author=Oscar%20Wilde,78,0,0
1782351917431,34,HTTP Request,200,OK,Author Query 5-10,text,true,,263,155,10,70,http://localhost:8080/search?q=beauty&author=Oscar%20Wilde,34,0,0
1782351917413,53,HTTP Request,200,OK,Author Query 5-5,text,true,,263,155,10,70,http://localhost:8080/search?q=beauty&author=Oscar%20Wilde,53,0,0
1782351917418,57,HTTP Request,200,OK,Author Query 5-8,text,true,,263,155,10,70,http://localhost:8080/search?q=beauty&author=Oscar%20Wilde,57,0,0
1782351917452,50,HTTP Request,200,OK,Author Query 5-2,text,true,,263,155,10,70,http://localhost:8080/search?q=beauty&author=Oscar%20Wilde,50,0,0
1782351917466,45,HTTP Request,200,OK,Author Query 5-4,text,true,,263,155,10,70,http://localhost:8080/search?q=beauty&author=Oscar%20Wilde,45,0,0
1782351917453,58,HTTP Request,200,OK,Author Query 5-3,text,true,,263,155,10,70,http://localhost:8080/search?q=beauty&author=Oscar%20Wilde,58,0,0
1782351917465,46,HTTP Request,200,OK,Author Query 5-7,text,true,,263,155,10,70,http://localhost:8080/search?q=beauty&author=Oscar%20Wilde,46,0,0
1782351917466,46,HTTP Request,200,OK,Author Query 5-1,text,true,,263,155,10,70,http://localhost:8080/search?q=beauty&author=Oscar%20Wilde,46,0,0
1782351917465,47,HTTP Request,200,OK,Author Query 5-6,text,true,,263,155,10,70,http://localhost:8080/search?q=beauty&author=Oscar%20Wilde,47,0,0
1782351917475,37,HTTP Request,200,OK,Author Query 5-8,text,true,,263,155,10,70,http://localhost:8080/search?q=beauty&author=Oscar%20Wilde,37,0,0
1782351917465,47,HTTP Request,200,OK,Author Query 5-9,text,true,,263,155,10,70,http://localhost:8080/search?q=beauty&author=Oscar%20Wilde,47,0,0
1782351917466,51,HTTP Request,200,OK,Author Query 5-5,text,true,,263,155,10,70,http://localhost:8080/search?q=beauty&author=Oscar%20Wilde,51,0,0
1782351917466,55,HTTP Request,200,OK,Author Query 5-10,text,true,,263,155,10,70,http://localhost:8080/search?q=beauty&author=Oscar%20Wilde,55,0,0
1782351917512,29,HTTP Request,200,OK,Author Query 5-1,text,true,,263,155,10,70,http://localhost:8080/search?q=beauty&author=Oscar%20Wilde,29,0,0
1782351917502,44,HTTP Request,200,OK,Author Query 5-2,text,true,,263,155,10,70,http://localhost:8080/search?q=beauty&author=Oscar%20Wilde,44,0,0
1782351917512,44,HTTP Request,200,OK,Author Query 5-8,text,true,,263,155,10,70,http://localhost:8080/search?q=beauty&author=Oscar%20Wilde,44,0,0
1782351917513,44,HTTP Request,200,OK,Author Query 5-6,text,true,,263,155,10,70,http://localhost:8080/search?q=beauty&author=Oscar%20Wilde,44,0,0
1782351917512,49,HTTP Request,200,OK,Author Query 5-3,text,true,,263,155,10,70,http://localhost:8080/search?q=beauty&author=Oscar%20Wilde,49,0,0
1782351917512,54,HTTP Request,200,OK,Author Query 5-9,text,true,,263,155,10,70,http://localhost:8080/search?q=beauty&author=Oscar%20Wilde,54,0,0
1782351917521,51,HTTP Request,200,OK,Author Query 5-10,text,true,,263,155,10,70,http://localhost:8080/search?q=beauty&author=Oscar%20Wilde,51,0,0
1782351917517,78,HTTP Request,200,OK,Author Query 5-5,text,true,,263,155,10,70,http://localhost:8080/search?q=beauty&author=Oscar%20Wilde,78,0,0
1782351917511,85,HTTP Request,200,OK,Author Query 5-7,text,true,,263,155,10,70,http://localhost:8080/search?q=beauty&author=Oscar%20Wilde,85,0,0
1782351917511,87,HTTP Request,200,OK,Author Query 5-4,text,true,,263,155,10,70,http://localhost:8080/search?q=beauty&author=Oscar%20Wilde,87,0,0
1782351917557,52,HTTP Request,200,OK,Author Query 5-6,text,true,,263,155,10,70,http://localhost:8080/search?q=beauty&author=Oscar%20Wilde,52,0,0
1782351917546,63,HTTP Request,200,OK,Author Query 5-2,text,true,,263,155,10,70,http://localhost:8080/search?q=beauty&author=Oscar%20Wilde,63,0,0
1782351917541,68,HTTP Request,200,OK,Author Query 5-1,text,true,,263,155,10,70,http://localhost:8080/search?q=beauty&author=Oscar%20Wilde,68,0,0
1782351917566,43,HTTP Request,200,OK,Author Query 5-9,text,true,,263,155,10,70,http://localhost:8080/search?q=beauty&author=Oscar%20Wilde,43,0,0
1782351917557,58,HTTP Request,200,OK,Author Query 5-8,text,true,,263,155,10,70,http://localhost:8080/search?q=beauty&author=Oscar%20Wilde,58,0,0
1782351917572,48,HTTP Request,200,OK,Author Query 5-10,text,true,,263,155,10,70,http://localhost:8080/search?q=beauty&author=Oscar%20Wilde,48,0,0
1782351917561,64,HTTP Request,200,OK,Author Query 5-3,text,true,,263,155,10,70,http://localhost:8080/search?q=beauty&author=Oscar%20Wilde,64,0,0
1782351917595,47,HTTP Request,200,OK,Author Query 5-5,text,true,,263,155,10,70,http://localhost:8080/search?q=beauty&author=Oscar%20Wilde,47,0,0
1782351917598,44,HTTP Request,200,OK,Author Query 5-4,text,true,,263,155,10,70,http://localhost:8080/search?q=beauty&author=Oscar%20Wilde,44,0,0
1782351917597,46,HTTP Request,200,OK,Author Query 5-7,text,true,,263,155,10,70,http://localhost:8080/search?q=beauty&author=Oscar%20Wilde,46,0,0
1782351917609,42,HTTP Request,200,OK,Author Query 5-6,text,true,,263,155,10,70,http://localhost:8080/search?q=beauty&author=Oscar%20Wilde,42,0,0
1782351917610,42,HTTP Request,200,OK,Author Query 5-9,text,true,,263,155,10,70,http://localhost:8080/search?q=beauty&author=Oscar%20Wilde,42,0,0
1782351917609,43,HTTP Request,200,OK,Author Query 5-1,text,true,,263,155,10,70,http://localhost:8080/search?q=beauty&author=Oscar%20Wilde,43,0,0
1782351917609,44,HTTP Request,200,OK,Author Query 5-2,text,true,,263,155,10,70,http://localhost:8080/search?q=beauty&author=Oscar%20Wilde,44,0,0
1782351917615,47,HTTP Request,200,OK,Author Query 5-8,text,true,,263,155,10,70,http://localhost:8080/search?q=beauty&author=Oscar%20Wilde,47,0,0
1782351917620,72,HTTP Request,200,OK,Author Query 5-10,text,true,,263,155,10,70,http://localhost:8080/search?q=beauty&author=Oscar%20Wilde,72,0,0
1782351917625,67,HTTP Request,200,OK,Author Query 5-3,text,true,,263,155,10,70,http://localhost:8080/search?q=beauty&author=Oscar%20Wilde,67,0,0
1782351917643,49,HTTP Request,200,OK,Author Query 5-7,text,true,,263,155,10,70,http://localhost:8080/search?q=beauty&author=Oscar%20Wilde,49,0,0
1782351917643,50,HTTP Request,200,OK,Author Query 5-4,text,true,,263,155,10,70,http://localhost:8080/search?q=beauty&author=Oscar%20Wilde,50,0,0
1782351917652,47,HTTP Request,200,OK,Author Query 5-1,text,true,,263,155,10,70,http://localhost:8080/search?q=beauty&author=Oscar%20Wilde,47,0,0
1782351917642,57,HTTP Request,200,OK,Author Query 5-5,text,true,,263,155,10,70,http://localhost:8080/search?q=beauty&author=Oscar%20Wilde,57,0,0
1782351917651,48,HTTP Request,200,OK,Author Query 5-6,text,true,,263,155,10,70,http://localhost:8080/search?q=beauty&author=Oscar%20Wilde,48,0,0
1782351917652,48,HTTP Request,200,OK,Author Query 5-9,text,true,,263,155,10,70,http://localhost:8080/search?q=beauty&author=Oscar%20Wilde,48,0,0
1782351917653,52,HTTP Request,200,OK,Author Query 5-2,text,true,,263,155,10,70,http://localhost:8080/search?q=beauty&author=Oscar%20Wilde,52,0,0
1782351917662,47,HTTP Request,200,OK,Author Query 5-8,text,true,,263,155,10,70,http://localhost:8080/search?q=beauty&author=Oscar%20Wilde,47,0,0
1782351917692,45,HTTP Request,200,OK,Author Query 5-10,text,true,,263,155,10,70,http://localhost:8080/search?q=beauty&author=Oscar%20Wilde,45,0,0
1782351917700,39,HTTP Request,200,OK,Author Query 5-9,text,true,,263,155,10,70,http://localhost:8080/search?q=beauty&author=Oscar%20Wilde,39,0,0
1782351917693,47,HTTP Request,200,OK,Author Query 5-4,text,true,,263,155,10,70,http://localhost:8080/search?q=beauty&author=Oscar%20Wilde,47,0,0
1782351917692,50,HTTP Request,200,OK,Author Query 5-7,text,true,,263,155,10,70,http://localhost:8080/search?q=beauty&author=Oscar%20Wilde,50,0,0
1782351917700,47,HTTP Request,200,OK,Author Query 5-6,text,true,,263,155,10,70,http://localhost:8080/search?q=beauty&author=Oscar%20Wilde,47,0,0
1782351917699,48,HTTP Request,200,OK,Author Query 5-1,text,true,,263,155,10,70,http://localhost:8080/search?q=beauty&author=Oscar%20Wilde,48,0,0
1782351917692,55,HTTP Request,200,OK,Author Query 5-3,text,true,,263,155,10,70,http://localhost:8080/search?q=beauty&author=Oscar%20Wilde,55,0,0
1782351917710,42,HTTP Request,200,OK,Author Query 5-8,text,true,,263,155,10,70,http://localhost:8080/search?q=beauty&author=Oscar%20Wilde,42,0,0
1782351917699,53,HTTP Request,200,OK,Author Query 5-5,text,true,,263,155,10,70,http://localhost:8080/search?q=beauty&author=Oscar%20Wilde,53,0,0
1782351917706,48,HTTP Request,200,OK,Author Query 5-2,text,true,,263,155,10,70,http://localhost:8080/search?q=beauty&author=Oscar%20Wilde,48,0,0
1782351917737,24,HTTP Request,200,OK,Author Query 5-10,text,true,,263,155,10,70,http://localhost:8080/search?q=beauty&author=Oscar%20Wilde,24,0,0
1782351917740,21,HTTP Request,200,OK,Author Query 5-9,text,true,,263,155,10,70,http://localhost:8080/search?q=beauty&author=Oscar%20Wilde,21,0,0
1782351917740,22,HTTP Request,200,OK,Author Query 5-4,text,true,,263,155,10,70,http://localhost:8080/search?q=beauty&author=Oscar%20Wilde,22,0,0
1782351917742,31,HTTP Request,200,OK,Author Query 5-7,text,true,,263,155,10,70,http://localhost:8080/search?q=beauty&author=Oscar%20Wilde,31,0,0
1782351917752,39,HTTP Request,200,OK,Author Query 5-5,text,true,,263,155,10,70,http://localhost:8080/search?q=beauty&author=Oscar%20Wilde,39,0,0
1782351917752,39,HTTP Request,200,OK,Author Query 5-8,text,true,,263,155,10,70,http://localhost:8080/search?q=beauty&author=Oscar%20Wilde,39,0,0
1782351917754,42,HTTP Request,200,OK,Author Query 5-2,text,true,,263,155,10,70,http://localhost:8080/search?q=beauty&author=Oscar%20Wilde,42,0,0
1782351917748,48,HTTP Request,200,OK,Author Query 5-3,text,true,,263,155,10,70,http://localhost:8080/search?q=beauty&author=Oscar%20Wilde,48,0,0
1782351917747,49,HTTP Request,200,OK,Author Query 5-1,text,true,,263,155,10,70,http://localhost:8080/search?q=beauty&author=Oscar%20Wilde,49,0,0
1782351917747,49,HTTP Request,200,OK,Author Query 5-6,text,true,,263,155,10,70,http://localhost:8080/search?q=beauty&author=Oscar%20Wilde,49,0,0
1782351917762,43,HTTP Request,200,OK,Author Query 5-4,text,true,,263,155,10,70,http://localhost:8080/search?q=beauty&author=Oscar%20Wilde,43,0,0
1782351917761,44,HTTP Request,200,OK,Author Query 5-9,text,true,,263,155,10,70,http://localhost:8080/search?q=beauty&author=Oscar%20Wilde,44,0,0
1782351917761,46,HTTP Request,200,OK,Author Query 5-10,text,true,,263,155,10,70,http://localhost:8080/search?q=beauty&author=Oscar%20Wilde,46,0,0
1782351917773,45,HTTP Request,200,OK,Author Query 5-7,text,true,,263,155,10,70,http://localhost:8080/search?q=beauty&author=Oscar%20Wilde,44,0,0
1782351917791,32,HTTP Request,200,OK,Author Query 5-8,text,true,,263,155,10,70,http://localhost:8080/search?q=beauty&author=Oscar%20Wilde,32,0,0
1782351917796,33,HTTP Request,200,OK,Author Query 5-6,text,true,,263,155,10,70,http://localhost:8080/search?q=beauty&author=Oscar%20Wilde,33,0,0
1782351917796,33,HTTP Request,200,OK,Author Query 5-1,text,true,,263,155,10,70,http://localhost:8080/search?q=beauty&author=Oscar%20Wilde,33,0,0
1782351917791,38,HTTP Request,200,OK,Author Query 5-5,text,true,,263,155,10,70,http://localhost:8080/search?q=beauty&author=Oscar%20Wilde,38,0,0
1782351917796,40,HTTP Request,200,OK,Author Query 5-2,text,true,,263,155,10,70,http://localhost:8080/search?q=beauty&author=Oscar%20Wilde,40,0,0
1782351917796,40,HTTP Request,200,OK,Author Query 5-3,text,true,,263,155,10,70,http://localhost:8080/search?q=beauty&author=Oscar%20Wilde,40,0,0
1782351917805,34,HTTP Request,200,OK,Author Query 5-9,text,true,,263,155,10,70,http://localhost:8080/search?q=beauty&author=Oscar%20Wilde,34,0,0
1782351917807,32,HTTP Request,200,OK,Author Query 5-10,text,true,,263,155,10,70,http://localhost:8080/search?q=beauty&author=Oscar%20Wilde,32,0,0
1782351917805,43,HTTP Request,200,OK,Author Query 5-4,text,true,,263,155,10,70,http://localhost:8080/search?q=beauty&author=Oscar%20Wilde,43,0,0
1782351917818,30,HTTP Request,200,OK,Author Query 5-7,text,true,,263,155,10,70,http://localhost:8080/search?q=beauty&author=Oscar%20Wilde,30,0,0
1782351917823,34,HTTP Request,200,OK,Author Query 5-8,text,true,,263,155,10,70,http://localhost:8080/search?q=beauty&author=Oscar%20Wilde,34,0,0
1782351917837,38,HTTP Request,200,OK,Author Query 5-2,text,true,,263,155,10,70,http://localhost:8080/search?q=beauty&author=Oscar%20Wilde,38,0,0
1782351917829,47,HTTP Request,200,OK,Author Query 5-5,text,true,,263,155,10,70,http://localhost:8080/search?q=beauty&author=Oscar%20Wilde,47,0,0
1782351917829,49,HTTP Request,200,OK,Author Query 5-1,text,true,,263,155,10,70,http://localhost:8080/search?q=beauty&author=Oscar%20Wilde,49,0,0
1782351917848,30,HTTP Request,200,OK,Author Query 5-4,text,true,,263,155,10,70,http://localhost:8080/search?q=beauty&author=Oscar%20Wilde,30,0,0
1782351917839,39,HTTP Request,200,OK,Author Query 5-10,text,true,,263,155,10,70,http://localhost:8080/search?q=beauty&author=Oscar%20Wilde,39,0,0
1782351917829,49,HTTP Request,200,OK,Author Query 5-6,text,true,,263,155,10,70,http://localhost:8080/search?q=beauty&author=Oscar%20Wilde,49,0,0
1782351917839,49,HTTP Request,200,OK,Author Query 5-9,text,true,,263,155,10,70,http://localhost:8080/search?q=beauty&author=Oscar%20Wilde,49,0,0
1782351917836,53,HTTP Request,200,OK,Author Query 5-3,text,true,,263,155,10,70,http://localhost:8080/search?q=beauty&author=Oscar%20Wilde,53,0,0
1782351917857,37,HTTP Request,200,OK,Author Query 5-8,text,true,,263,155,10,70,http://localhost:8080/search?q=beauty&author=Oscar%20Wilde,37,0,0
1782351917848,46,HTTP Request,200,OK,Author Query 5-7,text,true,,263,155,10,70,http://localhost:8080/search?q=beauty&author=Oscar%20Wilde,46,0,0
1782351917878,33,HTTP Request,200,OK,Author Query 5-10,text,true,,263,155,10,70,http://localhost:8080/search?q=beauty&author=Oscar%20Wilde,33,0,0
1782351917877,38,HTTP Request,200,OK,Author Query 5-5,text,true,,263,155,10,70,http://localhost:8080/search?q=beauty&author=Oscar%20Wilde,38,0,0
1782351917878,47,HTTP Request,200,OK,Author Query 5-4,text,true,,263,155,10,70,http://localhost:8080/search?q=beauty&author=Oscar%20Wilde,47,0,0
1782351917875,51,HTTP Request,200,OK,Author Query 5-2,text,true,,263,155,10,70,http://localhost:8080/search?q=beauty&author=Oscar%20Wilde,51,0,0
1782351917878,56,HTTP Request,200,OK,Author Query 5-6,text,true,,263,155,10,70,http://localhost:8080/search?q=beauty&author=Oscar%20Wilde,56,0,0
1782351917878,57,HTTP Request,200,OK,Author Query 5-1,text,true,,263,155,10,70,http://localhost:8080/search?q=beauty&author=Oscar%20Wilde,57,0,0
1782351917889,47,HTTP Request,200,OK,Author Query 5-9,text,true,,263,155,10,70,http://localhost:8080/search?q=beauty&author=Oscar%20Wilde,47,0,0
1782351917889,47,HTTP Request,200,OK,Author Query 5-3,text,true,,263,155,10,70,http://localhost:8080/search?q=beauty&author=Oscar%20Wilde,47,0,0
1782351917894,64,HTTP Request,200,OK,Author Query 5-8,text,true,,263,155,10,70,http://localhost:8080/search?q=beauty&author=Oscar%20Wilde,64,0,0
1782351917911,49,HTTP Request,200,OK,Author Query 5-10,text,true,,263,155,10,70,http://localhost:8080/search?q=beauty&author=Oscar%20Wilde,49,0,0
1782351917894,66,HTTP Request,200,OK,Author Query 5-7,text,true,,263,155,10,70,http://localhost:8080/search?q=beauty&author=Oscar%20Wilde,66,0,0
1782351917916,79,HTTP Request,200,OK,Author Query 5-5,text,true,,263,155,10,70,http://localhost:8080/search?q=beauty&author=Oscar%20Wilde,79,0,0
1782351917935,83,HTTP Request,200,OK,Author Query 5-1,text,true,,263,155,10,70,http://localhost:8080/search?q=beauty&author=Oscar%20Wilde,83,0,0
1782351917926,92,HTTP Request,200,OK,Author Query 5-4,text,true,,263,155,10,70,http://localhost:8080/search?q=beauty&author=Oscar%20Wilde,92,0,0
1782351917927,91,HTTP Request,200,OK,Author Query 5-2,text,true,,263,155,10,70,http://localhost:8080/search?q=beauty&author=Oscar%20Wilde,91,0,0
1782351917960,59,HTTP Request,200,OK,Author Query 5-7,text,true,,263,155,10,70,http://localhost:8080/search?q=beauty&author=Oscar%20Wilde,59,0,0
1782351917958,66,HTTP Request,200,OK,Author Query 5-8,text,true,,263,155,10,70,http://localhost:8080/search?q=beauty&author=Oscar%20Wilde,66,0,0
1782351917936,91,HTTP Request,200,OK,Author Query 5-9,text,true,,263,155,10,70,http://localhost:8080/search?q=beauty&author=Oscar%20Wilde,91,0,0
1782351917960,68,HTTP Request,200,OK,Author Query 5-10,text,true,,263,155,10,70,http://localhost:8080/search?q=beauty&author=Oscar%20Wilde,68,0,0
1782351917935,112,HTTP Request,200,OK,Author Query 5-6,text,true,,263,155,10,70,http://localhost:8080/search?q=beauty&author=Oscar%20Wilde,112,0,0
1782351917936,112,HTTP Request,200,OK,Author Query 5-3,text,true,,263,155,10,70,http://localhost:8080/search?q=beauty&author=Oscar%20Wilde,112,0,0
1782351918027,93,HTTP Request,200,OK,Author Query 5-9,text,true,,263,155,10,70,http://localhost:8080/search?q=beauty&author=Oscar%20Wilde,93,0,0
1782351918018,103,HTTP Request,200,OK,Author Query 5-4,text,true,,263,155,10,70,http://localhost:8080/search?q=beauty&author=Oscar%20Wilde,103,0,0
1782351918018,104,HTTP Request,200,OK,Author Query 5-1,text,true,,263,155,10,70,http://localhost:8080/search?q=beauty&author=Oscar%20Wilde,104,0,0
1782351918025,100,HTTP Request,200,OK,Author Query 5-8,text,true,,263,155,10,70,http://localhost:8080/search?q=beauty&author=Oscar%20Wilde,100,0,0
1782351918047,80,HTTP Request,200,OK,Author Query 5-6,text,true,,263,155,10,70,http://localhost:8080/search?q=beauty&author=Oscar%20Wilde,80,0,0
1782351918028,108,HTTP Request,200,OK,Author Query 5-10,text,true,,263,155,10,70,http://localhost:8080/search?q=beauty&author=Oscar%20Wilde,108,0,0
1782351918018,118,HTTP Request,200,OK,Author Query 5-2,text,true,,263,155,10,70,http://localhost:8080/search?q=beauty&author=Oscar%20Wilde,118,0,0
1782351918019,118,HTTP Request,200,OK,Author Query 5-7,text,true,,263,155,10,70,http://localhost:8080/search?q=beauty&author=Oscar%20Wilde,118,0,0
1782351917995,142,HTTP Request,200,OK,Author Query 5-5,text,true,,263,155,10,70,http://localhost:8080/search?q=beauty&author=Oscar%20Wilde,142,0,0
1782351918048,89,HTTP Request,200,OK,Author Query 5-3,text,true,,263,155,10,70,http://localhost:8080/search?q=beauty&author=Oscar%20Wilde,89,0,0
1782351918121,60,HTTP Request,200,OK,Author Query 5-9,text,true,,263,155,10,70,http://localhost:8080/search?q=beauty&author=Oscar%20Wilde,60,0,0
1782351918122,69,HTTP Request,200,OK,Author Query 5-1,text,true,,263,155,10,70,http://localhost:8080/search?q=beauty&author=Oscar%20Wilde,69,0,0
1782351918137,56,HTTP Request,200,OK,Author Query 5-5,text,true,,263,155,10,70,http://localhost:8080/search?q=beauty&author=Oscar%20Wilde,56,0,0
1782351918136,58,HTTP Request,200,OK,Author Query 5-2,text,true,,263,155,10,70,http://localhost:8080/search?q=beauty&author=Oscar%20Wilde,58,0,0
1782351918121,73,HTTP Request,200,OK,Author Query 5-4,text,true,,263,155,10,70,http://localhost:8080/search?q=beauty&author=Oscar%20Wilde,73,0,0
1782351918136,58,HTTP Request,200,OK,Author Query 5-10,text,true,,263,155,10,70,http://localhost:8080/search?q=beauty&author=Oscar%20Wilde,58,0,0
1782351918137,58,HTTP Request,200,OK,Author Query 5-3,text,true,,263,155,10,70,http://localhost:8080/search?q=beauty&author=Oscar%20Wilde,58,0,0
1782351918127,71,HTTP Request,200,OK,Author Query 5-6,text,true,,263,155,10,70,http://localhost:8080/search?q=beauty&author=Oscar%20Wilde,71,0,0
1782351918125,73,HTTP Request,200,OK,Author Query 5-8,text,true,,263,155,10,70,http://localhost:8080/search?q=beauty&author=Oscar%20Wilde,73,0,0
1782351918137,82,HTTP Request,200,OK,Author Query 5-7,text,true,,263,155,10,70,http://localhost:8080/search?q=beauty&author=Oscar%20Wilde,82,0,0
1782351918198,59,HTTP Request,200,OK,Author Query 5-8,text,true,,263,155,10,70,http://localhost:8080/search?q=beauty&author=Oscar%20Wilde,59,0,0
1782351918193,64,HTTP Request,200,OK,Author Query 5-5,text,true,,263,155,10,70,http://localhost:8080/search?q=beauty&author=Oscar%20Wilde,64,0,0
1782351918191,67,HTTP Request,200,OK,Author Query 5-1,text,true,,263,155,10,70,http://localhost:8080/search?q=beauty&author=Oscar%20Wilde,67,0,0
1782351918198,60,HTTP Request,200,OK,Author Query 5-6,text,true,,263,155,10,70,http://localhost:8080/search?q=beauty&author=Oscar%20Wilde,60,0,0
1782351918196,63,HTTP Request,200,OK,Author Query 5-3,text,true,,263,155,10,70,http://localhost:8080/search?q=beauty&author=Oscar%20Wilde,63,0,0
1782351918194,65,HTTP Request,200,OK,Author Query 5-2,text,true,,263,155,10,70,http://localhost:8080/search?q=beauty&author=Oscar%20Wilde,65,0,0
1782351918194,65,HTTP Request,200,OK,Author Query 5-4,text,true,,263,155,10,70,http://localhost:8080/search?q=beauty&author=Oscar%20Wilde,65,0,0
1782351918194,65,HTTP Request,200,OK,Author Query 5-10,text,true,,263,155,10,70,http://localhost:8080/search?q=beauty&author=Oscar%20Wilde,65,0,0
1782351918181,78,HTTP Request,200,OK,Author Query 5-9,text,true,,263,155,10,70,http://localhost:8080/search?q=beauty&author=Oscar%20Wilde,78,0,0
1782351918219,73,HTTP Request,200,OK,Author Query 5-7,text,true,,263,155,10,70,http://localhost:8080/search?q=beauty&author=Oscar%20Wilde,73,0,0
1782351918259,64,HTTP Request,200,OK,Author Query 5-10,text,true,,263,155,10,70,http://localhost:8080/search?q=beauty&author=Oscar%20Wilde,64,0,0
1782351918259,68,HTTP Request,200,OK,Author Query 5-6,text,true,,263,155,10,70,http://localhost:8080/search?q=beauty&author=Oscar%20Wilde,68,0,0
1782351918259,70,HTTP Request,200,OK,Author Query 5-3,text,true,,263,155,10,70,http://localhost:8080/search?q=beauty&author=Oscar%20Wilde,70,0,0
1782351918259,70,HTTP Request,200,OK,Author Query 5-2,text,true,,263,155,10,70,http://localhost:8080/search?q=beauty&author=Oscar%20Wilde,70,0,0
1782351918259,70,HTTP Request,200,OK,Author Query 5-4,text,true,,263,155,10,70,http://localhost:8080/search?q=beauty&author=Oscar%20Wilde,70,0,0
1782351918258,72,HTTP Request,200,OK,Author Query 5-5,text,true,,263,155,10,70,http://localhost:8080/search?q=beauty&author=Oscar%20Wilde,72,0,0
1782351918258,72,HTTP Request,200,OK,Author Query 5-8,text,true,,263,155,10,70,http://localhost:8080/search?q=beauty&author=Oscar%20Wilde,72,0,0
1782351918259,71,HTTP Request,200,OK,Author Query 5-9,text,true,,263,155,10,70,http://localhost:8080/search?q=beauty&author=Oscar%20Wilde,71,0,0
1782351918258,72,HTTP Request,200,OK,Author Query 5-1,text,true,,263,155,10,70,http://localhost:8080/search?q=beauty&author=Oscar%20Wilde,72,0,0
1782351918330,38,HTTP Request,200,OK,Author Query 5-8,text,true,,263,155,10,70,http://localhost:8080/search?q=beauty&author=Oscar%20Wilde,38,0,0
1782351918330,38,HTTP Request,200,OK,Author Query 5-1,text,true,,263,155,10,70,http://localhost:8080/search?q=beauty&author=Oscar%20Wilde,38,0,0
1782351918329,42,HTTP Request,200,OK,Author Query 5-2,text,true,,263,155,10,70,http://localhost:8080/search?q=beauty&author=Oscar%20Wilde,42,0,0
1782351918329,45,HTTP Request,200,OK,Author Query 5-4,text,true,,263,155,10,70,http://localhost:8080/search?q=beauty&author=Oscar%20Wilde,45,0,0
1782351918292,82,HTTP Request,200,OK,Author Query 5-7,text,true,,263,155,10,70,http://localhost:8080/search?q=beauty&author=Oscar%20Wilde,82,0,0
1782351918327,49,HTTP Request,200,OK,Author Query 5-6,text,true,,263,155,10,70,http://localhost:8080/search?q=beauty&author=Oscar%20Wilde,49,0,0
1782351918324,52,HTTP Request,200,OK,Author Query 5-10,text,true,,263,155,10,70,http://localhost:8080/search?q=beauty&author=Oscar%20Wilde,52,0,0
1782351918329,47,HTTP Request,200,OK,Author Query 5-3,text,true,,263,155,10,70,http://localhost:8080/search?q=beauty&author=Oscar%20Wilde,47,0,0
1782351918330,49,HTTP Request,200,OK,Author Query 5-9,text,true,,263,155,10,70,http://localhost:8080/search?q=beauty&author=Oscar%20Wilde,49,0,0
1782351918330,51,HTTP Request,200,OK,Author Query 5-5,text,true,,263,155,10,70,http://localhost:8080/search?q=beauty&author=Oscar%20Wilde,51,0,0
1782351918368,43,HTTP Request,200,OK,Author Query 5-8,text,true,,263,155,10,70,http://localhost:8080/search?q=beauty&author=Oscar%20Wilde,43,0,0
1782351918371,41,HTTP Request,200,OK,Author Query 5-2,text,true,,263,155,10,70,http://localhost:8080/search?q=beauty&author=Oscar%20Wilde,41,0,0
1782351918369,43,HTTP Request,200,OK,Author Query 5-1,text,true,,263,155,10,70,http://localhost:8080/search?q=beauty&author=Oscar%20Wilde,43,0,0
1782351918376,56,HTTP Request,200,OK,Author Query 5-10,text,true,,263,155,10,70,http://localhost:8080/search?q=beauty&author=Oscar%20Wilde,56,0,0
1782351918374,59,HTTP Request,200,OK,Author Query 5-4,text,true,,263,155,10,70,http://localhost:8080/search?q=beauty&author=Oscar%20Wilde,59,0,0
1782351918374,59,HTTP Request,200,OK,Author Query 5-7,text,true,,263,155,10,70,http://localhost:8080/search?q=beauty&author=Oscar%20Wilde,59,0,0
1782351918379,55,HTTP Request,200,OK,Author Query 5-9,text,true,,263,155,10,70,http://localhost:8080/search?q=beauty&author=Oscar%20Wilde,55,0,0
1782351918376,62,HTTP Request,200,OK,Author Query 5-6,text,true,,263,155,10,70,http://localhost:8080/search?q=beauty&author=Oscar%20Wilde,62,0,0
1782351918381,57,HTTP Request,200,OK,Author Query 5-5,text,true,,263,155,10,70,http://localhost:8080/search?q=beauty&author=Oscar%20Wilde,57,0,0
1782351918377,72,HTTP Request,200,OK,Author Query 5-3,text,true,,263,155,10,70,http://localhost:8080/search?q=beauty&author=Oscar%20Wilde,72,0,0
1782351918411,79,HTTP Request,200,OK,Author Query 5-8,text,true,,263,155,10,70,http://localhost:8080/search?q=beauty&author=Oscar%20Wilde,79,0,0
1782351918413,77,HTTP Request,200,OK,Author Query 5-1,text,true,,263,155,10,70,http://localhost:8080/search?q=beauty&author=Oscar%20Wilde,77,0,0
1782351918433,61,HTTP Request,200,OK,Author Query 5-4,text,true,,263,155,10,70,http://localhost:8080/search?q=beauty&author=Oscar%20Wilde,61,0,0
1782351918432,62,HTTP Request,200,OK,Author Query 5-10,text,true,,263,155,10,70,http://localhost:8080/search?q=beauty&author=Oscar%20Wilde,62,0,0
1782351918412,83,HTTP Request,200,OK,Author Query 5-2,text,true,,263,155,10,70,http://localhost:8080/search?q=beauty&author=Oscar%20Wilde,83,0,0
1782351918449,76,HTTP Request,200,OK,Author Query 5-3,text,true,,263,155,10,70,http://localhost:8080/search?q=beauty&author=Oscar%20Wilde,76,0,0
1782351918435,103,HTTP Request,200,OK,Author Query 5-9,text,true,,263,155,10,70,http://localhost:8080/search?q=beauty&author=Oscar%20Wilde,103,0,0
1782351918439,99,HTTP Request,200,OK,Author Query 5-6,text,true,,263,155,10,70,http://localhost:8080/search?q=beauty&author=Oscar%20Wilde,99,0,0
1782351918434,105,HTTP Request,200,OK,Author Query 5-7,text,true,,263,155,10,70,http://localhost:8080/search?q=beauty&author=Oscar%20Wilde,105,0,0
1782351918439,101,HTTP Request,200,OK,Author Query 5-5,text,true,,263,155,10,70,http://localhost:8080/search?q=beauty&author=Oscar%20Wilde,101,0,0
1782351918490,78,HTTP Request,200,OK,Author Query 5-8,text,true,,263,155,10,70,http://localhost:8080/search?q=beauty&author=Oscar%20Wilde,78,0,0
1782351918490,79,HTTP Request,200,OK,Author Query 5-1,text,true,,263,155,10,70,http://localhost:8080/search?q=beauty&author=Oscar%20Wilde,79,0,0
1782351918495,74,HTTP Request,200,OK,Author Query 5-4,text,true,,263,155,10,70,http://localhost:8080/search?q=beauty&author=Oscar%20Wilde,74,0,0
1782351918495,74,HTTP Request,200,OK,Author Query 5-2,text,true,,263,155,10,70,http://localhost:8080/search?q=beauty&author=Oscar%20Wilde,74,0,0
1782351918495,79,HTTP Request,200,OK,Author Query 5-10,text,true,,263,155,10,70,http://localhost:8080/search?q=beauty&author=Oscar%20Wilde,79,0,0
1782351918538,67,HTTP Request,200,OK,Author Query 5-9,text,true,,263,155,10,70,http://localhost:8080/search?q=beauty&author=Oscar%20Wilde,67,0,0
1782351918569,40,HTTP Request,200,OK,Author Query 5-1,text,true,,263,155,10,70,http://localhost:8080/search?q=beauty&author=Oscar%20Wilde,40,0,0
1782351918526,84,HTTP Request,200,OK,Author Query 5-3,text,true,,263,155,10,70,http://localhost:8080/search?q=beauty&author=Oscar%20Wilde,84,0,0
1782351918574,36,HTTP Request,200,OK,Author Query 5-10,text,true,,263,155,10,70,http://localhost:8080/search?q=beauty&author=Oscar%20Wilde,36,0,0
1782351918538,92,HTTP Request,200,OK,Author Query 5-6,text,true,,263,155,10,70,http://localhost:8080/search?q=beauty&author=Oscar%20Wilde,92,0,0
1782351918540,95,HTTP Request,200,OK,Author Query 5-7,text,true,,263,155,10,70,http://localhost:8080/search?q=beauty&author=Oscar%20Wilde,95,0,0
1782351918569,66,HTTP Request,200,OK,Author Query 5-8,text,true,,263,155,10,70,http://localhost:8080/search?q=beauty&author=Oscar%20Wilde,66,0,0
1782351918569,68,HTTP Request,200,OK,Author Query 5-2,text,true,,263,155,10,70,http://localhost:8080/search?q=beauty&author=Oscar%20Wilde,68,0,0
1782351918569,68,HTTP Request,200,OK,Author Query 5-4,text,true,,263,155,10,70,http://localhost:8080/search?q=beauty&author=Oscar%20Wilde,68,0,0
1782351918540,97,HTTP Request,200,OK,Author Query 5-5,text,true,,263,155,10,70,http://localhost:8080/search?q=beauty&author=Oscar%20Wilde,97,0,0
1782351918610,61,HTTP Request,200,OK,Author Query 5-10,text,true,,263,155,10,70,http://localhost:8080/search?q=beauty&author=Oscar%20Wilde,61,0,0
1782351918610,79,HTTP Request,200,OK,Author Query 5-1,text,true,,263,155,10,70,http://localhost:8080/search?q=beauty&author=Oscar%20Wilde,79,0,0
1782351918605,85,HTTP Request,200,OK,Author Query 5-9,text,true,,263,155,10,70,http://localhost:8080/search?q=beauty&author=Oscar%20Wilde,85,0,0
1782351918610,82,HTTP Request,200,OK,Author Query 5-3,text,true,,263,155,10,70,http://localhost:8080/search?q=beauty&author=Oscar%20Wilde,82,0,0
1782351918635,66,HTTP Request,200,OK,Author Query 5-7,text,true,,263,155,10,70,http://localhost:8080/search?q=beauty&author=Oscar%20Wilde,66,0,0
1782351918637,66,HTTP Request,200,OK,Author Query 5-5,text,true,,263,155,10,70,http://localhost:8080/search?q=beauty&author=Oscar%20Wilde,66,0,0
1782351918637,67,HTTP Request,200,OK,Author Query 5-2,text,true,,263,155,10,70,http://localhost:8080/search?q=beauty&author=Oscar%20Wilde,67,0,0
1782351918631,73,HTTP Request,200,OK,Author Query 5-6,text,true,,263,155,10,70,http://localhost:8080/search?q=beauty&author=Oscar%20Wilde,73,0,0
1782351918637,69,HTTP Request,200,OK,Author Query 5-4,text,true,,263,155,10,70,http://localhost:8080/search?q=beauty&author=Oscar%20Wilde,69,0,0
1782351918635,77,HTTP Request,200,OK,Author Query 5-8,text,true,,263,155,10,70,http://localhost:8080/search?q=beauty&author=Oscar%20Wilde,77,0,0
1782351918690,63,HTTP Request,200,OK,Author Query 5-9,text,true,,263,155,10,70,http://localhost:8080/search?q=beauty&author=Oscar%20Wilde,63,0,0
1782351918692,63,HTTP Request,200,OK,Author Query 5-3,text,true,,263,155,10,70,http://localhost:8080/search?q=beauty&author=Oscar%20Wilde,63,0,0
1782351918704,51,HTTP Request,200,OK,Author Query 5-5,text,true,,263,155,10,70,http://localhost:8080/search?q=beauty&author=Oscar%20Wilde,51,0,0
1782351918690,65,HTTP Request,200,OK,Author Query 5-1,text,true,,263,155,10,70,http://localhost:8080/search?q=beauty&author=Oscar%20Wilde,65,0,0
1782351918672,85,HTTP Request,200,OK,Author Query 5-10,text,true,,263,155,10,70,http://localhost:8080/search?q=beauty&author=Oscar%20Wilde,85,0,0
1782351918704,54,HTTP Request,200,OK,Author Query 5-2,text,true,,263,155,10,70,http://localhost:8080/search?q=beauty&author=Oscar%20Wilde,54,0,0
1782351918704,63,HTTP Request,200,OK,Author Query 5-6,text,true,,263,155,10,70,http://localhost:8080/search?q=beauty&author=Oscar%20Wilde,63,0,0
1782351918702,70,HTTP Request,200,OK,Author Query 5-7,text,true,,263,155,10,70,http://localhost:8080/search?q=beauty&author=Oscar%20Wilde,70,0,0
1782351918713,73,HTTP Request,200,OK,Author Query 5-8,text,true,,263,155,10,70,http://localhost:8080/search?q=beauty&author=Oscar%20Wilde,73,0,0
1782351918706,85,HTTP Request,200,OK,Author Query 5-4,text,true,,263,155,10,70,http://localhost:8080/search?q=beauty&author=Oscar%20Wilde,85,0,0
1782351918756,37,HTTP Request,200,OK,Author Query 5-3,text,true,,263,155,10,70,http://localhost:8080/search?q=beauty&author=Oscar%20Wilde,37,0,0
1782351918758,46,HTTP Request,200,OK,Author Query 5-2,text,true,,263,155,10,70,http://localhost:8080/search?q=beauty&author=Oscar%20Wilde,46,0,0
1782351918755,49,HTTP Request,200,OK,Author Query 5-1,text,true,,263,155,10,70,http://localhost:8080/search?q=beauty&author=Oscar%20Wilde,49,0,0
1782351918753,51,HTTP Request,200,OK,Author Query 5-9,text,true,,263,155,10,70,http://localhost:8080/search?q=beauty&author=Oscar%20Wilde,51,0,0
1782351918755,49,HTTP Request,200,OK,Author Query 5-5,text,true,,263,155,10,70,http://localhost:8080/search?q=beauty&author=Oscar%20Wilde,49,0,0
1782351918757,47,HTTP Request,200,OK,Author Query 5-10,text,true,,263,155,10,70,http://localhost:8080/search?q=beauty&author=Oscar%20Wilde,47,0,0
1782351918767,58,HTTP Request,200,OK,Author Query 5-6,text,true,,263,155,10,70,http://localhost:8080/search?q=beauty&author=Oscar%20Wilde,58,0,0
1782351918773,53,HTTP Request,200,OK,Author Query 5-7,text,true,,263,155,10,70,http://localhost:8080/search?q=beauty&author=Oscar%20Wilde,53,0,0
1782351918786,55,HTTP Request,200,OK,Author Query 5-8,text,true,,263,155,10,70,http://localhost:8080/search?q=beauty&author=Oscar%20Wilde,55,0,0
1782351918794,48,HTTP Request,200,OK,Author Query 5-3,text,true,,263,155,10,70,http://localhost:8080/search?q=beauty&author=Oscar%20Wilde,48,0,0
1782351918791,51,HTTP Request,200,OK,Author Query 5-4,text,true,,263,155,10,70,http://localhost:8080/search?q=beauty&author=Oscar%20Wilde,51,0,0
1782351918804,38,HTTP Request,200,OK,Author Query 5-2,text,true,,263,155,10,70,http://localhost:8080/search?q=beauty&author=Oscar%20Wilde,38,0,0
1782351918804,38,HTTP Request,200,OK,Author Query 5-9,text,true,,263,155,10,70,http://localhost:8080/search?q=beauty&author=Oscar%20Wilde,38,0,0
1782351918804,49,HTTP Request,200,OK,Author Query 5-5,text,true,,263,155,10,70,http://localhost:8080/search?q=beauty&author=Oscar%20Wilde,49,0,0
1782351918804,52,HTTP Request,200,OK,Author Query 5-10,text,true,,263,155,10,70,http://localhost:8080/search?q=beauty&author=Oscar%20Wilde,52,0,0
1782351918804,76,HTTP Request,200,OK,Author Query 5-1,text,true,,263,155,10,70,http://localhost:8080/search?q=beauty&author=Oscar%20Wilde,76,0,0
1782351918825,56,HTTP Request,200,OK,Author Query 5-6,text,true,,263,155,10,70,http://localhost:8080/search?q=beauty&author=Oscar%20Wilde,55,0,0
1782351918842,46,HTTP Request,200,OK,Author Query 5-4,text,true,,263,155,10,70,http://localhost:8080/search?q=beauty&author=Oscar%20Wilde,46,0,0
1782351918842,47,HTTP Request,200,OK,Author Query 5-2,text,true,,263,155,10,70,http://localhost:8080/search?q=beauty&author=Oscar%20Wilde,47,0,0
1782351918842,47,HTTP Request,200,OK,Author Query 5-8,text,true,,263,155,10,70,http://localhost:8080/search?q=beauty&author=Oscar%20Wilde,47,0,0
1782351918827,62,HTTP Request,200,OK,Author Query 5-7,text,true,,263,155,10,70,http://localhost:8080/search?q=beauty&author=Oscar%20Wilde,62,0,0
1782351918842,57,HTTP Request,200,OK,Author Query 5-3,text,true,,263,155,10,70,http://localhost:8080/search?q=beauty&author=Oscar%20Wilde,57,0,0
1782351918842,68,HTTP Request,200,OK,Author Query 5-9,text,true,,263,155,10,70,http://localhost:8080/search?q=beauty&author=Oscar%20Wilde,68,0,0
1782351918853,58,HTTP Request,200,OK,Author Query 5-5,text,true,,263,155,10,70,http://localhost:8080/search?q=beauty&author=Oscar%20Wilde,58,0,0
1782351918857,55,HTTP Request,200,OK,Author Query 5-10,text,true,,263,155,10,70,http://localhost:8080/search?q=beauty&author=Oscar%20Wilde,55,0,0
1782351918882,51,HTTP Request,200,OK,Author Query 5-6,text,true,,263,155,10,70,http://localhost:8080/search?q=beauty&author=Oscar%20Wilde,51,0,0
1782351918889,51,HTTP Request,200,OK,Author Query 5-8,text,true,,263,155,10,70,http://localhost:8080/search?q=beauty&author=Oscar%20Wilde,51,0,0
1782351918889,51,HTTP Request,200,OK,Author Query 5-4,text,true,,263,155,10,70,http://localhost:8080/search?q=beauty&author=Oscar%20Wilde,51,0,0
1782351918880,60,HTTP Request,200,OK,Author Query 5-1,text,true,,263,155,10,70,http://localhost:8080/search?q=beauty&author=Oscar%20Wilde,60,0,0
1782351918889,59,HTTP Request,200,OK,Author Query 5-2,text,true,,263,155,10,70,http://localhost:8080/search?q=beauty&author=Oscar%20Wilde,59,0,0
1782351918899,59,HTTP Request,200,OK,Author Query 5-3,text,true,,263,155,10,70,http://localhost:8080/search?q=beauty&author=Oscar%20Wilde,59,0,0
1782351918889,69,HTTP Request,200,OK,Author Query 5-7,text,true,,263,155,10,70,http://localhost:8080/search?q=beauty&author=Oscar%20Wilde,69,0,0
1782351918911,48,HTTP Request,200,OK,Author Query 5-9,text,true,,263,155,10,70,http://localhost:8080/search?q=beauty&author=Oscar%20Wilde,48,0,0
1782351918933,76,HTTP Request,200,OK,Author Query 5-6,text,true,,263,155,10,70,http://localhost:8080/search?q=beauty&author=Oscar%20Wilde,76,0,0
1782351918940,73,HTTP Request,200,OK,Author Query 5-1,text,true,,263,155,10,70,http://localhost:8080/search?q=beauty&author=Oscar%20Wilde,73,0,0
1782351918940,76,HTTP Request,200,OK,Author Query 5-8,text,true,,263,155,10,70,http://localhost:8080/search?q=beauty&author=Oscar%20Wilde,76,0,0
1782351918940,76,HTTP Request,200,OK,Author Query 5-4,text,true,,263,155,10,70,http://localhost:8080/search?q=beauty&author=Oscar%20Wilde,76,0,0
1782351918948,68,HTTP Request,200,OK,Author Query 5-2,text,true,,263,155,10,70,http://localhost:8080/search?q=beauty&author=Oscar%20Wilde,68,0,0
1782351918958,58,HTTP Request,200,OK,Author Query 5-7,text,true,,263,155,10,70,http://localhost:8080/search?q=beauty&author=Oscar%20Wilde,58,0,0
1782351918958,58,HTTP Request,200,OK,Author Query 5-3,text,true,,263,155,10,70,http://localhost:8080/search?q=beauty&author=Oscar%20Wilde,58,0,0
1782351918911,131,HTTP Request,200,OK,Author Query 5-5,text,true,,263,155,10,70,http://localhost:8080/search?q=beauty&author=Oscar%20Wilde,131,0,0
1782351918913,129,HTTP Request,200,OK,Author Query 5-10,text,true,,263,155,10,70,http://localhost:8080/search?q=beauty&author=Oscar%20Wilde,129,0,0
1782351918959,103,HTTP Request,200,OK,Author Query 5-9,text,true,,263,155,10,70,http://localhost:8080/search?q=beauty&author=Oscar%20Wilde,103,0,0
1782351919009,59,HTTP Request,200,OK,Author Query 5-6,text,true,,263,155,10,70,http://localhost:8080/search?q=beauty&author=Oscar%20Wilde,59,0,0
1782351919013,55,HTTP Request,200,OK,Author Query 5-1,text,true,,263,155,10,70,http://localhost:8080/search?q=beauty&author=Oscar%20Wilde,55,0,0
1782351919016,55,HTTP Request,200,OK,Author Query 5-4,text,true,,263,155,10,70,http://localhost:8080/search?q=beauty&author=Oscar%20Wilde,55,0,0
1782351919016,55,HTTP Request,200,OK,Author Query 5-8,text,true,,263,155,10,70,http://localhost:8080/search?q=beauty&author=Oscar%20Wilde,55,0,0
1782351919016,57,HTTP Request,200,OK,Author Query 5-3,text,true,,263,155,10,70,http://localhost:8080/search?q=beauty&author=Oscar%20Wilde,57,0,0
1782351919016,59,HTTP Request,200,OK,Author Query 5-7,text,true,,263,155,10,70,http://localhost:8080/search?q=beauty&author=Oscar%20Wilde,59,0,0
1782351919016,62,HTTP Request,200,OK,Author Query 5-2,text,true,,263,155,10,70,http://localhost:8080/search?q=beauty&author=Oscar%20Wilde,62,0,0
1782351919042,41,HTTP Request,200,OK,Author Query 5-10,text,true,,263,155,10,70,http://localhost:8080/search?q=beauty&author=Oscar%20Wilde,41,0,0
1782351919042,49,HTTP Request,200,OK,Author Query 5-5,text,true,,263,155,10,70,http://localhost:8080/search?q=beauty&author=Oscar%20Wilde,49,0,0
1782351919062,39,HTTP Request,200,OK,Author Query 5-9,text,true,,263,155,10,70,http://localhost:8080/search?q=beauty&author=Oscar%20Wilde,39,0,0
1782351919074,28,HTTP Request,200,OK,Author Query 5-3,text,true,,263,155,10,70,http://localhost:8080/search?q=beauty&author=Oscar%20Wilde,28,0,0
1782351919079,27,HTTP Request,200,OK,Author Query 5-2,text,true,,263,155,10,70,http://localhost:8080/search?q=beauty&author=Oscar%20Wilde,27,0,0
1782351919071,38,HTTP Request,200,OK,Author Query 5-8,text,true,,263,155,10,70,http://localhost:8080/search?q=beauty&author=Oscar%20Wilde,38,0,0
1782351919068,54,HTTP Request,200,OK,Author Query 5-6,text,true,,263,155,10,70,http://localhost:8080/search?q=beauty&author=Oscar%20Wilde,54,0,0
1782351919068,56,HTTP Request,200,OK,Author Query 5-1,text,true,,263,155,10,70,http://localhost:8080/search?q=beauty&author=Oscar%20Wilde,56,0,0
1782351919075,50,HTTP Request,200,OK,Author Query 5-7,text,true,,263,155,10,70,http://localhost:8080/search?q=beauty&author=Oscar%20Wilde,50,0,0
1782351919083,42,HTTP Request,200,OK,Author Query 5-10,text,true,,263,155,10,70,http://localhost:8080/search?q=beauty&author=Oscar%20Wilde,42,0,0
1782351919071,58,HTTP Request,200,OK,Author Query 5-4,text,true,,263,155,10,70,http://localhost:8080/search?q=beauty&author=Oscar%20Wilde,58,0,0
1782351919102,41,HTTP Request,200,OK,Author Query 5-3,text,true,,263,155,10,70,http://localhost:8080/search?q=beauty&author=Oscar%20Wilde,41,0,0
1782351919091,54,HTTP Request,200,OK,Author Query 5-5,text,true,,263,155,10,70,http://localhost:8080/search?q=beauty&author=Oscar%20Wilde,54,0,0
1782351919101,54,HTTP Request,200,OK,Author Query 5-9,text,true,,263,155,10,70,http://localhost:8080/search?q=beauty&author=Oscar%20Wilde,54,0,0
1782351919109,51,HTTP Request,200,OK,Author Query 5-8,text,true,,263,155,10,70,http://localhost:8080/search?q=beauty&author=Oscar%20Wilde,51,0,0
1782351919106,55,HTTP Request,200,OK,Author Query 5-2,text,true,,263,155,10,70,http://localhost:8080/search?q=beauty&author=Oscar%20Wilde,55,0,0
1782351919143,29,HTTP Request,200,OK,Author Query 5-3,text,true,,263,155,10,70,http://localhost:8080/search?q=beauty&author=Oscar%20Wilde,29,0,0
1782351919122,53,HTTP Request,200,OK,Author Query 5-6,text,true,,263,155,10,70,http://localhost:8080/search?q=beauty&author=Oscar%20Wilde,53,0,0
1782351919125,60,HTTP Request,200,OK,Author Query 5-7,text,true,,263,155,10,70,http://localhost:8080/search?q=beauty&author=Oscar%20Wilde,60,0,0
1782351919124,70,HTTP Request,200,OK,Author Query 5-1,text,true,,263,155,10,70,http://localhost:8080/search?q=beauty&author=Oscar%20Wilde,70,0,0
1782351919155,43,HTTP Request,200,OK,Author Query 5-9,text,true,,263,155,10,70,http://localhost:8080/search?q=beauty&author=Oscar%20Wilde,43,0,0
1782351919126,72,HTTP Request,200,OK,Author Query 5-10,text,true,,263,155,10,70,http://localhost:8080/search?q=beauty&author=Oscar%20Wilde,72,0,0
1782351919130,68,HTTP Request,200,OK,Author Query 5-4,text,true,,263,155,10,70,http://localhost:8080/search?q=beauty&author=Oscar%20Wilde,68,0,0
1782351919145,53,HTTP Request,200,OK,Author Query 5-5,text,true,,263,155,10,70,http://localhost:8080/search?q=beauty&author=Oscar%20Wilde,53,0,0
1782351919161,39,HTTP Request,200,OK,Author Query 5-2,text,true,,263,155,10,70,http://localhost:8080/search?q=beauty&author=Oscar%20Wilde,39,0,0
1782351919172,34,HTTP Request,200,OK,Author Query 5-3,text,true,,263,155,10,70,http://localhost:8080/search?q=beauty&author=Oscar%20Wilde,34,0,0
1782351919160,46,HTTP Request,200,OK,Author Query 5-8,text,true,,263,155,10,70,http://localhost:8080/search?q=beauty&author=Oscar%20Wilde,46,0,0
1782351919175,31,HTTP Request,200,OK,Author Query 5-6,text,true,,263,155,10,70,http://localhost:8080/search?q=beauty&author=Oscar%20Wilde,31,0,0
1782351919194,49,HTTP Request,200,OK,Author Query 5-1,text,true,,263,155,10,70,http://localhost:8080/search?q=beauty&author=Oscar%20Wilde,49,0,0
1782351919186,57,HTTP Request,200,OK,Author Query 5-7,text,true,,263,155,10,70,http://localhost:8080/search?q=beauty&author=Oscar%20Wilde,57,0,0
1782351919200,44,HTTP Request,200,OK,Author Query 5-2,text,true,,263,155,10,70,http://localhost:8080/search?q=beauty&author=Oscar%20Wilde,44,0,0
1782351919198,46,HTTP Request,200,OK,Author Query 5-9,text,true,,263,155,10,70,http://localhost:8080/search?q=beauty&author=Oscar%20Wilde,46,0,0
1782351919198,47,HTTP Request,200,OK,Author Query 5-4,text,true,,263,155,10,70,http://localhost:8080/search?q=beauty&author=Oscar%20Wilde,47,0,0
1782351919198,47,HTTP Request,200,OK,Author Query 5-5,text,true,,263,155,10,70,http://localhost:8080/search?q=beauty&author=Oscar%20Wilde,47,0,0
1782351919206,54,HTTP Request,200,OK,Author Query 5-3,text,true,,263,155,10,70,http://localhost:8080/search?q=beauty&author=Oscar%20Wilde,54,0,0
1782351919198,64,HTTP Request,200,OK,Author Query 5-10,text,true,,263,155,10,70,http://localhost:8080/search?q=beauty&author=Oscar%20Wilde,64,0,0
1782351919206,57,HTTP Request,200,OK,Author Query 5-8,text,true,,263,155,10,70,http://localhost:8080/search?q=beauty&author=Oscar%20Wilde,57,0,0
1782351919206,62,HTTP Request,200,OK,Author Query 5-6,text,true,,263,155,10,70,http://localhost:8080/search?q=beauty&author=Oscar%20Wilde,62,0,0
1782351919243,66,HTTP Request,200,OK,Author Query 5-7,text,true,,263,155,10,70,http://localhost:8080/search?q=beauty&author=Oscar%20Wilde,66,0,0
1782351919265,44,HTTP Request,200,OK,Author Query 5-8,text,true,,263,155,10,70,http://localhost:8080/search?q=beauty&author=Oscar%20Wilde,44,0,0
1782351919262,48,HTTP Request,200,OK,Author Query 5-10,text,true,,263,155,10,70,http://localhost:8080/search?q=beauty&author=Oscar%20Wilde,48,0,0
1782351919245,65,HTTP Request,200,OK,Author Query 5-4,text,true,,263,155,10,70,http://localhost:8080/search?q=beauty&author=Oscar%20Wilde,65,0,0
1782351919244,66,HTTP Request,200,OK,Author Query 5-9,text,true,,263,155,10,70,http://localhost:8080/search?q=beauty&author=Oscar%20Wilde,66,0,0
1782351919243,67,HTTP Request,200,OK,Author Query 5-1,text,true,,263,155,10,70,http://localhost:8080/search?q=beauty&author=Oscar%20Wilde,67,0,0
1782351919261,49,HTTP Request,200,OK,Author Query 5-3,text,true,,263,155,10,70,http://localhost:8080/search?q=beauty&author=Oscar%20Wilde,49,0,0
1782351919244,67,HTTP Request,200,OK,Author Query 5-2,text,true,,263,155,10,70,http://localhost:8080/search?q=beauty&author=Oscar%20Wilde,67,0,0
1782351919245,69,HTTP Request,200,OK,Author Query 5-5,text,true,,263,155,10,70,http://localhost:8080/search?q=beauty&author=Oscar%20Wilde,69,0,0
1782351919268,49,HTTP Request,200,OK,Author Query 5-6,text,true,,263,155,10,70,http://localhost:8080/search?q=beauty&author=Oscar%20Wilde,49,0,0
1782351919310,37,HTTP Request,200,OK,Author Query 5-9,text,true,,263,155,10,70,http://localhost:8080/search?q=beauty&author=Oscar%20Wilde,36,0,0
1782351919310,42,HTTP Request,200,OK,Author Query 5-1,text,true,,263,155,10,70,http://localhost:8080/search?q=beauty&author=Oscar%20Wilde,42,0,0
1782351919310,65,HTTP Request,200,OK,Author Query 5-8,text,true,,263,155,10,70,http://localhost:8080/search?q=beauty&author=Oscar%20Wilde,65,0,0
1782351919310,65,HTTP Request,200,OK,Author Query 5-4,text,true,,263,155,10,70,http://localhost:8080/search?q=beauty&author=Oscar%20Wilde,65,0,0
1782351919310,65,HTTP Request,200,OK,Author Query 5-3,text,true,,263,155,10,70,http://localhost:8080/search?q=beauty&author=Oscar%20Wilde,65,0,0
1782351919311,64,HTTP Request,200,OK,Author Query 5-2,text,true,,263,155,10,70,http://localhost:8080/search?q=beauty&author=Oscar%20Wilde,64,0,0
1782351919310,67,HTTP Request,200,OK,Author Query 5-10,text,true,,263,155,10,70,http://localhost:8080/search?q=beauty&author=Oscar%20Wilde,67,0,0
1782351919310,67,HTTP Request,200,OK,Author Query 5-7,text,true,,263,155,10,70,http://localhost:8080/search?q=beauty&author=Oscar%20Wilde,67,0,0
1782351919314,63,HTTP Request,200,OK,Author Query 5-5,text,true,,263,155,10,70,http://localhost:8080/search?q=beauty&author=Oscar%20Wilde,63,0,0
1782351919317,62,HTTP Request,200,OK,Author Query 5-6,text,true,,263,155,10,70,http://localhost:8080/search?q=beauty&author=Oscar%20Wilde,62,0,0
1782351919347,62,HTTP Request,200,OK,Author Query 5-9,text,true,,263,155,10,70,http://localhost:8080/search?q=beauty&author=Oscar%20Wilde,62,0,0
1782351919375,49,HTTP Request,200,OK,Author Query 5-4,text,true,,263,155,10,70,http://localhost:8080/search?q=beauty&author=Oscar%20Wilde,49,0,0
1782351919375,49,HTTP Request,200,OK,Author Query 5-8,text,true,,263,155,10,70,http://localhost:8080/search?q=beauty&author=Oscar%20Wilde,49,0,0
1782351919377,48,HTTP Request,200,OK,Author Query 5-10,text,true,,263,155,10,70,http://localhost:8080/search?q=beauty&author=Oscar%20Wilde,48,0,0
1782351919375,56,HTTP Request,200,OK,Author Query 5-2,text,true,,263,155,10,70,http://localhost:8080/search?q=beauty&author=Oscar%20Wilde,56,0,0
1782351919353,82,HTTP Request,200,OK,Author Query 5-1,text,true,,263,155,10,70,http://localhost:8080/search?q=beauty&author=Oscar%20Wilde,82,0,0
1782351919378,63,HTTP Request,200,OK,Author Query 5-5,text,true,,263,155,10,70,http://localhost:8080/search?q=beauty&author=Oscar%20Wilde,63,0,0
1782351919377,64,HTTP Request,200,OK,Author Query 5-7,text,true,,263,155,10,70,http://localhost:8080/search?q=beauty&author=Oscar%20Wilde,64,0,0
1782351919379,62,HTTP Request,200,OK,Author Query 5-6,text,true,,263,155,10,70,http://localhost:8080/search?q=beauty&author=Oscar%20Wilde,62,0,0
1782351919375,67,HTTP Request,200,OK,Author Query 5-3,text,true,,263,155,10,70,http://localhost:8080/search?q=beauty&author=Oscar%20Wilde,67,0,0
1782351919409,41,HTTP Request,200,OK,Author Query 5-9,text,true,,263,155,10,70,http://localhost:8080/search?q=beauty&author=Oscar%20Wilde,41,0,0
1782351919425,40,HTTP Request,200,OK,Author Query 5-10,text,true,,263,155,10,70,http://localhost:8080/search?q=beauty&author=Oscar%20Wilde,40,0,0
1782351919424,46,HTTP Request,200,OK,Author Query 5-4,text,true,,263,155,10,70,http://localhost:8080/search?q=beauty&author=Oscar%20Wilde,46,0,0
1782351919431,52,HTTP Request,200,OK,Author Query 5-2,text,true,,263,155,10,70,http://localhost:8080/search?q=beauty&author=Oscar%20Wilde,52,0,0
1782351919436,47,HTTP Request,200,OK,Author Query 5-1,text,true,,263,155,10,70,http://localhost:8080/search?q=beauty&author=Oscar%20Wilde,47,0,0
1782351919441,42,HTTP Request,200,OK,Author Query 5-5,text,true,,263,155,10,70,http://localhost:8080/search?q=beauty&author=Oscar%20Wilde,42,0,0
1782351919441,42,HTTP Request,200,OK,Author Query 5-7,text,true,,263,155,10,70,http://localhost:8080/search?q=beauty&author=Oscar%20Wilde,42,0,0
1782351919424,59,HTTP Request,200,OK,Author Query 5-8,text,true,,263,155,10,70,http://localhost:8080/search?q=beauty&author=Oscar%20Wilde,59,0,0
1782351919442,42,HTTP Request,200,OK,Author Query 5-3,text,true,,263,155,10,70,http://localhost:8080/search?q=beauty&author=Oscar%20Wilde,42,0,0
1782351919441,43,HTTP Request,200,OK,Author Query 5-6,text,true,,263,155,10,70,http://localhost:8080/search?q=beauty&author=Oscar%20Wilde,43,0,0
1782351919465,37,HTTP Request,200,OK,Author Query 5-10,text,true,,263,155,10,70,http://localhost:8080/search?q=beauty&author=Oscar%20Wilde,37,0,0
1782351919451,51,HTTP Request,200,OK,Author Query 5-9,text,true,,263,155,10,70,http://localhost:8080/search?q=beauty&author=Oscar%20Wilde,51,0,0
1782351919483,40,HTTP Request,200,OK,Author Query 5-5,text,true,,263,155,10,70,http://localhost:8080/search?q=beauty&author=Oscar%20Wilde,40,0,0
1782351919484,44,HTTP Request,200,OK,Author Query 5-6,text,true,,263,155,10,70,http://localhost:8080/search?q=beauty&author=Oscar%20Wilde,44,0,0
1782351919483,46,HTTP Request,200,OK,Author Query 5-8,text,true,,263,155,10,70,http://localhost:8080/search?q=beauty&author=Oscar%20Wilde,46,0,0
1782351919483,52,HTTP Request,200,OK,Author Query 5-1,text,true,,263,155,10,70,http://localhost:8080/search?q=beauty&author=Oscar%20Wilde,52,0,0
1782351919471,64,HTTP Request,200,OK,Author Query 5-4,text,true,,263,155,10,70,http://localhost:8080/search?q=beauty&author=Oscar%20Wilde,64,0,0
1782351919483,53,HTTP Request,200,OK,Author Query 5-7,text,true,,263,155,10,70,http://localhost:8080/search?q=beauty&author=Oscar%20Wilde,53,0,0
1782351919502,34,HTTP Request,200,OK,Author Query 5-9,text,true,,263,155,10,70,http://localhost:8080/search?q=beauty&author=Oscar%20Wilde,34,0,0
1782351919483,53,HTTP Request,200,OK,Author Query 5-2,text,true,,263,155,10,70,http://localhost:8080/search?q=beauty&author=Oscar%20Wilde,53,0,0
1782351919484,52,HTTP Request,200,OK,Author Query 5-3,text,true,,263,155,10,70,http://localhost:8080/search?q=beauty&author=Oscar%20Wilde,52,0,0
1782351919502,38,HTTP Request,200,OK,Author Query 5-10,text,true,,263,155,10,70,http://localhost:8080/search?q=beauty&author=Oscar%20Wilde,38,0,0
1782351919523,45,HTTP Request,200,OK,Author Query 5-5,text,true,,263,155,10,70,http://localhost:8080/search?q=beauty&author=Oscar%20Wilde,45,0,0
1782351919529,40,HTTP Request,200,OK,Author Query 5-6,text,true,,263,155,10,70,http://localhost:8080/search?q=beauty&author=Oscar%20Wilde,40,0,0
1782351919529,62,HTTP Request,200,OK,Author Query 5-8,text,true,,263,155,10,70,http://localhost:8080/search?q=beauty&author=Oscar%20Wilde,62,0,0
1782351919535,65,HTTP Request,200,OK,Author Query 5-1,text,true,,263,155,10,70,http://localhost:8080/search?q=beauty&author=Oscar%20Wilde,65,0,0
1782351919536,64,HTTP Request,200,OK,Author Query 5-2,text,true,,263,155,10,70,http://localhost:8080/search?q=beauty&author=Oscar%20Wilde,64,0,0
1782351919537,63,HTTP Request,200,OK,Author Query 5-3,text,true,,263,155,10,70,http://localhost:8080/search?q=beauty&author=Oscar%20Wilde,63,0,0
1782351919540,61,HTTP Request,200,OK,Author Query 5-10,text,true,,263,155,10,70,http://localhost:8080/search?q=beauty&author=Oscar%20Wilde,61,0,0
1782351919536,65,HTTP Request,200,OK,Author Query 5-9,text,true,,263,155,10,70,http://localhost:8080/search?q=beauty&author=Oscar%20Wilde,65,0,0
1782351919535,70,HTTP Request,200,OK,Author Query 5-4,text,true,,263,155,10,70,http://localhost:8080/search?q=beauty&author=Oscar%20Wilde,70,0,0
1782351919536,73,HTTP Request,200,OK,Author Query 5-7,text,true,,263,155,10,70,http://localhost:8080/search?q=beauty&author=Oscar%20Wilde,73,0,0
1782351919569,56,HTTP Request,200,OK,Author Query 5-6,text,true,,263,155,10,70,http://localhost:8080/search?q=beauty&author=Oscar%20Wilde,56,0,0
1782351919591,41,HTTP Request,200,OK,Author Query 5-8,text,true,,263,155,10,70,http://localhost:8080/search?q=beauty&author=Oscar%20Wilde,41,0,0
1782351919600,41,HTTP Request,200,OK,Author Query 5-3,text,true,,263,155,10,70,http://localhost:8080/search?q=beauty&author=Oscar%20Wilde,41,0,0
1782351919601,40,HTTP Request,200,OK,Author Query 5-10,text,true,,263,155,10,70,http://localhost:8080/search?q=beauty&author=Oscar%20Wilde,40,0,0
1782351919600,42,HTTP Request,200,OK,Author Query 5-1,text,true,,263,155,10,70,http://localhost:8080/search?q=beauty&author=Oscar%20Wilde,42,0,0
1782351919569,77,HTTP Request,200,OK,Author Query 5-5,text,true,,263,155,10,70,http://localhost:8080/search?q=beauty&author=Oscar%20Wilde,77,0,0
1782351919601,46,HTTP Request,200,OK,Author Query 5-9,text,true,,263,155,10,70,http://localhost:8080/search?q=beauty&author=Oscar%20Wilde,46,0,0
1782351919600,50,HTTP Request,200,OK,Author Query 5-2,text,true,,263,155,10,70,http://localhost:8080/search?q=beauty&author=Oscar%20Wilde,50,0,0
1782351919605,46,HTTP Request,200,OK,Author Query 5-4,text,true,,263,155,10,70,http://localhost:8080/search?q=beauty&author=Oscar%20Wilde,46,0,0
1782351919610,53,HTTP Request,200,OK,Author Query 5-7,text,true,,263,155,10,70,http://localhost:8080/search?q=beauty&author=Oscar%20Wilde,53,0,0
1782351919632,41,HTTP Request,200,OK,Author Query 5-8,text,true,,263,155,10,70,http://localhost:8080/search?q=beauty&author=Oscar%20Wilde,41,0,0
1782351919642,34,HTTP Request,200,OK,Author Query 5-1,text,true,,263,155,10,70,http://localhost:8080/search?q=beauty&author=Oscar%20Wilde,34,0,0
1782351919641,38,HTTP Request,200,OK,Author Query 5-10,text,true,,263,155,10,70,http://localhost:8080/search?q=beauty&author=Oscar%20Wilde,38,0,0
1782351919626,53,HTTP Request,200,OK,Author Query 5-6,text,true,,263,155,10,70,http://localhost:8080/search?q=beauty&author=Oscar%20Wilde,53,0,0
1782351919647,41,HTTP Request,200,OK,Author Query 5-9,text,true,,263,155,10,70,http://localhost:8080/search?q=beauty&author=Oscar%20Wilde,41,0,0
1782351919641,48,HTTP Request,200,OK,Author Query 5-3,text,true,,263,155,10,70,http://localhost:8080/search?q=beauty&author=Oscar%20Wilde,48,0,0
1782351919646,59,HTTP Request,200,OK,Author Query 5-5,text,true,,263,155,10,70,http://localhost:8080/search?q=beauty&author=Oscar%20Wilde,59,0,0
1782351919651,54,HTTP Request,200,OK,Author Query 5-4,text,true,,263,155,10,70,http://localhost:8080/search?q=beauty&author=Oscar%20Wilde,54,0,0
1782351919651,55,HTTP Request,200,OK,Author Query 5-2,text,true,,263,155,10,70,http://localhost:8080/search?q=beauty&author=Oscar%20Wilde,55,0,0
1782351919663,70,HTTP Request,200,OK,Author Query 5-7,text,true,,263,155,10,70,http://localhost:8080/search?q=beauty&author=Oscar%20Wilde,70,0,0
1782351919673,66,HTTP Request,200,OK,Author Query 5-8,text,true,,263,155,10,70,http://localhost:8080/search?q=beauty&author=Oscar%20Wilde,66,0,0
1782351919689,70,HTTP Request,200,OK,Author Query 5-3,text,true,,263,155,10,70,http://localhost:8080/search?q=beauty&author=Oscar%20Wilde,70,0,0
1782351919676,84,HTTP Request,200,OK,Author Query 5-1,text,true,,263,155,10,70,http://localhost:8080/search?q=beauty&author=Oscar%20Wilde,84,0,0
1782351919689,73,HTTP Request,200,OK,Author Query 5-9,text,true,,263,155,10,70,http://localhost:8080/search?q=beauty&author=Oscar%20Wilde,73,0,0
1782351919680,82,HTTP Request,200,OK,Author Query 5-10,text,true,,263,155,10,70,http://localhost:8080/search?q=beauty&author=Oscar%20Wilde,82,0,0
1782351919680,82,HTTP Request,200,OK,Author Query 5-6,text,true,,263,155,10,70,http://localhost:8080/search?q=beauty&author=Oscar%20Wilde,82,0,0
1782351919705,68,HTTP Request,200,OK,Author Query 5-5,text,true,,263,155,10,70,http://localhost:8080/search?q=beauty&author=Oscar%20Wilde,68,0,0
1782351919707,67,HTTP Request,200,OK,Author Query 5-2,text,true,,263,155,10,70,http://localhost:8080/search?q=beauty&author=Oscar%20Wilde,67,0,0
1782351919705,69,HTTP Request,200,OK,Author Query 5-4,text,true,,263,155,10,70,http://localhost:8080/search?q=beauty&author=Oscar%20Wilde,69,0,0
1782351919734,56,HTTP Request,200,OK,Author Query 5-7,text,true,,263,155,10,70,http://localhost:8080/search?q=beauty&author=Oscar%20Wilde,56,0,0
1782351919740,51,HTTP Request,200,OK,Author Query 5-8,text,true,,263,155,10,70,http://localhost:8080/search?q=beauty&author=Oscar%20Wilde,51,0,0
1782351919763,43,HTTP Request,200,OK,Author Query 5-6,text,true,,263,155,10,70,http://localhost:8080/search?q=beauty&author=Oscar%20Wilde,43,0,0
1782351919760,59,HTTP Request,200,OK,Author Query 5-1,text,true,,263,155,10,70,http://localhost:8080/search?q=beauty&author=Oscar%20Wilde,59,0,0
1782351919762,61,HTTP Request,200,OK,Author Query 5-9,text,true,,263,155,10,70,http://localhost:8080/search?q=beauty&author=Oscar%20Wilde,61,0,0
1782351919762,61,HTTP Request,200,OK,Author Query 5-10,text,true,,263,155,10,70,http://localhost:8080/search?q=beauty&author=Oscar%20Wilde,61,0,0
1782351919759,75,HTTP Request,200,OK,Author Query 5-3,text,true,,263,155,10,70,http://localhost:8080/search?q=beauty&author=Oscar%20Wilde,75,0,0
1782351919774,92,HTTP Request,200,OK,Author Query 5-2,text,true,,263,155,10,70,http://localhost:8080/search?q=beauty&author=Oscar%20Wilde,92,0,0
1782351919773,93,HTTP Request,200,OK,Author Query 5-5,text,true,,263,155,10,70,http://localhost:8080/search?q=beauty&author=Oscar%20Wilde,93,0,0
1782351919790,77,HTTP Request,200,OK,Author Query 5-7,text,true,,263,155,10,70,http://localhost:8080/search?q=beauty&author=Oscar%20Wilde,77,0,0
1782351919774,93,HTTP Request,200,OK,Author Query 5-4,text,true,,263,155,10,70,http://localhost:8080/search?q=beauty&author=Oscar%20Wilde,93,0,0
1782351919792,81,HTTP Request,200,OK,Author Query 5-8,text,true,,263,155,10,70,http://localhost:8080/search?q=beauty&author=Oscar%20Wilde,81,0,0
1782351919806,67,HTTP Request,200,OK,Author Query 5-6,text,true,,263,155,10,70,http://localhost:8080/search?q=beauty&author=Oscar%20Wilde,67,0,0
1782351919823,63,HTTP Request,200,OK,Author Query 5-10,text,true,,263,155,10,70,http://localhost:8080/search?q=beauty&author=Oscar%20Wilde,63,0,0
1782351919820,68,HTTP Request,200,OK,Author Query 5-1,text,true,,263,155,10,70,http://localhost:8080/search?q=beauty&author=Oscar%20Wilde,68,0,0
1782351919823,67,HTTP Request,200,OK,Author Query 5-9,text,true,,263,155,10,70,http://localhost:8080/search?q=beauty&author=Oscar%20Wilde,67,0,0
1782351919834,71,HTTP Request,200,OK,Author Query 5-3,text,true,,263,155,10,70,http://localhost:8080/search?q=beauty&author=Oscar%20Wilde,71,0,0
1782351919866,55,HTTP Request,200,OK,Author Query 5-2,text,true,,263,155,10,70,http://localhost:8080/search?q=beauty&author=Oscar%20Wilde,55,0,0
1782351919867,58,HTTP Request,200,OK,Author Query 5-4,text,true,,263,155,10,70,http://localhost:8080/search?q=beauty&author=Oscar%20Wilde,58,0,0
1782351919866,62,HTTP Request,200,OK,Author Query 5-5,text,true,,263,155,10,70,http://localhost:8080/search?q=beauty&author=Oscar%20Wilde,62,0,0
1782351919874,66,HTTP Request,200,OK,Author Query 5-6,text,true,,263,155,10,70,http://localhost:8080/search?q=beauty&author=Oscar%20Wilde,66,0,0
1782351919886,54,HTTP Request,200,OK,Author Query 5-10,text,true,,263,155,10,70,http://localhost:8080/search?q=beauty&author=Oscar%20Wilde,54,0,0
1782351919874,75,HTTP Request,200,OK,Author Query 5-8,text,true,,263,155,10,70,http://localhost:8080/search?q=beauty&author=Oscar%20Wilde,75,0,0
1782351919888,61,HTTP Request,200,OK,Author Query 5-1,text,true,,263,155,10,70,http://localhost:8080/search?q=beauty&author=Oscar%20Wilde,61,0,0
1782351919867,82,HTTP Request,200,OK,Author Query 5-7,text,true,,263,155,10,70,http://localhost:8080/search?q=beauty&author=Oscar%20Wilde,82,0,0
1782351919905,44,HTTP Request,200,OK,Author Query 5-3,text,true,,263,155,10,70,http://localhost:8080/search?q=beauty&author=Oscar%20Wilde,44,0,0
1782351919890,73,HTTP Request,200,OK,Author Query 5-9,text,true,,263,155,10,70,http://localhost:8080/search?q=beauty&author=Oscar%20Wilde,73,0,0
1782351919928,56,HTTP Request,200,OK,Author Query 5-5,text,true,,263,155,10,70,http://localhost:8080/search?q=beauty&author=Oscar%20Wilde,56,0,0
1782351919921,64,HTTP Request,200,OK,Author Query 5-2,text,true,,263,155,10,70,http://localhost:8080/search?q=beauty&author=Oscar%20Wilde,64,0,0
1782351919925,60,HTTP Request,200,OK,Author Query 5-4,text,true,,263,155,10,70,http://localhost:8080/search?q=beauty&author=Oscar%20Wilde,60,0,0
1782351919940,91,HTTP Request,200,OK,Author Query 5-10,text,true,,263,155,10,70,http://localhost:8080/search?q=beauty&author=Oscar%20Wilde,91,0,0
1782351919940,92,HTTP Request,200,OK,Author Query 5-6,text,true,,263,155,10,70,http://localhost:8080/search?q=beauty&author=Oscar%20Wilde,92,0,0
1782351919963,91,HTTP Request,200,OK,Author Query 5-9,text,true,,263,155,10,70,http://localhost:8080/search?q=beauty&author=Oscar%20Wilde,91,0,0
1782351919949,106,HTTP Request,200,OK,Author Query 5-8,text,true,,263,155,10,70,http://localhost:8080/search?q=beauty&author=Oscar%20Wilde,106,0,0
1782351919949,107,HTTP Request,200,OK,Author Query 5-1,text,true,,263,155,10,70,http://localhost:8080/search?q=beauty&author=Oscar%20Wilde,107,0,0
1782351919949,107,HTTP Request,200,OK,Author Query 5-3,text,true,,263,155,10,70,http://localhost:8080/search?q=beauty&author=Oscar%20Wilde,107,0,0
1782351919949,107,HTTP Request,200,OK,Author Query 5-7,text,true,,263,155,10,70,http://localhost:8080/search?q=beauty&author=Oscar%20Wilde,107,0,0
1782351919985,81,HTTP Request,200,OK,Author Query 5-2,text,true,,263,155,10,70,http://localhost:8080/search?q=beauty&author=Oscar%20Wilde,81,0,0
1782351919986,91,HTTP Request,200,OK,Author Query 5-4,text,true,,263,155,10,70,http://localhost:8080/search?q=beauty&author=Oscar%20Wilde,91,0,0
1782351919984,93,HTTP Request,200,OK,Author Query 5-5,text,true,,263,155,10,70,http://localhost:8080/search?q=beauty&author=Oscar%20Wilde,93,0,0
1782351920033,73,HTTP Request,200,OK,Author Query 5-6,text,true,,263,155,10,70,http://localhost:8080/search?q=beauty&author=Oscar%20Wilde,73,0,0
1782351920031,89,HTTP Request,200,OK,Author Query 5-10,text,true,,263,155,10,70,http://localhost:8080/search?q=beauty&author=Oscar%20Wilde,89,0,0
1782351920056,93,HTTP Request,200,OK,Author Query 5-1,text,true,,263,155,10,70,http://localhost:8080/search?q=beauty&author=Oscar%20Wilde,93,0,0
1782351920056,94,HTTP Request,200,OK,Author Query 5-3,text,true,,263,155,10,70,http://localhost:8080/search?q=beauty&author=Oscar%20Wilde,94,0,0
1782351920055,95,HTTP Request,200,OK,Author Query 5-8,text,true,,263,155,10,70,http://localhost:8080/search?q=beauty&author=Oscar%20Wilde,95,0,0
1782351920056,94,HTTP Request,200,OK,Author Query 5-7,text,true,,263,155,10,70,http://localhost:8080/search?q=beauty&author=Oscar%20Wilde,94,0,0
1782351920054,96,HTTP Request,200,OK,Author Query 5-9,text,true,,263,155,10,70,http://localhost:8080/search?q=beauty&author=Oscar%20Wilde,96,0,0
1782351920066,104,HTTP Request,200,OK,Author Query 5-2,text,true,,263,155,10,70,http://localhost:8080/search?q=beauty&author=Oscar%20Wilde,104,0,0
1782351920077,95,HTTP Request,200,OK,Author Query 5-4,text,true,,263,155,10,70,http://localhost:8080/search?q=beauty&author=Oscar%20Wilde,95,0,0
1782351920120,60,HTTP Request,200,OK,Author Query 5-10,text,true,,263,155,10,70,http://localhost:8080/search?q=beauty&author=Oscar%20Wilde,60,0,0
1782351920150,42,HTTP Request,200,OK,Author Query 5-7,text,true,,263,155,10,70,http://localhost:8080/search?q=beauty&author=Oscar%20Wilde,42,0,0
1782351920077,117,HTTP Request,200,OK,Author Query 5-5,text,true,,263,155,10,70,http://localhost:8080/search?q=beauty&author=Oscar%20Wilde,117,0,0
1782351920106,104,HTTP Request,200,OK,Author Query 5-6,text,true,,263,155,10,70,http://localhost:8080/search?q=beauty&author=Oscar%20Wilde,104,0,0
1782351920170,41,HTTP Request,200,OK,Author Query 5-2,text,true,,263,155,10,70,http://localhost:8080/search?q=beauty&author=Oscar%20Wilde,41,0,0
1782351920150,69,HTTP Request,200,OK,Author Query 5-8,text,true,,263,155,10,70,http://localhost:8080/search?q=beauty&author=Oscar%20Wilde,69,0,0
1782351920150,84,HTTP Request,200,OK,Author Query 5-9,text,true,,263,155,10,70,http://localhost:8080/search?q=beauty&author=Oscar%20Wilde,84,0,0
1782351920172,77,HTTP Request,200,OK,Author Query 5-4,text,true,,263,155,10,70,http://localhost:8080/search?q=beauty&author=Oscar%20Wilde,77,0,0
1782351920194,82,HTTP Request,200,OK,Author Query 5-5,text,true,,263,155,10,70,http://localhost:8080/search?q=beauty&author=Oscar%20Wilde,82,0,0
1782351920180,96,HTTP Request,200,OK,Author Query 5-10,text,true,,263,155,10,70,http://localhost:8080/search?q=beauty&author=Oscar%20Wilde,96,0,0
1782351920149,127,HTTP Request,200,OK,Author Query 5-1,text,true,,263,155,10,70,http://localhost:8080/search?q=beauty&author=Oscar%20Wilde,127,0,0
1782351920150,127,HTTP Request,200,OK,Author Query 5-3,text,true,,263,155,10,70,http://localhost:8080/search?q=beauty&author=Oscar%20Wilde,127,0,0
1782351920193,84,HTTP Request,200,OK,Author Query 5-7,text,true,,263,155,10,70,http://localhost:8080/search?q=beauty&author=Oscar%20Wilde,84,0,0
1782351920211,85,HTTP Request,200,OK,Author Query 5-2,text,true,,263,155,10,70,http://localhost:8080/search?q=beauty&author=Oscar%20Wilde,85,0,0
1782351920234,67,HTTP Request,200,OK,Author Query 5-9,text,true,,263,155,10,70,http://localhost:8080/search?q=beauty&author=Oscar%20Wilde,67,0,0
1782351920219,82,HTTP Request,200,OK,Author Query 5-8,text,true,,263,155,10,70,http://localhost:8080/search?q=beauty&author=Oscar%20Wilde,82,0,0
1782351920210,96,HTTP Request,200,OK,Author Query 5-6,text,true,,263,155,10,70,http://localhost:8080/search?q=beauty&author=Oscar%20Wilde,96,0,0
1782351920249,74,HTTP Request,200,OK,Author Query 5-4,text,true,,263,155,10,70,http://localhost:8080/search?q=beauty&author=Oscar%20Wilde,74,0,0
1782351920276,92,HTTP Request,200,OK,Author Query 5-10,text,true,,263,155,10,70,http://localhost:8080/search?q=beauty&author=Oscar%20Wilde,92,0,0
1782351920276,92,HTTP Request,200,OK,Author Query 5-1,text,true,,263,155,10,70,http://localhost:8080/search?q=beauty&author=Oscar%20Wilde,92,0,0
1782351920276,93,HTTP Request,200,OK,Author Query 5-5,text,true,,263,155,10,70,http://localhost:8080/search?q=beauty&author=Oscar%20Wilde,93,0,0
1782351920277,92,HTTP Request,200,OK,Author Query 5-7,text,true,,263,155,10,70,http://localhost:8080/search?q=beauty&author=Oscar%20Wilde,92,0,0
1782351920301,80,HTTP Request,200,OK,Author Query 5-8,text,true,,263,155,10,70,http://localhost:8080/search?q=beauty&author=Oscar%20Wilde,80,0,0
1782351920301,80,HTTP Request,200,OK,Author Query 5-9,text,true,,263,155,10,70,http://localhost:8080/search?q=beauty&author=Oscar%20Wilde,80,0,0
1782351920296,88,HTTP Request,200,OK,Author Query 5-2,text,true,,263,155,10,70,http://localhost:8080/search?q=beauty&author=Oscar%20Wilde,88,0,0
1782351920306,81,HTTP Request,200,OK,Author Query 5-6,text,true,,263,155,10,70,http://localhost:8080/search?q=beauty&author=Oscar%20Wilde,81,0,0
1782351920277,110,HTTP Request,200,OK,Author Query 5-3,text,true,,263,155,10,70,http://localhost:8080/search?q=beauty&author=Oscar%20Wilde,110,0,0
1782351920323,84,HTTP Request,200,OK,Author Query 5-4,text,true,,263,155,10,70,http://localhost:8080/search?q=beauty&author=Oscar%20Wilde,84,0,0
1782351920381,62,HTTP Request,200,OK,Author Query 5-8,text,true,,263,155,10,70,http://localhost:8080/search?q=beauty&author=Oscar%20Wilde,62,0,0
1782351920381,79,HTTP Request,200,OK,Author Query 5-9,text,true,,263,155,10,70,http://localhost:8080/search?q=beauty&author=Oscar%20Wilde,79,0,0
1782351920384,76,HTTP Request,200,OK,Author Query 5-2,text,true,,263,155,10,70,http://localhost:8080/search?q=beauty&author=Oscar%20Wilde,76,0,0
1782351920369,92,HTTP Request,200,OK,Author Query 5-5,text,true,,263,155,10,70,http://localhost:8080/search?q=beauty&author=Oscar%20Wilde,92,0,0
1782351920368,93,HTTP Request,200,OK,Author Query 5-10,text,true,,263,155,10,70,http://localhost:8080/search?q=beauty&author=Oscar%20Wilde,93,0,0
1782351920368,110,HTTP Request,200,OK,Author Query 5-1,text,true,,263,155,10,70,http://localhost:8080/search?q=beauty&author=Oscar%20Wilde,110,0,0
1782351920369,109,HTTP Request,200,OK,Author Query 5-7,text,true,,263,155,10,70,http://localhost:8080/search?q=beauty&author=Oscar%20Wilde,109,0,0
1782351920387,92,HTTP Request,200,OK,Author Query 5-3,text,true,,263,155,10,70,http://localhost:8080/search?q=beauty&author=Oscar%20Wilde,92,0,0
1782351920387,92,HTTP Request,200,OK,Author Query 5-6,text,true,,263,155,10,70,http://localhost:8080/search?q=beauty&author=Oscar%20Wilde,92,0,0
1782351920407,93,HTTP Request,200,OK,Author Query 5-4,text,true,,263,155,10,70,http://localhost:8080/search?q=beauty&author=Oscar%20Wilde,93,0,0
1782351920461,70,HTTP Request,200,OK,Author Query 5-5,text,true,,263,155,10,70,http://localhost:8080/search?q=beauty&author=Oscar%20Wilde,70,0,0
1782351920443,91,HTTP Request,200,OK,Author Query 5-8,text,true,,263,155,10,70,http://localhost:8080/search?q=beauty&author=Oscar%20Wilde,91,0,0
1782351920460,75,HTTP Request,200,OK,Author Query 5-2,text,true,,263,155,10,70,http://localhost:8080/search?q=beauty&author=Oscar%20Wilde,75,0,0
1782351920460,78,HTTP Request,200,OK,Author Query 5-9,text,true,,263,155,10,70,http://localhost:8080/search?q=beauty&author=Oscar%20Wilde,78,0,0
1782351920479,66,HTTP Request,200,OK,Author Query 5-3,text,true,,263,155,10,70,http://localhost:8080/search?q=beauty&author=Oscar%20Wilde,66,0,0
1782351920478,77,HTTP Request,200,OK,Author Query 5-7,text,true,,263,155,10,70,http://localhost:8080/search?q=beauty&author=Oscar%20Wilde,77,0,0
1782351920462,94,HTTP Request,200,OK,Author Query 5-10,text,true,,263,155,10,70,http://localhost:8080/search?q=beauty&author=Oscar%20Wilde,94,0,0
1782351920479,78,HTTP Request,200,OK,Author Query 5-6,text,true,,263,155,10,70,http://localhost:8080/search?q=beauty&author=Oscar%20Wilde,78,0,0
1782351920478,79,HTTP Request,200,OK,Author Query 5-1,text,true,,263,155,10,70,http://localhost:8080/search?q=beauty&author=Oscar%20Wilde,79,0,0
1782351920500,76,HTTP Request,200,OK,Author Query 5-4,text,true,,263,155,10,70,http://localhost:8080/search?q=beauty&author=Oscar%20Wilde,76,0,0
1782351920532,50,HTTP Request,200,OK,Author Query 5-5,text,true,,263,155,10,70,http://localhost:8080/search?q=beauty&author=Oscar%20Wilde,50,0,0
1782351920535,62,HTTP Request,200,OK,Author Query 5-2,text,true,,263,155,10,70,http://localhost:8080/search?q=beauty&author=Oscar%20Wilde,62,0,0
1782351920538,60,HTTP Request,200,OK,Author Query 5-9,text,true,,263,155,10,70,http://localhost:8080/search?q=beauty&author=Oscar%20Wilde,60,0,0
1782351920545,54,HTTP Request,200,OK,Author Query 5-3,text,true,,263,155,10,70,http://localhost:8080/search?q=beauty&author=Oscar%20Wilde,54,0,0
1782351920534,95,HTTP Request,200,OK,Author Query 5-8,text,true,,263,155,10,70,http://localhost:8080/search?q=beauty&author=Oscar%20Wilde,95,0,0
1782351920557,72,HTTP Request,200,OK,Author Query 5-6,text,true,,263,155,10,70,http://localhost:8080/search?q=beauty&author=Oscar%20Wilde,72,0,0
1782351920556,73,HTTP Request,200,OK,Author Query 5-7,text,true,,263,155,10,70,http://localhost:8080/search?q=beauty&author=Oscar%20Wilde,73,0,0
1782351920557,73,HTTP Request,200,OK,Author Query 5-10,text,true,,263,155,10,70,http://localhost:8080/search?q=beauty&author=Oscar%20Wilde,73,0,0
1782351920557,75,HTTP Request,200,OK,Author Query 5-1,text,true,,263,155,10,70,http://localhost:8080/search?q=beauty&author=Oscar%20Wilde,75,0,0
1782351920577,71,HTTP Request,200,OK,Author Query 5-4,text,true,,263,155,10,70,http://localhost:8080/search?q=beauty&author=Oscar%20Wilde,71,0,0
1782351920582,76,HTTP Request,200,OK,Author Query 5-5,text,true,,263,155,10,70,http://localhost:8080/search?q=beauty&author=Oscar%20Wilde,76,0,0
1782351920629,45,HTTP Request,200,OK,Author Query 5-8,text,true,,263,155,10,70,http://localhost:8080/search?q=beauty&author=Oscar%20Wilde,45,0,0
1782351920629,45,HTTP Request,200,OK,Author Query 5-6,text,true,,263,155,10,70,http://localhost:8080/search?q=beauty&author=Oscar%20Wilde,45,0,0
1782351920598,77,HTTP Request,200,OK,Author Query 5-2,text,true,,263,155,10,70,http://localhost:8080/search?q=beauty&author=Oscar%20Wilde,77,0,0
1782351920631,44,HTTP Request,200,OK,Author Query 5-10,text,true,,263,155,10,70,http://localhost:8080/search?q=beauty&author=Oscar%20Wilde,44,0,0
1782351920598,77,HTTP Request,200,OK,Author Query 5-9,text,true,,263,155,10,70,http://localhost:8080/search?q=beauty&author=Oscar%20Wilde,77,0,0
1782351920599,76,HTTP Request,200,OK,Author Query 5-3,text,true,,263,155,10,70,http://localhost:8080/search?q=beauty&author=Oscar%20Wilde,76,0,0
1782351920632,57,HTTP Request,200,OK,Author Query 5-1,text,true,,263,155,10,70,http://localhost:8080/search?q=beauty&author=Oscar%20Wilde,56,0,0
1782351920649,40,HTTP Request,200,OK,Author Query 5-4,text,true,,263,155,10,70,http://localhost:8080/search?q=beauty&author=Oscar%20Wilde,40,0,0
1782351920659,39,HTTP Request,200,OK,Author Query 5-5,text,true,,263,155,10,70,http://localhost:8080/search?q=beauty&author=Oscar%20Wilde,39,0,0
1782351920629,76,HTTP Request,200,OK,Author Query 5-7,text,true,,263,155,10,70,http://localhost:8080/search?q=beauty&author=Oscar%20Wilde,76,0,0
1782351920675,47,HTTP Request,200,OK,Author Query 5-6,text,true,,263,155,10,70,http://localhost:8080/search?q=beauty&author=Oscar%20Wilde,47,0,0
1782351920675,47,HTTP Request,200,OK,Author Query 5-10,text,true,,263,155,10,70,http://localhost:8080/search?q=beauty&author=Oscar%20Wilde,47,0,0
1782351920675,47,HTTP Request,200,OK,Author Query 5-2,text,true,,263,155,10,70,http://localhost:8080/search?q=beauty&author=Oscar%20Wilde,47,0,0
1782351920675,48,HTTP Request,200,OK,Author Query 5-8,text,true,,263,155,10,70,http://localhost:8080/search?q=beauty&author=Oscar%20Wilde,48,0,0
1782351920675,48,HTTP Request,200,OK,Author Query 5-9,text,true,,263,155,10,70,http://localhost:8080/search?q=beauty&author=Oscar%20Wilde,48,0,0
1782351920675,48,HTTP Request,200,OK,Author Query 5-3,text,true,,263,155,10,70,http://localhost:8080/search?q=beauty&author=Oscar%20Wilde,48,0,0
1782351920689,44,HTTP Request,200,OK,Author Query 5-1,text,true,,263,155,10,70,http://localhost:8080/search?q=beauty&author=Oscar%20Wilde,44,0,0
1782351920689,46,HTTP Request,200,OK,Author Query 5-4,text,true,,263,155,10,70,http://localhost:8080/search?q=beauty&author=Oscar%20Wilde,46,0,0
1782351920705,46,HTTP Request,200,OK,Author Query 5-7,text,true,,263,155,10,70,http://localhost:8080/search?q=beauty&author=Oscar%20Wilde,46,0,0
1782351920723,33,HTTP Request,200,OK,Author Query 5-3,text,true,,263,155,10,70,http://localhost:8080/search?q=beauty&author=Oscar%20Wilde,33,0,0
1782351920698,58,HTTP Request,200,OK,Author Query 5-5,text,true,,263,155,10,70,http://localhost:8080/search?q=beauty&author=Oscar%20Wilde,58,0,0
1782351920723,35,HTTP Request,200,OK,Author Query 5-10,text,true,,263,155,10,70,http://localhost:8080/search?q=beauty&author=Oscar%20Wilde,35,0,0
1782351920723,47,HTTP Request,200,OK,Author Query 5-8,text,true,,263,155,10,70,http://localhost:8080/search?q=beauty&author=Oscar%20Wilde,47,0,0
1782351920723,47,HTTP Request,200,OK,Author Query 5-2,text,true,,263,155,10,70,http://localhost:8080/search?q=beauty&author=Oscar%20Wilde,47,0,0
1782351920734,36,HTTP Request,200,OK,Author Query 5-1,text,true,,263,155,10,70,http://localhost:8080/search?q=beauty&author=Oscar%20Wilde,36,0,0
1782351920735,35,HTTP Request,200,OK,Author Query 5-4,text,true,,263,155,10,70,http://localhost:8080/search?q=beauty&author=Oscar%20Wilde,35,0,0
1782351920722,59,HTTP Request,200,OK,Author Query 5-6,text,true,,263,155,10,70,http://localhost:8080/search?q=beauty&author=Oscar%20Wilde,59,0,0
1782351920723,59,HTTP Request,200,OK,Author Query 5-9,text,true,,263,155,10,70,http://localhost:8080/search?q=beauty&author=Oscar%20Wilde,59,0,0
1782351920751,33,HTTP Request,200,OK,Author Query 5-7,text,true,,263,155,10,70,http://localhost:8080/search?q=beauty&author=Oscar%20Wilde,33,0,0
1782351920756,38,HTTP Request,200,OK,Author Query 5-5,text,true,,263,155,10,70,http://localhost:8080/search?q=beauty&author=Oscar%20Wilde,38,0,0
1782351920758,36,HTTP Request,200,OK,Author Query 5-10,text,true,,263,155,10,70,http://localhost:8080/search?q=beauty&author=Oscar%20Wilde,36,0,0
1782351920756,40,HTTP Request,200,OK,Author Query 5-3,text,true,,263,155,10,70,http://localhost:8080/search?q=beauty&author=Oscar%20Wilde,40,0,0
1782351920770,43,HTTP Request,200,OK,Author Query 5-4,text,true,,263,155,10,70,http://localhost:8080/search?q=beauty&author=Oscar%20Wilde,43,0,0
1782351920770,44,HTTP Request,200,OK,Author Query 5-1,text,true,,263,155,10,70,http://localhost:8080/search?q=beauty&author=Oscar%20Wilde,44,0,0
1782351920770,44,HTTP Request,200,OK,Author Query 5-8,text,true,,263,155,10,70,http://localhost:8080/search?q=beauty&author=Oscar%20Wilde,44,0,0
1782351920770,47,HTTP Request,200,OK,Author Query 5-2,text,true,,263,155,10,70,http://localhost:8080/search?q=beauty&author=Oscar%20Wilde,47,0,0
1782351920782,51,HTTP Request,200,OK,Author Query 5-9,text,true,,263,155,10,70,http://localhost:8080/search?q=beauty&author=Oscar%20Wilde,51,0,0
1782351920794,39,HTTP Request,200,OK,Author Query 5-10,text,true,,263,155,10,70,http://localhost:8080/search?q=beauty&author=Oscar%20Wilde,39,0,0
1782351920781,52,HTTP Request,200,OK,Author Query 5-6,text,true,,263,155,10,70,http://localhost:8080/search?q=beauty&author=Oscar%20Wilde,52,0,0
1782351920797,36,HTTP Request,200,OK,Author Query 5-3,text,true,,263,155,10,70,http://localhost:8080/search?q=beauty&author=Oscar%20Wilde,36,0,0
1782351920833,35,HTTP Request,200,OK,Author Query 5-6,text,true,,263,155,10,70,http://localhost:8080/search?q=beauty&author=Oscar%20Wilde,35,0,0
1782351920833,36,HTTP Request,200,OK,Author Query 5-3,text,true,,263,155,10,70,http://localhost:8080/search?q=beauty&author=Oscar%20Wilde,36,0,0
1782351920817,52,HTTP Request,200,OK,Author Query 5-2,text,true,,263,155,10,70,http://localhost:8080/search?q=beauty&author=Oscar%20Wilde,52,0,0
1782351920813,56,HTTP Request,200,OK,Author Query 5-4,text,true,,263,155,10,70,http://localhost:8080/search?q=beauty&author=Oscar%20Wilde,56,0,0
1782351920814,57,HTTP Request,200,OK,Author Query 5-1,text,true,,263,155,10,70,http://localhost:8080/search?q=beauty&author=Oscar%20Wilde,57,0,0
1782351920794,78,HTTP Request,200,OK,Author Query 5-5,text,true,,263,155,10,70,http://localhost:8080/search?q=beauty&author=Oscar%20Wilde,78,0,0
1782351920784,88,HTTP Request,200,OK,Author Query 5-7,text,true,,263,155,10,70,http://localhost:8080/search?q=beauty&author=Oscar%20Wilde,88,0,0
1782351920833,48,HTTP Request,200,OK,Author Query 5-9,text,true,,263,155,10,70,http://localhost:8080/search?q=beauty&author=Oscar%20Wilde,48,0,0
1782351920814,67,HTTP Request,200,OK,Author Query 5-8,text,true,,263,155,10,70,http://localhost:8080/search?q=beauty&author=Oscar%20Wilde,67,0,0
1782351920833,58,HTTP Request,200,OK,Author Query 5-10,text,true,,263,155,10,70,http://localhost:8080/search?q=beauty&author=Oscar%20Wilde,58,0,0
1782351920869,60,HTTP Request,200,OK,Author Query 5-6,text,true,,263,155,10,70,http://localhost:8080/search?q=beauty&author=Oscar%20Wilde,60,0,0
1782351920869,61,HTTP Request,200,OK,Author Query 5-4,text,true,,263,155,10,70,http://localhost:8080/search?q=beauty&author=Oscar%20Wilde,61,0,0
1782351920872,58,HTTP Request,200,OK,Author Query 5-7,text,true,,263,155,10,70,http://localhost:8080/search?q=beauty&author=Oscar%20Wilde,58,0,0
1782351920869,61,HTTP Request,200,OK,Author Query 5-2,text,true,,263,155,10,70,http://localhost:8080/search?q=beauty&author=Oscar%20Wilde,61,0,0
1782351920871,59,HTTP Request,200,OK,Author Query 5-1,text,true,,263,155,10,70,http://localhost:8080/search?q=beauty&author=Oscar%20Wilde,59,0,0
1782351920869,82,HTTP Request,200,OK,Author Query 5-3,text,true,,263,155,10,70,http://localhost:8080/search?q=beauty&author=Oscar%20Wilde,82,0,0
1782351920872,79,HTTP Request,200,OK,Author Query 5-5,text,true,,263,155,10,70,http://localhost:8080/search?q=beauty&author=Oscar%20Wilde,79,0,0
1782351920881,75,HTTP Request,200,OK,Author Query 5-9,text,true,,263,155,10,70,http://localhost:8080/search?q=beauty&author=Oscar%20Wilde,75,0,0
1782351920881,118,HTTP Request,200,OK,Author Query 5-8,text,true,,263,155,10,70,http://localhost:8080/search?q=beauty&author=Oscar%20Wilde,118,0,0
1782351920930,90,HTTP Request,200,OK,Author Query 5-4,text,true,,263,155,10,70,http://localhost:8080/search?q=beauty&author=Oscar%20Wilde,90,0,0
1782351920930,90,HTTP Request,200,OK,Author Query 5-7,text,true,,263,155,10,70,http://localhost:8080/search?q=beauty&author=Oscar%20Wilde,90,0,0
1782351920891,129,HTTP Request,200,OK,Author Query 5-10,text,true,,263,155,10,70,http://localhost:8080/search?q=beauty&author=Oscar%20Wilde,129,0,0
1782351920930,108,HTTP Request,200,OK,Author Query 5-6,text,true,,263,155,10,70,http://localhost:8080/search?q=beauty&author=Oscar%20Wilde,108,0,0
1782351920930,110,HTTP Request,200,OK,Author Query 5-1,text,true,,263,155,10,70,http://localhost:8080/search?q=beauty&author=Oscar%20Wilde,110,0,0
1782351920956,86,HTTP Request,200,OK,Author Query 5-9,text,true,,263,155,10,70,http://localhost:8080/search?q=beauty&author=Oscar%20Wilde,86,0,0
1782351920952,94,HTTP Request,200,OK,Author Query 5-5,text,true,,263,155,10,70,http://localhost:8080/search?q=beauty&author=Oscar%20Wilde,94,0,0
1782351920952,101,HTTP Request,200,OK,Author Query 5-3,text,true,,263,155,10,70,http://localhost:8080/search?q=beauty&author=Oscar%20Wilde,101,0,0
1782351920930,123,HTTP Request,200,OK,Author Query 5-2,text,true,,263,155,10,70,http://localhost:8080/search?q=beauty&author=Oscar%20Wilde,123,0,0
1782351920999,86,HTTP Request,200,OK,Author Query 5-8,text,true,,263,155,10,70,http://localhost:8080/search?q=beauty&author=Oscar%20Wilde,86,0,0
1782351921020,65,HTTP Request,200,OK,Author Query 5-10,text,true,,263,155,10,70,http://localhost:8080/search?q=beauty&author=Oscar%20Wilde,65,0,0
1782351921042,64,HTTP Request,200,OK,Author Query 5-9,text,true,,263,155,10,70,http://localhost:8080/search?q=beauty&author=Oscar%20Wilde,64,0,0
1782351921046,66,HTTP Request,200,OK,Author Query 5-5,text,true,,263,155,10,70,http://localhost:8080/search?q=beauty&author=Oscar%20Wilde,66,0,0
1782351921020,99,HTTP Request,200,OK,Author Query 5-7,text,true,,263,155,10,70,http://localhost:8080/search?q=beauty&author=Oscar%20Wilde,99,0,0
1782351921040,79,HTTP Request,200,OK,Author Query 5-1,text,true,,263,155,10,70,http://localhost:8080/search?q=beauty&author=Oscar%20Wilde,79,0,0
1782351921053,67,HTTP Request,200,OK,Author Query 5-3,text,true,,263,155,10,70,http://localhost:8080/search?q=beauty&author=Oscar%20Wilde,67,0,0
1782351921020,100,HTTP Request,200,OK,Author Query 5-4,text,true,,263,155,10,70,http://localhost:8080/search?q=beauty&author=Oscar%20Wilde,100,0,0
1782351921053,67,HTTP Request,200,OK,Author Query 5-2,text,true,,263,155,10,70,http://localhost:8080/search?q=beauty&author=Oscar%20Wilde,67,0,0
1782351921038,82,HTTP Request,200,OK,Author Query 5-6,text,true,,263,155,10,70,http://localhost:8080/search?q=beauty&author=Oscar%20Wilde,82,0,0
1782351921085,58,HTTP Request,200,OK,Author Query 5-8,text,true,,263,155,10,70,http://localhost:8080/search?q=beauty&author=Oscar%20Wilde,58,0,0
1782351921085,59,HTTP Request,200,OK,Author Query 5-10,text,true,,263,155,10,70,http://localhost:8080/search?q=beauty&author=Oscar%20Wilde,59,0,0
1782351921120,63,HTTP Request,200,OK,Author Query 5-2,text,true,,263,155,10,70,http://localhost:8080/search?q=beauty&author=Oscar%20Wilde,63,0,0
1782351921106,80,HTTP Request,200,OK,Author Query 5-9,text,true,,263,155,10,70,http://localhost:8080/search?q=beauty&author=Oscar%20Wilde,80,0,0
1782351921112,74,HTTP Request,200,OK,Author Query 5-5,text,true,,263,155,10,70,http://localhost:8080/search?q=beauty&author=Oscar%20Wilde,74,0,0
1782351921120,89,HTTP Request,200,OK,Author Query 5-3,text,true,,263,155,10,70,http://localhost:8080/search?q=beauty&author=Oscar%20Wilde,89,0,0
1782351921120,101,HTTP Request,200,OK,Author Query 5-4,text,true,,263,155,10,70,http://localhost:8080/search?q=beauty&author=Oscar%20Wilde,101,0,0
1782351921120,101,HTTP Request,200,OK,Author Query 5-6,text,true,,263,155,10,70,http://localhost:8080/search?q=beauty&author=Oscar%20Wilde,101,0,0
1782351921144,78,HTTP Request,200,OK,Author Query 5-10,text,true,,263,155,10,70,http://localhost:8080/search?q=beauty&author=Oscar%20Wilde,78,0,0
1782351921143,82,HTTP Request,200,OK,Author Query 5-8,text,true,,263,155,10,70,http://localhost:8080/search?q=beauty&author=Oscar%20Wilde,82,0,0
1782351921119,113,HTTP Request,200,OK,Author Query 5-7,text,true,,263,155,10,70,http://localhost:8080/search?q=beauty&author=Oscar%20Wilde,113,0,0
1782351921119,119,HTTP Request,200,OK,Author Query 5-1,text,true,,263,155,10,70,http://localhost:8080/search?q=beauty&author=Oscar%20Wilde,119,0,0
1782351921186,56,HTTP Request,200,OK,Author Query 5-9,text,true,,263,155,10,70,http://localhost:8080/search?q=beauty&author=Oscar%20Wilde,56,0,0
1782351921183,65,HTTP Request,200,OK,Author Query 5-2,text,true,,263,155,10,70,http://localhost:8080/search?q=beauty&author=Oscar%20Wilde,65,0,0
1782351921186,62,HTTP Request,200,OK,Author Query 5-5,text,true,,263,155,10,70,http://localhost:8080/search?q=beauty&author=Oscar%20Wilde,62,0,0
1782351921233,70,HTTP Request,200,OK,Author Query 5-7,text,true,,263,155,10,70,http://localhost:8080/search?q=beauty&author=Oscar%20Wilde,70,0,0
1782351921225,78,HTTP Request,200,OK,Author Query 5-8,text,true,,263,155,10,70,http://localhost:8080/search?q=beauty&author=Oscar%20Wilde,78,0,0
1782351921222,81,HTTP Request,200,OK,Author Query 5-10,text,true,,263,155,10,70,http://localhost:8080/search?q=beauty&author=Oscar%20Wilde,81,0,0
1782351921222,82,HTTP Request,200,OK,Author Query 5-4,text,true,,263,155,10,70,http://localhost:8080/search?q=beauty&author=Oscar%20Wilde,82,0,0
1782351921222,82,HTTP Request,200,OK,Author Query 5-6,text,true,,263,155,10,70,http://localhost:8080/search?q=beauty&author=Oscar%20Wilde,82,0,0
1782351921210,95,HTTP Request,200,OK,Author Query 5-3,text,true,,263,155,10,70,http://localhost:8080/search?q=beauty&author=Oscar%20Wilde,95,0,0
1782351921238,112,HTTP Request,200,OK,Author Query 5-1,text,true,,263,155,10,70,http://localhost:8080/search?q=beauty&author=Oscar%20Wilde,112,0,0
1782351921248,104,HTTP Request,200,OK,Author Query 5-2,text,true,,263,155,10,70,http://localhost:8080/search?q=beauty&author=Oscar%20Wilde,104,0,0
1782351921248,106,HTTP Request,200,OK,Author Query 5-5,text,true,,263,155,10,70,http://localhost:8080/search?q=beauty&author=Oscar%20Wilde,106,0,0
1782351921242,112,HTTP Request,200,OK,Author Query 5-9,text,true,,263,155,10,70,http://localhost:8080/search?q=beauty&author=Oscar%20Wilde,112,0,0
1782351921305,74,HTTP Request,200,OK,Author Query 5-3,text,true,,263,155,10,70,http://localhost:8080/search?q=beauty&author=Oscar%20Wilde,73,0,0
1782351921303,77,HTTP Request,200,OK,Author Query 5-8,text,true,,263,155,10,70,http://localhost:8080/search?q=beauty&author=Oscar%20Wilde,77,0,0
1782351921303,77,HTTP Request,200,OK,Author Query 5-10,text,true,,263,155,10,70,http://localhost:8080/search?q=beauty&author=Oscar%20Wilde,77,0,0
1782351921304,82,HTTP Request,200,OK,Author Query 5-6,text,true,,263,155,10,70,http://localhost:8080/search?q=beauty&author=Oscar%20Wilde,82,0,0
1782351921304,88,HTTP Request,200,OK,Author Query 5-4,text,true,,263,155,10,70,http://localhost:8080/search?q=beauty&author=Oscar%20Wilde,88,0,0
1782351921350,58,HTTP Request,200,OK,Author Query 5-1,text,true,,263,155,10,70,http://localhost:8080/search?q=beauty&author=Oscar%20Wilde,58,0,0
1782351921303,106,HTTP Request,200,OK,Author Query 5-7,text,true,,263,155,10,70,http://localhost:8080/search?q=beauty&author=Oscar%20Wilde,106,0,0
1782351921354,93,HTTP Request,200,OK,Author Query 5-9,text,true,,263,155,10,70,http://localhost:8080/search?q=beauty&author=Oscar%20Wilde,93,0,0
1782351921380,67,HTTP Request,200,OK,Author Query 5-8,text,true,,263,155,10,70,http://localhost:8080/search?q=beauty&author=Oscar%20Wilde,67,0,0
1782351921380,67,HTTP Request,200,OK,Author Query 5-10,text,true,,263,155,10,70,http://localhost:8080/search?q=beauty&author=Oscar%20Wilde,67,0,0
1782351921352,95,HTTP Request,200,OK,Author Query 5-2,text,true,,263,155,10,70,http://localhost:8080/search?q=beauty&author=Oscar%20Wilde,95,0,0
1782351921386,62,HTTP Request,200,OK,Author Query 5-6,text,true,,263,155,10,70,http://localhost:8080/search?q=beauty&author=Oscar%20Wilde,61,0,0
1782351921354,94,HTTP Request,200,OK,Author Query 5-5,text,true,,263,155,10,70,http://localhost:8080/search?q=beauty&author=Oscar%20Wilde,94,0,0
1782351921379,71,HTTP Request,200,OK,Author Query 5-3,text,true,,263,155,10,70,http://localhost:8080/search?q=beauty&author=Oscar%20Wilde,71,0,0
1782351921392,59,HTTP Request,200,OK,Author Query 5-4,text,true,,263,155,10,70,http://localhost:8080/search?q=beauty&author=Oscar%20Wilde,59,0,0
1782351921409,62,HTTP Request,200,OK,Author Query 5-7,text,true,,263,155,10,70,http://localhost:8080/search?q=beauty&author=Oscar%20Wilde,62,0,0
1782351921409,69,HTTP Request,200,OK,Author Query 5-1,text,true,,263,155,10,70,http://localhost:8080/search?q=beauty&author=Oscar%20Wilde,69,0,0
1782351921451,47,HTTP Request,200,OK,Author Query 5-4,text,true,,263,155,10,70,http://localhost:8080/search?q=beauty&author=Oscar%20Wilde,47,0,0
1782351921447,56,HTTP Request,200,OK,Author Query 5-2,text,true,,263,155,10,70,http://localhost:8080/search?q=beauty&author=Oscar%20Wilde,56,0,0
1782351921447,56,HTTP Request,200,OK,Author Query 5-10,text,true,,263,155,10,70,http://localhost:8080/search?q=beauty&author=Oscar%20Wilde,56,0,0
1782351921447,57,HTTP Request,200,OK,Author Query 5-8,text,true,,263,155,10,70,http://localhost:8080/search?q=beauty&author=Oscar%20Wilde,57,0,0
1782351921448,61,HTTP Request,200,OK,Author Query 5-6,text,true,,263,155,10,70,http://localhost:8080/search?q=beauty&author=Oscar%20Wilde,61,0,0
1782351921448,61,HTTP Request,200,OK,Author Query 5-5,text,true,,263,155,10,70,http://localhost:8080/search?q=beauty&author=Oscar%20Wilde,61,0,0
1782351921479,38,HTTP Request,200,OK,Author Query 5-1,text,true,,263,155,10,70,http://localhost:8080/search?q=beauty&author=Oscar%20Wilde,38,0,0
1782351921450,67,HTTP Request,200,OK,Author Query 5-3,text,true,,263,155,10,70,http://localhost:8080/search?q=beauty&author=Oscar%20Wilde,67,0,0
1782351921447,70,HTTP Request,200,OK,Author Query 5-9,text,true,,263,155,10,70,http://localhost:8080/search?q=beauty&author=Oscar%20Wilde,70,0,0
1782351921471,46,HTTP Request,200,OK,Author Query 5-7,text,true,,263,155,10,70,http://localhost:8080/search?q=beauty&author=Oscar%20Wilde,46,0,0
1782351921504,55,HTTP Request,200,OK,Author Query 5-8,text,true,,263,155,10,70,http://localhost:8080/search?q=beauty&author=Oscar%20Wilde,55,0,0
1782351921517,42,HTTP Request,200,OK,Author Query 5-7,text,true,,263,155,10,70,http://localhost:8080/search?q=beauty&author=Oscar%20Wilde,42,0,0
1782351921517,43,HTTP Request,200,OK,Author Query 5-9,text,true,,263,155,10,70,http://localhost:8080/search?q=beauty&author=Oscar%20Wilde,43,0,0
1782351921498,62,HTTP Request,200,OK,Author Query 5-4,text,true,,263,155,10,70,http://localhost:8080/search?q=beauty&author=Oscar%20Wilde,62,0,0
1782351921517,44,HTTP Request,200,OK,Author Query 5-3,text,true,,263,155,10,70,http://localhost:8080/search?q=beauty&author=Oscar%20Wilde,44,0,0
1782351921509,54,HTTP Request,200,OK,Author Query 5-6,text,true,,263,155,10,70,http://localhost:8080/search?q=beauty&author=Oscar%20Wilde,54,0,0
1782351921503,60,HTTP Request,200,OK,Author Query 5-2,text,true,,263,155,10,70,http://localhost:8080/search?q=beauty&author=Oscar%20Wilde,60,0,0
1782351921509,58,HTTP Request,200,OK,Author Query 5-5,text,true,,263,155,10,70,http://localhost:8080/search?q=beauty&author=Oscar%20Wilde,58,0,0
1782351921503,68,HTTP Request,200,OK,Author Query 5-10,text,true,,263,155,10,70,http://localhost:8080/search?q=beauty&author=Oscar%20Wilde,68,0,0
1782351921517,60,HTTP Request,200,OK,Author Query 5-1,text,true,,263,155,10,70,http://localhost:8080/search?q=beauty&author=Oscar%20Wilde,60,0,0
1782351921559,58,HTTP Request,200,OK,Author Query 5-8,text,true,,263,155,10,70,http://localhost:8080/search?q=beauty&author=Oscar%20Wilde,58,0,0
1782351921560,57,HTTP Request,200,OK,Author Query 5-7,text,true,,263,155,10,70,http://localhost:8080/search?q=beauty&author=Oscar%20Wilde,57,0,0
1782351921563,54,HTTP Request,200,OK,Author Query 5-2,text,true,,263,155,10,70,http://localhost:8080/search?q=beauty&author=Oscar%20Wilde,54,0,0
1782351921560,57,HTTP Request,200,OK,Author Query 5-9,text,true,,263,155,10,70,http://localhost:8080/search?q=beauty&author=Oscar%20Wilde,57,0,0
1782351921578,44,HTTP Request,200,OK,Author Query 5-1,text,true,,263,155,10,70,http://localhost:8080/search?q=beauty&author=Oscar%20Wilde,44,0,0
1782351921560,62,HTTP Request,200,OK,Author Query 5-4,text,true,,263,155,10,70,http://localhost:8080/search?q=beauty&author=Oscar%20Wilde,62,0,0
1782351921561,61,HTTP Request,200,OK,Author Query 5-3,text,true,,263,155,10,70,http://localhost:8080/search?q=beauty&author=Oscar%20Wilde,61,0,0
1782351921571,51,HTTP Request,200,OK,Author Query 5-10,text,true,,263,155,10,70,http://localhost:8080/search?q=beauty&author=Oscar%20Wilde,51,0,0
1782351921567,56,HTTP Request,200,OK,Author Query 5-5,text,true,,263,155,10,70,http://localhost:8080/search?q=beauty&author=Oscar%20Wilde,56,0,0
1782351921563,60,HTTP Request,200,OK,Author Query 5-6,text,true,,263,155,10,70,http://localhost:8080/search?q=beauty&author=Oscar%20Wilde,60,0,0
1782351921622,42,HTTP Request,200,OK,Author Query 5-4,text,true,,263,155,10,70,http://localhost:8080/search?q=beauty&author=Oscar%20Wilde,42,0,0
1782351921617,50,HTTP Request,200,OK,Author Query 5-2,text,true,,263,155,10,70,http://localhost:8080/search?q=beauty&author=Oscar%20Wilde,50,0,0
1782351921618,50,HTTP Request,200,OK,Author Query 5-9,text,true,,263,155,10,70,http://localhost:8080/search?q=beauty&author=Oscar%20Wilde,50,0,0
1782351921617,51,HTTP Request,200,OK,Author Query 5-7,text,true,,263,155,10,70,http://localhost:8080/search?q=beauty&author=Oscar%20Wilde,51,0,0
1782351921622,48,HTTP Request,200,OK,Author Query 5-1,text,true,,263,155,10,70,http://localhost:8080/search?q=beauty&author=Oscar%20Wilde,48,0,0
1782351921617,55,HTTP Request,200,OK,Author Query 5-8,text,true,,263,155,10,70,http://localhost:8080/search?q=beauty&author=Oscar%20Wilde,55,0,0
1782351921622,57,HTTP Request,200,OK,Author Query 5-3,text,true,,263,155,10,70,http://localhost:8080/search?q=beauty&author=Oscar%20Wilde,57,0,0
1782351921622,63,HTTP Request,200,OK,Author Query 5-10,text,true,,263,155,10,70,http://localhost:8080/search?q=beauty&author=Oscar%20Wilde,63,0,0
1782351921623,62,HTTP Request,200,OK,Author Query 5-6,text,true,,263,155,10,70,http://localhost:8080/search?q=beauty&author=Oscar%20Wilde,62,0,0
1782351921664,70,HTTP Request,200,OK,Author Query 5-4,text,true,,263,155,10,70,http://localhost:8080/search?q=beauty&author=Oscar%20Wilde,70,0,0
1782351921685,50,HTTP Request,200,OK,Author Query 5-10,text,true,,263,155,10,70,http://localhost:8080/search?q=beauty&author=Oscar%20Wilde,50,0,0
1782351921668,67,HTTP Request,200,OK,Author Query 5-9,text,true,,263,155,10,70,http://localhost:8080/search?q=beauty&author=Oscar%20Wilde,67,0,0
1782351921667,68,HTTP Request,200,OK,Author Query 5-2,text,true,,263,155,10,70,http://localhost:8080/search?q=beauty&author=Oscar%20Wilde,68,0,0
1782351921668,67,HTTP Request,200,OK,Author Query 5-7,text,true,,263,155,10,70,http://localhost:8080/search?q=beauty&author=Oscar%20Wilde,67,0,0
1782351921670,67,HTTP Request,200,OK,Author Query 5-1,text,true,,263,155,10,70,http://localhost:8080/search?q=beauty&author=Oscar%20Wilde,67,0,0
1782351921623,115,HTTP Request,200,OK,Author Query 5-5,text,true,,263,155,10,70,http://localhost:8080/search?q=beauty&author=Oscar%20Wilde,115,0,0
1782351921672,71,HTTP Request,200,OK,Author Query 5-8,text,true,,263,155,10,70,http://localhost:8080/search?q=beauty&author=Oscar%20Wilde,71,0,0
1782351921679,67,HTTP Request,200,OK,Author Query 5-3,text,true,,263,155,10,70,http://localhost:8080/search?q=beauty&author=Oscar%20Wilde,67,0,0
1782351921685,64,HTTP Request,200,OK,Author Query 5-6,text,true,,263,155,10,70,http://localhost:8080/search?q=beauty&author=Oscar%20Wilde,64,0,0
1782351921735,44,HTTP Request,200,OK,Author Query 5-2,text,true,,263,155,10,70,http://localhost:8080/search?q=beauty&author=Oscar%20Wilde,44,0,0
1782351921735,51,HTTP Request,200,OK,Author Query 5-9,text,true,,263,155,10,70,http://localhost:8080/search?q=beauty&author=Oscar%20Wilde,51,0,0
1782351921738,49,HTTP Request,200,OK,Author Query 5-1,text,true,,263,155,10,70,http://localhost:8080/search?q=beauty&author=Oscar%20Wilde,49,0,0
1782351921735,52,HTTP Request,200,OK,Author Query 5-7,text,true,,263,155,10,70,http://localhost:8080/search?q=beauty&author=Oscar%20Wilde,52,0,0
1782351921735,53,HTTP Request,200,OK,Author Query 5-10,text,true,,263,155,10,70,http://localhost:8080/search?q=beauty&author=Oscar%20Wilde,53,0,0
1782351921734,60,HTTP Request,200,OK,Author Query 5-4,text,true,,263,155,10,70,http://localhost:8080/search?q=beauty&author=Oscar%20Wilde,60,0,0
1782351921743,56,HTTP Request,200,OK,Author Query 5-8,text,true,,263,155,10,70,http://localhost:8080/search?q=beauty&author=Oscar%20Wilde,56,0,0
1782351921738,61,HTTP Request,200,OK,Author Query 5-5,text,true,,263,155,10,70,http://localhost:8080/search?q=beauty&author=Oscar%20Wilde,61,0,0
1782351921749,58,HTTP Request,200,OK,Author Query 5-6,text,true,,263,155,10,70,http://localhost:8080/search?q=beauty&author=Oscar%20Wilde,58,0,0
1782351921746,61,HTTP Request,200,OK,Author Query 5-3,text,true,,263,155,10,70,http://localhost:8080/search?q=beauty&author=Oscar%20Wilde,61,0,0
1782351921788,51,HTTP Request,200,OK,Author Query 5-7,text,true,,263,155,10,70,http://localhost:8080/search?q=beauty&author=Oscar%20Wilde,51,0,0
1782351921786,53,HTTP Request,200,OK,Author Query 5-9,text,true,,263,155,10,70,http://localhost:8080/search?q=beauty&author=Oscar%20Wilde,53,0,0
1782351921788,51,HTTP Request,200,OK,Author Query 5-10,text,true,,263,155,10,70,http://localhost:8080/search?q=beauty&author=Oscar%20Wilde,51,0,0
1782351921794,45,HTTP Request,200,OK,Author Query 5-4,text,true,,263,155,10,70,http://localhost:8080/search?q=beauty&author=Oscar%20Wilde,45,0,0
1782351921787,52,HTTP Request,200,OK,Author Query 5-1,text,true,,263,155,10,70,http://localhost:8080/search?q=beauty&author=Oscar%20Wilde,52,0,0
1782351921779,63,HTTP Request,200,OK,Author Query 5-2,text,true,,263,155,10,70,http://localhost:8080/search?q=beauty&author=Oscar%20Wilde,63,0,0
1782351921799,48,HTTP Request,200,OK,Author Query 5-5,text,true,,263,155,10,70,http://localhost:8080/search?q=beauty&author=Oscar%20Wilde,48,0,0
1782351921808,41,HTTP Request,200,OK,Author Query 5-6,text,true,,263,155,10,70,http://localhost:8080/search?q=beauty&author=Oscar%20Wilde,41,0,0
1782351921808,41,HTTP Request,200,OK,Author Query 5-3,text,true,,263,155,10,70,http://localhost:8080/search?q=beauty&author=Oscar%20Wilde,41,0,0
1782351921799,54,HTTP Request,200,OK,Author Query 5-8,text,true,,263,155,10,70,http://localhost:8080/search?q=beauty&author=Oscar%20Wilde,54,0,0
1782351921839,35,HTTP Request,200,OK,Author Query 5-7,text,true,,263,155,10,70,http://localhost:8080/search?q=beauty&author=Oscar%20Wilde,35,0,0
1782351921839,35,HTTP Request,200,OK,Author Query 5-10,text,true,,263,155,10,70,http://localhost:8080/search?q=beauty&author=Oscar%20Wilde,35,0,0
1782351921839,41,HTTP Request,200,OK,Author Query 5-4,text,true,,263,155,10,70,http://localhost:8080/search?q=beauty&author=Oscar%20Wilde,41,0,0
1782351921839,41,HTTP Request,200,OK,Author Query 5-1,text,true,,263,155,10,70,http://localhost:8080/search?q=beauty&author=Oscar%20Wilde,41,0,0
1782351921839,44,HTTP Request,200,OK,Author Query 5-9,text,true,,263,155,10,70,http://localhost:8080/search?q=beauty&author=Oscar%20Wilde,44,0,0
1782351921849,51,HTTP Request,200,OK,Author Query 5-6,text,true,,263,155,10,70,http://localhost:8080/search?q=beauty&author=Oscar%20Wilde,51,0,0
1782351921842,63,HTTP Request,200,OK,Author Query 5-2,text,true,,263,155,10,70,http://localhost:8080/search?q=beauty&author=Oscar%20Wilde,63,0,0
1782351921854,52,HTTP Request,200,OK,Author Query 5-8,text,true,,263,155,10,70,http://localhost:8080/search?q=beauty&author=Oscar%20Wilde,52,0,0
1782351921849,62,HTTP Request,200,OK,Author Query 5-3,text,true,,263,155,10,70,http://localhost:8080/search?q=beauty&author=Oscar%20Wilde,62,0,0
1782351921847,68,HTTP Request,200,OK,Author Query 5-5,text,true,,263,155,10,70,http://localhost:8080/search?q=beauty&author=Oscar%20Wilde,68,0,0
1782351921874,41,HTTP Request,200,OK,Author Query 5-10,text,true,,263,155,10,70,http://localhost:8080/search?q=beauty&author=Oscar%20Wilde,41,0,0
1782351921884,31,HTTP Request,200,OK,Author Query 5-9,text,true,,263,155,10,70,http://localhost:8080/search?q=beauty&author=Oscar%20Wilde,31,0,0
1782351921880,58,HTTP Request,200,OK,Author Query 5-4,text,true,,263,155,10,70,http://localhost:8080/search?q=beauty&author=Oscar%20Wilde,58,0,0
1782351921900,43,HTTP Request,200,OK,Author Query 5-6,text,true,,263,155,10,70,http://localhost:8080/search?q=beauty&author=Oscar%20Wilde,43,0,0
1782351921880,66,HTTP Request,200,OK,Author Query 5-1,text,true,,263,155,10,70,http://localhost:8080/search?q=beauty&author=Oscar%20Wilde,66,0,0
1782351921874,74,HTTP Request,200,OK,Author Query 5-7,text,true,,263,155,10,70,http://localhost:8080/search?q=beauty&author=Oscar%20Wilde,74,0,0
1782351921906,71,HTTP Request,200,OK,Author Query 5-8,text,true,,263,155,10,70,http://localhost:8080/search?q=beauty&author=Oscar%20Wilde,71,0,0
1782351921915,67,HTTP Request,200,OK,Author Query 5-5,text,true,,263,155,10,70,http://localhost:8080/search?q=beauty&author=Oscar%20Wilde,67,0,0
1782351921905,77,HTTP Request,200,OK,Author Query 5-2,text,true,,263,155,10,70,http://localhost:8080/search?q=beauty&author=Oscar%20Wilde,77,0,0
1782351921915,67,HTTP Request,200,OK,Author Query 5-9,text,true,,263,155,10,70,http://localhost:8080/search?q=beauty&author=Oscar%20Wilde,67,0,0
1782351921915,68,HTTP Request,200,OK,Author Query 5-10,text,true,,263,155,10,70,http://localhost:8080/search?q=beauty&author=Oscar%20Wilde,68,0,0
1782351921911,72,HTTP Request,200,OK,Author Query 5-3,text,true,,263,155,10,70,http://localhost:8080/search?q=beauty&author=Oscar%20Wilde,72,0,0
1782351921943,69,HTTP Request,200,OK,Author Query 5-6,text,true,,263,155,10,70,http://localhost:8080/search?q=beauty&author=Oscar%20Wilde,69,0,0
1782351921946,66,HTTP Request,200,OK,Author Query 5-1,text,true,,263,155,10,70,http://localhost:8080/search?q=beauty&author=Oscar%20Wilde,66,0,0
1782351921948,64,HTTP Request,200,OK,Author Query 5-7,text,true,,263,155,10,70,http://localhost:8080/search?q=beauty&author=Oscar%20Wilde,64,0,0
1782351921938,77,HTTP Request,200,OK,Author Query 5-4,text,true,,263,155,10,70,http://localhost:8080/search?q=beauty&author=Oscar%20Wilde,77,0,0
1782351921983,49,HTTP Request,200,OK,Author Query 5-5,text,true,,263,155,10,70,http://localhost:8080/search?q=beauty&author=Oscar%20Wilde,49,0,0
1782351921983,49,HTTP Request,200,OK,Author Query 5-10,text,true,,263,155,10,70,http://localhost:8080/search?q=beauty&author=Oscar%20Wilde,49,0,0
1782351921977,55,HTTP Request,200,OK,Author Query 5-8,text,true,,263,155,10,70,http://localhost:8080/search?q=beauty&author=Oscar%20Wilde,55,0,0
1782351921983,52,HTTP Request,200,OK,Author Query 5-3,text,true,,263,155,10,70,http://localhost:8080/search?q=beauty&author=Oscar%20Wilde,52,0,0
1782351921983,52,HTTP Request,200,OK,Author Query 5-2,text,true,,263,155,10,70,http://localhost:8080/search?q=beauty&author=Oscar%20Wilde,52,0,0
1782351922012,37,HTTP Request,200,OK,Author Query 5-7,text,true,,263,155,10,70,http://localhost:8080/search?q=beauty&author=Oscar%20Wilde,37,0,0
1782351921983,71,HTTP Request,200,OK,Author Query 5-9,text,true,,263,155,10,70,http://localhost:8080/search?q=beauty&author=Oscar%20Wilde,71,0,0
1782351922015,40,HTTP Request,200,OK,Author Query 5-4,text,true,,263,155,10,70,http://localhost:8080/search?q=beauty&author=Oscar%20Wilde,40,0,0
1782351922012,43,HTTP Request,200,OK,Author Query 5-1,text,true,,263,155,10,70,http://localhost:8080/search?q=beauty&author=Oscar%20Wilde,43,0,0
1782351922012,45,HTTP Request,200,OK,Author Query 5-6,text,true,,263,155,10,70,http://localhost:8080/search?q=beauty&author=Oscar%20Wilde,45,0,0
1782351922035,44,HTTP Request,200,OK,Author Query 5-2,text,true,,263,155,10,70,http://localhost:8080/search?q=beauty&author=Oscar%20Wilde,44,0,0
1782351922033,46,HTTP Request,200,OK,Author Query 5-10,text,true,,263,155,10,70,http://localhost:8080/search?q=beauty&author=Oscar%20Wilde,46,0,0
1782351922035,46,HTTP Request,200,OK,Author Query 5-3,text,true,,263,155,10,70,http://localhost:8080/search?q=beauty&author=Oscar%20Wilde,46,0,0
1782351922032,49,HTTP Request,200,OK,Author Query 5-5,text,true,,263,155,10,70,http://localhost:8080/search?q=beauty&author=Oscar%20Wilde,49,0,0
1782351922033,48,HTTP Request,200,OK,Author Query 5-8,text,true,,263,155,10,70,http://localhost:8080/search?q=beauty&author=Oscar%20Wilde,48,0,0
1782351922055,33,HTTP Request,200,OK,Author Query 5-9,text,true,,263,155,10,70,http://localhost:8080/search?q=beauty&author=Oscar%20Wilde,33,0,0
1782351922058,32,HTTP Request,200,OK,Author Query 5-6,text,true,,263,155,10,70,http://localhost:8080/search?q=beauty&author=Oscar%20Wilde,32,0,0
1782351922055,35,HTTP Request,200,OK,Author Query 5-4,text,true,,263,155,10,70,http://localhost:8080/search?q=beauty&author=Oscar%20Wilde,35,0,0
1782351922056,36,HTTP Request,200,OK,Author Query 5-1,text,true,,263,155,10,70,http://localhost:8080/search?q=beauty&author=Oscar%20Wilde,36,0,0
1782351922049,47,HTTP Request,200,OK,Author Query 5-7,text,true,,263,155,10,70,http://localhost:8080/search?q=beauty&author=Oscar%20Wilde,47,0,0
1782351922079,41,HTTP Request,200,OK,Author Query 5-2,text,true,,263,155,10,70,http://localhost:8080/search?q=beauty&author=Oscar%20Wilde,41,0,0
1782351922082,49,HTTP Request,200,OK,Author Query 5-8,text,true,,263,155,10,70,http://localhost:8080/search?q=beauty&author=Oscar%20Wilde,49,0,0
1782351922079,60,HTTP Request,200,OK,Author Query 5-10,text,true,,263,155,10,70,http://localhost:8080/search?q=beauty&author=Oscar%20Wilde,60,0,0
1782351922081,58,HTTP Request,200,OK,Author Query 5-5,text,true,,263,155,10,70,http://localhost:8080/search?q=beauty&author=Oscar%20Wilde,58,0,0
1782351922081,58,HTTP Request,200,OK,Author Query 5-3,text,true,,263,155,10,70,http://localhost:8080/search?q=beauty&author=Oscar%20Wilde,58,0,0
1782351922096,60,HTTP Request,200,OK,Author Query 5-7,text,true,,263,155,10,70,http://localhost:8080/search?q=beauty&author=Oscar%20Wilde,60,0,0
1782351922090,66,HTTP Request,200,OK,Author Query 5-4,text,true,,263,155,10,70,http://localhost:8080/search?q=beauty&author=Oscar%20Wilde,66,0,0
1782351922088,68,HTTP Request,200,OK,Author Query 5-9,text,true,,263,155,10,70,http://localhost:8080/search?q=beauty&author=Oscar%20Wilde,68,0,0
1782351922090,66,HTTP Request,200,OK,Author Query 5-6,text,true,,263,155,10,70,http://localhost:8080/search?q=beauty&author=Oscar%20Wilde,66,0,0
1782351922092,65,HTTP Request,200,OK,Author Query 5-1,text,true,,263,155,10,70,http://localhost:8080/search?q=beauty&author=Oscar%20Wilde,65,0,0
1782351922121,37,HTTP Request,200,OK,Author Query 5-2,text,true,,263,155,10,70,http://localhost:8080/search?q=beauty&author=Oscar%20Wilde,37,0,0
1782351922131,44,HTTP Request,200,OK,Author Query 5-8,text,true,,263,155,10,70,http://localhost:8080/search?q=beauty&author=Oscar%20Wilde,44,0,0
1782351922140,35,HTTP Request,200,OK,Author Query 5-3,text,true,,263,155,10,70,http://localhost:8080/search?q=beauty&author=Oscar%20Wilde,35,0,0
1782351922139,45,HTTP Request,200,OK,Author Query 5-5,text,true,,263,155,10,70,http://localhost:8080/search?q=beauty&author=Oscar%20Wilde,45,0,0
1782351922156,29,HTTP Request,200,OK,Author Query 5-9,text,true,,263,155,10,70,http://localhost:8080/search?q=beauty&author=Oscar%20Wilde,29,0,0
1782351922156,36,HTTP Request,200,OK,Author Query 5-7,text,true,,263,155,10,70,http://localhost:8080/search?q=beauty&author=Oscar%20Wilde,36,0,0
1782351922157,36,HTTP Request,200,OK,Author Query 5-1,text,true,,263,155,10,70,http://localhost:8080/search?q=beauty&author=Oscar%20Wilde,36,0,0
1782351922156,59,HTTP Request,200,OK,Author Query 5-4,text,true,,263,155,10,70,http://localhost:8080/search?q=beauty&author=Oscar%20Wilde,59,0,0
1782351922139,76,HTTP Request,200,OK,Author Query 5-10,text,true,,263,155,10,70,http://localhost:8080/search?q=beauty&author=Oscar%20Wilde,76,0,0
1782351922156,60,HTTP Request,200,OK,Author Query 5-6,text,true,,263,155,10,70,http://localhost:8080/search?q=beauty&author=Oscar%20Wilde,60,0,0
1782351922158,65,HTTP Request,200,OK,Author Query 5-2,text,true,,263,155,10,70,http://localhost:8080/search?q=beauty&author=Oscar%20Wilde,65,0,0
1782351922175,64,HTTP Request,200,OK,Author Query 5-8,text,true,,263,155,10,70,http://localhost:8080/search?q=beauty&author=Oscar%20Wilde,64,0,0
1782351922175,64,HTTP Request,200,OK,Author Query 5-3,text,true,,263,155,10,70,http://localhost:8080/search?q=beauty&author=Oscar%20Wilde,64,0,0
1782351922192,61,HTTP Request,200,OK,Author Query 5-7,text,true,,263,155,10,70,http://localhost:8080/search?q=beauty&author=Oscar%20Wilde,61,0,0
1782351922184,72,HTTP Request,200,OK,Author Query 5-5,text,true,,263,155,10,70,http://localhost:8080/search?q=beauty&author=Oscar%20Wilde,72,0,0
1782351922185,71,HTTP Request,200,OK,Author Query 5-9,text,true,,263,155,10,70,http://localhost:8080/search?q=beauty&author=Oscar%20Wilde,71,0,0
1782351922193,77,HTTP Request,200,OK,Author Query 5-1,text,true,,263,155,10,70,http://localhost:8080/search?q=beauty&author=Oscar%20Wilde,77,0,0
1782351922215,74,HTTP Request,200,OK,Author Query 5-10,text,true,,263,155,10,70,http://localhost:8080/search?q=beauty&author=Oscar%20Wilde,74,0,0
1782351922239,50,HTTP Request,200,OK,Author Query 5-3,text,true,,263,155,10,70,http://localhost:8080/search?q=beauty&author=Oscar%20Wilde,50,0,0
1782351922215,75,HTTP Request,200,OK,Author Query 5-4,text,true,,263,155,10,70,http://localhost:8080/search?q=beauty&author=Oscar%20Wilde,75,0,0
1782351922253,40,HTTP Request,200,OK,Author Query 5-7,text,true,,263,155,10,70,http://localhost:8080/search?q=beauty&author=Oscar%20Wilde,40,0,0
1782351922239,55,HTTP Request,200,OK,Author Query 5-8,text,true,,263,155,10,70,http://localhost:8080/search?q=beauty&author=Oscar%20Wilde,55,0,0
1782351922257,37,HTTP Request,200,OK,Author Query 5-9,text,true,,263,155,10,70,http://localhost:8080/search?q=beauty&author=Oscar%20Wilde,37,0,0
1782351922224,77,HTTP Request,200,OK,Author Query 5-2,text,true,,263,155,10,70,http://localhost:8080/search?q=beauty&author=Oscar%20Wilde,77,0,0
1782351922217,84,HTTP Request,200,OK,Author Query 5-6,text,true,,263,155,10,70,http://localhost:8080/search?q=beauty&author=Oscar%20Wilde,84,0,0
1782351922256,50,HTTP Request,200,OK,Author Query 5-5,text,true,,263,155,10,70,http://localhost:8080/search?q=beauty&author=Oscar%20Wilde,50,0,0
1782351922271,55,HTTP Request,200,OK,Author Query 5-1,text,true,,263,155,10,70,http://localhost:8080/search?q=beauty&author=Oscar%20Wilde,55,0,0
1782351922289,53,HTTP Request,200,OK,Author Query 5-10,text,true,,263,155,10,70,http://localhost:8080/search?q=beauty&author=Oscar%20Wilde,53,0,0
1782351922290,52,HTTP Request,200,OK,Author Query 5-3,text,true,,263,155,10,70,http://localhost:8080/search?q=beauty&author=Oscar%20Wilde,52,0,0
1782351922290,52,HTTP Request,200,OK,Author Query 5-4,text,true,,263,155,10,70,http://localhost:8080/search?q=beauty&author=Oscar%20Wilde,52,0,0
1782351922294,64,HTTP Request,200,OK,Author Query 5-9,text,true,,263,155,10,70,http://localhost:8080/search?q=beauty&author=Oscar%20Wilde,64,0,0
1782351922294,64,HTTP Request,200,OK,Author Query 5-8,text,true,,263,155,10,70,http://localhost:8080/search?q=beauty&author=Oscar%20Wilde,64,0,0
1782351922301,57,HTTP Request,200,OK,Author Query 5-2,text,true,,263,155,10,70,http://localhost:8080/search?q=beauty&author=Oscar%20Wilde,57,0,0
1782351922301,57,HTTP Request,200,OK,Author Query 5-6,text,true,,263,155,10,70,http://localhost:8080/search?q=beauty&author=Oscar%20Wilde,57,0,0
1782351922306,53,HTTP Request,200,OK,Author Query 5-5,text,true,,263,155,10,70,http://localhost:8080/search?q=beauty&author=Oscar%20Wilde,53,0,0
1782351922294,78,HTTP Request,200,OK,Author Query 5-7,text,true,,263,155,10,70,http://localhost:8080/search?q=beauty&author=Oscar%20Wilde,78,0,0
1782351922326,80,HTTP Request,200,OK,Author Query 5-1,text,true,,263,155,10,70,http://localhost:8080/search?q=beauty&author=Oscar%20Wilde,80,0,0
1782351922342,66,HTTP Request,200,OK,Author Query 5-3,text,true,,263,155,10,70,http://localhost:8080/search?q=beauty&author=Oscar%20Wilde,66,0,0
1782351922342,66,HTTP Request,200,OK,Author Query 5-4,text,true,,263,155,10,70,http://localhost:8080/search?q=beauty&author=Oscar%20Wilde,66,0,0
1782351922342,66,HTTP Request,200,OK,Author Query 5-10,text,true,,263,155,10,70,http://localhost:8080/search?q=beauty&author=Oscar%20Wilde,66,0,0
1782351922358,58,HTTP Request,200,OK,Author Query 5-8,text,true,,263,155,10,70,http://localhost:8080/search?q=beauty&author=Oscar%20Wilde,58,0,0
1782351922358,60,HTTP Request,200,OK,Author Query 5-9,text,true,,263,155,10,70,http://localhost:8080/search?q=beauty&author=Oscar%20Wilde,60,0,0
1782351922358,61,HTTP Request,200,OK,Author Query 5-6,text,true,,263,155,10,70,http://localhost:8080/search?q=beauty&author=Oscar%20Wilde,61,0,0
1782351922373,50,HTTP Request,200,OK,Author Query 5-7,text,true,,263,155,10,70,http://localhost:8080/search?q=beauty&author=Oscar%20Wilde,50,0,0
1782351922358,66,HTTP Request,200,OK,Author Query 5-2,text,true,,263,155,10,70,http://localhost:8080/search?q=beauty&author=Oscar%20Wilde,66,0,0
1782351922362,70,HTTP Request,200,OK,Author Query 5-5,text,true,,263,155,10,70,http://localhost:8080/search?q=beauty&author=Oscar%20Wilde,70,0,0
1782351922406,47,HTTP Request,200,OK,Author Query 5-1,text,true,,263,155,10,70,http://localhost:8080/search?q=beauty&author=Oscar%20Wilde,47,0,0
1782351922408,45,HTTP Request,200,OK,Author Query 5-10,text,true,,263,155,10,70,http://localhost:8080/search?q=beauty&author=Oscar%20Wilde,45,0,0
1782351922424,48,HTTP Request,200,OK,Author Query 5-2,text,true,,263,155,10,70,http://localhost:8080/search?q=beauty&author=Oscar%20Wilde,48,0,0
1782351922419,53,HTTP Request,200,OK,Author Query 5-6,text,true,,263,155,10,70,http://localhost:8080/search?q=beauty&author=Oscar%20Wilde,53,0,0
1782351922416,56,HTTP Request,200,OK,Author Query 5-8,text,true,,263,155,10,70,http://localhost:8080/search?q=beauty&author=Oscar%20Wilde,56,0,0
1782351922408,65,HTTP Request,200,OK,Author Query 5-3,text,true,,263,155,10,70,http://localhost:8080/search?q=beauty&author=Oscar%20Wilde,65,0,0
1782351922408,66,HTTP Request,200,OK,Author Query 5-4,text,true,,263,155,10,70,http://localhost:8080/search?q=beauty&author=Oscar%20Wilde,66,0,0
1782351922418,56,HTTP Request,200,OK,Author Query 5-9,text,true,,263,155,10,70,http://localhost:8080/search?q=beauty&author=Oscar%20Wilde,56,0,0
1782351922423,51,HTTP Request,200,OK,Author Query 5-7,text,true,,263,155,10,70,http://localhost:8080/search?q=beauty&author=Oscar%20Wilde,51,0,0
1782351922432,43,HTTP Request,200,OK,Author Query 5-5,text,true,,263,155,10,70,http://localhost:8080/search?q=beauty&author=Oscar%20Wilde,43,0,0
1782351922453,53,HTTP Request,200,OK,Author Query 5-10,text,true,,263,155,10,70,http://localhost:8080/search?q=beauty&author=Oscar%20Wilde,53,0,0
1782351922453,70,HTTP Request,200,OK,Author Query 5-1,text,true,,263,155,10,70,http://localhost:8080/search?q=beauty&author=Oscar%20Wilde,70,0,0
1782351922475,53,HTTP Request,200,OK,Author Query 5-7,text,true,,263,155,10,70,http://localhost:8080/search?q=beauty&author=Oscar%20Wilde,53,0,0
1782351922473,60,HTTP Request,200,OK,Author Query 5-8,text,true,,263,155,10,70,http://localhost:8080/search?q=beauty&author=Oscar%20Wilde,60,0,0
1782351922472,61,HTTP Request,200,OK,Author Query 5-2,text,true,,263,155,10,70,http://localhost:8080/search?q=beauty&author=Oscar%20Wilde,61,0,0
1782351922473,61,HTTP Request,200,OK,Author Query 5-3,text,true,,263,155,10,70,http://localhost:8080/search?q=beauty&author=Oscar%20Wilde,61,0,0
1782351922474,60,HTTP Request,200,OK,Author Query 5-4,text,true,,263,155,10,70,http://localhost:8080/search?q=beauty&author=Oscar%20Wilde,60,0,0
1782351922473,61,HTTP Request,200,OK,Author Query 5-6,text,true,,263,155,10,70,http://localhost:8080/search?q=beauty&author=Oscar%20Wilde,61,0,0
1782351922523,29,HTTP Request,200,OK,Author Query 5-1,text,true,,263,155,10,70,http://localhost:8080/search?q=beauty&author=Oscar%20Wilde,29,0,0
1782351922529,25,HTTP Request,200,OK,Author Query 5-7,text,true,,263,155,10,70,http://localhost:8080/search?q=beauty&author=Oscar%20Wilde,25,0,0
1782351922474,80,HTTP Request,200,OK,Author Query 5-9,text,true,,263,155,10,70,http://localhost:8080/search?q=beauty&author=Oscar%20Wilde,80,0,0
1782351922475,79,HTTP Request,200,OK,Author Query 5-5,text,true,,263,155,10,70,http://localhost:8080/search?q=beauty&author=Oscar%20Wilde,79,0,0
1782351922506,57,HTTP Request,200,OK,Author Query 5-10,text,true,,263,155,10,70,http://localhost:8080/search?q=beauty&author=Oscar%20Wilde,57,0,0
1782351922534,36,HTTP Request,200,OK,Author Query 5-6,text,true,,263,155,10,70,http://localhost:8080/search?q=beauty&author=Oscar%20Wilde,36,0,0
1782351922534,39,HTTP Request,200,OK,Author Query 5-4,text,true,,263,155,10,70,http://localhost:8080/search?q=beauty&author=Oscar%20Wilde,39,0,0
1782351922534,40,HTTP Request,200,OK,Author Query 5-2,text,true,,263,155,10,70,http://localhost:8080/search?q=beauty&author=Oscar%20Wilde,40,0,0
1782351922534,43,HTTP Request,200,OK,Author Query 5-3,text,true,,263,155,10,70,http://localhost:8080/search?q=beauty&author=Oscar%20Wilde,43,0,0
1782351922533,49,HTTP Request,200,OK,Author Query 5-8,text,true,,263,155,10,70,http://localhost:8080/search?q=beauty&author=Oscar%20Wilde,49,0,0
1782351922555,51,HTTP Request,200,OK,Author Query 5-5,text,true,,263,155,10,70,http://localhost:8080/search?q=beauty&author=Oscar%20Wilde,51,0,0
1782351922554,67,HTTP Request,200,OK,Author Query 5-9,text,true,,263,155,10,70,http://localhost:8080/search?q=beauty&author=Oscar%20Wilde,67,0,0
1782351922554,70,HTTP Request,200,OK,Author Query 5-7,text,true,,263,155,10,70,http://localhost:8080/search?q=beauty&author=Oscar%20Wilde,70,0,0
1782351922570,58,HTTP Request,200,OK,Author Query 5-6,text,true,,263,155,10,70,http://localhost:8080/search?q=beauty&author=Oscar%20Wilde,58,0,0
1782351922563,65,HTTP Request,200,OK,Author Query 5-10,text,true,,263,155,10,70,http://localhost:8080/search?q=beauty&author=Oscar%20Wilde,65,0,0
1782351922552,77,HTTP Request,200,OK,Author Query 5-1,text,true,,263,155,10,70,http://localhost:8080/search?q=beauty&author=Oscar%20Wilde,77,0,0
1782351922573,56,HTTP Request,200,OK,Author Query 5-4,text,true,,263,155,10,70,http://localhost:8080/search?q=beauty&author=Oscar%20Wilde,56,0,0
1782351922574,57,HTTP Request,200,OK,Author Query 5-2,text,true,,263,155,10,70,http://localhost:8080/search?q=beauty&author=Oscar%20Wilde,57,0,0
1782351922577,69,HTTP Request,200,OK,Author Query 5-3,text,true,,263,155,10,70,http://localhost:8080/search?q=beauty&author=Oscar%20Wilde,69,0,0
1782351922607,58,HTTP Request,200,OK,Author Query 5-5,text,true,,263,155,10,70,http://localhost:8080/search?q=beauty&author=Oscar%20Wilde,58,0,0
1782351922583,86,HTTP Request,200,OK,Author Query 5-8,text,true,,263,155,10,70,http://localhost:8080/search?q=beauty&author=Oscar%20Wilde,86,0,0
1782351922624,51,HTTP Request,200,OK,Author Query 5-7,text,true,,263,155,10,70,http://localhost:8080/search?q=beauty&author=Oscar%20Wilde,51,0,0
1782351922622,54,HTTP Request,200,OK,Author Query 5-9,text,true,,263,155,10,70,http://localhost:8080/search?q=beauty&author=Oscar%20Wilde,54,0,0
1782351922629,48,HTTP Request,200,OK,Author Query 5-1,text,true,,263,155,10,70,http://localhost:8080/search?q=beauty&author=Oscar%20Wilde,48,0,0
1782351922628,54,HTTP Request,200,OK,Author Query 5-6,text,true,,263,155,10,70,http://localhost:8080/search?q=beauty&author=Oscar%20Wilde,54,0,0
1782351922631,63,HTTP Request,200,OK,Author Query 5-2,text,true,,263,155,10,70,http://localhost:8080/search?q=beauty&author=Oscar%20Wilde,63,0,0
1782351922629,67,HTTP Request,200,OK,Author Query 5-4,text,true,,263,155,10,70,http://localhost:8080/search?q=beauty&author=Oscar%20Wilde,67,0,0
1782351922628,68,HTTP Request,200,OK,Author Query 5-10,text,true,,263,155,10,70,http://localhost:8080/search?q=beauty&author=Oscar%20Wilde,68,0,0
1782351922647,50,HTTP Request,200,OK,Author Query 5-3,text,true,,263,155,10,70,http://localhost:8080/search?q=beauty&author=Oscar%20Wilde,50,0,0
1782351922665,45,HTTP Request,200,OK,Author Query 5-5,text,true,,263,155,10,70,http://localhost:8080/search?q=beauty&author=Oscar%20Wilde,45,0,0
1782351922676,37,HTTP Request,200,OK,Author Query 5-9,text,true,,263,155,10,70,http://localhost:8080/search?q=beauty&author=Oscar%20Wilde,37,0,0
1782351922675,49,HTTP Request,200,OK,Author Query 5-7,text,true,,263,155,10,70,http://localhost:8080/search?q=beauty&author=Oscar%20Wilde,49,0,0
1782351922670,54,HTTP Request,200,OK,Author Query 5-8,text,true,,263,155,10,70,http://localhost:8080/search?q=beauty&author=Oscar%20Wilde,54,0,0
1782351922694,38,HTTP Request,200,OK,Author Query 5-2,text,true,,263,155,10,70,http://localhost:8080/search?q=beauty&author=Oscar%20Wilde,38,0,0
1782351922697,35,HTTP Request,200,OK,Author Query 5-3,text,true,,263,155,10,70,http://localhost:8080/search?q=beauty&author=Oscar%20Wilde,35,0,0
1782351922696,37,HTTP Request,200,OK,Author Query 5-10,text,true,,263,155,10,70,http://localhost:8080/search?q=beauty&author=Oscar%20Wilde,37,0,0
1782351922696,38,HTTP Request,200,OK,Author Query 5-4,text,true,,263,155,10,70,http://localhost:8080/search?q=beauty&author=Oscar%20Wilde,38,0,0
1782351922682,54,HTTP Request,200,OK,Author Query 5-6,text,true,,263,155,10,70,http://localhost:8080/search?q=beauty&author=Oscar%20Wilde,54,0,0
1782351922677,60,HTTP Request,200,OK,Author Query 5-1,text,true,,263,155,10,70,http://localhost:8080/search?q=beauty&author=Oscar%20Wilde,60,0,0
1782351922711,38,HTTP Request,200,OK,Author Query 5-5,text,true,,263,155,10,70,http://localhost:8080/search?q=beauty&author=Oscar%20Wilde,38,0,0
1782351922713,58,HTTP Request,200,OK,Author Query 5-9,text,true,,263,155,10,70,http://localhost:8080/search?q=beauty&author=Oscar%20Wilde,58,0,0
1782351922724,48,HTTP Request,200,OK,Author Query 5-8,text,true,,263,155,10,70,http://localhost:8080/search?q=beauty&author=Oscar%20Wilde,48,0,0
1782351922737,36,HTTP Request,200,OK,Author Query 5-1,text,true,,263,155,10,70,http://localhost:8080/search?q=beauty&author=Oscar%20Wilde,36,0,0
1782351922734,41,HTTP Request,200,OK,Author Query 5-4,text,true,,263,155,10,70,http://localhost:8080/search?q=beauty&author=Oscar%20Wilde,41,0,0
1782351922733,44,HTTP Request,200,OK,Author Query 5-3,text,true,,263,155,10,70,http://localhost:8080/search?q=beauty&author=Oscar%20Wilde,44,0,0
1782351922733,55,HTTP Request,200,OK,Author Query 5-2,text,true,,263,155,10,70,http://localhost:8080/search?q=beauty&author=Oscar%20Wilde,55,0,0
1782351922733,55,HTTP Request,200,OK,Author Query 5-10,text,true,,263,155,10,70,http://localhost:8080/search?q=beauty&author=Oscar%20Wilde,55,0,0
1782351922736,53,HTTP Request,200,OK,Author Query 5-6,text,true,,263,155,10,70,http://localhost:8080/search?q=beauty&author=Oscar%20Wilde,53,0,0
1782351922724,71,HTTP Request,200,OK,Author Query 5-7,text,true,,263,155,10,70,http://localhost:8080/search?q=beauty&author=Oscar%20Wilde,71,0,0
1782351922749,46,HTTP Request,200,OK,Author Query 5-5,text,true,,263,155,10,70,http://localhost:8080/search?q=beauty&author=Oscar%20Wilde,46,0,0
1782351922775,40,HTTP Request,200,OK,Author Query 5-4,text,true,,263,155,10,70,http://localhost:8080/search?q=beauty&author=Oscar%20Wilde,40,0,0
1782351922772,55,HTTP Request,200,OK,Author Query 5-9,text,true,,263,155,10,70,http://localhost:8080/search?q=beauty&author=Oscar%20Wilde,55,0,0
1782351922773,57,HTTP Request,200,OK,Author Query 5-1,text,true,,263,155,10,70,http://localhost:8080/search?q=beauty&author=Oscar%20Wilde,57,0,0
1782351922772,58,HTTP Request,200,OK,Author Query 5-8,text,true,,263,155,10,70,http://localhost:8080/search?q=beauty&author=Oscar%20Wilde,58,0,0
1782351922789,51,HTTP Request,200,OK,Author Query 5-6,text,true,,263,155,10,70,http://localhost:8080/search?q=beauty&author=Oscar%20Wilde,51,0,0
1782351922795,45,HTTP Request,200,OK,Author Query 5-7,text,true,,263,155,10,70,http://localhost:8080/search?q=beauty&author=Oscar%20Wilde,45,0,0
1782351922777,64,HTTP Request,200,OK,Author Query 5-3,text,true,,263,155,10,70,http://localhost:8080/search?q=beauty&author=Oscar%20Wilde,64,0,0
1782351922788,53,HTTP Request,200,OK,Author Query 5-2,text,true,,263,155,10,70,http://localhost:8080/search?q=beauty&author=Oscar%20Wilde,53,0,0
1782351922788,53,HTTP Request,200,OK,Author Query 5-10,text,true,,263,155,10,70,http://localhost:8080/search?q=beauty&author=Oscar%20Wilde,53,0,0
1782351922795,54,HTTP Request,200,OK,Author Query 5-5,text,true,,263,155,10,70,http://localhost:8080/search?q=beauty&author=Oscar%20Wilde,54,0,0
1782351922830,31,HTTP Request,200,OK,Author Query 5-8,text,true,,263,155,10,70,http://localhost:8080/search?q=beauty&author=Oscar%20Wilde,31,0,0
1782351922830,33,HTTP Request,200,OK,Author Query 5-1,text,true,,263,155,10,70,http://localhost:8080/search?q=beauty&author=Oscar%20Wilde,33,0,0
1782351922815,55,HTTP Request,200,OK,Author Query 5-4,text,true,,263,155,10,70,http://localhost:8080/search?q=beauty&author=Oscar%20Wilde,55,0,0
1782351922841,29,HTTP Request,200,OK,Author Query 5-2,text,true,,263,155,10,70,http://localhost:8080/search?q=beauty&author=Oscar%20Wilde,29,0,0
1782351922827,43,HTTP Request,200,OK,Author Query 5-9,text,true,,263,155,10,70,http://localhost:8080/search?q=beauty&author=Oscar%20Wilde,43,0,0
1782351922840,34,HTTP Request,200,OK,Author Query 5-7,text,true,,263,155,10,70,http://localhost:8080/search?q=beauty&author=Oscar%20Wilde,34,0,0
1782351922841,39,HTTP Request,200,OK,Author Query 5-10,text,true,,263,155,10,70,http://localhost:8080/search?q=beauty&author=Oscar%20Wilde,39,0,0
1782351922840,41,HTTP Request,200,OK,Author Query 5-6,text,true,,263,155,10,70,http://localhost:8080/search?q=beauty&author=Oscar%20Wilde,41,0,0
1782351922849,41,HTTP Request,200,OK,Author Query 5-5,text,true,,263,155,10,70,http://localhost:8080/search?q=beauty&author=Oscar%20Wilde,41,0,0
1782351922861,34,HTTP Request,200,OK,Author Query 5-8,text,true,,263,155,10,70,http://localhost:8080/search?q=beauty&author=Oscar%20Wilde,34,0,0
1782351922841,57,HTTP Request,200,OK,Author Query 5-3,text,true,,263,155,10,70,http://localhost:8080/search?q=beauty&author=Oscar%20Wilde,57,0,0
1782351922863,36,HTTP Request,200,OK,Author Query 5-1,text,true,,263,155,10,70,http://localhost:8080/search?q=beauty&author=Oscar%20Wilde,36,0,0
1782351922870,49,HTTP Request,200,OK,Author Query 5-4,text,true,,263,155,10,70,http://localhost:8080/search?q=beauty&author=Oscar%20Wilde,49,0,0
1782351922870,49,HTTP Request,200,OK,Author Query 5-9,text,true,,263,155,10,70,http://localhost:8080/search?q=beauty&author=Oscar%20Wilde,49,0,0
1782351922870,50,HTTP Request,200,OK,Author Query 5-2,text,true,,263,155,10,70,http://localhost:8080/search?q=beauty&author=Oscar%20Wilde,49,0,0
1782351922874,46,HTTP Request,200,OK,Author Query 5-7,text,true,,263,155,10,70,http://localhost:8080/search?q=beauty&author=Oscar%20Wilde,46,0,0
1782351922880,60,HTTP Request,200,OK,Author Query 5-10,text,true,,263,155,10,70,http://localhost:8080/search?q=beauty&author=Oscar%20Wilde,60,0,0
1782351922899,44,HTTP Request,200,OK,Author Query 5-1,text,true,,263,155,10,70,http://localhost:8080/search?q=beauty&author=Oscar%20Wilde,44,0,0
1782351922899,46,HTTP Request,200,OK,Author Query 5-3,text,true,,263,155,10,70,http://localhost:8080/search?q=beauty&author=Oscar%20Wilde,46,0,0
1782351922896,50,HTTP Request,200,OK,Author Query 5-8,text,true,,263,155,10,70,http://localhost:8080/search?q=beauty&author=Oscar%20Wilde,50,0,0
1782351922882,66,HTTP Request,200,OK,Author Query 5-6,text,true,,263,155,10,70,http://localhost:8080/search?q=beauty&author=Oscar%20Wilde,66,0,0
1782351922890,61,HTTP Request,200,OK,Author Query 5-5,text,true,,263,155,10,70,http://localhost:8080/search?q=beauty&author=Oscar%20Wilde,61,0,0
1782351922920,58,HTTP Request,200,OK,Author Query 5-7,text,true,,263,155,10,70,http://localhost:8080/search?q=beauty&author=Oscar%20Wilde,58,0,0
1782351922919,60,HTTP Request,200,OK,Author Query 5-9,text,true,,263,155,10,70,http://localhost:8080/search?q=beauty&author=Oscar%20Wilde,60,0,0
1782351922920,59,HTTP Request,200,OK,Author Query 5-2,text,true,,263,155,10,70,http://localhost:8080/search?q=beauty&author=Oscar%20Wilde,59,0,0
1782351922919,61,HTTP Request,200,OK,Author Query 5-4,text,true,,263,155,10,70,http://localhost:8080/search?q=beauty&author=Oscar%20Wilde,61,0,0
1782351922943,63,HTTP Request,200,OK,Author Query 5-1,text,true,,263,155,10,70,http://localhost:8080/search?q=beauty&author=Oscar%20Wilde,63,0,0
1782351922940,67,HTTP Request,200,OK,Author Query 5-10,text,true,,263,155,10,70,http://localhost:8080/search?q=beauty&author=Oscar%20Wilde,67,0,0
1782351922951,58,HTTP Request,200,OK,Author Query 5-5,text,true,,263,155,10,70,http://localhost:8080/search?q=beauty&author=Oscar%20Wilde,58,0,0
1782351922981,45,HTTP Request,200,OK,Author Query 5-4,text,true,,263,155,10,70,http://localhost:8080/search?q=beauty&author=Oscar%20Wilde,45,0,0
1782351922947,79,HTTP Request,200,OK,Author Query 5-8,text,true,,263,155,10,70,http://localhost:8080/search?q=beauty&author=Oscar%20Wilde,79,0,0
1782351922979,48,HTTP Request,200,OK,Author Query 5-7,text,true,,263,155,10,70,http://localhost:8080/search?q=beauty&author=Oscar%20Wilde,48,0,0
1782351922949,78,HTTP Request,200,OK,Author Query 5-6,text,true,,263,155,10,70,http://localhost:8080/search?q=beauty&author=Oscar%20Wilde,78,0,0
1782351922979,48,HTTP Request,200,OK,Author Query 5-9,text,true,,263,155,10,70,http://localhost:8080/search?q=beauty&author=Oscar%20Wilde,48,0,0
1782351922945,82,HTTP Request,200,OK,Author Query 5-3,text,true,,263,155,10,70,http://localhost:8080/search?q=beauty&author=Oscar%20Wilde,82,0,0
1782351922979,48,HTTP Request,200,OK,Author Query 5-2,text,true,,263,155,10,70,http://localhost:8080/search?q=beauty&author=Oscar%20Wilde,48,0,0
1782351923007,69,HTTP Request,200,OK,Author Query 5-10,text,true,,263,155,10,70,http://localhost:8080/search?q=beauty&author=Oscar%20Wilde,69,0,0
1782351923026,50,HTTP Request,200,OK,Author Query 5-4,text,true,,263,155,10,70,http://localhost:8080/search?q=beauty&author=Oscar%20Wilde,50,0,0
1782351923027,50,HTTP Request,200,OK,Author Query 5-3,text,true,,263,155,10,70,http://localhost:8080/search?q=beauty&author=Oscar%20Wilde,50,0,0
1782351923026,51,HTTP Request,200,OK,Author Query 5-8,text,true,,263,155,10,70,http://localhost:8080/search?q=beauty&author=Oscar%20Wilde,51,0,0
1782351923010,77,HTTP Request,200,OK,Author Query 5-5,text,true,,263,155,10,70,http://localhost:8080/search?q=beauty&author=Oscar%20Wilde,77,0,0
1782351923027,63,HTTP Request,200,OK,Author Query 5-6,text,true,,263,155,10,70,http://localhost:8080/search?q=beauty&author=Oscar%20Wilde,63,0,0
1782351923028,62,HTTP Request,200,OK,Author Query 5-2,text,true,,263,155,10,70,http://localhost:8080/search?q=beauty&author=Oscar%20Wilde,62,0,0
1782351923027,63,HTTP Request,200,OK,Author Query 5-9,text,true,,263,155,10,70,http://localhost:8080/search?q=beauty&author=Oscar%20Wilde,63,0,0
1782351923006,86,HTTP Request,200,OK,Author Query 5-1,text,true,,263,155,10,70,http://localhost:8080/search?q=beauty&author=Oscar%20Wilde,86,0,0
1782351923027,65,HTTP Request,200,OK,Author Query 5-7,text,true,,263,155,10,70,http://localhost:8080/search?q=beauty&author=Oscar%20Wilde,65,0,0
1782351923076,31,HTTP Request,200,OK,Author Query 5-10,text,true,,263,155,10,70,http://localhost:8080/search?q=beauty&author=Oscar%20Wilde,31,0,0
1782351923076,31,HTTP Request,200,OK,Author Query 5-4,text,true,,263,155,10,70,http://localhost:8080/search?q=beauty&author=Oscar%20Wilde,31,0,0
1782351923077,57,HTTP Request,200,OK,Author Query 5-8,text,true,,263,155,10,70,http://localhost:8080/search?q=beauty&author=Oscar%20Wilde,57,0,0
1782351923090,52,HTTP Request,200,OK,Author Query 5-6,text,true,,263,155,10,70,http://localhost:8080/search?q=beauty&author=Oscar%20Wilde,52,0,0
1782351923090,63,HTTP Request,200,OK,Author Query 5-2,text,true,,263,155,10,70,http://localhost:8080/search?q=beauty&author=Oscar%20Wilde,63,0,0
1782351923092,61,HTTP Request,200,OK,Author Query 5-7,text,true,,263,155,10,70,http://localhost:8080/search?q=beauty&author=Oscar%20Wilde,61,0,0
1782351923087,66,HTTP Request,200,OK,Author Query 5-5,text,true,,263,155,10,70,http://localhost:8080/search?q=beauty&author=Oscar%20Wilde,66,0,0
1782351923092,61,HTTP Request,200,OK,Author Query 5-1,text,true,,263,155,10,70,http://localhost:8080/search?q=beauty&author=Oscar%20Wilde,61,0,0
1782351923077,76,HTTP Request,200,OK,Author Query 5-3,text,true,,263,155,10,70,http://localhost:8080/search?q=beauty&author=Oscar%20Wilde,76,0,0
1782351923107,51,HTTP Request,200,OK,Author Query 5-4,text,true,,263,155,10,70,http://localhost:8080/search?q=beauty&author=Oscar%20Wilde,51,0,0
1782351923090,81,HTTP Request,200,OK,Author Query 5-9,text,true,,263,155,10,70,http://localhost:8080/search?q=beauty&author=Oscar%20Wilde,81,0,0
1782351923107,68,HTTP Request,200,OK,Author Query 5-10,text,true,,263,155,10,70,http://localhost:8080/search?q=beauty&author=Oscar%20Wilde,68,0,0
1782351923134,46,HTTP Request,200,OK,Author Query 5-8,text,true,,263,155,10,70,http://localhost:8080/search?q=beauty&author=Oscar%20Wilde,45,0,0
1782351923153,31,HTTP Request,200,OK,Author Query 5-5,text,true,,263,155,10,70,http://localhost:8080/search?q=beauty&author=Oscar%20Wilde,31,0,0
1782351923153,34,HTTP Request,200,OK,Author Query 5-3,text,true,,263,155,10,70,http://localhost:8080/search?q=beauty&author=Oscar%20Wilde,34,0,0
1782351923142,45,HTTP Request,200,OK,Author Query 5-6,text,true,,263,155,10,70,http://localhost:8080/search?q=beauty&author=Oscar%20Wilde,45,0,0
1782351923153,35,HTTP Request,200,OK,Author Query 5-1,text,true,,263,155,10,70,http://localhost:8080/search?q=beauty&author=Oscar%20Wilde,35,0,0
1782351923159,29,HTTP Request,200,OK,Author Query 5-4,text,true,,263,155,10,70,http://localhost:8080/search?q=beauty&author=Oscar%20Wilde,29,0,0
1782351923153,41,HTTP Request,200,OK,Author Query 5-2,text,true,,263,155,9,69,http://localhost:8080/search?q=beauty&author=Oscar%20Wilde,41,0,0
1782351923153,47,HTTP Request,200,OK,Author Query 5-7,text,true,,263,155,9,69,http://localhost:8080/search?q=beauty&author=Oscar%20Wilde,47,0,0
1782351923175,46,HTTP Request,200,OK,Author Query 5-10,text,true,,263,155,9,69,http://localhost:8080/search?q=beauty&author=Oscar%20Wilde,46,0,0
1782351923171,50,HTTP Request,200,OK,Author Query 5-9,text,true,,263,155,9,69,http://localhost:8080/search?q=beauty&author=Oscar%20Wilde,50,0,0
1782351923201,38,HTTP Request,200,OK,Author Query 5-7,text,true,,263,155,9,69,http://localhost:8080/search?q=beauty&author=Oscar%20Wilde,38,0,0
1782351923184,60,HTTP Request,200,OK,Author Query 5-5,text,true,,263,155,9,69,http://localhost:8080/search?q=beauty&author=Oscar%20Wilde,60,0,0
1782351923194,52,HTTP Request,200,OK,Author Query 5-2,text,true,,263,155,9,69,http://localhost:8080/search?q=beauty&author=Oscar%20Wilde,52,0,0
1782351923180,66,HTTP Request,200,OK,Author Query 5-8,text,true,,263,155,9,69,http://localhost:8080/search?q=beauty&author=Oscar%20Wilde,66,0,0
1782351923187,59,HTTP Request,200,OK,Author Query 5-6,text,true,,263,155,9,69,http://localhost:8080/search?q=beauty&author=Oscar%20Wilde,59,0,0
1782351923187,59,HTTP Request,200,OK,Author Query 5-3,text,true,,263,155,9,69,http://localhost:8080/search?q=beauty&author=Oscar%20Wilde,59,0,0
1782351923188,59,HTTP Request,200,OK,Author Query 5-4,text,true,,263,155,9,69,http://localhost:8080/search?q=beauty&author=Oscar%20Wilde,59,0,0
1782351923221,40,HTTP Request,200,OK,Author Query 5-9,text,true,,263,155,9,69,http://localhost:8080/search?q=beauty&author=Oscar%20Wilde,40,0,0
1782351923221,55,HTTP Request,200,OK,Author Query 5-10,text,true,,263,155,9,69,http://localhost:8080/search?q=beauty&author=Oscar%20Wilde,55,0,0
1782351923240,37,HTTP Request,200,OK,Author Query 5-7,text,true,,263,155,9,69,http://localhost:8080/search?q=beauty&author=Oscar%20Wilde,37,0,0
1782351923246,43,HTTP Request,200,OK,Author Query 5-6,text,true,,263,155,9,69,http://localhost:8080/search?q=beauty&author=Oscar%20Wilde,43,0,0
1782351923246,43,HTTP Request,200,OK,Author Query 5-2,text,true,,263,155,9,69,http://localhost:8080/search?q=beauty&author=Oscar%20Wilde,43,0,0
1782351923247,42,HTTP Request,200,OK,Author Query 5-4,text,true,,263,155,9,69,http://localhost:8080/search?q=beauty&author=Oscar%20Wilde,42,0,0
1782351923246,43,HTTP Request,200,OK,Author Query 5-3,text,true,,263,155,9,69,http://localhost:8080/search?q=beauty&author=Oscar%20Wilde,43,0,0
1782351923244,45,HTTP Request,200,OK,Author Query 5-5,text,true,,263,155,9,69,http://localhost:8080/search?q=beauty&author=Oscar%20Wilde,45,0,0
1782351923246,50,HTTP Request,200,OK,Author Query 5-8,text,true,,263,155,9,69,http://localhost:8080/search?q=beauty&author=Oscar%20Wilde,50,0,0
1782351923261,37,HTTP Request,200,OK,Author Query 5-9,text,true,,263,155,9,69,http://localhost:8080/search?q=beauty&author=Oscar%20Wilde,37,0,0
1782351923277,41,HTTP Request,200,OK,Author Query 5-10,text,true,,263,155,9,69,http://localhost:8080/search?q=beauty&author=Oscar%20Wilde,41,0,0
1782351923277,42,HTTP Request,200,OK,Author Query 5-7,text,true,,263,155,9,69,http://localhost:8080/search?q=beauty&author=Oscar%20Wilde,42,0,0
1782351923289,35,HTTP Request,200,OK,Author Query 5-2,text,true,,263,155,9,69,http://localhost:8080/search?q=beauty&author=Oscar%20Wilde,35,0,0
1782351923289,35,HTTP Request,200,OK,Author Query 5-3,text,true,,263,155,9,69,http://localhost:8080/search?q=beauty&author=Oscar%20Wilde,35,0,0
1782351923297,35,HTTP Request,200,OK,Author Query 5-8,text,true,,263,155,9,69,http://localhost:8080/search?q=beauty&author=Oscar%20Wilde,35,0,0
1782351923289,43,HTTP Request,200,OK,Author Query 5-6,text,true,,263,155,9,69,http://localhost:8080/search?q=beauty&author=Oscar%20Wilde,43,0,0
1782351923289,48,HTTP Request,200,OK,Author Query 5-5,text,true,,263,155,9,69,http://localhost:8080/search?q=beauty&author=Oscar%20Wilde,48,0,0
1782351923298,44,HTTP Request,200,OK,Author Query 5-9,text,true,,263,155,9,69,http://localhost:8080/search?q=beauty&author=Oscar%20Wilde,44,0,0
1782351923289,53,HTTP Request,200,OK,Author Query 5-4,text,true,,263,155,9,69,http://localhost:8080/search?q=beauty&author=Oscar%20Wilde,53,0,0
1782351923318,43,HTTP Request,200,OK,Author Query 5-10,text,true,,263,155,9,69,http://localhost:8080/search?q=beauty&author=Oscar%20Wilde,43,0,0
1782351923324,43,HTTP Request,200,OK,Author Query 5-3,text,true,,263,155,9,69,http://localhost:8080/search?q=beauty&author=Oscar%20Wilde,43,0,0
1782351923332,38,HTTP Request,200,OK,Author Query 5-6,text,true,,263,155,9,69,http://localhost:8080/search?q=beauty&author=Oscar%20Wilde,38,0,0
1782351923319,54,HTTP Request,200,OK,Author Query 5-7,text,true,,263,155,9,69,http://localhost:8080/search?q=beauty&author=Oscar%20Wilde,54,0,0
1782351923332,41,HTTP Request,200,OK,Author Query 5-8,text,true,,263,155,9,69,http://localhost:8080/search?q=beauty&author=Oscar%20Wilde,41,0,0
1782351923337,36,HTTP Request,200,OK,Author Query 5-5,text,true,,263,155,9,69,http://localhost:8080/search?q=beauty&author=Oscar%20Wilde,36,0,0
1782351923342,35,HTTP Request,200,OK,Author Query 5-9,text,true,,263,155,9,69,http://localhost:8080/search?q=beauty&author=Oscar%20Wilde,35,0,0
1782351923342,36,HTTP Request,200,OK,Author Query 5-4,text,true,,263,155,9,69,http://localhost:8080/search?q=beauty&author=Oscar%20Wilde,36,0,0
1782351923324,54,HTTP Request,200,OK,Author Query 5-2,text,true,,263,155,9,69,http://localhost:8080/search?q=beauty&author=Oscar%20Wilde,54,0,0
1782351923362,60,HTTP Request,200,OK,Author Query 5-10,text,true,,263,155,9,69,http://localhost:8080/search?q=beauty&author=Oscar%20Wilde,60,0,0
1782351923373,63,HTTP Request,200,OK,Author Query 5-7,text,true,,263,155,9,69,http://localhost:8080/search?q=beauty&author=Oscar%20Wilde,63,0,0
1782351923370,66,HTTP Request,200,OK,Author Query 5-6,text,true,,263,155,9,69,http://localhost:8080/search?q=beauty&author=Oscar%20Wilde,66,0,0
1782351923367,69,HTTP Request,200,OK,Author Query 5-3,text,true,,263,155,9,69,http://localhost:8080/search?q=beauty&author=Oscar%20Wilde,69,0,0
1782351923373,66,HTTP Request,200,OK,Author Query 5-5,text,true,,263,155,9,69,http://localhost:8080/search?q=beauty&author=Oscar%20Wilde,66,0,0
1782351923377,69,HTTP Request,200,OK,Author Query 5-9,text,true,,263,155,9,69,http://localhost:8080/search?q=beauty&author=Oscar%20Wilde,69,0,0
1782351923373,75,HTTP Request,200,OK,Author Query 5-8,text,true,,263,155,9,69,http://localhost:8080/search?q=beauty&author=Oscar%20Wilde,75,0,0
1782351923378,83,HTTP Request,200,OK,Author Query 5-2,text,true,,263,155,9,69,http://localhost:8080/search?q=beauty&author=Oscar%20Wilde,83,0,0
1782351923378,84,HTTP Request,200,OK,Author Query 5-4,text,true,,263,155,9,69,http://localhost:8080/search?q=beauty&author=Oscar%20Wilde,84,0,0
1782351923423,73,HTTP Request,200,OK,Author Query 5-10,text,true,,263,155,9,69,http://localhost:8080/search?q=beauty&author=Oscar%20Wilde,73,0,0
1782351923436,78,HTTP Request,200,OK,Author Query 5-7,text,true,,263,155,9,69,http://localhost:8080/search?q=beauty&author=Oscar%20Wilde,78,0,0
1782351923436,81,HTTP Request,200,OK,Author Query 5-6,text,true,,263,155,9,69,http://localhost:8080/search?q=beauty&author=Oscar%20Wilde,81,0,0
1782351923436,82,HTTP Request,200,OK,Author Query 5-3,text,true,,263,155,9,69,http://localhost:8080/search?q=beauty&author=Oscar%20Wilde,82,0,0
1782351923448,70,HTTP Request,200,OK,Author Query 5-8,text,true,,263,155,9,69,http://localhost:8080/search?q=beauty&author=Oscar%20Wilde,70,0,0
1782351923447,79,HTTP Request,200,OK,Author Query 5-9,text,true,,263,155,9,69,http://localhost:8080/search?q=beauty&author=Oscar%20Wilde,79,0,0
1782351923462,76,HTTP Request,200,OK,Author Query 5-2,text,true,,263,155,9,69,http://localhost:8080/search?q=beauty&author=Oscar%20Wilde,76,0,0
1782351923462,76,HTTP Request,200,OK,Author Query 5-4,text,true,,263,155,9,69,http://localhost:8080/search?q=beauty&author=Oscar%20Wilde,76,0,0
1782351923439,104,HTTP Request,200,OK,Author Query 5-5,text,true,,263,155,9,69,http://localhost:8080/search?q=beauty&author=Oscar%20Wilde,104,0,0
1782351923526,43,HTTP Request,200,OK,Author Query 5-9,text,true,,263,155,9,69,http://localhost:8080/search?q=beauty&author=Oscar%20Wilde,43,0,0
1782351923517,52,HTTP Request,200,OK,Author Query 5-6,text,true,,263,155,9,69,http://localhost:8080/search?q=beauty&author=Oscar%20Wilde,52,0,0
1782351923518,52,HTTP Request,200,OK,Author Query 5-3,text,true,,263,155,9,69,http://localhost:8080/search?q=beauty&author=Oscar%20Wilde,52,0,0
1782351923497,73,HTTP Request,200,OK,Author Query 5-10,text,true,,263,155,9,69,http://localhost:8080/search?q=beauty&author=Oscar%20Wilde,73,0,0
1782351923518,58,HTTP Request,200,OK,Author Query 5-8,text,true,,263,155,9,69,http://localhost:8080/search?q=beauty&author=Oscar%20Wilde,58,0,0
1782351923538,62,HTTP Request,200,OK,Author Query 5-4,text,true,,263,155,9,69,http://localhost:8080/search?q=beauty&author=Oscar%20Wilde,62,0,0
1782351923538,66,HTTP Request,200,OK,Author Query 5-2,text,true,,263,155,9,69,http://localhost:8080/search?q=beauty&author=Oscar%20Wilde,65,0,0
1782351923515,90,HTTP Request,200,OK,Author Query 5-7,text,true,,263,155,9,69,http://localhost:8080/search?q=beauty&author=Oscar%20Wilde,90,0,0
1782351923543,62,HTTP Request,200,OK,Author Query 5-5,text,true,,263,155,9,69,http://localhost:8080/search?q=beauty&author=Oscar%20Wilde,62,0,0
1782351923570,73,HTTP Request,200,OK,Author Query 5-3,text,true,,263,155,9,69,http://localhost:8080/search?q=beauty&author=Oscar%20Wilde,73,0,0
1782351923570,73,HTTP Request,200,OK,Author Query 5-10,text,true,,263,155,9,69,http://localhost:8080/search?q=beauty&author=Oscar%20Wilde,73,0,0
1782351923576,76,HTTP Request,200,OK,Author Query 5-8,text,true,,263,155,9,69,http://localhost:8080/search?q=beauty&author=Oscar%20Wilde,76,0,0
1782351923569,83,HTTP Request,200,OK,Author Query 5-9,text,true,,263,155,9,69,http://localhost:8080/search?q=beauty&author=Oscar%20Wilde,83,0,0
1782351923569,83,HTTP Request,200,OK,Author Query 5-6,text,true,,263,155,9,69,http://localhost:8080/search?q=beauty&author=Oscar%20Wilde,83,0,0
1782351923601,89,HTTP Request,200,OK,Author Query 5-4,text,true,,263,155,9,69,http://localhost:8080/search?q=beauty&author=Oscar%20Wilde,89,0,0
1782351923605,130,HTTP Request,200,OK,Author Query 5-7,text,true,,263,155,9,69,http://localhost:8080/search?q=beauty&author=Oscar%20Wilde,130,0,0
1782351923643,107,HTTP Request,200,OK,Author Query 5-10,text,true,,263,155,9,69,http://localhost:8080/search?q=beauty&author=Oscar%20Wilde,107,0,0
1782351923605,145,HTTP Request,200,OK,Author Query 5-5,text,true,,263,155,9,69,http://localhost:8080/search?q=beauty&author=Oscar%20Wilde,145,0,0
1782351923604,146,HTTP Request,200,OK,Author Query 5-2,text,true,,263,155,9,69,http://localhost:8080/search?q=beauty&author=Oscar%20Wilde,146,0,0
1782351923690,64,HTTP Request,200,OK,Author Query 5-4,text,true,,263,155,9,69,http://localhost:8080/search?q=beauty&author=Oscar%20Wilde,64,0,0
1782351923652,102,HTTP Request,200,OK,Author Query 5-9,text,true,,263,155,9,69,http://localhost:8080/search?q=beauty&author=Oscar%20Wilde,102,0,0
1782351923643,111,HTTP Request,200,OK,Author Query 5-3,text,true,,263,155,9,69,http://localhost:8080/search?q=beauty&author=Oscar%20Wilde,111,0,0
1782351923652,102,HTTP Request,200,OK,Author Query 5-6,text,true,,263,155,9,69,http://localhost:8080/search?q=beauty&author=Oscar%20Wilde,102,0,0
1782351923652,106,HTTP Request,200,OK,Author Query 5-8,text,true,,263,155,9,69,http://localhost:8080/search?q=beauty&author=Oscar%20Wilde,106,0,0
1782351923735,77,HTTP Request,200,OK,Author Query 5-7,text,true,,263,155,9,69,http://localhost:8080/search?q=beauty&author=Oscar%20Wilde,77,0,0
1782351923750,87,HTTP Request,200,OK,Author Query 5-2,text,true,,263,155,9,69,http://localhost:8080/search?q=beauty&author=Oscar%20Wilde,87,0,0
1782351923754,106,HTTP Request,200,OK,Author Query 5-3,text,true,,263,155,9,69,http://localhost:8080/search?q=beauty&author=Oscar%20Wilde,106,0,0
1782351923758,102,HTTP Request,200,OK,Author Query 5-8,text,true,,263,155,9,69,http://localhost:8080/search?q=beauty&author=Oscar%20Wilde,102,0,0
1782351923750,126,HTTP Request,200,OK,Author Query 5-5,text,true,,263,155,9,69,http://localhost:8080/search?q=beauty&author=Oscar%20Wilde,126,0,0
1782351923754,123,HTTP Request,200,OK,Author Query 5-9,text,true,,263,155,9,69,http://localhost:8080/search?q=beauty&author=Oscar%20Wilde,123,0,0
1782351923754,123,HTTP Request,200,OK,Author Query 5-4,text,true,,263,155,9,69,http://localhost:8080/search?q=beauty&author=Oscar%20Wilde,123,0,0
1782351923752,125,HTTP Request,200,OK,Author Query 5-10,text,true,,263,155,9,69,http://localhost:8080/search?q=beauty&author=Oscar%20Wilde,125,0,0
1782351923754,124,HTTP Request,200,OK,Author Query 5-6,text,true,,263,155,9,69,http://localhost:8080/search?q=beauty&author=Oscar%20Wilde,124,0,0
1782351923812,92,HTTP Request,200,OK,Author Query 5-7,text,true,,263,155,9,69,http://localhost:8080/search?q=beauty&author=Oscar%20Wilde,92,0,0
1782351923861,43,HTTP Request,200,OK,Author Query 5-8,text,true,,263,155,9,69,http://localhost:8080/search?q=beauty&author=Oscar%20Wilde,43,0,0
1782351923861,59,HTTP Request,200,OK,Author Query 5-3,text,true,,263,155,9,69,http://localhost:8080/search?q=beauty&author=Oscar%20Wilde,59,0,0
1782351923837,83,HTTP Request,200,OK,Author Query 5-2,text,true,,263,155,9,69,http://localhost:8080/search?q=beauty&author=Oscar%20Wilde,83,0,0
1782351923877,75,HTTP Request,200,OK,Author Query 5-4,text,true,,263,155,9,69,http://localhost:8080/search?q=beauty&author=Oscar%20Wilde,75,0,0
1782351923877,75,HTTP Request,200,OK,Author Query 5-9,text,true,,263,155,9,69,http://localhost:8080/search?q=beauty&author=Oscar%20Wilde,75,0,0
1782351923876,77,HTTP Request,200,OK,Author Query 5-5,text,true,,263,155,9,69,http://localhost:8080/search?q=beauty&author=Oscar%20Wilde,77,0,0
1782351923878,78,HTTP Request,200,OK,Author Query 5-10,text,true,,263,155,9,69,http://localhost:8080/search?q=beauty&author=Oscar%20Wilde,78,0,0
1782351923878,79,HTTP Request,200,OK,Author Query 5-6,text,true,,263,155,9,69,http://localhost:8080/search?q=beauty&author=Oscar%20Wilde,79,0,0
1782351923904,64,HTTP Request,200,OK,Author Query 5-8,text,true,,263,155,9,69,http://localhost:8080/search?q=beauty&author=Oscar%20Wilde,64,0,0
1782351923904,117,HTTP Request,200,OK,Author Query 5-7,text,true,,263,155,9,69,http://localhost:8080/search?q=beauty&author=Oscar%20Wilde,117,0,0
1782351923921,100,HTTP Request,200,OK,Author Query 5-2,text,true,,263,155,9,69,http://localhost:8080/search?q=beauty&author=Oscar%20Wilde,100,0,0
1782351923920,101,HTTP Request,200,OK,Author Query 5-3,text,true,,263,155,9,69,http://localhost:8080/search?q=beauty&author=Oscar%20Wilde,101,0,0
1782351923957,103,HTTP Request,200,OK,Author Query 5-6,text,true,,263,155,9,69,http://localhost:8080/search?q=beauty&author=Oscar%20Wilde,103,0,0
1782351923956,104,HTTP Request,200,OK,Author Query 5-10,text,true,,263,155,9,69,http://localhost:8080/search?q=beauty&author=Oscar%20Wilde,104,0,0
1782351923952,108,HTTP Request,200,OK,Author Query 5-4,text,true,,263,155,9,69,http://localhost:8080/search?q=beauty&author=Oscar%20Wilde,108,0,0
1782351923952,119,HTTP Request,200,OK,Author Query 5-9,text,true,,263,155,9,69,http://localhost:8080/search?q=beauty&author=Oscar%20Wilde,119,0,0
1782351923969,115,HTTP Request,200,OK,Author Query 5-8,text,true,,263,155,9,69,http://localhost:8080/search?q=beauty&author=Oscar%20Wilde,115,0,0
1782351924021,63,HTTP Request,200,OK,Author Query 5-2,text,true,,263,155,9,69,http://localhost:8080/search?q=beauty&author=Oscar%20Wilde,63,0,0
1782351924021,63,HTTP Request,200,OK,Author Query 5-3,text,true,,263,155,9,69,http://localhost:8080/search?q=beauty&author=Oscar%20Wilde,63,0,0
1782351923953,131,HTTP Request,200,OK,Author Query 5-5,text,true,,263,155,9,69,http://localhost:8080/search?q=beauty&author=Oscar%20Wilde,131,0,0
1782351924021,64,HTTP Request,200,OK,Author Query 5-7,text,true,,263,155,9,69,http://localhost:8080/search?q=beauty&author=Oscar%20Wilde,64,0,0
1782351924072,77,HTTP Request,200,OK,Author Query 5-9,text,true,,263,155,9,69,http://localhost:8080/search?q=beauty&author=Oscar%20Wilde,77,0,0
1782351924060,89,HTTP Request,200,OK,Author Query 5-4,text,true,,263,155,9,69,http://localhost:8080/search?q=beauty&author=Oscar%20Wilde,89,0,0
1782351924084,67,HTTP Request,200,OK,Author Query 5-3,text,true,,263,155,9,69,http://localhost:8080/search?q=beauty&author=Oscar%20Wilde,67,0,0
1782351924060,92,HTTP Request,200,OK,Author Query 5-6,text,true,,263,155,9,69,http://localhost:8080/search?q=beauty&author=Oscar%20Wilde,92,0,0
1782351924060,93,HTTP Request,200,OK,Author Query 5-10,text,true,,263,155,9,69,http://localhost:8080/search?q=beauty&author=Oscar%20Wilde,93,0,0
1782351924085,71,HTTP Request,200,OK,Author Query 5-5,text,true,,263,155,9,69,http://localhost:8080/search?q=beauty&author=Oscar%20Wilde,71,0,0
1782351924084,74,HTTP Request,200,OK,Author Query 5-8,text,true,,263,155,9,69,http://localhost:8080/search?q=beauty&author=Oscar%20Wilde,74,0,0
1782351924084,74,HTTP Request,200,OK,Author Query 5-2,text,true,,263,155,9,69,http://localhost:8080/search?q=beauty&author=Oscar%20Wilde,74,0,0
1782351924085,73,HTTP Request,200,OK,Author Query 5-7,text,true,,263,155,9,69,http://localhost:8080/search?q=beauty&author=Oscar%20Wilde,73,0,0
1782351924149,60,HTTP Request,200,OK,Author Query 5-4,text,true,,263,155,9,69,http://localhost:8080/search?q=beauty&author=Oscar%20Wilde,60,0,0
1782351924149,60,HTTP Request,200,OK,Author Query 5-9,text,true,,263,155,9,69,http://localhost:8080/search?q=beauty&author=Oscar%20Wilde,60,0,0
1782351924152,58,HTTP Request,200,OK,Author Query 5-3,text,true,,263,155,9,69,http://localhost:8080/search?q=beauty&author=Oscar%20Wilde,58,0,0
1782351924153,57,HTTP Request,200,OK,Author Query 5-10,text,true,,263,155,9,69,http://localhost:8080/search?q=beauty&author=Oscar%20Wilde,57,0,0
1782351924153,72,HTTP Request,200,OK,Author Query 5-6,text,true,,263,155,9,69,http://localhost:8080/search?q=beauty&author=Oscar%20Wilde,72,0,0
1782351924156,86,HTTP Request,200,OK,Author Query 5-5,text,true,,263,155,9,69,http://localhost:8080/search?q=beauty&author=Oscar%20Wilde,86,0,0
1782351924158,107,HTTP Request,200,OK,Author Query 5-7,text,true,,263,155,9,69,http://localhost:8080/search?q=beauty&author=Oscar%20Wilde,107,0,0
1782351924158,109,HTTP Request,200,OK,Author Query 5-8,text,true,,263,155,9,69,http://localhost:8080/search?q=beauty&author=Oscar%20Wilde,109,0,0
1782351924158,116,HTTP Request,200,OK,Author Query 5-2,text,true,,263,155,9,69,http://localhost:8080/search?q=beauty&author=Oscar%20Wilde,116,0,0
1782351924210,70,HTTP Request,200,OK,Author Query 5-3,text,true,,263,155,9,69,http://localhost:8080/search?q=beauty&author=Oscar%20Wilde,70,0,0
1782351924210,70,HTTP Request,200,OK,Author Query 5-9,text,true,,263,155,9,69,http://localhost:8080/search?q=beauty&author=Oscar%20Wilde,70,0,0
1782351924210,71,HTTP Request,200,OK,Author Query 5-10,text,true,,263,155,9,69,http://localhost:8080/search?q=beauty&author=Oscar%20Wilde,71,0,0
1782351924210,71,HTTP Request,200,OK,Author Query 5-4,text,true,,263,155,9,69,http://localhost:8080/search?q=beauty&author=Oscar%20Wilde,71,0,0
1782351924225,86,HTTP Request,200,OK,Author Query 5-6,text,true,,263,155,9,69,http://localhost:8080/search?q=beauty&author=Oscar%20Wilde,86,0,0
1782351924242,102,HTTP Request,200,OK,Author Query 5-5,text,true,,263,155,9,69,http://localhost:8080/search?q=beauty&author=Oscar%20Wilde,102,0,0
1782351924274,85,HTTP Request,200,OK,Author Query 5-2,text,true,,263,155,9,69,http://localhost:8080/search?q=beauty&author=Oscar%20Wilde,85,0,0
1782351924280,81,HTTP Request,200,OK,Author Query 5-3,text,true,,263,155,9,69,http://localhost:8080/search?q=beauty&author=Oscar%20Wilde,81,0,0
1782351924281,80,HTTP Request,200,OK,Author Query 5-10,text,true,,263,155,9,69,http://localhost:8080/search?q=beauty&author=Oscar%20Wilde,80,0,0
1782351924265,96,HTTP Request,200,OK,Author Query 5-7,text,true,,263,155,9,69,http://localhost:8080/search?q=beauty&author=Oscar%20Wilde,96,0,0
1782351924280,81,HTTP Request,200,OK,Author Query 5-9,text,true,,263,155,9,69,http://localhost:8080/search?q=beauty&author=Oscar%20Wilde,81,0,0
1782351924267,94,HTTP Request,200,OK,Author Query 5-8,text,true,,263,155,9,69,http://localhost:8080/search?q=beauty&author=Oscar%20Wilde,94,0,0
1782351924281,80,HTTP Request,200,OK,Author Query 5-4,text,true,,263,155,9,69,http://localhost:8080/search?q=beauty&author=Oscar%20Wilde,80,0,0
1782351924313,63,HTTP Request,200,OK,Author Query 5-6,text,true,,263,155,9,69,http://localhost:8080/search?q=beauty&author=Oscar%20Wilde,63,0,0
1782351924344,34,HTTP Request,200,OK,Author Query 5-5,text,true,,263,155,9,69,http://localhost:8080/search?q=beauty&author=Oscar%20Wilde,34,0,0
1782351924359,38,HTTP Request,200,OK,Author Query 5-2,text,true,,263,155,9,69,http://localhost:8080/search?q=beauty&author=Oscar%20Wilde,38,0,0
1782351924361,56,HTTP Request,200,OK,Author Query 5-4,text,true,,263,155,9,69,http://localhost:8080/search?q=beauty&author=Oscar%20Wilde,56,0,0
1782351924361,58,HTTP Request,200,OK,Author Query 5-10,text,true,,263,155,9,69,http://localhost:8080/search?q=beauty&author=Oscar%20Wilde,58,0,0
1782351924361,59,HTTP Request,200,OK,Author Query 5-3,text,true,,263,155,9,69,http://localhost:8080/search?q=beauty&author=Oscar%20Wilde,59,0,0
1782351924361,61,HTTP Request,200,OK,Author Query 5-9,text,true,,263,155,9,69,http://localhost:8080/search?q=beauty&author=Oscar%20Wilde,61,0,0
1782351924361,62,HTTP Request,200,OK,Author Query 5-7,text,true,,263,155,9,69,http://localhost:8080/search?q=beauty&author=Oscar%20Wilde,62,0,0
1782351924376,56,HTTP Request,200,OK,Author Query 5-6,text,true,,263,155,9,69,http://localhost:8080/search?q=beauty&author=Oscar%20Wilde,56,0,0
1782351924361,71,HTTP Request,200,OK,Author Query 5-8,text,true,,263,155,9,69,http://localhost:8080/search?q=beauty&author=Oscar%20Wilde,71,0,0
1782351924378,60,HTTP Request,200,OK,Author Query 5-5,text,true,,263,155,9,69,http://localhost:8080/search?q=beauty&author=Oscar%20Wilde,60,0,0
1782351924398,69,HTTP Request,200,OK,Author Query 5-2,text,true,,263,155,9,69,http://localhost:8080/search?q=beauty&author=Oscar%20Wilde,69,0,0
1782351924417,63,HTTP Request,200,OK,Author Query 5-4,text,true,,263,155,9,69,http://localhost:8080/search?q=beauty&author=Oscar%20Wilde,63,0,0
1782351924423,62,HTTP Request,200,OK,Author Query 5-7,text,true,,263,155,9,69,http://localhost:8080/search?q=beauty&author=Oscar%20Wilde,62,0,0
1782351924438,47,HTTP Request,200,OK,Author Query 5-5,text,true,,263,155,9,69,http://localhost:8080/search?q=beauty&author=Oscar%20Wilde,47,0,0
1782351924432,53,HTTP Request,200,OK,Author Query 5-8,text,true,,263,155,9,69,http://localhost:8080/search?q=beauty&author=Oscar%20Wilde,53,0,0
1782351924420,65,HTTP Request,200,OK,Author Query 5-10,text,true,,263,155,9,69,http://localhost:8080/search?q=beauty&author=Oscar%20Wilde,65,0,0
1782351924422,64,HTTP Request,200,OK,Author Query 5-3,text,true,,263,155,9,69,http://localhost:8080/search?q=beauty&author=Oscar%20Wilde,64,0,0
1782351924422,64,HTTP Request,200,OK,Author Query 5-9,text,true,,263,155,9,69,http://localhost:8080/search?q=beauty&author=Oscar%20Wilde,64,0,0
1782351924432,54,HTTP Request,200,OK,Author Query 5-6,text,true,,263,155,9,69,http://localhost:8080/search?q=beauty&author=Oscar%20Wilde,54,0,0
1782351924485,31,HTTP Request,200,OK,Author Query 5-10,text,true,,263,155,9,69,http://localhost:8080/search?q=beauty&author=Oscar%20Wilde,31,0,0
1782351924480,49,HTTP Request,200,OK,Author Query 5-4,text,true,,263,155,9,69,http://localhost:8080/search?q=beauty&author=Oscar%20Wilde,49,0,0
1782351924486,43,HTTP Request,200,OK,Author Query 5-3,text,true,,263,155,9,69,http://localhost:8080/search?q=beauty&author=Oscar%20Wilde,43,0,0
1782351924485,44,HTTP Request,200,OK,Author Query 5-5,text,true,,263,155,9,69,http://localhost:8080/search?q=beauty&author=Oscar%20Wilde,44,0,0
1782351924468,69,HTTP Request,200,OK,Author Query 5-2,text,true,,263,155,9,69,http://localhost:8080/search?q=beauty&author=Oscar%20Wilde,69,0,0
1782351924485,57,HTTP Request,200,OK,Author Query 5-7,text,true,,263,155,9,69,http://localhost:8080/search?q=beauty&author=Oscar%20Wilde,57,0,0
1782351924485,60,HTTP Request,200,OK,Author Query 5-8,text,true,,263,155,9,69,http://localhost:8080/search?q=beauty&author=Oscar%20Wilde,60,0,0
1782351924486,59,HTTP Request,200,OK,Author Query 5-6,text,true,,263,155,9,69,http://localhost:8080/search?q=beauty&author=Oscar%20Wilde,59,0,0
1782351924486,60,HTTP Request,200,OK,Author Query 5-9,text,true,,263,155,9,69,http://localhost:8080/search?q=beauty&author=Oscar%20Wilde,60,0,0
1782351924529,47,HTTP Request,200,OK,Author Query 5-4,text,true,,263,155,9,69,http://localhost:8080/search?q=beauty&author=Oscar%20Wilde,47,0,0
1782351924545,46,HTTP Request,200,OK,Author Query 5-6,text,true,,263,155,9,69,http://localhost:8080/search?q=beauty&author=Oscar%20Wilde,46,0,0
1782351924529,73,HTTP Request,200,OK,Author Query 5-3,text,true,,263,155,9,69,http://localhost:8080/search?q=beauty&author=Oscar%20Wilde,73,0,0
1782351924516,87,HTTP Request,200,OK,Author Query 5-10,text,true,,263,155,9,69,http://localhost:8080/search?q=beauty&author=Oscar%20Wilde,87,0,0
1782351924530,73,HTTP Request,200,OK,Author Query 5-5,text,true,,263,155,9,69,http://localhost:8080/search?q=beauty&author=Oscar%20Wilde,73,0,0
1782351924542,61,HTTP Request,200,OK,Author Query 5-7,text,true,,263,155,9,69,http://localhost:8080/search?q=beauty&author=Oscar%20Wilde,61,0,0
1782351924537,67,HTTP Request,200,OK,Author Query 5-2,text,true,,263,155,9,69,http://localhost:8080/search?q=beauty&author=Oscar%20Wilde,67,0,0
1782351924545,59,HTTP Request,200,OK,Author Query 5-8,text,true,,263,155,9,69,http://localhost:8080/search?q=beauty&author=Oscar%20Wilde,59,0,0
1782351924546,75,HTTP Request,200,OK,Author Query 5-9,text,true,,263,155,9,69,http://localhost:8080/search?q=beauty&author=Oscar%20Wilde,75,0,0
1782351924604,43,HTTP Request,200,OK,Author Query 5-8,text,true,,263,155,9,69,http://localhost:8080/search?q=beauty&author=Oscar%20Wilde,43,0,0
1782351924577,70,HTTP Request,200,OK,Author Query 5-4,text,true,,263,155,9,69,http://localhost:8080/search?q=beauty&author=Oscar%20Wilde,70,0,0
1782351924603,44,HTTP Request,200,OK,Author Query 5-5,text,true,,263,155,9,69,http://localhost:8080/search?q=beauty&author=Oscar%20Wilde,44,0,0
1782351924603,51,HTTP Request,200,OK,Author Query 5-3,text,true,,263,155,9,69,http://localhost:8080/search?q=beauty&author=Oscar%20Wilde,51,0,0
1782351924591,63,HTTP Request,200,OK,Author Query 5-6,text,true,,263,155,9,69,http://localhost:8080/search?q=beauty&author=Oscar%20Wilde,63,0,0
1782351924603,51,HTTP Request,200,OK,Author Query 5-7,text,true,,263,155,9,69,http://localhost:8080/search?q=beauty&author=Oscar%20Wilde,51,0,0
1782351924604,56,HTTP Request,200,OK,Author Query 5-2,text,true,,263,155,9,69,http://localhost:8080/search?q=beauty&author=Oscar%20Wilde,56,0,0
1782351924603,57,HTTP Request,200,OK,Author Query 5-10,text,true,,263,155,9,69,http://localhost:8080/search?q=beauty&author=Oscar%20Wilde,57,0,0
1782351924622,52,HTTP Request,200,OK,Author Query 5-9,text,true,,263,155,9,69,http://localhost:8080/search?q=beauty&author=Oscar%20Wilde,52,0,0
1782351924648,42,HTTP Request,200,OK,Author Query 5-5,text,true,,263,155,9,69,http://localhost:8080/search?q=beauty&author=Oscar%20Wilde,42,0,0
1782351924648,44,HTTP Request,200,OK,Author Query 5-4,text,true,,263,155,9,69,http://localhost:8080/search?q=beauty&author=Oscar%20Wilde,44,0,0
1782351924660,39,HTTP Request,200,OK,Author Query 5-2,text,true,,263,155,9,69,http://localhost:8080/search?q=beauty&author=Oscar%20Wilde,39,0,0
1782351924647,52,HTTP Request,200,OK,Author Query 5-8,text,true,,263,155,9,69,http://localhost:8080/search?q=beauty&author=Oscar%20Wilde,52,0,0
1782351924654,45,HTTP Request,200,OK,Author Query 5-6,text,true,,263,155,9,69,http://localhost:8080/search?q=beauty&author=Oscar%20Wilde,45,0,0
1782351924654,45,HTTP Request,200,OK,Author Query 5-3,text,true,,263,155,9,69,http://localhost:8080/search?q=beauty&author=Oscar%20Wilde,45,0,0
1782351924654,51,HTTP Request,200,OK,Author Query 5-7,text,true,,263,155,9,69,http://localhost:8080/search?q=beauty&author=Oscar%20Wilde,51,0,0
1782351924660,46,HTTP Request,200,OK,Author Query 5-10,text,true,,263,155,9,69,http://localhost:8080/search?q=beauty&author=Oscar%20Wilde,46,0,0
1782351924674,41,HTTP Request,200,OK,Author Query 5-9,text,true,,263,155,9,69,http://localhost:8080/search?q=beauty&author=Oscar%20Wilde,41,0,0
1782351924692,41,HTTP Request,200,OK,Author Query 5-4,text,true,,263,155,9,69,http://localhost:8080/search?q=beauty&author=Oscar%20Wilde,41,0,0
1782351924699,35,HTTP Request,200,OK,Author Query 5-8,text,true,,263,155,9,69,http://localhost:8080/search?q=beauty&author=Oscar%20Wilde,35,0,0
1782351924699,40,HTTP Request,200,OK,Author Query 5-2,text,true,,263,155,9,69,http://localhost:8080/search?q=beauty&author=Oscar%20Wilde,40,0,0
1782351924690,52,HTTP Request,200,OK,Author Query 5-5,text,true,,263,155,9,69,http://localhost:8080/search?q=beauty&author=Oscar%20Wilde,52,0,0
1782351924706,45,HTTP Request,200,OK,Author Query 5-10,text,true,,263,155,9,69,http://localhost:8080/search?q=beauty&author=Oscar%20Wilde,45,0,0
1782351924699,52,HTTP Request,200,OK,Author Query 5-6,text,true,,263,155,9,69,http://localhost:8080/search?q=beauty&author=Oscar%20Wilde,52,0,0
1782351924699,53,HTTP Request,200,OK,Author Query 5-3,text,true,,263,155,9,69,http://localhost:8080/search?q=beauty&author=Oscar%20Wilde,53,0,0
1782351924706,46,HTTP Request,200,OK,Author Query 5-7,text,true,,263,155,9,69,http://localhost:8080/search?q=beauty&author=Oscar%20Wilde,46,0,0
1782351924715,71,HTTP Request,200,OK,Author Query 5-9,text,true,,263,155,9,69,http://localhost:8080/search?q=beauty&author=Oscar%20Wilde,71,0,0
1782351924733,79,HTTP Request,200,OK,Author Query 5-4,text,true,,263,155,9,69,http://localhost:8080/search?q=beauty&author=Oscar%20Wilde,79,0,0
1782351924751,65,HTTP Request,200,OK,Author Query 5-10,text,true,,263,155,9,69,http://localhost:8080/search?q=beauty&author=Oscar%20Wilde,65,0,0
1782351924752,64,HTTP Request,200,OK,Author Query 5-3,text,true,,263,155,9,69,http://localhost:8080/search?q=beauty&author=Oscar%20Wilde,64,0,0
1782351924735,82,HTTP Request,200,OK,Author Query 5-8,text,true,,263,155,9,69,http://localhost:8080/search?q=beauty&author=Oscar%20Wilde,82,0,0
1782351924752,65,HTTP Request,200,OK,Author Query 5-7,text,true,,263,155,9,69,http://localhost:8080/search?q=beauty&author=Oscar%20Wilde,65,0,0
1782351924739,78,HTTP Request,200,OK,Author Query 5-2,text,true,,263,155,9,69,http://localhost:8080/search?q=beauty&author=Oscar%20Wilde,78,0,0
1782351924742,75,HTTP Request,200,OK,Author Query 5-5,text,true,,263,155,9,69,http://localhost:8080/search?q=beauty&author=Oscar%20Wilde,75,0,0
1782351924752,65,HTTP Request,200,OK,Author Query 5-6,text,true,,263,155,9,69,http://localhost:8080/search?q=beauty&author=Oscar%20Wilde,65,0,0
1782351924788,53,HTTP Request,200,OK,Author Query 5-9,text,true,,263,155,9,69,http://localhost:8080/search?q=beauty&author=Oscar%20Wilde,53,0,0
1782351924817,64,HTTP Request,200,OK,Author Query 5-7,text,true,,263,155,9,69,http://localhost:8080/search?q=beauty&author=Oscar%20Wilde,64,0,0
1782351924817,65,HTTP Request,200,OK,Author Query 5-2,text,true,,263,155,9,69,http://localhost:8080/search?q=beauty&author=Oscar%20Wilde,65,0,0
1782351924817,69,HTTP Request,200,OK,Author Query 5-8,text,true,,263,155,9,69,http://localhost:8080/search?q=beauty&author=Oscar%20Wilde,69,0,0
1782351924817,72,HTTP Request,200,OK,Author Query 5-6,text,true,,263,155,9,69,http://localhost:8080/search?q=beauty&author=Oscar%20Wilde,72,0,0
1782351924817,74,HTTP Request,200,OK,Author Query 5-5,text,true,,263,155,9,69,http://localhost:8080/search?q=beauty&author=Oscar%20Wilde,74,0,0
1782351924841,54,HTTP Request,200,OK,Author Query 5-9,text,true,,263,155,9,69,http://localhost:8080/search?q=beauty&author=Oscar%20Wilde,54,0,0
1782351924817,83,HTTP Request,200,OK,Author Query 5-3,text,true,,263,155,9,69,http://localhost:8080/search?q=beauty&author=Oscar%20Wilde,83,0,0
1782351924812,90,HTTP Request,200,OK,Author Query 5-4,text,true,,263,155,9,69,http://localhost:8080/search?q=beauty&author=Oscar%20Wilde,90,0,0
1782351924816,87,HTTP Request,200,OK,Author Query 5-10,text,true,,263,155,9,69,http://localhost:8080/search?q=beauty&author=Oscar%20Wilde,87,0,0
1782351924881,45,HTTP Request,200,OK,Author Query 5-7,text,true,,263,155,9,69,http://localhost:8080/search?q=beauty&author=Oscar%20Wilde,45,0,0
1782351924882,59,HTTP Request,200,OK,Author Query 5-2,text,true,,263,155,9,69,http://localhost:8080/search?q=beauty&author=Oscar%20Wilde,59,0,0
1782351924886,57,HTTP Request,200,OK,Author Query 5-8,text,true,,263,155,9,69,http://localhost:8080/search?q=beauty&author=Oscar%20Wilde,57,0,0
1782351924891,52,HTTP Request,200,OK,Author Query 5-5,text,true,,263,155,9,69,http://localhost:8080/search?q=beauty&author=Oscar%20Wilde,52,0,0
1782351924902,51,HTTP Request,200,OK,Author Query 5-4,text,true,,263,155,9,69,http://localhost:8080/search?q=beauty&author=Oscar%20Wilde,51,0,0
1782351924903,51,HTTP Request,200,OK,Author Query 5-10,text,true,,263,155,9,69,http://localhost:8080/search?q=beauty&author=Oscar%20Wilde,51,0,0
1782351924895,59,HTTP Request,200,OK,Author Query 5-9,text,true,,263,155,9,69,http://localhost:8080/search?q=beauty&author=Oscar%20Wilde,59,0,0
1782351924889,65,HTTP Request,200,OK,Author Query 5-6,text,true,,263,155,9,69,http://localhost:8080/search?q=beauty&author=Oscar%20Wilde,65,0,0
1782351924901,54,HTTP Request,200,OK,Author Query 5-3,text,true,,263,155,9,69,http://localhost:8080/search?q=beauty&author=Oscar%20Wilde,54,0,0
1782351924955,30,HTTP Request,200,OK,Author Query 5-3,text,true,,263,155,9,69,http://localhost:8080/search?q=beauty&author=Oscar%20Wilde,30,0,0
1782351924954,32,HTTP Request,200,OK,Author Query 5-9,text,true,,263,155,9,69,http://localhost:8080/search?q=beauty&author=Oscar%20Wilde,32,0,0
1782351924941,45,HTTP Request,200,OK,Author Query 5-2,text,true,,263,155,9,69,http://localhost:8080/search?q=beauty&author=Oscar%20Wilde,45,0,0
1782351924954,35,HTTP Request,200,OK,Author Query 5-10,text,true,,263,155,9,69,http://localhost:8080/search?q=beauty&author=Oscar%20Wilde,35,0,0
1782351924954,36,HTTP Request,200,OK,Author Query 5-6,text,true,,263,155,9,69,http://localhost:8080/search?q=beauty&author=Oscar%20Wilde,36,0,0
1782351924953,38,HTTP Request,200,OK,Author Query 5-4,text,true,,263,155,9,69,http://localhost:8080/search?q=beauty&author=Oscar%20Wilde,38,0,0
1782351924944,48,HTTP Request,200,OK,Author Query 5-5,text,true,,263,155,9,69,http://localhost:8080/search?q=beauty&author=Oscar%20Wilde,48,0,0
1782351924926,67,HTTP Request,200,OK,Author Query 5-7,text,true,,263,155,9,69,http://localhost:8080/search?q=beauty&author=Oscar%20Wilde,67,0,0
1782351924943,50,HTTP Request,200,OK,Author Query 5-8,text,true,,263,155,9,69,http://localhost:8080/search?q=beauty&author=Oscar%20Wilde,50,0,0
1782351924991,36,HTTP Request,200,OK,Author Query 5-6,text,true,,263,155,9,69,http://localhost:8080/search?q=beauty&author=Oscar%20Wilde,36,0,0
1782351924986,46,HTTP Request,200,OK,Author Query 5-2,text,true,,263,155,9,69,http://localhost:8080/search?q=beauty&author=Oscar%20Wilde,46,0,0
1782351924989,44,HTTP Request,200,OK,Author Query 5-10,text,true,,263,155,9,69,http://localhost:8080/search?q=beauty&author=Oscar%20Wilde,44,0,0
1782351924991,44,HTTP Request,200,OK,Author Query 5-4,text,true,,263,155,9,69,http://localhost:8080/search?q=beauty&author=Oscar%20Wilde,44,0,0
1782351924993,42,HTTP Request,200,OK,Author Query 5-5,text,true,,263,155,9,69,http://localhost:8080/search?q=beauty&author=Oscar%20Wilde,42,0,0
1782351924986,49,HTTP Request,200,OK,Author Query 5-9,text,true,,263,155,9,69,http://localhost:8080/search?q=beauty&author=Oscar%20Wilde,49,0,0
1782351924985,55,HTTP Request,200,OK,Author Query 5-3,text,true,,263,155,9,69,http://localhost:8080/search?q=beauty&author=Oscar%20Wilde,55,0,0
1782351924993,82,HTTP Request,200,OK,Author Query 5-7,text,true,,263,155,9,69,http://localhost:8080/search?q=beauty&author=Oscar%20Wilde,82,0,0
1782351925027,48,HTTP Request,200,OK,Author Query 5-6,text,true,,263,155,9,69,http://localhost:8080/search?q=beauty&author=Oscar%20Wilde,48,0,0
1782351925034,43,HTTP Request,200,OK,Author Query 5-10,text,true,,263,155,9,69,http://localhost:8080/search?q=beauty&author=Oscar%20Wilde,43,0,0
1782351925035,42,HTTP Request,200,OK,Author Query 5-5,text,true,,263,155,9,69,http://localhost:8080/search?q=beauty&author=Oscar%20Wilde,42,0,0
1782351925032,45,HTTP Request,200,OK,Author Query 5-2,text,true,,263,155,9,69,http://localhost:8080/search?q=beauty&author=Oscar%20Wilde,45,0,0
1782351925040,38,HTTP Request,200,OK,Author Query 5-3,text,true,,263,155,9,69,http://localhost:8080/search?q=beauty&author=Oscar%20Wilde,38,0,0
1782351925036,42,HTTP Request,200,OK,Author Query 5-9,text,true,,263,155,9,69,http://localhost:8080/search?q=beauty&author=Oscar%20Wilde,42,0,0
1782351925035,44,HTTP Request,200,OK,Author Query 5-4,text,true,,263,155,9,69,http://localhost:8080/search?q=beauty&author=Oscar%20Wilde,44,0,0
1782351924994,85,HTTP Request,200,OK,Author Query 5-8,text,true,,263,155,9,69,http://localhost:8080/search?q=beauty&author=Oscar%20Wilde,85,0,0
1782351925075,40,HTTP Request,200,OK,Author Query 5-6,text,true,,263,155,9,69,http://localhost:8080/search?q=beauty&author=Oscar%20Wilde,40,0,0
1782351925077,42,HTTP Request,200,OK,Author Query 5-2,text,true,,263,155,9,69,http://localhost:8080/search?q=beauty&author=Oscar%20Wilde,42,0,0
1782351925077,46,HTTP Request,200,OK,Author Query 5-10,text,true,,263,155,9,69,http://localhost:8080/search?q=beauty&author=Oscar%20Wilde,46,0,0
1782351925079,44,HTTP Request,200,OK,Author Query 5-8,text,true,,263,155,9,69,http://localhost:8080/search?q=beauty&author=Oscar%20Wilde,44,0,0
1782351925079,44,HTTP Request,200,OK,Author Query 5-4,text,true,,263,155,9,69,http://localhost:8080/search?q=beauty&author=Oscar%20Wilde,44,0,0
1782351925078,47,HTTP Request,200,OK,Author Query 5-3,text,true,,263,155,9,69,http://localhost:8080/search?q=beauty&author=Oscar%20Wilde,47,0,0
1782351925077,48,HTTP Request,200,OK,Author Query 5-5,text,true,,263,155,9,69,http://localhost:8080/search?q=beauty&author=Oscar%20Wilde,48,0,0
1782351925075,51,HTTP Request,200,OK,Author Query 5-7,text,true,,263,155,9,69,http://localhost:8080/search?q=beauty&author=Oscar%20Wilde,51,0,0
1782351925079,51,HTTP Request,200,OK,Author Query 5-9,text,true,,263,155,9,69,http://localhost:8080/search?q=beauty&author=Oscar%20Wilde,51,0,0
1782351925115,35,HTTP Request,200,OK,Author Query 5-6,text,true,,263,155,9,69,http://localhost:8080/search?q=beauty&author=Oscar%20Wilde,35,0,0
1782351925119,31,HTTP Request,200,OK,Author Query 5-2,text,true,,263,155,9,69,http://localhost:8080/search?q=beauty&author=Oscar%20Wilde,31,0,0
1782351925123,40,HTTP Request,200,OK,Author Query 5-8,text,true,,263,155,9,69,http://localhost:8080/search?q=beauty&author=Oscar%20Wilde,40,0,0
1782351925125,39,HTTP Request,200,OK,Author Query 5-3,text,true,,263,155,9,69,http://localhost:8080/search?q=beauty&author=Oscar%20Wilde,39,0,0
1782351925125,39,HTTP Request,200,OK,Author Query 5-5,text,true,,263,155,9,69,http://localhost:8080/search?q=beauty&author=Oscar%20Wilde,39,0,0
1782351925130,34,HTTP Request,200,OK,Author Query 5-9,text,true,,263,155,9,69,http://localhost:8080/search?q=beauty&author=Oscar%20Wilde,34,0,0
1782351925123,42,HTTP Request,200,OK,Author Query 5-4,text,true,,263,155,9,69,http://localhost:8080/search?q=beauty&author=Oscar%20Wilde,42,0,0
1782351925126,39,HTTP Request,200,OK,Author Query 5-7,text,true,,263,155,9,69,http://localhost:8080/search?q=beauty&author=Oscar%20Wilde,39,0,0
1782351925123,42,HTTP Request,200,OK,Author Query 5-10,text,true,,263,155,9,69,http://localhost:8080/search?q=beauty&author=Oscar%20Wilde,42,0,0
1782351925150,38,HTTP Request,200,OK,Author Query 5-6,text,true,,263,155,9,69,http://localhost:8080/search?q=beauty&author=Oscar%20Wilde,38,0,0
1782351925150,46,HTTP Request,200,OK,Author Query 5-2,text,true,,263,155,9,69,http://localhost:8080/search?q=beauty&author=Oscar%20Wilde,46,0,0
1782351925165,52,HTTP Request,200,OK,Author Query 5-9,text,true,,263,155,9,69,http://localhost:8080/search?q=beauty&author=Oscar%20Wilde,52,0,0
1782351925165,60,HTTP Request,200,OK,Author Query 5-7,text,true,,263,155,9,69,http://localhost:8080/search?q=beauty&author=Oscar%20Wilde,60,0,0
1782351925165,63,HTTP Request,200,OK,Author Query 5-10,text,true,,263,155,9,69,http://localhost:8080/search?q=beauty&author=Oscar%20Wilde,63,0,0
1782351925165,64,HTTP Request,200,OK,Author Query 5-5,text,true,,263,155,9,69,http://localhost:8080/search?q=beauty&author=Oscar%20Wilde,64,0,0
1782351925163,76,HTTP Request,200,OK,Author Query 5-8,text,true,,263,155,9,69,http://localhost:8080/search?q=beauty&author=Oscar%20Wilde,76,0,0
1782351925164,75,HTTP Request,200,OK,Author Query 5-3,text,true,,263,155,9,69,http://localhost:8080/search?q=beauty&author=Oscar%20Wilde,75,0,0
1782351925165,75,HTTP Request,200,OK,Author Query 5-4,text,true,,263,155,9,69,http://localhost:8080/search?q=beauty&author=Oscar%20Wilde,75,0,0
1782351925197,70,HTTP Request,200,OK,Author Query 5-2,text,true,,263,155,9,69,http://localhost:8080/search?q=beauty&author=Oscar%20Wilde,70,0,0
1782351925188,79,HTTP Request,200,OK,Author Query 5-6,text,true,,263,155,9,69,http://localhost:8080/search?q=beauty&author=Oscar%20Wilde,79,0,0
1782351925217,54,HTTP Request,200,OK,Author Query 5-9,text,true,,263,155,9,69,http://localhost:8080/search?q=beauty&author=Oscar%20Wilde,54,0,0
1782351925228,44,HTTP Request,200,OK,Author Query 5-10,text,true,,263,155,9,69,http://localhost:8080/search?q=beauty&author=Oscar%20Wilde,44,0,0
1782351925239,34,HTTP Request,200,OK,Author Query 5-3,text,true,,263,155,9,69,http://localhost:8080/search?q=beauty&author=Oscar%20Wilde,34,0,0
1782351925240,34,HTTP Request,200,OK,Author Query 5-4,text,true,,263,155,9,69,http://localhost:8080/search?q=beauty&author=Oscar%20Wilde,34,0,0
1782351925225,51,HTTP Request,200,OK,Author Query 5-7,text,true,,263,155,9,69,http://localhost:8080/search?q=beauty&author=Oscar%20Wilde,51,0,0
1782351925239,39,HTTP Request,200,OK,Author Query 5-8,text,true,,263,155,9,69,http://localhost:8080/search?q=beauty&author=Oscar%20Wilde,39,0,0
1782351925229,58,HTTP Request,200,OK,Author Query 5-5,text,true,,263,155,9,69,http://localhost:8080/search?q=beauty&author=Oscar%20Wilde,58,0,0
1782351925267,50,HTTP Request,200,OK,Author Query 5-6,text,true,,263,155,9,69,http://localhost:8080/search?q=beauty&author=Oscar%20Wilde,50,0,0
1782351925273,55,HTTP Request,200,OK,Author Query 5-3,text,true,,263,155,9,69,http://localhost:8080/search?q=beauty&author=Oscar%20Wilde,55,0,0
1782351925267,62,HTTP Request,200,OK,Author Query 5-2,text,true,,263,155,9,69,http://localhost:8080/search?q=beauty&author=Oscar%20Wilde,62,0,0
1782351925272,57,HTTP Request,200,OK,Author Query 5-9,text,true,,263,155,9,69,http://localhost:8080/search?q=beauty&author=Oscar%20Wilde,57,0,0
1782351925278,68,HTTP Request,200,OK,Author Query 5-8,text,true,,263,155,9,69,http://localhost:8080/search?q=beauty&author=Oscar%20Wilde,68,0,0
1782351925276,75,HTTP Request,200,OK,Author Query 5-7,text,true,,263,155,9,69,http://localhost:8080/search?q=beauty&author=Oscar%20Wilde,75,0,0
1782351925317,35,HTTP Request,200,OK,Author Query 5-6,text,true,,263,155,9,69,http://localhost:8080/search?q=beauty&author=Oscar%20Wilde,35,0,0
1782351925274,79,HTTP Request,200,OK,Author Query 5-4,text,true,,263,155,9,69,http://localhost:8080/search?q=beauty&author=Oscar%20Wilde,79,0,0
1782351925272,81,HTTP Request,200,OK,Author Query 5-10,text,true,,263,155,9,69,http://localhost:8080/search?q=beauty&author=Oscar%20Wilde,81,0,0
1782351925287,66,HTTP Request,200,OK,Author Query 5-5,text,true,,263,155,9,69,http://localhost:8080/search?q=beauty&author=Oscar%20Wilde,66,0,0
1782351925330,30,HTTP Request,200,OK,Author Query 5-9,text,true,,263,155,9,69,http://localhost:8080/search?q=beauty&author=Oscar%20Wilde,30,0,0
1782351925330,30,HTTP Request,200,OK,Author Query 5-2,text,true,,263,155,9,69,http://localhost:8080/search?q=beauty&author=Oscar%20Wilde,30,0,0
1782351925346,33,HTTP Request,200,OK,Author Query 5-8,text,true,,263,155,9,69,http://localhost:8080/search?q=beauty&author=Oscar%20Wilde,33,0,0
1782351925329,50,HTTP Request,200,OK,Author Query 5-3,text,true,,263,155,9,69,http://localhost:8080/search?q=beauty&author=Oscar%20Wilde,50,0,0
1782351925360,35,HTTP Request,200,OK,Author Query 5-2,text,true,,263,155,9,69,http://localhost:8080/search?q=beauty&author=Oscar%20Wilde,35,0,0
1782351925351,44,HTTP Request,200,OK,Author Query 5-7,text,true,,263,155,9,69,http://localhost:8080/search?q=beauty&author=Oscar%20Wilde,44,0,0
1782351925354,41,HTTP Request,200,OK,Author Query 5-4,text,true,,263,155,9,69,http://localhost:8080/search?q=beauty&author=Oscar%20Wilde,41,0,0
1782351925354,46,HTTP Request,200,OK,Author Query 5-10,text,true,,263,155,9,69,http://localhost:8080/search?q=beauty&author=Oscar%20Wilde,46,0,0
1782351925360,43,HTTP Request,200,OK,Author Query 5-9,text,true,,263,155,9,69,http://localhost:8080/search?q=beauty&author=Oscar%20Wilde,43,0,0
1782351925352,52,HTTP Request,200,OK,Author Query 5-6,text,true,,263,155,9,69,http://localhost:8080/search?q=beauty&author=Oscar%20Wilde,52,0,0
1782351925354,60,HTTP Request,200,OK,Author Query 5-5,text,true,,263,155,9,69,http://localhost:8080/search?q=beauty&author=Oscar%20Wilde,60,0,0
1782351925379,52,HTTP Request,200,OK,Author Query 5-8,text,true,,263,155,9,69,http://localhost:8080/search?q=beauty&author=Oscar%20Wilde,52,0,0
1782351925395,46,HTTP Request,200,OK,Author Query 5-7,text,true,,263,155,9,69,http://localhost:8080/search?q=beauty&author=Oscar%20Wilde,46,0,0
1782351925379,62,HTTP Request,200,OK,Author Query 5-3,text,true,,263,155,9,69,http://localhost:8080/search?q=beauty&author=Oscar%20Wilde,62,0,0
1782351925400,41,HTTP Request,200,OK,Author Query 5-10,text,true,,263,155,9,69,http://localhost:8080/search?q=beauty&author=Oscar%20Wilde,41,0,0
1782351925403,39,HTTP Request,200,OK,Author Query 5-9,text,true,,263,155,9,69,http://localhost:8080/search?q=beauty&author=Oscar%20Wilde,39,0,0
1782351925395,47,HTTP Request,200,OK,Author Query 5-2,text,true,,263,155,9,69,http://localhost:8080/search?q=beauty&author=Oscar%20Wilde,47,0,0
1782351925395,50,HTTP Request,200,OK,Author Query 5-4,text,true,,263,155,9,69,http://localhost:8080/search?q=beauty&author=Oscar%20Wilde,50,0,0
1782351925405,43,HTTP Request,200,OK,Author Query 5-6,text,true,,263,155,9,69,http://localhost:8080/search?q=beauty&author=Oscar%20Wilde,43,0,0
1782351925414,34,HTTP Request,200,OK,Author Query 5-5,text,true,,263,155,9,69,http://localhost:8080/search?q=beauty&author=Oscar%20Wilde,34,0,0
1782351925442,34,HTTP Request,200,OK,Author Query 5-9,text,true,,263,155,9,69,http://localhost:8080/search?q=beauty&author=Oscar%20Wilde,34,0,0
1782351925431,49,HTTP Request,200,OK,Author Query 5-8,text,true,,263,155,9,69,http://localhost:8080/search?q=beauty&author=Oscar%20Wilde,49,0,0
1782351925441,44,HTTP Request,200,OK,Author Query 5-7,text,true,,263,155,9,69,http://localhost:8080/search?q=beauty&author=Oscar%20Wilde,44,0,0
1782351925441,44,HTTP Request,200,OK,Author Query 5-10,text,true,,263,155,9,69,http://localhost:8080/search?q=beauty&author=Oscar%20Wilde,44,0,0
1782351925441,45,HTTP Request,200,OK,Author Query 5-3,text,true,,263,155,9,69,http://localhost:8080/search?q=beauty&author=Oscar%20Wilde,45,0,0
1782351925446,40,HTTP Request,200,OK,Author Query 5-4,text,true,,263,155,9,69,http://localhost:8080/search?q=beauty&author=Oscar%20Wilde,40,0,0
1782351925448,42,HTTP Request,200,OK,Author Query 5-5,text,true,,263,155,9,69,http://localhost:8080/search?q=beauty&author=Oscar%20Wilde,42,0,0
1782351925442,48,HTTP Request,200,OK,Author Query 5-2,text,true,,263,155,9,69,http://localhost:8080/search?q=beauty&author=Oscar%20Wilde,48,0,0
1782351925448,42,HTTP Request,200,OK,Author Query 5-6,text,true,,263,155,9,69,http://localhost:8080/search?q=beauty&author=Oscar%20Wilde,42,0,0
1782351925480,23,HTTP Request,200,OK,Author Query 5-8,text,true,,263,155,9,69,http://localhost:8080/search?q=beauty&author=Oscar%20Wilde,23,0,0
1782351925476,28,HTTP Request,200,OK,Author Query 5-9,text,true,,263,155,9,69,http://localhost:8080/search?q=beauty&author=Oscar%20Wilde,28,0,0
1782351925485,25,HTTP Request,200,OK,Author Query 5-10,text,true,,263,155,9,69,http://localhost:8080/search?q=beauty&author=Oscar%20Wilde,25,0,0
1782351925485,25,HTTP Request,200,OK,Author Query 5-7,text,true,,263,155,9,69,http://localhost:8080/search?q=beauty&author=Oscar%20Wilde,25,0,0
1782351925486,25,HTTP Request,200,OK,Author Query 5-3,text,true,,263,155,9,69,http://localhost:8080/search?q=beauty&author=Oscar%20Wilde,25,0,0
1782351925490,25,HTTP Request,200,OK,Author Query 5-2,text,true,,263,155,9,69,http://localhost:8080/search?q=beauty&author=Oscar%20Wilde,25,0,0
1782351925490,26,HTTP Request,200,OK,Author Query 5-5,text,true,,263,155,9,69,http://localhost:8080/search?q=beauty&author=Oscar%20Wilde,26,0,0
1782351925486,30,HTTP Request,200,OK,Author Query 5-4,text,true,,263,155,9,69,http://localhost:8080/search?q=beauty&author=Oscar%20Wilde,30,0,0
1782351925490,50,HTTP Request,200,OK,Author Query 5-6,text,true,,263,155,9,69,http://localhost:8080/search?q=beauty&author=Oscar%20Wilde,50,0,0
1782351925503,49,HTTP Request,200,OK,Author Query 5-8,text,true,,263,155,9,69,http://localhost:8080/search?q=beauty&author=Oscar%20Wilde,49,0,0
1782351925510,42,HTTP Request,200,OK,Author Query 5-10,text,true,,263,155,9,69,http://localhost:8080/search?q=beauty&author=Oscar%20Wilde,42,0,0
1782351925510,42,HTTP Request,200,OK,Author Query 5-7,text,true,,263,155,9,69,http://localhost:8080/search?q=beauty&author=Oscar%20Wilde,42,0,0
1782351925511,42,HTTP Request,200,OK,Author Query 5-3,text,true,,263,155,9,69,http://localhost:8080/search?q=beauty&author=Oscar%20Wilde,42,0,0
1782351925504,52,HTTP Request,200,OK,Author Query 5-9,text,true,,263,155,9,69,http://localhost:8080/search?q=beauty&author=Oscar%20Wilde,52,0,0
1782351925515,51,HTTP Request,200,OK,Author Query 5-2,text,true,,263,155,9,69,http://localhost:8080/search?q=beauty&author=Oscar%20Wilde,51,0,0
1782351925516,51,HTTP Request,200,OK,Author Query 5-5,text,true,,263,155,9,69,http://localhost:8080/search?q=beauty&author=Oscar%20Wilde,51,0,0
1782351925517,50,HTTP Request,200,OK,Author Query 5-4,text,true,,263,155,9,69,http://localhost:8080/search?q=beauty&author=Oscar%20Wilde,50,0,0
1782351925567,40,HTTP Request,200,OK,Author Query 5-5,text,true,,263,155,9,69,http://localhost:8080/search?q=beauty&author=Oscar%20Wilde,40,0,0
1782351925552,55,HTTP Request,200,OK,Author Query 5-7,text,true,,263,155,9,69,http://localhost:8080/search?q=beauty&author=Oscar%20Wilde,55,0,0
1782351925552,55,HTTP Request,200,OK,Author Query 5-10,text,true,,263,155,9,69,http://localhost:8080/search?q=beauty&author=Oscar%20Wilde,55,0,0
1782351925567,40,HTTP Request,200,OK,Author Query 5-4,text,true,,263,155,9,69,http://localhost:8080/search?q=beauty&author=Oscar%20Wilde,40,0,0
1782351925556,52,HTTP Request,200,OK,Author Query 5-9,text,true,,263,155,9,69,http://localhost:8080/search?q=beauty&author=Oscar%20Wilde,52,0,0
1782351925552,56,HTTP Request,200,OK,Author Query 5-8,text,true,,263,155,9,69,http://localhost:8080/search?q=beauty&author=Oscar%20Wilde,56,0,0
1782351925541,81,HTTP Request,200,OK,Author Query 5-6,text,true,,263,155,9,69,http://localhost:8080/search?q=beauty&author=Oscar%20Wilde,81,0,0
1782351925567,55,HTTP Request,200,OK,Author Query 5-2,text,true,,263,155,9,69,http://localhost:8080/search?q=beauty&author=Oscar%20Wilde,55,0,0
1782351925553,82,HTTP Request,200,OK,Author Query 5-3,text,true,,263,155,9,69,http://localhost:8080/search?q=beauty&author=Oscar%20Wilde,82,0,0
1782351925608,51,HTTP Request,200,OK,Author Query 5-9,text,true,,263,155,9,69,http://localhost:8080/search?q=beauty&author=Oscar%20Wilde,51,0,0
1782351925608,51,HTTP Request,200,OK,Author Query 5-10,text,true,,263,155,9,69,http://localhost:8080/search?q=beauty&author=Oscar%20Wilde,51,0,0
1782351925607,53,HTTP Request,200,OK,Author Query 5-5,text,true,,263,155,9,69,http://localhost:8080/search?q=beauty&author=Oscar%20Wilde,53,0,0
1782351925608,52,HTTP Request,200,OK,Author Query 5-4,text,true,,263,155,9,69,http://localhost:8080/search?q=beauty&author=Oscar%20Wilde,52,0,0
1782351925608,52,HTTP Request,200,OK,Author Query 5-8,text,true,,263,155,9,69,http://localhost:8080/search?q=beauty&author=Oscar%20Wilde,52,0,0
1782351925635,37,HTTP Request,200,OK,Author Query 5-3,text,true,,263,155,9,69,http://localhost:8080/search?q=beauty&author=Oscar%20Wilde,37,0,0
1782351925607,65,HTTP Request,200,OK,Author Query 5-7,text,true,,263,155,9,69,http://localhost:8080/search?q=beauty&author=Oscar%20Wilde,65,0,0
1782351925622,51,HTTP Request,200,OK,Author Query 5-6,text,true,,263,155,9,69,http://localhost:8080/search?q=beauty&author=Oscar%20Wilde,51,0,0
1782351925622,58,HTTP Request,200,OK,Author Query 5-2,text,true,,263,155,9,69,http://localhost:8080/search?q=beauty&author=Oscar%20Wilde,58,0,0
1782351925659,31,HTTP Request,200,OK,Author Query 5-9,text,true,,263,155,9,69,http://localhost:8080/search?q=beauty&author=Oscar%20Wilde,31,0,0
1782351925660,35,HTTP Request,200,OK,Author Query 5-4,text,true,,263,155,9,69,http://localhost:8080/search?q=beauty&author=Oscar%20Wilde,35,0,0
1782351925660,38,HTTP Request,200,OK,Author Query 5-8,text,true,,263,155,9,69,http://localhost:8080/search?q=beauty&author=Oscar%20Wilde,38,0,0
1782351925660,38,HTTP Request,200,OK,Author Query 5-5,text,true,,263,155,9,69,http://localhost:8080/search?q=beauty&author=Oscar%20Wilde,38,0,0
1782351925659,39,HTTP Request,200,OK,Author Query 5-10,text,true,,263,155,9,69,http://localhost:8080/search?q=beauty&author=Oscar%20Wilde,39,0,0
1782351925672,31,HTTP Request,200,OK,Author Query 5-7,text,true,,263,155,9,69,http://localhost:8080/search?q=beauty&author=Oscar%20Wilde,31,0,0
1782351925673,35,HTTP Request,200,OK,Author Query 5-6,text,true,,263,155,9,69,http://localhost:8080/search?q=beauty&author=Oscar%20Wilde,35,0,0
1782351925672,36,HTTP Request,200,OK,Author Query 5-3,text,true,,263,155,9,69,http://localhost:8080/search?q=beauty&author=Oscar%20Wilde,36,0,0
1782351925680,44,HTTP Request,200,OK,Author Query 5-2,text,true,,263,155,9,69,http://localhost:8080/search?q=beauty&author=Oscar%20Wilde,44,0,0
1782351925708,31,HTTP Request,200,OK,Author Query 5-3,text,true,,263,155,9,69,http://localhost:8080/search?q=beauty&author=Oscar%20Wilde,31,0,0
1782351925698,42,HTTP Request,200,OK,Author Query 5-8,text,true,,263,155,9,69,http://localhost:8080/search?q=beauty&author=Oscar%20Wilde,42,0,0
1782351925704,45,HTTP Request,200,OK,Author Query 5-7,text,true,,263,155,9,69,http://localhost:8080/search?q=beauty&author=Oscar%20Wilde,45,0,0
1782351925695,57,HTTP Request,200,OK,Author Query 5-4,text,true,,263,155,9,69,http://localhost:8080/search?q=beauty&author=Oscar%20Wilde,57,0,0
1782351925698,55,HTTP Request,200,OK,Author Query 5-5,text,true,,263,155,9,69,http://localhost:8080/search?q=beauty&author=Oscar%20Wilde,55,0,0
1782351925691,64,HTTP Request,200,OK,Author Query 5-9,text,true,,263,155,9,69,http://localhost:8080/search?q=beauty&author=Oscar%20Wilde,64,0,0
1782351925698,58,HTTP Request,200,OK,Author Query 5-10,text,true,,263,155,9,69,http://localhost:8080/search?q=beauty&author=Oscar%20Wilde,58,0,0
1782351925708,50,HTTP Request,200,OK,Author Query 5-6,text,true,,263,155,9,69,http://localhost:8080/search?q=beauty&author=Oscar%20Wilde,50,0,0
1782351925725,54,HTTP Request,200,OK,Author Query 5-2,text,true,,263,155,9,69,http://localhost:8080/search?q=beauty&author=Oscar%20Wilde,54,0,0
1782351925749,42,HTTP Request,200,OK,Author Query 5-7,text,true,,263,155,9,69,http://localhost:8080/search?q=beauty&author=Oscar%20Wilde,42,0,0
1782351925739,53,HTTP Request,200,OK,Author Query 5-3,text,true,,263,155,9,69,http://localhost:8080/search?q=beauty&author=Oscar%20Wilde,53,0,0
1782351925740,56,HTTP Request,200,OK,Author Query 5-8,text,true,,263,155,9,69,http://localhost:8080/search?q=beauty&author=Oscar%20Wilde,56,0,0
1782351925755,41,HTTP Request,200,OK,Author Query 5-9,text,true,,263,155,9,69,http://localhost:8080/search?q=beauty&author=Oscar%20Wilde,41,0,0
1782351925753,58,HTTP Request,200,OK,Author Query 5-5,text,true,,263,155,9,69,http://localhost:8080/search?q=beauty&author=Oscar%20Wilde,58,0,0
1782351925756,56,HTTP Request,200,OK,Author Query 5-10,text,true,,263,155,9,69,http://localhost:8080/search?q=beauty&author=Oscar%20Wilde,56,0,0
1782351925752,83,HTTP Request,200,OK,Author Query 5-4,text,true,,263,155,9,69,http://localhost:8080/search?q=beauty&author=Oscar%20Wilde,83,0,0
1782351925792,58,HTTP Request,200,OK,Author Query 5-3,text,true,,263,155,9,69,http://localhost:8080/search?q=beauty&author=Oscar%20Wilde,58,0,0
1782351925796,73,HTTP Request,200,OK,Author Query 5-9,text,true,,263,155,9,69,http://localhost:8080/search?q=beauty&author=Oscar%20Wilde,73,0,0
1782351925796,73,HTTP Request,200,OK,Author Query 5-8,text,true,,263,155,9,69,http://localhost:8080/search?q=beauty&author=Oscar%20Wilde,73,0,0
1782351925812,57,HTTP Request,200,OK,Author Query 5-10,text,true,,263,155,9,69,http://localhost:8080/search?q=beauty&author=Oscar%20Wilde,57,0,0
1782351925792,82,HTTP Request,200,OK,Author Query 5-7,text,true,,263,155,9,69,http://localhost:8080/search?q=beauty&author=Oscar%20Wilde,82,0,0
1782351925779,95,HTTP Request,200,OK,Author Query 5-2,text,true,,263,155,9,69,http://localhost:8080/search?q=beauty&author=Oscar%20Wilde,95,0,0
1782351925758,123,HTTP Request,200,OK,Author Query 5-6,text,true,,263,155,9,69,http://localhost:8080/search?q=beauty&author=Oscar%20Wilde,123,0,0
1782351925811,79,HTTP Request,200,OK,Author Query 5-5,text,true,,263,155,9,69,http://localhost:8080/search?q=beauty&author=Oscar%20Wilde,79,0,0
1782351925869,61,HTTP Request,200,OK,Author Query 5-9,text,true,,263,155,9,69,http://localhost:8080/search?q=beauty&author=Oscar%20Wilde,61,0,0
1782351925836,94,HTTP Request,200,OK,Author Query 5-4,text,true,,263,155,9,69,http://localhost:8080/search?q=beauty&author=Oscar%20Wilde,94,0,0
1782351925851,81,HTTP Request,200,OK,Author Query 5-3,text,true,,263,155,9,69,http://localhost:8080/search?q=beauty&author=Oscar%20Wilde,81,0,0
1782351925869,92,HTTP Request,200,OK,Author Query 5-10,text,true,,263,155,9,69,http://localhost:8080/search?q=beauty&author=Oscar%20Wilde,92,0,0
1782351925869,92,HTTP Request,200,OK,Author Query 5-8,text,true,,263,155,9,69,http://localhost:8080/search?q=beauty&author=Oscar%20Wilde,92,0,0
1782351925874,91,HTTP Request,200,OK,Author Query 5-2,text,true,,263,155,9,69,http://localhost:8080/search?q=beauty&author=Oscar%20Wilde,91,0,0
1782351925874,92,HTTP Request,200,OK,Author Query 5-7,text,true,,263,155,8,68,http://localhost:8080/search?q=beauty&author=Oscar%20Wilde,92,0,0
1782351925881,85,HTTP Request,200,OK,Author Query 5-6,text,true,,263,155,8,68,http://localhost:8080/search?q=beauty&author=Oscar%20Wilde,85,0,0
1782351925891,95,HTTP Request,200,OK,Author Query 5-5,text,true,,263,155,8,68,http://localhost:8080/search?q=beauty&author=Oscar%20Wilde,95,0,0
1782351925932,92,HTTP Request,200,OK,Author Query 5-3,text,true,,263,155,8,68,http://localhost:8080/search?q=beauty&author=Oscar%20Wilde,92,0,0
1782351925931,98,HTTP Request,200,OK,Author Query 5-4,text,true,,263,155,8,68,http://localhost:8080/search?q=beauty&author=Oscar%20Wilde,98,0,0
1782351925967,63,HTTP Request,200,OK,Author Query 5-7,text,true,,263,155,8,68,http://localhost:8080/search?q=beauty&author=Oscar%20Wilde,63,0,0
1782351925987,43,HTTP Request,200,OK,Author Query 5-5,text,true,,263,155,8,68,http://localhost:8080/search?q=beauty&author=Oscar%20Wilde,43,0,0
1782351925930,100,HTTP Request,200,OK,Author Query 5-9,text,true,,263,155,8,68,http://localhost:8080/search?q=beauty&author=Oscar%20Wilde,100,0,0
1782351925961,70,HTTP Request,200,OK,Author Query 5-10,text,true,,263,155,8,68,http://localhost:8080/search?q=beauty&author=Oscar%20Wilde,70,0,0
1782351925961,70,HTTP Request,200,OK,Author Query 5-8,text,true,,263,155,8,68,http://localhost:8080/search?q=beauty&author=Oscar%20Wilde,70,0,0
1782351925967,84,HTTP Request,200,OK,Author Query 5-6,text,true,,263,155,8,68,http://localhost:8080/search?q=beauty&author=Oscar%20Wilde,84,0,0
1782351926024,68,HTTP Request,200,OK,Author Query 5-3,text,true,,263,155,8,68,http://localhost:8080/search?q=beauty&author=Oscar%20Wilde,68,0,0
1782351926030,63,HTTP Request,200,OK,Author Query 5-4,text,true,,263,155,8,68,http://localhost:8080/search?q=beauty&author=Oscar%20Wilde,63,0,0
1782351926030,64,HTTP Request,200,OK,Author Query 5-5,text,true,,263,155,8,68,http://localhost:8080/search?q=beauty&author=Oscar%20Wilde,64,0,0
1782351926030,72,HTTP Request,200,OK,Author Query 5-9,text,true,,263,155,8,68,http://localhost:8080/search?q=beauty&author=Oscar%20Wilde,72,0,0
1782351926051,51,HTTP Request,200,OK,Author Query 5-6,text,true,,263,155,8,68,http://localhost:8080/search?q=beauty&author=Oscar%20Wilde,51,0,0
1782351926031,71,HTTP Request,200,OK,Author Query 5-8,text,true,,263,155,8,68,http://localhost:8080/search?q=beauty&author=Oscar%20Wilde,71,0,0
1782351926031,71,HTTP Request,200,OK,Author Query 5-10,text,true,,263,155,8,68,http://localhost:8080/search?q=beauty&author=Oscar%20Wilde,71,0,0
1782351926030,73,HTTP Request,200,OK,Author Query 5-7,text,true,,263,155,8,68,http://localhost:8080/search?q=beauty&author=Oscar%20Wilde,73,0,0
1782351926102,66,HTTP Request,200,OK,Author Query 5-10,text,true,,263,155,8,68,http://localhost:8080/search?q=beauty&author=Oscar%20Wilde,66,0,0
1782351926102,66,HTTP Request,200,OK,Author Query 5-9,text,true,,263,155,8,68,http://localhost:8080/search?q=beauty&author=Oscar%20Wilde,66,0,0
1782351926094,83,HTTP Request,200,OK,Author Query 5-5,text,true,,263,155,8,68,http://localhost:8080/search?q=beauty&author=Oscar%20Wilde,83,0,0
1782351926093,88,HTTP Request,200,OK,Author Query 5-3,text,true,,263,155,8,68,http://localhost:8080/search?q=beauty&author=Oscar%20Wilde,88,0,0
1782351926104,79,HTTP Request,200,OK,Author Query 5-7,text,true,,263,155,8,68,http://localhost:8080/search?q=beauty&author=Oscar%20Wilde,79,0,0
1782351926102,84,HTTP Request,200,OK,Author Query 5-8,text,true,,263,155,8,68,http://localhost:8080/search?q=beauty&author=Oscar%20Wilde,84,0,0
1782351926102,84,HTTP Request,200,OK,Author Query 5-6,text,true,,263,155,8,68,http://localhost:8080/search?q=beauty&author=Oscar%20Wilde,84,0,0
1782351926094,93,HTTP Request,200,OK,Author Query 5-4,text,true,,263,155,8,68,http://localhost:8080/search?q=beauty&author=Oscar%20Wilde,93,0,0
1782351926187,38,HTTP Request,200,OK,Author Query 5-6,text,true,,263,155,8,68,http://localhost:8080/search?q=beauty&author=Oscar%20Wilde,38,0,0
1782351926183,47,HTTP Request,200,OK,Author Query 5-7,text,true,,263,155,8,68,http://localhost:8080/search?q=beauty&author=Oscar%20Wilde,47,0,0
1782351926187,46,HTTP Request,200,OK,Author Query 5-4,text,true,,263,155,8,68,http://localhost:8080/search?q=beauty&author=Oscar%20Wilde,46,0,0
1782351926178,55,HTTP Request,200,OK,Author Query 5-5,text,true,,263,155,8,68,http://localhost:8080/search?q=beauty&author=Oscar%20Wilde,55,0,0
1782351926182,51,HTTP Request,200,OK,Author Query 5-3,text,true,,263,155,8,68,http://localhost:8080/search?q=beauty&author=Oscar%20Wilde,51,0,0
1782351926168,82,HTTP Request,200,OK,Author Query 5-10,text,true,,263,155,8,68,http://localhost:8080/search?q=beauty&author=Oscar%20Wilde,82,0,0
1782351926186,64,HTTP Request,200,OK,Author Query 5-8,text,true,,263,155,8,68,http://localhost:8080/search?q=beauty&author=Oscar%20Wilde,64,0,0
1782351926168,82,HTTP Request,200,OK,Author Query 5-9,text,true,,263,155,8,68,http://localhost:8080/search?q=beauty&author=Oscar%20Wilde,82,0,0
1782351926233,81,HTTP Request,200,OK,Author Query 5-5,text,true,,263,155,8,68,http://localhost:8080/search?q=beauty&author=Oscar%20Wilde,81,0,0
1782351926250,71,HTTP Request,200,OK,Author Query 5-8,text,true,,263,155,8,68,http://localhost:8080/search?q=beauty&author=Oscar%20Wilde,71,0,0
1782351926250,75,HTTP Request,200,OK,Author Query 5-9,text,true,,263,155,8,68,http://localhost:8080/search?q=beauty&author=Oscar%20Wilde,75,0,0
1782351926226,111,HTTP Request,200,OK,Author Query 5-6,text,true,,263,155,8,68,http://localhost:8080/search?q=beauty&author=Oscar%20Wilde,111,0,0
1782351926233,104,HTTP Request,200,OK,Author Query 5-4,text,true,,263,155,8,68,http://localhost:8080/search?q=beauty&author=Oscar%20Wilde,104,0,0
1782351926234,108,HTTP Request,200,OK,Author Query 5-3,text,true,,263,155,8,68,http://localhost:8080/search?q=beauty&author=Oscar%20Wilde,108,0,0
1782351926230,112,HTTP Request,200,OK,Author Query 5-7,text,true,,263,155,8,68,http://localhost:8080/search?q=beauty&author=Oscar%20Wilde,112,0,0
1782351926250,93,HTTP Request,200,OK,Author Query 5-10,text,true,,263,155,8,68,http://localhost:8080/search?q=beauty&author=Oscar%20Wilde,93,0,0
1782351926322,46,HTTP Request,200,OK,Author Query 5-8,text,true,,263,155,8,68,http://localhost:8080/search?q=beauty&author=Oscar%20Wilde,46,0,0
1782351926337,47,HTTP Request,200,OK,Author Query 5-6,text,true,,263,155,7,67,http://localhost:8080/search?q=beauty&author=Oscar%20Wilde,47,0,0
1782351926314,70,HTTP Request,200,OK,Author Query 5-5,text,true,,263,155,7,67,http://localhost:8080/search?q=beauty&author=Oscar%20Wilde,70,0,0
1782351926325,59,HTTP Request,200,OK,Author Query 5-9,text,true,,263,155,7,67,http://localhost:8080/search?q=beauty&author=Oscar%20Wilde,59,0,0
1782351926337,48,HTTP Request,200,OK,Author Query 5-4,text,true,,263,155,7,67,http://localhost:8080/search?q=beauty&author=Oscar%20Wilde,48,0,0
1782351926342,51,HTTP Request,200,OK,Author Query 5-7,text,true,,263,155,7,67,http://localhost:8080/search?q=beauty&author=Oscar%20Wilde,51,0,0
1782351926343,63,HTTP Request,200,OK,Author Query 5-10,text,true,,263,155,7,67,http://localhost:8080/search?q=beauty&author=Oscar%20Wilde,63,0,0
1782351926342,75,HTTP Request,200,OK,Author Query 5-3,text,true,,263,155,7,67,http://localhost:8080/search?q=beauty&author=Oscar%20Wilde,75,0,0
1782351926384,52,HTTP Request,200,OK,Author Query 5-9,text,true,,263,155,7,67,http://localhost:8080/search?q=beauty&author=Oscar%20Wilde,52,0,0
1782351926384,64,HTTP Request,200,OK,Author Query 5-5,text,true,,263,155,7,67,http://localhost:8080/search?q=beauty&author=Oscar%20Wilde,64,0,0
1782351926385,63,HTTP Request,200,OK,Author Query 5-4,text,true,,263,155,7,67,http://localhost:8080/search?q=beauty&author=Oscar%20Wilde,63,0,0
1782351926384,73,HTTP Request,200,OK,Author Query 5-6,text,true,,263,155,7,67,http://localhost:8080/search?q=beauty&author=Oscar%20Wilde,73,0,0
1782351926417,51,HTTP Request,200,OK,Author Query 5-3,text,true,,263,155,7,67,http://localhost:8080/search?q=beauty&author=Oscar%20Wilde,51,0,0
1782351926394,74,HTTP Request,200,OK,Author Query 5-7,text,true,,263,155,7,67,http://localhost:8080/search?q=beauty&author=Oscar%20Wilde,74,0,0
1782351926406,75,HTTP Request,200,OK,Author Query 5-10,text,true,,263,155,7,67,http://localhost:8080/search?q=beauty&author=Oscar%20Wilde,75,0,0
1782351926436,45,HTTP Request,200,OK,Author Query 5-9,text,true,,263,155,7,67,http://localhost:8080/search?q=beauty&author=Oscar%20Wilde,45,0,0
1782351926468,30,HTTP Request,200,OK,Author Query 5-3,text,true,,263,155,7,67,http://localhost:8080/search?q=beauty&author=Oscar%20Wilde,30,0,0
1782351926448,50,HTTP Request,200,OK,Author Query 5-5,text,true,,263,155,7,67,http://localhost:8080/search?q=beauty&author=Oscar%20Wilde,50,0,0
1782351926448,57,HTTP Request,200,OK,Author Query 5-4,text,true,,263,155,7,67,http://localhost:8080/search?q=beauty&author=Oscar%20Wilde,57,0,0
1782351926468,37,HTTP Request,200,OK,Author Query 5-7,text,true,,263,155,7,67,http://localhost:8080/search?q=beauty&author=Oscar%20Wilde,37,0,0
1782351926457,48,HTTP Request,200,OK,Author Query 5-6,text,true,,263,155,7,67,http://localhost:8080/search?q=beauty&author=Oscar%20Wilde,48,0,0
1782351926481,32,HTTP Request,200,OK,Author Query 5-9,text,true,,263,155,7,67,http://localhost:8080/search?q=beauty&author=Oscar%20Wilde,32,0,0
1782351926481,36,HTTP Request,200,OK,Author Query 5-10,text,true,,263,155,7,67,http://localhost:8080/search?q=beauty&author=Oscar%20Wilde,36,0,0
1782351926498,29,HTTP Request,200,OK,Author Query 5-5,text,true,,263,155,7,67,http://localhost:8080/search?q=beauty&author=Oscar%20Wilde,29,0,0
1782351926498,38,HTTP Request,200,OK,Author Query 5-3,text,true,,263,155,7,67,http://localhost:8080/search?q=beauty&author=Oscar%20Wilde,38,0,0
1782351926506,42,HTTP Request,200,OK,Author Query 5-6,text,true,,263,155,7,67,http://localhost:8080/search?q=beauty&author=Oscar%20Wilde,42,0,0
1782351926518,30,HTTP Request,200,OK,Author Query 5-10,text,true,,263,155,7,67,http://localhost:8080/search?q=beauty&author=Oscar%20Wilde,30,0,0
1782351926505,44,HTTP Request,200,OK,Author Query 5-4,text,true,,263,155,7,67,http://localhost:8080/search?q=beauty&author=Oscar%20Wilde,44,0,0
1782351926514,39,HTTP Request,200,OK,Author Query 5-9,text,true,,263,155,7,67,http://localhost:8080/search?q=beauty&author=Oscar%20Wilde,39,0,0
1782351926505,53,HTTP Request,200,OK,Author Query 5-7,text,true,,263,155,7,67,http://localhost:8080/search?q=beauty&author=Oscar%20Wilde,53,0,0
1782351926536,38,HTTP Request,200,OK,Author Query 5-3,text,true,,263,155,7,67,http://localhost:8080/search?q=beauty&author=Oscar%20Wilde,38,0,0
1782351926528,60,HTTP Request,200,OK,Author Query 5-5,text,true,,263,155,7,67,http://localhost:8080/search?q=beauty&author=Oscar%20Wilde,60,0,0
1782351926558,37,HTTP Request,200,OK,Author Query 5-7,text,true,,263,155,7,67,http://localhost:8080/search?q=beauty&author=Oscar%20Wilde,37,0,0
1782351926549,46,HTTP Request,200,OK,Author Query 5-4,text,true,,263,155,7,67,http://localhost:8080/search?q=beauty&author=Oscar%20Wilde,46,0,0
1782351926548,48,HTTP Request,200,OK,Author Query 5-6,text,true,,263,155,7,67,http://localhost:8080/search?q=beauty&author=Oscar%20Wilde,48,0,0
1782351926553,43,HTTP Request,200,OK,Author Query 5-9,text,true,,263,155,7,67,http://localhost:8080/search?q=beauty&author=Oscar%20Wilde,43,0,0
1782351926548,58,HTTP Request,200,OK,Author Query 5-10,text,true,,263,155,7,67,http://localhost:8080/search?q=beauty&author=Oscar%20Wilde,58,0,0
1782351926574,35,HTTP Request,200,OK,Author Query 5-3,text,true,,263,155,7,67,http://localhost:8080/search?q=beauty&author=Oscar%20Wilde,35,0,0
1782351926588,40,HTTP Request,200,OK,Author Query 5-5,text,true,,263,155,7,67,http://localhost:8080/search?q=beauty&author=Oscar%20Wilde,40,0,0
1782351926596,35,HTTP Request,200,OK,Author Query 5-9,text,true,,263,155,7,67,http://localhost:8080/search?q=beauty&author=Oscar%20Wilde,35,0,0
1782351926596,55,HTTP Request,200,OK,Author Query 5-6,text,true,,263,155,7,67,http://localhost:8080/search?q=beauty&author=Oscar%20Wilde,55,0,0
1782351926609,43,HTTP Request,200,OK,Author Query 5-3,text,true,,263,155,7,67,http://localhost:8080/search?q=beauty&author=Oscar%20Wilde,43,0,0
1782351926595,58,HTTP Request,200,OK,Author Query 5-7,text,true,,263,155,7,67,http://localhost:8080/search?q=beauty&author=Oscar%20Wilde,58,0,0
1782351926606,50,HTTP Request,200,OK,Author Query 5-10,text,true,,263,155,7,67,http://localhost:8080/search?q=beauty&author=Oscar%20Wilde,50,0,0
1782351926595,61,HTTP Request,200,OK,Author Query 5-4,text,true,,263,155,7,67,http://localhost:8080/search?q=beauty&author=Oscar%20Wilde,61,0,0
1782351926631,44,HTTP Request,200,OK,Author Query 5-9,text,true,,263,155,7,67,http://localhost:8080/search?q=beauty&author=Oscar%20Wilde,44,0,0
1782351926628,48,HTTP Request,200,OK,Author Query 5-5,text,true,,263,155,7,67,http://localhost:8080/search?q=beauty&author=Oscar%20Wilde,48,0,0
1782351926652,44,HTTP Request,200,OK,Author Query 5-6,text,true,,263,155,7,67,http://localhost:8080/search?q=beauty&author=Oscar%20Wilde,44,0,0
1782351926653,44,HTTP Request,200,OK,Author Query 5-3,text,true,,263,155,7,67,http://localhost:8080/search?q=beauty&author=Oscar%20Wilde,44,0,0
1782351926653,55,HTTP Request,200,OK,Author Query 5-7,text,true,,263,155,7,67,http://localhost:8080/search?q=beauty&author=Oscar%20Wilde,55,0,0
1782351926657,53,HTTP Request,200,OK,Author Query 5-10,text,true,,263,155,7,67,http://localhost:8080/search?q=beauty&author=Oscar%20Wilde,53,0,0
1782351926657,53,HTTP Request,200,OK,Author Query 5-4,text,true,,263,155,7,67,http://localhost:8080/search?q=beauty&author=Oscar%20Wilde,53,0,0
1782351926676,49,HTTP Request,200,OK,Author Query 5-9,text,true,,263,155,7,67,http://localhost:8080/search?q=beauty&author=Oscar%20Wilde,49,0,0
1782351926676,49,HTTP Request,200,OK,Author Query 5-5,text,true,,263,155,7,67,http://localhost:8080/search?q=beauty&author=Oscar%20Wilde,49,0,0
1782351926696,36,HTTP Request,200,OK,Author Query 5-6,text,true,,263,155,7,67,http://localhost:8080/search?q=beauty&author=Oscar%20Wilde,36,0,0
1782351926697,43,HTTP Request,200,OK,Author Query 5-3,text,true,,263,155,7,67,http://localhost:8080/search?q=beauty&author=Oscar%20Wilde,43,0,0
1782351926710,36,HTTP Request,200,OK,Author Query 5-4,text,true,,263,155,7,67,http://localhost:8080/search?q=beauty&author=Oscar%20Wilde,36,0,0
1782351926708,39,HTTP Request,200,OK,Author Query 5-7,text,true,,263,155,7,67,http://localhost:8080/search?q=beauty&author=Oscar%20Wilde,39,0,0
1782351926710,48,HTTP Request,200,OK,Author Query 5-10,text,true,,263,155,7,67,http://localhost:8080/search?q=beauty&author=Oscar%20Wilde,48,0,0
1782351926725,46,HTTP Request,200,OK,Author Query 5-9,text,true,,263,155,7,67,http://localhost:8080/search?q=beauty&author=Oscar%20Wilde,46,0,0
1782351926732,47,HTTP Request,200,OK,Author Query 5-6,text,true,,263,155,7,67,http://localhost:8080/search?q=beauty&author=Oscar%20Wilde,47,0,0
1782351926725,55,HTTP Request,200,OK,Author Query 5-5,text,true,,263,155,7,67,http://localhost:8080/search?q=beauty&author=Oscar%20Wilde,55,0,0
1782351926740,45,HTTP Request,200,OK,Author Query 5-3,text,true,,263,155,7,67,http://localhost:8080/search?q=beauty&author=Oscar%20Wilde,45,0,0
1782351926758,32,HTTP Request,200,OK,Author Query 5-10,text,true,,263,155,7,67,http://localhost:8080/search?q=beauty&author=Oscar%20Wilde,32,0,0
1782351926771,28,HTTP Request,200,OK,Author Query 5-9,text,true,,263,155,7,67,http://localhost:8080/search?q=beauty&author=Oscar%20Wilde,28,0,0
1782351926747,52,HTTP Request,200,OK,Author Query 5-4,text,true,,263,155,7,67,http://localhost:8080/search?q=beauty&author=Oscar%20Wilde,52,0,0
1782351926747,52,HTTP Request,200,OK,Author Query 5-7,text,true,,263,155,7,67,http://localhost:8080/search?q=beauty&author=Oscar%20Wilde,52,0,0
1782351926781,23,HTTP Request,200,OK,Author Query 5-5,text,true,,263,155,7,67,http://localhost:8080/search?q=beauty&author=Oscar%20Wilde,23,0,0
1782351926780,49,HTTP Request,200,OK,Author Query 5-6,text,true,,263,155,7,67,http://localhost:8080/search?q=beauty&author=Oscar%20Wilde,49,0,0
1782351926785,45,HTTP Request,200,OK,Author Query 5-3,text,true,,263,155,7,67,http://localhost:8080/search?q=beauty&author=Oscar%20Wilde,45,0,0
1782351926791,39,HTTP Request,200,OK,Author Query 5-10,text,true,,263,155,7,67,http://localhost:8080/search?q=beauty&author=Oscar%20Wilde,39,0,0
1782351926800,50,HTTP Request,200,OK,Author Query 5-4,text,true,,263,155,7,67,http://localhost:8080/search?q=beauty&author=Oscar%20Wilde,50,0,0
1782351926800,50,HTTP Request,200,OK,Author Query 5-9,text,true,,263,155,7,67,http://localhost:8080/search?q=beauty&author=Oscar%20Wilde,50,0,0
1782351926800,51,HTTP Request,200,OK,Author Query 5-7,text,true,,263,155,7,67,http://localhost:8080/search?q=beauty&author=Oscar%20Wilde,51,0,0
1782351926804,60,HTTP Request,200,OK,Author Query 5-5,text,true,,263,155,7,67,http://localhost:8080/search?q=beauty&author=Oscar%20Wilde,60,0,0
1782351926829,49,HTTP Request,200,OK,Author Query 5-6,text,true,,263,155,7,67,http://localhost:8080/search?q=beauty&author=Oscar%20Wilde,49,0,0
1782351926831,47,HTTP Request,200,OK,Author Query 5-10,text,true,,263,155,7,67,http://localhost:8080/search?q=beauty&author=Oscar%20Wilde,47,0,0
1782351926830,48,HTTP Request,200,OK,Author Query 5-3,text,true,,263,155,7,67,http://localhost:8080/search?q=beauty&author=Oscar%20Wilde,48,0,0
1782351926851,42,HTTP Request,200,OK,Author Query 5-9,text,true,,263,155,7,67,http://localhost:8080/search?q=beauty&author=Oscar%20Wilde,42,0,0
1782351926851,42,HTTP Request,200,OK,Author Query 5-4,text,true,,263,155,7,67,http://localhost:8080/search?q=beauty&author=Oscar%20Wilde,42,0,0
1782351926851,52,HTTP Request,200,OK,Author Query 5-7,text,true,,263,155,7,67,http://localhost:8080/search?q=beauty&author=Oscar%20Wilde,52,0,0
1782351926865,38,HTTP Request,200,OK,Author Query 5-5,text,true,,263,155,7,67,http://localhost:8080/search?q=beauty&author=Oscar%20Wilde,38,0,0
1782351926893,33,HTTP Request,200,OK,Author Query 5-9,text,true,,263,155,7,67,http://localhost:8080/search?q=beauty&author=Oscar%20Wilde,33,0,0
1782351926878,48,HTTP Request,200,OK,Author Query 5-6,text,true,,263,155,7,67,http://localhost:8080/search?q=beauty&author=Oscar%20Wilde,48,0,0
1782351926878,48,HTTP Request,200,OK,Author Query 5-10,text,true,,263,155,7,67,http://localhost:8080/search?q=beauty&author=Oscar%20Wilde,48,0,0
1782351926878,48,HTTP Request,200,OK,Author Query 5-3,text,true,,263,155,7,67,http://localhost:8080/search?q=beauty&author=Oscar%20Wilde,48,0,0
1782351926893,37,HTTP Request,200,OK,Author Query 5-4,text,true,,263,155,7,67,http://localhost:8080/search?q=beauty&author=Oscar%20Wilde,37,0,0
1782351926903,51,HTTP Request,200,OK,Author Query 5-7,text,true,,263,155,7,67,http://localhost:8080/search?q=beauty&author=Oscar%20Wilde,51,0,0
1782351926903,51,HTTP Request,200,OK,Author Query 5-5,text,true,,263,155,7,67,http://localhost:8080/search?q=beauty&author=Oscar%20Wilde,51,0,0
1782351926926,46,HTTP Request,200,OK,Author Query 5-6,text,true,,263,155,7,67,http://localhost:8080/search?q=beauty&author=Oscar%20Wilde,46,0,0
1782351926926,51,HTTP Request,200,OK,Author Query 5-9,text,true,,263,155,7,67,http://localhost:8080/search?q=beauty&author=Oscar%20Wilde,51,0,0
1782351926930,54,HTTP Request,200,OK,Author Query 5-4,text,true,,263,155,7,67,http://localhost:8080/search?q=beauty&author=Oscar%20Wilde,54,0,0
1782351926926,61,HTTP Request,200,OK,Author Query 5-3,text,true,,263,155,7,67,http://localhost:8080/search?q=beauty&author=Oscar%20Wilde,61,0,0
1782351926926,61,HTTP Request,200,OK,Author Query 5-10,text,true,,263,155,7,67,http://localhost:8080/search?q=beauty&author=Oscar%20Wilde,61,0,0
1782351926954,42,HTTP Request,200,OK,Author Query 5-5,text,true,,263,155,7,67,http://localhost:8080/search?q=beauty&author=Oscar%20Wilde,42,0,0
1782351926954,44,HTTP Request,200,OK,Author Query 5-7,text,true,,263,155,7,67,http://localhost:8080/search?q=beauty&author=Oscar%20Wilde,44,0,0
1782351926972,52,HTTP Request,200,OK,Author Query 5-6,text,true,,263,155,7,67,http://localhost:8080/search?q=beauty&author=Oscar%20Wilde,52,0,0
1782351926977,47,HTTP Request,200,OK,Author Query 5-9,text,true,,263,155,7,67,http://localhost:8080/search?q=beauty&author=Oscar%20Wilde,47,0,0
1782351926996,28,HTTP Request,200,OK,Author Query 5-5,text,true,,263,155,7,67,http://localhost:8080/search?q=beauty&author=Oscar%20Wilde,28,0,0
1782351926987,37,HTTP Request,200,OK,Author Query 5-10,text,true,,263,155,7,67,http://localhost:8080/search?q=beauty&author=Oscar%20Wilde,37,0,0
1782351926985,47,HTTP Request,200,OK,Author Query 5-4,text,true,,263,155,7,67,http://localhost:8080/search?q=beauty&author=Oscar%20Wilde,47,0,0
1782351926999,37,HTTP Request,200,OK,Author Query 5-7,text,true,,263,155,7,67,http://localhost:8080/search?q=beauty&author=Oscar%20Wilde,37,0,0
1782351926987,56,HTTP Request,200,OK,Author Query 5-3,text,true,,263,155,7,67,http://localhost:8080/search?q=beauty&author=Oscar%20Wilde,56,0,0
1782351927024,33,HTTP Request,200,OK,Author Query 5-9,text,true,,263,155,7,67,http://localhost:8080/search?q=beauty&author=Oscar%20Wilde,33,0,0
1782351927036,30,HTTP Request,200,OK,Author Query 5-7,text,true,,263,155,7,67,http://localhost:8080/search?q=beauty&author=Oscar%20Wilde,30,0,0
1782351927024,42,HTTP Request,200,OK,Author Query 5-6,text,true,,263,155,7,67,http://localhost:8080/search?q=beauty&author=Oscar%20Wilde,42,0,0
1782351927024,42,HTTP Request,200,OK,Author Query 5-10,text,true,,263,155,7,67,http://localhost:8080/search?q=beauty&author=Oscar%20Wilde,42,0,0
1782351927032,34,HTTP Request,200,OK,Author Query 5-4,text,true,,263,155,7,67,http://localhost:8080/search?q=beauty&author=Oscar%20Wilde,34,0,0
1782351927024,47,HTTP Request,200,OK,Author Query 5-5,text,true,,263,155,7,67,http://localhost:8080/search?q=beauty&author=Oscar%20Wilde,47,0,0
1782351927044,31,HTTP Request,200,OK,Author Query 5-3,text,true,,263,155,7,67,http://localhost:8080/search?q=beauty&author=Oscar%20Wilde,31,0,0
1782351927058,31,HTTP Request,200,OK,Author Query 5-9,text,true,,263,155,7,67,http://localhost:8080/search?q=beauty&author=Oscar%20Wilde,31,0,0
1782351927071,34,HTTP Request,200,OK,Author Query 5-5,text,true,,263,155,7,67,http://localhost:8080/search?q=beauty&author=Oscar%20Wilde,34,0,0
1782351927067,38,HTTP Request,200,OK,Author Query 5-10,text,true,,263,155,7,67,http://localhost:8080/search?q=beauty&author=Oscar%20Wilde,38,0,0
1782351927067,38,HTTP Request,200,OK,Author Query 5-6,text,true,,263,155,7,67,http://localhost:8080/search?q=beauty&author=Oscar%20Wilde,38,0,0
1782351927066,50,HTTP Request,200,OK,Author Query 5-7,text,true,,263,155,7,67,http://localhost:8080/search?q=beauty&author=Oscar%20Wilde,50,0,0
1782351927067,50,HTTP Request,200,OK,Author Query 5-4,text,true,,263,155,7,67,http://localhost:8080/search?q=beauty&author=Oscar%20Wilde,50,0,0
1782351927075,44,HTTP Request,200,OK,Author Query 5-3,text,true,,263,155,7,67,http://localhost:8080/search?q=beauty&author=Oscar%20Wilde,44,0,0
1782351927089,44,HTTP Request,200,OK,Author Query 5-9,text,true,,263,155,7,67,http://localhost:8080/search?q=beauty&author=Oscar%20Wilde,44,0,0
1782351927117,30,HTTP Request,200,OK,Author Query 5-7,text,true,,263,155,6,66,http://localhost:8080/search?q=beauty&author=Oscar%20Wilde,30,0,0
1782351927105,59,HTTP Request,200,OK,Author Query 5-10,text,true,,263,155,6,66,http://localhost:8080/search?q=beauty&author=Oscar%20Wilde,59,0,0
1782351927106,58,HTTP Request,200,OK,Author Query 5-6,text,true,,263,155,6,66,http://localhost:8080/search?q=beauty&author=Oscar%20Wilde,58,0,0
1782351927120,47,HTTP Request,200,OK,Author Query 5-3,text,true,,263,155,6,66,http://localhost:8080/search?q=beauty&author=Oscar%20Wilde,47,0,0
1782351927117,51,HTTP Request,200,OK,Author Query 5-4,text,true,,263,155,6,66,http://localhost:8080/search?q=beauty&author=Oscar%20Wilde,51,0,0
1782351927105,63,HTTP Request,200,OK,Author Query 5-5,text,true,,263,155,6,66,http://localhost:8080/search?q=beauty&author=Oscar%20Wilde,63,0,0
1782351927168,28,HTTP Request,200,OK,Author Query 5-5,text,true,,263,155,6,66,http://localhost:8080/search?q=beauty&author=Oscar%20Wilde,28,0,0
1782351927164,33,HTTP Request,200,OK,Author Query 5-10,text,true,,263,155,6,66,http://localhost:8080/search?q=beauty&author=Oscar%20Wilde,33,0,0
1782351927147,51,HTTP Request,200,OK,Author Query 5-7,text,true,,263,155,6,66,http://localhost:8080/search?q=beauty&author=Oscar%20Wilde,51,0,0
1782351927164,36,HTTP Request,200,OK,Author Query 5-6,text,true,,263,155,6,66,http://localhost:8080/search?q=beauty&author=Oscar%20Wilde,36,0,0
1782351927168,38,HTTP Request,200,OK,Author Query 5-4,text,true,,263,155,6,66,http://localhost:8080/search?q=beauty&author=Oscar%20Wilde,38,0,0
1782351927168,38,HTTP Request,200,OK,Author Query 5-3,text,true,,263,155,6,66,http://localhost:8080/search?q=beauty&author=Oscar%20Wilde,38,0,0
1782351927206,26,HTTP Request,200,OK,Author Query 5-4,text,true,,263,155,6,66,http://localhost:8080/search?q=beauty&author=Oscar%20Wilde,26,0,0
1782351927200,32,HTTP Request,200,OK,Author Query 5-6,text,true,,263,155,6,66,http://localhost:8080/search?q=beauty&author=Oscar%20Wilde,32,0,0
1782351927199,33,HTTP Request,200,OK,Author Query 5-7,text,true,,263,155,6,66,http://localhost:8080/search?q=beauty&author=Oscar%20Wilde,33,0,0
1782351927196,41,HTTP Request,200,OK,Author Query 5-5,text,true,,263,155,6,66,http://localhost:8080/search?q=beauty&author=Oscar%20Wilde,41,0,0
1782351927197,44,HTTP Request,200,OK,Author Query 5-10,text,true,,263,155,6,66,http://localhost:8080/search?q=beauty&author=Oscar%20Wilde,44,0,0
1782351927206,42,HTTP Request,200,OK,Author Query 5-3,text,true,,263,155,6,66,http://localhost:8080/search?q=beauty&author=Oscar%20Wilde,42,0,0
1782351927232,36,HTTP Request,200,OK,Author Query 5-4,text,true,,263,155,6,66,http://localhost:8080/search?q=beauty&author=Oscar%20Wilde,36,0,0
1782351927232,38,HTTP Request,200,OK,Author Query 5-6,text,true,,263,155,6,66,http://localhost:8080/search?q=beauty&author=Oscar%20Wilde,38,0,0
1782351927237,37,HTTP Request,200,OK,Author Query 5-5,text,true,,263,155,6,66,http://localhost:8080/search?q=beauty&author=Oscar%20Wilde,37,0,0
1782351927241,34,HTTP Request,200,OK,Author Query 5-10,text,true,,263,155,6,66,http://localhost:8080/search?q=beauty&author=Oscar%20Wilde,34,0,0
1782351927232,50,HTTP Request,200,OK,Author Query 5-7,text,true,,263,155,6,66,http://localhost:8080/search?q=beauty&author=Oscar%20Wilde,50,0,0
1782351927248,42,HTTP Request,200,OK,Author Query 5-3,text,true,,263,155,6,66,http://localhost:8080/search?q=beauty&author=Oscar%20Wilde,42,0,0
1782351927268,41,HTTP Request,200,OK,Author Query 5-4,text,true,,263,155,6,66,http://localhost:8080/search?q=beauty&author=Oscar%20Wilde,41,0,0
1782351927270,39,HTTP Request,200,OK,Author Query 5-6,text,true,,263,155,6,66,http://localhost:8080/search?q=beauty&author=Oscar%20Wilde,39,0,0
1782351927274,36,HTTP Request,200,OK,Author Query 5-5,text,true,,263,155,6,66,http://localhost:8080/search?q=beauty&author=Oscar%20Wilde,36,0,0
1782351927276,55,HTTP Request,200,OK,Author Query 5-10,text,true,,263,155,6,66,http://localhost:8080/search?q=beauty&author=Oscar%20Wilde,55,0,0
1782351927283,57,HTTP Request,200,OK,Author Query 5-7,text,true,,263,155,6,66,http://localhost:8080/search?q=beauty&author=Oscar%20Wilde,57,0,0
1782351927309,48,HTTP Request,200,OK,Author Query 5-4,text,true,,263,155,6,66,http://localhost:8080/search?q=beauty&author=Oscar%20Wilde,48,0,0
1782351927290,67,HTTP Request,200,OK,Author Query 5-3,text,true,,263,155,6,66,http://localhost:8080/search?q=beauty&author=Oscar%20Wilde,67,0,0
1782351927310,48,HTTP Request,200,OK,Author Query 5-6,text,true,,263,155,6,66,http://localhost:8080/search?q=beauty&author=Oscar%20Wilde,48,0,0
1782351927310,57,HTTP Request,200,OK,Author Query 5-5,text,true,,263,155,6,66,http://localhost:8080/search?q=beauty&author=Oscar%20Wilde,57,0,0
1782351927331,58,HTTP Request,200,OK,Author Query 5-10,text,true,,263,155,6,66,http://localhost:8080/search?q=beauty&author=Oscar%20Wilde,58,0,0
1782351927340,49,HTTP Request,200,OK,Author Query 5-7,text,true,,263,155,6,66,http://localhost:8080/search?q=beauty&author=Oscar%20Wilde,49,0,0
1782351927358,32,HTTP Request,200,OK,Author Query 5-3,text,true,,263,155,6,66,http://localhost:8080/search?q=beauty&author=Oscar%20Wilde,32,0,0
1782351927357,43,HTTP Request,200,OK,Author Query 5-4,text,true,,263,155,6,66,http://localhost:8080/search?q=beauty&author=Oscar%20Wilde,43,0,0
1782351927367,62,HTTP Request,200,OK,Author Query 5-5,text,true,,263,155,6,66,http://localhost:8080/search?q=beauty&author=Oscar%20Wilde,62,0,0
1782351927389,40,HTTP Request,200,OK,Author Query 5-10,text,true,,263,155,6,66,http://localhost:8080/search?q=beauty&author=Oscar%20Wilde,40,0,0
1782351927358,71,HTTP Request,200,OK,Author Query 5-6,text,true,,263,155,6,66,http://localhost:8080/search?q=beauty&author=Oscar%20Wilde,71,0,0
1782351927390,40,HTTP Request,200,OK,Author Query 5-3,text,true,,263,155,6,66,http://localhost:8080/search?q=beauty&author=Oscar%20Wilde,40,0,0
1782351927389,43,HTTP Request,200,OK,Author Query 5-7,text,true,,263,155,6,66,http://localhost:8080/search?q=beauty&author=Oscar%20Wilde,43,0,0
1782351927400,36,HTTP Request,200,OK,Author Query 5-4,text,true,,263,155,6,66,http://localhost:8080/search?q=beauty&author=Oscar%20Wilde,36,0,0
1782351927430,27,HTTP Request,200,OK,Author Query 5-3,text,true,,263,155,6,66,http://localhost:8080/search?q=beauty&author=Oscar%20Wilde,27,0,0
1782351927429,28,HTTP Request,200,OK,Author Query 5-5,text,true,,263,155,6,66,http://localhost:8080/search?q=beauty&author=Oscar%20Wilde,28,0,0
1782351927429,39,HTTP Request,200,OK,Author Query 5-6,text,true,,263,155,6,66,http://localhost:8080/search?q=beauty&author=Oscar%20Wilde,39,0,0
1782351927432,41,HTTP Request,200,OK,Author Query 5-7,text,true,,263,155,6,66,http://localhost:8080/search?q=beauty&author=Oscar%20Wilde,41,0,0
1782351927429,51,HTTP Request,200,OK,Author Query 5-10,text,true,,263,155,6,66,http://localhost:8080/search?q=beauty&author=Oscar%20Wilde,51,0,0
1782351927436,46,HTTP Request,200,OK,Author Query 5-4,text,true,,263,155,6,66,http://localhost:8080/search?q=beauty&author=Oscar%20Wilde,46,0,0
1782351927458,37,HTTP Request,200,OK,Author Query 5-3,text,true,,263,155,6,66,http://localhost:8080/search?q=beauty&author=Oscar%20Wilde,37,0,0
1782351927458,49,HTTP Request,200,OK,Author Query 5-5,text,true,,263,155,6,66,http://localhost:8080/search?q=beauty&author=Oscar%20Wilde,49,0,0
1782351927473,35,HTTP Request,200,OK,Author Query 5-7,text,true,,263,155,6,66,http://localhost:8080/search?q=beauty&author=Oscar%20Wilde,35,0,0
1782351927480,28,HTTP Request,200,OK,Author Query 5-10,text,true,,263,155,6,66,http://localhost:8080/search?q=beauty&author=Oscar%20Wilde,28,0,0
1782351927482,29,HTTP Request,200,OK,Author Query 5-4,text,true,,263,155,6,66,http://localhost:8080/search?q=beauty&author=Oscar%20Wilde,29,0,0
1782351927468,49,HTTP Request,200,OK,Author Query 5-6,text,true,,263,155,6,66,http://localhost:8080/search?q=beauty&author=Oscar%20Wilde,49,0,0
1782351927495,33,HTTP Request,200,OK,Author Query 5-3,text,true,,263,155,6,66,http://localhost:8080/search?q=beauty&author=Oscar%20Wilde,33,0,0
1782351927508,31,HTTP Request,200,OK,Author Query 5-10,text,true,,263,155,6,66,http://localhost:8080/search?q=beauty&author=Oscar%20Wilde,31,0,0
1782351927508,31,HTTP Request,200,OK,Author Query 5-7,text,true,,263,155,6,66,http://localhost:8080/search?q=beauty&author=Oscar%20Wilde,31,0,0
1782351927511,35,HTTP Request,200,OK,Author Query 5-4,text,true,,263,155,6,66,http://localhost:8080/search?q=beauty&author=Oscar%20Wilde,35,0,0
1782351927507,42,HTTP Request,200,OK,Author Query 5-5,text,true,,263,155,6,66,http://localhost:8080/search?q=beauty&author=Oscar%20Wilde,42,0,0
1782351927517,32,HTTP Request,200,OK,Author Query 5-6,text,true,,263,155,6,66,http://localhost:8080/search?q=beauty&author=Oscar%20Wilde,32,0,0
1782351927539,21,HTTP Request,200,OK,Author Query 5-7,text,true,,263,155,6,66,http://localhost:8080/search?q=beauty&author=Oscar%20Wilde,21,0,0
1782351927539,21,HTTP Request,200,OK,Author Query 5-10,text,true,,263,155,6,66,http://localhost:8080/search?q=beauty&author=Oscar%20Wilde,21,0,0
1782351927528,32,HTTP Request,200,OK,Author Query 5-3,text,true,,263,155,6,66,http://localhost:8080/search?q=beauty&author=Oscar%20Wilde,32,0,0
1782351927549,25,HTTP Request,200,OK,Author Query 5-5,text,true,,263,155,6,66,http://localhost:8080/search?q=beauty&author=Oscar%20Wilde,25,0,0
1782351927547,42,HTTP Request,200,OK,Author Query 5-4,text,true,,263,155,6,66,http://localhost:8080/search?q=beauty&author=Oscar%20Wilde,42,0,0
1782351927549,42,HTTP Request,200,OK,Author Query 5-6,text,true,,263,155,6,66,http://localhost:8080/search?q=beauty&author=Oscar%20Wilde,42,0,0
1782351927560,47,HTTP Request,200,OK,Author Query 5-7,text,true,,263,155,6,66,http://localhost:8080/search?q=beauty&author=Oscar%20Wilde,47,0,0
1782351927560,48,HTTP Request,200,OK,Author Query 5-3,text,true,,263,155,6,66,http://localhost:8080/search?q=beauty&author=Oscar%20Wilde,48,0,0
1782351927575,33,HTTP Request,200,OK,Author Query 5-5,text,true,,263,155,6,66,http://localhost:8080/search?q=beauty&author=Oscar%20Wilde,33,0,0
1782351927560,48,HTTP Request,200,OK,Author Query 5-10,text,true,,263,155,6,66,http://localhost:8080/search?q=beauty&author=Oscar%20Wilde,48,0,0
1782351927589,37,HTTP Request,200,OK,Author Query 5-4,text,true,,263,155,5,65,http://localhost:8080/search?q=beauty&author=Oscar%20Wilde,36,0,0
1782351927591,48,HTTP Request,200,OK,Author Query 5-6,text,true,,263,155,5,65,http://localhost:8080/search?q=beauty&author=Oscar%20Wilde,48,0,0
1782351927608,33,HTTP Request,200,OK,Author Query 5-10,text,true,,263,155,5,65,http://localhost:8080/search?q=beauty&author=Oscar%20Wilde,33,0,0
1782351927608,37,HTTP Request,200,OK,Author Query 5-7,text,true,,263,155,4,64,http://localhost:8080/search?q=beauty&author=Oscar%20Wilde,37,0,0
1782351927608,46,HTTP Request,200,OK,Author Query 5-5,text,true,,263,155,4,64,http://localhost:8080/search?q=beauty&author=Oscar%20Wilde,46,0,0
1782351927639,55,HTTP Request,200,OK,Author Query 5-6,text,true,,263,155,4,64,http://localhost:8080/search?q=beauty&author=Oscar%20Wilde,55,0,0
1782351927654,40,HTTP Request,200,OK,Author Query 5-5,text,true,,263,155,4,64,http://localhost:8080/search?q=beauty&author=Oscar%20Wilde,40,0,0
1782351927627,68,HTTP Request,200,OK,Author Query 5-4,text,true,,263,155,4,64,http://localhost:8080/search?q=beauty&author=Oscar%20Wilde,68,0,0
1782351927646,56,HTTP Request,200,OK,Author Query 5-7,text,true,,263,155,4,64,http://localhost:8080/search?q=beauty&author=Oscar%20Wilde,56,0,0
1782351927695,26,HTTP Request,200,OK,Author Query 5-4,text,true,,263,155,4,64,http://localhost:8080/search?q=beauty&author=Oscar%20Wilde,26,0,0
1782351927702,35,HTTP Request,200,OK,Author Query 5-7,text,true,,263,155,4,64,http://localhost:8080/search?q=beauty&author=Oscar%20Wilde,35,0,0
1782351927695,42,HTTP Request,200,OK,Author Query 5-5,text,true,,263,155,4,64,http://localhost:8080/search?q=beauty&author=Oscar%20Wilde,42,0,0
1782351927694,43,HTTP Request,200,OK,Author Query 5-6,text,true,,263,155,4,64,http://localhost:8080/search?q=beauty&author=Oscar%20Wilde,43,0,0
1782351927722,39,HTTP Request,200,OK,Author Query 5-4,text,true,,263,155,4,64,http://localhost:8080/search?q=beauty&author=Oscar%20Wilde,39,0,0
1782351927737,37,HTTP Request,200,OK,Author Query 5-5,text,true,,263,155,4,64,http://localhost:8080/search?q=beauty&author=Oscar%20Wilde,37,0,0
1782351927737,47,HTTP Request,200,OK,Author Query 5-7,text,true,,263,155,4,64,http://localhost:8080/search?q=beauty&author=Oscar%20Wilde,47,0,0
1782351927761,24,HTTP Request,200,OK,Author Query 5-4,text,true,,263,155,4,64,http://localhost:8080/search?q=beauty&author=Oscar%20Wilde,24,0,0
1782351927737,49,HTTP Request,200,OK,Author Query 5-6,text,true,,263,155,4,64,http://localhost:8080/search?q=beauty&author=Oscar%20Wilde,49,0,0
1782351927775,36,HTTP Request,200,OK,Author Query 5-5,text,true,,263,155,4,64,http://localhost:8080/search?q=beauty&author=Oscar%20Wilde,36,0,0
1782351927785,50,HTTP Request,200,OK,Author Query 5-4,text,true,,263,155,4,64,http://localhost:8080/search?q=beauty&author=Oscar%20Wilde,50,0,0
1782351927785,50,HTTP Request,200,OK,Author Query 5-7,text,true,,263,155,4,64,http://localhost:8080/search?q=beauty&author=Oscar%20Wilde,50,0,0
1782351927787,50,HTTP Request,200,OK,Author Query 5-6,text,true,,263,155,4,64,http://localhost:8080/search?q=beauty&author=Oscar%20Wilde,50,0,0
1782351927811,48,HTTP Request,200,OK,Author Query 5-5,text,true,,263,155,4,64,http://localhost:8080/search?q=beauty&author=Oscar%20Wilde,48,0,0
1782351927835,34,HTTP Request,200,OK,Author Query 5-7,text,true,,263,155,4,64,http://localhost:8080/search?q=beauty&author=Oscar%20Wilde,34,0,0
1782351927837,35,HTTP Request,200,OK,Author Query 5-6,text,true,,263,155,4,64,http://localhost:8080/search?q=beauty&author=Oscar%20Wilde,35,0,0
1782351927835,81,HTTP Request,200,OK,Author Query 5-4,text,true,,263,155,4,64,http://localhost:8080/search?q=beauty&author=Oscar%20Wilde,81,0,0
1782351927859,58,HTTP Request,200,OK,Author Query 5-5,text,true,,263,155,4,64,http://localhost:8080/search?q=beauty&author=Oscar%20Wilde,58,0,0
1782351927872,52,HTTP Request,200,OK,Author Query 5-6,text,true,,263,155,4,64,http://localhost:8080/search?q=beauty&author=Oscar%20Wilde,52,0,0
1782351927869,65,HTTP Request,200,OK,Author Query 5-7,text,true,,263,155,4,64,http://localhost:8080/search?q=beauty&author=Oscar%20Wilde,65,0,0
1782351927917,26,HTTP Request,200,OK,Author Query 5-5,text,true,,263,155,4,64,http://localhost:8080/search?q=beauty&author=Oscar%20Wilde,26,0,0
1782351927916,33,HTTP Request,200,OK,Author Query 5-4,text,true,,263,155,4,64,http://localhost:8080/search?q=beauty&author=Oscar%20Wilde,33,0,0
1782351927934,41,HTTP Request,200,OK,Author Query 5-7,text,true,,263,155,4,64,http://localhost:8080/search?q=beauty&author=Oscar%20Wilde,41,0,0
1782351927949,29,HTTP Request,200,OK,Author Query 5-4,text,true,,263,155,4,64,http://localhost:8080/search?q=beauty&author=Oscar%20Wilde,29,0,0
1782351927924,54,HTTP Request,200,OK,Author Query 5-6,text,true,,263,155,4,64,http://localhost:8080/search?q=beauty&author=Oscar%20Wilde,54,0,0
1782351927944,45,HTTP Request,200,OK,Author Query 5-5,text,true,,263,155,4,64,http://localhost:8080/search?q=beauty&author=Oscar%20Wilde,45,0,0
1782351927975,36,HTTP Request,200,OK,Author Query 5-7,text,true,,263,155,4,64,http://localhost:8080/search?q=beauty&author=Oscar%20Wilde,36,0,0
1782351927979,32,HTTP Request,200,OK,Author Query 5-6,text,true,,263,155,4,64,http://localhost:8080/search?q=beauty&author=Oscar%20Wilde,32,0,0
1782351927979,36,HTTP Request,200,OK,Author Query 5-4,text,true,,263,155,4,64,http://localhost:8080/search?q=beauty&author=Oscar%20Wilde,36,0,0
1782351927989,31,HTTP Request,200,OK,Author Query 5-5,text,true,,263,155,4,64,http://localhost:8080/search?q=beauty&author=Oscar%20Wilde,31,0,0
1782351928015,36,HTTP Request,200,OK,Author Query 5-4,text,true,,263,155,3,63,http://localhost:8080/search?q=beauty&author=Oscar%20Wilde,36,0,0
1782351928011,40,HTTP Request,200,OK,Author Query 5-6,text,true,,263,155,3,63,http://localhost:8080/search?q=beauty&author=Oscar%20Wilde,40,0,0
1782351928011,41,HTTP Request,200,OK,Author Query 5-7,text,true,,263,155,3,63,http://localhost:8080/search?q=beauty&author=Oscar%20Wilde,41,0,0
1782351928051,42,HTTP Request,200,OK,Author Query 5-6,text,true,,263,155,3,63,http://localhost:8080/search?q=beauty&author=Oscar%20Wilde,42,0,0
1782351928052,41,HTTP Request,200,OK,Author Query 5-7,text,true,,263,155,3,63,http://localhost:8080/search?q=beauty&author=Oscar%20Wilde,41,0,0
1782351928051,44,HTTP Request,200,OK,Author Query 5-4,text,true,,263,155,3,63,http://localhost:8080/search?q=beauty&author=Oscar%20Wilde,44,0,0
1782351928093,43,HTTP Request,200,OK,Author Query 5-6,text,true,,263,155,3,63,http://localhost:8080/search?q=beauty&author=Oscar%20Wilde,43,0,0
1782351928095,44,HTTP Request,200,OK,Author Query 5-4,text,true,,263,155,3,63,http://localhost:8080/search?q=beauty&author=Oscar%20Wilde,44,0,0
1782351928094,45,HTTP Request,200,OK,Author Query 5-7,text,true,,263,155,3,63,http://localhost:8080/search?q=beauty&author=Oscar%20Wilde,45,0,0
1782351928136,48,HTTP Request,200,OK,Author Query 5-6,text,true,,263,155,3,63,http://localhost:8080/search?q=beauty&author=Oscar%20Wilde,48,0,0
1782351928139,52,HTTP Request,200,OK,Author Query 5-7,text,true,,263,155,3,63,http://localhost:8080/search?q=beauty&author=Oscar%20Wilde,52,0,0
1782351928139,52,HTTP Request,200,OK,Author Query 5-4,text,true,,263,155,3,63,http://localhost:8080/search?q=beauty&author=Oscar%20Wilde,52,0,0
1782351928191,43,HTTP Request,200,OK,Author Query 5-7,text,true,,263,155,3,63,http://localhost:8080/search?q=beauty&author=Oscar%20Wilde,43,0,0
1782351928191,52,HTTP Request,200,OK,Author Query 5-4,text,true,,263,155,3,63,http://localhost:8080/search?q=beauty&author=Oscar%20Wilde,52,0,0
1782351928184,64,HTTP Request,200,OK,Author Query 5-6,text,true,,263,155,3,63,http://localhost:8080/search?q=beauty&author=Oscar%20Wilde,64,0,0
1782351928243,39,HTTP Request,200,OK,Author Query 5-4,text,true,,263,155,3,63,http://localhost:8080/search?q=beauty&author=Oscar%20Wilde,39,0,0
1782351928235,60,HTTP Request,200,OK,Author Query 5-7,text,true,,263,155,2,62,http://localhost:8080/search?q=beauty&author=Oscar%20Wilde,60,0,0
1782351928249,50,HTTP Request,200,OK,Author Query 5-6,text,true,,263,155,2,62,http://localhost:8080/search?q=beauty&author=Oscar%20Wilde,50,0,0
1782351928299,62,HTTP Request,200,OK,Author Query 5-6,text,true,,263,155,2,62,http://localhost:8080/search?q=beauty&author=Oscar%20Wilde,62,0,0
1782351928296,72,HTTP Request,200,OK,Author Query 5-7,text,true,,263,155,2,62,http://localhost:8080/search?q=beauty&author=Oscar%20Wilde,72,0,0
1782351928368,52,HTTP Request,200,OK,Author Query 5-7,text,true,,263,155,2,62,http://localhost:8080/search?q=beauty&author=Oscar%20Wilde,52,0,0
1782351928362,63,HTTP Request,200,OK,Author Query 5-6,text,true,,263,155,2,62,http://localhost:8080/search?q=beauty&author=Oscar%20Wilde,63,0,0
1782351928420,45,HTTP Request,200,OK,Author Query 5-7,text,true,,263,155,2,62,http://localhost:8080/search?q=beauty&author=Oscar%20Wilde,45,0,0
1782351928426,43,HTTP Request,200,OK,Author Query 5-6,text,true,,263,155,2,62,http://localhost:8080/search?q=beauty&author=Oscar%20Wilde,43,0,0
1782351928466,23,HTTP Request,200,OK,Author Query 5-7,text,true,,263,155,2,62,http://localhost:8080/search?q=beauty&author=Oscar%20Wilde,23,0,0
1782351928470,32,HTTP Request,200,OK,Author Query 5-6,text,true,,263,155,2,62,http://localhost:8080/search?q=beauty&author=Oscar%20Wilde,32,0,0
1782351928489,30,HTTP Request,200,OK,Author Query 5-7,text,true,,263,155,2,62,http://localhost:8080/search?q=beauty&author=Oscar%20Wilde,30,0,0
1782351928502,27,HTTP Request,200,OK,Author Query 5-6,text,true,,263,155,2,62,http://localhost:8080/search?q=beauty&author=Oscar%20Wilde,27,0,0
1782351928519,45,HTTP Request,200,OK,Author Query 5-7,text,true,,263,155,2,62,http://localhost:8080/search?q=beauty&author=Oscar%20Wilde,45,0,0
1782351928530,41,HTTP Request,200,OK,Author Query 5-6,text,true,,263,155,2,62,http://localhost:8080/search?q=beauty&author=Oscar%20Wilde,41,0,0
1782351928565,38,HTTP Request,200,OK,Author Query 5-7,text,true,,263,155,2,62,http://localhost:8080/search?q=beauty&author=Oscar%20Wilde,38,0,0
1782351928571,36,HTTP Request,200,OK,Author Query 5-6,text,true,,263,155,2,62,http://localhost:8080/search?q=beauty&author=Oscar%20Wilde,36,0,0
1782351928603,26,HTTP Request,200,OK,Author Query 5-7,text,true,,263,155,2,62,http://localhost:8080/search?q=beauty&author=Oscar%20Wilde,26,0,0
1782351928607,27,HTTP Request,200,OK,Author Query 5-6,text,true,,263,155,2,62,http://localhost:8080/search?q=beauty&author=Oscar%20Wilde,27,0,0
1782351928631,43,HTTP Request,200,OK,Author Query 5-7,text,true,,263,155,2,62,http://localhost:8080/search?q=beauty&author=Oscar%20Wilde,43,0,0
1782351928634,41,HTTP Request,200,OK,Author Query 5-6,text,true,,263,155,2,62,http://localhost:8080/search?q=beauty&author=Oscar%20Wilde,41,0,0
1782351928675,31,HTTP Request,200,OK,Author Query 5-6,text,true,,263,155,2,62,http://localhost:8080/search?q=beauty&author=Oscar%20Wilde,31,0,0
1782351928674,34,HTTP Request,200,OK,Author Query 5-7,text,true,,263,155,2,62,http://localhost:8080/search?q=beauty&author=Oscar%20Wilde,34,0,0
1782351928706,28,HTTP Request,200,OK,Author Query 5-6,text,true,,263,155,2,62,http://localhost:8080/search?q=beauty&author=Oscar%20Wilde,28,0,0
1782351928709,31,HTTP Request,200,OK,Author Query 5-7,text,true,,263,155,2,62,http://localhost:8080/search?q=beauty&author=Oscar%20Wilde,31,0,0
1782351928735,42,HTTP Request,200,OK,Author Query 5-6,text,true,,263,155,2,62,http://localhost:8080/search?q=beauty&author=Oscar%20Wilde,42,0,0
1782351928740,38,HTTP Request,200,OK,Author Query 5-7,text,true,,263,155,2,62,http://localhost:8080/search?q=beauty&author=Oscar%20Wilde,38,0,0
1782351928777,38,HTTP Request,200,OK,Author Query 5-6,text,true,,263,155,2,62,http://localhost:8080/search?q=beauty&author=Oscar%20Wilde,38,0,0
1782351928778,51,HTTP Request,200,OK,Author Query 5-7,text,true,,263,155,2,62,http://localhost:8080/search?q=beauty&author=Oscar%20Wilde,51,0,0
1782351928815,63,HTTP Request,200,OK,Author Query 5-6,text,true,,263,155,2,62,http://localhost:8080/search?q=beauty&author=Oscar%20Wilde,63,0,0
1782351928831,52,HTTP Request,200,OK,Author Query 5-7,text,true,,263,155,2,62,http://localhost:8080/search?q=beauty&author=Oscar%20Wilde,52,0,0
1782351928878,58,HTTP Request,200,OK,Author Query 5-6,text,true,,263,155,2,62,http://localhost:8080/search?q=beauty&author=Oscar%20Wilde,58,0,0
1782351928884,67,HTTP Request,200,OK,Author Query 5-7,text,true,,263,155,2,62,http://localhost:8080/search?q=beauty&author=Oscar%20Wilde,67,0,0
1782351928952,37,HTTP Request,200,OK,Author Query 5-7,text,true,,263,155,2,62,http://localhost:8080/search?q=beauty&author=Oscar%20Wilde,37,0,0
1782351928937,53,HTTP Request,200,OK,Author Query 5-6,text,true,,263,155,2,62,http://localhost:8080/search?q=beauty&author=Oscar%20Wilde,53,0,0
1782351928990,41,HTTP Request,200,OK,Author Query 5-6,text,true,,263,155,2,62,http://localhost:8080/search?q=beauty&author=Oscar%20Wilde,41,0,0
1782351928990,41,HTTP Request,200,OK,Author Query 5-7,text,true,,263,155,2,62,http://localhost:8080/search?q=beauty&author=Oscar%20Wilde,41,0,0
1782351929031,22,HTTP Request,200,OK,Author Query 5-6,text,true,,263,155,2,62,http://localhost:8080/search?q=beauty&author=Oscar%20Wilde,22,0,0
1782351929031,29,HTTP Request,200,OK,Author Query 5-7,text,true,,263,155,2,62,http://localhost:8080/search?q=beauty&author=Oscar%20Wilde,29,0,0
1782351929053,21,HTTP Request,200,OK,Author Query 5-6,text,true,,263,155,2,62,http://localhost:8080/search?q=beauty&author=Oscar%20Wilde,21,0,0
1782351929060,36,HTTP Request,200,OK,Author Query 5-7,text,true,,263,155,2,62,http://localhost:8080/search?q=beauty&author=Oscar%20Wilde,36,0,0
1782351929074,34,HTTP Request,200,OK,Author Query 5-6,text,true,,263,155,2,62,http://localhost:8080/search?q=beauty&author=Oscar%20Wilde,34,0,0
1782351929108,37,HTTP Request,200,OK,Author Query 5-6,text,true,,263,155,2,62,http://localhost:8080/search?q=beauty&author=Oscar%20Wilde,37,0,0
1782351929096,53,HTTP Request,200,OK,Author Query 5-7,text,true,,263,155,2,62,http://localhost:8080/search?q=beauty&author=Oscar%20Wilde,53,0,0
1782351929145,34,HTTP Request,200,OK,Author Query 5-6,text,true,,263,155,2,62,http://localhost:8080/search?q=beauty&author=Oscar%20Wilde,34,0,0
1782351929149,37,HTTP Request,200,OK,Author Query 5-7,text,true,,263,155,2,62,http://localhost:8080/search?q=beauty&author=Oscar%20Wilde,37,0,0
1782351929179,36,HTTP Request,200,OK,Author Query 5-6,text,true,,263,155,2,62,http://localhost:8080/search?q=beauty&author=Oscar%20Wilde,36,0,0
1782351929187,54,HTTP Request,200,OK,Author Query 5-7,text,true,,263,155,2,62,http://localhost:8080/search?q=beauty&author=Oscar%20Wilde,54,0,0
1782351929215,35,HTTP Request,200,OK,Author Query 5-6,text,true,,263,155,2,62,http://localhost:8080/search?q=beauty&author=Oscar%20Wilde,35,0,0
1782351929242,30,HTTP Request,200,OK,Author Query 5-7,text,true,,263,155,2,62,http://localhost:8080/search?q=beauty&author=Oscar%20Wilde,30,0,0
1782351929251,30,HTTP Request,200,OK,Author Query 5-6,text,true,,263,155,2,62,http://localhost:8080/search?q=beauty&author=Oscar%20Wilde,30,0,0
1782351929281,43,HTTP Request,200,OK,Author Query 5-6,text,true,,263,155,2,62,http://localhost:8080/search?q=beauty&author=Oscar%20Wilde,43,0,0
1782351929272,60,HTTP Request,200,OK,Author Query 5-7,text,true,,263,155,2,62,http://localhost:8080/search?q=beauty&author=Oscar%20Wilde,60,0,0
1782351929325,50,HTTP Request,200,OK,Author Query 5-6,text,true,,263,155,1,61,http://localhost:8080/search?q=beauty&author=Oscar%20Wilde,50,0,0
1782351929375,36,HTTP Request,200,OK,Author Query 5-6,text,true,,263,155,1,61,http://localhost:8080/search?q=beauty&author=Oscar%20Wilde,36,0,0
1782351929412,48,HTTP Request,200,OK,Author Query 5-6,text,true,,263,155,1,61,http://localhost:8080/search?q=beauty&author=Oscar%20Wilde,48,0,0
1782351929460,25,HTTP Request,200,OK,Author Query 5-6,text,true,,263,155,1,61,http://localhost:8080/search?q=beauty&author=Oscar%20Wilde,25,0,0
1782351929485,32,HTTP Request,200,OK,Author Query 5-6,text,true,,263,155,1,61,http://localhost:8080/search?q=beauty&author=Oscar%20Wilde,32,0,0
1782351929517,25,HTTP Request,200,OK,Author Query 5-6,text,true,,263,155,1,61,http://localhost:8080/search?q=beauty&author=Oscar%20Wilde,25,0,0
1782351929542,58,HTTP Request,200,OK,Author Query 5-6,text,true,,263,155,1,61,http://localhost:8080/search?q=beauty&author=Oscar%20Wilde,58,0,0
1782351929600,38,HTTP Request,200,OK,Author Query 5-6,text,true,,263,155,1,61,http://localhost:8080/search?q=beauty&author=Oscar%20Wilde,38,0,0
1782351929638,51,HTTP Request,200,OK,Author Query 5-6,text,true,,263,155,1,61,http://localhost:8080/search?q=beauty&author=Oscar%20Wilde,51,0,0
1782351929690,39,HTTP Request,200,OK,Author Query 5-6,text,true,,263,155,1,61,http://localhost:8080/search?q=beauty&author=Oscar%20Wilde,39,0,0
1782351929729,49,HTTP Request,200,OK,Author Query 5-6,text,true,,263,155,1,61,http://localhost:8080/search?q=beauty&author=Oscar%20Wilde,49,0,0
1782351929778,46,HTTP Request,200,OK,Author Query 5-6,text,true,,263,155,1,61,http://localhost:8080/search?q=beauty&author=Oscar%20Wilde,46,0,0
1782351929825,20,HTTP Request,200,OK,Author Query 5-6,text,true,,263,155,1,61,http://localhost:8080/search?q=beauty&author=Oscar%20Wilde,20,0,0
