timeStamp,elapsed,label,responseCode,responseMessage,threadName,dataType,success,failureMessage,bytes,sentBytes,grpThreads,allThreads,URL,Latency,IdleTime,Connect
1782353836813,76,HTTP Request,200,OK,Author Query 5-1,text,true,,263,155,1,5,http://localhost:8080/search?q=beauty&author=Oscar%20Wilde,76,0,1
1782353836892,49,HTTP Request,200,OK,Author Query 5-1,text,true,,263,155,1,5,http://localhost:8080/search?q=beauty&author=Oscar%20Wilde,49,0,0
1782353836942,40,HTTP Request,200,OK,Author Query 5-1,text,true,,263,155,1,5,http://localhost:8080/search?q=beauty&author=Oscar%20Wilde,40,0,0
1782353836982,36,HTTP Request,200,OK,Author Query 5-1,text,true,,263,155,1,5,http://localhost:8080/search?q=beauty&author=Oscar%20Wilde,36,0,0
1782353837018,27,HTTP Request,200,OK,Author Query 5-1,text,true,,263,155,1,5,http://localhost:8080/search?q=beauty&author=Oscar%20Wilde,27,0,0
1782353837045,40,HTTP Request,200,OK,Author Query 5-1,text,true,,263,155,1,5,http://localhost:8080/search?q=beauty&author=Oscar%20Wilde,40,0,0
1782353837086,42,HTTP Request,200,OK,Author Query 5-1,text,true,,263,155,1,5,http://localhost:8080/search?q=beauty&author=Oscar%20Wilde,42,0,0
1782353837128,42,HTTP Request,200,OK,Author Query 5-1,text,true,,263,155,1,5,http://localhost:8080/search?q=beauty&author=Oscar%20Wilde,42,0,0
1782353837170,39,HTTP Request,200,OK,Author Query 5-1,text,true,,263,155,1,5,http://localhost:8080/search?q=beauty&author=Oscar%20Wilde,39,0,0
1782353837209,28,HTTP Request,200,OK,Author Query 5-1,text,true,,263,155,1,5,http://localhost:8080/search?q=beauty&author=Oscar%20Wilde,28,0,0
1782353837237,33,HTTP Request,200,OK,Author Query 5-1,text,true,,263,155,1,5,http://localhost:8080/search?q=beauty&author=Oscar%20Wilde,33,0,0
1782353837270,41,HTTP Request,200,OK,Author Query 5-1,text,true,,263,155,1,6,http://localhost:8080/search?q=beauty&author=Oscar%20Wilde,41,0,0
1782353837311,38,HTTP Request,200,OK,Author Query 5-1,text,true,,263,155,1,6,http://localhost:8080/search?q=beauty&author=Oscar%20Wilde,38,0,0
1782353837350,42,HTTP Request,200,OK,Author Query 5-1,text,true,,263,155,1,6,http://localhost:8080/search?q=beauty&author=Oscar%20Wilde,42,0,0
1782353837393,52,HTTP Request,200,OK,Author Query 5-1,text,true,,263,155,1,6,http://localhost:8080/search?q=beauty&author=Oscar%20Wilde,52,0,0
1782353837445,50,HTTP Request,200,OK,Author Query 5-1,text,true,,263,155,1,6,http://localhost:8080/search?q=beauty&author=Oscar%20Wilde,50,0,0
1782353837495,48,HTTP Request,200,OK,Author Query 5-1,text,true,,263,155,1,6,http://localhost:8080/search?q=beauty&author=Oscar%20Wilde,48,0,0
1782353837543,43,HTTP Request,200,OK,Author Query 5-1,text,true,,263,155,1,6,http://localhost:8080/search?q=beauty&author=Oscar%20Wilde,43,0,0
1782353837587,38,HTTP Request,200,OK,Author Query 5-1,text,true,,263,155,1,6,http://localhost:8080/search?q=beauty&author=Oscar%20Wilde,38,0,0
1782353837626,30,HTTP Request,200,OK,Author Query 5-1,text,true,,263,155,1,6,http://localhost:8080/search?q=beauty&author=Oscar%20Wilde,30,0,0
1782353837656,34,HTTP Request,200,OK,Author Query 5-1,text,true,,263,155,1,6,http://localhost:8080/search?q=beauty&author=Oscar%20Wilde,34,0,0
1782353837690,38,HTTP Request,200,OK,Author Query 5-1,text,true,,263,155,1,6,http://localhost:8080/search?q=beauty&author=Oscar%20Wilde,38,0,0
1782353837729,37,HTTP Request,200,OK,Author Query 5-1,text,true,,263,155,1,6,http://localhost:8080/search?q=beauty&author=Oscar%20Wilde,37,0,0
1782353837767,84,HTTP Request,200,OK,Author Query 5-1,text,true,,263,155,2,11,http://localhost:8080/search?q=beauty&author=Oscar%20Wilde,84,0,0
1782353837832,59,HTTP Request,200,OK,Author Query 5-2,text,true,,263,155,2,11,http://localhost:8080/search?q=beauty&author=Oscar%20Wilde,59,0,1
1782353837851,60,HTTP Request,200,OK,Author Query 5-1,text,true,,263,155,2,11,http://localhost:8080/search?q=beauty&author=Oscar%20Wilde,60,0,0
1782353837896,36,HTTP Request,200,OK,Author Query 5-2,text,true,,263,155,2,11,http://localhost:8080/search?q=beauty&author=Oscar%20Wilde,36,0,0
1782353837914,63,HTTP Request,200,OK,Author Query 5-1,text,true,,263,155,2,11,http://localhost:8080/search?q=beauty&author=Oscar%20Wilde,63,0,0
1782353837932,60,HTTP Request,200,OK,Author Query 5-2,text,true,,263,155,2,11,http://localhost:8080/search?q=beauty&author=Oscar%20Wilde,60,0,0
1782353837978,70,HTTP Request,200,OK,Author Query 5-1,text,true,,263,155,2,11,http://localhost:8080/search?q=beauty&author=Oscar%20Wilde,70,0,0
1782353837992,77,HTTP Request,200,OK,Author Query 5-2,text,true,,263,155,2,11,http://localhost:8080/search?q=beauty&author=Oscar%20Wilde,77,0,0
1782353838048,67,HTTP Request,200,OK,Author Query 5-1,text,true,,263,155,2,11,http://localhost:8080/search?q=beauty&author=Oscar%20Wilde,67,0,0
1782353838069,61,HTTP Request,200,OK,Author Query 5-2,text,true,,263,155,2,11,http://localhost:8080/search?q=beauty&author=Oscar%20Wilde,61,0,0
1782353838115,40,HTTP Request,200,OK,Author Query 5-1,text,true,,263,155,2,11,http://localhost:8080/search?q=beauty&author=Oscar%20Wilde,40,0,0
1782353838130,48,HTTP Request,200,OK,Author Query 5-2,text,true,,263,155,2,11,http://localhost:8080/search?q=beauty&author=Oscar%20Wilde,48,0,0
1782353838156,48,HTTP Request,200,OK,Author Query 5-1,text,true,,263,155,2,11,http://localhost:8080/search?q=beauty&author=Oscar%20Wilde,48,0,0
1782353838178,50,HTTP Request,200,OK,Author Query 5-2,text,true,,263,155,2,11,http://localhost:8080/search?q=beauty&author=Oscar%20Wilde,50,0,0
1782353838205,52,HTTP Request,200,OK,Author Query 5-1,text,true,,263,155,2,11,http://localhost:8080/search?q=beauty&author=Oscar%20Wilde,52,0,0
1782353838229,70,HTTP Request,200,OK,Author Query 5-2,text,true,,263,155,2,12,http://localhost:8080/search?q=beauty&author=Oscar%20Wilde,70,0,0
1782353838258,101,HTTP Request,200,OK,Author Query 5-1,text,true,,263,155,2,12,http://localhost:8080/search?q=beauty&author=Oscar%20Wilde,101,0,0
1782353838299,102,HTTP Request,200,OK,Author Query 5-2,text,true,,263,155,2,12,http://localhost:8080/search?q=beauty&author=Oscar%20Wilde,102,0,0
1782353838359,61,HTTP Request,200,OK,Author Query 5-1,text,true,,263,155,2,12,http://localhost:8080/search?q=beauty&author=Oscar%20Wilde,61,0,0
1782353838402,93,HTTP Request,200,OK,Author Query 5-2,text,true,,263,155,2,12,http://localhost:8080/search?q=beauty&author=Oscar%20Wilde,93,0,0
1782353838421,83,HTTP Request,200,OK,Author Query 5-1,text,true,,263,155,2,12,http://localhost:8080/search?q=beauty&author=Oscar%20Wilde,83,0,0
1782353838505,104,HTTP Request,200,OK,Author Query 5-1,text,true,,263,155,2,12,http://localhost:8080/search?q=beauty&author=Oscar%20Wilde,104,0,0
1782353838495,114,HTTP Request,200,OK,Author Query 5-2,text,true,,263,155,2,12,http://localhost:8080/search?q=beauty&author=Oscar%20Wilde,114,0,0
1782353838609,46,HTTP Request,200,OK,Author Query 5-1,text,true,,263,155,2,12,http://localhost:8080/search?q=beauty&author=Oscar%20Wilde,46,0,0
1782353838609,55,HTTP Request,200,OK,Author Query 5-2,text,true,,263,155,2,12,http://localhost:8080/search?q=beauty&author=Oscar%20Wilde,55,0,0
1782353838664,87,HTTP Request,200,OK,Author Query 5-2,text,true,,263,155,2,12,http://localhost:8080/search?q=beauty&author=Oscar%20Wilde,87,0,0
1782353838656,123,HTTP Request,200,OK,Author Query 5-1,text,true,,263,155,2,12,http://localhost:8080/search?q=beauty&author=Oscar%20Wilde,123,0,0
1782353838779,158,HTTP Request,200,OK,Author Query 5-1,text,true,,263,155,3,17,http://localhost:8080/search?q=beauty&author=Oscar%20Wilde,158,0,0
1782353838751,186,HTTP Request,200,OK,Author Query 5-2,text,true,,263,155,3,17,http://localhost:8080/search?q=beauty&author=Oscar%20Wilde,186,0,0
1782353838830,133,HTTP Request,200,OK,Author Query 5-3,text,true,,263,155,3,17,http://localhost:8080/search?q=beauty&author=Oscar%20Wilde,133,0,25
1782353838937,104,HTTP Request,200,OK,Author Query 5-1,text,true,,263,155,3,17,http://localhost:8080/search?q=beauty&author=Oscar%20Wilde,104,0,0
1782353838937,114,HTTP Request,200,OK,Author Query 5-2,text,true,,263,155,3,17,http://localhost:8080/search?q=beauty&author=Oscar%20Wilde,114,0,0
1782353838963,88,HTTP Request,200,OK,Author Query 5-3,text,true,,263,155,3,17,http://localhost:8080/search?q=beauty&author=Oscar%20Wilde,88,0,0
1782353839052,102,HTTP Request,200,OK,Author Query 5-2,text,true,,263,155,3,17,http://localhost:8080/search?q=beauty&author=Oscar%20Wilde,102,0,0
1782353839042,121,HTTP Request,200,OK,Author Query 5-1,text,true,,263,155,3,17,http://localhost:8080/search?q=beauty&author=Oscar%20Wilde,121,0,0
1782353839053,110,HTTP Request,200,OK,Author Query 5-3,text,true,,263,155,3,17,http://localhost:8080/search?q=beauty&author=Oscar%20Wilde,110,0,0
1782353839154,62,HTTP Request,200,OK,Author Query 5-2,text,true,,263,155,3,17,http://localhost:8080/search?q=beauty&author=Oscar%20Wilde,62,0,0
1782353839163,68,HTTP Request,200,OK,Author Query 5-1,text,true,,263,155,3,17,http://localhost:8080/search?q=beauty&author=Oscar%20Wilde,68,0,0
1782353839163,88,HTTP Request,200,OK,Author Query 5-3,text,true,,263,155,3,17,http://localhost:8080/search?q=beauty&author=Oscar%20Wilde,87,0,0
1782353839251,89,HTTP Request,200,OK,Author Query 5-3,text,true,,263,155,3,18,http://localhost:8080/search?q=beauty&author=Oscar%20Wilde,89,0,0
1782353839217,145,HTTP Request,200,OK,Author Query 5-2,text,true,,263,155,3,18,http://localhost:8080/search?q=beauty&author=Oscar%20Wilde,145,0,0
1782353839231,133,HTTP Request,200,OK,Author Query 5-1,text,true,,263,155,3,18,http://localhost:8080/search?q=beauty&author=Oscar%20Wilde,133,0,0
1782353839341,152,HTTP Request,200,OK,Author Query 5-3,text,true,,263,155,3,18,http://localhost:8080/search?q=beauty&author=Oscar%20Wilde,152,0,0
1782353839362,134,HTTP Request,200,OK,Author Query 5-2,text,true,,263,155,3,18,http://localhost:8080/search?q=beauty&author=Oscar%20Wilde,134,0,0
1782353839364,143,HTTP Request,200,OK,Author Query 5-1,text,true,,263,155,3,18,http://localhost:8080/search?q=beauty&author=Oscar%20Wilde,143,0,0
1782353839497,106,HTTP Request,200,OK,Author Query 5-2,text,true,,263,155,3,18,http://localhost:8080/search?q=beauty&author=Oscar%20Wilde,106,0,0
1782353839507,96,HTTP Request,200,OK,Author Query 5-1,text,true,,263,155,3,18,http://localhost:8080/search?q=beauty&author=Oscar%20Wilde,96,0,0
1782353839493,111,HTTP Request,200,OK,Author Query 5-3,text,true,,263,155,3,18,http://localhost:8080/search?q=beauty&author=Oscar%20Wilde,111,0,0
1782353839603,79,HTTP Request,200,OK,Author Query 5-2,text,true,,263,155,3,18,http://localhost:8080/search?q=beauty&author=Oscar%20Wilde,79,0,0
1782353839604,84,HTTP Request,200,OK,Author Query 5-3,text,true,,263,155,3,18,http://localhost:8080/search?q=beauty&author=Oscar%20Wilde,84,0,0
1782353839603,92,HTTP Request,200,OK,Author Query 5-1,text,true,,263,155,3,18,http://localhost:8080/search?q=beauty&author=Oscar%20Wilde,92,0,0
1782353839688,51,HTTP Request,200,OK,Author Query 5-3,text,true,,263,155,3,18,http://localhost:8080/search?q=beauty&author=Oscar%20Wilde,51,0,0
1782353839695,46,HTTP Request,200,OK,Author Query 5-1,text,true,,263,155,3,18,http://localhost:8080/search?q=beauty&author=Oscar%20Wilde,46,0,0
1782353839682,85,HTTP Request,200,OK,Author Query 5-2,text,true,,263,155,3,18,http://localhost:8080/search?q=beauty&author=Oscar%20Wilde,85,0,0
1782353839768,120,HTTP Request,200,OK,Author Query 5-2,text,true,,263,155,4,23,http://localhost:8080/search?q=beauty&author=Oscar%20Wilde,120,0,0
1782353839740,150,HTTP Request,200,OK,Author Query 5-3,text,true,,263,155,4,23,http://localhost:8080/search?q=beauty&author=Oscar%20Wilde,150,0,0
1782353839742,148,HTTP Request,200,OK,Author Query 5-1,text,true,,263,155,4,23,http://localhost:8080/search?q=beauty&author=Oscar%20Wilde,148,0,0
1782353839837,141,HTTP Request,200,OK,Author Query 5-4,text,true,,263,155,4,23,http://localhost:8080/search?q=beauty&author=Oscar%20Wilde,141,0,2
1782353839890,127,HTTP Request,200,OK,Author Query 5-3,text,true,,263,155,4,23,http://localhost:8080/search?q=beauty&author=Oscar%20Wilde,127,0,0
1782353839888,135,HTTP Request,200,OK,Author Query 5-2,text,true,,263,155,4,23,http://localhost:8080/search?q=beauty&author=Oscar%20Wilde,135,0,0
1782353839890,164,HTTP Request,200,OK,Author Query 5-1,text,true,,263,155,4,23,http://localhost:8080/search?q=beauty&author=Oscar%20Wilde,164,0,0
1782353839978,89,HTTP Request,200,OK,Author Query 5-4,text,true,,263,155,4,23,http://localhost:8080/search?q=beauty&author=Oscar%20Wilde,89,0,0
1782353840017,80,HTTP Request,200,OK,Author Query 5-3,text,true,,263,155,4,23,http://localhost:8080/search?q=beauty&author=Oscar%20Wilde,80,0,0
1782353840023,93,HTTP Request,200,OK,Author Query 5-2,text,true,,263,155,4,23,http://localhost:8080/search?q=beauty&author=Oscar%20Wilde,93,0,0
1782353840067,101,HTTP Request,200,OK,Author Query 5-4,text,true,,263,155,4,23,http://localhost:8080/search?q=beauty&author=Oscar%20Wilde,101,0,0
1782353840097,72,HTTP Request,200,OK,Author Query 5-3,text,true,,263,155,4,23,http://localhost:8080/search?q=beauty&author=Oscar%20Wilde,72,0,0
1782353840055,122,HTTP Request,200,OK,Author Query 5-1,text,true,,263,155,4,23,http://localhost:8080/search?q=beauty&author=Oscar%20Wilde,122,0,0
1782353840116,74,HTTP Request,200,OK,Author Query 5-2,text,true,,263,155,4,23,http://localhost:8080/search?q=beauty&author=Oscar%20Wilde,74,0,0
1782353840169,101,HTTP Request,200,OK,Author Query 5-4,text,true,,263,155,4,23,http://localhost:8080/search?q=beauty&author=Oscar%20Wilde,101,0,0
1782353840169,101,HTTP Request,200,OK,Author Query 5-3,text,true,,263,155,4,23,http://localhost:8080/search?q=beauty&author=Oscar%20Wilde,101,0,0
1782353840177,125,HTTP Request,200,OK,Author Query 5-1,text,true,,263,155,4,24,http://localhost:8080/search?q=beauty&author=Oscar%20Wilde,125,0,0
1782353840191,150,HTTP Request,200,OK,Author Query 5-2,text,true,,263,155,4,24,http://localhost:8080/search?q=beauty&author=Oscar%20Wilde,150,0,0
1782353840270,138,HTTP Request,200,OK,Author Query 5-3,text,true,,263,155,4,24,http://localhost:8080/search?q=beauty&author=Oscar%20Wilde,138,0,0
1782353840270,138,HTTP Request,200,OK,Author Query 5-4,text,true,,263,155,4,24,http://localhost:8080/search?q=beauty&author=Oscar%20Wilde,138,0,0
1782353840341,100,HTTP Request,200,OK,Author Query 5-2,text,true,,263,155,4,24,http://localhost:8080/search?q=beauty&author=Oscar%20Wilde,100,0,0
1782353840303,153,HTTP Request,200,OK,Author Query 5-1,text,true,,263,155,4,24,http://localhost:8080/search?q=beauty&author=Oscar%20Wilde,153,0,0
1782353840408,80,HTTP Request,200,OK,Author Query 5-3,text,true,,263,155,4,24,http://localhost:8080/search?q=beauty&author=Oscar%20Wilde,80,0,0
1782353840408,90,HTTP Request,200,OK,Author Query 5-4,text,true,,263,155,4,24,http://localhost:8080/search?q=beauty&author=Oscar%20Wilde,90,0,0
1782353840441,86,HTTP Request,200,OK,Author Query 5-2,text,true,,263,155,4,24,http://localhost:8080/search?q=beauty&author=Oscar%20Wilde,86,0,0
1782353840456,87,HTTP Request,200,OK,Author Query 5-1,text,true,,263,155,4,24,http://localhost:8080/search?q=beauty&author=Oscar%20Wilde,87,0,0
1782353840498,93,HTTP Request,200,OK,Author Query 5-4,text,true,,263,155,4,24,http://localhost:8080/search?q=beauty&author=Oscar%20Wilde,93,0,0
1782353840489,127,HTTP Request,200,OK,Author Query 5-3,text,true,,263,155,4,24,http://localhost:8080/search?q=beauty&author=Oscar%20Wilde,127,0,0
1782353840528,112,HTTP Request,200,OK,Author Query 5-2,text,true,,263,155,4,24,http://localhost:8080/search?q=beauty&author=Oscar%20Wilde,112,0,0
1782353840543,120,HTTP Request,200,OK,Author Query 5-1,text,true,,263,155,4,24,http://localhost:8080/search?q=beauty&author=Oscar%20Wilde,120,0,0
1782353840592,112,HTTP Request,200,OK,Author Query 5-4,text,true,,263,155,4,24,http://localhost:8080/search?q=beauty&author=Oscar%20Wilde,112,0,0
1782353840640,78,HTTP Request,200,OK,Author Query 5-2,text,true,,263,155,4,24,http://localhost:8080/search?q=beauty&author=Oscar%20Wilde,78,0,0
1782353840616,107,HTTP Request,200,OK,Author Query 5-3,text,true,,263,155,4,24,http://localhost:8080/search?q=beauty&author=Oscar%20Wilde,107,0,0
1782353840663,94,HTTP Request,200,OK,Author Query 5-1,text,true,,263,155,4,24,http://localhost:8080/search?q=beauty&author=Oscar%20Wilde,94,0,0
1782353840704,100,HTTP Request,200,OK,Author Query 5-4,text,true,,263,155,4,26,http://localhost:8080/search?q=beauty&author=Oscar%20Wilde,100,0,0
1782353840719,86,HTTP Request,200,OK,Author Query 5-2,text,true,,263,155,4,26,http://localhost:8080/search?q=beauty&author=Oscar%20Wilde,86,0,0
1782353840724,87,HTTP Request,200,OK,Author Query 5-3,text,true,,263,155,4,26,http://localhost:8080/search?q=beauty&author=Oscar%20Wilde,87,0,0
1782353840757,113,HTTP Request,200,OK,Author Query 5-1,text,true,,263,155,5,29,http://localhost:8080/search?q=beauty&author=Oscar%20Wilde,113,0,0
1782353840811,127,HTTP Request,200,OK,Author Query 5-3,text,true,,263,155,5,29,http://localhost:8080/search?q=beauty&author=Oscar%20Wilde,127,0,0
1782353840808,130,HTTP Request,200,OK,Author Query 5-4,text,true,,263,155,5,29,http://localhost:8080/search?q=beauty&author=Oscar%20Wilde,130,0,0
1782353840808,130,HTTP Request,200,OK,Author Query 5-2,text,true,,263,155,5,29,http://localhost:8080/search?q=beauty&author=Oscar%20Wilde,130,0,0
1782353840870,75,HTTP Request,200,OK,Author Query 5-1,text,true,,263,155,5,29,http://localhost:8080/search?q=beauty&author=Oscar%20Wilde,75,0,0
1782353840816,154,HTTP Request,200,OK,Author Query 5-5,text,true,,263,155,5,29,http://localhost:8080/search?q=beauty&author=Oscar%20Wilde,154,0,3
1782353840938,88,HTTP Request,200,OK,Author Query 5-4,text,true,,263,155,5,29,http://localhost:8080/search?q=beauty&author=Oscar%20Wilde,88,0,0
1782353840945,119,HTTP Request,200,OK,Author Query 5-1,text,true,,263,155,5,29,http://localhost:8080/search?q=beauty&author=Oscar%20Wilde,119,0,0
1782353840938,129,HTTP Request,200,OK,Author Query 5-3,text,true,,263,155,5,29,http://localhost:8080/search?q=beauty&author=Oscar%20Wilde,129,0,0
1782353840971,143,HTTP Request,200,OK,Author Query 5-5,text,true,,263,155,5,29,http://localhost:8080/search?q=beauty&author=Oscar%20Wilde,143,0,0
1782353840939,176,HTTP Request,200,OK,Author Query 5-2,text,true,,263,155,5,29,http://localhost:8080/search?q=beauty&author=Oscar%20Wilde,176,0,0
1782353841026,113,HTTP Request,200,OK,Author Query 5-4,text,true,,263,155,5,29,http://localhost:8080/search?q=beauty&author=Oscar%20Wilde,113,0,0
1782353841068,115,HTTP Request,200,OK,Author Query 5-3,text,true,,263,155,5,29,http://localhost:8080/search?q=beauty&author=Oscar%20Wilde,115,0,0
1782353841065,119,HTTP Request,200,OK,Author Query 5-1,text,true,,263,155,5,29,http://localhost:8080/search?q=beauty&author=Oscar%20Wilde,119,0,0
1782353841114,110,HTTP Request,200,OK,Author Query 5-5,text,true,,263,155,5,29,http://localhost:8080/search?q=beauty&author=Oscar%20Wilde,110,0,0
1782353841115,114,HTTP Request,200,OK,Author Query 5-2,text,true,,263,155,5,29,http://localhost:8080/search?q=beauty&author=Oscar%20Wilde,114,0,0
1782353841139,95,HTTP Request,200,OK,Author Query 5-4,text,true,,263,155,5,29,http://localhost:8080/search?q=beauty&author=Oscar%20Wilde,95,0,0
1782353841184,77,HTTP Request,200,OK,Author Query 5-1,text,true,,263,155,5,29,http://localhost:8080/search?q=beauty&author=Oscar%20Wilde,77,0,0
1782353841183,91,HTTP Request,200,OK,Author Query 5-3,text,true,,263,155,5,29,http://localhost:8080/search?q=beauty&author=Oscar%20Wilde,91,0,0
1782353841229,97,HTTP Request,200,OK,Author Query 5-2,text,true,,263,155,5,30,http://localhost:8080/search?q=beauty&author=Oscar%20Wilde,97,0,0
1782353841224,122,HTTP Request,200,OK,Author Query 5-5,text,true,,263,155,5,30,http://localhost:8080/search?q=beauty&author=Oscar%20Wilde,122,0,0
1782353841234,118,HTTP Request,200,OK,Author Query 5-4,text,true,,263,155,5,30,http://localhost:8080/search?q=beauty&author=Oscar%20Wilde,118,0,0
1782353841261,100,HTTP Request,200,OK,Author Query 5-1,text,true,,263,155,5,30,http://localhost:8080/search?q=beauty&author=Oscar%20Wilde,100,0,0
1782353841274,155,HTTP Request,200,OK,Author Query 5-3,text,true,,263,155,5,30,http://localhost:8080/search?q=beauty&author=Oscar%20Wilde,155,0,0
1782353841326,113,HTTP Request,200,OK,Author Query 5-2,text,true,,263,155,5,30,http://localhost:8080/search?q=beauty&author=Oscar%20Wilde,113,0,0
1782353841352,136,HTTP Request,200,OK,Author Query 5-4,text,true,,263,155,5,30,http://localhost:8080/search?q=beauty&author=Oscar%20Wilde,136,0,0
1782353841347,142,HTTP Request,200,OK,Author Query 5-5,text,true,,263,155,5,30,http://localhost:8080/search?q=beauty&author=Oscar%20Wilde,142,0,0
1782353841361,164,HTTP Request,200,OK,Author Query 5-1,text,true,,263,155,5,30,http://localhost:8080/search?q=beauty&author=Oscar%20Wilde,164,0,0
1782353841429,128,HTTP Request,200,OK,Author Query 5-3,text,true,,263,155,5,30,http://localhost:8080/search?q=beauty&author=Oscar%20Wilde,128,0,0
1782353841439,139,HTTP Request,200,OK,Author Query 5-2,text,true,,263,155,5,30,http://localhost:8080/search?q=beauty&author=Oscar%20Wilde,139,0,0
1782353841489,89,HTTP Request,200,OK,Author Query 5-5,text,true,,263,155,5,30,http://localhost:8080/search?q=beauty&author=Oscar%20Wilde,89,0,0
1782353841489,90,HTTP Request,200,OK,Author Query 5-4,text,true,,263,155,5,30,http://localhost:8080/search?q=beauty&author=Oscar%20Wilde,90,0,0
1782353841525,97,HTTP Request,200,OK,Author Query 5-1,text,true,,263,155,5,30,http://localhost:8080/search?q=beauty&author=Oscar%20Wilde,97,0,0
1782353841558,84,HTTP Request,200,OK,Author Query 5-3,text,true,,263,155,5,30,http://localhost:8080/search?q=beauty&author=Oscar%20Wilde,84,0,0
1782353841578,65,HTTP Request,200,OK,Author Query 5-2,text,true,,263,155,5,30,http://localhost:8080/search?q=beauty&author=Oscar%20Wilde,65,0,0
1782353841578,65,HTTP Request,200,OK,Author Query 5-5,text,true,,263,155,5,30,http://localhost:8080/search?q=beauty&author=Oscar%20Wilde,65,0,0
1782353841580,88,HTTP Request,200,OK,Author Query 5-4,text,true,,263,155,5,30,http://localhost:8080/search?q=beauty&author=Oscar%20Wilde,88,0,0
1782353841622,84,HTTP Request,200,OK,Author Query 5-1,text,true,,263,155,5,30,http://localhost:8080/search?q=beauty&author=Oscar%20Wilde,84,0,0
1782353841643,75,HTTP Request,200,OK,Author Query 5-5,text,true,,263,155,5,30,http://localhost:8080/search?q=beauty&author=Oscar%20Wilde,75,0,0
1782353841668,66,HTTP Request,200,OK,Author Query 5-4,text,true,,263,155,5,30,http://localhost:8080/search?q=beauty&author=Oscar%20Wilde,66,0,0
1782353841643,93,HTTP Request,200,OK,Author Query 5-3,text,true,,263,155,5,30,http://localhost:8080/search?q=beauty&author=Oscar%20Wilde,93,0,0
1782353841643,118,HTTP Request,200,OK,Author Query 5-2,text,true,,263,155,5,30,http://localhost:8080/search?q=beauty&author=Oscar%20Wilde,118,0,0
1782353841718,141,HTTP Request,200,OK,Author Query 5-5,text,true,,263,155,6,35,http://localhost:8080/search?q=beauty&author=Oscar%20Wilde,141,0,0
1782353841734,144,HTTP Request,200,OK,Author Query 5-4,text,true,,263,155,6,35,http://localhost:8080/search?q=beauty&author=Oscar%20Wilde,144,0,0
1782353841706,173,HTTP Request,200,OK,Author Query 5-1,text,true,,263,155,6,35,http://localhost:8080/search?q=beauty&author=Oscar%20Wilde,173,0,0
1782353841736,143,HTTP Request,200,OK,Author Query 5-3,text,true,,263,155,6,35,http://localhost:8080/search?q=beauty&author=Oscar%20Wilde,143,0,0
1782353841761,166,HTTP Request,200,OK,Author Query 5-2,text,true,,263,155,6,35,http://localhost:8080/search?q=beauty&author=Oscar%20Wilde,166,0,0
1782353841859,96,HTTP Request,200,OK,Author Query 5-5,text,true,,263,155,6,35,http://localhost:8080/search?q=beauty&author=Oscar%20Wilde,96,0,0
1782353841843,142,HTTP Request,200,OK,Author Query 5-6,text,true,,263,155,6,35,http://localhost:8080/search?q=beauty&author=Oscar%20Wilde,142,0,2
1782353841878,122,HTTP Request,200,OK,Author Query 5-4,text,true,,263,155,6,35,http://localhost:8080/search?q=beauty&author=Oscar%20Wilde,122,0,0
1782353841879,121,HTTP Request,200,OK,Author Query 5-1,text,true,,263,155,6,35,http://localhost:8080/search?q=beauty&author=Oscar%20Wilde,121,0,0
1782353841927,92,HTTP Request,200,OK,Author Query 5-2,text,true,,263,155,6,35,http://localhost:8080/search?q=beauty&author=Oscar%20Wilde,92,0,0
1782353841955,78,HTTP Request,200,OK,Author Query 5-5,text,true,,263,155,6,35,http://localhost:8080/search?q=beauty&author=Oscar%20Wilde,78,0,0
1782353841879,167,HTTP Request,200,OK,Author Query 5-3,text,true,,263,155,6,35,http://localhost:8080/search?q=beauty&author=Oscar%20Wilde,167,0,0
1782353842000,87,HTTP Request,200,OK,Author Query 5-4,text,true,,263,155,6,35,http://localhost:8080/search?q=beauty&author=Oscar%20Wilde,87,0,0
1782353842000,96,HTTP Request,200,OK,Author Query 5-1,text,true,,263,155,6,35,http://localhost:8080/search?q=beauty&author=Oscar%20Wilde,96,0,0
1782353842020,76,HTTP Request,200,OK,Author Query 5-2,text,true,,263,155,6,35,http://localhost:8080/search?q=beauty&author=Oscar%20Wilde,76,0,0
1782353841985,114,HTTP Request,200,OK,Author Query 5-6,text,true,,263,155,6,35,http://localhost:8080/search?q=beauty&author=Oscar%20Wilde,114,0,0
1782353842033,105,HTTP Request,200,OK,Author Query 5-5,text,true,,263,155,6,35,http://localhost:8080/search?q=beauty&author=Oscar%20Wilde,105,0,0
1782353842046,115,HTTP Request,200,OK,Author Query 5-3,text,true,,263,155,6,35,http://localhost:8080/search?q=beauty&author=Oscar%20Wilde,115,0,0
1782353842096,107,HTTP Request,200,OK,Author Query 5-1,text,true,,263,155,6,35,http://localhost:8080/search?q=beauty&author=Oscar%20Wilde,107,0,0
1782353842088,116,HTTP Request,200,OK,Author Query 5-4,text,true,,263,155,6,35,http://localhost:8080/search?q=beauty&author=Oscar%20Wilde,116,0,0
1782353842096,108,HTTP Request,200,OK,Author Query 5-2,text,true,,263,155,6,35,http://localhost:8080/search?q=beauty&author=Oscar%20Wilde,108,0,0
1782353842100,120,HTTP Request,200,OK,Author Query 5-6,text,true,,263,155,6,35,http://localhost:8080/search?q=beauty&author=Oscar%20Wilde,120,0,0
1782353842161,106,HTTP Request,200,OK,Author Query 5-3,text,true,,263,155,6,35,http://localhost:8080/search?q=beauty&author=Oscar%20Wilde,106,0,0
1782353842138,138,HTTP Request,200,OK,Author Query 5-5,text,true,,263,155,6,35,http://localhost:8080/search?q=beauty&author=Oscar%20Wilde,138,0,0
1782353842204,113,HTTP Request,200,OK,Author Query 5-2,text,true,,263,155,6,36,http://localhost:8080/search?q=beauty&author=Oscar%20Wilde,113,0,0
1782353842204,113,HTTP Request,200,OK,Author Query 5-4,text,true,,263,155,6,36,http://localhost:8080/search?q=beauty&author=Oscar%20Wilde,113,0,0
1782353842203,114,HTTP Request,200,OK,Author Query 5-1,text,true,,263,155,6,36,http://localhost:8080/search?q=beauty&author=Oscar%20Wilde,114,0,0
1782353842221,119,HTTP Request,200,OK,Author Query 5-6,text,true,,263,155,6,36,http://localhost:8080/search?q=beauty&author=Oscar%20Wilde,119,0,0
1782353842267,125,HTTP Request,200,OK,Author Query 5-3,text,true,,263,155,6,36,http://localhost:8080/search?q=beauty&author=Oscar%20Wilde,125,0,0
1782353842317,105,HTTP Request,200,OK,Author Query 5-1,text,true,,263,155,6,36,http://localhost:8080/search?q=beauty&author=Oscar%20Wilde,105,0,0
1782353842317,105,HTTP Request,200,OK,Author Query 5-2,text,true,,263,155,6,36,http://localhost:8080/search?q=beauty&author=Oscar%20Wilde,105,0,0
1782353842317,130,HTTP Request,200,OK,Author Query 5-4,text,true,,263,155,6,36,http://localhost:8080/search?q=beauty&author=Oscar%20Wilde,130,0,0
1782353842341,106,HTTP Request,200,OK,Author Query 5-6,text,true,,263,155,6,36,http://localhost:8080/search?q=beauty&author=Oscar%20Wilde,106,0,0
1782353842276,171,HTTP Request,200,OK,Author Query 5-5,text,true,,263,155,6,36,http://localhost:8080/search?q=beauty&author=Oscar%20Wilde,171,0,0
1782353842394,217,HTTP Request,200,OK,Author Query 5-3,text,true,,263,155,6,36,http://localhost:8080/search?q=beauty&author=Oscar%20Wilde,217,0,0
1782353842423,207,HTTP Request,200,OK,Author Query 5-2,text,true,,263,155,6,36,http://localhost:8080/search?q=beauty&author=Oscar%20Wilde,207,0,0
1782353842423,209,HTTP Request,200,OK,Author Query 5-1,text,true,,263,155,6,36,http://localhost:8080/search?q=beauty&author=Oscar%20Wilde,209,0,0
1782353842448,186,HTTP Request,200,OK,Author Query 5-6,text,true,,263,155,6,36,http://localhost:8080/search?q=beauty&author=Oscar%20Wilde,186,0,0
1782353842448,186,HTTP Request,200,OK,Author Query 5-4,text,true,,263,155,6,36,http://localhost:8080/search?q=beauty&author=Oscar%20Wilde,186,0,0
1782353842448,200,HTTP Request,200,OK,Author Query 5-5,text,true,,263,155,6,36,http://localhost:8080/search?q=beauty&author=Oscar%20Wilde,200,0,0
1782353842612,67,HTTP Request,200,OK,Author Query 5-3,text,true,,263,155,6,36,http://localhost:8080/search?q=beauty&author=Oscar%20Wilde,67,0,0
1782353842634,131,HTTP Request,200,OK,Author Query 5-4,text,true,,263,155,6,36,http://localhost:8080/search?q=beauty&author=Oscar%20Wilde,131,0,0
1782353842634,132,HTTP Request,200,OK,Author Query 5-6,text,true,,263,155,6,36,http://localhost:8080/search?q=beauty&author=Oscar%20Wilde,132,0,0
1782353842632,134,HTTP Request,200,OK,Author Query 5-1,text,true,,263,155,6,36,http://localhost:8080/search?q=beauty&author=Oscar%20Wilde,134,0,0
1782353842631,135,HTTP Request,200,OK,Author Query 5-2,text,true,,263,155,6,36,http://localhost:8080/search?q=beauty&author=Oscar%20Wilde,135,0,0
1782353842679,123,HTTP Request,200,OK,Author Query 5-3,text,true,,263,155,6,38,http://localhost:8080/search?q=beauty&author=Oscar%20Wilde,123,0,0
1782353842648,154,HTTP Request,200,OK,Author Query 5-5,text,true,,263,155,6,38,http://localhost:8080/search?q=beauty&author=Oscar%20Wilde,154,0,0
1782353842765,107,HTTP Request,200,OK,Author Query 5-4,text,true,,263,155,7,41,http://localhost:8080/search?q=beauty&author=Oscar%20Wilde,107,0,0
1782353842766,115,HTTP Request,200,OK,Author Query 5-2,text,true,,263,155,7,41,http://localhost:8080/search?q=beauty&author=Oscar%20Wilde,115,0,0
1782353842802,163,HTTP Request,200,OK,Author Query 5-5,text,true,,263,155,7,41,http://localhost:8080/search?q=beauty&author=Oscar%20Wilde,163,0,0
1782353842766,215,HTTP Request,200,OK,Author Query 5-6,text,true,,263,155,7,41,http://localhost:8080/search?q=beauty&author=Oscar%20Wilde,215,0,0
1782353842802,181,HTTP Request,200,OK,Author Query 5-3,text,true,,263,155,7,41,http://localhost:8080/search?q=beauty&author=Oscar%20Wilde,181,0,0
1782353842766,217,HTTP Request,200,OK,Author Query 5-1,text,true,,263,155,7,41,http://localhost:8080/search?q=beauty&author=Oscar%20Wilde,217,0,0
1782353842873,132,HTTP Request,200,OK,Author Query 5-4,text,true,,263,155,7,41,http://localhost:8080/search?q=beauty&author=Oscar%20Wilde,132,0,0
1782353842882,160,HTTP Request,200,OK,Author Query 5-2,text,true,,263,155,7,41,http://localhost:8080/search?q=beauty&author=Oscar%20Wilde,160,0,0
1782353842860,190,HTTP Request,200,OK,Author Query 5-7,text,true,,263,155,7,41,http://localhost:8080/search?q=beauty&author=Oscar%20Wilde,190,0,11
1782353842983,77,HTTP Request,200,OK,Author Query 5-1,text,true,,263,155,7,41,http://localhost:8080/search?q=beauty&author=Oscar%20Wilde,77,0,0
1782353842966,125,HTTP Request,200,OK,Author Query 5-5,text,true,,263,155,7,41,http://localhost:8080/search?q=beauty&author=Oscar%20Wilde,125,0,0
1782353843005,112,HTTP Request,200,OK,Author Query 5-4,text,true,,263,155,7,41,http://localhost:8080/search?q=beauty&author=Oscar%20Wilde,112,0,0
1782353843050,82,HTTP Request,200,OK,Author Query 5-7,text,true,,263,155,7,41,http://localhost:8080/search?q=beauty&author=Oscar%20Wilde,82,0,0
1782353843042,91,HTTP Request,200,OK,Author Query 5-2,text,true,,263,155,7,41,http://localhost:8080/search?q=beauty&author=Oscar%20Wilde,91,0,0
1782353843060,86,HTTP Request,200,OK,Author Query 5-1,text,true,,263,155,7,41,http://localhost:8080/search?q=beauty&author=Oscar%20Wilde,86,0,0
1782353842983,180,HTTP Request,200,OK,Author Query 5-3,text,true,,263,155,7,41,http://localhost:8080/search?q=beauty&author=Oscar%20Wilde,180,0,0
1782353842981,182,HTTP Request,200,OK,Author Query 5-6,text,true,,263,155,7,41,http://localhost:8080/search?q=beauty&author=Oscar%20Wilde,182,0,0
1782353843132,111,HTTP Request,200,OK,Author Query 5-7,text,true,,263,155,7,41,http://localhost:8080/search?q=beauty&author=Oscar%20Wilde,111,0,0
1782353843092,152,HTTP Request,200,OK,Author Query 5-5,text,true,,263,155,7,41,http://localhost:8080/search?q=beauty&author=Oscar%20Wilde,152,0,0
1782353843133,111,HTTP Request,200,OK,Author Query 5-2,text,true,,263,155,7,41,http://localhost:8080/search?q=beauty&author=Oscar%20Wilde,111,0,0
1782353843117,143,HTTP Request,200,OK,Author Query 5-4,text,true,,263,155,7,41,http://localhost:8080/search?q=beauty&author=Oscar%20Wilde,143,0,0
1782353843147,157,HTTP Request,200,OK,Author Query 5-1,text,true,,263,155,7,42,http://localhost:8080/search?q=beauty&author=Oscar%20Wilde,157,0,0
1782353843163,157,HTTP Request,200,OK,Author Query 5-6,text,true,,263,155,7,42,http://localhost:8080/search?q=beauty&author=Oscar%20Wilde,157,0,0
1782353843163,157,HTTP Request,200,OK,Author Query 5-3,text,true,,263,155,7,42,http://localhost:8080/search?q=beauty&author=Oscar%20Wilde,157,0,0
1782353843243,145,HTTP Request,200,OK,Author Query 5-7,text,true,,263,155,7,42,http://localhost:8080/search?q=beauty&author=Oscar%20Wilde,145,0,0
1782353843244,146,HTTP Request,200,OK,Author Query 5-5,text,true,,263,155,7,42,http://localhost:8080/search?q=beauty&author=Oscar%20Wilde,146,0,0
1782353843261,188,HTTP Request,200,OK,Author Query 5-4,text,true,,263,155,7,42,http://localhost:8080/search?q=beauty&author=Oscar%20Wilde,188,0,0
1782353843304,156,HTTP Request,200,OK,Author Query 5-1,text,true,,263,155,7,42,http://localhost:8080/search?q=beauty&author=Oscar%20Wilde,156,0,0
1782353843321,140,HTTP Request,200,OK,Author Query 5-3,text,true,,263,155,7,42,http://localhost:8080/search?q=beauty&author=Oscar%20Wilde,140,0,0
1782353843245,218,HTTP Request,200,OK,Author Query 5-2,text,true,,263,155,7,42,http://localhost:8080/search?q=beauty&author=Oscar%20Wilde,218,0,0
1782353843321,165,HTTP Request,200,OK,Author Query 5-6,text,true,,263,155,7,42,http://localhost:8080/search?q=beauty&author=Oscar%20Wilde,165,0,0
1782353843390,161,HTTP Request,200,OK,Author Query 5-5,text,true,,263,155,7,42,http://localhost:8080/search?q=beauty&author=Oscar%20Wilde,161,0,0
1782353843389,177,HTTP Request,200,OK,Author Query 5-7,text,true,,263,155,7,42,http://localhost:8080/search?q=beauty&author=Oscar%20Wilde,177,0,0
1782353843462,125,HTTP Request,200,OK,Author Query 5-3,text,true,,263,155,7,42,http://localhost:8080/search?q=beauty&author=Oscar%20Wilde,125,0,0
1782353843460,127,HTTP Request,200,OK,Author Query 5-1,text,true,,263,155,7,42,http://localhost:8080/search?q=beauty&author=Oscar%20Wilde,127,0,0
1782353843463,124,HTTP Request,200,OK,Author Query 5-2,text,true,,263,155,7,42,http://localhost:8080/search?q=beauty&author=Oscar%20Wilde,124,0,0
1782353843449,148,HTTP Request,200,OK,Author Query 5-4,text,true,,263,155,7,42,http://localhost:8080/search?q=beauty&author=Oscar%20Wilde,148,0,0
1782353843486,137,HTTP Request,200,OK,Author Query 5-6,text,true,,263,155,7,42,http://localhost:8080/search?q=beauty&author=Oscar%20Wilde,137,0,0
1782353843551,171,HTTP Request,200,OK,Author Query 5-5,text,true,,263,155,7,42,http://localhost:8080/search?q=beauty&author=Oscar%20Wilde,171,0,0
1782353843588,139,HTTP Request,200,OK,Author Query 5-2,text,true,,263,155,7,42,http://localhost:8080/search?q=beauty&author=Oscar%20Wilde,139,0,0
1782353843587,140,HTTP Request,200,OK,Author Query 5-3,text,true,,263,155,7,42,http://localhost:8080/search?q=beauty&author=Oscar%20Wilde,140,0,0
1782353843587,151,HTTP Request,200,OK,Author Query 5-1,text,true,,263,155,7,42,http://localhost:8080/search?q=beauty&author=Oscar%20Wilde,151,0,0
1782353843598,140,HTTP Request,200,OK,Author Query 5-4,text,true,,263,155,7,42,http://localhost:8080/search?q=beauty&author=Oscar%20Wilde,140,0,0
1782353843566,190,HTTP Request,200,OK,Author Query 5-7,text,true,,263,155,7,42,http://localhost:8080/search?q=beauty&author=Oscar%20Wilde,190,0,0
1782353843623,197,HTTP Request,200,OK,Author Query 5-6,text,true,,263,155,7,45,http://localhost:8080/search?q=beauty&author=Oscar%20Wilde,197,0,0
1782353843727,115,HTTP Request,200,OK,Author Query 5-2,text,true,,263,155,7,45,http://localhost:8080/search?q=beauty&author=Oscar%20Wilde,115,0,0
1782353843728,114,HTTP Request,200,OK,Author Query 5-3,text,true,,263,155,7,45,http://localhost:8080/search?q=beauty&author=Oscar%20Wilde,114,0,0
1782353843722,167,HTTP Request,200,OK,Author Query 5-5,text,true,,263,155,8,47,http://localhost:8080/search?q=beauty&author=Oscar%20Wilde,167,0,0
1782353843756,156,HTTP Request,200,OK,Author Query 5-7,text,true,,263,155,8,47,http://localhost:8080/search?q=beauty&author=Oscar%20Wilde,156,0,0
1782353843738,174,HTTP Request,200,OK,Author Query 5-1,text,true,,263,155,8,47,http://localhost:8080/search?q=beauty&author=Oscar%20Wilde,174,0,0
1782353843738,176,HTTP Request,200,OK,Author Query 5-4,text,true,,263,155,8,47,http://localhost:8080/search?q=beauty&author=Oscar%20Wilde,176,0,0
1782353843842,114,HTTP Request,200,OK,Author Query 5-3,text,true,,263,155,8,47,http://localhost:8080/search?q=beauty&author=Oscar%20Wilde,114,0,0
1782353843820,155,HTTP Request,200,OK,Author Query 5-6,text,true,,263,155,8,47,http://localhost:8080/search?q=beauty&author=Oscar%20Wilde,155,0,0
1782353843842,147,HTTP Request,200,OK,Author Query 5-2,text,true,,263,155,8,47,http://localhost:8080/search?q=beauty&author=Oscar%20Wilde,147,0,0
1782353843889,127,HTTP Request,200,OK,Author Query 5-5,text,true,,263,155,8,47,http://localhost:8080/search?q=beauty&author=Oscar%20Wilde,127,0,0
1782353843912,122,HTTP Request,200,OK,Author Query 5-1,text,true,,263,155,8,47,http://localhost:8080/search?q=beauty&author=Oscar%20Wilde,122,0,0
1782353843847,196,HTTP Request,200,OK,Author Query 5-8,text,true,,263,155,8,47,http://localhost:8080/search?q=beauty&author=Oscar%20Wilde,196,0,2
1782353843912,188,HTTP Request,200,OK,Author Query 5-7,text,true,,263,155,8,47,http://localhost:8080/search?q=beauty&author=Oscar%20Wilde,188,0,0
1782353843914,233,HTTP Request,200,OK,Author Query 5-4,text,true,,263,155,8,47,http://localhost:8080/search?q=beauty&author=Oscar%20Wilde,233,0,0
1782353844034,142,HTTP Request,200,OK,Author Query 5-1,text,true,,263,155,8,47,http://localhost:8080/search?q=beauty&author=Oscar%20Wilde,142,0,0
1782353844016,160,HTTP Request,200,OK,Author Query 5-5,text,true,,263,155,8,47,http://localhost:8080/search?q=beauty&author=Oscar%20Wilde,160,0,0
1782353843975,202,HTTP Request,200,OK,Author Query 5-6,text,true,,263,155,8,47,http://localhost:8080/search?q=beauty&author=Oscar%20Wilde,202,0,0
1782353843956,235,HTTP Request,200,OK,Author Query 5-3,text,true,,263,155,8,47,http://localhost:8080/search?q=beauty&author=Oscar%20Wilde,235,0,0
1782353843989,203,HTTP Request,200,OK,Author Query 5-2,text,true,,263,155,8,47,http://localhost:8080/search?q=beauty&author=Oscar%20Wilde,203,0,0
1782353844043,171,HTTP Request,200,OK,Author Query 5-8,text,true,,263,155,8,47,http://localhost:8080/search?q=beauty&author=Oscar%20Wilde,171,0,0
1782353844148,109,HTTP Request,200,OK,Author Query 5-4,text,true,,263,155,8,47,http://localhost:8080/search?q=beauty&author=Oscar%20Wilde,109,0,0
1782353844100,164,HTTP Request,200,OK,Author Query 5-7,text,true,,263,155,8,47,http://localhost:8080/search?q=beauty&author=Oscar%20Wilde,164,0,0
1782353844177,113,HTTP Request,200,OK,Author Query 5-6,text,true,,263,155,8,48,http://localhost:8080/search?q=beauty&author=Oscar%20Wilde,113,0,0
1782353844176,128,HTTP Request,200,OK,Author Query 5-5,text,true,,263,155,8,48,http://localhost:8080/search?q=beauty&author=Oscar%20Wilde,128,0,0
1782353844176,138,HTTP Request,200,OK,Author Query 5-1,text,true,,263,155,8,48,http://localhost:8080/search?q=beauty&author=Oscar%20Wilde,138,0,0
1782353844215,189,HTTP Request,200,OK,Author Query 5-8,text,true,,263,155,8,48,http://localhost:8080/search?q=beauty&author=Oscar%20Wilde,189,0,0
1782353844258,203,HTTP Request,200,OK,Author Query 5-4,text,true,,263,155,8,48,http://localhost:8080/search?q=beauty&author=Oscar%20Wilde,203,0,0
1782353844290,179,HTTP Request,200,OK,Author Query 5-6,text,true,,263,155,8,48,http://localhost:8080/search?q=beauty&author=Oscar%20Wilde,179,0,0
1782353844265,204,HTTP Request,200,OK,Author Query 5-7,text,true,,263,155,8,48,http://localhost:8080/search?q=beauty&author=Oscar%20Wilde,204,0,0
1782353844192,300,HTTP Request,200,OK,Author Query 5-2,text,true,,263,155,8,48,http://localhost:8080/search?q=beauty&author=Oscar%20Wilde,300,0,0
1782353844192,300,HTTP Request,200,OK,Author Query 5-3,text,true,,263,155,8,48,http://localhost:8080/search?q=beauty&author=Oscar%20Wilde,300,0,0
1782353844305,188,HTTP Request,200,OK,Author Query 5-5,text,true,,263,155,8,48,http://localhost:8080/search?q=beauty&author=Oscar%20Wilde,188,0,0
1782353844314,205,HTTP Request,200,OK,Author Query 5-1,text,true,,263,155,8,48,http://localhost:8080/search?q=beauty&author=Oscar%20Wilde,205,0,0
1782353844404,141,HTTP Request,200,OK,Author Query 5-8,text,true,,263,155,8,48,http://localhost:8080/search?q=beauty&author=Oscar%20Wilde,141,0,0
1782353844470,133,HTTP Request,200,OK,Author Query 5-7,text,true,,263,155,8,48,http://localhost:8080/search?q=beauty&author=Oscar%20Wilde,133,0,0
1782353844493,110,HTTP Request,200,OK,Author Query 5-5,text,true,,263,155,8,48,http://localhost:8080/search?q=beauty&author=Oscar%20Wilde,110,0,0
1782353844462,189,HTTP Request,200,OK,Author Query 5-4,text,true,,263,155,8,48,http://localhost:8080/search?q=beauty&author=Oscar%20Wilde,189,0,0
1782353844493,162,HTTP Request,200,OK,Author Query 5-3,text,true,,263,155,8,48,http://localhost:8080/search?q=beauty&author=Oscar%20Wilde,162,0,0
1782353844470,186,HTTP Request,200,OK,Author Query 5-6,text,true,,263,155,8,48,http://localhost:8080/search?q=beauty&author=Oscar%20Wilde,186,0,0
1782353844492,165,HTTP Request,200,OK,Author Query 5-2,text,true,,263,155,8,48,http://localhost:8080/search?q=beauty&author=Oscar%20Wilde,164,0,0
1782353844519,138,HTTP Request,200,OK,Author Query 5-1,text,true,,263,155,8,48,http://localhost:8080/search?q=beauty&author=Oscar%20Wilde,138,0,0
1782353844545,137,HTTP Request,200,OK,Author Query 5-8,text,true,,263,155,8,48,http://localhost:8080/search?q=beauty&author=Oscar%20Wilde,137,0,0
1782353844656,84,HTTP Request,200,OK,Author Query 5-6,text,true,,263,155,8,48,http://localhost:8080/search?q=beauty&author=Oscar%20Wilde,84,0,0
1782353844603,183,HTTP Request,200,OK,Author Query 5-5,text,true,,263,155,8,48,http://localhost:8080/search?q=beauty&author=Oscar%20Wilde,183,0,0
1782353844603,183,HTTP Request,200,OK,Author Query 5-7,text,true,,263,155,8,48,http://localhost:8080/search?q=beauty&author=Oscar%20Wilde,183,0,0
1782353844651,201,HTTP Request,200,OK,Author Query 5-4,text,true,,263,155,9,53,http://localhost:8080/search?q=beauty&author=Oscar%20Wilde,201,0,0
1782353844683,170,HTTP Request,200,OK,Author Query 5-8,text,true,,263,155,9,53,http://localhost:8080/search?q=beauty&author=Oscar%20Wilde,170,0,0
1782353844656,200,HTTP Request,200,OK,Author Query 5-3,text,true,,263,155,9,53,http://localhost:8080/search?q=beauty&author=Oscar%20Wilde,200,0,0
1782353844657,202,HTTP Request,200,OK,Author Query 5-1,text,true,,263,155,9,53,http://localhost:8080/search?q=beauty&author=Oscar%20Wilde,202,0,0
1782353844657,210,HTTP Request,200,OK,Author Query 5-2,text,true,,263,155,9,53,http://localhost:8080/search?q=beauty&author=Oscar%20Wilde,210,0,0
1782353844740,189,HTTP Request,200,OK,Author Query 5-6,text,true,,263,155,9,53,http://localhost:8080/search?q=beauty&author=Oscar%20Wilde,189,0,0
1782353844786,173,HTTP Request,200,OK,Author Query 5-5,text,true,,263,155,9,53,http://localhost:8080/search?q=beauty&author=Oscar%20Wilde,173,0,0
1782353844786,173,HTTP Request,200,OK,Author Query 5-7,text,true,,263,155,9,53,http://localhost:8080/search?q=beauty&author=Oscar%20Wilde,173,0,0
1782353844867,175,HTTP Request,200,OK,Author Query 5-2,text,true,,263,155,9,53,http://localhost:8080/search?q=beauty&author=Oscar%20Wilde,175,0,0
1782353844852,203,HTTP Request,200,OK,Author Query 5-4,text,true,,263,155,9,53,http://localhost:8080/search?q=beauty&author=Oscar%20Wilde,203,0,0
1782353844856,203,HTTP Request,200,OK,Author Query 5-3,text,true,,263,155,9,53,http://localhost:8080/search?q=beauty&author=Oscar%20Wilde,203,0,0
1782353844826,234,HTTP Request,200,OK,Author Query 5-9,text,true,,263,155,9,53,http://localhost:8080/search?q=beauty&author=Oscar%20Wilde,234,0,1
1782353844929,139,HTTP Request,200,OK,Author Query 5-6,text,true,,263,155,9,53,http://localhost:8080/search?q=beauty&author=Oscar%20Wilde,139,0,0
1782353844853,245,HTTP Request,200,OK,Author Query 5-8,text,true,,263,155,9,53,http://localhost:8080/search?q=beauty&author=Oscar%20Wilde,245,0,0
1782353844860,239,HTTP Request,200,OK,Author Query 5-1,text,true,,263,155,9,53,http://localhost:8080/search?q=beauty&author=Oscar%20Wilde,239,0,0
1782353844959,150,HTTP Request,200,OK,Author Query 5-7,text,true,,263,155,9,53,http://localhost:8080/search?q=beauty&author=Oscar%20Wilde,150,0,0
1782353844959,150,HTTP Request,200,OK,Author Query 5-5,text,true,,263,155,9,53,http://localhost:8080/search?q=beauty&author=Oscar%20Wilde,149,0,0
1782353845055,151,HTTP Request,200,OK,Author Query 5-4,text,true,,263,155,9,53,http://localhost:8080/search?q=beauty&author=Oscar%20Wilde,151,0,0
1782353845069,137,HTTP Request,200,OK,Author Query 5-6,text,true,,263,155,9,53,http://localhost:8080/search?q=beauty&author=Oscar%20Wilde,137,0,0
1782353845042,167,HTTP Request,200,OK,Author Query 5-2,text,true,,263,155,9,53,http://localhost:8080/search?q=beauty&author=Oscar%20Wilde,167,0,0
1782353845060,150,HTTP Request,200,OK,Author Query 5-3,text,true,,263,155,9,53,http://localhost:8080/search?q=beauty&author=Oscar%20Wilde,150,0,0
1782353845060,151,HTTP Request,200,OK,Author Query 5-9,text,true,,263,155,9,53,http://localhost:8080/search?q=beauty&author=Oscar%20Wilde,151,0,0
1782353845109,130,HTTP Request,200,OK,Author Query 5-5,text,true,,263,155,9,53,http://localhost:8080/search?q=beauty&author=Oscar%20Wilde,130,0,0
1782353845099,172,HTTP Request,200,OK,Author Query 5-8,text,true,,263,155,9,53,http://localhost:8080/search?q=beauty&author=Oscar%20Wilde,172,0,0
1782353845109,181,HTTP Request,200,OK,Author Query 5-7,text,true,,263,155,9,53,http://localhost:8080/search?q=beauty&author=Oscar%20Wilde,181,0,0
1782353845099,193,HTTP Request,200,OK,Author Query 5-1,text,true,,263,155,9,53,http://localhost:8080/search?q=beauty&author=Oscar%20Wilde,193,0,0
1782353845207,109,HTTP Request,200,OK,Author Query 5-4,text,true,,263,155,9,54,http://localhost:8080/search?q=beauty&author=Oscar%20Wilde,109,0,0
1782353845210,106,HTTP Request,200,OK,Author Query 5-3,text,true,,263,155,9,54,http://localhost:8080/search?q=beauty&author=Oscar%20Wilde,106,0,0
1782353845210,135,HTTP Request,200,OK,Author Query 5-2,text,true,,263,155,9,54,http://localhost:8080/search?q=beauty&author=Oscar%20Wilde,135,0,0
1782353845207,139,HTTP Request,200,OK,Author Query 5-6,text,true,,263,155,9,54,http://localhost:8080/search?q=beauty&author=Oscar%20Wilde,139,0,0
1782353845272,150,HTTP Request,200,OK,Author Query 5-8,text,true,,263,155,9,54,http://localhost:8080/search?q=beauty&author=Oscar%20Wilde,150,0,0
1782353845211,213,HTTP Request,200,OK,Author Query 5-9,text,true,,263,155,9,54,http://localhost:8080/search?q=beauty&author=Oscar%20Wilde,213,0,0
1782353845239,186,HTTP Request,200,OK,Author Query 5-5,text,true,,263,155,9,54,http://localhost:8080/search?q=beauty&author=Oscar%20Wilde,186,0,0
1782353845317,150,HTTP Request,200,OK,Author Query 5-3,text,true,,263,155,9,54,http://localhost:8080/search?q=beauty&author=Oscar%20Wilde,150,0,0
1782353845292,175,HTTP Request,200,OK,Author Query 5-1,text,true,,263,155,9,54,http://localhost:8080/search?q=beauty&author=Oscar%20Wilde,175,0,0
1782353845346,123,HTTP Request,200,OK,Author Query 5-6,text,true,,263,155,9,54,http://localhost:8080/search?q=beauty&author=Oscar%20Wilde,123,0,0
1782353845291,186,HTTP Request,200,OK,Author Query 5-7,text,true,,263,155,9,54,http://localhost:8080/search?q=beauty&author=Oscar%20Wilde,186,0,0
1782353845345,142,HTTP Request,200,OK,Author Query 5-2,text,true,,263,155,9,54,http://localhost:8080/search?q=beauty&author=Oscar%20Wilde,142,0,0
1782353845316,193,HTTP Request,200,OK,Author Query 5-4,text,true,,263,155,9,54,http://localhost:8080/search?q=beauty&author=Oscar%20Wilde,193,0,0
1782353845422,94,HTTP Request,200,OK,Author Query 5-8,text,true,,263,155,9,54,http://localhost:8080/search?q=beauty&author=Oscar%20Wilde,94,0,0
1782353845425,91,HTTP Request,200,OK,Author Query 5-5,text,true,,263,155,9,54,http://localhost:8080/search?q=beauty&author=Oscar%20Wilde,91,0,0
1782353845467,88,HTTP Request,200,OK,Author Query 5-3,text,true,,263,155,9,54,http://localhost:8080/search?q=beauty&author=Oscar%20Wilde,88,0,0
1782353845477,79,HTTP Request,200,OK,Author Query 5-7,text,true,,263,155,9,54,http://localhost:8080/search?q=beauty&author=Oscar%20Wilde,79,0,0
1782353845425,147,HTTP Request,200,OK,Author Query 5-9,text,true,,263,155,9,54,http://localhost:8080/search?q=beauty&author=Oscar%20Wilde,147,0,0
1782353845467,119,HTTP Request,200,OK,Author Query 5-1,text,true,,263,155,9,54,http://localhost:8080/search?q=beauty&author=Oscar%20Wilde,119,0,0
1782353845470,130,HTTP Request,200,OK,Author Query 5-6,text,true,,263,155,9,54,http://localhost:8080/search?q=beauty&author=Oscar%20Wilde,130,0,0
1782353845517,91,HTTP Request,200,OK,Author Query 5-5,text,true,,263,155,9,54,http://localhost:8080/search?q=beauty&author=Oscar%20Wilde,91,0,0
1782353845556,91,HTTP Request,200,OK,Author Query 5-3,text,true,,263,155,9,54,http://localhost:8080/search?q=beauty&author=Oscar%20Wilde,91,0,0
1782353845556,91,HTTP Request,200,OK,Author Query 5-7,text,true,,263,155,9,54,http://localhost:8080/search?q=beauty&author=Oscar%20Wilde,91,0,0
1782353845488,164,HTTP Request,200,OK,Author Query 5-2,text,true,,263,155,9,54,http://localhost:8080/search?q=beauty&author=Oscar%20Wilde,164,0,0
1782353845517,135,HTTP Request,200,OK,Author Query 5-8,text,true,,263,155,9,54,http://localhost:8080/search?q=beauty&author=Oscar%20Wilde,135,0,0
1782353845509,144,HTTP Request,200,OK,Author Query 5-4,text,true,,263,155,9,54,http://localhost:8080/search?q=beauty&author=Oscar%20Wilde,144,0,0
1782353845586,98,HTTP Request,200,OK,Author Query 5-1,text,true,,263,155,9,54,http://localhost:8080/search?q=beauty&author=Oscar%20Wilde,98,0,0
1782353845572,113,HTTP Request,200,OK,Author Query 5-9,text,true,,263,155,9,54,http://localhost:8080/search?q=beauty&author=Oscar%20Wilde,113,0,0
1782353845600,111,HTTP Request,200,OK,Author Query 5-6,text,true,,263,155,9,54,http://localhost:8080/search?q=beauty&author=Oscar%20Wilde,111,0,0
1782353845653,170,HTTP Request,200,OK,Author Query 5-4,text,true,,263,155,10,57,http://localhost:8080/search?q=beauty&author=Oscar%20Wilde,170,0,0
1782353845608,215,HTTP Request,200,OK,Author Query 5-5,text,true,,263,155,10,57,http://localhost:8080/search?q=beauty&author=Oscar%20Wilde,215,0,0
1782353845652,171,HTTP Request,200,OK,Author Query 5-2,text,true,,263,155,10,57,http://localhost:8080/search?q=beauty&author=Oscar%20Wilde,171,0,0
1782353845652,172,HTTP Request,200,OK,Author Query 5-8,text,true,,263,155,10,57,http://localhost:8080/search?q=beauty&author=Oscar%20Wilde,172,0,0
1782353845647,193,HTTP Request,200,OK,Author Query 5-7,text,true,,263,155,10,59,http://localhost:8080/search?q=beauty&author=Oscar%20Wilde,193,0,0
1782353845647,193,HTTP Request,200,OK,Author Query 5-3,text,true,,263,155,10,59,http://localhost:8080/search?q=beauty&author=Oscar%20Wilde,193,0,0
1782353845684,188,HTTP Request,200,OK,Author Query 5-1,text,true,,263,155,10,59,http://localhost:8080/search?q=beauty&author=Oscar%20Wilde,188,0,0
1782353845711,162,HTTP Request,200,OK,Author Query 5-6,text,true,,263,155,10,59,http://localhost:8080/search?q=beauty&author=Oscar%20Wilde,162,0,0
1782353845685,188,HTTP Request,200,OK,Author Query 5-9,text,true,,263,155,10,59,http://localhost:8080/search?q=beauty&author=Oscar%20Wilde,188,0,0
1782353845823,129,HTTP Request,200,OK,Author Query 5-2,text,true,,263,155,10,59,http://localhost:8080/search?q=beauty&author=Oscar%20Wilde,129,0,0
1782353845840,113,HTTP Request,200,OK,Author Query 5-7,text,true,,263,155,10,59,http://localhost:8080/search?q=beauty&author=Oscar%20Wilde,113,0,0
1782353845840,113,HTTP Request,200,OK,Author Query 5-3,text,true,,263,155,10,59,http://localhost:8080/search?q=beauty&author=Oscar%20Wilde,113,0,0
1782353845823,130,HTTP Request,200,OK,Author Query 5-5,text,true,,263,155,10,59,http://localhost:8080/search?q=beauty&author=Oscar%20Wilde,130,0,0
1782353845823,130,HTTP Request,200,OK,Author Query 5-4,text,true,,263,155,10,59,http://localhost:8080/search?q=beauty&author=Oscar%20Wilde,130,0,0
1782353845824,130,HTTP Request,200,OK,Author Query 5-8,text,true,,263,155,10,59,http://localhost:8080/search?q=beauty&author=Oscar%20Wilde,130,0,0
1782353845873,118,HTTP Request,200,OK,Author Query 5-6,text,true,,263,155,10,59,http://localhost:8080/search?q=beauty&author=Oscar%20Wilde,118,0,0
1782353845814,177,HTTP Request,200,OK,Author Query 5-10,text,true,,263,155,10,59,http://localhost:8080/search?q=beauty&author=Oscar%20Wilde,177,0,3
1782353845873,168,HTTP Request,200,OK,Author Query 5-1,text,true,,263,155,10,59,http://localhost:8080/search?q=beauty&author=Oscar%20Wilde,168,0,0
1782353845873,168,HTTP Request,200,OK,Author Query 5-9,text,true,,263,155,10,59,http://localhost:8080/search?q=beauty&author=Oscar%20Wilde,168,0,0
1782353845953,124,HTTP Request,200,OK,Author Query 5-7,text,true,,263,155,10,59,http://localhost:8080/search?q=beauty&author=Oscar%20Wilde,124,0,0
1782353845954,125,HTTP Request,200,OK,Author Query 5-8,text,true,,263,155,10,59,http://localhost:8080/search?q=beauty&author=Oscar%20Wilde,125,0,0
1782353845953,126,HTTP Request,200,OK,Author Query 5-3,text,true,,263,155,10,59,http://localhost:8080/search?q=beauty&author=Oscar%20Wilde,126,0,0
1782353845952,128,HTTP Request,200,OK,Author Query 5-2,text,true,,263,155,10,59,http://localhost:8080/search?q=beauty&author=Oscar%20Wilde,128,0,0
1782353845954,127,HTTP Request,200,OK,Author Query 5-4,text,true,,263,155,10,59,http://localhost:8080/search?q=beauty&author=Oscar%20Wilde,127,0,0
1782353845953,128,HTTP Request,200,OK,Author Query 5-5,text,true,,263,155,10,59,http://localhost:8080/search?q=beauty&author=Oscar%20Wilde,128,0,0
1782353845991,97,HTTP Request,200,OK,Author Query 5-10,text,true,,263,155,10,59,http://localhost:8080/search?q=beauty&author=Oscar%20Wilde,97,0,0
1782353845991,138,HTTP Request,200,OK,Author Query 5-6,text,true,,263,155,10,59,http://localhost:8080/search?q=beauty&author=Oscar%20Wilde,138,0,0
1782353846088,106,HTTP Request,200,OK,Author Query 5-10,text,true,,263,155,10,59,http://localhost:8080/search?q=beauty&author=Oscar%20Wilde,106,0,0
1782353846041,153,HTTP Request,200,OK,Author Query 5-9,text,true,,263,155,10,59,http://localhost:8080/search?q=beauty&author=Oscar%20Wilde,153,0,0
1782353846041,155,HTTP Request,200,OK,Author Query 5-1,text,true,,263,155,10,59,http://localhost:8080/search?q=beauty&author=Oscar%20Wilde,155,0,0
1782353846079,117,HTTP Request,200,OK,Author Query 5-3,text,true,,263,155,10,59,http://localhost:8080/search?q=beauty&author=Oscar%20Wilde,117,0,0
1782353846081,116,HTTP Request,200,OK,Author Query 5-4,text,true,,263,155,10,59,http://localhost:8080/search?q=beauty&author=Oscar%20Wilde,116,0,0
1782353846077,128,HTTP Request,200,OK,Author Query 5-7,text,true,,263,155,10,59,http://localhost:8080/search?q=beauty&author=Oscar%20Wilde,128,0,0
1782353846080,125,HTTP Request,200,OK,Author Query 5-2,text,true,,263,155,10,59,http://localhost:8080/search?q=beauty&author=Oscar%20Wilde,125,0,0
1782353846079,127,HTTP Request,200,OK,Author Query 5-8,text,true,,263,155,10,59,http://localhost:8080/search?q=beauty&author=Oscar%20Wilde,127,0,0
1782353846081,159,HTTP Request,200,OK,Author Query 5-5,text,true,,263,155,10,59,http://localhost:8080/search?q=beauty&author=Oscar%20Wilde,159,0,0
1782353846131,123,HTTP Request,200,OK,Author Query 5-6,text,true,,263,155,10,59,http://localhost:8080/search?q=beauty&author=Oscar%20Wilde,123,0,0
1782353846205,114,HTTP Request,200,OK,Author Query 5-7,text,true,,263,155,10,60,http://localhost:8080/search?q=beauty&author=Oscar%20Wilde,114,0,0
1782353846196,125,HTTP Request,200,OK,Author Query 5-1,text,true,,263,155,10,60,http://localhost:8080/search?q=beauty&author=Oscar%20Wilde,125,0,0
1782353846194,127,HTTP Request,200,OK,Author Query 5-10,text,true,,263,155,10,60,http://localhost:8080/search?q=beauty&author=Oscar%20Wilde,127,0,0
1782353846196,239,HTTP Request,200,OK,Author Query 5-3,text,true,,263,155,10,60,http://localhost:8080/search?q=beauty&author=Oscar%20Wilde,239,0,0
1782353846206,229,HTTP Request,200,OK,Author Query 5-8,text,true,,263,155,10,60,http://localhost:8080/search?q=beauty&author=Oscar%20Wilde,229,0,0
1782353846194,241,HTTP Request,200,OK,Author Query 5-9,text,true,,263,155,10,60,http://localhost:8080/search?q=beauty&author=Oscar%20Wilde,241,0,0
1782353846197,238,HTTP Request,200,OK,Author Query 5-4,text,true,,263,155,10,60,http://localhost:8080/search?q=beauty&author=Oscar%20Wilde,238,0,0
1782353846240,217,HTTP Request,200,OK,Author Query 5-5,text,true,,263,155,10,60,http://localhost:8080/search?q=beauty&author=Oscar%20Wilde,217,0,0
1782353846254,204,HTTP Request,200,OK,Author Query 5-6,text,true,,263,155,10,60,http://localhost:8080/search?q=beauty&author=Oscar%20Wilde,204,0,0
1782353846205,254,HTTP Request,200,OK,Author Query 5-2,text,true,,263,155,10,60,http://localhost:8080/search?q=beauty&author=Oscar%20Wilde,254,0,0
1782353846321,182,HTTP Request,200,OK,Author Query 5-10,text,true,,263,155,10,60,http://localhost:8080/search?q=beauty&author=Oscar%20Wilde,182,0,0
1782353846321,182,HTTP Request,200,OK,Author Query 5-1,text,true,,263,155,10,60,http://localhost:8080/search?q=beauty&author=Oscar%20Wilde,182,0,0
1782353846319,252,HTTP Request,200,OK,Author Query 5-7,text,true,,263,155,10,60,http://localhost:8080/search?q=beauty&author=Oscar%20Wilde,252,0,0
1782353846435,177,HTTP Request,200,OK,Author Query 5-9,text,true,,263,155,10,60,http://localhost:8080/search?q=beauty&author=Oscar%20Wilde,177,0,0
1782353846458,158,HTTP Request,200,OK,Author Query 5-5,text,true,,263,155,10,60,http://localhost:8080/search?q=beauty&author=Oscar%20Wilde,158,0,0
1782353846459,158,HTTP Request,200,OK,Author Query 5-2,text,true,,263,155,10,60,http://localhost:8080/search?q=beauty&author=Oscar%20Wilde,158,0,0
1782353846435,195,HTTP Request,200,OK,Author Query 5-8,text,true,,263,155,10,60,http://localhost:8080/search?q=beauty&author=Oscar%20Wilde,195,0,0
1782353846435,212,HTTP Request,200,OK,Author Query 5-4,text,true,,263,155,10,60,http://localhost:8080/search?q=beauty&author=Oscar%20Wilde,212,0,0
1782353846435,223,HTTP Request,200,OK,Author Query 5-3,text,true,,263,155,10,60,http://localhost:8080/search?q=beauty&author=Oscar%20Wilde,223,0,0
1782353846458,219,HTTP Request,200,OK,Author Query 5-6,text,true,,263,155,10,60,http://localhost:8080/search?q=beauty&author=Oscar%20Wilde,219,0,0
1782353846504,177,HTTP Request,200,OK,Author Query 5-10,text,true,,263,155,10,60,http://localhost:8080/search?q=beauty&author=Oscar%20Wilde,177,0,0
1782353846504,177,HTTP Request,200,OK,Author Query 5-1,text,true,,263,155,10,60,http://localhost:8080/search?q=beauty&author=Oscar%20Wilde,177,0,0
1782353846616,187,HTTP Request,200,OK,Author Query 5-5,text,true,,263,155,10,61,http://localhost:8080/search?q=beauty&author=Oscar%20Wilde,187,0,0
1782353846613,192,HTTP Request,200,OK,Author Query 5-9,text,true,,263,155,10,61,http://localhost:8080/search?q=beauty&author=Oscar%20Wilde,192,0,0
1782353846648,168,HTTP Request,200,OK,Author Query 5-4,text,true,,263,155,10,61,http://localhost:8080/search?q=beauty&author=Oscar%20Wilde,168,0,0
1782353846658,172,HTTP Request,200,OK,Author Query 5-3,text,true,,263,155,10,62,http://localhost:8080/search?q=beauty&author=Oscar%20Wilde,172,0,0
1782353846571,264,HTTP Request,200,OK,Author Query 5-7,text,true,,263,155,10,62,http://localhost:8080/search?q=beauty&author=Oscar%20Wilde,264,0,0
1782353846617,218,HTTP Request,200,OK,Author Query 5-2,text,true,,263,155,10,62,http://localhost:8080/search?q=beauty&author=Oscar%20Wilde,218,0,0
1782353846682,153,HTTP Request,200,OK,Author Query 5-1,text,true,,263,155,10,62,http://localhost:8080/search?q=beauty&author=Oscar%20Wilde,153,0,0
1782353846630,253,HTTP Request,200,OK,Author Query 5-8,text,true,,263,155,10,62,http://localhost:8080/search?q=beauty&author=Oscar%20Wilde,253,0,0
1782353846682,283,HTTP Request,200,OK,Author Query 5-10,text,true,,263,155,10,62,http://localhost:8080/search?q=beauty&author=Oscar%20Wilde,283,0,0
1782353846677,288,HTTP Request,200,OK,Author Query 5-6,text,true,,263,155,10,62,http://localhost:8080/search?q=beauty&author=Oscar%20Wilde,288,0,0
1782353846805,166,HTTP Request,200,OK,Author Query 5-9,text,true,,263,155,10,62,http://localhost:8080/search?q=beauty&author=Oscar%20Wilde,166,0,0
1782353846804,193,HTTP Request,200,OK,Author Query 5-5,text,true,,263,155,10,62,http://localhost:8080/search?q=beauty&author=Oscar%20Wilde,193,0,0
1782353846816,200,HTTP Request,200,OK,Author Query 5-4,text,true,,263,155,10,62,http://localhost:8080/search?q=beauty&author=Oscar%20Wilde,200,0,0
1782353846836,192,HTTP Request,200,OK,Author Query 5-1,text,true,,263,155,10,62,http://localhost:8080/search?q=beauty&author=Oscar%20Wilde,192,0,0
1782353846830,202,HTTP Request,200,OK,Author Query 5-3,text,true,,263,155,10,62,http://localhost:8080/search?q=beauty&author=Oscar%20Wilde,202,0,0
1782353846884,206,HTTP Request,200,OK,Author Query 5-8,text,true,,263,155,10,62,http://localhost:8080/search?q=beauty&author=Oscar%20Wilde,206,0,0
1782353846835,256,HTTP Request,200,OK,Author Query 5-7,text,true,,263,155,10,62,http://localhost:8080/search?q=beauty&author=Oscar%20Wilde,256,0,0
1782353846835,270,HTTP Request,200,OK,Author Query 5-2,text,true,,263,155,10,62,http://localhost:8080/search?q=beauty&author=Oscar%20Wilde,270,0,0
1782353846997,109,HTTP Request,200,OK,Author Query 5-5,text,true,,263,155,10,62,http://localhost:8080/search?q=beauty&author=Oscar%20Wilde,109,0,0
1782353846965,143,HTTP Request,200,OK,Author Query 5-10,text,true,,263,155,10,62,http://localhost:8080/search?q=beauty&author=Oscar%20Wilde,143,0,0
1782353846965,144,HTTP Request,200,OK,Author Query 5-6,text,true,,263,155,10,62,http://localhost:8080/search?q=beauty&author=Oscar%20Wilde,144,0,0
1782353846971,177,HTTP Request,200,OK,Author Query 5-9,text,true,,263,155,10,62,http://localhost:8080/search?q=beauty&author=Oscar%20Wilde,177,0,0
1782353847028,120,HTTP Request,200,OK,Author Query 5-1,text,true,,263,155,10,62,http://localhost:8080/search?q=beauty&author=Oscar%20Wilde,120,0,0
1782353847016,133,HTTP Request,200,OK,Author Query 5-4,text,true,,263,155,10,62,http://localhost:8080/search?q=beauty&author=Oscar%20Wilde,133,0,0
1782353847032,157,HTTP Request,200,OK,Author Query 5-3,text,true,,263,155,10,62,http://localhost:8080/search?q=beauty&author=Oscar%20Wilde,157,0,0
1782353847092,100,HTTP Request,200,OK,Author Query 5-7,text,true,,263,155,10,62,http://localhost:8080/search?q=beauty&author=Oscar%20Wilde,100,0,0
1782353847109,101,HTTP Request,200,OK,Author Query 5-6,text,true,,263,155,10,62,http://localhost:8080/search?q=beauty&author=Oscar%20Wilde,101,0,0
1782353847091,120,HTTP Request,200,OK,Author Query 5-8,text,true,,263,155,10,62,http://localhost:8080/search?q=beauty&author=Oscar%20Wilde,120,0,0
1782353847105,107,HTTP Request,200,OK,Author Query 5-2,text,true,,263,155,10,62,http://localhost:8080/search?q=beauty&author=Oscar%20Wilde,107,0,0
1782353847106,156,HTTP Request,200,OK,Author Query 5-5,text,true,,263,155,10,62,http://localhost:8080/search?q=beauty&author=Oscar%20Wilde,156,0,0
1782353847150,124,HTTP Request,200,OK,Author Query 5-4,text,true,,263,155,10,62,http://localhost:8080/search?q=beauty&author=Oscar%20Wilde,124,0,0
1782353847108,174,HTTP Request,200,OK,Author Query 5-10,text,true,,263,155,10,62,http://localhost:8080/search?q=beauty&author=Oscar%20Wilde,174,0,0
1782353847148,161,HTTP Request,200,OK,Author Query 5-9,text,true,,263,155,10,62,http://localhost:8080/search?q=beauty&author=Oscar%20Wilde,161,0,0
1782353847149,160,HTTP Request,200,OK,Author Query 5-1,text,true,,263,155,10,62,http://localhost:8080/search?q=beauty&author=Oscar%20Wilde,160,0,0
1782353847189,163,HTTP Request,200,OK,Author Query 5-3,text,true,,263,155,10,62,http://localhost:8080/search?q=beauty&author=Oscar%20Wilde,163,0,0
1782353847212,193,HTTP Request,200,OK,Author Query 5-2,text,true,,263,155,10,62,http://localhost:8080/search?q=beauty&author=Oscar%20Wilde,193,0,0
1782353847211,195,HTTP Request,200,OK,Author Query 5-6,text,true,,263,155,10,62,http://localhost:8080/search?q=beauty&author=Oscar%20Wilde,195,0,0
1782353847211,195,HTTP Request,200,OK,Author Query 5-8,text,true,,263,155,10,62,http://localhost:8080/search?q=beauty&author=Oscar%20Wilde,195,0,0
1782353847193,213,HTTP Request,200,OK,Author Query 5-7,text,true,,263,155,10,62,http://localhost:8080/search?q=beauty&author=Oscar%20Wilde,213,0,0
1782353847282,124,HTTP Request,200,OK,Author Query 5-10,text,true,,263,155,10,62,http://localhost:8080/search?q=beauty&author=Oscar%20Wilde,124,0,0
1782353847262,172,HTTP Request,200,OK,Author Query 5-5,text,true,,263,155,10,62,http://localhost:8080/search?q=beauty&author=Oscar%20Wilde,172,0,0
1782353847274,178,HTTP Request,200,OK,Author Query 5-4,text,true,,263,155,10,62,http://localhost:8080/search?q=beauty&author=Oscar%20Wilde,178,0,0
1782353847310,194,HTTP Request,200,OK,Author Query 5-9,text,true,,263,155,10,62,http://localhost:8080/search?q=beauty&author=Oscar%20Wilde,194,0,0
1782353847310,194,HTTP Request,200,OK,Author Query 5-1,text,true,,263,155,10,62,http://localhost:8080/search?q=beauty&author=Oscar%20Wilde,194,0,0
1782353847352,183,HTTP Request,200,OK,Author Query 5-3,text,true,,263,155,10,62,http://localhost:8080/search?q=beauty&author=Oscar%20Wilde,183,0,0
1782353847406,138,HTTP Request,200,OK,Author Query 5-10,text,true,,263,155,10,62,http://localhost:8080/search?q=beauty&author=Oscar%20Wilde,138,0,0
1782353847406,138,HTTP Request,200,OK,Author Query 5-7,text,true,,263,155,10,62,http://localhost:8080/search?q=beauty&author=Oscar%20Wilde,138,0,0
1782353847406,138,HTTP Request,200,OK,Author Query 5-8,text,true,,263,155,10,62,http://localhost:8080/search?q=beauty&author=Oscar%20Wilde,138,0,0
1782353847405,139,HTTP Request,200,OK,Author Query 5-2,text,true,,263,155,10,62,http://localhost:8080/search?q=beauty&author=Oscar%20Wilde,139,0,0
1782353847435,133,HTTP Request,200,OK,Author Query 5-5,text,true,,263,155,10,62,http://localhost:8080/search?q=beauty&author=Oscar%20Wilde,133,0,0
1782353847406,220,HTTP Request,200,OK,Author Query 5-6,text,true,,263,155,10,62,http://localhost:8080/search?q=beauty&author=Oscar%20Wilde,220,0,0
1782353847452,174,HTTP Request,200,OK,Author Query 5-4,text,true,,263,155,10,62,http://localhost:8080/search?q=beauty&author=Oscar%20Wilde,174,0,0
1782353847535,144,HTTP Request,200,OK,Author Query 5-3,text,true,,263,155,10,62,http://localhost:8080/search?q=beauty&author=Oscar%20Wilde,144,0,0
1782353847544,149,HTTP Request,200,OK,Author Query 5-10,text,true,,263,155,10,62,http://localhost:8080/search?q=beauty&author=Oscar%20Wilde,149,0,0
1782353847544,150,HTTP Request,200,OK,Author Query 5-7,text,true,,263,155,10,62,http://localhost:8080/search?q=beauty&author=Oscar%20Wilde,149,0,0
1782353847504,190,HTTP Request,200,OK,Author Query 5-9,text,true,,263,155,10,62,http://localhost:8080/search?q=beauty&author=Oscar%20Wilde,190,0,0
1782353847544,150,HTTP Request,200,OK,Author Query 5-8,text,true,,263,155,10,62,http://localhost:8080/search?q=beauty&author=Oscar%20Wilde,150,0,0
1782353847504,207,HTTP Request,200,OK,Author Query 5-1,text,true,,263,155,10,62,http://localhost:8080/search?q=beauty&author=Oscar%20Wilde,207,0,0
1782353847545,181,HTTP Request,200,OK,Author Query 5-2,text,true,,263,155,10,62,http://localhost:8080/search?q=beauty&author=Oscar%20Wilde,181,0,0
1782353847568,188,HTTP Request,200,OK,Author Query 5-5,text,true,,263,155,10,62,http://localhost:8080/search?q=beauty&author=Oscar%20Wilde,188,0,0
1782353847627,133,HTTP Request,200,OK,Author Query 5-4,text,true,,263,155,10,62,http://localhost:8080/search?q=beauty&author=Oscar%20Wilde,133,0,0
1782353847694,93,HTTP Request,200,OK,Author Query 5-8,text,true,,263,155,10,62,http://localhost:8080/search?q=beauty&author=Oscar%20Wilde,93,0,0
1782353847694,97,HTTP Request,200,OK,Author Query 5-10,text,true,,263,155,10,62,http://localhost:8080/search?q=beauty&author=Oscar%20Wilde,97,0,0
1782353847679,155,HTTP Request,200,OK,Author Query 5-3,text,true,,263,155,10,64,http://localhost:8080/search?q=beauty&author=Oscar%20Wilde,155,0,0
1782353847711,124,HTTP Request,200,OK,Author Query 5-1,text,true,,263,155,10,64,http://localhost:8080/search?q=beauty&author=Oscar%20Wilde,124,0,0
1782353847694,149,HTTP Request,200,OK,Author Query 5-7,text,true,,263,155,10,64,http://localhost:8080/search?q=beauty&author=Oscar%20Wilde,149,0,0
1782353847694,150,HTTP Request,200,OK,Author Query 5-9,text,true,,263,155,10,64,http://localhost:8080/search?q=beauty&author=Oscar%20Wilde,150,0,0
1782353847726,118,HTTP Request,200,OK,Author Query 5-2,text,true,,263,155,10,64,http://localhost:8080/search?q=beauty&author=Oscar%20Wilde,118,0,0
1782353847626,225,HTTP Request,200,OK,Author Query 5-6,text,true,,263,155,10,64,http://localhost:8080/search?q=beauty&author=Oscar%20Wilde,225,0,0
1782353847756,111,HTTP Request,200,OK,Author Query 5-5,text,true,,263,155,10,64,http://localhost:8080/search?q=beauty&author=Oscar%20Wilde,111,0,0
1782353847792,115,HTTP Request,200,OK,Author Query 5-10,text,true,,263,155,10,64,http://localhost:8080/search?q=beauty&author=Oscar%20Wilde,115,0,0
1782353847788,130,HTTP Request,200,OK,Author Query 5-8,text,true,,263,155,10,64,http://localhost:8080/search?q=beauty&author=Oscar%20Wilde,130,0,0
1782353847760,173,HTTP Request,200,OK,Author Query 5-4,text,true,,263,155,10,64,http://localhost:8080/search?q=beauty&author=Oscar%20Wilde,173,0,0
1782353847844,92,HTTP Request,200,OK,Author Query 5-9,text,true,,263,155,10,64,http://localhost:8080/search?q=beauty&author=Oscar%20Wilde,92,0,0
1782353847844,176,HTTP Request,200,OK,Author Query 5-2,text,true,,263,155,10,64,http://localhost:8080/search?q=beauty&author=Oscar%20Wilde,176,0,0
1782353847836,203,HTTP Request,200,OK,Author Query 5-3,text,true,,263,155,10,64,http://localhost:8080/search?q=beauty&author=Oscar%20Wilde,203,0,0
1782353847843,197,HTTP Request,200,OK,Author Query 5-7,text,true,,263,155,10,64,http://localhost:8080/search?q=beauty&author=Oscar%20Wilde,197,0,0
1782353847851,189,HTTP Request,200,OK,Author Query 5-6,text,true,,263,155,10,64,http://localhost:8080/search?q=beauty&author=Oscar%20Wilde,189,0,0
1782353847867,202,HTTP Request,200,OK,Author Query 5-5,text,true,,263,155,10,64,http://localhost:8080/search?q=beauty&author=Oscar%20Wilde,202,0,0
1782353847836,236,HTTP Request,200,OK,Author Query 5-1,text,true,,263,155,10,64,http://localhost:8080/search?q=beauty&author=Oscar%20Wilde,236,0,0
1782353847907,182,HTTP Request,200,OK,Author Query 5-10,text,true,,263,155,10,64,http://localhost:8080/search?q=beauty&author=Oscar%20Wilde,182,0,0
1782353847918,171,HTTP Request,200,OK,Author Query 5-8,text,true,,263,155,10,64,http://localhost:8080/search?q=beauty&author=Oscar%20Wilde,171,0,0
1782353847934,157,HTTP Request,200,OK,Author Query 5-4,text,true,,263,155,10,64,http://localhost:8080/search?q=beauty&author=Oscar%20Wilde,157,0,0
1782353847936,198,HTTP Request,200,OK,Author Query 5-9,text,true,,263,155,10,64,http://localhost:8080/search?q=beauty&author=Oscar%20Wilde,198,0,0
1782353848040,126,HTTP Request,200,OK,Author Query 5-6,text,true,,263,155,10,64,http://localhost:8080/search?q=beauty&author=Oscar%20Wilde,126,0,0
1782353848020,146,HTTP Request,200,OK,Author Query 5-2,text,true,,263,155,10,64,http://localhost:8080/search?q=beauty&author=Oscar%20Wilde,146,0,0
1782353848069,117,HTTP Request,200,OK,Author Query 5-5,text,true,,263,155,10,64,http://localhost:8080/search?q=beauty&author=Oscar%20Wilde,117,0,0
1782353848040,176,HTTP Request,200,OK,Author Query 5-3,text,true,,263,155,10,64,http://localhost:8080/search?q=beauty&author=Oscar%20Wilde,176,0,0
1782353848040,178,HTTP Request,200,OK,Author Query 5-7,text,true,,263,155,10,64,http://localhost:8080/search?q=beauty&author=Oscar%20Wilde,178,0,0
1782353848091,146,HTTP Request,200,OK,Author Query 5-4,text,true,,263,155,10,64,http://localhost:8080/search?q=beauty&author=Oscar%20Wilde,146,0,0
1782353848072,168,HTTP Request,200,OK,Author Query 5-1,text,true,,263,155,10,64,http://localhost:8080/search?q=beauty&author=Oscar%20Wilde,168,0,0
1782353848090,150,HTTP Request,200,OK,Author Query 5-8,text,true,,263,155,10,64,http://localhost:8080/search?q=beauty&author=Oscar%20Wilde,150,0,0
1782353848090,150,HTTP Request,200,OK,Author Query 5-10,text,true,,263,155,10,64,http://localhost:8080/search?q=beauty&author=Oscar%20Wilde,150,0,0
1782353848134,152,HTTP Request,200,OK,Author Query 5-9,text,true,,263,155,10,64,http://localhost:8080/search?q=beauty&author=Oscar%20Wilde,152,0,0
1782353848166,173,HTTP Request,200,OK,Author Query 5-6,text,true,,263,155,10,64,http://localhost:8080/search?q=beauty&author=Oscar%20Wilde,173,0,0
1782353848186,157,HTTP Request,200,OK,Author Query 5-5,text,true,,263,155,10,64,http://localhost:8080/search?q=beauty&author=Oscar%20Wilde,157,0,0
1782353848216,155,HTTP Request,200,OK,Author Query 5-3,text,true,,263,155,10,64,http://localhost:8080/search?q=beauty&author=Oscar%20Wilde,155,0,0
1782353848166,213,HTTP Request,200,OK,Author Query 5-2,text,true,,263,155,10,64,http://localhost:8080/search?q=beauty&author=Oscar%20Wilde,213,0,0
1782353848240,156,HTTP Request,200,OK,Author Query 5-1,text,true,,263,155,10,64,http://localhost:8080/search?q=beauty&author=Oscar%20Wilde,156,0,0
1782353848237,159,HTTP Request,200,OK,Author Query 5-4,text,true,,263,155,10,64,http://localhost:8080/search?q=beauty&author=Oscar%20Wilde,159,0,0
1782353848240,157,HTTP Request,200,OK,Author Query 5-10,text,true,,263,155,10,64,http://localhost:8080/search?q=beauty&author=Oscar%20Wilde,157,0,0
1782353848218,200,HTTP Request,200,OK,Author Query 5-7,text,true,,263,155,10,64,http://localhost:8080/search?q=beauty&author=Oscar%20Wilde,200,0,0
1782353848240,179,HTTP Request,200,OK,Author Query 5-8,text,true,,263,155,10,64,http://localhost:8080/search?q=beauty&author=Oscar%20Wilde,179,0,0
1782353848286,228,HTTP Request,200,OK,Author Query 5-9,text,true,,263,155,10,64,http://localhost:8080/search?q=beauty&author=Oscar%20Wilde,228,0,0
1782353848371,144,HTTP Request,200,OK,Author Query 5-3,text,true,,263,155,10,64,http://localhost:8080/search?q=beauty&author=Oscar%20Wilde,144,0,0
1782353848380,201,HTTP Request,200,OK,Author Query 5-2,text,true,,263,155,10,64,http://localhost:8080/search?q=beauty&author=Oscar%20Wilde,201,0,0
1782353848340,241,HTTP Request,200,OK,Author Query 5-6,text,true,,263,155,10,64,http://localhost:8080/search?q=beauty&author=Oscar%20Wilde,241,0,0
1782353848396,187,HTTP Request,200,OK,Author Query 5-4,text,true,,263,155,10,64,http://localhost:8080/search?q=beauty&author=Oscar%20Wilde,187,0,0
1782353848343,240,HTTP Request,200,OK,Author Query 5-5,text,true,,263,155,10,64,http://localhost:8080/search?q=beauty&author=Oscar%20Wilde,240,0,0
1782353848396,187,HTTP Request,200,OK,Author Query 5-1,text,true,,263,155,10,64,http://localhost:8080/search?q=beauty&author=Oscar%20Wilde,187,0,0
1782353848397,186,HTTP Request,200,OK,Author Query 5-10,text,true,,263,155,10,64,http://localhost:8080/search?q=beauty&author=Oscar%20Wilde,186,0,0
1782353848419,164,HTTP Request,200,OK,Author Query 5-8,text,true,,263,155,10,64,http://localhost:8080/search?q=beauty&author=Oscar%20Wilde,164,0,0
1782353848419,165,HTTP Request,200,OK,Author Query 5-7,text,true,,263,155,10,64,http://localhost:8080/search?q=beauty&author=Oscar%20Wilde,165,0,0
1782353848515,153,HTTP Request,200,OK,Author Query 5-3,text,true,,263,155,10,64,http://localhost:8080/search?q=beauty&author=Oscar%20Wilde,153,0,0
1782353848514,210,HTTP Request,200,OK,Author Query 5-9,text,true,,263,155,10,64,http://localhost:8080/search?q=beauty&author=Oscar%20Wilde,210,0,0
1782353848584,167,HTTP Request,200,OK,Author Query 5-7,text,true,,263,155,10,64,http://localhost:8080/search?q=beauty&author=Oscar%20Wilde,167,0,0
1782353848583,169,HTTP Request,200,OK,Author Query 5-8,text,true,,263,155,10,64,http://localhost:8080/search?q=beauty&author=Oscar%20Wilde,169,0,0
1782353848581,171,HTTP Request,200,OK,Author Query 5-2,text,true,,263,155,10,64,http://localhost:8080/search?q=beauty&author=Oscar%20Wilde,171,0,0
1782353848581,185,HTTP Request,200,OK,Author Query 5-6,text,true,,263,155,10,64,http://localhost:8080/search?q=beauty&author=Oscar%20Wilde,185,0,0
1782353848583,184,HTTP Request,200,OK,Author Query 5-1,text,true,,263,155,10,64,http://localhost:8080/search?q=beauty&author=Oscar%20Wilde,184,0,0
1782353848583,202,HTTP Request,200,OK,Author Query 5-10,text,true,,263,155,10,64,http://localhost:8080/search?q=beauty&author=Oscar%20Wilde,202,0,0
1782353848583,202,HTTP Request,200,OK,Author Query 5-4,text,true,,263,155,10,64,http://localhost:8080/search?q=beauty&author=Oscar%20Wilde,202,0,0
1782353848583,203,HTTP Request,200,OK,Author Query 5-5,text,true,,263,155,10,64,http://localhost:8080/search?q=beauty&author=Oscar%20Wilde,203,0,0
1782353848751,145,HTTP Request,200,OK,Author Query 5-7,text,true,,263,155,10,66,http://localhost:8080/search?q=beauty&author=Oscar%20Wilde,145,0,0
1782353848752,146,HTTP Request,200,OK,Author Query 5-8,text,true,,263,155,10,66,http://localhost:8080/search?q=beauty&author=Oscar%20Wilde,146,0,0
1782353848752,164,HTTP Request,200,OK,Author Query 5-2,text,true,,263,155,10,66,http://localhost:8080/search?q=beauty&author=Oscar%20Wilde,164,0,0
1782353848669,248,HTTP Request,200,OK,Author Query 5-3,text,true,,263,155,10,66,http://localhost:8080/search?q=beauty&author=Oscar%20Wilde,248,0,0
1782353848785,178,HTTP Request,200,OK,Author Query 5-4,text,true,,263,155,10,66,http://localhost:8080/search?q=beauty&author=Oscar%20Wilde,178,0,0
1782353848785,189,HTTP Request,200,OK,Author Query 5-10,text,true,,263,155,10,66,http://localhost:8080/search?q=beauty&author=Oscar%20Wilde,189,0,0
1782353848787,188,HTTP Request,200,OK,Author Query 5-5,text,true,,263,155,10,66,http://localhost:8080/search?q=beauty&author=Oscar%20Wilde,188,0,0
1782353848766,267,HTTP Request,200,OK,Author Query 5-6,text,true,,263,155,10,66,http://localhost:8080/search?q=beauty&author=Oscar%20Wilde,267,0,0
1782353848768,319,HTTP Request,200,OK,Author Query 5-1,text,true,,263,155,10,66,http://localhost:8080/search?q=beauty&author=Oscar%20Wilde,319,0,0
1782353848724,364,HTTP Request,200,OK,Author Query 5-9,text,true,,263,155,10,66,http://localhost:8080/search?q=beauty&author=Oscar%20Wilde,364,0,0
1782353848917,173,HTTP Request,200,OK,Author Query 5-3,text,true,,263,155,10,66,http://localhost:8080/search?q=beauty&author=Oscar%20Wilde,173,0,0
1782353848916,191,HTTP Request,200,OK,Author Query 5-2,text,true,,263,155,10,66,http://localhost:8080/search?q=beauty&author=Oscar%20Wilde,191,0,0
1782353848897,220,HTTP Request,200,OK,Author Query 5-7,text,true,,263,155,10,66,http://localhost:8080/search?q=beauty&author=Oscar%20Wilde,220,0,0
1782353848898,219,HTTP Request,200,OK,Author Query 5-8,text,true,,263,155,10,66,http://localhost:8080/search?q=beauty&author=Oscar%20Wilde,219,0,0
1782353848963,156,HTTP Request,200,OK,Author Query 5-4,text,true,,263,155,10,66,http://localhost:8080/search?q=beauty&author=Oscar%20Wilde,156,0,0
1782353848974,145,HTTP Request,200,OK,Author Query 5-10,text,true,,263,155,10,66,http://localhost:8080/search?q=beauty&author=Oscar%20Wilde,145,0,0
1782353849088,103,HTTP Request,200,OK,Author Query 5-9,text,true,,263,155,10,66,http://localhost:8080/search?q=beauty&author=Oscar%20Wilde,103,0,0
1782353849090,111,HTTP Request,200,OK,Author Query 5-3,text,true,,263,155,10,66,http://localhost:8080/search?q=beauty&author=Oscar%20Wilde,111,0,0
1782353849087,114,HTTP Request,200,OK,Author Query 5-1,text,true,,263,155,10,66,http://localhost:8080/search?q=beauty&author=Oscar%20Wilde,114,0,0
1782353848975,238,HTTP Request,200,OK,Author Query 5-5,text,true,,263,155,10,66,http://localhost:8080/search?q=beauty&author=Oscar%20Wilde,238,0,0
1782353849108,143,HTTP Request,200,OK,Author Query 5-2,text,true,,263,155,10,66,http://localhost:8080/search?q=beauty&author=Oscar%20Wilde,143,0,0
1782353849117,176,HTTP Request,200,OK,Author Query 5-8,text,true,,263,155,10,66,http://localhost:8080/search?q=beauty&author=Oscar%20Wilde,176,0,0
1782353849119,174,HTTP Request,200,OK,Author Query 5-4,text,true,,263,155,10,66,http://localhost:8080/search?q=beauty&author=Oscar%20Wilde,174,0,0
1782353849117,177,HTTP Request,200,OK,Author Query 5-7,text,true,,263,155,10,66,http://localhost:8080/search?q=beauty&author=Oscar%20Wilde,177,0,0
1782353849119,175,HTTP Request,200,OK,Author Query 5-10,text,true,,263,155,10,66,http://localhost:8080/search?q=beauty&author=Oscar%20Wilde,175,0,0
1782353849033,262,HTTP Request,200,OK,Author Query 5-6,text,true,,263,155,10,66,http://localhost:8080/search?q=beauty&author=Oscar%20Wilde,262,0,0
1782353849191,142,HTTP Request,200,OK,Author Query 5-9,text,true,,263,155,10,66,http://localhost:8080/search?q=beauty&author=Oscar%20Wilde,142,0,0
1782353849202,131,HTTP Request,200,OK,Author Query 5-1,text,true,,263,155,10,66,http://localhost:8080/search?q=beauty&author=Oscar%20Wilde,131,0,0
1782353849202,140,HTTP Request,200,OK,Author Query 5-3,text,true,,263,155,10,66,http://localhost:8080/search?q=beauty&author=Oscar%20Wilde,140,0,0
1782353849214,189,HTTP Request,200,OK,Author Query 5-5,text,true,,263,155,10,66,http://localhost:8080/search?q=beauty&author=Oscar%20Wilde,189,0,0
1782353849251,178,HTTP Request,200,OK,Author Query 5-2,text,true,,263,155,10,66,http://localhost:8080/search?q=beauty&author=Oscar%20Wilde,178,0,0
1782353849294,186,HTTP Request,200,OK,Author Query 5-7,text,true,,263,155,10,66,http://localhost:8080/search?q=beauty&author=Oscar%20Wilde,186,0,0
1782353849294,186,HTTP Request,200,OK,Author Query 5-10,text,true,,263,155,10,66,http://localhost:8080/search?q=beauty&author=Oscar%20Wilde,186,0,0
1782353849293,188,HTTP Request,200,OK,Author Query 5-4,text,true,,263,155,10,66,http://localhost:8080/search?q=beauty&author=Oscar%20Wilde,188,0,0
1782353849293,189,HTTP Request,200,OK,Author Query 5-8,text,true,,263,155,10,66,http://localhost:8080/search?q=beauty&author=Oscar%20Wilde,188,0,0
1782353849295,187,HTTP Request,200,OK,Author Query 5-6,text,true,,263,155,10,66,http://localhost:8080/search?q=beauty&author=Oscar%20Wilde,187,0,0
1782353849333,192,HTTP Request,200,OK,Author Query 5-1,text,true,,263,155,10,66,http://localhost:8080/search?q=beauty&author=Oscar%20Wilde,192,0,0
1782353849333,192,HTTP Request,200,OK,Author Query 5-9,text,true,,263,155,10,66,http://localhost:8080/search?q=beauty&author=Oscar%20Wilde,192,0,0
1782353849429,106,HTTP Request,200,OK,Author Query 5-2,text,true,,263,155,10,66,http://localhost:8080/search?q=beauty&author=Oscar%20Wilde,106,0,0
1782353849342,219,HTTP Request,200,OK,Author Query 5-3,text,true,,263,155,10,66,http://localhost:8080/search?q=beauty&author=Oscar%20Wilde,219,0,0
1782353849404,181,HTTP Request,200,OK,Author Query 5-5,text,true,,263,155,10,66,http://localhost:8080/search?q=beauty&author=Oscar%20Wilde,181,0,0
1782353849480,145,HTTP Request,200,OK,Author Query 5-7,text,true,,263,155,10,66,http://localhost:8080/search?q=beauty&author=Oscar%20Wilde,145,0,0
1782353849480,146,HTTP Request,200,OK,Author Query 5-10,text,true,,263,155,10,66,http://localhost:8080/search?q=beauty&author=Oscar%20Wilde,146,0,0
1782353849481,155,HTTP Request,200,OK,Author Query 5-4,text,true,,263,155,10,66,http://localhost:8080/search?q=beauty&author=Oscar%20Wilde,155,0,0
1782353849482,155,HTTP Request,200,OK,Author Query 5-8,text,true,,263,155,10,66,http://localhost:8080/search?q=beauty&author=Oscar%20Wilde,155,0,0
1782353849482,156,HTTP Request,200,OK,Author Query 5-6,text,true,,263,155,10,66,http://localhost:8080/search?q=beauty&author=Oscar%20Wilde,156,0,0
1782353849561,158,HTTP Request,200,OK,Author Query 5-3,text,true,,263,155,10,66,http://localhost:8080/search?q=beauty&author=Oscar%20Wilde,158,0,0
1782353849637,90,HTTP Request,200,OK,Author Query 5-8,text,true,,263,155,10,66,http://localhost:8080/search?q=beauty&author=Oscar%20Wilde,90,0,0
1782353849626,102,HTTP Request,200,OK,Author Query 5-7,text,true,,263,155,10,66,http://localhost:8080/search?q=beauty&author=Oscar%20Wilde,102,0,0
1782353849636,92,HTTP Request,200,OK,Author Query 5-4,text,true,,263,155,10,66,http://localhost:8080/search?q=beauty&author=Oscar%20Wilde,92,0,0
1782353849626,102,HTTP Request,200,OK,Author Query 5-10,text,true,,263,155,10,66,http://localhost:8080/search?q=beauty&author=Oscar%20Wilde,102,0,0
1782353849535,220,HTTP Request,200,OK,Author Query 5-2,text,true,,263,155,10,66,http://localhost:8080/search?q=beauty&author=Oscar%20Wilde,220,0,0
1782353849638,129,HTTP Request,200,OK,Author Query 5-6,text,true,,263,155,10,66,http://localhost:8080/search?q=beauty&author=Oscar%20Wilde,129,0,0
1782353849525,242,HTTP Request,200,OK,Author Query 5-1,text,true,,263,155,10,66,http://localhost:8080/search?q=beauty&author=Oscar%20Wilde,242,0,0
1782353849526,264,HTTP Request,200,OK,Author Query 5-9,text,true,,263,155,10,66,http://localhost:8080/search?q=beauty&author=Oscar%20Wilde,264,0,0
1782353849728,95,HTTP Request,200,OK,Author Query 5-4,text,true,,263,155,10,68,http://localhost:8080/search?q=beauty&author=Oscar%20Wilde,95,0,0
1782353849727,96,HTTP Request,200,OK,Author Query 5-8,text,true,,263,155,10,68,http://localhost:8080/search?q=beauty&author=Oscar%20Wilde,96,0,0
1782353849720,104,HTTP Request,200,OK,Author Query 5-3,text,true,,263,155,10,68,http://localhost:8080/search?q=beauty&author=Oscar%20Wilde,104,0,0
1782353849728,96,HTTP Request,200,OK,Author Query 5-7,text,true,,263,155,10,68,http://localhost:8080/search?q=beauty&author=Oscar%20Wilde,96,0,0
1782353849585,240,HTTP Request,200,OK,Author Query 5-5,text,true,,263,155,10,68,http://localhost:8080/search?q=beauty&author=Oscar%20Wilde,240,0,0
1782353849728,134,HTTP Request,200,OK,Author Query 5-10,text,true,,263,155,10,68,http://localhost:8080/search?q=beauty&author=Oscar%20Wilde,134,0,0
1782353849755,120,HTTP Request,200,OK,Author Query 5-2,text,true,,263,155,10,68,http://localhost:8080/search?q=beauty&author=Oscar%20Wilde,120,0,0
1782353849767,114,HTTP Request,200,OK,Author Query 5-1,text,true,,263,155,10,68,http://localhost:8080/search?q=beauty&author=Oscar%20Wilde,114,0,0
1782353849823,102,HTTP Request,200,OK,Author Query 5-4,text,true,,263,155,10,68,http://localhost:8080/search?q=beauty&author=Oscar%20Wilde,102,0,0
1782353849767,168,HTTP Request,200,OK,Author Query 5-6,text,true,,263,155,10,68,http://localhost:8080/search?q=beauty&author=Oscar%20Wilde,168,0,0
1782353849791,144,HTTP Request,200,OK,Author Query 5-9,text,true,,263,155,10,68,http://localhost:8080/search?q=beauty&author=Oscar%20Wilde,144,0,0
1782353849823,135,HTTP Request,200,OK,Author Query 5-8,text,true,,263,155,10,68,http://localhost:8080/search?q=beauty&author=Oscar%20Wilde,135,0,0
1782353849825,142,HTTP Request,200,OK,Author Query 5-7,text,true,,263,155,10,68,http://localhost:8080/search?q=beauty&author=Oscar%20Wilde,142,0,0
1782353849824,143,HTTP Request,200,OK,Author Query 5-3,text,true,,263,155,10,68,http://localhost:8080/search?q=beauty&author=Oscar%20Wilde,143,0,0
1782353849825,154,HTTP Request,200,OK,Author Query 5-5,text,true,,263,155,10,68,http://localhost:8080/search?q=beauty&author=Oscar%20Wilde,154,0,0
1782353849863,133,HTTP Request,200,OK,Author Query 5-10,text,true,,263,155,10,68,http://localhost:8080/search?q=beauty&author=Oscar%20Wilde,133,0,0
1782353849875,147,HTTP Request,200,OK,Author Query 5-2,text,true,,263,155,10,68,http://localhost:8080/search?q=beauty&author=Oscar%20Wilde,147,0,0
1782353849882,161,HTTP Request,200,OK,Author Query 5-1,text,true,,263,155,10,68,http://localhost:8080/search?q=beauty&author=Oscar%20Wilde,161,0,0
1782353849935,118,HTTP Request,200,OK,Author Query 5-9,text,true,,263,155,10,68,http://localhost:8080/search?q=beauty&author=Oscar%20Wilde,118,0,0
1782353849967,130,HTTP Request,200,OK,Author Query 5-3,text,true,,263,155,10,68,http://localhost:8080/search?q=beauty&author=Oscar%20Wilde,130,0,0
1782353849958,139,HTTP Request,200,OK,Author Query 5-8,text,true,,263,155,10,68,http://localhost:8080/search?q=beauty&author=Oscar%20Wilde,139,0,0
1782353849935,170,HTTP Request,200,OK,Author Query 5-6,text,true,,263,155,10,68,http://localhost:8080/search?q=beauty&author=Oscar%20Wilde,170,0,0
1782353849967,163,HTTP Request,200,OK,Author Query 5-7,text,true,,263,155,10,68,http://localhost:8080/search?q=beauty&author=Oscar%20Wilde,163,0,0
1782353849926,204,HTTP Request,200,OK,Author Query 5-4,text,true,,263,155,10,68,http://localhost:8080/search?q=beauty&author=Oscar%20Wilde,204,0,0
1782353850023,115,HTTP Request,200,OK,Author Query 5-2,text,true,,263,155,10,68,http://localhost:8080/search?q=beauty&author=Oscar%20Wilde,115,0,0
1782353849996,155,HTTP Request,200,OK,Author Query 5-10,text,true,,263,155,10,68,http://localhost:8080/search?q=beauty&author=Oscar%20Wilde,155,0,0
1782353849979,173,HTTP Request,200,OK,Author Query 5-5,text,true,,263,155,10,68,http://localhost:8080/search?q=beauty&author=Oscar%20Wilde,173,0,0
1782353850043,114,HTTP Request,200,OK,Author Query 5-1,text,true,,263,155,10,68,http://localhost:8080/search?q=beauty&author=Oscar%20Wilde,114,0,0
1782353850054,118,HTTP Request,200,OK,Author Query 5-9,text,true,,263,155,10,68,http://localhost:8080/search?q=beauty&author=Oscar%20Wilde,118,0,0
1782353850097,83,HTTP Request,200,OK,Author Query 5-3,text,true,,263,155,10,68,http://localhost:8080/search?q=beauty&author=Oscar%20Wilde,83,0,0
1782353850097,112,HTTP Request,200,OK,Author Query 5-8,text,true,,263,155,10,68,http://localhost:8080/search?q=beauty&author=Oscar%20Wilde,112,0,0
1782353850105,105,HTTP Request,200,OK,Author Query 5-6,text,true,,263,155,10,68,http://localhost:8080/search?q=beauty&author=Oscar%20Wilde,105,0,0
1782353850131,115,HTTP Request,200,OK,Author Query 5-4,text,true,,263,155,10,68,http://localhost:8080/search?q=beauty&author=Oscar%20Wilde,115,0,0
1782353850130,117,HTTP Request,200,OK,Author Query 5-7,text,true,,263,155,10,68,http://localhost:8080/search?q=beauty&author=Oscar%20Wilde,117,0,0
1782353850173,111,HTTP Request,200,OK,Author Query 5-9,text,true,,263,155,10,68,http://localhost:8080/search?q=beauty&author=Oscar%20Wilde,111,0,0
1782353850139,146,HTTP Request,200,OK,Author Query 5-2,text,true,,263,155,10,68,http://localhost:8080/search?q=beauty&author=Oscar%20Wilde,146,0,0
1782353850152,191,HTTP Request,200,OK,Author Query 5-5,text,true,,263,155,10,68,http://localhost:8080/search?q=beauty&author=Oscar%20Wilde,191,0,0
1782353850180,166,HTTP Request,200,OK,Author Query 5-3,text,true,,263,155,10,68,http://localhost:8080/search?q=beauty&author=Oscar%20Wilde,166,0,0
1782353850210,136,HTTP Request,200,OK,Author Query 5-8,text,true,,263,155,10,68,http://localhost:8080/search?q=beauty&author=Oscar%20Wilde,136,0,0
1782353850151,213,HTTP Request,200,OK,Author Query 5-10,text,true,,263,155,10,68,http://localhost:8080/search?q=beauty&author=Oscar%20Wilde,213,0,0
1782353850210,156,HTTP Request,200,OK,Author Query 5-6,text,true,,263,155,10,68,http://localhost:8080/search?q=beauty&author=Oscar%20Wilde,156,0,0
1782353850157,209,HTTP Request,200,OK,Author Query 5-1,text,true,,263,155,10,68,http://localhost:8080/search?q=beauty&author=Oscar%20Wilde,209,0,0
1782353850247,150,HTTP Request,200,OK,Author Query 5-7,text,true,,263,155,10,68,http://localhost:8080/search?q=beauty&author=Oscar%20Wilde,150,0,0
1782353850246,157,HTTP Request,200,OK,Author Query 5-4,text,true,,263,155,10,68,http://localhost:8080/search?q=beauty&author=Oscar%20Wilde,157,0,0
1782353850285,125,HTTP Request,200,OK,Author Query 5-9,text,true,,263,155,10,68,http://localhost:8080/search?q=beauty&author=Oscar%20Wilde,125,0,0
1782353850285,160,HTTP Request,200,OK,Author Query 5-2,text,true,,263,155,10,68,http://localhost:8080/search?q=beauty&author=Oscar%20Wilde,160,0,0
1782353850366,95,HTTP Request,200,OK,Author Query 5-6,text,true,,263,155,10,68,http://localhost:8080/search?q=beauty&author=Oscar%20Wilde,95,0,0
1782353850366,95,HTTP Request,200,OK,Author Query 5-1,text,true,,263,155,10,68,http://localhost:8080/search?q=beauty&author=Oscar%20Wilde,95,0,0
1782353850364,108,HTTP Request,200,OK,Author Query 5-10,text,true,,263,155,10,68,http://localhost:8080/search?q=beauty&author=Oscar%20Wilde,108,0,0
1782353850346,126,HTTP Request,200,OK,Author Query 5-3,text,true,,263,155,10,68,http://localhost:8080/search?q=beauty&author=Oscar%20Wilde,126,0,0
1782353850346,152,HTTP Request,200,OK,Author Query 5-8,text,true,,263,155,10,68,http://localhost:8080/search?q=beauty&author=Oscar%20Wilde,152,0,0
1782353850343,156,HTTP Request,200,OK,Author Query 5-5,text,true,,263,155,10,68,http://localhost:8080/search?q=beauty&author=Oscar%20Wilde,156,0,0
1782353850410,104,HTTP Request,200,OK,Author Query 5-9,text,true,,263,155,10,68,http://localhost:8080/search?q=beauty&author=Oscar%20Wilde,104,0,0
1782353850403,112,HTTP Request,200,OK,Author Query 5-4,text,true,,263,155,10,68,http://localhost:8080/search?q=beauty&author=Oscar%20Wilde,112,0,0
1782353850398,118,HTTP Request,200,OK,Author Query 5-7,text,true,,263,155,10,68,http://localhost:8080/search?q=beauty&author=Oscar%20Wilde,118,0,0
1782353850445,84,HTTP Request,200,OK,Author Query 5-2,text,true,,263,155,10,68,http://localhost:8080/search?q=beauty&author=Oscar%20Wilde,84,0,0
1782353850461,90,HTTP Request,200,OK,Author Query 5-6,text,true,,263,155,10,68,http://localhost:8080/search?q=beauty&author=Oscar%20Wilde,90,0,0
1782353850462,89,HTTP Request,200,OK,Author Query 5-1,text,true,,263,155,10,68,http://localhost:8080/search?q=beauty&author=Oscar%20Wilde,89,0,0
1782353850472,119,HTTP Request,200,OK,Author Query 5-10,text,true,,263,155,10,68,http://localhost:8080/search?q=beauty&author=Oscar%20Wilde,119,0,0
1782353850472,124,HTTP Request,200,OK,Author Query 5-3,text,true,,263,155,10,68,http://localhost:8080/search?q=beauty&author=Oscar%20Wilde,124,0,0
1782353850498,98,HTTP Request,200,OK,Author Query 5-8,text,true,,263,155,10,68,http://localhost:8080/search?q=beauty&author=Oscar%20Wilde,98,0,0
1782353850500,97,HTTP Request,200,OK,Author Query 5-5,text,true,,263,155,10,68,http://localhost:8080/search?q=beauty&author=Oscar%20Wilde,97,0,0
1782353850529,108,HTTP Request,200,OK,Author Query 5-2,text,true,,263,155,10,68,http://localhost:8080/search?q=beauty&author=Oscar%20Wilde,108,0,0
1782353850515,123,HTTP Request,200,OK,Author Query 5-9,text,true,,263,155,10,68,http://localhost:8080/search?q=beauty&author=Oscar%20Wilde,123,0,0
1782353850515,156,HTTP Request,200,OK,Author Query 5-4,text,true,,263,155,10,68,http://localhost:8080/search?q=beauty&author=Oscar%20Wilde,156,0,0
1782353850517,171,HTTP Request,200,OK,Author Query 5-7,text,true,,263,155,10,68,http://localhost:8080/search?q=beauty&author=Oscar%20Wilde,171,0,0
1782353850596,110,HTTP Request,200,OK,Author Query 5-3,text,true,,263,155,10,68,http://localhost:8080/search?q=beauty&author=Oscar%20Wilde,110,0,0
1782353850591,120,HTTP Request,200,OK,Author Query 5-10,text,true,,263,155,10,68,http://localhost:8080/search?q=beauty&author=Oscar%20Wilde,120,0,0
1782353850551,160,HTTP Request,200,OK,Author Query 5-6,text,true,,263,155,10,68,http://localhost:8080/search?q=beauty&author=Oscar%20Wilde,160,0,0
1782353850597,117,HTTP Request,200,OK,Author Query 5-8,text,true,,263,155,10,68,http://localhost:8080/search?q=beauty&author=Oscar%20Wilde,117,0,0
1782353850551,178,HTTP Request,200,OK,Author Query 5-1,text,true,,263,155,10,68,http://localhost:8080/search?q=beauty&author=Oscar%20Wilde,178,0,0
1782353850637,98,HTTP Request,200,OK,Author Query 5-2,text,true,,263,155,10,68,http://localhost:8080/search?q=beauty&author=Oscar%20Wilde,98,0,0
1782353850638,97,HTTP Request,200,OK,Author Query 5-9,text,true,,263,155,10,68,http://localhost:8080/search?q=beauty&author=Oscar%20Wilde,97,0,0
1782353850597,180,HTTP Request,200,OK,Author Query 5-5,text,true,,263,155,10,68,http://localhost:8080/search?q=beauty&author=Oscar%20Wilde,180,0,0
1782353850706,121,HTTP Request,200,OK,Author Query 5-3,text,true,,263,155,10,70,http://localhost:8080/search?q=beauty&author=Oscar%20Wilde,121,0,0
1782353850672,163,HTTP Request,200,OK,Author Query 5-4,text,true,,263,155,10,70,http://localhost:8080/search?q=beauty&author=Oscar%20Wilde,163,0,0
1782353850688,157,HTTP Request,200,OK,Author Query 5-7,text,true,,263,155,10,70,http://localhost:8080/search?q=beauty&author=Oscar%20Wilde,157,0,0
1782353850714,132,HTTP Request,200,OK,Author Query 5-8,text,true,,263,155,10,70,http://localhost:8080/search?q=beauty&author=Oscar%20Wilde,132,0,0
1782353850712,140,HTTP Request,200,OK,Author Query 5-6,text,true,,263,155,10,70,http://localhost:8080/search?q=beauty&author=Oscar%20Wilde,140,0,0
1782353850712,143,HTTP Request,200,OK,Author Query 5-10,text,true,,263,155,10,70,http://localhost:8080/search?q=beauty&author=Oscar%20Wilde,143,0,0
1782353850729,129,HTTP Request,200,OK,Author Query 5-1,text,true,,263,155,10,70,http://localhost:8080/search?q=beauty&author=Oscar%20Wilde,129,0,0
1782353850735,123,HTTP Request,200,OK,Author Query 5-2,text,true,,263,155,10,70,http://localhost:8080/search?q=beauty&author=Oscar%20Wilde,123,0,0
1782353850735,126,HTTP Request,200,OK,Author Query 5-9,text,true,,263,155,10,70,http://localhost:8080/search?q=beauty&author=Oscar%20Wilde,126,0,0
1782353850836,115,HTTP Request,200,OK,Author Query 5-4,text,true,,263,155,10,70,http://localhost:8080/search?q=beauty&author=Oscar%20Wilde,115,0,0
1782353850777,207,HTTP Request,200,OK,Author Query 5-5,text,true,,263,155,10,70,http://localhost:8080/search?q=beauty&author=Oscar%20Wilde,207,0,0
1782353850858,126,HTTP Request,200,OK,Author Query 5-1,text,true,,263,155,10,70,http://localhost:8080/search?q=beauty&author=Oscar%20Wilde,126,0,0
1782353850846,138,HTTP Request,200,OK,Author Query 5-8,text,true,,263,155,10,70,http://localhost:8080/search?q=beauty&author=Oscar%20Wilde,138,0,0
1782353850855,131,HTTP Request,200,OK,Author Query 5-10,text,true,,263,155,10,70,http://localhost:8080/search?q=beauty&author=Oscar%20Wilde,131,0,0
1782353850852,135,HTTP Request,200,OK,Author Query 5-6,text,true,,263,155,10,70,http://localhost:8080/search?q=beauty&author=Oscar%20Wilde,135,0,0
1782353850859,128,HTTP Request,200,OK,Author Query 5-2,text,true,,263,155,10,70,http://localhost:8080/search?q=beauty&author=Oscar%20Wilde,128,0,0
1782353850845,142,HTTP Request,200,OK,Author Query 5-7,text,true,,263,155,10,70,http://localhost:8080/search?q=beauty&author=Oscar%20Wilde,142,0,0
1782353850827,174,HTTP Request,200,OK,Author Query 5-3,text,true,,263,155,10,70,http://localhost:8080/search?q=beauty&author=Oscar%20Wilde,174,0,0
1782353850861,178,HTTP Request,200,OK,Author Query 5-9,text,true,,263,155,10,70,http://localhost:8080/search?q=beauty&author=Oscar%20Wilde,178,0,0
1782353850984,174,HTTP Request,200,OK,Author Query 5-1,text,true,,263,155,10,70,http://localhost:8080/search?q=beauty&author=Oscar%20Wilde,174,0,0
1782353850952,210,HTTP Request,200,OK,Author Query 5-4,text,true,,263,155,10,70,http://localhost:8080/search?q=beauty&author=Oscar%20Wilde,210,0,0
1782353850984,180,HTTP Request,200,OK,Author Query 5-5,text,true,,263,155,10,70,http://localhost:8080/search?q=beauty&author=Oscar%20Wilde,180,0,0
1782353850984,199,HTTP Request,200,OK,Author Query 5-8,text,true,,263,155,10,70,http://localhost:8080/search?q=beauty&author=Oscar%20Wilde,199,0,0
1782353850987,198,HTTP Request,200,OK,Author Query 5-6,text,true,,263,155,10,70,http://localhost:8080/search?q=beauty&author=Oscar%20Wilde,198,0,0
1782353850987,206,HTTP Request,200,OK,Author Query 5-10,text,true,,263,155,10,70,http://localhost:8080/search?q=beauty&author=Oscar%20Wilde,206,0,0
1782353850987,206,HTTP Request,200,OK,Author Query 5-2,text,true,,263,155,10,70,http://localhost:8080/search?q=beauty&author=Oscar%20Wilde,206,0,0
1782353850987,224,HTTP Request,200,OK,Author Query 5-7,text,true,,263,155,10,70,http://localhost:8080/search?q=beauty&author=Oscar%20Wilde,224,0,0
1782353851001,211,HTTP Request,200,OK,Author Query 5-3,text,true,,263,155,10,70,http://localhost:8080/search?q=beauty&author=Oscar%20Wilde,211,0,0
1782353851040,199,HTTP Request,200,OK,Author Query 5-9,text,true,,263,155,10,70,http://localhost:8080/search?q=beauty&author=Oscar%20Wilde,199,0,0
1782353851164,134,HTTP Request,200,OK,Author Query 5-5,text,true,,263,155,10,70,http://localhost:8080/search?q=beauty&author=Oscar%20Wilde,134,0,0
1782353851183,115,HTTP Request,200,OK,Author Query 5-8,text,true,,263,155,10,70,http://localhost:8080/search?q=beauty&author=Oscar%20Wilde,115,0,0
1782353851162,137,HTTP Request,200,OK,Author Query 5-4,text,true,,263,155,10,70,http://localhost:8080/search?q=beauty&author=Oscar%20Wilde,137,0,0
1782353851158,141,HTTP Request,200,OK,Author Query 5-1,text,true,,263,155,10,70,http://localhost:8080/search?q=beauty&author=Oscar%20Wilde,141,0,0
1782353851193,106,HTTP Request,200,OK,Author Query 5-2,text,true,,263,155,10,70,http://localhost:8080/search?q=beauty&author=Oscar%20Wilde,106,0,0
1782353851193,106,HTTP Request,200,OK,Author Query 5-10,text,true,,263,155,10,70,http://localhost:8080/search?q=beauty&author=Oscar%20Wilde,106,0,0
1782353851212,131,HTTP Request,200,OK,Author Query 5-3,text,true,,263,155,10,70,http://localhost:8080/search?q=beauty&author=Oscar%20Wilde,131,0,0
1782353851299,200,HTTP Request,200,OK,Author Query 5-4,text,true,,263,155,10,70,http://localhost:8080/search?q=beauty&author=Oscar%20Wilde,200,0,0
1782353851298,202,HTTP Request,200,OK,Author Query 5-5,text,true,,263,155,10,70,http://localhost:8080/search?q=beauty&author=Oscar%20Wilde,202,0,0
1782353851299,202,HTTP Request,200,OK,Author Query 5-2,text,true,,263,155,10,70,http://localhost:8080/search?q=beauty&author=Oscar%20Wilde,202,0,0
1782353851298,204,HTTP Request,200,OK,Author Query 5-8,text,true,,263,155,10,70,http://localhost:8080/search?q=beauty&author=Oscar%20Wilde,204,0,0
1782353851299,204,HTTP Request,200,OK,Author Query 5-10,text,true,,263,155,10,70,http://localhost:8080/search?q=beauty&author=Oscar%20Wilde,204,0,0
1782353851299,212,HTTP Request,200,OK,Author Query 5-1,text,true,,263,155,10,70,http://localhost:8080/search?q=beauty&author=Oscar%20Wilde,212,0,0
1782353851343,169,HTTP Request,200,OK,Author Query 5-3,text,true,,263,155,10,70,http://localhost:8080/search?q=beauty&author=Oscar%20Wilde,169,0,0
1782353851240,274,HTTP Request,200,OK,Author Query 5-9,text,true,,263,155,10,70,http://localhost:8080/search?q=beauty&author=Oscar%20Wilde,274,0,0
1782353851185,330,HTTP Request,200,OK,Author Query 5-6,text,true,,263,155,10,70,http://localhost:8080/search?q=beauty&author=Oscar%20Wilde,330,0,0
1782353851211,305,HTTP Request,200,OK,Author Query 5-7,text,true,,263,155,10,70,http://localhost:8080/search?q=beauty&author=Oscar%20Wilde,305,0,0
1782353851500,130,HTTP Request,200,OK,Author Query 5-5,text,true,,263,155,10,70,http://localhost:8080/search?q=beauty&author=Oscar%20Wilde,130,0,0
1782353851503,160,HTTP Request,200,OK,Author Query 5-8,text,true,,263,155,10,70,http://localhost:8080/search?q=beauty&author=Oscar%20Wilde,160,0,0
1782353851502,161,HTTP Request,200,OK,Author Query 5-2,text,true,,263,155,10,70,http://localhost:8080/search?q=beauty&author=Oscar%20Wilde,161,0,0
1782353851499,164,HTTP Request,200,OK,Author Query 5-4,text,true,,263,155,10,70,http://localhost:8080/search?q=beauty&author=Oscar%20Wilde,164,0,0
1782353851515,148,HTTP Request,200,OK,Author Query 5-6,text,true,,263,155,10,70,http://localhost:8080/search?q=beauty&author=Oscar%20Wilde,148,0,0
1782353851503,160,HTTP Request,200,OK,Author Query 5-10,text,true,,263,155,10,70,http://localhost:8080/search?q=beauty&author=Oscar%20Wilde,160,0,0
1782353851516,172,HTTP Request,200,OK,Author Query 5-7,text,true,,263,155,10,70,http://localhost:8080/search?q=beauty&author=Oscar%20Wilde,172,0,0
1782353851512,190,HTTP Request,200,OK,Author Query 5-1,text,true,,263,155,10,70,http://localhost:8080/search?q=beauty&author=Oscar%20Wilde,190,0,0
1782353851514,208,HTTP Request,200,OK,Author Query 5-9,text,true,,263,155,10,70,http://localhost:8080/search?q=beauty&author=Oscar%20Wilde,208,0,0
1782353851513,304,HTTP Request,200,OK,Author Query 5-3,text,true,,263,155,10,70,http://localhost:8080/search?q=beauty&author=Oscar%20Wilde,304,0,0
1782353851663,188,HTTP Request,200,OK,Author Query 5-2,text,true,,263,155,10,70,http://localhost:8080/search?q=beauty&author=Oscar%20Wilde,188,0,0
1782353851663,189,HTTP Request,200,OK,Author Query 5-8,text,true,,263,155,10,70,http://localhost:8080/search?q=beauty&author=Oscar%20Wilde,189,0,0
1782353851664,209,HTTP Request,200,OK,Author Query 5-10,text,true,,263,155,10,70,http://localhost:8080/search?q=beauty&author=Oscar%20Wilde,209,0,0
1782353851702,175,HTTP Request,200,OK,Author Query 5-1,text,true,,263,155,10,70,http://localhost:8080/search?q=beauty&author=Oscar%20Wilde,175,0,0
1782353851664,223,HTTP Request,200,OK,Author Query 5-6,text,true,,263,155,10,70,http://localhost:8080/search?q=beauty&author=Oscar%20Wilde,223,0,0
1782353851663,261,HTTP Request,200,OK,Author Query 5-4,text,true,,263,155,10,70,http://localhost:8080/search?q=beauty&author=Oscar%20Wilde,261,0,0
1782353851630,304,HTTP Request,200,OK,Author Query 5-5,text,true,,263,155,10,70,http://localhost:8080/search?q=beauty&author=Oscar%20Wilde,303,0,0
1782353851722,243,HTTP Request,200,OK,Author Query 5-9,text,true,,263,155,10,70,http://localhost:8080/search?q=beauty&author=Oscar%20Wilde,243,0,0
1782353851688,278,HTTP Request,200,OK,Author Query 5-7,text,true,,263,155,10,70,http://localhost:8080/search?q=beauty&author=Oscar%20Wilde,278,0,0
1782353851851,169,HTTP Request,200,OK,Author Query 5-2,text,true,,263,155,10,70,http://localhost:8080/search?q=beauty&author=Oscar%20Wilde,169,0,0
1782353851817,204,HTTP Request,200,OK,Author Query 5-3,text,true,,263,155,10,70,http://localhost:8080/search?q=beauty&author=Oscar%20Wilde,204,0,0
1782353851887,140,HTTP Request,200,OK,Author Query 5-6,text,true,,263,155,10,70,http://localhost:8080/search?q=beauty&author=Oscar%20Wilde,140,0,0
1782353851877,151,HTTP Request,200,OK,Author Query 5-1,text,true,,263,155,10,70,http://localhost:8080/search?q=beauty&author=Oscar%20Wilde,151,0,0
1782353851925,122,HTTP Request,200,OK,Author Query 5-4,text,true,,263,155,10,70,http://localhost:8080/search?q=beauty&author=Oscar%20Wilde,122,0,0
1782353851874,217,HTTP Request,200,OK,Author Query 5-10,text,true,,263,155,10,70,http://localhost:8080/search?q=beauty&author=Oscar%20Wilde,217,0,0
1782353851852,240,HTTP Request,200,OK,Author Query 5-8,text,true,,263,155,10,70,http://localhost:8080/search?q=beauty&author=Oscar%20Wilde,240,0,0
1782353851934,173,HTTP Request,200,OK,Author Query 5-5,text,true,,263,155,10,70,http://localhost:8080/search?q=beauty&author=Oscar%20Wilde,173,0,0
1782353851967,159,HTTP Request,200,OK,Author Query 5-7,text,true,,263,155,10,70,http://localhost:8080/search?q=beauty&author=Oscar%20Wilde,159,0,0
1782353851966,163,HTTP Request,200,OK,Author Query 5-9,text,true,,263,155,10,70,http://localhost:8080/search?q=beauty&author=Oscar%20Wilde,163,0,0
1782353852021,159,HTTP Request,200,OK,Author Query 5-2,text,true,,263,155,10,70,http://localhost:8080/search?q=beauty&author=Oscar%20Wilde,159,0,0
1782353852028,154,HTTP Request,200,OK,Author Query 5-6,text,true,,263,155,10,70,http://localhost:8080/search?q=beauty&author=Oscar%20Wilde,154,0,0
1782353852028,154,HTTP Request,200,OK,Author Query 5-1,text,true,,263,155,10,70,http://localhost:8080/search?q=beauty&author=Oscar%20Wilde,154,0,0
1782353852047,137,HTTP Request,200,OK,Author Query 5-4,text,true,,263,155,10,70,http://localhost:8080/search?q=beauty&author=Oscar%20Wilde,137,0,0
1782353852021,166,HTTP Request,200,OK,Author Query 5-3,text,true,,263,155,10,70,http://localhost:8080/search?q=beauty&author=Oscar%20Wilde,166,0,0
1782353852107,95,HTTP Request,200,OK,Author Query 5-5,text,true,,263,155,10,70,http://localhost:8080/search?q=beauty&author=Oscar%20Wilde,95,0,0
1782353852092,118,HTTP Request,200,OK,Author Query 5-8,text,true,,263,155,10,70,http://localhost:8080/search?q=beauty&author=Oscar%20Wilde,118,0,0
1782353852129,139,HTTP Request,200,OK,Author Query 5-9,text,true,,263,155,10,70,http://localhost:8080/search?q=beauty&author=Oscar%20Wilde,139,0,0
1782353852184,119,HTTP Request,200,OK,Author Query 5-4,text,true,,263,155,10,70,http://localhost:8080/search?q=beauty&author=Oscar%20Wilde,119,0,0
1782353852181,128,HTTP Request,200,OK,Author Query 5-2,text,true,,263,155,10,70,http://localhost:8080/search?q=beauty&author=Oscar%20Wilde,128,0,0
1782353852182,127,HTTP Request,200,OK,Author Query 5-1,text,true,,263,155,10,70,http://localhost:8080/search?q=beauty&author=Oscar%20Wilde,127,0,0
1782353852182,129,HTTP Request,200,OK,Author Query 5-6,text,true,,263,155,10,70,http://localhost:8080/search?q=beauty&author=Oscar%20Wilde,129,0,0
1782353852203,110,HTTP Request,200,OK,Author Query 5-5,text,true,,263,155,10,70,http://localhost:8080/search?q=beauty&author=Oscar%20Wilde,110,0,0
1782353852210,103,HTTP Request,200,OK,Author Query 5-8,text,true,,263,155,10,70,http://localhost:8080/search?q=beauty&author=Oscar%20Wilde,103,0,0
1782353852092,234,HTTP Request,200,OK,Author Query 5-10,text,true,,263,155,10,70,http://localhost:8080/search?q=beauty&author=Oscar%20Wilde,234,0,0
1782353852126,200,HTTP Request,200,OK,Author Query 5-7,text,true,,263,155,10,70,http://localhost:8080/search?q=beauty&author=Oscar%20Wilde,200,0,0
1782353852187,153,HTTP Request,200,OK,Author Query 5-3,text,true,,263,155,10,70,http://localhost:8080/search?q=beauty&author=Oscar%20Wilde,153,0,0
1782353852272,80,HTTP Request,200,OK,Author Query 5-9,text,true,,263,155,10,70,http://localhost:8080/search?q=beauty&author=Oscar%20Wilde,80,0,0
1782353852309,81,HTTP Request,200,OK,Author Query 5-1,text,true,,263,155,10,70,http://localhost:8080/search?q=beauty&author=Oscar%20Wilde,81,0,0
1782353852312,102,HTTP Request,200,OK,Author Query 5-6,text,true,,263,155,10,70,http://localhost:8080/search?q=beauty&author=Oscar%20Wilde,102,0,0
1782353852303,112,HTTP Request,200,OK,Author Query 5-4,text,true,,263,155,10,70,http://localhost:8080/search?q=beauty&author=Oscar%20Wilde,112,0,0
1782353852309,156,HTTP Request,200,OK,Author Query 5-2,text,true,,263,155,10,70,http://localhost:8080/search?q=beauty&author=Oscar%20Wilde,156,0,0
1782353852313,155,HTTP Request,200,OK,Author Query 5-8,text,true,,263,155,10,70,http://localhost:8080/search?q=beauty&author=Oscar%20Wilde,155,0,0
1782353852353,116,HTTP Request,200,OK,Author Query 5-9,text,true,,263,155,10,70,http://localhost:8080/search?q=beauty&author=Oscar%20Wilde,116,0,0
1782353852326,144,HTTP Request,200,OK,Author Query 5-10,text,true,,263,155,10,70,http://localhost:8080/search?q=beauty&author=Oscar%20Wilde,144,0,0
1782353852326,145,HTTP Request,200,OK,Author Query 5-7,text,true,,263,155,10,70,http://localhost:8080/search?q=beauty&author=Oscar%20Wilde,145,0,0
1782353852340,131,HTTP Request,200,OK,Author Query 5-3,text,true,,263,155,10,70,http://localhost:8080/search?q=beauty&author=Oscar%20Wilde,131,0,0
1782353852313,162,HTTP Request,200,OK,Author Query 5-5,text,true,,263,155,10,70,http://localhost:8080/search?q=beauty&author=Oscar%20Wilde,162,0,0
1782353852389,140,HTTP Request,200,OK,Author Query 5-1,text,true,,263,155,10,70,http://localhost:8080/search?q=beauty&author=Oscar%20Wilde,140,0,0
1782353852413,117,HTTP Request,200,OK,Author Query 5-6,text,true,,263,155,10,70,http://localhost:8080/search?q=beauty&author=Oscar%20Wilde,117,0,0
1782353852471,104,HTTP Request,200,OK,Author Query 5-3,text,true,,263,155,10,70,http://localhost:8080/search?q=beauty&author=Oscar%20Wilde,104,0,0
1782353852414,180,HTTP Request,200,OK,Author Query 5-4,text,true,,263,155,10,70,http://localhost:8080/search?q=beauty&author=Oscar%20Wilde,180,0,0
1782353852468,131,HTTP Request,200,OK,Author Query 5-8,text,true,,263,155,10,70,http://localhost:8080/search?q=beauty&author=Oscar%20Wilde,131,0,0
1782353852474,132,HTTP Request,200,OK,Author Query 5-5,text,true,,263,155,10,70,http://localhost:8080/search?q=beauty&author=Oscar%20Wilde,132,0,0
1782353852468,195,HTTP Request,200,OK,Author Query 5-9,text,true,,263,155,10,70,http://localhost:8080/search?q=beauty&author=Oscar%20Wilde,195,0,0
1782353852469,195,HTTP Request,200,OK,Author Query 5-10,text,true,,263,155,10,70,http://localhost:8080/search?q=beauty&author=Oscar%20Wilde,195,0,0
1782353852530,134,HTTP Request,200,OK,Author Query 5-1,text,true,,263,155,10,70,http://localhost:8080/search?q=beauty&author=Oscar%20Wilde,134,0,0
1782353852470,195,HTTP Request,200,OK,Author Query 5-7,text,true,,263,155,10,70,http://localhost:8080/search?q=beauty&author=Oscar%20Wilde,195,0,0
1782353852464,209,HTTP Request,200,OK,Author Query 5-2,text,true,,263,155,10,70,http://localhost:8080/search?q=beauty&author=Oscar%20Wilde,209,0,0
1782353852531,151,HTTP Request,200,OK,Author Query 5-6,text,true,,263,155,10,70,http://localhost:8080/search?q=beauty&author=Oscar%20Wilde,151,0,0
1782353852575,132,HTTP Request,200,OK,Author Query 5-3,text,true,,263,155,10,70,http://localhost:8080/search?q=beauty&author=Oscar%20Wilde,132,0,0
1782353852595,167,HTTP Request,200,OK,Author Query 5-4,text,true,,263,155,10,70,http://localhost:8080/search?q=beauty&author=Oscar%20Wilde,167,0,0
1782353852665,101,HTTP Request,200,OK,Author Query 5-7,text,true,,263,155,10,70,http://localhost:8080/search?q=beauty&author=Oscar%20Wilde,101,0,0
1782353852682,93,HTTP Request,200,OK,Author Query 5-6,text,true,,263,155,10,70,http://localhost:8080/search?q=beauty&author=Oscar%20Wilde,93,0,0
1782353852674,101,HTTP Request,200,OK,Author Query 5-2,text,true,,263,155,10,70,http://localhost:8080/search?q=beauty&author=Oscar%20Wilde,101,0,0
1782353852664,111,HTTP Request,200,OK,Author Query 5-10,text,true,,263,155,10,70,http://localhost:8080/search?q=beauty&author=Oscar%20Wilde,111,0,0
1782353852663,113,HTTP Request,200,OK,Author Query 5-9,text,true,,263,155,10,70,http://localhost:8080/search?q=beauty&author=Oscar%20Wilde,113,0,0
1782353852606,176,HTTP Request,200,OK,Author Query 5-5,text,true,,263,155,10,70,http://localhost:8080/search?q=beauty&author=Oscar%20Wilde,176,0,0
1782353852600,186,HTTP Request,200,OK,Author Query 5-8,text,true,,263,155,10,70,http://localhost:8080/search?q=beauty&author=Oscar%20Wilde,186,0,0
1782353852664,122,HTTP Request,200,OK,Author Query 5-1,text,true,,263,155,10,70,http://localhost:8080/search?q=beauty&author=Oscar%20Wilde,122,0,0
1782353852707,97,HTTP Request,200,OK,Author Query 5-3,text,true,,263,155,10,70,http://localhost:8080/search?q=beauty&author=Oscar%20Wilde,97,0,0
1782353852763,91,HTTP Request,200,OK,Author Query 5-4,text,true,,263,155,10,70,http://localhost:8080/search?q=beauty&author=Oscar%20Wilde,91,0,0
1782353852776,89,HTTP Request,200,OK,Author Query 5-9,text,true,,263,155,10,70,http://localhost:8080/search?q=beauty&author=Oscar%20Wilde,89,0,0
1782353852786,84,HTTP Request,200,OK,Author Query 5-1,text,true,,263,155,10,70,http://localhost:8080/search?q=beauty&author=Oscar%20Wilde,84,0,0
1782353852775,100,HTTP Request,200,OK,Author Query 5-2,text,true,,263,155,10,70,http://localhost:8080/search?q=beauty&author=Oscar%20Wilde,100,0,0
1782353852766,110,HTTP Request,200,OK,Author Query 5-7,text,true,,263,155,10,70,http://localhost:8080/search?q=beauty&author=Oscar%20Wilde,110,0,0
1782353852775,116,HTTP Request,200,OK,Author Query 5-10,text,true,,263,155,10,70,http://localhost:8080/search?q=beauty&author=Oscar%20Wilde,116,0,0
1782353852782,152,HTTP Request,200,OK,Author Query 5-5,text,true,,263,155,10,70,http://localhost:8080/search?q=beauty&author=Oscar%20Wilde,152,0,0
1782353852786,152,HTTP Request,200,OK,Author Query 5-8,text,true,,263,155,10,70,http://localhost:8080/search?q=beauty&author=Oscar%20Wilde,152,0,0
1782353852775,164,HTTP Request,200,OK,Author Query 5-6,text,true,,263,155,10,70,http://localhost:8080/search?q=beauty&author=Oscar%20Wilde,164,0,0
1782353852854,93,HTTP Request,200,OK,Author Query 5-4,text,true,,263,155,10,70,http://localhost:8080/search?q=beauty&author=Oscar%20Wilde,93,0,0
1782353852804,157,HTTP Request,200,OK,Author Query 5-3,text,true,,263,155,10,70,http://localhost:8080/search?q=beauty&author=Oscar%20Wilde,157,0,0
1782353852876,116,HTTP Request,200,OK,Author Query 5-7,text,true,,263,155,10,70,http://localhost:8080/search?q=beauty&author=Oscar%20Wilde,116,0,0
1782353852870,123,HTTP Request,200,OK,Author Query 5-1,text,true,,263,155,10,70,http://localhost:8080/search?q=beauty&author=Oscar%20Wilde,123,0,0
1782353852865,129,HTTP Request,200,OK,Author Query 5-9,text,true,,263,155,10,70,http://localhost:8080/search?q=beauty&author=Oscar%20Wilde,129,0,0
1782353852875,123,HTTP Request,200,OK,Author Query 5-2,text,true,,263,155,10,70,http://localhost:8080/search?q=beauty&author=Oscar%20Wilde,123,0,0
1782353852892,154,HTTP Request,200,OK,Author Query 5-10,text,true,,263,155,10,70,http://localhost:8080/search?q=beauty&author=Oscar%20Wilde,154,0,0
1782353852934,123,HTTP Request,200,OK,Author Query 5-5,text,true,,263,155,10,70,http://localhost:8080/search?q=beauty&author=Oscar%20Wilde,123,0,0
1782353852940,152,HTTP Request,200,OK,Author Query 5-6,text,true,,263,155,10,70,http://localhost:8080/search?q=beauty&author=Oscar%20Wilde,152,0,0
1782353852961,131,HTTP Request,200,OK,Author Query 5-3,text,true,,263,155,10,70,http://localhost:8080/search?q=beauty&author=Oscar%20Wilde,131,0,0
1782353852939,154,HTTP Request,200,OK,Author Query 5-8,text,true,,263,155,10,70,http://localhost:8080/search?q=beauty&author=Oscar%20Wilde,154,0,0
1782353852947,146,HTTP Request,200,OK,Author Query 5-4,text,true,,263,155,10,70,http://localhost:8080/search?q=beauty&author=Oscar%20Wilde,146,0,0
1782353852992,109,HTTP Request,200,OK,Author Query 5-7,text,true,,263,155,10,70,http://localhost:8080/search?q=beauty&author=Oscar%20Wilde,109,0,0
1782353852994,123,HTTP Request,200,OK,Author Query 5-9,text,true,,263,155,10,70,http://localhost:8080/search?q=beauty&author=Oscar%20Wilde,123,0,0
1782353852998,121,HTTP Request,200,OK,Author Query 5-2,text,true,,263,155,10,70,http://localhost:8080/search?q=beauty&author=Oscar%20Wilde,121,0,0
1782353852993,127,HTTP Request,200,OK,Author Query 5-1,text,true,,263,155,10,70,http://localhost:8080/search?q=beauty&author=Oscar%20Wilde,127,0,0
1782353853047,97,HTTP Request,200,OK,Author Query 5-10,text,true,,263,155,10,70,http://localhost:8080/search?q=beauty&author=Oscar%20Wilde,97,0,0
1782353853057,108,HTTP Request,200,OK,Author Query 5-5,text,true,,263,155,10,70,http://localhost:8080/search?q=beauty&author=Oscar%20Wilde,108,0,0
1782353853121,95,HTTP Request,200,OK,Author Query 5-1,text,true,,263,155,10,70,http://localhost:8080/search?q=beauty&author=Oscar%20Wilde,95,0,0
1782353853101,115,HTTP Request,200,OK,Author Query 5-7,text,true,,263,155,10,70,http://localhost:8080/search?q=beauty&author=Oscar%20Wilde,115,0,0
1782353853119,97,HTTP Request,200,OK,Author Query 5-2,text,true,,263,155,10,70,http://localhost:8080/search?q=beauty&author=Oscar%20Wilde,97,0,0
1782353853118,100,HTTP Request,200,OK,Author Query 5-9,text,true,,263,155,10,70,http://localhost:8080/search?q=beauty&author=Oscar%20Wilde,100,0,0
1782353853093,128,HTTP Request,200,OK,Author Query 5-4,text,true,,263,155,10,70,http://localhost:8080/search?q=beauty&author=Oscar%20Wilde,128,0,0
1782353853092,133,HTTP Request,200,OK,Author Query 5-6,text,true,,263,155,10,70,http://localhost:8080/search?q=beauty&author=Oscar%20Wilde,133,0,0
1782353853093,145,HTTP Request,200,OK,Author Query 5-8,text,true,,263,155,10,70,http://localhost:8080/search?q=beauty&author=Oscar%20Wilde,145,0,0
1782353853092,146,HTTP Request,200,OK,Author Query 5-3,text,true,,263,155,10,70,http://localhost:8080/search?q=beauty&author=Oscar%20Wilde,146,0,0
1782353853144,112,HTTP Request,200,OK,Author Query 5-10,text,true,,263,155,10,70,http://localhost:8080/search?q=beauty&author=Oscar%20Wilde,112,0,0
1782353853165,138,HTTP Request,200,OK,Author Query 5-5,text,true,,263,155,10,70,http://localhost:8080/search?q=beauty&author=Oscar%20Wilde,138,0,0
1782353853216,109,HTTP Request,200,OK,Author Query 5-2,text,true,,263,155,10,70,http://localhost:8080/search?q=beauty&author=Oscar%20Wilde,109,0,0
1782353853216,109,HTTP Request,200,OK,Author Query 5-7,text,true,,263,155,10,70,http://localhost:8080/search?q=beauty&author=Oscar%20Wilde,109,0,0
1782353853216,112,HTTP Request,200,OK,Author Query 5-1,text,true,,263,155,10,70,http://localhost:8080/search?q=beauty&author=Oscar%20Wilde,112,0,0
1782353853221,111,HTTP Request,200,OK,Author Query 5-4,text,true,,263,155,10,70,http://localhost:8080/search?q=beauty&author=Oscar%20Wilde,111,0,0
1782353853238,116,HTTP Request,200,OK,Author Query 5-3,text,true,,263,155,10,70,http://localhost:8080/search?q=beauty&author=Oscar%20Wilde,116,0,0
1782353853219,136,HTTP Request,200,OK,Author Query 5-9,text,true,,263,155,10,70,http://localhost:8080/search?q=beauty&author=Oscar%20Wilde,136,0,0
1782353853238,117,HTTP Request,200,OK,Author Query 5-8,text,true,,263,155,10,70,http://localhost:8080/search?q=beauty&author=Oscar%20Wilde,117,0,0
1782353853226,134,HTTP Request,200,OK,Author Query 5-6,text,true,,263,155,10,70,http://localhost:8080/search?q=beauty&author=Oscar%20Wilde,134,0,0
1782353853256,116,HTTP Request,200,OK,Author Query 5-10,text,true,,263,155,10,70,http://localhost:8080/search?q=beauty&author=Oscar%20Wilde,116,0,0
1782353853326,141,HTTP Request,200,OK,Author Query 5-2,text,true,,263,155,10,70,http://localhost:8080/search?q=beauty&author=Oscar%20Wilde,141,0,0
1782353853328,139,HTTP Request,200,OK,Author Query 5-1,text,true,,263,155,10,70,http://localhost:8080/search?q=beauty&author=Oscar%20Wilde,139,0,0
1782353853303,164,HTTP Request,200,OK,Author Query 5-5,text,true,,263,155,10,70,http://localhost:8080/search?q=beauty&author=Oscar%20Wilde,164,0,0
1782353853360,107,HTTP Request,200,OK,Author Query 5-6,text,true,,263,155,10,70,http://localhost:8080/search?q=beauty&author=Oscar%20Wilde,107,0,0
1782353853326,142,HTTP Request,200,OK,Author Query 5-7,text,true,,263,155,10,70,http://localhost:8080/search?q=beauty&author=Oscar%20Wilde,142,0,0
1782353853332,141,HTTP Request,200,OK,Author Query 5-4,text,true,,263,155,10,70,http://localhost:8080/search?q=beauty&author=Oscar%20Wilde,141,0,0
1782353853355,135,HTTP Request,200,OK,Author Query 5-9,text,true,,263,155,10,70,http://localhost:8080/search?q=beauty&author=Oscar%20Wilde,135,0,0
1782353853372,136,HTTP Request,200,OK,Author Query 5-10,text,true,,263,155,10,70,http://localhost:8080/search?q=beauty&author=Oscar%20Wilde,136,0,0
1782353853355,153,HTTP Request,200,OK,Author Query 5-8,text,true,,263,155,10,70,http://localhost:8080/search?q=beauty&author=Oscar%20Wilde,153,0,0
1782353853354,156,HTTP Request,200,OK,Author Query 5-3,text,true,,263,155,10,70,http://localhost:8080/search?q=beauty&author=Oscar%20Wilde,156,0,0
1782353853468,74,HTTP Request,200,OK,Author Query 5-6,text,true,,263,155,10,70,http://localhost:8080/search?q=beauty&author=Oscar%20Wilde,74,0,0
1782353853467,75,HTTP Request,200,OK,Author Query 5-2,text,true,,263,155,10,70,http://localhost:8080/search?q=beauty&author=Oscar%20Wilde,75,0,0
1782353853467,96,HTTP Request,200,OK,Author Query 5-1,text,true,,263,155,10,70,http://localhost:8080/search?q=beauty&author=Oscar%20Wilde,96,0,0
1782353853468,96,HTTP Request,200,OK,Author Query 5-5,text,true,,263,155,10,70,http://localhost:8080/search?q=beauty&author=Oscar%20Wilde,96,0,0
1782353853473,91,HTTP Request,200,OK,Author Query 5-4,text,true,,263,155,10,70,http://localhost:8080/search?q=beauty&author=Oscar%20Wilde,91,0,0
1782353853490,86,HTTP Request,200,OK,Author Query 5-9,text,true,,263,155,10,70,http://localhost:8080/search?q=beauty&author=Oscar%20Wilde,86,0,0
1782353853468,154,HTTP Request,200,OK,Author Query 5-7,text,true,,263,155,10,70,http://localhost:8080/search?q=beauty&author=Oscar%20Wilde,154,0,0
1782353853542,81,HTTP Request,200,OK,Author Query 5-2,text,true,,263,155,10,70,http://localhost:8080/search?q=beauty&author=Oscar%20Wilde,81,0,0
1782353853511,122,HTTP Request,200,OK,Author Query 5-3,text,true,,263,155,10,70,http://localhost:8080/search?q=beauty&author=Oscar%20Wilde,122,0,0
1782353853542,93,HTTP Request,200,OK,Author Query 5-6,text,true,,263,155,10,70,http://localhost:8080/search?q=beauty&author=Oscar%20Wilde,93,0,0
1782353853508,137,HTTP Request,200,OK,Author Query 5-10,text,true,,263,155,10,70,http://localhost:8080/search?q=beauty&author=Oscar%20Wilde,137,0,0
1782353853508,137,HTTP Request,200,OK,Author Query 5-8,text,true,,263,155,10,70,http://localhost:8080/search?q=beauty&author=Oscar%20Wilde,137,0,0
1782353853564,87,HTTP Request,200,OK,Author Query 5-4,text,true,,263,155,10,70,http://localhost:8080/search?q=beauty&author=Oscar%20Wilde,87,0,0
1782353853564,100,HTTP Request,200,OK,Author Query 5-1,text,true,,263,155,10,70,http://localhost:8080/search?q=beauty&author=Oscar%20Wilde,100,0,0
1782353853564,117,HTTP Request,200,OK,Author Query 5-5,text,true,,263,155,10,70,http://localhost:8080/search?q=beauty&author=Oscar%20Wilde,117,0,0
1782353853577,125,HTTP Request,200,OK,Author Query 5-9,text,true,,263,155,10,70,http://localhost:8080/search?q=beauty&author=Oscar%20Wilde,125,0,0
1782353853664,109,HTTP Request,200,OK,Author Query 5-1,text,true,,263,155,10,70,http://localhost:8080/search?q=beauty&author=Oscar%20Wilde,109,0,0
1782353853645,129,HTTP Request,200,OK,Author Query 5-10,text,true,,263,155,10,70,http://localhost:8080/search?q=beauty&author=Oscar%20Wilde,129,0,0
1782353853646,131,HTTP Request,200,OK,Author Query 5-8,text,true,,263,155,10,70,http://localhost:8080/search?q=beauty&author=Oscar%20Wilde,131,0,0
1782353853622,185,HTTP Request,200,OK,Author Query 5-7,text,true,,263,155,10,70,http://localhost:8080/search?q=beauty&author=Oscar%20Wilde,185,0,0
1782353853635,177,HTTP Request,200,OK,Author Query 5-6,text,true,,263,155,10,70,http://localhost:8080/search?q=beauty&author=Oscar%20Wilde,177,0,0
1782353853652,161,HTTP Request,200,OK,Author Query 5-4,text,true,,263,155,10,70,http://localhost:8080/search?q=beauty&author=Oscar%20Wilde,161,0,0
1782353853623,191,HTTP Request,200,OK,Author Query 5-2,text,true,,263,155,10,70,http://localhost:8080/search?q=beauty&author=Oscar%20Wilde,191,0,0
1782353853633,185,HTTP Request,200,OK,Author Query 5-3,text,true,,263,155,10,70,http://localhost:8080/search?q=beauty&author=Oscar%20Wilde,185,0,0
1782353853681,185,HTTP Request,200,OK,Author Query 5-5,text,true,,263,155,10,70,http://localhost:8080/search?q=beauty&author=Oscar%20Wilde,185,0,0
1782353853774,93,HTTP Request,200,OK,Author Query 5-10,text,true,,263,155,10,70,http://localhost:8080/search?q=beauty&author=Oscar%20Wilde,93,0,0
1782353853702,165,HTTP Request,200,OK,Author Query 5-9,text,true,,263,155,10,70,http://localhost:8080/search?q=beauty&author=Oscar%20Wilde,165,0,0
1782353853774,93,HTTP Request,200,OK,Author Query 5-1,text,true,,263,155,10,70,http://localhost:8080/search?q=beauty&author=Oscar%20Wilde,93,0,0
1782353853778,92,HTTP Request,200,OK,Author Query 5-8,text,true,,263,155,10,70,http://localhost:8080/search?q=beauty&author=Oscar%20Wilde,92,0,0
1782353853807,113,HTTP Request,200,OK,Author Query 5-7,text,true,,263,155,10,70,http://localhost:8080/search?q=beauty&author=Oscar%20Wilde,113,0,0
1782353853813,108,HTTP Request,200,OK,Author Query 5-4,text,true,,263,155,10,70,http://localhost:8080/search?q=beauty&author=Oscar%20Wilde,108,0,0
1782353853818,103,HTTP Request,200,OK,Author Query 5-3,text,true,,263,155,10,70,http://localhost:8080/search?q=beauty&author=Oscar%20Wilde,103,0,0
1782353853814,122,HTTP Request,200,OK,Author Query 5-2,text,true,,263,155,10,70,http://localhost:8080/search?q=beauty&author=Oscar%20Wilde,122,0,0
1782353853871,73,HTTP Request,200,OK,Author Query 5-8,text,true,,263,155,10,70,http://localhost:8080/search?q=beauty&author=Oscar%20Wilde,73,0,0
1782353853867,78,HTTP Request,200,OK,Author Query 5-1,text,true,,263,155,10,70,http://localhost:8080/search?q=beauty&author=Oscar%20Wilde,78,0,0
1782353853866,80,HTTP Request,200,OK,Author Query 5-5,text,true,,263,155,10,70,http://localhost:8080/search?q=beauty&author=Oscar%20Wilde,80,0,0
1782353853812,178,HTTP Request,200,OK,Author Query 5-6,text,true,,263,155,10,70,http://localhost:8080/search?q=beauty&author=Oscar%20Wilde,178,0,0
1782353853867,159,HTTP Request,200,OK,Author Query 5-9,text,true,,263,155,10,70,http://localhost:8080/search?q=beauty&author=Oscar%20Wilde,159,0,0
1782353853867,218,HTTP Request,200,OK,Author Query 5-10,text,true,,263,155,10,70,http://localhost:8080/search?q=beauty&author=Oscar%20Wilde,218,0,0
1782353853944,142,HTTP Request,200,OK,Author Query 5-8,text,true,,263,155,10,70,http://localhost:8080/search?q=beauty&author=Oscar%20Wilde,142,0,0
1782353853936,150,HTTP Request,200,OK,Author Query 5-2,text,true,,263,155,10,70,http://localhost:8080/search?q=beauty&author=Oscar%20Wilde,150,0,0
1782353853990,142,HTTP Request,200,OK,Author Query 5-6,text,true,,263,155,10,70,http://localhost:8080/search?q=beauty&author=Oscar%20Wilde,142,0,0
1782353853921,235,HTTP Request,200,OK,Author Query 5-7,text,true,,263,155,10,70,http://localhost:8080/search?q=beauty&author=Oscar%20Wilde,235,0,0
1782353853945,217,HTTP Request,200,OK,Author Query 5-1,text,true,,263,155,10,70,http://localhost:8080/search?q=beauty&author=Oscar%20Wilde,217,0,0
1782353853921,241,HTTP Request,200,OK,Author Query 5-3,text,true,,263,155,10,70,http://localhost:8080/search?q=beauty&author=Oscar%20Wilde,241,0,0
1782353853946,227,HTTP Request,200,OK,Author Query 5-5,text,true,,263,155,10,70,http://localhost:8080/search?q=beauty&author=Oscar%20Wilde,227,0,0
1782353853921,256,HTTP Request,200,OK,Author Query 5-4,text,true,,263,155,10,70,http://localhost:8080/search?q=beauty&author=Oscar%20Wilde,256,0,0
1782353854027,204,HTTP Request,200,OK,Author Query 5-9,text,true,,263,155,10,70,http://localhost:8080/search?q=beauty&author=Oscar%20Wilde,204,0,0
1782353854087,145,HTTP Request,200,OK,Author Query 5-2,text,true,,263,155,10,70,http://localhost:8080/search?q=beauty&author=Oscar%20Wilde,145,0,0
1782353854087,147,HTTP Request,200,OK,Author Query 5-8,text,true,,263,155,10,70,http://localhost:8080/search?q=beauty&author=Oscar%20Wilde,147,0,0
1782353854086,150,HTTP Request,200,OK,Author Query 5-10,text,true,,263,155,10,70,http://localhost:8080/search?q=beauty&author=Oscar%20Wilde,150,0,0
1782353854132,148,HTTP Request,200,OK,Author Query 5-6,text,true,,263,155,10,70,http://localhost:8080/search?q=beauty&author=Oscar%20Wilde,148,0,0
1782353854162,130,HTTP Request,200,OK,Author Query 5-3,text,true,,263,155,10,70,http://localhost:8080/search?q=beauty&author=Oscar%20Wilde,130,0,0
1782353854173,119,HTTP Request,200,OK,Author Query 5-5,text,true,,263,155,10,70,http://localhost:8080/search?q=beauty&author=Oscar%20Wilde,119,0,0
1782353854156,150,HTTP Request,200,OK,Author Query 5-7,text,true,,263,155,10,70,http://localhost:8080/search?q=beauty&author=Oscar%20Wilde,150,0,0
1782353854178,159,HTTP Request,200,OK,Author Query 5-4,text,true,,263,155,10,70,http://localhost:8080/search?q=beauty&author=Oscar%20Wilde,159,0,0
1782353854162,175,HTTP Request,200,OK,Author Query 5-1,text,true,,263,155,10,70,http://localhost:8080/search?q=beauty&author=Oscar%20Wilde,175,0,0
1782353854237,130,HTTP Request,200,OK,Author Query 5-10,text,true,,263,155,10,70,http://localhost:8080/search?q=beauty&author=Oscar%20Wilde,130,0,0
1782353854234,133,HTTP Request,200,OK,Author Query 5-8,text,true,,263,155,10,70,http://localhost:8080/search?q=beauty&author=Oscar%20Wilde,133,0,0
1782353854232,178,HTTP Request,200,OK,Author Query 5-2,text,true,,263,155,10,70,http://localhost:8080/search?q=beauty&author=Oscar%20Wilde,178,0,0
1782353854232,184,HTTP Request,200,OK,Author Query 5-9,text,true,,263,155,10,70,http://localhost:8080/search?q=beauty&author=Oscar%20Wilde,184,0,0
1782353854306,128,HTTP Request,200,OK,Author Query 5-7,text,true,,263,155,10,70,http://localhost:8080/search?q=beauty&author=Oscar%20Wilde,128,0,0
1782353854280,156,HTTP Request,200,OK,Author Query 5-6,text,true,,263,155,10,70,http://localhost:8080/search?q=beauty&author=Oscar%20Wilde,156,0,0
1782353854292,166,HTTP Request,200,OK,Author Query 5-3,text,true,,263,155,10,70,http://localhost:8080/search?q=beauty&author=Oscar%20Wilde,166,0,0
1782353854292,166,HTTP Request,200,OK,Author Query 5-5,text,true,,263,155,10,70,http://localhost:8080/search?q=beauty&author=Oscar%20Wilde,166,0,0
1782353854337,173,HTTP Request,200,OK,Author Query 5-1,text,true,,263,155,10,70,http://localhost:8080/search?q=beauty&author=Oscar%20Wilde,173,0,0
1782353854337,182,HTTP Request,200,OK,Author Query 5-4,text,true,,263,155,10,70,http://localhost:8080/search?q=beauty&author=Oscar%20Wilde,182,0,0
1782353854367,154,HTTP Request,200,OK,Author Query 5-10,text,true,,263,155,10,70,http://localhost:8080/search?q=beauty&author=Oscar%20Wilde,154,0,0
1782353854367,180,HTTP Request,200,OK,Author Query 5-8,text,true,,263,155,10,70,http://localhost:8080/search?q=beauty&author=Oscar%20Wilde,180,0,0
1782353854459,112,HTTP Request,200,OK,Author Query 5-5,text,true,,263,155,10,70,http://localhost:8080/search?q=beauty&author=Oscar%20Wilde,112,0,0
1782353854436,135,HTTP Request,200,OK,Author Query 5-6,text,true,,263,155,10,70,http://localhost:8080/search?q=beauty&author=Oscar%20Wilde,135,0,0
1782353854458,113,HTTP Request,200,OK,Author Query 5-3,text,true,,263,155,10,70,http://localhost:8080/search?q=beauty&author=Oscar%20Wilde,113,0,0
1782353854410,163,HTTP Request,200,OK,Author Query 5-2,text,true,,263,155,10,70,http://localhost:8080/search?q=beauty&author=Oscar%20Wilde,163,0,0
1782353854416,159,HTTP Request,200,OK,Author Query 5-9,text,true,,263,155,10,70,http://localhost:8080/search?q=beauty&author=Oscar%20Wilde,159,0,0
1782353854435,140,HTTP Request,200,OK,Author Query 5-7,text,true,,263,155,10,70,http://localhost:8080/search?q=beauty&author=Oscar%20Wilde,140,0,0
1782353854510,112,HTTP Request,200,OK,Author Query 5-1,text,true,,263,155,10,70,http://localhost:8080/search?q=beauty&author=Oscar%20Wilde,112,0,0
1782353854521,122,HTTP Request,200,OK,Author Query 5-10,text,true,,263,155,10,70,http://localhost:8080/search?q=beauty&author=Oscar%20Wilde,122,0,0
1782353854520,127,HTTP Request,200,OK,Author Query 5-4,text,true,,263,155,10,70,http://localhost:8080/search?q=beauty&author=Oscar%20Wilde,127,0,0
1782353854547,123,HTTP Request,200,OK,Author Query 5-8,text,true,,263,155,10,70,http://localhost:8080/search?q=beauty&author=Oscar%20Wilde,123,0,0
1782353854576,96,HTTP Request,200,OK,Author Query 5-9,text,true,,263,155,10,70,http://localhost:8080/search?q=beauty&author=Oscar%20Wilde,96,0,0
1782353854576,165,HTTP Request,200,OK,Author Query 5-7,text,true,,263,155,10,70,http://localhost:8080/search?q=beauty&author=Oscar%20Wilde,165,0,0
1782353854571,171,HTTP Request,200,OK,Author Query 5-5,text,true,,263,155,10,70,http://localhost:8080/search?q=beauty&author=Oscar%20Wilde,171,0,0
1782353854573,170,HTTP Request,200,OK,Author Query 5-2,text,true,,263,155,10,70,http://localhost:8080/search?q=beauty&author=Oscar%20Wilde,170,0,0
1782353854572,172,HTTP Request,200,OK,Author Query 5-3,text,true,,263,155,10,70,http://localhost:8080/search?q=beauty&author=Oscar%20Wilde,172,0,0
1782353854572,174,HTTP Request,200,OK,Author Query 5-6,text,true,,263,155,10,70,http://localhost:8080/search?q=beauty&author=Oscar%20Wilde,174,0,0
1782353854623,123,HTTP Request,200,OK,Author Query 5-1,text,true,,263,155,10,70,http://localhost:8080/search?q=beauty&author=Oscar%20Wilde,123,0,0
1782353854643,108,HTTP Request,200,OK,Author Query 5-10,text,true,,263,155,10,70,http://localhost:8080/search?q=beauty&author=Oscar%20Wilde,108,0,0
1782353854648,149,HTTP Request,200,OK,Author Query 5-4,text,true,,263,155,10,70,http://localhost:8080/search?q=beauty&author=Oscar%20Wilde,149,0,0
1782353854671,126,HTTP Request,200,OK,Author Query 5-8,text,true,,263,155,10,70,http://localhost:8080/search?q=beauty&author=Oscar%20Wilde,126,0,0
1782353854742,115,HTTP Request,200,OK,Author Query 5-5,text,true,,263,155,10,70,http://localhost:8080/search?q=beauty&author=Oscar%20Wilde,115,0,0
1782353854741,117,HTTP Request,200,OK,Author Query 5-7,text,true,,263,155,10,70,http://localhost:8080/search?q=beauty&author=Oscar%20Wilde,117,0,0
1782353854672,187,HTTP Request,200,OK,Author Query 5-9,text,true,,263,155,10,70,http://localhost:8080/search?q=beauty&author=Oscar%20Wilde,187,0,0
1782353854743,116,HTTP Request,200,OK,Author Query 5-2,text,true,,263,155,10,70,http://localhost:8080/search?q=beauty&author=Oscar%20Wilde,116,0,0
1782353854745,124,HTTP Request,200,OK,Author Query 5-3,text,true,,263,155,10,70,http://localhost:8080/search?q=beauty&author=Oscar%20Wilde,124,0,0
1782353854746,142,HTTP Request,200,OK,Author Query 5-1,text,true,,263,155,10,70,http://localhost:8080/search?q=beauty&author=Oscar%20Wilde,142,0,0
1782353854751,137,HTTP Request,200,OK,Author Query 5-10,text,true,,263,155,10,70,http://localhost:8080/search?q=beauty&author=Oscar%20Wilde,137,0,0
1782353854798,91,HTTP Request,200,OK,Author Query 5-8,text,true,,263,155,10,70,http://localhost:8080/search?q=beauty&author=Oscar%20Wilde,91,0,0
1782353854746,144,HTTP Request,200,OK,Author Query 5-6,text,true,,263,155,10,70,http://localhost:8080/search?q=beauty&author=Oscar%20Wilde,144,0,0
1782353854798,96,HTTP Request,200,OK,Author Query 5-4,text,true,,263,155,10,70,http://localhost:8080/search?q=beauty&author=Oscar%20Wilde,96,0,0
1782353854857,81,HTTP Request,200,OK,Author Query 5-5,text,true,,263,155,10,70,http://localhost:8080/search?q=beauty&author=Oscar%20Wilde,81,0,0
1782353854859,100,HTTP Request,200,OK,Author Query 5-9,text,true,,263,155,10,70,http://localhost:8080/search?q=beauty&author=Oscar%20Wilde,100,0,0
1782353854888,71,HTTP Request,200,OK,Author Query 5-10,text,true,,263,155,10,70,http://localhost:8080/search?q=beauty&author=Oscar%20Wilde,71,0,0
1782353854890,69,HTTP Request,200,OK,Author Query 5-6,text,true,,263,155,10,70,http://localhost:8080/search?q=beauty&author=Oscar%20Wilde,69,0,0
1782353854889,70,HTTP Request,200,OK,Author Query 5-1,text,true,,263,155,10,70,http://localhost:8080/search?q=beauty&author=Oscar%20Wilde,70,0,0
1782353854890,70,HTTP Request,200,OK,Author Query 5-8,text,true,,263,155,10,70,http://localhost:8080/search?q=beauty&author=Oscar%20Wilde,70,0,0
1782353854870,104,HTTP Request,200,OK,Author Query 5-3,text,true,,263,155,10,70,http://localhost:8080/search?q=beauty&author=Oscar%20Wilde,104,0,0
1782353854859,121,HTTP Request,200,OK,Author Query 5-2,text,true,,263,155,10,70,http://localhost:8080/search?q=beauty&author=Oscar%20Wilde,121,0,0
1782353854858,123,HTTP Request,200,OK,Author Query 5-7,text,true,,263,155,10,70,http://localhost:8080/search?q=beauty&author=Oscar%20Wilde,123,0,0
1782353854894,107,HTTP Request,200,OK,Author Query 5-4,text,true,,263,155,10,70,http://localhost:8080/search?q=beauty&author=Oscar%20Wilde,107,0,0
1782353854938,96,HTTP Request,200,OK,Author Query 5-5,text,true,,263,155,10,70,http://localhost:8080/search?q=beauty&author=Oscar%20Wilde,96,0,0
1782353854959,119,HTTP Request,200,OK,Author Query 5-9,text,true,,263,155,10,70,http://localhost:8080/search?q=beauty&author=Oscar%20Wilde,119,0,0
1782353854959,134,HTTP Request,200,OK,Author Query 5-6,text,true,,263,155,10,70,http://localhost:8080/search?q=beauty&author=Oscar%20Wilde,134,0,0
1782353854960,135,HTTP Request,200,OK,Author Query 5-8,text,true,,263,155,10,70,http://localhost:8080/search?q=beauty&author=Oscar%20Wilde,135,0,0
1782353854959,136,HTTP Request,200,OK,Author Query 5-10,text,true,,263,155,10,70,http://localhost:8080/search?q=beauty&author=Oscar%20Wilde,136,0,0
1782353854959,144,HTTP Request,200,OK,Author Query 5-1,text,true,,263,155,10,70,http://localhost:8080/search?q=beauty&author=Oscar%20Wilde,144,0,0
1782353854980,149,HTTP Request,200,OK,Author Query 5-2,text,true,,263,155,10,70,http://localhost:8080/search?q=beauty&author=Oscar%20Wilde,149,0,0
1782353854974,156,HTTP Request,200,OK,Author Query 5-3,text,true,,263,155,10,70,http://localhost:8080/search?q=beauty&author=Oscar%20Wilde,156,0,0
1782353854981,150,HTTP Request,200,OK,Author Query 5-7,text,true,,263,155,10,70,http://localhost:8080/search?q=beauty&author=Oscar%20Wilde,150,0,0
1782353855001,139,HTTP Request,200,OK,Author Query 5-4,text,true,,263,155,10,70,http://localhost:8080/search?q=beauty&author=Oscar%20Wilde,139,0,0
1782353855034,139,HTTP Request,200,OK,Author Query 5-5,text,true,,263,155,10,70,http://localhost:8080/search?q=beauty&author=Oscar%20Wilde,139,0,0
1782353855095,112,HTTP Request,200,OK,Author Query 5-8,text,true,,263,155,10,70,http://localhost:8080/search?q=beauty&author=Oscar%20Wilde,112,0,0
1782353855079,130,HTTP Request,200,OK,Author Query 5-9,text,true,,263,155,10,70,http://localhost:8080/search?q=beauty&author=Oscar%20Wilde,130,0,0
1782353855095,114,HTTP Request,200,OK,Author Query 5-10,text,true,,263,155,10,70,http://localhost:8080/search?q=beauty&author=Oscar%20Wilde,114,0,0
1782353855131,96,HTTP Request,200,OK,Author Query 5-7,text,true,,263,155,10,70,http://localhost:8080/search?q=beauty&author=Oscar%20Wilde,96,0,0
1782353855093,144,HTTP Request,200,OK,Author Query 5-6,text,true,,263,155,10,70,http://localhost:8080/search?q=beauty&author=Oscar%20Wilde,144,0,0
1782353855103,134,HTTP Request,200,OK,Author Query 5-1,text,true,,263,155,10,70,http://localhost:8080/search?q=beauty&author=Oscar%20Wilde,134,0,0
1782353855131,116,HTTP Request,200,OK,Author Query 5-3,text,true,,263,155,10,70,http://localhost:8080/search?q=beauty&author=Oscar%20Wilde,116,0,0
1782353855173,112,HTTP Request,200,OK,Author Query 5-5,text,true,,263,155,10,70,http://localhost:8080/search?q=beauty&author=Oscar%20Wilde,112,0,0
1782353855140,166,HTTP Request,200,OK,Author Query 5-4,text,true,,263,155,10,70,http://localhost:8080/search?q=beauty&author=Oscar%20Wilde,166,0,0
1782353855130,181,HTTP Request,200,OK,Author Query 5-2,text,true,,263,155,10,70,http://localhost:8080/search?q=beauty&author=Oscar%20Wilde,181,0,0
1782353855208,120,HTTP Request,200,OK,Author Query 5-8,text,true,,263,155,10,70,http://localhost:8080/search?q=beauty&author=Oscar%20Wilde,120,0,0
1782353855237,102,HTTP Request,200,OK,Author Query 5-1,text,true,,263,155,10,70,http://localhost:8080/search?q=beauty&author=Oscar%20Wilde,102,0,0
1782353855237,102,HTTP Request,200,OK,Author Query 5-6,text,true,,263,155,10,70,http://localhost:8080/search?q=beauty&author=Oscar%20Wilde,102,0,0
1782353855227,113,HTTP Request,200,OK,Author Query 5-7,text,true,,263,155,10,70,http://localhost:8080/search?q=beauty&author=Oscar%20Wilde,113,0,0
1782353855209,133,HTTP Request,200,OK,Author Query 5-10,text,true,,263,155,10,70,http://localhost:8080/search?q=beauty&author=Oscar%20Wilde,133,0,0
1782353855209,155,HTTP Request,200,OK,Author Query 5-9,text,true,,263,155,10,70,http://localhost:8080/search?q=beauty&author=Oscar%20Wilde,155,0,0
1782353855247,118,HTTP Request,200,OK,Author Query 5-3,text,true,,263,155,10,70,http://localhost:8080/search?q=beauty&author=Oscar%20Wilde,118,0,0
1782353855285,98,HTTP Request,200,OK,Author Query 5-5,text,true,,263,155,10,70,http://localhost:8080/search?q=beauty&author=Oscar%20Wilde,98,0,0
1782353855328,79,HTTP Request,200,OK,Author Query 5-8,text,true,,263,155,10,70,http://localhost:8080/search?q=beauty&author=Oscar%20Wilde,79,0,0
1782353855342,72,HTTP Request,200,OK,Author Query 5-10,text,true,,263,155,10,70,http://localhost:8080/search?q=beauty&author=Oscar%20Wilde,72,0,0
1782353855339,83,HTTP Request,200,OK,Author Query 5-1,text,true,,263,155,10,70,http://localhost:8080/search?q=beauty&author=Oscar%20Wilde,83,0,0
1782353855339,83,HTTP Request,200,OK,Author Query 5-6,text,true,,263,155,10,70,http://localhost:8080/search?q=beauty&author=Oscar%20Wilde,83,0,0
1782353855306,116,HTTP Request,200,OK,Author Query 5-4,text,true,,263,155,10,70,http://localhost:8080/search?q=beauty&author=Oscar%20Wilde,116,0,0
1782353855312,110,HTTP Request,200,OK,Author Query 5-2,text,true,,263,155,10,70,http://localhost:8080/search?q=beauty&author=Oscar%20Wilde,110,0,0
1782353855340,84,HTTP Request,200,OK,Author Query 5-7,text,true,,263,155,10,70,http://localhost:8080/search?q=beauty&author=Oscar%20Wilde,84,0,0
1782353855365,105,HTTP Request,200,OK,Author Query 5-3,text,true,,263,155,10,70,http://localhost:8080/search?q=beauty&author=Oscar%20Wilde,105,0,0
1782353855384,100,HTTP Request,200,OK,Author Query 5-5,text,true,,263,155,10,70,http://localhost:8080/search?q=beauty&author=Oscar%20Wilde,100,0,0
1782353855364,131,HTTP Request,200,OK,Author Query 5-9,text,true,,263,155,10,70,http://localhost:8080/search?q=beauty&author=Oscar%20Wilde,131,0,0
1782353855424,108,HTTP Request,200,OK,Author Query 5-7,text,true,,263,155,10,70,http://localhost:8080/search?q=beauty&author=Oscar%20Wilde,108,0,0
1782353855422,111,HTTP Request,200,OK,Author Query 5-1,text,true,,263,155,10,70,http://localhost:8080/search?q=beauty&author=Oscar%20Wilde,111,0,0
1782353855422,128,HTTP Request,200,OK,Author Query 5-6,text,true,,263,155,10,70,http://localhost:8080/search?q=beauty&author=Oscar%20Wilde,128,0,0
1782353855407,143,HTTP Request,200,OK,Author Query 5-8,text,true,,263,155,10,70,http://localhost:8080/search?q=beauty&author=Oscar%20Wilde,143,0,0
1782353855422,128,HTTP Request,200,OK,Author Query 5-4,text,true,,263,155,10,70,http://localhost:8080/search?q=beauty&author=Oscar%20Wilde,128,0,0
1782353855422,129,HTTP Request,200,OK,Author Query 5-2,text,true,,263,155,10,70,http://localhost:8080/search?q=beauty&author=Oscar%20Wilde,129,0,0
1782353855414,137,HTTP Request,200,OK,Author Query 5-10,text,true,,263,155,10,70,http://localhost:8080/search?q=beauty&author=Oscar%20Wilde,137,0,0
1782353855484,122,HTTP Request,200,OK,Author Query 5-5,text,true,,263,155,10,70,http://localhost:8080/search?q=beauty&author=Oscar%20Wilde,122,0,0
1782353855470,137,HTTP Request,200,OK,Author Query 5-3,text,true,,263,155,10,70,http://localhost:8080/search?q=beauty&author=Oscar%20Wilde,137,0,0
1782353855551,83,HTTP Request,200,OK,Author Query 5-4,text,true,,263,155,10,70,http://localhost:8080/search?q=beauty&author=Oscar%20Wilde,83,0,0
1782353855551,85,HTTP Request,200,OK,Author Query 5-10,text,true,,263,155,10,70,http://localhost:8080/search?q=beauty&author=Oscar%20Wilde,85,0,0
1782353855495,151,HTTP Request,200,OK,Author Query 5-9,text,true,,263,155,10,70,http://localhost:8080/search?q=beauty&author=Oscar%20Wilde,151,0,0
1782353855551,118,HTTP Request,200,OK,Author Query 5-2,text,true,,263,155,10,70,http://localhost:8080/search?q=beauty&author=Oscar%20Wilde,118,0,0
1782353855533,136,HTTP Request,200,OK,Author Query 5-7,text,true,,263,155,10,70,http://localhost:8080/search?q=beauty&author=Oscar%20Wilde,136,0,0
1782353855551,122,HTTP Request,200,OK,Author Query 5-6,text,true,,263,155,10,70,http://localhost:8080/search?q=beauty&author=Oscar%20Wilde,122,0,0
1782353855551,123,HTTP Request,200,OK,Author Query 5-8,text,true,,263,155,10,70,http://localhost:8080/search?q=beauty&author=Oscar%20Wilde,123,0,0
1782353855533,166,HTTP Request,200,OK,Author Query 5-1,text,true,,263,155,10,70,http://localhost:8080/search?q=beauty&author=Oscar%20Wilde,166,0,0
1782353855635,95,HTTP Request,200,OK,Author Query 5-4,text,true,,263,155,10,70,http://localhost:8080/search?q=beauty&author=Oscar%20Wilde,95,0,0
1782353855646,84,HTTP Request,200,OK,Author Query 5-9,text,true,,263,155,10,70,http://localhost:8080/search?q=beauty&author=Oscar%20Wilde,84,0,0
1782353855607,123,HTTP Request,200,OK,Author Query 5-3,text,true,,263,155,10,70,http://localhost:8080/search?q=beauty&author=Oscar%20Wilde,123,0,0
1782353855607,131,HTTP Request,200,OK,Author Query 5-5,text,true,,263,155,10,70,http://localhost:8080/search?q=beauty&author=Oscar%20Wilde,131,0,0
1782353855674,81,HTTP Request,200,OK,Author Query 5-8,text,true,,263,155,10,70,http://localhost:8080/search?q=beauty&author=Oscar%20Wilde,81,0,0
1782353855669,103,HTTP Request,200,OK,Author Query 5-2,text,true,,263,155,10,70,http://localhost:8080/search?q=beauty&author=Oscar%20Wilde,103,0,0
1782353855673,109,HTTP Request,200,OK,Author Query 5-6,text,true,,263,155,10,70,http://localhost:8080/search?q=beauty&author=Oscar%20Wilde,109,0,0
1782353855636,146,HTTP Request,200,OK,Author Query 5-10,text,true,,263,155,10,70,http://localhost:8080/search?q=beauty&author=Oscar%20Wilde,146,0,0
1782353855669,151,HTTP Request,200,OK,Author Query 5-7,text,true,,263,155,10,70,http://localhost:8080/search?q=beauty&author=Oscar%20Wilde,151,0,0
1782353855699,127,HTTP Request,200,OK,Author Query 5-1,text,true,,263,155,10,70,http://localhost:8080/search?q=beauty&author=Oscar%20Wilde,127,0,0
1782353855738,89,HTTP Request,200,OK,Author Query 5-5,text,true,,263,155,10,70,http://localhost:8080/search?q=beauty&author=Oscar%20Wilde,89,0,0
1782353855730,98,HTTP Request,200,OK,Author Query 5-9,text,true,,263,155,10,70,http://localhost:8080/search?q=beauty&author=Oscar%20Wilde,98,0,0
1782353855730,115,HTTP Request,200,OK,Author Query 5-4,text,true,,263,155,10,70,http://localhost:8080/search?q=beauty&author=Oscar%20Wilde,115,0,0
1782353855755,96,HTTP Request,200,OK,Author Query 5-8,text,true,,263,155,10,70,http://localhost:8080/search?q=beauty&author=Oscar%20Wilde,96,0,0
1782353855730,134,HTTP Request,200,OK,Author Query 5-3,text,true,,263,155,10,70,http://localhost:8080/search?q=beauty&author=Oscar%20Wilde,134,0,0
1782353855782,103,HTTP Request,200,OK,Author Query 5-10,text,true,,263,155,10,70,http://localhost:8080/search?q=beauty&author=Oscar%20Wilde,103,0,0
1782353855772,132,HTTP Request,200,OK,Author Query 5-2,text,true,,263,155,10,70,http://localhost:8080/search?q=beauty&author=Oscar%20Wilde,132,0,0
1782353855782,135,HTTP Request,200,OK,Author Query 5-6,text,true,,263,155,10,70,http://localhost:8080/search?q=beauty&author=Oscar%20Wilde,135,0,0
1782353855827,137,HTTP Request,200,OK,Author Query 5-5,text,true,,263,155,10,70,http://localhost:8080/search?q=beauty&author=Oscar%20Wilde,137,0,0
1782353855827,139,HTTP Request,200,OK,Author Query 5-1,text,true,,263,155,10,70,http://localhost:8080/search?q=beauty&author=Oscar%20Wilde,139,0,0
1782353855820,146,HTTP Request,200,OK,Author Query 5-7,text,true,,263,155,10,70,http://localhost:8080/search?q=beauty&author=Oscar%20Wilde,146,0,0
1782353855828,150,HTTP Request,200,OK,Author Query 5-9,text,true,,263,155,10,70,http://localhost:8080/search?q=beauty&author=Oscar%20Wilde,150,0,0
1782353855865,118,HTTP Request,200,OK,Author Query 5-3,text,true,,263,155,10,70,http://localhost:8080/search?q=beauty&author=Oscar%20Wilde,118,0,0
1782353855887,116,HTTP Request,200,OK,Author Query 5-10,text,true,,263,155,10,70,http://localhost:8080/search?q=beauty&author=Oscar%20Wilde,116,0,0
1782353855845,184,HTTP Request,200,OK,Author Query 5-4,text,true,,263,155,10,70,http://localhost:8080/search?q=beauty&author=Oscar%20Wilde,184,0,0
1782353855904,130,HTTP Request,200,OK,Author Query 5-2,text,true,,263,155,10,70,http://localhost:8080/search?q=beauty&author=Oscar%20Wilde,130,0,0
1782353855917,135,HTTP Request,200,OK,Author Query 5-6,text,true,,263,155,10,70,http://localhost:8080/search?q=beauty&author=Oscar%20Wilde,135,0,0
1782353855851,237,HTTP Request,200,OK,Author Query 5-8,text,true,,263,155,10,70,http://localhost:8080/search?q=beauty&author=Oscar%20Wilde,237,0,0
1782353855984,143,HTTP Request,200,OK,Author Query 5-3,text,true,,263,155,10,70,http://localhost:8080/search?q=beauty&author=Oscar%20Wilde,143,0,0
1782353856004,130,HTTP Request,200,OK,Author Query 5-10,text,true,,263,155,10,70,http://localhost:8080/search?q=beauty&author=Oscar%20Wilde,130,0,0
1782353855964,170,HTTP Request,200,OK,Author Query 5-5,text,true,,263,155,10,70,http://localhost:8080/search?q=beauty&author=Oscar%20Wilde,170,0,0
1782353855978,156,HTTP Request,200,OK,Author Query 5-9,text,true,,263,155,10,70,http://localhost:8080/search?q=beauty&author=Oscar%20Wilde,156,0,0
1782353855966,192,HTTP Request,200,OK,Author Query 5-7,text,true,,263,155,10,70,http://localhost:8080/search?q=beauty&author=Oscar%20Wilde,192,0,0
1782353855966,226,HTTP Request,200,OK,Author Query 5-1,text,true,,263,155,10,70,http://localhost:8080/search?q=beauty&author=Oscar%20Wilde,226,0,0
1782353856052,156,HTTP Request,200,OK,Author Query 5-6,text,true,,263,155,10,70,http://localhost:8080/search?q=beauty&author=Oscar%20Wilde,156,0,0
1782353856089,120,HTTP Request,200,OK,Author Query 5-8,text,true,,263,155,10,70,http://localhost:8080/search?q=beauty&author=Oscar%20Wilde,120,0,0
1782353856035,198,HTTP Request,200,OK,Author Query 5-2,text,true,,263,155,10,70,http://localhost:8080/search?q=beauty&author=Oscar%20Wilde,198,0,0
1782353856029,204,HTTP Request,200,OK,Author Query 5-4,text,true,,263,155,10,70,http://localhost:8080/search?q=beauty&author=Oscar%20Wilde,204,0,0
1782353856134,157,HTTP Request,200,OK,Author Query 5-5,text,true,,263,155,10,70,http://localhost:8080/search?q=beauty&author=Oscar%20Wilde,157,0,0
1782353856159,133,HTTP Request,200,OK,Author Query 5-7,text,true,,263,155,10,70,http://localhost:8080/search?q=beauty&author=Oscar%20Wilde,133,0,0
1782353856127,165,HTTP Request,200,OK,Author Query 5-3,text,true,,263,155,10,70,http://localhost:8080/search?q=beauty&author=Oscar%20Wilde,165,0,0
1782353856135,157,HTTP Request,200,OK,Author Query 5-9,text,true,,263,155,10,70,http://localhost:8080/search?q=beauty&author=Oscar%20Wilde,157,0,0
1782353856208,166,HTTP Request,200,OK,Author Query 5-6,text,true,,263,155,10,70,http://localhost:8080/search?q=beauty&author=Oscar%20Wilde,166,0,0
1782353856134,246,HTTP Request,200,OK,Author Query 5-10,text,true,,263,155,10,70,http://localhost:8080/search?q=beauty&author=Oscar%20Wilde,246,0,0
1782353856233,167,HTTP Request,200,OK,Author Query 5-2,text,true,,263,155,10,70,http://localhost:8080/search?q=beauty&author=Oscar%20Wilde,167,0,0
1782353856233,168,HTTP Request,200,OK,Author Query 5-4,text,true,,263,155,10,70,http://localhost:8080/search?q=beauty&author=Oscar%20Wilde,168,0,0
1782353856192,220,HTTP Request,200,OK,Author Query 5-1,text,true,,263,155,10,70,http://localhost:8080/search?q=beauty&author=Oscar%20Wilde,220,0,0
1782353856292,149,HTTP Request,200,OK,Author Query 5-5,text,true,,263,155,10,70,http://localhost:8080/search?q=beauty&author=Oscar%20Wilde,149,0,0
1782353856293,148,HTTP Request,200,OK,Author Query 5-9,text,true,,263,155,10,70,http://localhost:8080/search?q=beauty&author=Oscar%20Wilde,148,0,0
1782353856209,245,HTTP Request,200,OK,Author Query 5-8,text,true,,263,155,10,70,http://localhost:8080/search?q=beauty&author=Oscar%20Wilde,245,0,0
1782353856293,182,HTTP Request,200,OK,Author Query 5-3,text,true,,263,155,10,70,http://localhost:8080/search?q=beauty&author=Oscar%20Wilde,182,0,0
1782353856293,182,HTTP Request,200,OK,Author Query 5-7,text,true,,263,155,10,70,http://localhost:8080/search?q=beauty&author=Oscar%20Wilde,182,0,0
1782353856380,151,HTTP Request,200,OK,Author Query 5-10,text,true,,263,155,10,70,http://localhost:8080/search?q=beauty&author=Oscar%20Wilde,151,0,0
1782353856412,126,HTTP Request,200,OK,Author Query 5-1,text,true,,263,155,10,70,http://localhost:8080/search?q=beauty&author=Oscar%20Wilde,126,0,0
1782353856375,184,HTTP Request,200,OK,Author Query 5-6,text,true,,263,155,10,70,http://localhost:8080/search?q=beauty&author=Oscar%20Wilde,184,0,0
1782353856454,106,HTTP Request,200,OK,Author Query 5-8,text,true,,263,155,10,70,http://localhost:8080/search?q=beauty&author=Oscar%20Wilde,106,0,0
1782353856401,169,HTTP Request,200,OK,Author Query 5-4,text,true,,263,155,10,70,http://localhost:8080/search?q=beauty&author=Oscar%20Wilde,169,0,0
1782353856401,193,HTTP Request,200,OK,Author Query 5-2,text,true,,263,155,10,70,http://localhost:8080/search?q=beauty&author=Oscar%20Wilde,193,0,0
1782353856441,190,HTTP Request,200,OK,Author Query 5-5,text,true,,263,155,10,70,http://localhost:8080/search?q=beauty&author=Oscar%20Wilde,190,0,0
1782353856442,206,HTTP Request,200,OK,Author Query 5-9,text,true,,263,155,10,70,http://localhost:8080/search?q=beauty&author=Oscar%20Wilde,206,0,0
1782353856475,175,HTTP Request,200,OK,Author Query 5-3,text,true,,263,155,10,70,http://localhost:8080/search?q=beauty&author=Oscar%20Wilde,175,0,0
1782353856475,175,HTTP Request,200,OK,Author Query 5-7,text,true,,263,155,10,70,http://localhost:8080/search?q=beauty&author=Oscar%20Wilde,175,0,0
1782353856531,137,HTTP Request,200,OK,Author Query 5-10,text,true,,263,155,10,70,http://localhost:8080/search?q=beauty&author=Oscar%20Wilde,137,0,0
1782353856560,152,HTTP Request,200,OK,Author Query 5-8,text,true,,263,155,10,70,http://localhost:8080/search?q=beauty&author=Oscar%20Wilde,152,0,0
1782353856539,193,HTTP Request,200,OK,Author Query 5-1,text,true,,263,155,10,70,http://localhost:8080/search?q=beauty&author=Oscar%20Wilde,193,0,0
1782353856559,209,HTTP Request,200,OK,Author Query 5-6,text,true,,263,155,10,70,http://localhost:8080/search?q=beauty&author=Oscar%20Wilde,209,0,0
1782353856594,175,HTTP Request,200,OK,Author Query 5-2,text,true,,263,155,10,70,http://localhost:8080/search?q=beauty&author=Oscar%20Wilde,175,0,0
1782353856649,120,HTTP Request,200,OK,Author Query 5-9,text,true,,263,155,10,70,http://localhost:8080/search?q=beauty&author=Oscar%20Wilde,120,0,0
1782353856570,210,HTTP Request,200,OK,Author Query 5-4,text,true,,263,155,10,70,http://localhost:8080/search?q=beauty&author=Oscar%20Wilde,210,0,0
1782353856631,157,HTTP Request,200,OK,Author Query 5-5,text,true,,263,155,10,70,http://localhost:8080/search?q=beauty&author=Oscar%20Wilde,157,0,0
1782353856650,140,HTTP Request,200,OK,Author Query 5-3,text,true,,263,155,10,70,http://localhost:8080/search?q=beauty&author=Oscar%20Wilde,140,0,0
1782353856650,141,HTTP Request,200,OK,Author Query 5-7,text,true,,263,155,10,70,http://localhost:8080/search?q=beauty&author=Oscar%20Wilde,141,0,0
1782353856669,123,HTTP Request,200,OK,Author Query 5-10,text,true,,263,155,10,70,http://localhost:8080/search?q=beauty&author=Oscar%20Wilde,123,0,0
1782353856713,93,HTTP Request,200,OK,Author Query 5-8,text,true,,263,155,10,70,http://localhost:8080/search?q=beauty&author=Oscar%20Wilde,93,0,0
1782353856733,150,HTTP Request,200,OK,Author Query 5-1,text,true,,263,155,10,70,http://localhost:8080/search?q=beauty&author=Oscar%20Wilde,150,0,0
1782353856790,171,HTTP Request,200,OK,Author Query 5-3,text,true,,263,155,10,70,http://localhost:8080/search?q=beauty&author=Oscar%20Wilde,171,0,0
1782353856791,170,HTTP Request,200,OK,Author Query 5-7,text,true,,263,155,10,70,http://localhost:8080/search?q=beauty&author=Oscar%20Wilde,170,0,0
1782353856769,193,HTTP Request,200,OK,Author Query 5-6,text,true,,263,155,10,70,http://localhost:8080/search?q=beauty&author=Oscar%20Wilde,193,0,0
1782353856769,193,HTTP Request,200,OK,Author Query 5-9,text,true,,263,155,10,70,http://localhost:8080/search?q=beauty&author=Oscar%20Wilde,193,0,0
1782353856780,182,HTTP Request,200,OK,Author Query 5-4,text,true,,263,155,10,70,http://localhost:8080/search?q=beauty&author=Oscar%20Wilde,182,0,0
1782353856769,193,HTTP Request,200,OK,Author Query 5-2,text,true,,263,155,10,70,http://localhost:8080/search?q=beauty&author=Oscar%20Wilde,193,0,0
1782353856807,155,HTTP Request,200,OK,Author Query 5-8,text,true,,263,155,10,70,http://localhost:8080/search?q=beauty&author=Oscar%20Wilde,155,0,0
1782353856788,174,HTTP Request,200,OK,Author Query 5-5,text,true,,263,155,10,70,http://localhost:8080/search?q=beauty&author=Oscar%20Wilde,174,0,0
1782353856792,171,HTTP Request,200,OK,Author Query 5-10,text,true,,263,155,10,70,http://localhost:8080/search?q=beauty&author=Oscar%20Wilde,171,0,0
1782353856883,152,HTTP Request,200,OK,Author Query 5-1,text,true,,263,155,10,70,http://localhost:8080/search?q=beauty&author=Oscar%20Wilde,152,0,0
1782353856962,104,HTTP Request,200,OK,Author Query 5-4,text,true,,263,155,10,70,http://localhost:8080/search?q=beauty&author=Oscar%20Wilde,104,0,0
1782353856962,105,HTTP Request,200,OK,Author Query 5-8,text,true,,263,155,10,70,http://localhost:8080/search?q=beauty&author=Oscar%20Wilde,105,0,0
1782353856963,104,HTTP Request,200,OK,Author Query 5-10,text,true,,263,155,10,70,http://localhost:8080/search?q=beauty&author=Oscar%20Wilde,104,0,0
1782353856962,105,HTTP Request,200,OK,Author Query 5-9,text,true,,263,155,10,70,http://localhost:8080/search?q=beauty&author=Oscar%20Wilde,105,0,0
1782353856961,106,HTTP Request,200,OK,Author Query 5-3,text,true,,263,155,10,70,http://localhost:8080/search?q=beauty&author=Oscar%20Wilde,106,0,0
1782353856962,106,HTTP Request,200,OK,Author Query 5-6,text,true,,263,155,10,70,http://localhost:8080/search?q=beauty&author=Oscar%20Wilde,106,0,0
1782353856962,148,HTTP Request,200,OK,Author Query 5-2,text,true,,263,155,10,70,http://localhost:8080/search?q=beauty&author=Oscar%20Wilde,148,0,0
1782353856961,149,HTTP Request,200,OK,Author Query 5-7,text,true,,263,155,10,70,http://localhost:8080/search?q=beauty&author=Oscar%20Wilde,149,0,0
1782353856963,147,HTTP Request,200,OK,Author Query 5-5,text,true,,263,155,10,70,http://localhost:8080/search?q=beauty&author=Oscar%20Wilde,147,0,0
1782353857066,134,HTTP Request,200,OK,Author Query 5-4,text,true,,263,155,10,70,http://localhost:8080/search?q=beauty&author=Oscar%20Wilde,134,0,0
1782353857067,133,HTTP Request,200,OK,Author Query 5-8,text,true,,263,155,10,70,http://localhost:8080/search?q=beauty&author=Oscar%20Wilde,133,0,0
1782353857067,133,HTTP Request,200,OK,Author Query 5-10,text,true,,263,155,10,70,http://localhost:8080/search?q=beauty&author=Oscar%20Wilde,133,0,0
1782353857067,133,HTTP Request,200,OK,Author Query 5-9,text,true,,263,155,10,70,http://localhost:8080/search?q=beauty&author=Oscar%20Wilde,133,0,0
1782353857067,133,HTTP Request,200,OK,Author Query 5-3,text,true,,263,155,10,70,http://localhost:8080/search?q=beauty&author=Oscar%20Wilde,133,0,0
1782353857069,144,HTTP Request,200,OK,Author Query 5-6,text,true,,263,155,10,70,http://localhost:8080/search?q=beauty&author=Oscar%20Wilde,144,0,0
1782353857110,103,HTTP Request,200,OK,Author Query 5-7,text,true,,263,155,10,70,http://localhost:8080/search?q=beauty&author=Oscar%20Wilde,103,0,0
1782353857110,109,HTTP Request,200,OK,Author Query 5-5,text,true,,263,155,10,70,http://localhost:8080/search?q=beauty&author=Oscar%20Wilde,109,0,0
1782353857036,220,HTTP Request,200,OK,Author Query 5-1,text,true,,263,155,10,70,http://localhost:8080/search?q=beauty&author=Oscar%20Wilde,220,0,0
1782353857110,168,HTTP Request,200,OK,Author Query 5-2,text,true,,263,155,10,70,http://localhost:8080/search?q=beauty&author=Oscar%20Wilde,168,0,0
1782353857213,155,HTTP Request,200,OK,Author Query 5-6,text,true,,263,155,10,70,http://localhost:8080/search?q=beauty&author=Oscar%20Wilde,155,0,0
1782353857201,167,HTTP Request,200,OK,Author Query 5-10,text,true,,263,155,10,70,http://localhost:8080/search?q=beauty&author=Oscar%20Wilde,167,0,0
1782353857200,168,HTTP Request,200,OK,Author Query 5-4,text,true,,263,155,10,70,http://localhost:8080/search?q=beauty&author=Oscar%20Wilde,168,0,0
1782353857201,168,HTTP Request,200,OK,Author Query 5-3,text,true,,263,155,10,70,http://localhost:8080/search?q=beauty&author=Oscar%20Wilde,168,0,0
1782353857201,168,HTTP Request,200,OK,Author Query 5-9,text,true,,263,155,10,70,http://localhost:8080/search?q=beauty&author=Oscar%20Wilde,168,0,0
1782353857213,157,HTTP Request,200,OK,Author Query 5-7,text,true,,263,155,10,70,http://localhost:8080/search?q=beauty&author=Oscar%20Wilde,157,0,0
1782353857200,170,HTTP Request,200,OK,Author Query 5-8,text,true,,263,155,10,70,http://localhost:8080/search?q=beauty&author=Oscar%20Wilde,170,0,0
1782353857219,186,HTTP Request,200,OK,Author Query 5-5,text,true,,263,155,10,70,http://localhost:8080/search?q=beauty&author=Oscar%20Wilde,186,0,0
1782353857278,148,HTTP Request,200,OK,Author Query 5-2,text,true,,263,155,10,70,http://localhost:8080/search?q=beauty&author=Oscar%20Wilde,148,0,0
1782353857369,89,HTTP Request,200,OK,Author Query 5-3,text,true,,263,155,10,70,http://localhost:8080/search?q=beauty&author=Oscar%20Wilde,89,0,0
1782353857368,90,HTTP Request,200,OK,Author Query 5-10,text,true,,263,155,10,70,http://localhost:8080/search?q=beauty&author=Oscar%20Wilde,90,0,0
1782353857368,90,HTTP Request,200,OK,Author Query 5-6,text,true,,263,155,10,70,http://localhost:8080/search?q=beauty&author=Oscar%20Wilde,90,0,0
1782353857371,87,HTTP Request,200,OK,Author Query 5-8,text,true,,263,155,10,70,http://localhost:8080/search?q=beauty&author=Oscar%20Wilde,87,0,0
1782353857371,87,HTTP Request,200,OK,Author Query 5-7,text,true,,263,155,10,70,http://localhost:8080/search?q=beauty&author=Oscar%20Wilde,87,0,0
1782353857256,210,HTTP Request,200,OK,Author Query 5-1,text,true,,263,155,10,70,http://localhost:8080/search?q=beauty&author=Oscar%20Wilde,210,0,0
1782353857368,99,HTTP Request,200,OK,Author Query 5-4,text,true,,263,155,10,70,http://localhost:8080/search?q=beauty&author=Oscar%20Wilde,99,0,0
1782353857370,97,HTTP Request,200,OK,Author Query 5-9,text,true,,263,155,10,70,http://localhost:8080/search?q=beauty&author=Oscar%20Wilde,97,0,0
1782353857458,91,HTTP Request,200,OK,Author Query 5-3,text,true,,263,155,10,70,http://localhost:8080/search?q=beauty&author=Oscar%20Wilde,91,0,0
1782353857459,91,HTTP Request,200,OK,Author Query 5-10,text,true,,263,155,10,70,http://localhost:8080/search?q=beauty&author=Oscar%20Wilde,91,0,0
1782353857426,125,HTTP Request,200,OK,Author Query 5-2,text,true,,263,155,10,70,http://localhost:8080/search?q=beauty&author=Oscar%20Wilde,125,0,0
1782353857458,93,HTTP Request,200,OK,Author Query 5-6,text,true,,263,155,10,70,http://localhost:8080/search?q=beauty&author=Oscar%20Wilde,93,0,0
1782353857459,93,HTTP Request,200,OK,Author Query 5-7,text,true,,263,155,10,70,http://localhost:8080/search?q=beauty&author=Oscar%20Wilde,93,0,0
1782353857458,95,HTTP Request,200,OK,Author Query 5-8,text,true,,263,155,10,70,http://localhost:8080/search?q=beauty&author=Oscar%20Wilde,95,0,0
1782353857406,149,HTTP Request,200,OK,Author Query 5-5,text,true,,263,155,10,70,http://localhost:8080/search?q=beauty&author=Oscar%20Wilde,149,0,0
1782353857467,117,HTTP Request,200,OK,Author Query 5-4,text,true,,263,155,10,70,http://localhost:8080/search?q=beauty&author=Oscar%20Wilde,117,0,0
1782353857555,86,HTTP Request,200,OK,Author Query 5-5,text,true,,263,155,10,70,http://localhost:8080/search?q=beauty&author=Oscar%20Wilde,86,0,0
1782353857553,91,HTTP Request,200,OK,Author Query 5-8,text,true,,263,155,10,70,http://localhost:8080/search?q=beauty&author=Oscar%20Wilde,91,0,0
1782353857551,93,HTTP Request,200,OK,Author Query 5-2,text,true,,263,155,10,70,http://localhost:8080/search?q=beauty&author=Oscar%20Wilde,93,0,0
1782353857466,179,HTTP Request,200,OK,Author Query 5-1,text,true,,263,155,10,70,http://localhost:8080/search?q=beauty&author=Oscar%20Wilde,179,0,0
1782353857467,192,HTTP Request,200,OK,Author Query 5-9,text,true,,263,155,10,70,http://localhost:8080/search?q=beauty&author=Oscar%20Wilde,192,0,0
1782353857551,149,HTTP Request,200,OK,Author Query 5-6,text,true,,263,155,10,70,http://localhost:8080/search?q=beauty&author=Oscar%20Wilde,149,0,0
1782353857584,119,HTTP Request,200,OK,Author Query 5-4,text,true,,263,155,10,70,http://localhost:8080/search?q=beauty&author=Oscar%20Wilde,119,0,0
1782353857550,162,HTTP Request,200,OK,Author Query 5-10,text,true,,263,155,10,70,http://localhost:8080/search?q=beauty&author=Oscar%20Wilde,162,0,0
1782353857552,170,HTTP Request,200,OK,Author Query 5-7,text,true,,263,155,10,70,http://localhost:8080/search?q=beauty&author=Oscar%20Wilde,170,0,0
1782353857549,185,HTTP Request,200,OK,Author Query 5-3,text,true,,263,155,10,70,http://localhost:8080/search?q=beauty&author=Oscar%20Wilde,185,0,0
1782353857644,148,HTTP Request,200,OK,Author Query 5-8,text,true,,263,155,10,70,http://localhost:8080/search?q=beauty&author=Oscar%20Wilde,148,0,0
1782353857645,148,HTTP Request,200,OK,Author Query 5-1,text,true,,263,155,10,70,http://localhost:8080/search?q=beauty&author=Oscar%20Wilde,148,0,0
1782353857641,153,HTTP Request,200,OK,Author Query 5-5,text,true,,263,155,10,70,http://localhost:8080/search?q=beauty&author=Oscar%20Wilde,153,0,0
1782353857645,159,HTTP Request,200,OK,Author Query 5-2,text,true,,263,155,10,70,http://localhost:8080/search?q=beauty&author=Oscar%20Wilde,159,0,0
1782353857701,135,HTTP Request,200,OK,Author Query 5-6,text,true,,263,155,10,70,http://localhost:8080/search?q=beauty&author=Oscar%20Wilde,135,0,0
1782353857712,138,HTTP Request,200,OK,Author Query 5-10,text,true,,263,155,10,70,http://localhost:8080/search?q=beauty&author=Oscar%20Wilde,138,0,0
1782353857703,147,HTTP Request,200,OK,Author Query 5-4,text,true,,263,155,10,70,http://localhost:8080/search?q=beauty&author=Oscar%20Wilde,147,0,0
1782353857722,129,HTTP Request,200,OK,Author Query 5-7,text,true,,263,155,10,70,http://localhost:8080/search?q=beauty&author=Oscar%20Wilde,129,0,0
1782353857793,88,HTTP Request,200,OK,Author Query 5-8,text,true,,263,155,10,70,http://localhost:8080/search?q=beauty&author=Oscar%20Wilde,88,0,0
1782353857794,88,HTTP Request,200,OK,Author Query 5-5,text,true,,263,155,10,70,http://localhost:8080/search?q=beauty&author=Oscar%20Wilde,88,0,0
1782353857659,224,HTTP Request,200,OK,Author Query 5-9,text,true,,263,155,10,70,http://localhost:8080/search?q=beauty&author=Oscar%20Wilde,224,0,0
1782353857794,89,HTTP Request,200,OK,Author Query 5-1,text,true,,263,155,10,70,http://localhost:8080/search?q=beauty&author=Oscar%20Wilde,89,0,0
1782353857734,170,HTTP Request,200,OK,Author Query 5-3,text,true,,263,155,10,70,http://localhost:8080/search?q=beauty&author=Oscar%20Wilde,170,0,0
1782353857805,116,HTTP Request,200,OK,Author Query 5-2,text,true,,263,155,10,70,http://localhost:8080/search?q=beauty&author=Oscar%20Wilde,116,0,0
1782353857851,81,HTTP Request,200,OK,Author Query 5-7,text,true,,263,155,10,70,http://localhost:8080/search?q=beauty&author=Oscar%20Wilde,81,0,0
1782353857850,82,HTTP Request,200,OK,Author Query 5-4,text,true,,263,155,10,70,http://localhost:8080/search?q=beauty&author=Oscar%20Wilde,82,0,0
1782353857836,102,HTTP Request,200,OK,Author Query 5-6,text,true,,263,155,10,70,http://localhost:8080/search?q=beauty&author=Oscar%20Wilde,102,0,0
1782353857883,76,HTTP Request,200,OK,Author Query 5-9,text,true,,263,155,10,70,http://localhost:8080/search?q=beauty&author=Oscar%20Wilde,76,0,0
1782353857850,110,HTTP Request,200,OK,Author Query 5-10,text,true,,263,155,10,70,http://localhost:8080/search?q=beauty&author=Oscar%20Wilde,110,0,0
1782353857883,100,HTTP Request,200,OK,Author Query 5-5,text,true,,263,155,10,70,http://localhost:8080/search?q=beauty&author=Oscar%20Wilde,100,0,0
1782353857881,109,HTTP Request,200,OK,Author Query 5-8,text,true,,263,155,10,70,http://localhost:8080/search?q=beauty&author=Oscar%20Wilde,109,0,0
1782353857921,135,HTTP Request,200,OK,Author Query 5-2,text,true,,263,155,10,70,http://localhost:8080/search?q=beauty&author=Oscar%20Wilde,135,0,0
1782353857883,173,HTTP Request,200,OK,Author Query 5-1,text,true,,263,155,10,70,http://localhost:8080/search?q=beauty&author=Oscar%20Wilde,173,0,0
1782353857932,134,HTTP Request,200,OK,Author Query 5-7,text,true,,263,155,10,70,http://localhost:8080/search?q=beauty&author=Oscar%20Wilde,134,0,0
1782353857904,171,HTTP Request,200,OK,Author Query 5-3,text,true,,263,155,10,70,http://localhost:8080/search?q=beauty&author=Oscar%20Wilde,171,0,0
1782353857939,142,HTTP Request,200,OK,Author Query 5-6,text,true,,263,155,10,70,http://localhost:8080/search?q=beauty&author=Oscar%20Wilde,142,0,0
1782353857984,99,HTTP Request,200,OK,Author Query 5-5,text,true,,263,155,10,70,http://localhost:8080/search?q=beauty&author=Oscar%20Wilde,99,0,0
1782353857991,111,HTTP Request,200,OK,Author Query 5-8,text,true,,263,155,10,70,http://localhost:8080/search?q=beauty&author=Oscar%20Wilde,111,0,0
1782353857959,160,HTTP Request,200,OK,Author Query 5-9,text,true,,263,155,10,70,http://localhost:8080/search?q=beauty&author=Oscar%20Wilde,160,0,0
1782353857933,187,HTTP Request,200,OK,Author Query 5-4,text,true,,263,155,10,70,http://localhost:8080/search?q=beauty&author=Oscar%20Wilde,187,0,0
1782353857960,194,HTTP Request,200,OK,Author Query 5-10,text,true,,263,155,10,70,http://localhost:8080/search?q=beauty&author=Oscar%20Wilde,194,0,0
1782353858056,104,HTTP Request,200,OK,Author Query 5-2,text,true,,263,155,10,70,http://localhost:8080/search?q=beauty&author=Oscar%20Wilde,104,0,0
1782353858081,79,HTTP Request,200,OK,Author Query 5-6,text,true,,263,155,10,70,http://localhost:8080/search?q=beauty&author=Oscar%20Wilde,79,0,0
1782353858075,87,HTTP Request,200,OK,Author Query 5-3,text,true,,263,155,10,70,http://localhost:8080/search?q=beauty&author=Oscar%20Wilde,87,0,0
1782353858056,106,HTTP Request,200,OK,Author Query 5-1,text,true,,263,155,10,70,http://localhost:8080/search?q=beauty&author=Oscar%20Wilde,106,0,0
1782353858084,91,HTTP Request,200,OK,Author Query 5-5,text,true,,263,155,10,70,http://localhost:8080/search?q=beauty&author=Oscar%20Wilde,91,0,0
1782353858067,145,HTTP Request,200,OK,Author Query 5-7,text,true,,263,155,10,70,http://localhost:8080/search?q=beauty&author=Oscar%20Wilde,145,0,0
1782353858120,109,HTTP Request,200,OK,Author Query 5-4,text,true,,263,155,10,70,http://localhost:8080/search?q=beauty&author=Oscar%20Wilde,109,0,0
1782353858119,130,HTTP Request,200,OK,Author Query 5-9,text,true,,263,155,10,70,http://localhost:8080/search?q=beauty&author=Oscar%20Wilde,129,0,0
1782353858102,147,HTTP Request,200,OK,Author Query 5-8,text,true,,263,155,10,70,http://localhost:8080/search?q=beauty&author=Oscar%20Wilde,147,0,0
1782353858162,88,HTTP Request,200,OK,Author Query 5-3,text,true,,263,155,10,70,http://localhost:8080/search?q=beauty&author=Oscar%20Wilde,88,0,0
1782353858162,94,HTTP Request,200,OK,Author Query 5-1,text,true,,263,155,10,70,http://localhost:8080/search?q=beauty&author=Oscar%20Wilde,94,0,0
1782353858175,82,HTTP Request,200,OK,Author Query 5-5,text,true,,263,155,10,70,http://localhost:8080/search?q=beauty&author=Oscar%20Wilde,82,0,0
1782353858161,103,HTTP Request,200,OK,Author Query 5-2,text,true,,263,155,10,70,http://localhost:8080/search?q=beauty&author=Oscar%20Wilde,103,0,0
1782353858161,104,HTTP Request,200,OK,Author Query 5-6,text,true,,263,155,10,70,http://localhost:8080/search?q=beauty&author=Oscar%20Wilde,104,0,0
1782353858154,111,HTTP Request,200,OK,Author Query 5-10,text,true,,263,155,10,70,http://localhost:8080/search?q=beauty&author=Oscar%20Wilde,111,0,0
1782353858230,126,HTTP Request,200,OK,Author Query 5-4,text,true,,263,155,10,70,http://localhost:8080/search?q=beauty&author=Oscar%20Wilde,126,0,0
1782353858249,109,HTTP Request,200,OK,Author Query 5-9,text,true,,263,155,10,70,http://localhost:8080/search?q=beauty&author=Oscar%20Wilde,109,0,0
1782353858266,92,HTTP Request,200,OK,Author Query 5-6,text,true,,263,155,10,70,http://localhost:8080/search?q=beauty&author=Oscar%20Wilde,92,0,0
1782353858256,111,HTTP Request,200,OK,Author Query 5-1,text,true,,263,155,10,70,http://localhost:8080/search?q=beauty&author=Oscar%20Wilde,111,0,0
1782353858249,120,HTTP Request,200,OK,Author Query 5-8,text,true,,263,155,10,70,http://localhost:8080/search?q=beauty&author=Oscar%20Wilde,120,0,0
1782353858265,105,HTTP Request,200,OK,Author Query 5-2,text,true,,263,155,10,70,http://localhost:8080/search?q=beauty&author=Oscar%20Wilde,105,0,0
1782353858250,122,HTTP Request,200,OK,Author Query 5-3,text,true,,263,155,10,70,http://localhost:8080/search?q=beauty&author=Oscar%20Wilde,122,0,0
1782353858257,116,HTTP Request,200,OK,Author Query 5-5,text,true,,263,155,10,70,http://localhost:8080/search?q=beauty&author=Oscar%20Wilde,116,0,0
1782353858212,178,HTTP Request,200,OK,Author Query 5-7,text,true,,263,155,10,70,http://localhost:8080/search?q=beauty&author=Oscar%20Wilde,178,0,0
1782353858266,124,HTTP Request,200,OK,Author Query 5-10,text,true,,263,155,10,70,http://localhost:8080/search?q=beauty&author=Oscar%20Wilde,124,0,0
1782353858357,84,HTTP Request,200,OK,Author Query 5-4,text,true,,263,155,10,70,http://localhost:8080/search?q=beauty&author=Oscar%20Wilde,84,0,0
1782353858358,97,HTTP Request,200,OK,Author Query 5-9,text,true,,263,155,10,70,http://localhost:8080/search?q=beauty&author=Oscar%20Wilde,97,0,0
1782353858367,88,HTTP Request,200,OK,Author Query 5-1,text,true,,263,155,10,70,http://localhost:8080/search?q=beauty&author=Oscar%20Wilde,88,0,0
1782353858358,98,HTTP Request,200,OK,Author Query 5-6,text,true,,263,155,10,70,http://localhost:8080/search?q=beauty&author=Oscar%20Wilde,98,0,0
1782353858373,120,HTTP Request,200,OK,Author Query 5-5,text,true,,263,155,10,70,http://localhost:8080/search?q=beauty&author=Oscar%20Wilde,120,0,0
1782353858390,106,HTTP Request,200,OK,Author Query 5-10,text,true,,263,155,10,70,http://localhost:8080/search?q=beauty&author=Oscar%20Wilde,106,0,0
1782353858390,119,HTTP Request,200,OK,Author Query 5-7,text,true,,263,155,10,70,http://localhost:8080/search?q=beauty&author=Oscar%20Wilde,119,0,0
1782353858372,142,HTTP Request,200,OK,Author Query 5-3,text,true,,263,155,10,70,http://localhost:8080/search?q=beauty&author=Oscar%20Wilde,142,0,0
1782353858369,145,HTTP Request,200,OK,Author Query 5-8,text,true,,263,155,10,70,http://localhost:8080/search?q=beauty&author=Oscar%20Wilde,145,0,0
1782353858370,145,HTTP Request,200,OK,Author Query 5-2,text,true,,263,155,10,70,http://localhost:8080/search?q=beauty&author=Oscar%20Wilde,145,0,0
1782353858456,80,HTTP Request,200,OK,Author Query 5-6,text,true,,263,155,10,70,http://localhost:8080/search?q=beauty&author=Oscar%20Wilde,80,0,0
1782353858456,81,HTTP Request,200,OK,Author Query 5-9,text,true,,263,155,10,70,http://localhost:8080/search?q=beauty&author=Oscar%20Wilde,81,0,0
1782353858456,82,HTTP Request,200,OK,Author Query 5-1,text,true,,263,155,10,70,http://localhost:8080/search?q=beauty&author=Oscar%20Wilde,82,0,0
1782353858442,96,HTTP Request,200,OK,Author Query 5-4,text,true,,263,155,10,70,http://localhost:8080/search?q=beauty&author=Oscar%20Wilde,96,0,0
1782353858509,129,HTTP Request,200,OK,Author Query 5-7,text,true,,263,155,10,70,http://localhost:8080/search?q=beauty&author=Oscar%20Wilde,129,0,0
1782353858493,154,HTTP Request,200,OK,Author Query 5-5,text,true,,263,155,10,70,http://localhost:8080/search?q=beauty&author=Oscar%20Wilde,153,0,0
1782353858496,151,HTTP Request,200,OK,Author Query 5-10,text,true,,263,155,10,70,http://localhost:8080/search?q=beauty&author=Oscar%20Wilde,151,0,0
1782353858514,146,HTTP Request,200,OK,Author Query 5-8,text,true,,263,155,10,70,http://localhost:8080/search?q=beauty&author=Oscar%20Wilde,146,0,0
1782353858515,145,HTTP Request,200,OK,Author Query 5-3,text,true,,263,155,10,70,http://localhost:8080/search?q=beauty&author=Oscar%20Wilde,145,0,0
1782353858537,123,HTTP Request,200,OK,Author Query 5-9,text,true,,263,155,10,70,http://localhost:8080/search?q=beauty&author=Oscar%20Wilde,123,0,0
1782353858538,123,HTTP Request,200,OK,Author Query 5-1,text,true,,263,155,10,70,http://localhost:8080/search?q=beauty&author=Oscar%20Wilde,123,0,0
1782353858515,146,HTTP Request,200,OK,Author Query 5-2,text,true,,263,155,10,70,http://localhost:8080/search?q=beauty&author=Oscar%20Wilde,146,0,0
1782353858537,159,HTTP Request,200,OK,Author Query 5-6,text,true,,263,155,10,70,http://localhost:8080/search?q=beauty&author=Oscar%20Wilde,159,0,0
1782353858638,129,HTTP Request,200,OK,Author Query 5-7,text,true,,263,155,10,70,http://localhost:8080/search?q=beauty&author=Oscar%20Wilde,129,0,0
1782353858662,111,HTTP Request,200,OK,Author Query 5-1,text,true,,263,155,10,70,http://localhost:8080/search?q=beauty&author=Oscar%20Wilde,111,0,0
1782353858660,115,HTTP Request,200,OK,Author Query 5-9,text,true,,263,155,10,70,http://localhost:8080/search?q=beauty&author=Oscar%20Wilde,115,0,0
1782353858660,116,HTTP Request,200,OK,Author Query 5-3,text,true,,263,155,10,70,http://localhost:8080/search?q=beauty&author=Oscar%20Wilde,116,0,0
1782353858660,120,HTTP Request,200,OK,Author Query 5-8,text,true,,263,155,10,70,http://localhost:8080/search?q=beauty&author=Oscar%20Wilde,120,0,0
1782353858662,118,HTTP Request,200,OK,Author Query 5-2,text,true,,263,155,10,70,http://localhost:8080/search?q=beauty&author=Oscar%20Wilde,118,0,0
1782353858647,134,HTTP Request,200,OK,Author Query 5-10,text,true,,263,155,10,70,http://localhost:8080/search?q=beauty&author=Oscar%20Wilde,134,0,0
1782353858539,249,HTTP Request,200,OK,Author Query 5-4,text,true,,263,155,10,70,http://localhost:8080/search?q=beauty&author=Oscar%20Wilde,249,0,0
1782353858647,183,HTTP Request,200,OK,Author Query 5-5,text,true,,263,155,10,70,http://localhost:8080/search?q=beauty&author=Oscar%20Wilde,183,0,0
1782353858696,176,HTTP Request,200,OK,Author Query 5-6,text,true,,263,155,10,70,http://localhost:8080/search?q=beauty&author=Oscar%20Wilde,176,0,0
1782353858776,149,HTTP Request,200,OK,Author Query 5-3,text,true,,263,155,10,70,http://localhost:8080/search?q=beauty&author=Oscar%20Wilde,149,0,0
1782353858780,145,HTTP Request,200,OK,Author Query 5-8,text,true,,263,155,10,70,http://localhost:8080/search?q=beauty&author=Oscar%20Wilde,145,0,0
1782353858767,159,HTTP Request,200,OK,Author Query 5-7,text,true,,263,155,10,70,http://localhost:8080/search?q=beauty&author=Oscar%20Wilde,159,0,0
1782353858774,152,HTTP Request,200,OK,Author Query 5-1,text,true,,263,155,10,70,http://localhost:8080/search?q=beauty&author=Oscar%20Wilde,152,0,0
1782353858788,148,HTTP Request,200,OK,Author Query 5-4,text,true,,263,155,10,70,http://localhost:8080/search?q=beauty&author=Oscar%20Wilde,148,0,0
1782353858927,188,HTTP Request,200,OK,Author Query 5-1,text,true,,263,155,10,70,http://localhost:8080/search?q=beauty&author=Oscar%20Wilde,188,0,0
1782353858925,191,HTTP Request,200,OK,Author Query 5-3,text,true,,263,155,10,70,http://localhost:8080/search?q=beauty&author=Oscar%20Wilde,191,0,0
1782353858927,190,HTTP Request,200,OK,Author Query 5-7,text,true,,263,155,10,70,http://localhost:8080/search?q=beauty&author=Oscar%20Wilde,190,0,0
1782353858936,184,HTTP Request,200,OK,Author Query 5-4,text,true,,263,155,10,70,http://localhost:8080/search?q=beauty&author=Oscar%20Wilde,184,0,0
1782353858775,433,HTTP Request,200,OK,Author Query 5-9,text,true,,263,155,10,70,http://localhost:8080/search?q=beauty&author=Oscar%20Wilde,433,0,0
1782353858781,427,HTTP Request,200,OK,Author Query 5-2,text,true,,263,155,10,70,http://localhost:8080/search?q=beauty&author=Oscar%20Wilde,427,0,0
1782353858830,378,HTTP Request,200,OK,Author Query 5-5,text,true,,263,155,10,70,http://localhost:8080/search?q=beauty&author=Oscar%20Wilde,378,0,0
1782353858781,427,HTTP Request,200,OK,Author Query 5-10,text,true,,263,155,10,70,http://localhost:8080/search?q=beauty&author=Oscar%20Wilde,427,0,0
1782353858872,386,HTTP Request,200,OK,Author Query 5-6,text,true,,263,155,10,70,http://localhost:8080/search?q=beauty&author=Oscar%20Wilde,386,0,0
1782353858926,332,HTTP Request,200,OK,Author Query 5-8,text,true,,263,155,10,70,http://localhost:8080/search?q=beauty&author=Oscar%20Wilde,332,0,0
1782353859115,163,HTTP Request,200,OK,Author Query 5-1,text,true,,263,155,10,70,http://localhost:8080/search?q=beauty&author=Oscar%20Wilde,163,0,0
1782353859116,167,HTTP Request,200,OK,Author Query 5-3,text,true,,263,155,10,70,http://localhost:8080/search?q=beauty&author=Oscar%20Wilde,167,0,0
1782353859120,180,HTTP Request,200,OK,Author Query 5-4,text,true,,263,155,10,70,http://localhost:8080/search?q=beauty&author=Oscar%20Wilde,180,0,0
1782353859117,208,HTTP Request,200,OK,Author Query 5-7,text,true,,263,155,10,70,http://localhost:8080/search?q=beauty&author=Oscar%20Wilde,208,0,0
1782353859208,165,HTTP Request,200,OK,Author Query 5-9,text,true,,263,155,10,70,http://localhost:8080/search?q=beauty&author=Oscar%20Wilde,165,0,0
1782353859209,165,HTTP Request,200,OK,Author Query 5-2,text,true,,263,155,10,70,http://localhost:8080/search?q=beauty&author=Oscar%20Wilde,165,0,0
1782353859209,165,HTTP Request,200,OK,Author Query 5-5,text,true,,263,155,10,70,http://localhost:8080/search?q=beauty&author=Oscar%20Wilde,165,0,0
1782353859208,189,HTTP Request,200,OK,Author Query 5-10,text,true,,263,155,10,70,http://localhost:8080/search?q=beauty&author=Oscar%20Wilde,189,0,0
1782353859283,115,HTTP Request,200,OK,Author Query 5-3,text,true,,263,155,10,70,http://localhost:8080/search?q=beauty&author=Oscar%20Wilde,115,0,0
1782353859301,137,HTTP Request,200,OK,Author Query 5-4,text,true,,263,155,10,70,http://localhost:8080/search?q=beauty&author=Oscar%20Wilde,137,0,0
1782353859258,216,HTTP Request,200,OK,Author Query 5-6,text,true,,263,155,10,70,http://localhost:8080/search?q=beauty&author=Oscar%20Wilde,216,0,0
1782353859278,211,HTTP Request,200,OK,Author Query 5-1,text,true,,263,155,10,70,http://localhost:8080/search?q=beauty&author=Oscar%20Wilde,211,0,0
1782353859258,232,HTTP Request,200,OK,Author Query 5-8,text,true,,263,155,10,70,http://localhost:8080/search?q=beauty&author=Oscar%20Wilde,232,0,0
1782353859374,143,HTTP Request,200,OK,Author Query 5-5,text,true,,263,155,10,70,http://localhost:8080/search?q=beauty&author=Oscar%20Wilde,143,0,0
1782353859326,193,HTTP Request,200,OK,Author Query 5-7,text,true,,263,155,10,70,http://localhost:8080/search?q=beauty&author=Oscar%20Wilde,193,0,0
1782353859373,147,HTTP Request,200,OK,Author Query 5-9,text,true,,263,155,10,70,http://localhost:8080/search?q=beauty&author=Oscar%20Wilde,147,0,0
1782353859374,163,HTTP Request,200,OK,Author Query 5-2,text,true,,263,155,10,70,http://localhost:8080/search?q=beauty&author=Oscar%20Wilde,163,0,0
1782353859398,147,HTTP Request,200,OK,Author Query 5-3,text,true,,263,155,10,70,http://localhost:8080/search?q=beauty&author=Oscar%20Wilde,147,0,0
1782353859438,112,HTTP Request,200,OK,Author Query 5-4,text,true,,263,155,10,70,http://localhost:8080/search?q=beauty&author=Oscar%20Wilde,112,0,0
1782353859398,153,HTTP Request,200,OK,Author Query 5-10,text,true,,263,155,10,70,http://localhost:8080/search?q=beauty&author=Oscar%20Wilde,153,0,0
1782353859474,136,HTTP Request,200,OK,Author Query 5-6,text,true,,263,155,10,70,http://localhost:8080/search?q=beauty&author=Oscar%20Wilde,136,0,0
1782353859489,144,HTTP Request,200,OK,Author Query 5-1,text,true,,263,155,10,70,http://localhost:8080/search?q=beauty&author=Oscar%20Wilde,144,0,0
1782353859490,183,HTTP Request,200,OK,Author Query 5-8,text,true,,263,155,10,70,http://localhost:8080/search?q=beauty&author=Oscar%20Wilde,183,0,0
1782353859545,132,HTTP Request,200,OK,Author Query 5-3,text,true,,263,155,10,70,http://localhost:8080/search?q=beauty&author=Oscar%20Wilde,132,0,0
1782353859519,160,HTTP Request,200,OK,Author Query 5-7,text,true,,263,155,10,70,http://localhost:8080/search?q=beauty&author=Oscar%20Wilde,160,0,0
1782353859521,180,HTTP Request,200,OK,Author Query 5-9,text,true,,263,155,10,70,http://localhost:8080/search?q=beauty&author=Oscar%20Wilde,180,0,0
1782353859517,184,HTTP Request,200,OK,Author Query 5-5,text,true,,263,155,10,70,http://localhost:8080/search?q=beauty&author=Oscar%20Wilde,184,0,0
1782353859537,166,HTTP Request,200,OK,Author Query 5-2,text,true,,263,155,10,70,http://localhost:8080/search?q=beauty&author=Oscar%20Wilde,166,0,0
1782353859551,158,HTTP Request,200,OK,Author Query 5-4,text,true,,263,155,10,70,http://localhost:8080/search?q=beauty&author=Oscar%20Wilde,158,0,0
1782353859610,112,HTTP Request,200,OK,Author Query 5-6,text,true,,263,155,10,70,http://localhost:8080/search?q=beauty&author=Oscar%20Wilde,112,0,0
1782353859551,171,HTTP Request,200,OK,Author Query 5-10,text,true,,263,155,10,70,http://localhost:8080/search?q=beauty&author=Oscar%20Wilde,171,0,0
1782353859634,125,HTTP Request,200,OK,Author Query 5-1,text,true,,263,155,10,70,http://localhost:8080/search?q=beauty&author=Oscar%20Wilde,125,0,0
1782353859703,82,HTTP Request,200,OK,Author Query 5-2,text,true,,263,155,10,70,http://localhost:8080/search?q=beauty&author=Oscar%20Wilde,82,0,0
1782353859701,85,HTTP Request,200,OK,Author Query 5-5,text,true,,263,155,10,70,http://localhost:8080/search?q=beauty&author=Oscar%20Wilde,85,0,0
1782353859701,85,HTTP Request,200,OK,Author Query 5-9,text,true,,263,155,10,70,http://localhost:8080/search?q=beauty&author=Oscar%20Wilde,85,0,0
1782353859673,127,HTTP Request,200,OK,Author Query 5-8,text,true,,263,155,10,70,http://localhost:8080/search?q=beauty&author=Oscar%20Wilde,127,0,0
1782353859722,84,HTTP Request,200,OK,Author Query 5-6,text,true,,263,155,10,70,http://localhost:8080/search?q=beauty&author=Oscar%20Wilde,84,0,0
1782353859709,117,HTTP Request,200,OK,Author Query 5-4,text,true,,263,155,10,70,http://localhost:8080/search?q=beauty&author=Oscar%20Wilde,117,0,0
1782353859679,147,HTTP Request,200,OK,Author Query 5-7,text,true,,263,155,10,70,http://localhost:8080/search?q=beauty&author=Oscar%20Wilde,147,0,0
1782353859722,113,HTTP Request,200,OK,Author Query 5-10,text,true,,263,155,10,70,http://localhost:8080/search?q=beauty&author=Oscar%20Wilde,113,0,0
1782353859678,157,HTTP Request,200,OK,Author Query 5-3,text,true,,263,155,10,70,http://localhost:8080/search?q=beauty&author=Oscar%20Wilde,157,0,0
1782353859760,76,HTTP Request,200,OK,Author Query 5-1,text,true,,263,155,10,70,http://localhost:8080/search?q=beauty&author=Oscar%20Wilde,76,0,0
1782353859786,78,HTTP Request,200,OK,Author Query 5-5,text,true,,263,155,10,70,http://localhost:8080/search?q=beauty&author=Oscar%20Wilde,78,0,0
1782353859786,89,HTTP Request,200,OK,Author Query 5-2,text,true,,263,155,10,70,http://localhost:8080/search?q=beauty&author=Oscar%20Wilde,89,0,0
1782353859787,91,HTTP Request,200,OK,Author Query 5-9,text,true,,263,155,10,70,http://localhost:8080/search?q=beauty&author=Oscar%20Wilde,91,0,0
1782353859800,107,HTTP Request,200,OK,Author Query 5-8,text,true,,263,155,10,70,http://localhost:8080/search?q=beauty&author=Oscar%20Wilde,107,0,0
1782353859806,101,HTTP Request,200,OK,Author Query 5-6,text,true,,263,155,10,70,http://localhost:8080/search?q=beauty&author=Oscar%20Wilde,101,0,0
1782353859827,123,HTTP Request,200,OK,Author Query 5-4,text,true,,263,155,10,70,http://localhost:8080/search?q=beauty&author=Oscar%20Wilde,123,0,0
1782353859835,115,HTTP Request,200,OK,Author Query 5-10,text,true,,263,155,10,70,http://localhost:8080/search?q=beauty&author=Oscar%20Wilde,115,0,0
1782353859836,116,HTTP Request,200,OK,Author Query 5-3,text,true,,263,155,10,70,http://localhost:8080/search?q=beauty&author=Oscar%20Wilde,116,0,0
1782353859827,142,HTTP Request,200,OK,Author Query 5-7,text,true,,263,155,10,70,http://localhost:8080/search?q=beauty&author=Oscar%20Wilde,142,0,0
1782353859836,149,HTTP Request,200,OK,Author Query 5-1,text,true,,263,155,10,70,http://localhost:8080/search?q=beauty&author=Oscar%20Wilde,149,0,0
1782353859864,127,HTTP Request,200,OK,Author Query 5-5,text,true,,263,155,10,70,http://localhost:8080/search?q=beauty&author=Oscar%20Wilde,127,0,0
1782353859878,113,HTTP Request,200,OK,Author Query 5-9,text,true,,263,155,10,70,http://localhost:8080/search?q=beauty&author=Oscar%20Wilde,113,0,0
1782353859875,122,HTTP Request,200,OK,Author Query 5-2,text,true,,263,155,10,70,http://localhost:8080/search?q=beauty&author=Oscar%20Wilde,122,0,0
1782353859907,117,HTTP Request,200,OK,Author Query 5-6,text,true,,263,155,10,70,http://localhost:8080/search?q=beauty&author=Oscar%20Wilde,117,0,0
1782353859907,117,HTTP Request,200,OK,Author Query 5-8,text,true,,263,155,10,70,http://localhost:8080/search?q=beauty&author=Oscar%20Wilde,117,0,0
1782353859952,138,HTTP Request,200,OK,Author Query 5-3,text,true,,263,155,10,70,http://localhost:8080/search?q=beauty&author=Oscar%20Wilde,138,0,0
1782353859950,140,HTTP Request,200,OK,Author Query 5-4,text,true,,263,155,10,70,http://localhost:8080/search?q=beauty&author=Oscar%20Wilde,140,0,0
1782353859951,139,HTTP Request,200,OK,Author Query 5-10,text,true,,263,155,10,70,http://localhost:8080/search?q=beauty&author=Oscar%20Wilde,139,0,0
1782353860024,77,HTTP Request,200,OK,Author Query 5-8,text,true,,263,155,10,70,http://localhost:8080/search?q=beauty&author=Oscar%20Wilde,77,0,0
1782353860024,78,HTTP Request,200,OK,Author Query 5-6,text,true,,263,155,10,70,http://localhost:8080/search?q=beauty&author=Oscar%20Wilde,78,0,0
1782353859991,111,HTTP Request,200,OK,Author Query 5-9,text,true,,263,155,10,70,http://localhost:8080/search?q=beauty&author=Oscar%20Wilde,111,0,0
1782353859985,117,HTTP Request,200,OK,Author Query 5-1,text,true,,263,155,10,70,http://localhost:8080/search?q=beauty&author=Oscar%20Wilde,117,0,0
1782353859970,132,HTTP Request,200,OK,Author Query 5-7,text,true,,263,155,10,70,http://localhost:8080/search?q=beauty&author=Oscar%20Wilde,132,0,0
1782353859991,161,HTTP Request,200,OK,Author Query 5-5,text,true,,263,155,10,70,http://localhost:8080/search?q=beauty&author=Oscar%20Wilde,161,0,0
1782353859998,154,HTTP Request,200,OK,Author Query 5-2,text,true,,263,155,10,70,http://localhost:8080/search?q=beauty&author=Oscar%20Wilde,154,0,0
1782353860102,73,HTTP Request,200,OK,Author Query 5-1,text,true,,263,155,10,70,http://localhost:8080/search?q=beauty&author=Oscar%20Wilde,73,0,0
1782353860102,73,HTTP Request,200,OK,Author Query 5-6,text,true,,263,155,10,70,http://localhost:8080/search?q=beauty&author=Oscar%20Wilde,73,0,0
1782353860101,74,HTTP Request,200,OK,Author Query 5-8,text,true,,263,155,10,70,http://localhost:8080/search?q=beauty&author=Oscar%20Wilde,74,0,0
1782353860102,75,HTTP Request,200,OK,Author Query 5-9,text,true,,263,155,10,70,http://localhost:8080/search?q=beauty&author=Oscar%20Wilde,75,0,0
1782353860102,76,HTTP Request,200,OK,Author Query 5-7,text,true,,263,155,10,70,http://localhost:8080/search?q=beauty&author=Oscar%20Wilde,76,0,0
1782353860090,121,HTTP Request,200,OK,Author Query 5-4,text,true,,263,155,10,70,http://localhost:8080/search?q=beauty&author=Oscar%20Wilde,121,0,0
1782353860090,126,HTTP Request,200,OK,Author Query 5-3,text,true,,263,155,10,70,http://localhost:8080/search?q=beauty&author=Oscar%20Wilde,126,0,0
1782353860090,140,HTTP Request,200,OK,Author Query 5-10,text,true,,263,155,10,70,http://localhost:8080/search?q=beauty&author=Oscar%20Wilde,140,0,0
1782353860178,108,HTTP Request,200,OK,Author Query 5-7,text,true,,263,155,10,70,http://localhost:8080/search?q=beauty&author=Oscar%20Wilde,108,0,0
1782353860175,116,HTTP Request,200,OK,Author Query 5-8,text,true,,263,155,10,70,http://localhost:8080/search?q=beauty&author=Oscar%20Wilde,116,0,0
1782353860177,114,HTTP Request,200,OK,Author Query 5-9,text,true,,263,155,10,70,http://localhost:8080/search?q=beauty&author=Oscar%20Wilde,114,0,0
1782353860175,116,HTTP Request,200,OK,Author Query 5-1,text,true,,263,155,10,70,http://localhost:8080/search?q=beauty&author=Oscar%20Wilde,116,0,0
1782353860175,116,HTTP Request,200,OK,Author Query 5-6,text,true,,263,155,10,70,http://localhost:8080/search?q=beauty&author=Oscar%20Wilde,116,0,0
1782353860211,104,HTTP Request,200,OK,Author Query 5-4,text,true,,263,155,10,70,http://localhost:8080/search?q=beauty&author=Oscar%20Wilde,104,0,0
1782353860152,166,HTTP Request,200,OK,Author Query 5-5,text,true,,263,155,10,70,http://localhost:8080/search?q=beauty&author=Oscar%20Wilde,166,0,0
1782353860152,183,HTTP Request,200,OK,Author Query 5-2,text,true,,263,155,10,70,http://localhost:8080/search?q=beauty&author=Oscar%20Wilde,183,0,0
1782353860216,140,HTTP Request,200,OK,Author Query 5-3,text,true,,263,155,10,70,http://localhost:8080/search?q=beauty&author=Oscar%20Wilde,140,0,0
1782353860230,127,HTTP Request,200,OK,Author Query 5-10,text,true,,263,155,10,70,http://localhost:8080/search?q=beauty&author=Oscar%20Wilde,127,0,0
1782353860315,115,HTTP Request,200,OK,Author Query 5-4,text,true,,263,155,10,70,http://localhost:8080/search?q=beauty&author=Oscar%20Wilde,115,0,0
1782353860291,139,HTTP Request,200,OK,Author Query 5-8,text,true,,263,155,10,70,http://localhost:8080/search?q=beauty&author=Oscar%20Wilde,139,0,0
1782353860292,139,HTTP Request,200,OK,Author Query 5-9,text,true,,263,155,10,70,http://localhost:8080/search?q=beauty&author=Oscar%20Wilde,139,0,0
1782353860286,145,HTTP Request,200,OK,Author Query 5-7,text,true,,263,155,10,70,http://localhost:8080/search?q=beauty&author=Oscar%20Wilde,145,0,0
1782353860292,141,HTTP Request,200,OK,Author Query 5-6,text,true,,263,155,10,70,http://localhost:8080/search?q=beauty&author=Oscar%20Wilde,141,0,0
1782353860319,119,HTTP Request,200,OK,Author Query 5-5,text,true,,263,155,10,70,http://localhost:8080/search?q=beauty&author=Oscar%20Wilde,119,0,0
1782353860292,151,HTTP Request,200,OK,Author Query 5-1,text,true,,263,155,10,70,http://localhost:8080/search?q=beauty&author=Oscar%20Wilde,151,0,0
1782353860357,94,HTTP Request,200,OK,Author Query 5-3,text,true,,263,155,10,70,http://localhost:8080/search?q=beauty&author=Oscar%20Wilde,94,0,0
1782353860335,118,HTTP Request,200,OK,Author Query 5-2,text,true,,263,155,10,70,http://localhost:8080/search?q=beauty&author=Oscar%20Wilde,118,0,0
1782353860357,139,HTTP Request,200,OK,Author Query 5-10,text,true,,263,155,10,70,http://localhost:8080/search?q=beauty&author=Oscar%20Wilde,139,0,0
1782353860430,76,HTTP Request,200,OK,Author Query 5-4,text,true,,263,155,10,70,http://localhost:8080/search?q=beauty&author=Oscar%20Wilde,76,0,0
1782353860431,86,HTTP Request,200,OK,Author Query 5-9,text,true,,263,155,10,70,http://localhost:8080/search?q=beauty&author=Oscar%20Wilde,86,0,0
1782353860431,89,HTTP Request,200,OK,Author Query 5-8,text,true,,263,155,10,70,http://localhost:8080/search?q=beauty&author=Oscar%20Wilde,89,0,0
1782353860433,88,HTTP Request,200,OK,Author Query 5-6,text,true,,263,155,10,70,http://localhost:8080/search?q=beauty&author=Oscar%20Wilde,88,0,0
1782353860432,89,HTTP Request,200,OK,Author Query 5-7,text,true,,263,155,10,70,http://localhost:8080/search?q=beauty&author=Oscar%20Wilde,89,0,0
1782353860439,98,HTTP Request,200,OK,Author Query 5-5,text,true,,263,155,10,70,http://localhost:8080/search?q=beauty&author=Oscar%20Wilde,98,0,0
1782353860444,130,HTTP Request,200,OK,Author Query 5-1,text,true,,263,155,10,70,http://localhost:8080/search?q=beauty&author=Oscar%20Wilde,130,0,0
1782353860453,122,HTTP Request,200,OK,Author Query 5-2,text,true,,263,155,10,70,http://localhost:8080/search?q=beauty&author=Oscar%20Wilde,122,0,0
1782353860452,137,HTTP Request,200,OK,Author Query 5-3,text,true,,263,155,10,70,http://localhost:8080/search?q=beauty&author=Oscar%20Wilde,137,0,0
1782353860517,85,HTTP Request,200,OK,Author Query 5-9,text,true,,263,155,10,70,http://localhost:8080/search?q=beauty&author=Oscar%20Wilde,85,0,0
1782353860497,106,HTTP Request,200,OK,Author Query 5-10,text,true,,263,155,10,70,http://localhost:8080/search?q=beauty&author=Oscar%20Wilde,106,0,0
1782353860521,91,HTTP Request,200,OK,Author Query 5-6,text,true,,263,155,10,70,http://localhost:8080/search?q=beauty&author=Oscar%20Wilde,91,0,0
1782353860521,91,HTTP Request,200,OK,Author Query 5-7,text,true,,263,155,10,70,http://localhost:8080/search?q=beauty&author=Oscar%20Wilde,91,0,0
1782353860521,102,HTTP Request,200,OK,Author Query 5-8,text,true,,263,155,10,70,http://localhost:8080/search?q=beauty&author=Oscar%20Wilde,102,0,0
1782353860506,118,HTTP Request,200,OK,Author Query 5-4,text,true,,263,155,10,70,http://localhost:8080/search?q=beauty&author=Oscar%20Wilde,118,0,0
1782353860537,98,HTTP Request,200,OK,Author Query 5-5,text,true,,263,155,10,70,http://localhost:8080/search?q=beauty&author=Oscar%20Wilde,98,0,0
1782353860575,83,HTTP Request,200,OK,Author Query 5-2,text,true,,263,155,10,70,http://localhost:8080/search?q=beauty&author=Oscar%20Wilde,83,0,0
1782353860574,84,HTTP Request,200,OK,Author Query 5-1,text,true,,263,155,10,70,http://localhost:8080/search?q=beauty&author=Oscar%20Wilde,84,0,0
1782353860589,86,HTTP Request,200,OK,Author Query 5-3,text,true,,263,155,10,70,http://localhost:8080/search?q=beauty&author=Oscar%20Wilde,86,0,0
1782353860602,73,HTTP Request,200,OK,Author Query 5-9,text,true,,263,155,10,70,http://localhost:8080/search?q=beauty&author=Oscar%20Wilde,73,0,0
1782353860604,99,HTTP Request,200,OK,Author Query 5-10,text,true,,263,155,10,70,http://localhost:8080/search?q=beauty&author=Oscar%20Wilde,99,0,0
1782353860623,82,HTTP Request,200,OK,Author Query 5-8,text,true,,263,155,10,70,http://localhost:8080/search?q=beauty&author=Oscar%20Wilde,82,0,0
1782353860624,82,HTTP Request,200,OK,Author Query 5-4,text,true,,263,155,10,70,http://localhost:8080/search?q=beauty&author=Oscar%20Wilde,82,0,0
1782353860612,112,HTTP Request,200,OK,Author Query 5-7,text,true,,263,155,10,70,http://localhost:8080/search?q=beauty&author=Oscar%20Wilde,112,0,0
1782353860612,118,HTTP Request,200,OK,Author Query 5-6,text,true,,263,155,10,70,http://localhost:8080/search?q=beauty&author=Oscar%20Wilde,118,0,0
1782353860675,103,HTTP Request,200,OK,Author Query 5-3,text,true,,263,155,10,70,http://localhost:8080/search?q=beauty&author=Oscar%20Wilde,103,0,0
1782353860675,103,HTTP Request,200,OK,Author Query 5-9,text,true,,263,155,10,70,http://localhost:8080/search?q=beauty&author=Oscar%20Wilde,103,0,0
1782353860705,73,HTTP Request,200,OK,Author Query 5-8,text,true,,263,155,10,70,http://localhost:8080/search?q=beauty&author=Oscar%20Wilde,73,0,0
1782353860703,76,HTTP Request,200,OK,Author Query 5-10,text,true,,263,155,10,70,http://localhost:8080/search?q=beauty&author=Oscar%20Wilde,76,0,0
1782353860658,132,HTTP Request,200,OK,Author Query 5-2,text,true,,263,155,10,70,http://localhost:8080/search?q=beauty&author=Oscar%20Wilde,132,0,0
1782353860658,132,HTTP Request,200,OK,Author Query 5-1,text,true,,263,155,10,70,http://localhost:8080/search?q=beauty&author=Oscar%20Wilde,132,0,0
1782353860636,154,HTTP Request,200,OK,Author Query 5-5,text,true,,263,155,10,70,http://localhost:8080/search?q=beauty&author=Oscar%20Wilde,154,0,0
1782353860706,104,HTTP Request,200,OK,Author Query 5-4,text,true,,263,155,10,70,http://localhost:8080/search?q=beauty&author=Oscar%20Wilde,104,0,0
1782353860731,132,HTTP Request,200,OK,Author Query 5-6,text,true,,263,155,10,70,http://localhost:8080/search?q=beauty&author=Oscar%20Wilde,132,0,0
1782353860725,144,HTTP Request,200,OK,Author Query 5-7,text,true,,263,155,10,70,http://localhost:8080/search?q=beauty&author=Oscar%20Wilde,144,0,0
1782353860791,108,HTTP Request,200,OK,Author Query 5-1,text,true,,263,155,10,70,http://localhost:8080/search?q=beauty&author=Oscar%20Wilde,108,0,0
1782353860791,109,HTTP Request,200,OK,Author Query 5-5,text,true,,263,155,10,70,http://localhost:8080/search?q=beauty&author=Oscar%20Wilde,109,0,0
1782353860791,109,HTTP Request,200,OK,Author Query 5-2,text,true,,263,155,10,70,http://localhost:8080/search?q=beauty&author=Oscar%20Wilde,109,0,0
1782353860779,122,HTTP Request,200,OK,Author Query 5-10,text,true,,263,155,10,70,http://localhost:8080/search?q=beauty&author=Oscar%20Wilde,122,0,0
1782353860778,140,HTTP Request,200,OK,Author Query 5-3,text,true,,263,155,10,70,http://localhost:8080/search?q=beauty&author=Oscar%20Wilde,140,0,0
1782353860778,141,HTTP Request,200,OK,Author Query 5-8,text,true,,263,155,10,70,http://localhost:8080/search?q=beauty&author=Oscar%20Wilde,141,0,0
1782353860778,143,HTTP Request,200,OK,Author Query 5-9,text,true,,263,155,10,70,http://localhost:8080/search?q=beauty&author=Oscar%20Wilde,143,0,0
1782353860810,114,HTTP Request,200,OK,Author Query 5-4,text,true,,263,155,10,70,http://localhost:8080/search?q=beauty&author=Oscar%20Wilde,114,0,0
1782353860869,94,HTTP Request,200,OK,Author Query 5-7,text,true,,263,155,10,70,http://localhost:8080/search?q=beauty&author=Oscar%20Wilde,94,0,0
1782353860863,132,HTTP Request,200,OK,Author Query 5-6,text,true,,263,155,10,70,http://localhost:8080/search?q=beauty&author=Oscar%20Wilde,132,0,0
1782353860922,82,HTTP Request,200,OK,Author Query 5-9,text,true,,263,155,10,70,http://localhost:8080/search?q=beauty&author=Oscar%20Wilde,82,0,0
1782353860899,107,HTTP Request,200,OK,Author Query 5-1,text,true,,263,155,10,70,http://localhost:8080/search?q=beauty&author=Oscar%20Wilde,107,0,0
1782353860900,106,HTTP Request,200,OK,Author Query 5-5,text,true,,263,155,10,70,http://localhost:8080/search?q=beauty&author=Oscar%20Wilde,106,0,0
1782353860901,105,HTTP Request,200,OK,Author Query 5-10,text,true,,263,155,10,70,http://localhost:8080/search?q=beauty&author=Oscar%20Wilde,105,0,0
1782353860900,107,HTTP Request,200,OK,Author Query 5-2,text,true,,263,155,10,70,http://localhost:8080/search?q=beauty&author=Oscar%20Wilde,107,0,0
1782353860919,100,HTTP Request,200,OK,Author Query 5-3,text,true,,263,155,10,70,http://localhost:8080/search?q=beauty&author=Oscar%20Wilde,100,0,0
1782353860920,117,HTTP Request,200,OK,Author Query 5-8,text,true,,263,155,10,70,http://localhost:8080/search?q=beauty&author=Oscar%20Wilde,117,0,0
1782353860924,113,HTTP Request,200,OK,Author Query 5-4,text,true,,263,155,10,70,http://localhost:8080/search?q=beauty&author=Oscar%20Wilde,113,0,0
1782353860963,98,HTTP Request,200,OK,Author Query 5-7,text,true,,263,155,10,70,http://localhost:8080/search?q=beauty&author=Oscar%20Wilde,98,0,0
1782353860995,95,HTTP Request,200,OK,Author Query 5-6,text,true,,263,155,10,70,http://localhost:8080/search?q=beauty&author=Oscar%20Wilde,95,0,0
1782353861004,135,HTTP Request,200,OK,Author Query 5-9,text,true,,263,155,10,70,http://localhost:8080/search?q=beauty&author=Oscar%20Wilde,135,0,0
1782353861037,119,HTTP Request,200,OK,Author Query 5-4,text,true,,263,155,10,70,http://localhost:8080/search?q=beauty&author=Oscar%20Wilde,119,0,0
1782353861006,150,HTTP Request,200,OK,Author Query 5-10,text,true,,263,155,10,70,http://localhost:8080/search?q=beauty&author=Oscar%20Wilde,150,0,0
1782353861006,160,HTTP Request,200,OK,Author Query 5-5,text,true,,263,155,10,70,http://localhost:8080/search?q=beauty&author=Oscar%20Wilde,160,0,0
1782353861007,160,HTTP Request,200,OK,Author Query 5-2,text,true,,263,155,10,70,http://localhost:8080/search?q=beauty&author=Oscar%20Wilde,160,0,0
1782353861006,162,HTTP Request,200,OK,Author Query 5-1,text,true,,263,155,10,70,http://localhost:8080/search?q=beauty&author=Oscar%20Wilde,162,0,0
1782353861019,163,HTTP Request,200,OK,Author Query 5-3,text,true,,263,155,10,70,http://localhost:8080/search?q=beauty&author=Oscar%20Wilde,163,0,0
1782353861037,167,HTTP Request,200,OK,Author Query 5-8,text,true,,263,155,10,70,http://localhost:8080/search?q=beauty&author=Oscar%20Wilde,167,0,0
1782353861062,162,HTTP Request,200,OK,Author Query 5-7,text,true,,263,155,10,70,http://localhost:8080/search?q=beauty&author=Oscar%20Wilde,162,0,0
1782353861091,142,HTTP Request,200,OK,Author Query 5-6,text,true,,263,155,10,70,http://localhost:8080/search?q=beauty&author=Oscar%20Wilde,142,0,0
1782353861140,109,HTTP Request,200,OK,Author Query 5-9,text,true,,263,155,10,70,http://localhost:8080/search?q=beauty&author=Oscar%20Wilde,109,0,0
1782353861156,113,HTTP Request,200,OK,Author Query 5-4,text,true,,263,155,10,70,http://localhost:8080/search?q=beauty&author=Oscar%20Wilde,113,0,0
1782353861157,120,HTTP Request,200,OK,Author Query 5-10,text,true,,263,155,10,70,http://localhost:8080/search?q=beauty&author=Oscar%20Wilde,120,0,0
1782353861166,112,HTTP Request,200,OK,Author Query 5-5,text,true,,263,155,10,70,http://localhost:8080/search?q=beauty&author=Oscar%20Wilde,112,0,0
1782353861182,100,HTTP Request,200,OK,Author Query 5-3,text,true,,263,155,10,70,http://localhost:8080/search?q=beauty&author=Oscar%20Wilde,100,0,0
1782353861168,165,HTTP Request,200,OK,Author Query 5-1,text,true,,263,155,10,70,http://localhost:8080/search?q=beauty&author=Oscar%20Wilde,165,0,0
1782353861167,187,HTTP Request,200,OK,Author Query 5-2,text,true,,263,155,10,70,http://localhost:8080/search?q=beauty&author=Oscar%20Wilde,187,0,0
1782353861205,164,HTTP Request,200,OK,Author Query 5-8,text,true,,263,155,10,70,http://localhost:8080/search?q=beauty&author=Oscar%20Wilde,164,0,0
1782353861224,146,HTTP Request,200,OK,Author Query 5-7,text,true,,263,155,10,70,http://localhost:8080/search?q=beauty&author=Oscar%20Wilde,146,0,0
1782353861233,169,HTTP Request,200,OK,Author Query 5-6,text,true,,263,155,10,70,http://localhost:8080/search?q=beauty&author=Oscar%20Wilde,169,0,0
1782353861250,152,HTTP Request,200,OK,Author Query 5-9,text,true,,263,155,10,70,http://localhost:8080/search?q=beauty&author=Oscar%20Wilde,152,0,0
1782353861270,176,HTTP Request,200,OK,Author Query 5-4,text,true,,263,155,10,70,http://localhost:8080/search?q=beauty&author=Oscar%20Wilde,176,0,0
1782353861279,180,HTTP Request,200,OK,Author Query 5-5,text,true,,263,155,10,70,http://localhost:8080/search?q=beauty&author=Oscar%20Wilde,180,0,0
1782353861283,178,HTTP Request,200,OK,Author Query 5-3,text,true,,263,155,10,70,http://localhost:8080/search?q=beauty&author=Oscar%20Wilde,178,0,0
1782353861278,185,HTTP Request,200,OK,Author Query 5-10,text,true,,263,155,10,70,http://localhost:8080/search?q=beauty&author=Oscar%20Wilde,185,0,0
1782353861370,137,HTTP Request,200,OK,Author Query 5-7,text,true,,263,155,10,70,http://localhost:8080/search?q=beauty&author=Oscar%20Wilde,137,0,0
1782353861354,153,HTTP Request,200,OK,Author Query 5-2,text,true,,263,155,10,70,http://localhost:8080/search?q=beauty&author=Oscar%20Wilde,153,0,0
1782353861369,138,HTTP Request,200,OK,Author Query 5-8,text,true,,263,155,10,70,http://localhost:8080/search?q=beauty&author=Oscar%20Wilde,138,0,0
1782353861402,150,HTTP Request,200,OK,Author Query 5-9,text,true,,263,155,10,70,http://localhost:8080/search?q=beauty&author=Oscar%20Wilde,150,0,0
1782353861334,219,HTTP Request,200,OK,Author Query 5-1,text,true,,263,155,10,70,http://localhost:8080/search?q=beauty&author=Oscar%20Wilde,219,0,0
1782353861463,137,HTTP Request,200,OK,Author Query 5-10,text,true,,263,155,10,70,http://localhost:8080/search?q=beauty&author=Oscar%20Wilde,137,0,0
1782353861446,155,HTTP Request,200,OK,Author Query 5-4,text,true,,263,155,10,70,http://localhost:8080/search?q=beauty&author=Oscar%20Wilde,155,0,0
1782353861462,140,HTTP Request,200,OK,Author Query 5-3,text,true,,263,155,10,70,http://localhost:8080/search?q=beauty&author=Oscar%20Wilde,140,0,0
1782353861459,146,HTTP Request,200,OK,Author Query 5-5,text,true,,263,155,10,70,http://localhost:8080/search?q=beauty&author=Oscar%20Wilde,146,0,0
1782353861402,217,HTTP Request,200,OK,Author Query 5-6,text,true,,263,155,10,70,http://localhost:8080/search?q=beauty&author=Oscar%20Wilde,217,0,0
1782353861507,157,HTTP Request,200,OK,Author Query 5-7,text,true,,263,155,10,70,http://localhost:8080/search?q=beauty&author=Oscar%20Wilde,157,0,0
1782353861507,160,HTTP Request,200,OK,Author Query 5-8,text,true,,263,155,10,70,http://localhost:8080/search?q=beauty&author=Oscar%20Wilde,160,0,0
1782353861507,163,HTTP Request,200,OK,Author Query 5-2,text,true,,263,155,10,70,http://localhost:8080/search?q=beauty&author=Oscar%20Wilde,163,0,0
1782353861553,219,HTTP Request,200,OK,Author Query 5-1,text,true,,263,155,10,70,http://localhost:8080/search?q=beauty&author=Oscar%20Wilde,219,0,0
1782353861605,168,HTTP Request,200,OK,Author Query 5-5,text,true,,263,155,10,70,http://localhost:8080/search?q=beauty&author=Oscar%20Wilde,168,0,0
1782353861620,153,HTTP Request,200,OK,Author Query 5-6,text,true,,263,155,10,70,http://localhost:8080/search?q=beauty&author=Oscar%20Wilde,153,0,0
1782353861601,173,HTTP Request,200,OK,Author Query 5-10,text,true,,263,155,10,70,http://localhost:8080/search?q=beauty&author=Oscar%20Wilde,173,0,0
1782353861552,223,HTTP Request,200,OK,Author Query 5-9,text,true,,263,155,10,70,http://localhost:8080/search?q=beauty&author=Oscar%20Wilde,223,0,0
1782353861602,180,HTTP Request,200,OK,Author Query 5-3,text,true,,263,155,10,70,http://localhost:8080/search?q=beauty&author=Oscar%20Wilde,180,0,0
1782353861601,191,HTTP Request,200,OK,Author Query 5-4,text,true,,263,155,10,70,http://localhost:8080/search?q=beauty&author=Oscar%20Wilde,191,0,0
1782353861665,168,HTTP Request,200,OK,Author Query 5-7,text,true,,263,155,10,70,http://localhost:8080/search?q=beauty&author=Oscar%20Wilde,168,0,0
1782353861670,168,HTTP Request,200,OK,Author Query 5-2,text,true,,263,155,10,70,http://localhost:8080/search?q=beauty&author=Oscar%20Wilde,168,0,0
1782353861667,174,HTTP Request,200,OK,Author Query 5-8,text,true,,263,155,10,70,http://localhost:8080/search?q=beauty&author=Oscar%20Wilde,174,0,0
1782353861773,77,HTTP Request,200,OK,Author Query 5-6,text,true,,263,155,10,70,http://localhost:8080/search?q=beauty&author=Oscar%20Wilde,77,0,0
1782353861773,92,HTTP Request,200,OK,Author Query 5-5,text,true,,263,155,10,70,http://localhost:8080/search?q=beauty&author=Oscar%20Wilde,92,0,0
1782353861792,74,HTTP Request,200,OK,Author Query 5-4,text,true,,263,155,10,70,http://localhost:8080/search?q=beauty&author=Oscar%20Wilde,74,0,0
1782353861772,100,HTTP Request,200,OK,Author Query 5-1,text,true,,263,155,10,70,http://localhost:8080/search?q=beauty&author=Oscar%20Wilde,100,0,0
1782353861774,104,HTTP Request,200,OK,Author Query 5-10,text,true,,263,155,10,70,http://localhost:8080/search?q=beauty&author=Oscar%20Wilde,104,0,0
1782353861775,103,HTTP Request,200,OK,Author Query 5-9,text,true,,263,155,10,70,http://localhost:8080/search?q=beauty&author=Oscar%20Wilde,103,0,0
1782353861782,109,HTTP Request,200,OK,Author Query 5-3,text,true,,263,155,10,70,http://localhost:8080/search?q=beauty&author=Oscar%20Wilde,109,0,0
1782353861838,91,HTTP Request,200,OK,Author Query 5-2,text,true,,263,155,10,70,http://localhost:8080/search?q=beauty&author=Oscar%20Wilde,91,0,0
1782353861834,96,HTTP Request,200,OK,Author Query 5-7,text,true,,263,155,10,70,http://localhost:8080/search?q=beauty&author=Oscar%20Wilde,96,0,0
1782353861850,80,HTTP Request,200,OK,Author Query 5-6,text,true,,263,155,10,70,http://localhost:8080/search?q=beauty&author=Oscar%20Wilde,80,0,0
1782353861841,106,HTTP Request,200,OK,Author Query 5-8,text,true,,263,155,10,70,http://localhost:8080/search?q=beauty&author=Oscar%20Wilde,106,0,0
1782353861872,99,HTTP Request,200,OK,Author Query 5-1,text,true,,263,155,10,70,http://localhost:8080/search?q=beauty&author=Oscar%20Wilde,99,0,0
1782353861866,107,HTTP Request,200,OK,Author Query 5-4,text,true,,263,155,10,70,http://localhost:8080/search?q=beauty&author=Oscar%20Wilde,107,0,0
1782353861865,109,HTTP Request,200,OK,Author Query 5-5,text,true,,263,155,10,70,http://localhost:8080/search?q=beauty&author=Oscar%20Wilde,109,0,0
1782353861878,118,HTTP Request,200,OK,Author Query 5-9,text,true,,263,155,10,70,http://localhost:8080/search?q=beauty&author=Oscar%20Wilde,118,0,0
1782353861891,105,HTTP Request,200,OK,Author Query 5-3,text,true,,263,155,10,70,http://localhost:8080/search?q=beauty&author=Oscar%20Wilde,105,0,0
1782353861878,136,HTTP Request,200,OK,Author Query 5-10,text,true,,263,155,10,70,http://localhost:8080/search?q=beauty&author=Oscar%20Wilde,136,0,0
1782353861930,106,HTTP Request,200,OK,Author Query 5-6,text,true,,263,155,10,70,http://localhost:8080/search?q=beauty&author=Oscar%20Wilde,106,0,0
1782353861929,115,HTTP Request,200,OK,Author Query 5-2,text,true,,263,155,10,70,http://localhost:8080/search?q=beauty&author=Oscar%20Wilde,115,0,0
1782353861971,89,HTTP Request,200,OK,Author Query 5-1,text,true,,263,155,10,70,http://localhost:8080/search?q=beauty&author=Oscar%20Wilde,89,0,0
1782353861948,116,HTTP Request,200,OK,Author Query 5-8,text,true,,263,155,10,70,http://localhost:8080/search?q=beauty&author=Oscar%20Wilde,116,0,0
1782353861930,134,HTTP Request,200,OK,Author Query 5-7,text,true,,263,155,10,70,http://localhost:8080/search?q=beauty&author=Oscar%20Wilde,134,0,0
1782353861974,93,HTTP Request,200,OK,Author Query 5-4,text,true,,263,155,10,70,http://localhost:8080/search?q=beauty&author=Oscar%20Wilde,93,0,0
1782353861974,93,HTTP Request,200,OK,Author Query 5-5,text,true,,263,155,10,70,http://localhost:8080/search?q=beauty&author=Oscar%20Wilde,93,0,0
1782353861996,117,HTTP Request,200,OK,Author Query 5-9,text,true,,263,155,10,70,http://localhost:8080/search?q=beauty&author=Oscar%20Wilde,116,0,0
1782353861997,146,HTTP Request,200,OK,Author Query 5-3,text,true,,263,155,10,70,http://localhost:8080/search?q=beauty&author=Oscar%20Wilde,146,0,0
1782353862061,123,HTTP Request,200,OK,Author Query 5-1,text,true,,263,155,10,70,http://localhost:8080/search?q=beauty&author=Oscar%20Wilde,123,0,0
1782353862036,150,HTTP Request,200,OK,Author Query 5-6,text,true,,263,155,10,70,http://localhost:8080/search?q=beauty&author=Oscar%20Wilde,150,0,0
1782353862044,143,HTTP Request,200,OK,Author Query 5-2,text,true,,263,155,10,70,http://localhost:8080/search?q=beauty&author=Oscar%20Wilde,143,0,0
1782353862015,180,HTTP Request,200,OK,Author Query 5-10,text,true,,263,155,10,70,http://localhost:8080/search?q=beauty&author=Oscar%20Wilde,180,0,0
1782353862113,90,HTTP Request,200,OK,Author Query 5-9,text,true,,263,155,10,70,http://localhost:8080/search?q=beauty&author=Oscar%20Wilde,90,0,0
1782353862064,140,HTTP Request,200,OK,Author Query 5-8,text,true,,263,155,10,70,http://localhost:8080/search?q=beauty&author=Oscar%20Wilde,140,0,0
1782353862067,163,HTTP Request,200,OK,Author Query 5-4,text,true,,263,155,10,70,http://localhost:8080/search?q=beauty&author=Oscar%20Wilde,163,0,0
1782353862143,105,HTTP Request,200,OK,Author Query 5-3,text,true,,263,155,10,70,http://localhost:8080/search?q=beauty&author=Oscar%20Wilde,105,0,0
1782353862068,195,HTTP Request,200,OK,Author Query 5-5,text,true,,263,155,10,70,http://localhost:8080/search?q=beauty&author=Oscar%20Wilde,195,0,0
1782353862064,201,HTTP Request,200,OK,Author Query 5-7,text,true,,263,155,10,70,http://localhost:8080/search?q=beauty&author=Oscar%20Wilde,201,0,0
1782353862187,184,HTTP Request,200,OK,Author Query 5-2,text,true,,263,155,10,70,http://localhost:8080/search?q=beauty&author=Oscar%20Wilde,184,0,0
1782353862186,224,HTTP Request,200,OK,Author Query 5-6,text,true,,263,155,10,70,http://localhost:8080/search?q=beauty&author=Oscar%20Wilde,224,0,0
1782353862204,211,HTTP Request,200,OK,Author Query 5-8,text,true,,263,155,10,70,http://localhost:8080/search?q=beauty&author=Oscar%20Wilde,211,0,0
1782353862185,230,HTTP Request,200,OK,Author Query 5-1,text,true,,263,155,10,70,http://localhost:8080/search?q=beauty&author=Oscar%20Wilde,230,0,0
1782353862196,221,HTTP Request,200,OK,Author Query 5-10,text,true,,263,155,10,70,http://localhost:8080/search?q=beauty&author=Oscar%20Wilde,221,0,0
1782353862230,207,HTTP Request,200,OK,Author Query 5-4,text,true,,263,155,10,70,http://localhost:8080/search?q=beauty&author=Oscar%20Wilde,207,0,0
1782353862203,277,HTTP Request,200,OK,Author Query 5-9,text,true,,263,155,10,70,http://localhost:8080/search?q=beauty&author=Oscar%20Wilde,277,0,0
1782353862248,240,HTTP Request,200,OK,Author Query 5-3,text,true,,263,155,10,70,http://localhost:8080/search?q=beauty&author=Oscar%20Wilde,240,0,0
1782353862266,242,HTTP Request,200,OK,Author Query 5-7,text,true,,263,155,10,70,http://localhost:8080/search?q=beauty&author=Oscar%20Wilde,242,0,0
1782353862372,167,HTTP Request,200,OK,Author Query 5-2,text,true,,263,155,10,70,http://localhost:8080/search?q=beauty&author=Oscar%20Wilde,167,0,0
1782353862411,128,HTTP Request,200,OK,Author Query 5-6,text,true,,263,155,10,70,http://localhost:8080/search?q=beauty&author=Oscar%20Wilde,128,0,0
1782353862418,130,HTTP Request,200,OK,Author Query 5-10,text,true,,263,155,10,70,http://localhost:8080/search?q=beauty&author=Oscar%20Wilde,130,0,0
1782353862263,285,HTTP Request,200,OK,Author Query 5-5,text,true,,263,155,10,70,http://localhost:8080/search?q=beauty&author=Oscar%20Wilde,285,0,0
1782353862415,134,HTTP Request,200,OK,Author Query 5-1,text,true,,263,155,10,70,http://localhost:8080/search?q=beauty&author=Oscar%20Wilde,134,0,0
1782353862415,153,HTTP Request,200,OK,Author Query 5-8,text,true,,263,155,10,70,http://localhost:8080/search?q=beauty&author=Oscar%20Wilde,153,0,0
1782353862437,196,HTTP Request,200,OK,Author Query 5-4,text,true,,263,155,10,70,http://localhost:8080/search?q=beauty&author=Oscar%20Wilde,196,0,0
1782353862480,170,HTTP Request,200,OK,Author Query 5-9,text,true,,263,155,10,70,http://localhost:8080/search?q=beauty&author=Oscar%20Wilde,170,0,0
1782353862489,170,HTTP Request,200,OK,Author Query 5-3,text,true,,263,155,10,70,http://localhost:8080/search?q=beauty&author=Oscar%20Wilde,170,0,0
1782353862540,132,HTTP Request,200,OK,Author Query 5-6,text,true,,263,155,10,70,http://localhost:8080/search?q=beauty&author=Oscar%20Wilde,132,0,0
1782353862508,167,HTTP Request,200,OK,Author Query 5-7,text,true,,263,155,10,70,http://localhost:8080/search?q=beauty&author=Oscar%20Wilde,167,0,0
1782353862539,136,HTTP Request,200,OK,Author Query 5-2,text,true,,263,155,10,70,http://localhost:8080/search?q=beauty&author=Oscar%20Wilde,136,0,0
1782353862549,127,HTTP Request,200,OK,Author Query 5-5,text,true,,263,155,10,70,http://localhost:8080/search?q=beauty&author=Oscar%20Wilde,127,0,0
1782353862549,127,HTTP Request,200,OK,Author Query 5-1,text,true,,263,155,10,70,http://localhost:8080/search?q=beauty&author=Oscar%20Wilde,127,0,0
1782353862568,108,HTTP Request,200,OK,Author Query 5-8,text,true,,263,155,10,70,http://localhost:8080/search?q=beauty&author=Oscar%20Wilde,108,0,0
1782353862548,128,HTTP Request,200,OK,Author Query 5-10,text,true,,263,155,10,70,http://localhost:8080/search?q=beauty&author=Oscar%20Wilde,128,0,0
1782353862659,86,HTTP Request,200,OK,Author Query 5-3,text,true,,263,155,10,70,http://localhost:8080/search?q=beauty&author=Oscar%20Wilde,86,0,0
1782353862673,73,HTTP Request,200,OK,Author Query 5-6,text,true,,263,155,10,70,http://localhost:8080/search?q=beauty&author=Oscar%20Wilde,73,0,0
1782353862650,117,HTTP Request,200,OK,Author Query 5-9,text,true,,263,155,10,70,http://localhost:8080/search?q=beauty&author=Oscar%20Wilde,117,0,0
1782353862676,119,HTTP Request,200,OK,Author Query 5-8,text,true,,263,155,10,70,http://localhost:8080/search?q=beauty&author=Oscar%20Wilde,119,0,0
1782353862675,145,HTTP Request,200,OK,Author Query 5-2,text,true,,263,155,10,70,http://localhost:8080/search?q=beauty&author=Oscar%20Wilde,145,0,0
1782353862676,145,HTTP Request,200,OK,Author Query 5-5,text,true,,263,155,10,70,http://localhost:8080/search?q=beauty&author=Oscar%20Wilde,145,0,0
1782353862676,148,HTTP Request,200,OK,Author Query 5-10,text,true,,263,155,10,70,http://localhost:8080/search?q=beauty&author=Oscar%20Wilde,148,0,0
1782353862634,190,HTTP Request,200,OK,Author Query 5-4,text,true,,263,155,10,70,http://localhost:8080/search?q=beauty&author=Oscar%20Wilde,190,0,0
1782353862675,149,HTTP Request,200,OK,Author Query 5-7,text,true,,263,155,10,70,http://localhost:8080/search?q=beauty&author=Oscar%20Wilde,149,0,0
1782353862676,149,HTTP Request,200,OK,Author Query 5-1,text,true,,263,155,10,70,http://localhost:8080/search?q=beauty&author=Oscar%20Wilde,149,0,0
1782353862746,159,HTTP Request,200,OK,Author Query 5-6,text,true,,263,155,10,70,http://localhost:8080/search?q=beauty&author=Oscar%20Wilde,159,0,0
1782353862745,160,HTTP Request,200,OK,Author Query 5-3,text,true,,263,155,10,70,http://localhost:8080/search?q=beauty&author=Oscar%20Wilde,160,0,0
1782353862795,122,HTTP Request,200,OK,Author Query 5-8,text,true,,263,155,10,70,http://localhost:8080/search?q=beauty&author=Oscar%20Wilde,122,0,0
1782353862768,158,HTTP Request,200,OK,Author Query 5-9,text,true,,263,155,10,70,http://localhost:8080/search?q=beauty&author=Oscar%20Wilde,158,0,0
1782353862824,121,HTTP Request,200,OK,Author Query 5-4,text,true,,263,155,10,70,http://localhost:8080/search?q=beauty&author=Oscar%20Wilde,121,0,0
1782353862822,124,HTTP Request,200,OK,Author Query 5-5,text,true,,263,155,10,70,http://localhost:8080/search?q=beauty&author=Oscar%20Wilde,124,0,0
1782353862825,121,HTTP Request,200,OK,Author Query 5-1,text,true,,263,155,10,70,http://localhost:8080/search?q=beauty&author=Oscar%20Wilde,121,0,0
1782353862824,122,HTTP Request,200,OK,Author Query 5-10,text,true,,263,155,10,70,http://localhost:8080/search?q=beauty&author=Oscar%20Wilde,122,0,0
1782353862825,121,HTTP Request,200,OK,Author Query 5-7,text,true,,263,155,10,70,http://localhost:8080/search?q=beauty&author=Oscar%20Wilde,121,0,0
1782353862820,127,HTTP Request,200,OK,Author Query 5-2,text,true,,263,155,10,70,http://localhost:8080/search?q=beauty&author=Oscar%20Wilde,127,0,0
1782353862905,104,HTTP Request,200,OK,Author Query 5-3,text,true,,263,155,10,70,http://localhost:8080/search?q=beauty&author=Oscar%20Wilde,104,0,0
1782353862905,109,HTTP Request,200,OK,Author Query 5-6,text,true,,263,155,10,70,http://localhost:8080/search?q=beauty&author=Oscar%20Wilde,109,0,0
1782353862946,83,HTTP Request,200,OK,Author Query 5-5,text,true,,263,155,10,70,http://localhost:8080/search?q=beauty&author=Oscar%20Wilde,83,0,0
1782353862946,84,HTTP Request,200,OK,Author Query 5-1,text,true,,263,155,10,70,http://localhost:8080/search?q=beauty&author=Oscar%20Wilde,84,0,0
1782353862946,84,HTTP Request,200,OK,Author Query 5-7,text,true,,263,155,10,70,http://localhost:8080/search?q=beauty&author=Oscar%20Wilde,84,0,0
1782353862946,85,HTTP Request,200,OK,Author Query 5-10,text,true,,263,155,10,70,http://localhost:8080/search?q=beauty&author=Oscar%20Wilde,85,0,0
1782353862926,113,HTTP Request,200,OK,Author Query 5-9,text,true,,263,155,10,70,http://localhost:8080/search?q=beauty&author=Oscar%20Wilde,113,0,0
1782353862946,95,HTTP Request,200,OK,Author Query 5-4,text,true,,263,155,10,70,http://localhost:8080/search?q=beauty&author=Oscar%20Wilde,95,0,0
1782353862917,134,HTTP Request,200,OK,Author Query 5-8,text,true,,263,155,10,70,http://localhost:8080/search?q=beauty&author=Oscar%20Wilde,134,0,0
1782353862947,106,HTTP Request,200,OK,Author Query 5-2,text,true,,263,155,10,70,http://localhost:8080/search?q=beauty&author=Oscar%20Wilde,106,0,0
1782353863030,74,HTTP Request,200,OK,Author Query 5-7,text,true,,263,155,10,70,http://localhost:8080/search?q=beauty&author=Oscar%20Wilde,74,0,0
1782353863029,76,HTTP Request,200,OK,Author Query 5-5,text,true,,263,155,10,70,http://localhost:8080/search?q=beauty&author=Oscar%20Wilde,76,0,0
1782353863030,89,HTTP Request,200,OK,Author Query 5-1,text,true,,263,155,10,70,http://localhost:8080/search?q=beauty&author=Oscar%20Wilde,89,0,0
1782353863014,105,HTTP Request,200,OK,Author Query 5-6,text,true,,263,155,10,70,http://localhost:8080/search?q=beauty&author=Oscar%20Wilde,105,0,0
1782353863009,135,HTTP Request,200,OK,Author Query 5-3,text,true,,263,155,10,70,http://localhost:8080/search?q=beauty&author=Oscar%20Wilde,135,0,0
1782353863053,111,HTTP Request,200,OK,Author Query 5-2,text,true,,263,155,10,70,http://localhost:8080/search?q=beauty&author=Oscar%20Wilde,111,0,0
1782353863039,156,HTTP Request,200,OK,Author Query 5-9,text,true,,263,155,10,70,http://localhost:8080/search?q=beauty&author=Oscar%20Wilde,156,0,0
1782353863051,146,HTTP Request,200,OK,Author Query 5-8,text,true,,263,155,10,70,http://localhost:8080/search?q=beauty&author=Oscar%20Wilde,146,0,0
1782353863041,166,HTTP Request,200,OK,Author Query 5-4,text,true,,263,155,10,70,http://localhost:8080/search?q=beauty&author=Oscar%20Wilde,166,0,0
1782353863031,179,HTTP Request,200,OK,Author Query 5-10,text,true,,263,155,10,70,http://localhost:8080/search?q=beauty&author=Oscar%20Wilde,179,0,0
1782353863119,112,HTTP Request,200,OK,Author Query 5-6,text,true,,263,155,10,70,http://localhost:8080/search?q=beauty&author=Oscar%20Wilde,112,0,0
1782353863119,112,HTTP Request,200,OK,Author Query 5-1,text,true,,263,155,10,70,http://localhost:8080/search?q=beauty&author=Oscar%20Wilde,112,0,0
1782353863104,129,HTTP Request,200,OK,Author Query 5-7,text,true,,263,155,10,70,http://localhost:8080/search?q=beauty&author=Oscar%20Wilde,129,0,0
1782353863106,128,HTTP Request,200,OK,Author Query 5-5,text,true,,263,155,10,70,http://localhost:8080/search?q=beauty&author=Oscar%20Wilde,128,0,0
1782353863164,90,HTTP Request,200,OK,Author Query 5-2,text,true,,263,155,10,70,http://localhost:8080/search?q=beauty&author=Oscar%20Wilde,90,0,0
1782353863198,67,HTTP Request,200,OK,Author Query 5-8,text,true,,263,155,10,70,http://localhost:8080/search?q=beauty&author=Oscar%20Wilde,67,0,0
1782353863144,126,HTTP Request,200,OK,Author Query 5-3,text,true,,263,155,10,70,http://localhost:8080/search?q=beauty&author=Oscar%20Wilde,126,0,0
1782353863195,152,HTTP Request,200,OK,Author Query 5-9,text,true,,263,155,10,70,http://localhost:8080/search?q=beauty&author=Oscar%20Wilde,152,0,0
1782353863234,121,HTTP Request,200,OK,Author Query 5-7,text,true,,263,155,10,70,http://localhost:8080/search?q=beauty&author=Oscar%20Wilde,121,0,0
1782353863234,121,HTTP Request,200,OK,Author Query 5-5,text,true,,263,155,10,70,http://localhost:8080/search?q=beauty&author=Oscar%20Wilde,121,0,0
1782353863231,124,HTTP Request,200,OK,Author Query 5-1,text,true,,263,155,10,70,http://localhost:8080/search?q=beauty&author=Oscar%20Wilde,124,0,0
1782353863231,124,HTTP Request,200,OK,Author Query 5-6,text,true,,263,155,10,70,http://localhost:8080/search?q=beauty&author=Oscar%20Wilde,124,0,0
1782353863208,161,HTTP Request,200,OK,Author Query 5-4,text,true,,263,155,10,70,http://localhost:8080/search?q=beauty&author=Oscar%20Wilde,161,0,0
1782353863254,116,HTTP Request,200,OK,Author Query 5-2,text,true,,263,155,10,70,http://localhost:8080/search?q=beauty&author=Oscar%20Wilde,116,0,0
1782353863211,174,HTTP Request,200,OK,Author Query 5-10,text,true,,263,155,10,70,http://localhost:8080/search?q=beauty&author=Oscar%20Wilde,174,0,0
1782353863265,125,HTTP Request,200,OK,Author Query 5-8,text,true,,263,155,10,70,http://localhost:8080/search?q=beauty&author=Oscar%20Wilde,125,0,0
1782353863271,125,HTTP Request,200,OK,Author Query 5-3,text,true,,263,155,10,70,http://localhost:8080/search?q=beauty&author=Oscar%20Wilde,125,0,0
1782353863355,174,HTTP Request,200,OK,Author Query 5-5,text,true,,263,155,10,70,http://localhost:8080/search?q=beauty&author=Oscar%20Wilde,174,0,0
1782353863355,176,HTTP Request,200,OK,Author Query 5-1,text,true,,263,155,10,70,http://localhost:8080/search?q=beauty&author=Oscar%20Wilde,176,0,0
1782353863347,195,HTTP Request,200,OK,Author Query 5-9,text,true,,263,155,10,70,http://localhost:8080/search?q=beauty&author=Oscar%20Wilde,195,0,0
1782353863355,187,HTTP Request,200,OK,Author Query 5-6,text,true,,263,155,10,70,http://localhost:8080/search?q=beauty&author=Oscar%20Wilde,187,0,0
1782353863355,188,HTTP Request,200,OK,Author Query 5-7,text,true,,263,155,10,70,http://localhost:8080/search?q=beauty&author=Oscar%20Wilde,188,0,0
1782353863396,172,HTTP Request,200,OK,Author Query 5-3,text,true,,263,155,10,70,http://localhost:8080/search?q=beauty&author=Oscar%20Wilde,172,0,0
1782353863385,206,HTTP Request,200,OK,Author Query 5-10,text,true,,263,155,10,70,http://localhost:8080/search?q=beauty&author=Oscar%20Wilde,206,0,0
1782353863369,223,HTTP Request,200,OK,Author Query 5-4,text,true,,263,155,10,70,http://localhost:8080/search?q=beauty&author=Oscar%20Wilde,223,0,0
1782353863370,223,HTTP Request,200,OK,Author Query 5-2,text,true,,263,155,10,70,http://localhost:8080/search?q=beauty&author=Oscar%20Wilde,223,0,0
1782353863390,203,HTTP Request,200,OK,Author Query 5-8,text,true,,263,155,10,70,http://localhost:8080/search?q=beauty&author=Oscar%20Wilde,203,0,0
1782353863529,124,HTTP Request,200,OK,Author Query 5-5,text,true,,263,155,10,70,http://localhost:8080/search?q=beauty&author=Oscar%20Wilde,124,0,0
1782353863532,122,HTTP Request,200,OK,Author Query 5-1,text,true,,263,155,10,70,http://localhost:8080/search?q=beauty&author=Oscar%20Wilde,122,0,0
1782353863543,125,HTTP Request,200,OK,Author Query 5-7,text,true,,263,155,10,70,http://localhost:8080/search?q=beauty&author=Oscar%20Wilde,125,0,0
1782353863542,163,HTTP Request,200,OK,Author Query 5-6,text,true,,263,155,10,70,http://localhost:8080/search?q=beauty&author=Oscar%20Wilde,163,0,0
1782353863542,179,HTTP Request,200,OK,Author Query 5-9,text,true,,263,155,10,70,http://localhost:8080/search?q=beauty&author=Oscar%20Wilde,179,0,0
1782353863592,151,HTTP Request,200,OK,Author Query 5-10,text,true,,263,155,10,70,http://localhost:8080/search?q=beauty&author=Oscar%20Wilde,151,0,0
1782353863592,165,HTTP Request,200,OK,Author Query 5-4,text,true,,263,155,10,70,http://localhost:8080/search?q=beauty&author=Oscar%20Wilde,165,0,0
1782353863568,189,HTTP Request,200,OK,Author Query 5-3,text,true,,263,155,10,70,http://localhost:8080/search?q=beauty&author=Oscar%20Wilde,189,0,0
1782353863593,164,HTTP Request,200,OK,Author Query 5-2,text,true,,263,155,10,70,http://localhost:8080/search?q=beauty&author=Oscar%20Wilde,164,0,0
1782353863593,169,HTTP Request,200,OK,Author Query 5-8,text,true,,263,155,10,70,http://localhost:8080/search?q=beauty&author=Oscar%20Wilde,169,0,0
1782353863654,155,HTTP Request,200,OK,Author Query 5-5,text,true,,263,155,10,70,http://localhost:8080/search?q=beauty&author=Oscar%20Wilde,155,0,0
1782353863654,165,HTTP Request,200,OK,Author Query 5-1,text,true,,263,155,10,70,http://localhost:8080/search?q=beauty&author=Oscar%20Wilde,165,0,0
1782353863668,169,HTTP Request,200,OK,Author Query 5-7,text,true,,263,155,10,70,http://localhost:8080/search?q=beauty&author=Oscar%20Wilde,169,0,0
1782353863721,160,HTTP Request,200,OK,Author Query 5-9,text,true,,263,155,10,70,http://localhost:8080/search?q=beauty&author=Oscar%20Wilde,160,0,0
1782353863705,176,HTTP Request,200,OK,Author Query 5-6,text,true,,263,155,10,70,http://localhost:8080/search?q=beauty&author=Oscar%20Wilde,176,0,0
1782353863743,140,HTTP Request,200,OK,Author Query 5-10,text,true,,263,155,10,70,http://localhost:8080/search?q=beauty&author=Oscar%20Wilde,140,0,0
1782353863762,162,HTTP Request,200,OK,Author Query 5-8,text,true,,263,155,10,70,http://localhost:8080/search?q=beauty&author=Oscar%20Wilde,162,0,0
1782353863758,166,HTTP Request,200,OK,Author Query 5-3,text,true,,263,155,10,70,http://localhost:8080/search?q=beauty&author=Oscar%20Wilde,166,0,0
1782353863758,222,HTTP Request,200,OK,Author Query 5-2,text,true,,263,155,10,70,http://localhost:8080/search?q=beauty&author=Oscar%20Wilde,222,0,0
1782353863757,223,HTTP Request,200,OK,Author Query 5-4,text,true,,263,155,10,70,http://localhost:8080/search?q=beauty&author=Oscar%20Wilde,223,0,0
1782353863809,172,HTTP Request,200,OK,Author Query 5-5,text,true,,263,155,10,70,http://localhost:8080/search?q=beauty&author=Oscar%20Wilde,172,0,0
1782353863819,162,HTTP Request,200,OK,Author Query 5-1,text,true,,263,155,10,70,http://localhost:8080/search?q=beauty&author=Oscar%20Wilde,162,0,0
1782353863881,140,HTTP Request,200,OK,Author Query 5-9,text,true,,263,155,10,70,http://localhost:8080/search?q=beauty&author=Oscar%20Wilde,140,0,0
1782353863838,185,HTTP Request,200,OK,Author Query 5-7,text,true,,263,155,10,70,http://localhost:8080/search?q=beauty&author=Oscar%20Wilde,185,0,0
1782353863924,134,HTTP Request,200,OK,Author Query 5-3,text,true,,263,155,10,70,http://localhost:8080/search?q=beauty&author=Oscar%20Wilde,134,0,0
1782353863924,135,HTTP Request,200,OK,Author Query 5-8,text,true,,263,155,10,70,http://localhost:8080/search?q=beauty&author=Oscar%20Wilde,135,0,0
1782353863883,210,HTTP Request,200,OK,Author Query 5-10,text,true,,263,155,10,70,http://localhost:8080/search?q=beauty&author=Oscar%20Wilde,210,0,0
1782353863881,213,HTTP Request,200,OK,Author Query 5-6,text,true,,263,155,10,70,http://localhost:8080/search?q=beauty&author=Oscar%20Wilde,213,0,0
1782353863980,123,HTTP Request,200,OK,Author Query 5-2,text,true,,263,155,10,70,http://localhost:8080/search?q=beauty&author=Oscar%20Wilde,123,0,0
1782353863981,199,HTTP Request,200,OK,Author Query 5-5,text,true,,263,155,10,70,http://localhost:8080/search?q=beauty&author=Oscar%20Wilde,199,0,0
1782353863980,200,HTTP Request,200,OK,Author Query 5-4,text,true,,263,155,10,70,http://localhost:8080/search?q=beauty&author=Oscar%20Wilde,200,0,0
1782353863982,199,HTTP Request,200,OK,Author Query 5-1,text,true,,263,155,10,70,http://localhost:8080/search?q=beauty&author=Oscar%20Wilde,199,0,0
1782353864021,162,HTTP Request,200,OK,Author Query 5-9,text,true,,263,155,10,70,http://localhost:8080/search?q=beauty&author=Oscar%20Wilde,162,0,0
1782353864024,159,HTTP Request,200,OK,Author Query 5-7,text,true,,263,155,10,70,http://localhost:8080/search?q=beauty&author=Oscar%20Wilde,159,0,0
1782353864059,125,HTTP Request,200,OK,Author Query 5-8,text,true,,263,155,10,70,http://localhost:8080/search?q=beauty&author=Oscar%20Wilde,125,0,0
1782353864093,177,HTTP Request,200,OK,Author Query 5-10,text,true,,263,155,10,70,http://localhost:8080/search?q=beauty&author=Oscar%20Wilde,177,0,0
1782353864059,212,HTTP Request,200,OK,Author Query 5-3,text,true,,263,155,10,70,http://localhost:8080/search?q=beauty&author=Oscar%20Wilde,212,0,0
1782353864094,177,HTTP Request,200,OK,Author Query 5-6,text,true,,263,155,10,70,http://localhost:8080/search?q=beauty&author=Oscar%20Wilde,177,0,0
1782353864103,168,HTTP Request,200,OK,Author Query 5-2,text,true,,263,155,10,70,http://localhost:8080/search?q=beauty&author=Oscar%20Wilde,168,0,0
1782353864180,120,HTTP Request,200,OK,Author Query 5-5,text,true,,263,155,10,70,http://localhost:8080/search?q=beauty&author=Oscar%20Wilde,120,0,0
1782353864182,118,HTTP Request,200,OK,Author Query 5-1,text,true,,263,155,10,70,http://localhost:8080/search?q=beauty&author=Oscar%20Wilde,118,0,0
1782353864181,162,HTTP Request,200,OK,Author Query 5-4,text,true,,263,155,10,70,http://localhost:8080/search?q=beauty&author=Oscar%20Wilde,162,0,0
1782353864183,162,HTTP Request,200,OK,Author Query 5-9,text,true,,263,155,10,70,http://localhost:8080/search?q=beauty&author=Oscar%20Wilde,162,0,0
1782353864183,216,HTTP Request,200,OK,Author Query 5-7,text,true,,263,155,10,70,http://localhost:8080/search?q=beauty&author=Oscar%20Wilde,216,0,0
1782353864184,254,HTTP Request,200,OK,Author Query 5-8,text,true,,263,155,10,70,http://localhost:8080/search?q=beauty&author=Oscar%20Wilde,254,0,0
1782353864300,158,HTTP Request,200,OK,Author Query 5-5,text,true,,263,155,10,70,http://localhost:8080/search?q=beauty&author=Oscar%20Wilde,158,0,0
1782353864344,115,HTTP Request,200,OK,Author Query 5-4,text,true,,263,155,10,70,http://localhost:8080/search?q=beauty&author=Oscar%20Wilde,115,0,0
1782353864271,188,HTTP Request,200,OK,Author Query 5-3,text,true,,263,155,10,70,http://localhost:8080/search?q=beauty&author=Oscar%20Wilde,188,0,0
1782353864300,162,HTTP Request,200,OK,Author Query 5-1,text,true,,263,155,10,70,http://localhost:8080/search?q=beauty&author=Oscar%20Wilde,162,0,0
1782353864271,212,HTTP Request,200,OK,Author Query 5-6,text,true,,263,155,10,70,http://localhost:8080/search?q=beauty&author=Oscar%20Wilde,212,0,0
1782353864271,234,HTTP Request,200,OK,Author Query 5-10,text,true,,263,155,10,70,http://localhost:8080/search?q=beauty&author=Oscar%20Wilde,234,0,0
1782353864345,164,HTTP Request,200,OK,Author Query 5-9,text,true,,263,155,10,70,http://localhost:8080/search?q=beauty&author=Oscar%20Wilde,164,0,0
1782353864271,239,HTTP Request,200,OK,Author Query 5-2,text,true,,263,155,10,70,http://localhost:8080/search?q=beauty&author=Oscar%20Wilde,239,0,0
1782353864462,137,HTTP Request,200,OK,Author Query 5-1,text,true,,263,155,10,70,http://localhost:8080/search?q=beauty&author=Oscar%20Wilde,137,0,0
1782353864459,141,HTTP Request,200,OK,Author Query 5-4,text,true,,263,155,10,70,http://localhost:8080/search?q=beauty&author=Oscar%20Wilde,141,0,0
1782353864458,154,HTTP Request,200,OK,Author Query 5-5,text,true,,263,155,10,70,http://localhost:8080/search?q=beauty&author=Oscar%20Wilde,154,0,0
1782353864439,176,HTTP Request,200,OK,Author Query 5-8,text,true,,263,155,10,70,http://localhost:8080/search?q=beauty&author=Oscar%20Wilde,176,0,0
1782353864460,155,HTTP Request,200,OK,Author Query 5-3,text,true,,263,155,10,70,http://localhost:8080/search?q=beauty&author=Oscar%20Wilde,155,0,0
1782353864399,237,HTTP Request,200,OK,Author Query 5-7,text,true,,263,155,10,70,http://localhost:8080/search?q=beauty&author=Oscar%20Wilde,237,0,0
1782353864484,161,HTTP Request,200,OK,Author Query 5-6,text,true,,263,155,10,70,http://localhost:8080/search?q=beauty&author=Oscar%20Wilde,161,0,0
1782353864509,156,HTTP Request,200,OK,Author Query 5-10,text,true,,263,155,10,70,http://localhost:8080/search?q=beauty&author=Oscar%20Wilde,156,0,0
1782353864511,162,HTTP Request,200,OK,Author Query 5-2,text,true,,263,155,10,70,http://localhost:8080/search?q=beauty&author=Oscar%20Wilde,162,0,0
1782353864509,165,HTTP Request,200,OK,Author Query 5-9,text,true,,263,155,10,70,http://localhost:8080/search?q=beauty&author=Oscar%20Wilde,165,0,0
1782353864636,102,HTTP Request,200,OK,Author Query 5-7,text,true,,263,155,10,70,http://localhost:8080/search?q=beauty&author=Oscar%20Wilde,102,0,0
1782353864600,138,HTTP Request,200,OK,Author Query 5-1,text,true,,263,155,10,70,http://localhost:8080/search?q=beauty&author=Oscar%20Wilde,138,0,0
1782353864615,124,HTTP Request,200,OK,Author Query 5-3,text,true,,263,155,10,70,http://localhost:8080/search?q=beauty&author=Oscar%20Wilde,124,0,0
1782353864613,126,HTTP Request,200,OK,Author Query 5-5,text,true,,263,155,10,70,http://localhost:8080/search?q=beauty&author=Oscar%20Wilde,126,0,0
1782353864600,140,HTTP Request,200,OK,Author Query 5-4,text,true,,263,155,10,70,http://localhost:8080/search?q=beauty&author=Oscar%20Wilde,140,0,0
1782353864615,166,HTTP Request,200,OK,Author Query 5-8,text,true,,263,155,10,70,http://localhost:8080/search?q=beauty&author=Oscar%20Wilde,166,0,0
1782353864665,135,HTTP Request,200,OK,Author Query 5-10,text,true,,263,155,10,70,http://localhost:8080/search?q=beauty&author=Oscar%20Wilde,135,0,0
1782353864646,157,HTTP Request,200,OK,Author Query 5-6,text,true,,263,155,10,70,http://localhost:8080/search?q=beauty&author=Oscar%20Wilde,157,0,0
1782353864674,165,HTTP Request,200,OK,Author Query 5-2,text,true,,263,155,10,70,http://localhost:8080/search?q=beauty&author=Oscar%20Wilde,165,0,0
1782353864674,165,HTTP Request,200,OK,Author Query 5-9,text,true,,263,155,10,70,http://localhost:8080/search?q=beauty&author=Oscar%20Wilde,165,0,0
1782353864739,108,HTTP Request,200,OK,Author Query 5-5,text,true,,263,155,10,70,http://localhost:8080/search?q=beauty&author=Oscar%20Wilde,108,0,0
1782353864738,110,HTTP Request,200,OK,Author Query 5-7,text,true,,263,155,10,70,http://localhost:8080/search?q=beauty&author=Oscar%20Wilde,110,0,0
1782353864740,108,HTTP Request,200,OK,Author Query 5-4,text,true,,263,155,10,70,http://localhost:8080/search?q=beauty&author=Oscar%20Wilde,108,0,0
1782353864739,110,HTTP Request,200,OK,Author Query 5-3,text,true,,263,155,10,70,http://localhost:8080/search?q=beauty&author=Oscar%20Wilde,110,0,0
1782353864738,111,HTTP Request,200,OK,Author Query 5-1,text,true,,263,155,10,70,http://localhost:8080/search?q=beauty&author=Oscar%20Wilde,111,0,0
1782353864801,120,HTTP Request,200,OK,Author Query 5-10,text,true,,263,155,10,70,http://localhost:8080/search?q=beauty&author=Oscar%20Wilde,120,0,0
1782353864804,118,HTTP Request,200,OK,Author Query 5-6,text,true,,263,155,10,70,http://localhost:8080/search?q=beauty&author=Oscar%20Wilde,118,0,0
1782353864781,181,HTTP Request,200,OK,Author Query 5-8,text,true,,263,155,10,70,http://localhost:8080/search?q=beauty&author=Oscar%20Wilde,181,0,0
1782353864848,160,HTTP Request,200,OK,Author Query 5-7,text,true,,263,155,10,70,http://localhost:8080/search?q=beauty&author=Oscar%20Wilde,160,0,0
1782353864848,161,HTTP Request,200,OK,Author Query 5-5,text,true,,263,155,10,70,http://localhost:8080/search?q=beauty&author=Oscar%20Wilde,161,0,0
1782353864849,160,HTTP Request,200,OK,Author Query 5-1,text,true,,263,155,10,70,http://localhost:8080/search?q=beauty&author=Oscar%20Wilde,160,0,0
1782353864839,170,HTTP Request,200,OK,Author Query 5-2,text,true,,263,155,10,70,http://localhost:8080/search?q=beauty&author=Oscar%20Wilde,170,0,0
1782353864839,171,HTTP Request,200,OK,Author Query 5-9,text,true,,263,155,10,70,http://localhost:8080/search?q=beauty&author=Oscar%20Wilde,171,0,0
1782353864849,199,HTTP Request,200,OK,Author Query 5-3,text,true,,263,155,10,70,http://localhost:8080/search?q=beauty&author=Oscar%20Wilde,199,0,0
1782353864848,231,HTTP Request,200,OK,Author Query 5-4,text,true,,263,155,10,70,http://localhost:8080/search?q=beauty&author=Oscar%20Wilde,231,0,0
1782353864922,209,HTTP Request,200,OK,Author Query 5-6,text,true,,263,155,10,70,http://localhost:8080/search?q=beauty&author=Oscar%20Wilde,209,0,0
1782353864922,210,HTTP Request,200,OK,Author Query 5-10,text,true,,263,155,10,70,http://localhost:8080/search?q=beauty&author=Oscar%20Wilde,210,0,0
1782353865010,176,HTTP Request,200,OK,Author Query 5-9,text,true,,263,155,10,70,http://localhost:8080/search?q=beauty&author=Oscar%20Wilde,176,0,0
1782353865008,178,HTTP Request,200,OK,Author Query 5-7,text,true,,263,155,10,70,http://localhost:8080/search?q=beauty&author=Oscar%20Wilde,178,0,0
1782353865010,179,HTTP Request,200,OK,Author Query 5-2,text,true,,263,155,10,70,http://localhost:8080/search?q=beauty&author=Oscar%20Wilde,179,0,0
1782353865009,187,HTTP Request,200,OK,Author Query 5-5,text,true,,263,155,10,70,http://localhost:8080/search?q=beauty&author=Oscar%20Wilde,187,0,0
1782353864962,245,HTTP Request,200,OK,Author Query 5-8,text,true,,263,155,10,70,http://localhost:8080/search?q=beauty&author=Oscar%20Wilde,245,0,0
1782353865009,226,HTTP Request,200,OK,Author Query 5-1,text,true,,263,155,10,70,http://localhost:8080/search?q=beauty&author=Oscar%20Wilde,226,0,0
1782353865079,206,HTTP Request,200,OK,Author Query 5-4,text,true,,263,155,10,70,http://localhost:8080/search?q=beauty&author=Oscar%20Wilde,206,0,0
1782353865048,237,HTTP Request,200,OK,Author Query 5-3,text,true,,263,155,10,70,http://localhost:8080/search?q=beauty&author=Oscar%20Wilde,237,0,0
1782353865132,157,HTTP Request,200,OK,Author Query 5-10,text,true,,263,155,10,70,http://localhost:8080/search?q=beauty&author=Oscar%20Wilde,157,0,0
1782353865190,109,HTTP Request,200,OK,Author Query 5-2,text,true,,263,155,10,70,http://localhost:8080/search?q=beauty&author=Oscar%20Wilde,109,0,0
1782353865186,119,HTTP Request,200,OK,Author Query 5-9,text,true,,263,155,10,70,http://localhost:8080/search?q=beauty&author=Oscar%20Wilde,119,0,0
1782353865186,120,HTTP Request,200,OK,Author Query 5-7,text,true,,263,155,10,70,http://localhost:8080/search?q=beauty&author=Oscar%20Wilde,120,0,0
1782353865131,196,HTTP Request,200,OK,Author Query 5-6,text,true,,263,155,10,70,http://localhost:8080/search?q=beauty&author=Oscar%20Wilde,196,0,0
1782353865196,136,HTTP Request,200,OK,Author Query 5-5,text,true,,263,155,10,70,http://localhost:8080/search?q=beauty&author=Oscar%20Wilde,136,0,0
1782353865208,161,HTTP Request,200,OK,Author Query 5-8,text,true,,263,155,10,70,http://localhost:8080/search?q=beauty&author=Oscar%20Wilde,161,0,0
1782353865235,256,HTTP Request,200,OK,Author Query 5-1,text,true,,263,155,10,70,http://localhost:8080/search?q=beauty&author=Oscar%20Wilde,256,0,0
1782353865285,208,HTTP Request,200,OK,Author Query 5-4,text,true,,263,155,10,70,http://localhost:8080/search?q=beauty&author=Oscar%20Wilde,208,0,0
1782353865290,210,HTTP Request,200,OK,Author Query 5-10,text,true,,263,155,10,70,http://localhost:8080/search?q=beauty&author=Oscar%20Wilde,210,0,0
1782353865306,195,HTTP Request,200,OK,Author Query 5-7,text,true,,263,155,10,70,http://localhost:8080/search?q=beauty&author=Oscar%20Wilde,195,0,0
1782353865299,202,HTTP Request,200,OK,Author Query 5-2,text,true,,263,155,10,70,http://localhost:8080/search?q=beauty&author=Oscar%20Wilde,202,0,0
1782353865286,215,HTTP Request,200,OK,Author Query 5-3,text,true,,263,155,10,70,http://localhost:8080/search?q=beauty&author=Oscar%20Wilde,215,0,0
1782353865305,210,HTTP Request,200,OK,Author Query 5-9,text,true,,263,155,10,70,http://localhost:8080/search?q=beauty&author=Oscar%20Wilde,210,0,0
1782353865327,215,HTTP Request,200,OK,Author Query 5-6,text,true,,263,155,10,70,http://localhost:8080/search?q=beauty&author=Oscar%20Wilde,215,0,0
1782353865332,210,HTTP Request,200,OK,Author Query 5-5,text,true,,263,155,10,70,http://localhost:8080/search?q=beauty&author=Oscar%20Wilde,210,0,0
1782353865369,216,HTTP Request,200,OK,Author Query 5-8,text,true,,263,155,10,70,http://localhost:8080/search?q=beauty&author=Oscar%20Wilde,216,0,0
1782353865491,125,HTTP Request,200,OK,Author Query 5-1,text,true,,263,155,10,70,http://localhost:8080/search?q=beauty&author=Oscar%20Wilde,125,0,0
1782353865501,137,HTTP Request,200,OK,Author Query 5-7,text,true,,263,155,10,70,http://localhost:8080/search?q=beauty&author=Oscar%20Wilde,137,0,0
1782353865501,138,HTTP Request,200,OK,Author Query 5-2,text,true,,263,155,10,70,http://localhost:8080/search?q=beauty&author=Oscar%20Wilde,138,0,0
1782353865501,139,HTTP Request,200,OK,Author Query 5-3,text,true,,263,155,10,70,http://localhost:8080/search?q=beauty&author=Oscar%20Wilde,139,0,0
1782353865516,159,HTTP Request,200,OK,Author Query 5-9,text,true,,263,155,10,70,http://localhost:8080/search?q=beauty&author=Oscar%20Wilde,159,0,0
1782353865501,175,HTTP Request,200,OK,Author Query 5-10,text,true,,263,155,10,70,http://localhost:8080/search?q=beauty&author=Oscar%20Wilde,175,0,0
1782353865494,183,HTTP Request,200,OK,Author Query 5-4,text,true,,263,155,10,70,http://localhost:8080/search?q=beauty&author=Oscar%20Wilde,183,0,0
1782353865542,174,HTTP Request,200,OK,Author Query 5-6,text,true,,263,155,10,70,http://localhost:8080/search?q=beauty&author=Oscar%20Wilde,174,0,0
1782353865542,210,HTTP Request,200,OK,Author Query 5-5,text,true,,263,155,10,70,http://localhost:8080/search?q=beauty&author=Oscar%20Wilde,210,0,0
1782353865616,181,HTTP Request,200,OK,Author Query 5-1,text,true,,263,155,10,70,http://localhost:8080/search?q=beauty&author=Oscar%20Wilde,181,0,0
1782353865638,160,HTTP Request,200,OK,Author Query 5-7,text,true,,263,155,10,70,http://localhost:8080/search?q=beauty&author=Oscar%20Wilde,160,0,0
1782353865585,267,HTTP Request,200,OK,Author Query 5-8,text,true,,263,155,10,70,http://localhost:8080/search?q=beauty&author=Oscar%20Wilde,267,0,0
1782353865676,218,HTTP Request,200,OK,Author Query 5-10,text,true,,263,155,10,70,http://localhost:8080/search?q=beauty&author=Oscar%20Wilde,218,0,0
1782353865639,256,HTTP Request,200,OK,Author Query 5-2,text,true,,263,155,10,70,http://localhost:8080/search?q=beauty&author=Oscar%20Wilde,256,0,0
1782353865640,255,HTTP Request,200,OK,Author Query 5-3,text,true,,263,155,10,70,http://localhost:8080/search?q=beauty&author=Oscar%20Wilde,255,0,0
1782353865677,240,HTTP Request,200,OK,Author Query 5-4,text,true,,263,155,10,70,http://localhost:8080/search?q=beauty&author=Oscar%20Wilde,240,0,0
1782353865676,290,HTTP Request,200,OK,Author Query 5-9,text,true,,263,155,10,70,http://localhost:8080/search?q=beauty&author=Oscar%20Wilde,290,0,0
1782353865717,253,HTTP Request,200,OK,Author Query 5-6,text,true,,263,155,10,70,http://localhost:8080/search?q=beauty&author=Oscar%20Wilde,253,0,0
1782353865797,225,HTTP Request,200,OK,Author Query 5-1,text,true,,263,155,10,70,http://localhost:8080/search?q=beauty&author=Oscar%20Wilde,225,0,0
1782353865753,280,HTTP Request,200,OK,Author Query 5-5,text,true,,263,155,10,70,http://localhost:8080/search?q=beauty&author=Oscar%20Wilde,280,0,0
1782353865852,239,HTTP Request,200,OK,Author Query 5-8,text,true,,263,155,10,70,http://localhost:8080/search?q=beauty&author=Oscar%20Wilde,239,0,0
1782353865798,293,HTTP Request,200,OK,Author Query 5-7,text,true,,263,155,10,70,http://localhost:8080/search?q=beauty&author=Oscar%20Wilde,293,0,0
1782353865917,174,HTTP Request,200,OK,Author Query 5-4,text,true,,263,155,10,70,http://localhost:8080/search?q=beauty&author=Oscar%20Wilde,174,0,0
1782353865894,246,HTTP Request,200,OK,Author Query 5-10,text,true,,263,155,10,70,http://localhost:8080/search?q=beauty&author=Oscar%20Wilde,246,0,0
1782353865895,258,HTTP Request,200,OK,Author Query 5-2,text,true,,263,155,10,70,http://localhost:8080/search?q=beauty&author=Oscar%20Wilde,258,0,0
1782353865895,258,HTTP Request,200,OK,Author Query 5-3,text,true,,263,155,10,70,http://localhost:8080/search?q=beauty&author=Oscar%20Wilde,258,0,0
1782353866022,142,HTTP Request,200,OK,Author Query 5-1,text,true,,263,155,10,70,http://localhost:8080/search?q=beauty&author=Oscar%20Wilde,142,0,0
1782353865966,199,HTTP Request,200,OK,Author Query 5-9,text,true,,263,155,10,70,http://localhost:8080/search?q=beauty&author=Oscar%20Wilde,199,0,0
1782353865973,193,HTTP Request,200,OK,Author Query 5-6,text,true,,263,155,10,70,http://localhost:8080/search?q=beauty&author=Oscar%20Wilde,193,0,0
1782353866091,122,HTTP Request,200,OK,Author Query 5-8,text,true,,263,155,10,70,http://localhost:8080/search?q=beauty&author=Oscar%20Wilde,122,0,0
1782353866091,161,HTTP Request,200,OK,Author Query 5-7,text,true,,263,155,10,70,http://localhost:8080/search?q=beauty&author=Oscar%20Wilde,161,0,0
1782353866033,219,HTTP Request,200,OK,Author Query 5-5,text,true,,263,155,10,70,http://localhost:8080/search?q=beauty&author=Oscar%20Wilde,219,0,0
1782353866092,180,HTTP Request,200,OK,Author Query 5-4,text,true,,263,155,10,70,http://localhost:8080/search?q=beauty&author=Oscar%20Wilde,180,0,0
1782353866154,128,HTTP Request,200,OK,Author Query 5-3,text,true,,263,155,10,70,http://localhost:8080/search?q=beauty&author=Oscar%20Wilde,128,0,0
1782353866164,118,HTTP Request,200,OK,Author Query 5-1,text,true,,263,155,10,70,http://localhost:8080/search?q=beauty&author=Oscar%20Wilde,118,0,0
1782353866141,142,HTTP Request,200,OK,Author Query 5-10,text,true,,263,155,10,70,http://localhost:8080/search?q=beauty&author=Oscar%20Wilde,142,0,0
1782353866165,135,HTTP Request,200,OK,Author Query 5-9,text,true,,263,155,10,70,http://localhost:8080/search?q=beauty&author=Oscar%20Wilde,135,0,0
1782353866167,133,HTTP Request,200,OK,Author Query 5-6,text,true,,263,155,10,70,http://localhost:8080/search?q=beauty&author=Oscar%20Wilde,133,0,0
1782353866154,195,HTTP Request,200,OK,Author Query 5-2,text,true,,263,155,10,70,http://localhost:8080/search?q=beauty&author=Oscar%20Wilde,195,0,0
1782353866213,150,HTTP Request,200,OK,Author Query 5-8,text,true,,263,155,10,70,http://localhost:8080/search?q=beauty&author=Oscar%20Wilde,150,0,0
1782353866283,110,HTTP Request,200,OK,Author Query 5-10,text,true,,263,155,10,70,http://localhost:8080/search?q=beauty&author=Oscar%20Wilde,110,0,0
1782353866273,121,HTTP Request,200,OK,Author Query 5-4,text,true,,263,155,10,70,http://localhost:8080/search?q=beauty&author=Oscar%20Wilde,121,0,0
1782353866282,113,HTTP Request,200,OK,Author Query 5-3,text,true,,263,155,10,70,http://localhost:8080/search?q=beauty&author=Oscar%20Wilde,112,0,0
1782353866300,95,HTTP Request,200,OK,Author Query 5-9,text,true,,263,155,10,70,http://localhost:8080/search?q=beauty&author=Oscar%20Wilde,95,0,0
1782353866300,95,HTTP Request,200,OK,Author Query 5-6,text,true,,263,155,10,70,http://localhost:8080/search?q=beauty&author=Oscar%20Wilde,95,0,0
1782353866283,150,HTTP Request,200,OK,Author Query 5-1,text,true,,263,155,10,70,http://localhost:8080/search?q=beauty&author=Oscar%20Wilde,150,0,0
1782353866252,184,HTTP Request,200,OK,Author Query 5-5,text,true,,263,155,10,70,http://localhost:8080/search?q=beauty&author=Oscar%20Wilde,184,0,0
1782353866252,200,HTTP Request,200,OK,Author Query 5-7,text,true,,263,155,10,70,http://localhost:8080/search?q=beauty&author=Oscar%20Wilde,200,0,0
1782353866363,104,HTTP Request,200,OK,Author Query 5-8,text,true,,263,155,10,70,http://localhost:8080/search?q=beauty&author=Oscar%20Wilde,104,0,0
1782353866349,122,HTTP Request,200,OK,Author Query 5-2,text,true,,263,155,10,70,http://localhost:8080/search?q=beauty&author=Oscar%20Wilde,122,0,0
1782353866394,89,HTTP Request,200,OK,Author Query 5-4,text,true,,263,155,10,70,http://localhost:8080/search?q=beauty&author=Oscar%20Wilde,89,0,0
1782353866395,88,HTTP Request,200,OK,Author Query 5-3,text,true,,263,155,10,70,http://localhost:8080/search?q=beauty&author=Oscar%20Wilde,88,0,0
1782353866395,90,HTTP Request,200,OK,Author Query 5-9,text,true,,263,155,10,70,http://localhost:8080/search?q=beauty&author=Oscar%20Wilde,90,0,0
1782353866393,123,HTTP Request,200,OK,Author Query 5-10,text,true,,263,155,10,70,http://localhost:8080/search?q=beauty&author=Oscar%20Wilde,123,0,0
1782353866395,122,HTTP Request,200,OK,Author Query 5-6,text,true,,263,155,10,70,http://localhost:8080/search?q=beauty&author=Oscar%20Wilde,122,0,0
1782353866433,110,HTTP Request,200,OK,Author Query 5-1,text,true,,263,155,10,70,http://localhost:8080/search?q=beauty&author=Oscar%20Wilde,110,0,0
1782353866437,107,HTTP Request,200,OK,Author Query 5-5,text,true,,263,155,10,70,http://localhost:8080/search?q=beauty&author=Oscar%20Wilde,107,0,0
1782353866471,80,HTTP Request,200,OK,Author Query 5-2,text,true,,263,155,10,70,http://localhost:8080/search?q=beauty&author=Oscar%20Wilde,80,0,0
1782353866467,84,HTTP Request,200,OK,Author Query 5-8,text,true,,263,155,10,70,http://localhost:8080/search?q=beauty&author=Oscar%20Wilde,84,0,0
1782353866452,105,HTTP Request,200,OK,Author Query 5-7,text,true,,263,155,10,70,http://localhost:8080/search?q=beauty&author=Oscar%20Wilde,105,0,0
1782353866483,77,HTTP Request,200,OK,Author Query 5-3,text,true,,263,155,10,70,http://localhost:8080/search?q=beauty&author=Oscar%20Wilde,77,0,0
1782353866483,109,HTTP Request,200,OK,Author Query 5-4,text,true,,263,155,10,70,http://localhost:8080/search?q=beauty&author=Oscar%20Wilde,109,0,0
1782353866486,107,HTTP Request,200,OK,Author Query 5-9,text,true,,263,155,10,70,http://localhost:8080/search?q=beauty&author=Oscar%20Wilde,107,0,0
1782353866516,112,HTTP Request,200,OK,Author Query 5-10,text,true,,263,155,10,70,http://localhost:8080/search?q=beauty&author=Oscar%20Wilde,112,0,0
1782353866517,125,HTTP Request,200,OK,Author Query 5-6,text,true,,263,155,10,70,http://localhost:8080/search?q=beauty&author=Oscar%20Wilde,125,0,0
1782353866544,100,HTTP Request,200,OK,Author Query 5-1,text,true,,263,155,10,70,http://localhost:8080/search?q=beauty&author=Oscar%20Wilde,100,0,0
1782353866544,101,HTTP Request,200,OK,Author Query 5-5,text,true,,263,155,10,70,http://localhost:8080/search?q=beauty&author=Oscar%20Wilde,101,0,0
1782353866593,153,HTTP Request,200,OK,Author Query 5-9,text,true,,263,155,10,70,http://localhost:8080/search?q=beauty&author=Oscar%20Wilde,153,0,0
1782353866592,155,HTTP Request,200,OK,Author Query 5-4,text,true,,263,155,10,70,http://localhost:8080/search?q=beauty&author=Oscar%20Wilde,155,0,0
1782353866560,188,HTTP Request,200,OK,Author Query 5-3,text,true,,263,155,10,70,http://localhost:8080/search?q=beauty&author=Oscar%20Wilde,188,0,0
1782353866551,198,HTTP Request,200,OK,Author Query 5-2,text,true,,263,155,10,70,http://localhost:8080/search?q=beauty&author=Oscar%20Wilde,198,0,0
1782353866557,193,HTTP Request,200,OK,Author Query 5-7,text,true,,263,155,10,70,http://localhost:8080/search?q=beauty&author=Oscar%20Wilde,193,0,0
1782353866551,199,HTTP Request,200,OK,Author Query 5-8,text,true,,263,155,10,70,http://localhost:8080/search?q=beauty&author=Oscar%20Wilde,199,0,0
1782353866628,135,HTTP Request,200,OK,Author Query 5-10,text,true,,263,155,10,70,http://localhost:8080/search?q=beauty&author=Oscar%20Wilde,135,0,0
1782353866642,198,HTTP Request,200,OK,Author Query 5-6,text,true,,263,155,10,70,http://localhost:8080/search?q=beauty&author=Oscar%20Wilde,198,0,0
1782353866644,196,HTTP Request,200,OK,Author Query 5-1,text,true,,263,155,10,70,http://localhost:8080/search?q=beauty&author=Oscar%20Wilde,196,0,0
1782353866645,196,HTTP Request,200,OK,Author Query 5-5,text,true,,263,155,10,70,http://localhost:8080/search?q=beauty&author=Oscar%20Wilde,196,0,0
1782353866747,160,HTTP Request,200,OK,Author Query 5-4,text,true,,263,155,10,70,http://localhost:8080/search?q=beauty&author=Oscar%20Wilde,160,0,0
1782353866748,160,HTTP Request,200,OK,Author Query 5-3,text,true,,263,155,10,70,http://localhost:8080/search?q=beauty&author=Oscar%20Wilde,160,0,0
1782353866750,158,HTTP Request,200,OK,Author Query 5-8,text,true,,263,155,10,70,http://localhost:8080/search?q=beauty&author=Oscar%20Wilde,158,0,0
1782353866764,144,HTTP Request,200,OK,Author Query 5-10,text,true,,263,155,10,70,http://localhost:8080/search?q=beauty&author=Oscar%20Wilde,144,0,0
1782353866746,162,HTTP Request,200,OK,Author Query 5-9,text,true,,263,155,10,70,http://localhost:8080/search?q=beauty&author=Oscar%20Wilde,162,0,0
1782353866750,159,HTTP Request,200,OK,Author Query 5-2,text,true,,263,155,10,70,http://localhost:8080/search?q=beauty&author=Oscar%20Wilde,159,0,0
1782353866750,173,HTTP Request,200,OK,Author Query 5-7,text,true,,263,155,10,70,http://localhost:8080/search?q=beauty&author=Oscar%20Wilde,173,0,0
1782353866840,130,HTTP Request,200,OK,Author Query 5-1,text,true,,263,155,10,70,http://localhost:8080/search?q=beauty&author=Oscar%20Wilde,130,0,0
1782353866840,130,HTTP Request,200,OK,Author Query 5-6,text,true,,263,155,10,70,http://localhost:8080/search?q=beauty&author=Oscar%20Wilde,130,0,0
1782353866841,129,HTTP Request,200,OK,Author Query 5-5,text,true,,263,155,10,70,http://localhost:8080/search?q=beauty&author=Oscar%20Wilde,129,0,0
1782353866909,151,HTTP Request,200,OK,Author Query 5-2,text,true,,263,155,10,70,http://localhost:8080/search?q=beauty&author=Oscar%20Wilde,151,0,0
1782353866908,177,HTTP Request,200,OK,Author Query 5-8,text,true,,263,155,10,70,http://localhost:8080/search?q=beauty&author=Oscar%20Wilde,177,0,0
1782353866907,178,HTTP Request,200,OK,Author Query 5-4,text,true,,263,155,10,70,http://localhost:8080/search?q=beauty&author=Oscar%20Wilde,178,0,0
1782353866908,178,HTTP Request,200,OK,Author Query 5-3,text,true,,263,155,10,70,http://localhost:8080/search?q=beauty&author=Oscar%20Wilde,178,0,0
1782353866909,178,HTTP Request,200,OK,Author Query 5-9,text,true,,263,155,10,70,http://localhost:8080/search?q=beauty&author=Oscar%20Wilde,178,0,0
1782353866908,182,HTTP Request,200,OK,Author Query 5-10,text,true,,263,155,10,70,http://localhost:8080/search?q=beauty&author=Oscar%20Wilde,182,0,0
1782353866923,176,HTTP Request,200,OK,Author Query 5-7,text,true,,263,155,10,70,http://localhost:8080/search?q=beauty&author=Oscar%20Wilde,176,0,0
1782353866970,160,HTTP Request,200,OK,Author Query 5-1,text,true,,263,155,10,70,http://localhost:8080/search?q=beauty&author=Oscar%20Wilde,160,0,0
1782353866970,161,HTTP Request,200,OK,Author Query 5-6,text,true,,263,155,10,70,http://localhost:8080/search?q=beauty&author=Oscar%20Wilde,161,0,0
1782353866971,172,HTTP Request,200,OK,Author Query 5-5,text,true,,263,155,10,70,http://localhost:8080/search?q=beauty&author=Oscar%20Wilde,172,0,0
1782353867061,151,HTTP Request,200,OK,Author Query 5-2,text,true,,263,155,10,70,http://localhost:8080/search?q=beauty&author=Oscar%20Wilde,151,0,0
1782353867087,169,HTTP Request,200,OK,Author Query 5-9,text,true,,263,155,10,70,http://localhost:8080/search?q=beauty&author=Oscar%20Wilde,169,0,0
1782353867085,175,HTTP Request,200,OK,Author Query 5-4,text,true,,263,155,10,70,http://localhost:8080/search?q=beauty&author=Oscar%20Wilde,175,0,0
1782353867086,174,HTTP Request,200,OK,Author Query 5-3,text,true,,263,155,10,70,http://localhost:8080/search?q=beauty&author=Oscar%20Wilde,174,0,0
1782353867085,175,HTTP Request,200,OK,Author Query 5-8,text,true,,263,155,10,70,http://localhost:8080/search?q=beauty&author=Oscar%20Wilde,175,0,0
1782353867090,170,HTTP Request,200,OK,Author Query 5-10,text,true,,263,155,10,70,http://localhost:8080/search?q=beauty&author=Oscar%20Wilde,170,0,0
1782353867132,191,HTTP Request,200,OK,Author Query 5-6,text,true,,263,155,10,70,http://localhost:8080/search?q=beauty&author=Oscar%20Wilde,191,0,0
1782353867212,116,HTTP Request,200,OK,Author Query 5-2,text,true,,263,155,10,70,http://localhost:8080/search?q=beauty&author=Oscar%20Wilde,116,0,0
1782353867099,258,HTTP Request,200,OK,Author Query 5-7,text,true,,263,155,10,70,http://localhost:8080/search?q=beauty&author=Oscar%20Wilde,258,0,0
1782353867144,236,HTTP Request,200,OK,Author Query 5-5,text,true,,263,155,10,70,http://localhost:8080/search?q=beauty&author=Oscar%20Wilde,236,0,0
1782353867260,120,HTTP Request,200,OK,Author Query 5-8,text,true,,263,155,10,70,http://localhost:8080/search?q=beauty&author=Oscar%20Wilde,120,0,0
1782353867256,125,HTTP Request,200,OK,Author Query 5-9,text,true,,263,155,10,70,http://localhost:8080/search?q=beauty&author=Oscar%20Wilde,125,0,0
1782353867260,121,HTTP Request,200,OK,Author Query 5-4,text,true,,263,155,10,70,http://localhost:8080/search?q=beauty&author=Oscar%20Wilde,121,0,0
1782353867260,123,HTTP Request,200,OK,Author Query 5-10,text,true,,263,155,10,70,http://localhost:8080/search?q=beauty&author=Oscar%20Wilde,123,0,0
1782353867260,123,HTTP Request,200,OK,Author Query 5-3,text,true,,263,155,10,70,http://localhost:8080/search?q=beauty&author=Oscar%20Wilde,123,0,0
1782353867130,272,HTTP Request,200,OK,Author Query 5-1,text,true,,263,155,10,70,http://localhost:8080/search?q=beauty&author=Oscar%20Wilde,272,0,0
1782353867324,166,HTTP Request,200,OK,Author Query 5-6,text,true,,263,155,10,70,http://localhost:8080/search?q=beauty&author=Oscar%20Wilde,166,0,0
1782353867329,189,HTTP Request,200,OK,Author Query 5-2,text,true,,263,155,10,70,http://localhost:8080/search?q=beauty&author=Oscar%20Wilde,189,0,0
1782353867358,174,HTTP Request,200,OK,Author Query 5-7,text,true,,263,155,10,70,http://localhost:8080/search?q=beauty&author=Oscar%20Wilde,174,0,0
1782353867402,134,HTTP Request,200,OK,Author Query 5-1,text,true,,263,155,10,70,http://localhost:8080/search?q=beauty&author=Oscar%20Wilde,134,0,0
1782353867380,179,HTTP Request,200,OK,Author Query 5-5,text,true,,263,155,10,70,http://localhost:8080/search?q=beauty&author=Oscar%20Wilde,179,0,0
1782353867381,190,HTTP Request,200,OK,Author Query 5-9,text,true,,263,155,10,70,http://localhost:8080/search?q=beauty&author=Oscar%20Wilde,190,0,0
1782353867381,190,HTTP Request,200,OK,Author Query 5-4,text,true,,263,155,10,70,http://localhost:8080/search?q=beauty&author=Oscar%20Wilde,190,0,0
1782353867384,187,HTTP Request,200,OK,Author Query 5-3,text,true,,263,155,10,70,http://localhost:8080/search?q=beauty&author=Oscar%20Wilde,187,0,0
1782353867383,189,HTTP Request,200,OK,Author Query 5-10,text,true,,263,155,10,70,http://localhost:8080/search?q=beauty&author=Oscar%20Wilde,189,0,0
1782353867380,193,HTTP Request,200,OK,Author Query 5-8,text,true,,263,155,10,70,http://localhost:8080/search?q=beauty&author=Oscar%20Wilde,193,0,0
1782353867490,142,HTTP Request,200,OK,Author Query 5-6,text,true,,263,155,10,70,http://localhost:8080/search?q=beauty&author=Oscar%20Wilde,142,0,0
1782353867519,129,HTTP Request,200,OK,Author Query 5-2,text,true,,263,155,10,70,http://localhost:8080/search?q=beauty&author=Oscar%20Wilde,129,0,0
1782353867572,116,HTTP Request,200,OK,Author Query 5-3,text,true,,263,155,10,70,http://localhost:8080/search?q=beauty&author=Oscar%20Wilde,116,0,0
1782353867559,163,HTTP Request,200,OK,Author Query 5-5,text,true,,263,155,10,70,http://localhost:8080/search?q=beauty&author=Oscar%20Wilde,163,0,0
1782353867573,173,HTTP Request,200,OK,Author Query 5-8,text,true,,263,155,10,70,http://localhost:8080/search?q=beauty&author=Oscar%20Wilde,173,0,0
1782353867571,175,HTTP Request,200,OK,Author Query 5-4,text,true,,263,155,10,70,http://localhost:8080/search?q=beauty&author=Oscar%20Wilde,175,0,0
1782353867532,215,HTTP Request,200,OK,Author Query 5-7,text,true,,263,155,10,70,http://localhost:8080/search?q=beauty&author=Oscar%20Wilde,215,0,0
1782353867536,212,HTTP Request,200,OK,Author Query 5-1,text,true,,263,155,10,70,http://localhost:8080/search?q=beauty&author=Oscar%20Wilde,212,0,0
1782353867573,200,HTTP Request,200,OK,Author Query 5-10,text,true,,263,155,10,70,http://localhost:8080/search?q=beauty&author=Oscar%20Wilde,200,0,0
1782353867571,207,HTTP Request,200,OK,Author Query 5-9,text,true,,263,155,10,70,http://localhost:8080/search?q=beauty&author=Oscar%20Wilde,207,0,0
1782353867632,168,HTTP Request,200,OK,Author Query 5-6,text,true,,263,155,10,70,http://localhost:8080/search?q=beauty&author=Oscar%20Wilde,167,0,0
1782353867649,171,HTTP Request,200,OK,Author Query 5-2,text,true,,263,155,10,70,http://localhost:8080/search?q=beauty&author=Oscar%20Wilde,171,0,0
1782353867746,95,HTTP Request,200,OK,Author Query 5-8,text,true,,263,155,10,70,http://localhost:8080/search?q=beauty&author=Oscar%20Wilde,95,0,0
1782353867688,179,HTTP Request,200,OK,Author Query 5-3,text,true,,263,155,10,70,http://localhost:8080/search?q=beauty&author=Oscar%20Wilde,179,0,0
1782353867747,133,HTTP Request,200,OK,Author Query 5-4,text,true,,263,155,10,70,http://localhost:8080/search?q=beauty&author=Oscar%20Wilde,133,0,0
1782353867722,158,HTTP Request,200,OK,Author Query 5-5,text,true,,263,155,10,70,http://localhost:8080/search?q=beauty&author=Oscar%20Wilde,158,0,0
1782353867800,90,HTTP Request,200,OK,Author Query 5-6,text,true,,263,155,10,70,http://localhost:8080/search?q=beauty&author=Oscar%20Wilde,90,0,0
1782353867749,150,HTTP Request,200,OK,Author Query 5-1,text,true,,263,155,10,70,http://localhost:8080/search?q=beauty&author=Oscar%20Wilde,150,0,0
1782353867775,163,HTTP Request,200,OK,Author Query 5-10,text,true,,263,155,10,70,http://localhost:8080/search?q=beauty&author=Oscar%20Wilde,163,0,0
1782353867748,192,HTTP Request,200,OK,Author Query 5-7,text,true,,263,155,10,70,http://localhost:8080/search?q=beauty&author=Oscar%20Wilde,192,0,0
1782353867779,181,HTTP Request,200,OK,Author Query 5-9,text,true,,263,155,10,70,http://localhost:8080/search?q=beauty&author=Oscar%20Wilde,181,0,0
1782353867880,81,HTTP Request,200,OK,Author Query 5-5,text,true,,263,155,10,70,http://localhost:8080/search?q=beauty&author=Oscar%20Wilde,81,0,0
1782353867880,82,HTTP Request,200,OK,Author Query 5-4,text,true,,263,155,10,70,http://localhost:8080/search?q=beauty&author=Oscar%20Wilde,82,0,0
1782353867841,122,HTTP Request,200,OK,Author Query 5-8,text,true,,263,155,10,70,http://localhost:8080/search?q=beauty&author=Oscar%20Wilde,122,0,0
1782353867867,97,HTTP Request,200,OK,Author Query 5-3,text,true,,263,155,10,70,http://localhost:8080/search?q=beauty&author=Oscar%20Wilde,97,0,0
1782353867820,144,HTTP Request,200,OK,Author Query 5-2,text,true,,263,155,10,70,http://localhost:8080/search?q=beauty&author=Oscar%20Wilde,144,0,0
1782353867890,99,HTTP Request,200,OK,Author Query 5-6,text,true,,263,155,10,70,http://localhost:8080/search?q=beauty&author=Oscar%20Wilde,99,0,0
1782353867963,108,HTTP Request,200,OK,Author Query 5-8,text,true,,263,155,10,70,http://localhost:8080/search?q=beauty&author=Oscar%20Wilde,108,0,0
1782353867962,110,HTTP Request,200,OK,Author Query 5-4,text,true,,263,155,10,70,http://localhost:8080/search?q=beauty&author=Oscar%20Wilde,110,0,0
1782353867964,108,HTTP Request,200,OK,Author Query 5-3,text,true,,263,155,10,70,http://localhost:8080/search?q=beauty&author=Oscar%20Wilde,108,0,0
1782353867900,172,HTTP Request,200,OK,Author Query 5-1,text,true,,263,155,10,70,http://localhost:8080/search?q=beauty&author=Oscar%20Wilde,172,0,0
1782353867961,112,HTTP Request,200,OK,Author Query 5-5,text,true,,263,155,10,70,http://localhost:8080/search?q=beauty&author=Oscar%20Wilde,112,0,0
1782353867960,113,HTTP Request,200,OK,Author Query 5-9,text,true,,263,155,10,70,http://localhost:8080/search?q=beauty&author=Oscar%20Wilde,113,0,0
1782353867942,142,HTTP Request,200,OK,Author Query 5-7,text,true,,263,155,10,70,http://localhost:8080/search?q=beauty&author=Oscar%20Wilde,142,0,0
1782353867989,134,HTTP Request,200,OK,Author Query 5-6,text,true,,263,155,10,70,http://localhost:8080/search?q=beauty&author=Oscar%20Wilde,134,0,0
1782353867964,159,HTTP Request,200,OK,Author Query 5-2,text,true,,263,155,10,70,http://localhost:8080/search?q=beauty&author=Oscar%20Wilde,159,0,0
1782353867939,186,HTTP Request,200,OK,Author Query 5-10,text,true,,263,155,10,70,http://localhost:8080/search?q=beauty&author=Oscar%20Wilde,186,0,0
1782353868072,85,HTTP Request,200,OK,Author Query 5-4,text,true,,263,155,10,70,http://localhost:8080/search?q=beauty&author=Oscar%20Wilde,85,0,0
1782353868071,100,HTTP Request,200,OK,Author Query 5-8,text,true,,263,155,10,70,http://localhost:8080/search?q=beauty&author=Oscar%20Wilde,100,0,0
1782353868073,100,HTTP Request,200,OK,Author Query 5-1,text,true,,263,155,10,70,http://localhost:8080/search?q=beauty&author=Oscar%20Wilde,100,0,0
1782353868084,145,HTTP Request,200,OK,Author Query 5-7,text,true,,263,155,10,70,http://localhost:8080/search?q=beauty&author=Oscar%20Wilde,145,0,0
1782353868072,158,HTTP Request,200,OK,Author Query 5-3,text,true,,263,155,10,70,http://localhost:8080/search?q=beauty&author=Oscar%20Wilde,158,0,0
1782353868073,160,HTTP Request,200,OK,Author Query 5-9,text,true,,263,155,10,70,http://localhost:8080/search?q=beauty&author=Oscar%20Wilde,160,0,0
1782353868073,160,HTTP Request,200,OK,Author Query 5-5,text,true,,263,155,10,70,http://localhost:8080/search?q=beauty&author=Oscar%20Wilde,160,0,0
1782353868172,124,HTTP Request,200,OK,Author Query 5-8,text,true,,263,155,10,70,http://localhost:8080/search?q=beauty&author=Oscar%20Wilde,124,0,0
1782353868158,143,HTTP Request,200,OK,Author Query 5-4,text,true,,263,155,10,70,http://localhost:8080/search?q=beauty&author=Oscar%20Wilde,143,0,0
1782353868126,211,HTTP Request,200,OK,Author Query 5-10,text,true,,263,155,10,70,http://localhost:8080/search?q=beauty&author=Oscar%20Wilde,211,0,0
1782353868124,214,HTTP Request,200,OK,Author Query 5-6,text,true,,263,155,10,70,http://localhost:8080/search?q=beauty&author=Oscar%20Wilde,214,0,0
1782353868124,228,HTTP Request,200,OK,Author Query 5-2,text,true,,263,155,10,70,http://localhost:8080/search?q=beauty&author=Oscar%20Wilde,228,0,0
1782353868229,142,HTTP Request,200,OK,Author Query 5-7,text,true,,263,155,10,70,http://localhost:8080/search?q=beauty&author=Oscar%20Wilde,142,0,0
1782353868173,198,HTTP Request,200,OK,Author Query 5-1,text,true,,263,155,10,70,http://localhost:8080/search?q=beauty&author=Oscar%20Wilde,198,0,0
1782353868233,143,HTTP Request,200,OK,Author Query 5-9,text,true,,263,155,10,70,http://localhost:8080/search?q=beauty&author=Oscar%20Wilde,143,0,0
1782353868297,102,HTTP Request,200,OK,Author Query 5-8,text,true,,263,155,10,70,http://localhost:8080/search?q=beauty&author=Oscar%20Wilde,102,0,0
1782353868301,122,HTTP Request,200,OK,Author Query 5-4,text,true,,263,155,10,70,http://localhost:8080/search?q=beauty&author=Oscar%20Wilde,122,0,0
1782353868230,193,HTTP Request,200,OK,Author Query 5-3,text,true,,263,155,10,70,http://localhost:8080/search?q=beauty&author=Oscar%20Wilde,193,0,0
1782353868233,190,HTTP Request,200,OK,Author Query 5-5,text,true,,263,155,10,70,http://localhost:8080/search?q=beauty&author=Oscar%20Wilde,190,0,0
1782353868339,133,HTTP Request,200,OK,Author Query 5-6,text,true,,263,155,10,70,http://localhost:8080/search?q=beauty&author=Oscar%20Wilde,133,0,0
1782353868377,136,HTTP Request,200,OK,Author Query 5-9,text,true,,263,155,10,70,http://localhost:8080/search?q=beauty&author=Oscar%20Wilde,136,0,0
1782353868371,142,HTTP Request,200,OK,Author Query 5-7,text,true,,263,155,10,70,http://localhost:8080/search?q=beauty&author=Oscar%20Wilde,142,0,0
1782353868400,114,HTTP Request,200,OK,Author Query 5-8,text,true,,263,155,10,70,http://localhost:8080/search?q=beauty&author=Oscar%20Wilde,114,0,0
1782353868353,163,HTTP Request,200,OK,Author Query 5-2,text,true,,263,155,10,70,http://localhost:8080/search?q=beauty&author=Oscar%20Wilde,163,0,0
1782353868371,146,HTTP Request,200,OK,Author Query 5-1,text,true,,263,155,10,70,http://localhost:8080/search?q=beauty&author=Oscar%20Wilde,146,0,0
1782353868337,181,HTTP Request,200,OK,Author Query 5-10,text,true,,263,155,10,70,http://localhost:8080/search?q=beauty&author=Oscar%20Wilde,181,0,0
1782353868423,103,HTTP Request,200,OK,Author Query 5-3,text,true,,263,155,10,70,http://localhost:8080/search?q=beauty&author=Oscar%20Wilde,103,0,0
1782353868423,104,HTTP Request,200,OK,Author Query 5-4,text,true,,263,155,10,70,http://localhost:8080/search?q=beauty&author=Oscar%20Wilde,104,0,0
1782353868423,107,HTTP Request,200,OK,Author Query 5-5,text,true,,263,155,10,70,http://localhost:8080/search?q=beauty&author=Oscar%20Wilde,107,0,0
1782353868472,173,HTTP Request,200,OK,Author Query 5-6,text,true,,263,155,10,70,http://localhost:8080/search?q=beauty&author=Oscar%20Wilde,173,0,0
1782353868513,160,HTTP Request,200,OK,Author Query 5-9,text,true,,263,155,10,70,http://localhost:8080/search?q=beauty&author=Oscar%20Wilde,160,0,0
1782353868527,200,HTTP Request,200,OK,Author Query 5-4,text,true,,263,155,10,70,http://localhost:8080/search?q=beauty&author=Oscar%20Wilde,200,0,0
1782353868516,218,HTTP Request,200,OK,Author Query 5-2,text,true,,263,155,10,70,http://localhost:8080/search?q=beauty&author=Oscar%20Wilde,218,0,0
1782353868513,221,HTTP Request,200,OK,Author Query 5-7,text,true,,263,155,10,70,http://localhost:8080/search?q=beauty&author=Oscar%20Wilde,221,0,0
1782353868518,240,HTTP Request,200,OK,Author Query 5-10,text,true,,263,155,10,70,http://localhost:8080/search?q=beauty&author=Oscar%20Wilde,240,0,0
1782353868527,232,HTTP Request,200,OK,Author Query 5-3,text,true,,263,155,10,70,http://localhost:8080/search?q=beauty&author=Oscar%20Wilde,232,0,0
1782353868514,245,HTTP Request,200,OK,Author Query 5-8,text,true,,263,155,10,70,http://localhost:8080/search?q=beauty&author=Oscar%20Wilde,245,0,0
1782353868645,117,HTTP Request,200,OK,Author Query 5-6,text,true,,263,155,10,70,http://localhost:8080/search?q=beauty&author=Oscar%20Wilde,117,0,0
1782353868673,90,HTTP Request,200,OK,Author Query 5-9,text,true,,263,155,10,70,http://localhost:8080/search?q=beauty&author=Oscar%20Wilde,90,0,0
1782353868531,234,HTTP Request,200,OK,Author Query 5-5,text,true,,263,155,10,70,http://localhost:8080/search?q=beauty&author=Oscar%20Wilde,234,0,0
1782353868517,248,HTTP Request,200,OK,Author Query 5-1,text,true,,263,155,10,70,http://localhost:8080/search?q=beauty&author=Oscar%20Wilde,248,0,0
1782353868735,152,HTTP Request,200,OK,Author Query 5-7,text,true,,263,155,10,70,http://localhost:8080/search?q=beauty&author=Oscar%20Wilde,152,0,0
1782353868728,166,HTTP Request,200,OK,Author Query 5-4,text,true,,263,155,10,70,http://localhost:8080/search?q=beauty&author=Oscar%20Wilde,166,0,0
1782353868735,159,HTTP Request,200,OK,Author Query 5-2,text,true,,263,155,10,70,http://localhost:8080/search?q=beauty&author=Oscar%20Wilde,159,0,0
1782353868759,165,HTTP Request,200,OK,Author Query 5-10,text,true,,263,155,10,70,http://localhost:8080/search?q=beauty&author=Oscar%20Wilde,165,0,0
1782353868766,158,HTTP Request,200,OK,Author Query 5-1,text,true,,263,155,10,70,http://localhost:8080/search?q=beauty&author=Oscar%20Wilde,158,0,0
1782353868759,166,HTTP Request,200,OK,Author Query 5-3,text,true,,263,155,10,70,http://localhost:8080/search?q=beauty&author=Oscar%20Wilde,166,0,0
1782353868759,166,HTTP Request,200,OK,Author Query 5-8,text,true,,263,155,10,70,http://localhost:8080/search?q=beauty&author=Oscar%20Wilde,166,0,0
1782353868762,204,HTTP Request,200,OK,Author Query 5-6,text,true,,263,155,10,70,http://localhost:8080/search?q=beauty&author=Oscar%20Wilde,204,0,0
1782353868763,222,HTTP Request,200,OK,Author Query 5-9,text,true,,263,155,10,70,http://localhost:8080/search?q=beauty&author=Oscar%20Wilde,222,0,0
1782353868765,222,HTTP Request,200,OK,Author Query 5-5,text,true,,263,155,10,70,http://localhost:8080/search?q=beauty&author=Oscar%20Wilde,222,0,0
1782353868924,99,HTTP Request,200,OK,Author Query 5-10,text,true,,263,155,10,70,http://localhost:8080/search?q=beauty&author=Oscar%20Wilde,99,0,0
1782353868895,129,HTTP Request,200,OK,Author Query 5-2,text,true,,263,155,10,70,http://localhost:8080/search?q=beauty&author=Oscar%20Wilde,129,0,0
1782353868894,141,HTTP Request,200,OK,Author Query 5-4,text,true,,263,155,10,70,http://localhost:8080/search?q=beauty&author=Oscar%20Wilde,141,0,0
1782353868925,110,HTTP Request,200,OK,Author Query 5-8,text,true,,263,155,10,70,http://localhost:8080/search?q=beauty&author=Oscar%20Wilde,110,0,0
1782353868924,117,HTTP Request,200,OK,Author Query 5-1,text,true,,263,155,10,70,http://localhost:8080/search?q=beauty&author=Oscar%20Wilde,117,0,0
1782353868925,119,HTTP Request,200,OK,Author Query 5-3,text,true,,263,155,10,70,http://localhost:8080/search?q=beauty&author=Oscar%20Wilde,119,0,0
1782353868887,187,HTTP Request,200,OK,Author Query 5-7,text,true,,263,155,10,70,http://localhost:8080/search?q=beauty&author=Oscar%20Wilde,187,0,0
1782353868967,133,HTTP Request,200,OK,Author Query 5-6,text,true,,263,155,10,70,http://localhost:8080/search?q=beauty&author=Oscar%20Wilde,133,0,0
1782353868987,192,HTTP Request,200,OK,Author Query 5-5,text,true,,263,155,10,70,http://localhost:8080/search?q=beauty&author=Oscar%20Wilde,192,0,0
1782353869035,144,HTTP Request,200,OK,Author Query 5-4,text,true,,263,155,10,70,http://localhost:8080/search?q=beauty&author=Oscar%20Wilde,144,0,0
1782353869035,146,HTTP Request,200,OK,Author Query 5-8,text,true,,263,155,10,70,http://localhost:8080/search?q=beauty&author=Oscar%20Wilde,146,0,0
1782353869024,157,HTTP Request,200,OK,Author Query 5-10,text,true,,263,155,10,70,http://localhost:8080/search?q=beauty&author=Oscar%20Wilde,157,0,0
1782353869024,160,HTTP Request,200,OK,Author Query 5-2,text,true,,263,155,10,70,http://localhost:8080/search?q=beauty&author=Oscar%20Wilde,160,0,0
1782353869041,176,HTTP Request,200,OK,Author Query 5-1,text,true,,263,155,10,70,http://localhost:8080/search?q=beauty&author=Oscar%20Wilde,176,0,0
1782353868986,231,HTTP Request,200,OK,Author Query 5-9,text,true,,263,155,10,70,http://localhost:8080/search?q=beauty&author=Oscar%20Wilde,231,0,0
1782353869074,143,HTTP Request,200,OK,Author Query 5-7,text,true,,263,155,10,70,http://localhost:8080/search?q=beauty&author=Oscar%20Wilde,143,0,0
1782353869044,173,HTTP Request,200,OK,Author Query 5-3,text,true,,263,155,10,70,http://localhost:8080/search?q=beauty&author=Oscar%20Wilde,173,0,0
1782353869100,139,HTTP Request,200,OK,Author Query 5-6,text,true,,263,155,10,70,http://localhost:8080/search?q=beauty&author=Oscar%20Wilde,139,0,0
1782353869180,89,HTTP Request,200,OK,Author Query 5-4,text,true,,263,155,10,70,http://localhost:8080/search?q=beauty&author=Oscar%20Wilde,89,0,0
1782353869181,90,HTTP Request,200,OK,Author Query 5-8,text,true,,263,155,10,70,http://localhost:8080/search?q=beauty&author=Oscar%20Wilde,90,0,0
1782353869217,55,HTTP Request,200,OK,Author Query 5-7,text,true,,263,155,10,70,http://localhost:8080/search?q=beauty&author=Oscar%20Wilde,55,0,0
1782353869179,93,HTTP Request,200,OK,Author Query 5-5,text,true,,263,155,10,70,http://localhost:8080/search?q=beauty&author=Oscar%20Wilde,93,0,0
1782353869184,92,HTTP Request,200,OK,Author Query 5-2,text,true,,263,155,10,70,http://localhost:8080/search?q=beauty&author=Oscar%20Wilde,92,0,0
1782353869181,129,HTTP Request,200,OK,Author Query 5-10,text,true,,263,155,10,70,http://localhost:8080/search?q=beauty&author=Oscar%20Wilde,129,0,0
1782353869217,94,HTTP Request,200,OK,Author Query 5-1,text,true,,263,155,10,70,http://localhost:8080/search?q=beauty&author=Oscar%20Wilde,94,0,0
1782353869217,94,HTTP Request,200,OK,Author Query 5-3,text,true,,263,155,10,70,http://localhost:8080/search?q=beauty&author=Oscar%20Wilde,94,0,0
1782353869217,195,HTTP Request,200,OK,Author Query 5-9,text,true,,263,155,10,70,http://localhost:8080/search?q=beauty&author=Oscar%20Wilde,195,0,0
1782353869239,187,HTTP Request,200,OK,Author Query 5-6,text,true,,263,155,10,70,http://localhost:8080/search?q=beauty&author=Oscar%20Wilde,187,0,0
1782353869272,160,HTTP Request,200,OK,Author Query 5-7,text,true,,263,155,10,70,http://localhost:8080/search?q=beauty&author=Oscar%20Wilde,160,0,0
1782353869271,166,HTTP Request,200,OK,Author Query 5-8,text,true,,263,155,10,70,http://localhost:8080/search?q=beauty&author=Oscar%20Wilde,166,0,0
1782353869272,166,HTTP Request,200,OK,Author Query 5-5,text,true,,263,155,10,70,http://localhost:8080/search?q=beauty&author=Oscar%20Wilde,166,0,0
1782353869269,169,HTTP Request,200,OK,Author Query 5-4,text,true,,263,155,10,70,http://localhost:8080/search?q=beauty&author=Oscar%20Wilde,169,0,0
1782353869276,164,HTTP Request,200,OK,Author Query 5-2,text,true,,263,155,10,70,http://localhost:8080/search?q=beauty&author=Oscar%20Wilde,164,0,0
1782353869310,130,HTTP Request,200,OK,Author Query 5-10,text,true,,263,155,10,70,http://localhost:8080/search?q=beauty&author=Oscar%20Wilde,130,0,0
1782353869311,148,HTTP Request,200,OK,Author Query 5-1,text,true,,263,155,10,70,http://localhost:8080/search?q=beauty&author=Oscar%20Wilde,148,0,0
1782353869311,166,HTTP Request,200,OK,Author Query 5-3,text,true,,263,155,10,70,http://localhost:8080/search?q=beauty&author=Oscar%20Wilde,166,0,0
1782353869412,139,HTTP Request,200,OK,Author Query 5-9,text,true,,263,155,10,70,http://localhost:8080/search?q=beauty&author=Oscar%20Wilde,139,0,0
1782353869439,121,HTTP Request,200,OK,Author Query 5-4,text,true,,263,155,10,70,http://localhost:8080/search?q=beauty&author=Oscar%20Wilde,121,0,0
1782353869432,130,HTTP Request,200,OK,Author Query 5-7,text,true,,263,155,10,70,http://localhost:8080/search?q=beauty&author=Oscar%20Wilde,130,0,0
1782353869440,123,HTTP Request,200,OK,Author Query 5-10,text,true,,263,155,10,70,http://localhost:8080/search?q=beauty&author=Oscar%20Wilde,123,0,0
1782353869440,123,HTTP Request,200,OK,Author Query 5-2,text,true,,263,155,10,70,http://localhost:8080/search?q=beauty&author=Oscar%20Wilde,123,0,0
1782353869438,126,HTTP Request,200,OK,Author Query 5-8,text,true,,263,155,10,70,http://localhost:8080/search?q=beauty&author=Oscar%20Wilde,126,0,0
1782353869427,137,HTTP Request,200,OK,Author Query 5-6,text,true,,263,155,10,70,http://localhost:8080/search?q=beauty&author=Oscar%20Wilde,137,0,0
1782353869438,127,HTTP Request,200,OK,Author Query 5-5,text,true,,263,155,10,70,http://localhost:8080/search?q=beauty&author=Oscar%20Wilde,127,0,0
1782353869459,122,HTTP Request,200,OK,Author Query 5-1,text,true,,263,155,10,70,http://localhost:8080/search?q=beauty&author=Oscar%20Wilde,122,0,0
1782353869479,128,HTTP Request,200,OK,Author Query 5-3,text,true,,263,155,10,70,http://localhost:8080/search?q=beauty&author=Oscar%20Wilde,128,0,0
1782353869564,85,HTTP Request,200,OK,Author Query 5-2,text,true,,263,155,10,70,http://localhost:8080/search?q=beauty&author=Oscar%20Wilde,85,0,0
1782353869562,115,HTTP Request,200,OK,Author Query 5-7,text,true,,263,155,10,70,http://localhost:8080/search?q=beauty&author=Oscar%20Wilde,115,0,0
1782353869564,135,HTTP Request,200,OK,Author Query 5-8,text,true,,263,155,10,70,http://localhost:8080/search?q=beauty&author=Oscar%20Wilde,135,0,0
1782353869564,157,HTTP Request,200,OK,Author Query 5-6,text,true,,263,155,10,70,http://localhost:8080/search?q=beauty&author=Oscar%20Wilde,157,0,0
1782353869560,161,HTTP Request,200,OK,Author Query 5-4,text,true,,263,155,10,70,http://localhost:8080/search?q=beauty&author=Oscar%20Wilde,161,0,0
1782353869563,158,HTTP Request,200,OK,Author Query 5-10,text,true,,263,155,10,70,http://localhost:8080/search?q=beauty&author=Oscar%20Wilde,158,0,0
1782353869551,172,HTTP Request,200,OK,Author Query 5-9,text,true,,263,155,10,70,http://localhost:8080/search?q=beauty&author=Oscar%20Wilde,172,0,0
1782353869608,129,HTTP Request,200,OK,Author Query 5-3,text,true,,263,155,10,70,http://localhost:8080/search?q=beauty&author=Oscar%20Wilde,129,0,0
1782353869566,172,HTTP Request,200,OK,Author Query 5-5,text,true,,263,155,10,70,http://localhost:8080/search?q=beauty&author=Oscar%20Wilde,172,0,0
1782353869582,156,HTTP Request,200,OK,Author Query 5-1,text,true,,263,155,10,70,http://localhost:8080/search?q=beauty&author=Oscar%20Wilde,156,0,0
1782353869649,102,HTTP Request,200,OK,Author Query 5-2,text,true,,263,155,10,70,http://localhost:8080/search?q=beauty&author=Oscar%20Wilde,102,0,0
1782353869721,94,HTTP Request,200,OK,Author Query 5-4,text,true,,263,155,10,70,http://localhost:8080/search?q=beauty&author=Oscar%20Wilde,94,0,0
1782353869699,121,HTTP Request,200,OK,Author Query 5-8,text,true,,263,155,10,70,http://localhost:8080/search?q=beauty&author=Oscar%20Wilde,121,0,0
1782353869677,152,HTTP Request,200,OK,Author Query 5-7,text,true,,263,155,10,70,http://localhost:8080/search?q=beauty&author=Oscar%20Wilde,152,0,0
1782353869738,113,HTTP Request,200,OK,Author Query 5-3,text,true,,263,155,10,70,http://localhost:8080/search?q=beauty&author=Oscar%20Wilde,113,0,0
1782353869721,131,HTTP Request,200,OK,Author Query 5-6,text,true,,263,155,10,70,http://localhost:8080/search?q=beauty&author=Oscar%20Wilde,131,0,0
1782353869738,114,HTTP Request,200,OK,Author Query 5-5,text,true,,263,155,10,70,http://localhost:8080/search?q=beauty&author=Oscar%20Wilde,114,0,0
1782353869722,140,HTTP Request,200,OK,Author Query 5-10,text,true,,263,155,10,70,http://localhost:8080/search?q=beauty&author=Oscar%20Wilde,140,0,0
1782353869723,180,HTTP Request,200,OK,Author Query 5-9,text,true,,263,155,10,70,http://localhost:8080/search?q=beauty&author=Oscar%20Wilde,180,0,0
1782353869751,152,HTTP Request,200,OK,Author Query 5-2,text,true,,263,155,10,70,http://localhost:8080/search?q=beauty&author=Oscar%20Wilde,152,0,0
1782353869738,165,HTTP Request,200,OK,Author Query 5-1,text,true,,263,155,10,70,http://localhost:8080/search?q=beauty&author=Oscar%20Wilde,165,0,0
1782353869821,120,HTTP Request,200,OK,Author Query 5-8,text,true,,263,155,10,70,http://localhost:8080/search?q=beauty&author=Oscar%20Wilde,120,0,0
1782353869816,128,HTTP Request,200,OK,Author Query 5-4,text,true,,263,155,10,70,http://localhost:8080/search?q=beauty&author=Oscar%20Wilde,128,0,0
1782353869863,101,HTTP Request,200,OK,Author Query 5-10,text,true,,263,155,10,70,http://localhost:8080/search?q=beauty&author=Oscar%20Wilde,101,0,0
1782353869852,112,HTTP Request,200,OK,Author Query 5-5,text,true,,263,155,10,70,http://localhost:8080/search?q=beauty&author=Oscar%20Wilde,112,0,0
1782353869852,132,HTTP Request,200,OK,Author Query 5-6,text,true,,263,155,10,70,http://localhost:8080/search?q=beauty&author=Oscar%20Wilde,132,0,0
1782353869830,154,HTTP Request,200,OK,Author Query 5-7,text,true,,263,155,10,70,http://localhost:8080/search?q=beauty&author=Oscar%20Wilde,154,0,0
1782353869851,157,HTTP Request,200,OK,Author Query 5-3,text,true,,263,155,10,70,http://localhost:8080/search?q=beauty&author=Oscar%20Wilde,157,0,0
1782353869941,91,HTTP Request,200,OK,Author Query 5-8,text,true,,263,155,10,70,http://localhost:8080/search?q=beauty&author=Oscar%20Wilde,91,0,0
1782353869944,91,HTTP Request,200,OK,Author Query 5-4,text,true,,263,155,10,70,http://localhost:8080/search?q=beauty&author=Oscar%20Wilde,91,0,0
1782353869964,103,HTTP Request,200,OK,Author Query 5-10,text,true,,263,155,10,70,http://localhost:8080/search?q=beauty&author=Oscar%20Wilde,103,0,0
1782353869964,103,HTTP Request,200,OK,Author Query 5-5,text,true,,263,155,10,70,http://localhost:8080/search?q=beauty&author=Oscar%20Wilde,103,0,0
1782353869984,88,HTTP Request,200,OK,Author Query 5-6,text,true,,263,155,10,70,http://localhost:8080/search?q=beauty&author=Oscar%20Wilde,88,0,0
1782353869903,194,HTTP Request,200,OK,Author Query 5-2,text,true,,263,155,10,70,http://localhost:8080/search?q=beauty&author=Oscar%20Wilde,194,0,0
1782353869903,195,HTTP Request,200,OK,Author Query 5-9,text,true,,263,155,10,70,http://localhost:8080/search?q=beauty&author=Oscar%20Wilde,195,0,0
1782353869903,196,HTTP Request,200,OK,Author Query 5-1,text,true,,263,155,10,70,http://localhost:8080/search?q=beauty&author=Oscar%20Wilde,196,0,0
1782353870032,87,HTTP Request,200,OK,Author Query 5-8,text,true,,263,155,10,70,http://localhost:8080/search?q=beauty&author=Oscar%20Wilde,87,0,0
1782353869984,135,HTTP Request,200,OK,Author Query 5-7,text,true,,263,155,10,70,http://localhost:8080/search?q=beauty&author=Oscar%20Wilde,135,0,0
1782353870008,116,HTTP Request,200,OK,Author Query 5-3,text,true,,263,155,10,70,http://localhost:8080/search?q=beauty&author=Oscar%20Wilde,116,0,0
1782353870035,107,HTTP Request,200,OK,Author Query 5-4,text,true,,263,155,10,70,http://localhost:8080/search?q=beauty&author=Oscar%20Wilde,107,0,0
1782353870067,75,HTTP Request,200,OK,Author Query 5-10,text,true,,263,155,10,70,http://localhost:8080/search?q=beauty&author=Oscar%20Wilde,75,0,0
1782353870067,76,HTTP Request,200,OK,Author Query 5-5,text,true,,263,155,10,70,http://localhost:8080/search?q=beauty&author=Oscar%20Wilde,76,0,0
1782353870097,91,HTTP Request,200,OK,Author Query 5-2,text,true,,263,155,10,70,http://localhost:8080/search?q=beauty&author=Oscar%20Wilde,91,0,0
1782353870072,117,HTTP Request,200,OK,Author Query 5-6,text,true,,263,155,10,70,http://localhost:8080/search?q=beauty&author=Oscar%20Wilde,117,0,0
1782353870098,124,HTTP Request,200,OK,Author Query 5-9,text,true,,263,155,10,70,http://localhost:8080/search?q=beauty&author=Oscar%20Wilde,124,0,0
1782353870099,123,HTTP Request,200,OK,Author Query 5-1,text,true,,263,155,10,70,http://localhost:8080/search?q=beauty&author=Oscar%20Wilde,123,0,0
1782353870120,120,HTTP Request,200,OK,Author Query 5-7,text,true,,263,155,10,70,http://localhost:8080/search?q=beauty&author=Oscar%20Wilde,120,0,0
1782353870142,132,HTTP Request,200,OK,Author Query 5-10,text,true,,263,155,10,70,http://localhost:8080/search?q=beauty&author=Oscar%20Wilde,131,0,0
1782353870119,166,HTTP Request,200,OK,Author Query 5-8,text,true,,263,155,10,70,http://localhost:8080/search?q=beauty&author=Oscar%20Wilde,166,0,0
1782353870143,146,HTTP Request,200,OK,Author Query 5-5,text,true,,263,155,10,70,http://localhost:8080/search?q=beauty&author=Oscar%20Wilde,146,0,0
1782353870124,165,HTTP Request,200,OK,Author Query 5-3,text,true,,263,155,10,70,http://localhost:8080/search?q=beauty&author=Oscar%20Wilde,165,0,0
1782353870142,161,HTTP Request,200,OK,Author Query 5-4,text,true,,263,155,10,70,http://localhost:8080/search?q=beauty&author=Oscar%20Wilde,161,0,0
1782353870189,140,HTTP Request,200,OK,Author Query 5-6,text,true,,263,155,10,70,http://localhost:8080/search?q=beauty&author=Oscar%20Wilde,140,0,0
1782353870188,145,HTTP Request,200,OK,Author Query 5-2,text,true,,263,155,10,70,http://localhost:8080/search?q=beauty&author=Oscar%20Wilde,145,0,0
1782353870223,163,HTTP Request,200,OK,Author Query 5-9,text,true,,263,155,10,70,http://localhost:8080/search?q=beauty&author=Oscar%20Wilde,163,0,0
1782353870223,174,HTTP Request,200,OK,Author Query 5-1,text,true,,263,155,10,70,http://localhost:8080/search?q=beauty&author=Oscar%20Wilde,174,0,0
1782353870240,159,HTTP Request,200,OK,Author Query 5-7,text,true,,263,155,10,70,http://localhost:8080/search?q=beauty&author=Oscar%20Wilde,159,0,0
1782353870274,137,HTTP Request,200,OK,Author Query 5-10,text,true,,263,155,10,70,http://localhost:8080/search?q=beauty&author=Oscar%20Wilde,137,0,0
1782353870290,122,HTTP Request,200,OK,Author Query 5-3,text,true,,263,155,10,70,http://localhost:8080/search?q=beauty&author=Oscar%20Wilde,122,0,0
1782353870333,104,HTTP Request,200,OK,Author Query 5-2,text,true,,263,155,10,70,http://localhost:8080/search?q=beauty&author=Oscar%20Wilde,104,0,0
1782353870304,134,HTTP Request,200,OK,Author Query 5-4,text,true,,263,155,10,70,http://localhost:8080/search?q=beauty&author=Oscar%20Wilde,134,0,0
1782353870329,109,HTTP Request,200,OK,Author Query 5-6,text,true,,263,155,10,70,http://localhost:8080/search?q=beauty&author=Oscar%20Wilde,109,0,0
1782353870285,164,HTTP Request,200,OK,Author Query 5-8,text,true,,263,155,10,70,http://localhost:8080/search?q=beauty&author=Oscar%20Wilde,164,0,0
1782353870289,160,HTTP Request,200,OK,Author Query 5-5,text,true,,263,155,10,70,http://localhost:8080/search?q=beauty&author=Oscar%20Wilde,160,0,0
1782353870412,83,HTTP Request,200,OK,Author Query 5-10,text,true,,263,155,10,70,http://localhost:8080/search?q=beauty&author=Oscar%20Wilde,83,0,0
1782353870386,109,HTTP Request,200,OK,Author Query 5-9,text,true,,263,155,10,70,http://localhost:8080/search?q=beauty&author=Oscar%20Wilde,109,0,0
1782353870397,98,HTTP Request,200,OK,Author Query 5-1,text,true,,263,155,10,70,http://localhost:8080/search?q=beauty&author=Oscar%20Wilde,98,0,0
1782353870412,84,HTTP Request,200,OK,Author Query 5-3,text,true,,263,155,10,70,http://localhost:8080/search?q=beauty&author=Oscar%20Wilde,84,0,0
1782353870399,112,HTTP Request,200,OK,Author Query 5-7,text,true,,263,155,10,70,http://localhost:8080/search?q=beauty&author=Oscar%20Wilde,112,0,0
1782353870450,90,HTTP Request,200,OK,Author Query 5-5,text,true,,263,155,10,70,http://localhost:8080/search?q=beauty&author=Oscar%20Wilde,90,0,0
1782353870449,94,HTTP Request,200,OK,Author Query 5-8,text,true,,263,155,10,70,http://localhost:8080/search?q=beauty&author=Oscar%20Wilde,94,0,0
1782353870438,115,HTTP Request,200,OK,Author Query 5-2,text,true,,263,155,10,70,http://localhost:8080/search?q=beauty&author=Oscar%20Wilde,115,0,0
1782353870438,116,HTTP Request,200,OK,Author Query 5-6,text,true,,263,155,10,70,http://localhost:8080/search?q=beauty&author=Oscar%20Wilde,116,0,0
1782353870438,182,HTTP Request,200,OK,Author Query 5-4,text,true,,263,155,10,70,http://localhost:8080/search?q=beauty&author=Oscar%20Wilde,182,0,0
1782353870495,125,HTTP Request,200,OK,Author Query 5-10,text,true,,263,155,10,70,http://localhost:8080/search?q=beauty&author=Oscar%20Wilde,125,0,0
1782353870496,125,HTTP Request,200,OK,Author Query 5-1,text,true,,263,155,10,70,http://localhost:8080/search?q=beauty&author=Oscar%20Wilde,125,0,0
1782353870495,149,HTTP Request,200,OK,Author Query 5-9,text,true,,263,155,10,70,http://localhost:8080/search?q=beauty&author=Oscar%20Wilde,149,0,0
1782353870511,178,HTTP Request,200,OK,Author Query 5-7,text,true,,263,155,10,70,http://localhost:8080/search?q=beauty&author=Oscar%20Wilde,178,0,0
1782353870496,193,HTTP Request,200,OK,Author Query 5-3,text,true,,263,155,10,70,http://localhost:8080/search?q=beauty&author=Oscar%20Wilde,193,0,0
1782353870541,203,HTTP Request,200,OK,Author Query 5-5,text,true,,263,155,10,70,http://localhost:8080/search?q=beauty&author=Oscar%20Wilde,203,0,0
1782353870543,211,HTTP Request,200,OK,Author Query 5-8,text,true,,263,155,10,70,http://localhost:8080/search?q=beauty&author=Oscar%20Wilde,211,0,0
1782353870621,139,HTTP Request,200,OK,Author Query 5-1,text,true,,263,155,10,70,http://localhost:8080/search?q=beauty&author=Oscar%20Wilde,139,0,0
1782353870554,213,HTTP Request,200,OK,Author Query 5-2,text,true,,263,155,10,70,http://localhost:8080/search?q=beauty&author=Oscar%20Wilde,213,0,0
1782353870554,217,HTTP Request,200,OK,Author Query 5-6,text,true,,263,155,10,70,http://localhost:8080/search?q=beauty&author=Oscar%20Wilde,217,0,0
1782353870644,137,HTTP Request,200,OK,Author Query 5-9,text,true,,263,155,10,70,http://localhost:8080/search?q=beauty&author=Oscar%20Wilde,137,0,0
1782353870620,171,HTTP Request,200,OK,Author Query 5-10,text,true,,263,155,10,70,http://localhost:8080/search?q=beauty&author=Oscar%20Wilde,171,0,0
1782353870689,117,HTTP Request,200,OK,Author Query 5-3,text,true,,263,155,10,70,http://localhost:8080/search?q=beauty&author=Oscar%20Wilde,117,0,0
1782353870689,151,HTTP Request,200,OK,Author Query 5-7,text,true,,263,155,10,70,http://localhost:8080/search?q=beauty&author=Oscar%20Wilde,151,0,0
1782353870620,220,HTTP Request,200,OK,Author Query 5-4,text,true,,263,155,10,70,http://localhost:8080/search?q=beauty&author=Oscar%20Wilde,220,0,0
1782353870745,143,HTTP Request,200,OK,Author Query 5-5,text,true,,263,155,10,70,http://localhost:8080/search?q=beauty&author=Oscar%20Wilde,143,0,0
1782353870762,132,HTTP Request,200,OK,Author Query 5-1,text,true,,263,155,10,70,http://localhost:8080/search?q=beauty&author=Oscar%20Wilde,132,0,0
1782353870792,107,HTTP Request,200,OK,Author Query 5-10,text,true,,263,155,10,70,http://localhost:8080/search?q=beauty&author=Oscar%20Wilde,107,0,0
1782353870768,131,HTTP Request,200,OK,Author Query 5-2,text,true,,263,155,10,70,http://localhost:8080/search?q=beauty&author=Oscar%20Wilde,131,0,0
1782353870771,142,HTTP Request,200,OK,Author Query 5-6,text,true,,263,155,10,70,http://localhost:8080/search?q=beauty&author=Oscar%20Wilde,142,0,0
1782353870754,187,HTTP Request,200,OK,Author Query 5-8,text,true,,263,155,10,70,http://localhost:8080/search?q=beauty&author=Oscar%20Wilde,187,0,0
1782353870781,162,HTTP Request,200,OK,Author Query 5-9,text,true,,263,155,10,70,http://localhost:8080/search?q=beauty&author=Oscar%20Wilde,162,0,0
1782353870840,146,HTTP Request,200,OK,Author Query 5-7,text,true,,263,155,10,70,http://localhost:8080/search?q=beauty&author=Oscar%20Wilde,146,0,0
1782353870841,149,HTTP Request,200,OK,Author Query 5-4,text,true,,263,155,10,70,http://localhost:8080/search?q=beauty&author=Oscar%20Wilde,149,0,0
1782353870807,191,HTTP Request,200,OK,Author Query 5-3,text,true,,263,155,10,70,http://localhost:8080/search?q=beauty&author=Oscar%20Wilde,191,0,0
1782353870894,123,HTTP Request,200,OK,Author Query 5-1,text,true,,263,155,10,70,http://localhost:8080/search?q=beauty&author=Oscar%20Wilde,123,0,0
1782353870888,133,HTTP Request,200,OK,Author Query 5-5,text,true,,263,155,10,70,http://localhost:8080/search?q=beauty&author=Oscar%20Wilde,133,0,0
1782353870944,90,HTTP Request,200,OK,Author Query 5-9,text,true,,263,155,10,70,http://localhost:8080/search?q=beauty&author=Oscar%20Wilde,90,0,0
1782353870899,182,HTTP Request,200,OK,Author Query 5-10,text,true,,263,155,10,70,http://localhost:8080/search?q=beauty&author=Oscar%20Wilde,182,0,0
1782353870998,84,HTTP Request,200,OK,Author Query 5-3,text,true,,263,155,10,70,http://localhost:8080/search?q=beauty&author=Oscar%20Wilde,84,0,0
1782353870941,143,HTTP Request,200,OK,Author Query 5-8,text,true,,263,155,10,70,http://localhost:8080/search?q=beauty&author=Oscar%20Wilde,143,0,0
1782353871017,103,HTTP Request,200,OK,Author Query 5-1,text,true,,263,155,10,70,http://localhost:8080/search?q=beauty&author=Oscar%20Wilde,103,0,0
1782353871021,99,HTTP Request,200,OK,Author Query 5-5,text,true,,263,155,10,70,http://localhost:8080/search?q=beauty&author=Oscar%20Wilde,99,0,0
1782353870914,215,HTTP Request,200,OK,Author Query 5-6,text,true,,263,155,10,70,http://localhost:8080/search?q=beauty&author=Oscar%20Wilde,215,0,0
1782353870899,234,HTTP Request,200,OK,Author Query 5-2,text,true,,263,155,10,70,http://localhost:8080/search?q=beauty&author=Oscar%20Wilde,234,0,0
1782353870986,190,HTTP Request,200,OK,Author Query 5-7,text,true,,263,155,10,70,http://localhost:8080/search?q=beauty&author=Oscar%20Wilde,190,0,0
1782353871035,151,HTTP Request,200,OK,Author Query 5-9,text,true,,263,155,10,70,http://localhost:8080/search?q=beauty&author=Oscar%20Wilde,151,0,0
1782353871082,122,HTTP Request,200,OK,Author Query 5-3,text,true,,263,155,10,70,http://localhost:8080/search?q=beauty&author=Oscar%20Wilde,122,0,0
1782353871085,127,HTTP Request,200,OK,Author Query 5-8,text,true,,263,155,10,70,http://localhost:8080/search?q=beauty&author=Oscar%20Wilde,127,0,0
1782353870990,222,HTTP Request,200,OK,Author Query 5-4,text,true,,263,155,10,70,http://localhost:8080/search?q=beauty&author=Oscar%20Wilde,222,0,0
1782353871121,149,HTTP Request,200,OK,Author Query 5-5,text,true,,263,155,10,70,http://localhost:8080/search?q=beauty&author=Oscar%20Wilde,149,0,0
1782353871121,149,HTTP Request,200,OK,Author Query 5-1,text,true,,263,155,10,70,http://localhost:8080/search?q=beauty&author=Oscar%20Wilde,149,0,0
1782353871081,203,HTTP Request,200,OK,Author Query 5-10,text,true,,263,155,10,70,http://localhost:8080/search?q=beauty&author=Oscar%20Wilde,203,0,0
1782353871130,161,HTTP Request,200,OK,Author Query 5-6,text,true,,263,155,10,70,http://localhost:8080/search?q=beauty&author=Oscar%20Wilde,161,0,0
1782353871134,170,HTTP Request,200,OK,Author Query 5-2,text,true,,263,155,10,70,http://localhost:8080/search?q=beauty&author=Oscar%20Wilde,170,0,0
1782353871176,136,HTTP Request,200,OK,Author Query 5-7,text,true,,263,155,10,70,http://localhost:8080/search?q=beauty&author=Oscar%20Wilde,136,0,0
1782353871186,181,HTTP Request,200,OK,Author Query 5-9,text,true,,263,155,10,70,http://localhost:8080/search?q=beauty&author=Oscar%20Wilde,181,0,0
1782353871204,165,HTTP Request,200,OK,Author Query 5-3,text,true,,263,155,10,70,http://localhost:8080/search?q=beauty&author=Oscar%20Wilde,165,0,0
1782353871213,178,HTTP Request,200,OK,Author Query 5-4,text,true,,263,155,10,70,http://localhost:8080/search?q=beauty&author=Oscar%20Wilde,178,0,0
1782353871212,180,HTTP Request,200,OK,Author Query 5-8,text,true,,263,155,10,70,http://localhost:8080/search?q=beauty&author=Oscar%20Wilde,180,0,0
1782353871271,222,HTTP Request,200,OK,Author Query 5-1,text,true,,263,155,10,70,http://localhost:8080/search?q=beauty&author=Oscar%20Wilde,222,0,0
1782353871312,181,HTTP Request,200,OK,Author Query 5-7,text,true,,263,155,10,70,http://localhost:8080/search?q=beauty&author=Oscar%20Wilde,181,0,0
1782353871271,222,HTTP Request,200,OK,Author Query 5-5,text,true,,263,155,10,70,http://localhost:8080/search?q=beauty&author=Oscar%20Wilde,222,0,0
1782353871288,206,HTTP Request,200,OK,Author Query 5-10,text,true,,263,155,10,70,http://localhost:8080/search?q=beauty&author=Oscar%20Wilde,206,0,0
1782353871292,202,HTTP Request,200,OK,Author Query 5-6,text,true,,263,155,10,70,http://localhost:8080/search?q=beauty&author=Oscar%20Wilde,202,0,0
1782353871304,190,HTTP Request,200,OK,Author Query 5-2,text,true,,263,155,10,70,http://localhost:8080/search?q=beauty&author=Oscar%20Wilde,190,0,0
1782353871370,186,HTTP Request,200,OK,Author Query 5-3,text,true,,263,155,10,70,http://localhost:8080/search?q=beauty&author=Oscar%20Wilde,186,0,0
1782353871391,186,HTTP Request,200,OK,Author Query 5-4,text,true,,263,155,10,70,http://localhost:8080/search?q=beauty&author=Oscar%20Wilde,186,0,0
1782353871367,210,HTTP Request,200,OK,Author Query 5-9,text,true,,263,155,10,70,http://localhost:8080/search?q=beauty&author=Oscar%20Wilde,210,0,0
1782353871393,191,HTTP Request,200,OK,Author Query 5-8,text,true,,263,155,10,70,http://localhost:8080/search?q=beauty&author=Oscar%20Wilde,191,0,0
1782353871493,156,HTTP Request,200,OK,Author Query 5-1,text,true,,263,155,10,70,http://localhost:8080/search?q=beauty&author=Oscar%20Wilde,156,0,0
1782353871494,157,HTTP Request,200,OK,Author Query 5-10,text,true,,263,155,10,70,http://localhost:8080/search?q=beauty&author=Oscar%20Wilde,157,0,0
1782353871494,158,HTTP Request,200,OK,Author Query 5-5,text,true,,263,155,10,70,http://localhost:8080/search?q=beauty&author=Oscar%20Wilde,158,0,0
1782353871493,207,HTTP Request,200,OK,Author Query 5-7,text,true,,263,155,10,70,http://localhost:8080/search?q=beauty&author=Oscar%20Wilde,207,0,0
1782353871495,210,HTTP Request,200,OK,Author Query 5-2,text,true,,263,155,10,70,http://localhost:8080/search?q=beauty&author=Oscar%20Wilde,210,0,0
1782353871495,211,HTTP Request,200,OK,Author Query 5-6,text,true,,263,155,10,70,http://localhost:8080/search?q=beauty&author=Oscar%20Wilde,211,0,0
1782353871556,166,HTTP Request,200,OK,Author Query 5-3,text,true,,263,155,10,70,http://localhost:8080/search?q=beauty&author=Oscar%20Wilde,166,0,0
1782353871577,145,HTTP Request,200,OK,Author Query 5-9,text,true,,263,155,10,70,http://localhost:8080/search?q=beauty&author=Oscar%20Wilde,145,0,0
1782353871650,95,HTTP Request,200,OK,Author Query 5-1,text,true,,263,155,10,70,http://localhost:8080/search?q=beauty&author=Oscar%20Wilde,95,0,0
1782353871652,93,HTTP Request,200,OK,Author Query 5-10,text,true,,263,155,10,70,http://localhost:8080/search?q=beauty&author=Oscar%20Wilde,93,0,0
1782353871652,94,HTTP Request,200,OK,Author Query 5-5,text,true,,263,155,10,70,http://localhost:8080/search?q=beauty&author=Oscar%20Wilde,94,0,0
1782353871577,242,HTTP Request,200,OK,Author Query 5-4,text,true,,263,155,10,70,http://localhost:8080/search?q=beauty&author=Oscar%20Wilde,242,0,0
1782353871584,235,HTTP Request,200,OK,Author Query 5-8,text,true,,263,155,10,70,http://localhost:8080/search?q=beauty&author=Oscar%20Wilde,235,0,0
1782353871707,114,HTTP Request,200,OK,Author Query 5-6,text,true,,263,155,10,70,http://localhost:8080/search?q=beauty&author=Oscar%20Wilde,114,0,0
1782353871706,124,HTTP Request,200,OK,Author Query 5-2,text,true,,263,155,10,70,http://localhost:8080/search?q=beauty&author=Oscar%20Wilde,124,0,0
1782353871745,110,HTTP Request,200,OK,Author Query 5-1,text,true,,263,155,10,70,http://localhost:8080/search?q=beauty&author=Oscar%20Wilde,110,0,0
1782353871700,173,HTTP Request,200,OK,Author Query 5-7,text,true,,263,155,10,70,http://localhost:8080/search?q=beauty&author=Oscar%20Wilde,173,0,0
1782353871746,133,HTTP Request,200,OK,Author Query 5-5,text,true,,263,155,10,70,http://localhost:8080/search?q=beauty&author=Oscar%20Wilde,133,0,0
1782353871745,135,HTTP Request,200,OK,Author Query 5-10,text,true,,263,155,10,70,http://localhost:8080/search?q=beauty&author=Oscar%20Wilde,135,0,0
1782353871723,190,HTTP Request,200,OK,Author Query 5-9,text,true,,263,155,10,70,http://localhost:8080/search?q=beauty&author=Oscar%20Wilde,190,0,0
1782353871722,210,HTTP Request,200,OK,Author Query 5-3,text,true,,263,155,10,70,http://localhost:8080/search?q=beauty&author=Oscar%20Wilde,210,0,0
1782353871819,116,HTTP Request,200,OK,Author Query 5-8,text,true,,263,155,10,70,http://localhost:8080/search?q=beauty&author=Oscar%20Wilde,116,0,0
1782353871822,128,HTTP Request,200,OK,Author Query 5-6,text,true,,263,155,10,70,http://localhost:8080/search?q=beauty&author=Oscar%20Wilde,128,0,0
1782353871831,120,HTTP Request,200,OK,Author Query 5-2,text,true,,263,155,10,70,http://localhost:8080/search?q=beauty&author=Oscar%20Wilde,120,0,0
1782353871855,119,HTTP Request,200,OK,Author Query 5-1,text,true,,263,155,10,70,http://localhost:8080/search?q=beauty&author=Oscar%20Wilde,119,0,0
1782353871819,198,HTTP Request,200,OK,Author Query 5-4,text,true,,263,155,10,70,http://localhost:8080/search?q=beauty&author=Oscar%20Wilde,198,0,0
1782353871913,132,HTTP Request,200,OK,Author Query 5-9,text,true,,263,155,10,70,http://localhost:8080/search?q=beauty&author=Oscar%20Wilde,132,0,0
1782353871873,173,HTTP Request,200,OK,Author Query 5-7,text,true,,263,155,10,70,http://localhost:8080/search?q=beauty&author=Oscar%20Wilde,173,0,0
1782353871880,193,HTTP Request,200,OK,Author Query 5-10,text,true,,263,155,10,70,http://localhost:8080/search?q=beauty&author=Oscar%20Wilde,193,0,0
1782353871933,140,HTTP Request,200,OK,Author Query 5-3,text,true,,263,155,10,70,http://localhost:8080/search?q=beauty&author=Oscar%20Wilde,140,0,0
1782353871879,194,HTTP Request,200,OK,Author Query 5-5,text,true,,263,155,10,70,http://localhost:8080/search?q=beauty&author=Oscar%20Wilde,194,0,0
1782353871936,137,HTTP Request,200,OK,Author Query 5-8,text,true,,263,155,10,70,http://localhost:8080/search?q=beauty&author=Oscar%20Wilde,137,0,0
1782353871951,168,HTTP Request,200,OK,Author Query 5-2,text,true,,263,155,10,70,http://localhost:8080/search?q=beauty&author=Oscar%20Wilde,168,0,0
1782353872045,145,HTTP Request,200,OK,Author Query 5-9,text,true,,263,155,10,70,http://localhost:8080/search?q=beauty&author=Oscar%20Wilde,145,0,0
1782353872017,173,HTTP Request,200,OK,Author Query 5-4,text,true,,263,155,10,70,http://localhost:8080/search?q=beauty&author=Oscar%20Wilde,173,0,0
1782353871951,241,HTTP Request,200,OK,Author Query 5-6,text,true,,263,155,10,70,http://localhost:8080/search?q=beauty&author=Oscar%20Wilde,241,0,0
1782353872046,213,HTTP Request,200,OK,Author Query 5-7,text,true,,263,155,10,70,http://localhost:8080/search?q=beauty&author=Oscar%20Wilde,213,0,0
1782353871975,286,HTTP Request,200,OK,Author Query 5-1,text,true,,263,155,10,70,http://localhost:8080/search?q=beauty&author=Oscar%20Wilde,286,0,0
1782353872073,191,HTTP Request,200,OK,Author Query 5-5,text,true,,263,155,10,70,http://localhost:8080/search?q=beauty&author=Oscar%20Wilde,191,0,0
1782353872073,191,HTTP Request,200,OK,Author Query 5-10,text,true,,263,155,10,70,http://localhost:8080/search?q=beauty&author=Oscar%20Wilde,191,0,0
1782353872073,194,HTTP Request,200,OK,Author Query 5-8,text,true,,263,155,10,70,http://localhost:8080/search?q=beauty&author=Oscar%20Wilde,194,0,0
1782353872073,194,HTTP Request,200,OK,Author Query 5-3,text,true,,263,155,10,70,http://localhost:8080/search?q=beauty&author=Oscar%20Wilde,194,0,0
1782353872191,121,HTTP Request,200,OK,Author Query 5-9,text,true,,263,155,10,70,http://localhost:8080/search?q=beauty&author=Oscar%20Wilde,121,0,0
1782353872191,121,HTTP Request,200,OK,Author Query 5-4,text,true,,263,155,10,70,http://localhost:8080/search?q=beauty&author=Oscar%20Wilde,121,0,0
1782353872192,144,HTTP Request,200,OK,Author Query 5-6,text,true,,263,155,10,70,http://localhost:8080/search?q=beauty&author=Oscar%20Wilde,144,0,0
1782353872119,217,HTTP Request,200,OK,Author Query 5-2,text,true,,263,155,10,70,http://localhost:8080/search?q=beauty&author=Oscar%20Wilde,217,0,0
1782353872265,113,HTTP Request,200,OK,Author Query 5-10,text,true,,263,155,10,70,http://localhost:8080/search?q=beauty&author=Oscar%20Wilde,113,0,0
1782353872261,117,HTTP Request,200,OK,Author Query 5-1,text,true,,263,155,10,70,http://localhost:8080/search?q=beauty&author=Oscar%20Wilde,117,0,0
1782353872267,112,HTTP Request,200,OK,Author Query 5-8,text,true,,263,155,10,70,http://localhost:8080/search?q=beauty&author=Oscar%20Wilde,112,0,0
1782353872264,145,HTTP Request,200,OK,Author Query 5-5,text,true,,263,155,10,70,http://localhost:8080/search?q=beauty&author=Oscar%20Wilde,145,0,0
1782353872267,143,HTTP Request,200,OK,Author Query 5-3,text,true,,263,155,10,70,http://localhost:8080/search?q=beauty&author=Oscar%20Wilde,143,0,0
1782353872259,166,HTTP Request,200,OK,Author Query 5-7,text,true,,263,155,10,70,http://localhost:8080/search?q=beauty&author=Oscar%20Wilde,166,0,0
1782353872312,123,HTTP Request,200,OK,Author Query 5-4,text,true,,263,155,10,70,http://localhost:8080/search?q=beauty&author=Oscar%20Wilde,123,0,0
1782353872312,133,HTTP Request,200,OK,Author Query 5-9,text,true,,263,155,10,70,http://localhost:8080/search?q=beauty&author=Oscar%20Wilde,133,0,0
1782353872336,122,HTTP Request,200,OK,Author Query 5-2,text,true,,263,155,10,70,http://localhost:8080/search?q=beauty&author=Oscar%20Wilde,122,0,0
1782353872336,123,HTTP Request,200,OK,Author Query 5-6,text,true,,263,155,10,70,http://localhost:8080/search?q=beauty&author=Oscar%20Wilde,123,0,0
1782353872425,174,HTTP Request,200,OK,Author Query 5-7,text,true,,263,155,10,70,http://localhost:8080/search?q=beauty&author=Oscar%20Wilde,174,0,0
1782353872379,220,HTTP Request,200,OK,Author Query 5-1,text,true,,263,155,10,70,http://localhost:8080/search?q=beauty&author=Oscar%20Wilde,220,0,0
1782353872379,220,HTTP Request,200,OK,Author Query 5-10,text,true,,263,155,10,70,http://localhost:8080/search?q=beauty&author=Oscar%20Wilde,220,0,0
1782353872379,221,HTTP Request,200,OK,Author Query 5-8,text,true,,263,155,10,70,http://localhost:8080/search?q=beauty&author=Oscar%20Wilde,221,0,0
1782353872410,206,HTTP Request,200,OK,Author Query 5-5,text,true,,263,155,10,70,http://localhost:8080/search?q=beauty&author=Oscar%20Wilde,206,0,0
1782353872410,206,HTTP Request,200,OK,Author Query 5-3,text,true,,263,155,10,70,http://localhost:8080/search?q=beauty&author=Oscar%20Wilde,206,0,0
1782353872459,193,HTTP Request,200,OK,Author Query 5-6,text,true,,263,155,10,70,http://localhost:8080/search?q=beauty&author=Oscar%20Wilde,193,0,0
1782353872459,193,HTTP Request,200,OK,Author Query 5-2,text,true,,263,155,10,70,http://localhost:8080/search?q=beauty&author=Oscar%20Wilde,193,0,0
1782353872445,236,HTTP Request,200,OK,Author Query 5-9,text,true,,263,155,10,70,http://localhost:8080/search?q=beauty&author=Oscar%20Wilde,236,0,0
1782353872436,246,HTTP Request,200,OK,Author Query 5-4,text,true,,263,155,10,70,http://localhost:8080/search?q=beauty&author=Oscar%20Wilde,246,0,0
1782353872599,179,HTTP Request,200,OK,Author Query 5-1,text,true,,263,155,10,70,http://localhost:8080/search?q=beauty&author=Oscar%20Wilde,179,0,0
1782353872600,179,HTTP Request,200,OK,Author Query 5-10,text,true,,263,155,10,70,http://localhost:8080/search?q=beauty&author=Oscar%20Wilde,179,0,0
1782353872599,180,HTTP Request,200,OK,Author Query 5-7,text,true,,263,155,10,70,http://localhost:8080/search?q=beauty&author=Oscar%20Wilde,180,0,0
1782353872600,180,HTTP Request,200,OK,Author Query 5-8,text,true,,263,155,10,70,http://localhost:8080/search?q=beauty&author=Oscar%20Wilde,180,0,0
1782353872653,127,HTTP Request,200,OK,Author Query 5-2,text,true,,263,155,10,70,http://localhost:8080/search?q=beauty&author=Oscar%20Wilde,127,0,0
1782353872653,127,HTTP Request,200,OK,Author Query 5-6,text,true,,263,155,10,70,http://localhost:8080/search?q=beauty&author=Oscar%20Wilde,127,0,0
1782353872617,239,HTTP Request,200,OK,Author Query 5-3,text,true,,263,155,10,70,http://localhost:8080/search?q=beauty&author=Oscar%20Wilde,239,0,0
1782353872617,246,HTTP Request,200,OK,Author Query 5-5,text,true,,263,155,10,70,http://localhost:8080/search?q=beauty&author=Oscar%20Wilde,246,0,0
1782353872681,188,HTTP Request,200,OK,Author Query 5-9,text,true,,263,155,10,70,http://localhost:8080/search?q=beauty&author=Oscar%20Wilde,188,0,0
1782353872683,211,HTTP Request,200,OK,Author Query 5-4,text,true,,263,155,10,70,http://localhost:8080/search?q=beauty&author=Oscar%20Wilde,211,0,0
1782353872780,117,HTTP Request,200,OK,Author Query 5-2,text,true,,263,155,10,70,http://localhost:8080/search?q=beauty&author=Oscar%20Wilde,117,0,0
1782353872779,119,HTTP Request,200,OK,Author Query 5-1,text,true,,263,155,10,70,http://localhost:8080/search?q=beauty&author=Oscar%20Wilde,119,0,0
1782353872781,118,HTTP Request,200,OK,Author Query 5-6,text,true,,263,155,10,70,http://localhost:8080/search?q=beauty&author=Oscar%20Wilde,118,0,0
1782353872779,120,HTTP Request,200,OK,Author Query 5-10,text,true,,263,155,10,70,http://localhost:8080/search?q=beauty&author=Oscar%20Wilde,120,0,0
1782353872779,121,HTTP Request,200,OK,Author Query 5-7,text,true,,263,155,10,70,http://localhost:8080/search?q=beauty&author=Oscar%20Wilde,121,0,0
1782353872780,120,HTTP Request,200,OK,Author Query 5-8,text,true,,263,155,10,70,http://localhost:8080/search?q=beauty&author=Oscar%20Wilde,120,0,0
1782353872863,97,HTTP Request,200,OK,Author Query 5-5,text,true,,263,155,10,70,http://localhost:8080/search?q=beauty&author=Oscar%20Wilde,97,0,0
1782353872870,112,HTTP Request,200,OK,Author Query 5-9,text,true,,263,155,10,70,http://localhost:8080/search?q=beauty&author=Oscar%20Wilde,112,0,0
1782353872856,127,HTTP Request,200,OK,Author Query 5-3,text,true,,263,155,10,70,http://localhost:8080/search?q=beauty&author=Oscar%20Wilde,127,0,0
1782353872900,86,HTTP Request,200,OK,Author Query 5-8,text,true,,263,155,10,70,http://localhost:8080/search?q=beauty&author=Oscar%20Wilde,86,0,0
1782353872899,87,HTTP Request,200,OK,Author Query 5-10,text,true,,263,155,10,70,http://localhost:8080/search?q=beauty&author=Oscar%20Wilde,87,0,0
1782353872898,88,HTTP Request,200,OK,Author Query 5-1,text,true,,263,155,10,70,http://localhost:8080/search?q=beauty&author=Oscar%20Wilde,88,0,0
1782353872899,104,HTTP Request,200,OK,Author Query 5-6,text,true,,263,155,10,70,http://localhost:8080/search?q=beauty&author=Oscar%20Wilde,104,0,0
1782353872895,111,HTTP Request,200,OK,Author Query 5-4,text,true,,263,155,10,70,http://localhost:8080/search?q=beauty&author=Oscar%20Wilde,111,0,0
1782353872898,109,HTTP Request,200,OK,Author Query 5-2,text,true,,263,155,10,70,http://localhost:8080/search?q=beauty&author=Oscar%20Wilde,109,0,0
1782353872900,107,HTTP Request,200,OK,Author Query 5-7,text,true,,263,155,10,70,http://localhost:8080/search?q=beauty&author=Oscar%20Wilde,107,0,0
1782353872961,142,HTTP Request,200,OK,Author Query 5-5,text,true,,263,155,10,70,http://localhost:8080/search?q=beauty&author=Oscar%20Wilde,142,0,0
1782353872983,122,HTTP Request,200,OK,Author Query 5-3,text,true,,263,155,10,70,http://localhost:8080/search?q=beauty&author=Oscar%20Wilde,122,0,0
1782353872982,125,HTTP Request,200,OK,Author Query 5-9,text,true,,263,155,10,70,http://localhost:8080/search?q=beauty&author=Oscar%20Wilde,125,0,0
1782353872986,135,HTTP Request,200,OK,Author Query 5-1,text,true,,263,155,10,70,http://localhost:8080/search?q=beauty&author=Oscar%20Wilde,134,0,0
1782353872986,135,HTTP Request,200,OK,Author Query 5-8,text,true,,263,155,10,70,http://localhost:8080/search?q=beauty&author=Oscar%20Wilde,135,0,0
1782353872986,137,HTTP Request,200,OK,Author Query 5-10,text,true,,263,155,10,70,http://localhost:8080/search?q=beauty&author=Oscar%20Wilde,137,0,0
1782353873003,121,HTTP Request,200,OK,Author Query 5-6,text,true,,263,155,10,70,http://localhost:8080/search?q=beauty&author=Oscar%20Wilde,121,0,0
1782353873007,121,HTTP Request,200,OK,Author Query 5-4,text,true,,263,155,10,70,http://localhost:8080/search?q=beauty&author=Oscar%20Wilde,121,0,0
1782353873008,168,HTTP Request,200,OK,Author Query 5-7,text,true,,263,155,10,70,http://localhost:8080/search?q=beauty&author=Oscar%20Wilde,168,0,0
1782353873007,170,HTTP Request,200,OK,Author Query 5-2,text,true,,263,155,10,70,http://localhost:8080/search?q=beauty&author=Oscar%20Wilde,170,0,0
1782353873105,100,HTTP Request,200,OK,Author Query 5-3,text,true,,263,155,10,70,http://localhost:8080/search?q=beauty&author=Oscar%20Wilde,100,0,0
1782353873104,120,HTTP Request,200,OK,Author Query 5-5,text,true,,263,155,10,70,http://localhost:8080/search?q=beauty&author=Oscar%20Wilde,120,0,0
1782353873125,109,HTTP Request,200,OK,Author Query 5-6,text,true,,263,155,10,70,http://localhost:8080/search?q=beauty&author=Oscar%20Wilde,109,0,0
1782353873121,115,HTTP Request,200,OK,Author Query 5-1,text,true,,263,155,10,70,http://localhost:8080/search?q=beauty&author=Oscar%20Wilde,115,0,0
1782353873129,116,HTTP Request,200,OK,Author Query 5-4,text,true,,263,155,10,70,http://localhost:8080/search?q=beauty&author=Oscar%20Wilde,116,0,0
1782353873108,140,HTTP Request,200,OK,Author Query 5-9,text,true,,263,155,10,70,http://localhost:8080/search?q=beauty&author=Oscar%20Wilde,140,0,0
1782353873122,126,HTTP Request,200,OK,Author Query 5-8,text,true,,263,155,10,70,http://localhost:8080/search?q=beauty&author=Oscar%20Wilde,126,0,0
1782353873124,139,HTTP Request,200,OK,Author Query 5-10,text,true,,263,155,10,70,http://localhost:8080/search?q=beauty&author=Oscar%20Wilde,139,0,0
1782353873177,104,HTTP Request,200,OK,Author Query 5-2,text,true,,263,155,10,70,http://localhost:8080/search?q=beauty&author=Oscar%20Wilde,104,0,0
1782353873177,104,HTTP Request,200,OK,Author Query 5-7,text,true,,263,155,10,70,http://localhost:8080/search?q=beauty&author=Oscar%20Wilde,104,0,0
1782353873206,75,HTTP Request,200,OK,Author Query 5-3,text,true,,263,155,10,70,http://localhost:8080/search?q=beauty&author=Oscar%20Wilde,75,0,0
1782353873224,124,HTTP Request,200,OK,Author Query 5-5,text,true,,263,155,10,70,http://localhost:8080/search?q=beauty&author=Oscar%20Wilde,124,0,0
1782353873247,102,HTTP Request,200,OK,Author Query 5-4,text,true,,263,155,10,70,http://localhost:8080/search?q=beauty&author=Oscar%20Wilde,102,0,0
1782353873236,114,HTTP Request,200,OK,Author Query 5-1,text,true,,263,155,10,70,http://localhost:8080/search?q=beauty&author=Oscar%20Wilde,114,0,0
1782353873234,116,HTTP Request,200,OK,Author Query 5-6,text,true,,263,155,10,70,http://localhost:8080/search?q=beauty&author=Oscar%20Wilde,116,0,0
1782353873282,110,HTTP Request,200,OK,Author Query 5-3,text,true,,263,155,10,70,http://localhost:8080/search?q=beauty&author=Oscar%20Wilde,110,0,0
1782353873281,111,HTTP Request,200,OK,Author Query 5-2,text,true,,263,155,10,70,http://localhost:8080/search?q=beauty&author=Oscar%20Wilde,111,0,0
1782353873248,164,HTTP Request,200,OK,Author Query 5-9,text,true,,263,155,10,70,http://localhost:8080/search?q=beauty&author=Oscar%20Wilde,164,0,0
1782353873249,164,HTTP Request,200,OK,Author Query 5-8,text,true,,263,155,10,70,http://localhost:8080/search?q=beauty&author=Oscar%20Wilde,164,0,0
1782353873264,150,HTTP Request,200,OK,Author Query 5-10,text,true,,263,155,10,70,http://localhost:8080/search?q=beauty&author=Oscar%20Wilde,150,0,0
1782353873281,134,HTTP Request,200,OK,Author Query 5-7,text,true,,263,155,10,70,http://localhost:8080/search?q=beauty&author=Oscar%20Wilde,134,0,0
1782353873348,74,HTTP Request,200,OK,Author Query 5-5,text,true,,263,155,10,70,http://localhost:8080/search?q=beauty&author=Oscar%20Wilde,74,0,0
1782353873349,73,HTTP Request,200,OK,Author Query 5-4,text,true,,263,155,10,70,http://localhost:8080/search?q=beauty&author=Oscar%20Wilde,73,0,0
1782353873351,72,HTTP Request,200,OK,Author Query 5-6,text,true,,263,155,10,70,http://localhost:8080/search?q=beauty&author=Oscar%20Wilde,72,0,0
1782353873350,107,HTTP Request,200,OK,Author Query 5-1,text,true,,263,155,10,70,http://localhost:8080/search?q=beauty&author=Oscar%20Wilde,107,0,0
1782353873392,72,HTTP Request,200,OK,Author Query 5-3,text,true,,263,155,10,70,http://localhost:8080/search?q=beauty&author=Oscar%20Wilde,72,0,0
1782353873422,70,HTTP Request,200,OK,Author Query 5-5,text,true,,263,155,10,70,http://localhost:8080/search?q=beauty&author=Oscar%20Wilde,70,0,0
1782353873422,75,HTTP Request,200,OK,Author Query 5-4,text,true,,263,155,10,70,http://localhost:8080/search?q=beauty&author=Oscar%20Wilde,75,0,0
1782353873423,75,HTTP Request,200,OK,Author Query 5-6,text,true,,263,155,10,70,http://localhost:8080/search?q=beauty&author=Oscar%20Wilde,75,0,0
1782353873392,107,HTTP Request,200,OK,Author Query 5-2,text,true,,263,155,10,70,http://localhost:8080/search?q=beauty&author=Oscar%20Wilde,107,0,0
1782353873414,89,HTTP Request,200,OK,Author Query 5-10,text,true,,263,155,10,70,http://localhost:8080/search?q=beauty&author=Oscar%20Wilde,89,0,0
1782353873413,91,HTTP Request,200,OK,Author Query 5-9,text,true,,263,155,10,70,http://localhost:8080/search?q=beauty&author=Oscar%20Wilde,91,0,0
1782353873415,97,HTTP Request,200,OK,Author Query 5-7,text,true,,263,155,10,70,http://localhost:8080/search?q=beauty&author=Oscar%20Wilde,97,0,0
1782353873413,102,HTTP Request,200,OK,Author Query 5-8,text,true,,263,155,10,70,http://localhost:8080/search?q=beauty&author=Oscar%20Wilde,102,0,0
1782353873458,80,HTTP Request,200,OK,Author Query 5-1,text,true,,263,155,10,70,http://localhost:8080/search?q=beauty&author=Oscar%20Wilde,80,0,0
1782353873464,110,HTTP Request,200,OK,Author Query 5-3,text,true,,263,155,10,70,http://localhost:8080/search?q=beauty&author=Oscar%20Wilde,110,0,0
1782353873492,88,HTTP Request,200,OK,Author Query 5-5,text,true,,263,155,10,70,http://localhost:8080/search?q=beauty&author=Oscar%20Wilde,88,0,0
1782353873498,95,HTTP Request,200,OK,Author Query 5-6,text,true,,263,155,10,70,http://localhost:8080/search?q=beauty&author=Oscar%20Wilde,95,0,0
1782353873500,138,HTTP Request,200,OK,Author Query 5-2,text,true,,263,155,10,70,http://localhost:8080/search?q=beauty&author=Oscar%20Wilde,138,0,0
1782353873505,134,HTTP Request,200,OK,Author Query 5-9,text,true,,263,155,10,70,http://localhost:8080/search?q=beauty&author=Oscar%20Wilde,134,0,0
1782353873498,142,HTTP Request,200,OK,Author Query 5-4,text,true,,263,155,10,70,http://localhost:8080/search?q=beauty&author=Oscar%20Wilde,142,0,0
1782353873503,197,HTTP Request,200,OK,Author Query 5-10,text,true,,263,155,10,70,http://localhost:8080/search?q=beauty&author=Oscar%20Wilde,197,0,0
1782353873515,185,HTTP Request,200,OK,Author Query 5-8,text,true,,263,155,10,70,http://localhost:8080/search?q=beauty&author=Oscar%20Wilde,185,0,0
1782353873513,188,HTTP Request,200,OK,Author Query 5-7,text,true,,263,155,10,70,http://localhost:8080/search?q=beauty&author=Oscar%20Wilde,187,0,0
1782353873538,165,HTTP Request,200,OK,Author Query 5-1,text,true,,263,155,10,70,http://localhost:8080/search?q=beauty&author=Oscar%20Wilde,165,0,0
1782353873575,155,HTTP Request,200,OK,Author Query 5-3,text,true,,263,155,10,70,http://localhost:8080/search?q=beauty&author=Oscar%20Wilde,155,0,0
1782353873580,152,HTTP Request,200,OK,Author Query 5-5,text,true,,263,155,10,70,http://localhost:8080/search?q=beauty&author=Oscar%20Wilde,152,0,0
1782353873593,143,HTTP Request,200,OK,Author Query 5-6,text,true,,263,155,10,70,http://localhost:8080/search?q=beauty&author=Oscar%20Wilde,143,0,0
1782353873640,144,HTTP Request,200,OK,Author Query 5-9,text,true,,263,155,10,70,http://localhost:8080/search?q=beauty&author=Oscar%20Wilde,144,0,0
1782353873640,145,HTTP Request,200,OK,Author Query 5-4,text,true,,263,155,10,70,http://localhost:8080/search?q=beauty&author=Oscar%20Wilde,145,0,0
1782353873638,155,HTTP Request,200,OK,Author Query 5-2,text,true,,263,155,10,70,http://localhost:8080/search?q=beauty&author=Oscar%20Wilde,155,0,0
1782353873700,129,HTTP Request,200,OK,Author Query 5-10,text,true,,263,155,10,70,http://localhost:8080/search?q=beauty&author=Oscar%20Wilde,129,0,0
1782353873701,129,HTTP Request,200,OK,Author Query 5-7,text,true,,263,155,10,70,http://localhost:8080/search?q=beauty&author=Oscar%20Wilde,129,0,0
1782353873703,129,HTTP Request,200,OK,Author Query 5-1,text,true,,263,155,10,70,http://localhost:8080/search?q=beauty&author=Oscar%20Wilde,129,0,0
1782353873700,133,HTTP Request,200,OK,Author Query 5-8,text,true,,263,155,10,70,http://localhost:8080/search?q=beauty&author=Oscar%20Wilde,133,0,0
1782353873737,109,HTTP Request,200,OK,Author Query 5-6,text,true,,263,155,10,70,http://localhost:8080/search?q=beauty&author=Oscar%20Wilde,109,0,0
1782353873731,116,HTTP Request,200,OK,Author Query 5-3,text,true,,263,155,10,70,http://localhost:8080/search?q=beauty&author=Oscar%20Wilde,116,0,0
1782353873732,162,HTTP Request,200,OK,Author Query 5-5,text,true,,263,155,10,70,http://localhost:8080/search?q=beauty&author=Oscar%20Wilde,162,0,0
1782353873830,99,HTTP Request,200,OK,Author Query 5-10,text,true,,263,155,10,70,http://localhost:8080/search?q=beauty&author=Oscar%20Wilde,99,0,0
1782353873833,97,HTTP Request,200,OK,Author Query 5-8,text,true,,263,155,10,70,http://localhost:8080/search?q=beauty&author=Oscar%20Wilde,97,0,0
1782353873830,100,HTTP Request,200,OK,Author Query 5-7,text,true,,263,155,10,70,http://localhost:8080/search?q=beauty&author=Oscar%20Wilde,100,0,0
1782353873832,98,HTTP Request,200,OK,Author Query 5-1,text,true,,263,155,10,70,http://localhost:8080/search?q=beauty&author=Oscar%20Wilde,98,0,0
1782353873847,99,HTTP Request,200,OK,Author Query 5-6,text,true,,263,155,10,70,http://localhost:8080/search?q=beauty&author=Oscar%20Wilde,99,0,0
1782353873785,200,HTTP Request,200,OK,Author Query 5-4,text,true,,263,155,10,70,http://localhost:8080/search?q=beauty&author=Oscar%20Wilde,200,0,0
1782353873848,150,HTTP Request,200,OK,Author Query 5-3,text,true,,263,155,10,70,http://localhost:8080/search?q=beauty&author=Oscar%20Wilde,150,0,0
1782353873785,214,HTTP Request,200,OK,Author Query 5-9,text,true,,263,155,10,70,http://localhost:8080/search?q=beauty&author=Oscar%20Wilde,214,0,0
1782353873793,206,HTTP Request,200,OK,Author Query 5-2,text,true,,263,155,10,70,http://localhost:8080/search?q=beauty&author=Oscar%20Wilde,206,0,0
1782353873929,93,HTTP Request,200,OK,Author Query 5-10,text,true,,263,155,10,70,http://localhost:8080/search?q=beauty&author=Oscar%20Wilde,93,0,0
1782353873930,101,HTTP Request,200,OK,Author Query 5-8,text,true,,263,155,10,70,http://localhost:8080/search?q=beauty&author=Oscar%20Wilde,101,0,0
1782353873894,137,HTTP Request,200,OK,Author Query 5-5,text,true,,263,155,10,70,http://localhost:8080/search?q=beauty&author=Oscar%20Wilde,137,0,0
1782353873931,117,HTTP Request,200,OK,Author Query 5-1,text,true,,263,155,10,70,http://localhost:8080/search?q=beauty&author=Oscar%20Wilde,117,0,0
1782353873931,117,HTTP Request,200,OK,Author Query 5-7,text,true,,263,155,10,70,http://localhost:8080/search?q=beauty&author=Oscar%20Wilde,117,0,0
1782353873946,119,HTTP Request,200,OK,Author Query 5-6,text,true,,263,155,10,70,http://localhost:8080/search?q=beauty&author=Oscar%20Wilde,119,0,0
1782353873999,106,HTTP Request,200,OK,Author Query 5-2,text,true,,263,155,10,70,http://localhost:8080/search?q=beauty&author=Oscar%20Wilde,106,0,0
1782353874023,103,HTTP Request,200,OK,Author Query 5-10,text,true,,263,155,10,70,http://localhost:8080/search?q=beauty&author=Oscar%20Wilde,103,0,0
1782353873985,141,HTTP Request,200,OK,Author Query 5-4,text,true,,263,155,10,70,http://localhost:8080/search?q=beauty&author=Oscar%20Wilde,141,0,0
1782353873999,128,HTTP Request,200,OK,Author Query 5-3,text,true,,263,155,10,70,http://localhost:8080/search?q=beauty&author=Oscar%20Wilde,128,0,0
1782353873999,133,HTTP Request,200,OK,Author Query 5-9,text,true,,263,155,10,70,http://localhost:8080/search?q=beauty&author=Oscar%20Wilde,133,0,0
1782353874031,118,HTTP Request,200,OK,Author Query 5-8,text,true,,263,155,10,70,http://localhost:8080/search?q=beauty&author=Oscar%20Wilde,118,0,0
1782353874031,118,HTTP Request,200,OK,Author Query 5-5,text,true,,263,155,10,70,http://localhost:8080/search?q=beauty&author=Oscar%20Wilde,118,0,0
1782353874049,122,HTTP Request,200,OK,Author Query 5-7,text,true,,263,155,10,70,http://localhost:8080/search?q=beauty&author=Oscar%20Wilde,122,0,0
1782353874065,113,HTTP Request,200,OK,Author Query 5-6,text,true,,263,155,10,70,http://localhost:8080/search?q=beauty&author=Oscar%20Wilde,113,0,0
1782353874048,164,HTTP Request,200,OK,Author Query 5-1,text,true,,263,155,10,70,http://localhost:8080/search?q=beauty&author=Oscar%20Wilde,164,0,0
1782353874128,90,HTTP Request,200,OK,Author Query 5-3,text,true,,263,155,10,70,http://localhost:8080/search?q=beauty&author=Oscar%20Wilde,90,0,0
1782353874105,122,HTTP Request,200,OK,Author Query 5-2,text,true,,263,155,10,70,http://localhost:8080/search?q=beauty&author=Oscar%20Wilde,122,0,0
1782353874132,114,HTTP Request,200,OK,Author Query 5-9,text,true,,263,155,10,70,http://localhost:8080/search?q=beauty&author=Oscar%20Wilde,114,0,0
1782353874178,69,HTTP Request,200,OK,Author Query 5-6,text,true,,263,155,10,70,http://localhost:8080/search?q=beauty&author=Oscar%20Wilde,69,0,0
1782353874149,99,HTTP Request,200,OK,Author Query 5-5,text,true,,263,155,10,70,http://localhost:8080/search?q=beauty&author=Oscar%20Wilde,99,0,0
1782353874149,99,HTTP Request,200,OK,Author Query 5-8,text,true,,263,155,10,70,http://localhost:8080/search?q=beauty&author=Oscar%20Wilde,99,0,0
1782353874127,129,HTTP Request,200,OK,Author Query 5-4,text,true,,263,155,10,70,http://localhost:8080/search?q=beauty&author=Oscar%20Wilde,129,0,0
1782353874126,139,HTTP Request,200,OK,Author Query 5-10,text,true,,263,155,10,70,http://localhost:8080/search?q=beauty&author=Oscar%20Wilde,139,0,0
1782353874171,119,HTTP Request,200,OK,Author Query 5-7,text,true,,263,155,10,70,http://localhost:8080/search?q=beauty&author=Oscar%20Wilde,119,0,0
1782353874212,97,HTTP Request,200,OK,Author Query 5-1,text,true,,263,155,10,70,http://localhost:8080/search?q=beauty&author=Oscar%20Wilde,97,0,0
1782353874228,89,HTTP Request,200,OK,Author Query 5-2,text,true,,263,155,10,70,http://localhost:8080/search?q=beauty&author=Oscar%20Wilde,89,0,0
1782353874218,100,HTTP Request,200,OK,Author Query 5-3,text,true,,263,155,10,70,http://localhost:8080/search?q=beauty&author=Oscar%20Wilde,100,0,0
1782353874256,100,HTTP Request,200,OK,Author Query 5-4,text,true,,263,155,10,70,http://localhost:8080/search?q=beauty&author=Oscar%20Wilde,100,0,0
1782353874246,118,HTTP Request,200,OK,Author Query 5-9,text,true,,263,155,10,70,http://localhost:8080/search?q=beauty&author=Oscar%20Wilde,118,0,0
1782353874248,123,HTTP Request,200,OK,Author Query 5-5,text,true,,263,155,10,70,http://localhost:8080/search?q=beauty&author=Oscar%20Wilde,123,0,0
1782353874248,123,HTTP Request,200,OK,Author Query 5-6,text,true,,263,155,10,70,http://localhost:8080/search?q=beauty&author=Oscar%20Wilde,123,0,0
1782353874290,108,HTTP Request,200,OK,Author Query 5-7,text,true,,263,155,10,70,http://localhost:8080/search?q=beauty&author=Oscar%20Wilde,108,0,0
1782353874248,193,HTTP Request,200,OK,Author Query 5-8,text,true,,263,155,10,70,http://localhost:8080/search?q=beauty&author=Oscar%20Wilde,193,0,0
1782353874309,134,HTTP Request,200,OK,Author Query 5-1,text,true,,263,155,10,70,http://localhost:8080/search?q=beauty&author=Oscar%20Wilde,134,0,0
1782353874356,147,HTTP Request,200,OK,Author Query 5-4,text,true,,263,155,10,70,http://localhost:8080/search?q=beauty&author=Oscar%20Wilde,147,0,0
1782353874318,198,HTTP Request,200,OK,Author Query 5-3,text,true,,263,155,10,70,http://localhost:8080/search?q=beauty&author=Oscar%20Wilde,198,0,0
1782353874265,252,HTTP Request,200,OK,Author Query 5-10,text,true,,263,155,10,70,http://localhost:8080/search?q=beauty&author=Oscar%20Wilde,252,0,0
1782353874318,201,HTTP Request,200,OK,Author Query 5-2,text,true,,263,155,10,70,http://localhost:8080/search?q=beauty&author=Oscar%20Wilde,201,0,0
1782353874371,152,HTTP Request,200,OK,Author Query 5-6,text,true,,263,155,10,70,http://localhost:8080/search?q=beauty&author=Oscar%20Wilde,152,0,0
1782353874371,152,HTTP Request,200,OK,Author Query 5-5,text,true,,263,155,10,70,http://localhost:8080/search?q=beauty&author=Oscar%20Wilde,152,0,0
1782353874398,147,HTTP Request,200,OK,Author Query 5-7,text,true,,263,155,10,70,http://localhost:8080/search?q=beauty&author=Oscar%20Wilde,147,0,0
1782353874364,185,HTTP Request,200,OK,Author Query 5-9,text,true,,263,155,10,70,http://localhost:8080/search?q=beauty&author=Oscar%20Wilde,185,0,0
1782353874443,156,HTTP Request,200,OK,Author Query 5-1,text,true,,263,155,10,70,http://localhost:8080/search?q=beauty&author=Oscar%20Wilde,156,0,0
1782353874503,96,HTTP Request,200,OK,Author Query 5-4,text,true,,263,155,10,70,http://localhost:8080/search?q=beauty&author=Oscar%20Wilde,96,0,0
1782353874523,92,HTTP Request,200,OK,Author Query 5-6,text,true,,263,155,10,70,http://localhost:8080/search?q=beauty&author=Oscar%20Wilde,92,0,0
1782353874516,101,HTTP Request,200,OK,Author Query 5-3,text,true,,263,155,10,70,http://localhost:8080/search?q=beauty&author=Oscar%20Wilde,101,0,0
1782353874549,78,HTTP Request,200,OK,Author Query 5-9,text,true,,263,155,10,70,http://localhost:8080/search?q=beauty&author=Oscar%20Wilde,78,0,0
1782353874519,116,HTTP Request,200,OK,Author Query 5-2,text,true,,263,155,10,70,http://localhost:8080/search?q=beauty&author=Oscar%20Wilde,116,0,0
1782353874523,113,HTTP Request,200,OK,Author Query 5-5,text,true,,263,155,10,70,http://localhost:8080/search?q=beauty&author=Oscar%20Wilde,113,0,0
1782353874442,195,HTTP Request,200,OK,Author Query 5-8,text,true,,263,155,10,70,http://localhost:8080/search?q=beauty&author=Oscar%20Wilde,195,0,0
1782353874518,119,HTTP Request,200,OK,Author Query 5-10,text,true,,263,155,10,70,http://localhost:8080/search?q=beauty&author=Oscar%20Wilde,119,0,0
1782353874546,127,HTTP Request,200,OK,Author Query 5-7,text,true,,263,155,10,70,http://localhost:8080/search?q=beauty&author=Oscar%20Wilde,127,0,0
1782353874599,78,HTTP Request,200,OK,Author Query 5-4,text,true,,263,155,10,70,http://localhost:8080/search?q=beauty&author=Oscar%20Wilde,78,0,0
1782353874599,78,HTTP Request,200,OK,Author Query 5-1,text,true,,263,155,10,70,http://localhost:8080/search?q=beauty&author=Oscar%20Wilde,78,0,0
1782353874637,70,HTTP Request,200,OK,Author Query 5-10,text,true,,263,155,10,70,http://localhost:8080/search?q=beauty&author=Oscar%20Wilde,70,0,0
1782353874615,94,HTTP Request,200,OK,Author Query 5-6,text,true,,263,155,10,70,http://localhost:8080/search?q=beauty&author=Oscar%20Wilde,94,0,0
1782353874617,102,HTTP Request,200,OK,Author Query 5-3,text,true,,263,155,10,70,http://localhost:8080/search?q=beauty&author=Oscar%20Wilde,102,0,0
1782353874636,108,HTTP Request,200,OK,Author Query 5-5,text,true,,263,155,10,70,http://localhost:8080/search?q=beauty&author=Oscar%20Wilde,108,0,0
1782353874677,110,HTTP Request,200,OK,Author Query 5-4,text,true,,263,155,10,70,http://localhost:8080/search?q=beauty&author=Oscar%20Wilde,110,0,0
1782353874678,109,HTTP Request,200,OK,Author Query 5-1,text,true,,263,155,10,70,http://localhost:8080/search?q=beauty&author=Oscar%20Wilde,109,0,0
1782353874627,176,HTTP Request,200,OK,Author Query 5-9,text,true,,263,155,10,70,http://localhost:8080/search?q=beauty&author=Oscar%20Wilde,176,0,0
1782353874637,169,HTTP Request,200,OK,Author Query 5-8,text,true,,263,155,10,70,http://localhost:8080/search?q=beauty&author=Oscar%20Wilde,169,0,0
1782353874635,174,HTTP Request,200,OK,Author Query 5-2,text,true,,263,155,10,70,http://localhost:8080/search?q=beauty&author=Oscar%20Wilde,174,0,0
1782353874673,136,HTTP Request,200,OK,Author Query 5-7,text,true,,263,155,10,70,http://localhost:8080/search?q=beauty&author=Oscar%20Wilde,136,0,0
1782353874707,110,HTTP Request,200,OK,Author Query 5-10,text,true,,263,155,10,70,http://localhost:8080/search?q=beauty&author=Oscar%20Wilde,110,0,0
1782353874709,111,HTTP Request,200,OK,Author Query 5-6,text,true,,263,155,10,70,http://localhost:8080/search?q=beauty&author=Oscar%20Wilde,111,0,0
1782353874719,133,HTTP Request,200,OK,Author Query 5-3,text,true,,263,155,10,70,http://localhost:8080/search?q=beauty&author=Oscar%20Wilde,133,0,0
1782353874787,85,HTTP Request,200,OK,Author Query 5-4,text,true,,263,155,10,70,http://localhost:8080/search?q=beauty&author=Oscar%20Wilde,85,0,0
1782353874744,155,HTTP Request,200,OK,Author Query 5-5,text,true,,263,155,10,70,http://localhost:8080/search?q=beauty&author=Oscar%20Wilde,155,0,0
1782353874804,101,HTTP Request,200,OK,Author Query 5-9,text,true,,263,155,10,70,http://localhost:8080/search?q=beauty&author=Oscar%20Wilde,101,0,0
1782353874806,120,HTTP Request,200,OK,Author Query 5-8,text,true,,263,155,10,70,http://localhost:8080/search?q=beauty&author=Oscar%20Wilde,120,0,0
1782353874787,140,HTTP Request,200,OK,Author Query 5-1,text,true,,263,155,10,70,http://localhost:8080/search?q=beauty&author=Oscar%20Wilde,140,0,0
1782353874817,111,HTTP Request,200,OK,Author Query 5-10,text,true,,263,155,10,70,http://localhost:8080/search?q=beauty&author=Oscar%20Wilde,111,0,0
1782353874809,122,HTTP Request,200,OK,Author Query 5-2,text,true,,263,155,10,70,http://localhost:8080/search?q=beauty&author=Oscar%20Wilde,122,0,0
1782353874810,121,HTTP Request,200,OK,Author Query 5-7,text,true,,263,155,10,70,http://localhost:8080/search?q=beauty&author=Oscar%20Wilde,121,0,0
1782353874852,153,HTTP Request,200,OK,Author Query 5-3,text,true,,263,155,10,70,http://localhost:8080/search?q=beauty&author=Oscar%20Wilde,153,0,0
1782353874872,135,HTTP Request,200,OK,Author Query 5-4,text,true,,263,155,10,70,http://localhost:8080/search?q=beauty&author=Oscar%20Wilde,135,0,0
1782353874820,187,HTTP Request,200,OK,Author Query 5-6,text,true,,263,155,10,70,http://localhost:8080/search?q=beauty&author=Oscar%20Wilde,187,0,0
1782353874900,109,HTTP Request,200,OK,Author Query 5-5,text,true,,263,155,10,70,http://localhost:8080/search?q=beauty&author=Oscar%20Wilde,109,0,0
1782353875007,74,HTTP Request,200,OK,Author Query 5-6,text,true,,263,155,10,70,http://localhost:8080/search?q=beauty&author=Oscar%20Wilde,74,0,0
1782353875007,74,HTTP Request,200,OK,Author Query 5-4,text,true,,263,155,10,70,http://localhost:8080/search?q=beauty&author=Oscar%20Wilde,74,0,0
1782353874926,155,HTTP Request,200,OK,Author Query 5-8,text,true,,263,155,10,70,http://localhost:8080/search?q=beauty&author=Oscar%20Wilde,155,0,0
1782353874927,155,HTTP Request,200,OK,Author Query 5-1,text,true,,263,155,10,70,http://localhost:8080/search?q=beauty&author=Oscar%20Wilde,155,0,0
1782353874906,176,HTTP Request,200,OK,Author Query 5-9,text,true,,263,155,10,70,http://localhost:8080/search?q=beauty&author=Oscar%20Wilde,176,0,0
1782353874931,151,HTTP Request,200,OK,Author Query 5-7,text,true,,263,155,10,70,http://localhost:8080/search?q=beauty&author=Oscar%20Wilde,151,0,0
1782353874931,151,HTTP Request,200,OK,Author Query 5-2,text,true,,263,155,10,70,http://localhost:8080/search?q=beauty&author=Oscar%20Wilde,151,0,0
1782353874928,155,HTTP Request,200,OK,Author Query 5-10,text,true,,263,155,10,70,http://localhost:8080/search?q=beauty&author=Oscar%20Wilde,155,0,0
1782353875005,116,HTTP Request,200,OK,Author Query 5-3,text,true,,263,155,10,70,http://localhost:8080/search?q=beauty&author=Oscar%20Wilde,116,0,0
1782353875009,116,HTTP Request,200,OK,Author Query 5-5,text,true,,263,155,10,70,http://localhost:8080/search?q=beauty&author=Oscar%20Wilde,116,0,0
1782353875082,79,HTTP Request,200,OK,Author Query 5-2,text,true,,263,155,10,70,http://localhost:8080/search?q=beauty&author=Oscar%20Wilde,79,0,0
1782353875083,78,HTTP Request,200,OK,Author Query 5-10,text,true,,263,155,10,70,http://localhost:8080/search?q=beauty&author=Oscar%20Wilde,78,0,0
1782353875082,79,HTTP Request,200,OK,Author Query 5-9,text,true,,263,155,10,70,http://localhost:8080/search?q=beauty&author=Oscar%20Wilde,79,0,0
1782353875082,93,HTTP Request,200,OK,Author Query 5-8,text,true,,263,155,10,70,http://localhost:8080/search?q=beauty&author=Oscar%20Wilde,93,0,0
1782353875082,107,HTTP Request,200,OK,Author Query 5-1,text,true,,263,155,10,70,http://localhost:8080/search?q=beauty&author=Oscar%20Wilde,107,0,0
1782353875082,107,HTTP Request,200,OK,Author Query 5-4,text,true,,263,155,10,70,http://localhost:8080/search?q=beauty&author=Oscar%20Wilde,107,0,0
1782353875082,109,HTTP Request,200,OK,Author Query 5-6,text,true,,263,155,10,70,http://localhost:8080/search?q=beauty&author=Oscar%20Wilde,109,0,0
1782353875082,114,HTTP Request,200,OK,Author Query 5-7,text,true,,263,155,10,70,http://localhost:8080/search?q=beauty&author=Oscar%20Wilde,114,0,0
1782353875121,135,HTTP Request,200,OK,Author Query 5-3,text,true,,263,155,10,70,http://localhost:8080/search?q=beauty&author=Oscar%20Wilde,135,0,0
1782353875125,134,HTTP Request,200,OK,Author Query 5-5,text,true,,263,155,10,70,http://localhost:8080/search?q=beauty&author=Oscar%20Wilde,134,0,0
1782353875161,112,HTTP Request,200,OK,Author Query 5-9,text,true,,263,155,10,70,http://localhost:8080/search?q=beauty&author=Oscar%20Wilde,111,0,0
1782353875161,112,HTTP Request,200,OK,Author Query 5-2,text,true,,263,155,10,70,http://localhost:8080/search?q=beauty&author=Oscar%20Wilde,112,0,0
1782353875161,112,HTTP Request,200,OK,Author Query 5-10,text,true,,263,155,10,70,http://localhost:8080/search?q=beauty&author=Oscar%20Wilde,112,0,0
1782353875189,169,HTTP Request,200,OK,Author Query 5-1,text,true,,263,155,10,70,http://localhost:8080/search?q=beauty&author=Oscar%20Wilde,169,0,0
1782353875199,159,HTTP Request,200,OK,Author Query 5-7,text,true,,263,155,10,70,http://localhost:8080/search?q=beauty&author=Oscar%20Wilde,159,0,0
1782353875191,167,HTTP Request,200,OK,Author Query 5-6,text,true,,263,155,10,70,http://localhost:8080/search?q=beauty&author=Oscar%20Wilde,167,0,0
1782353875176,223,HTTP Request,200,OK,Author Query 5-8,text,true,,263,155,10,70,http://localhost:8080/search?q=beauty&author=Oscar%20Wilde,223,0,0
1782353875189,211,HTTP Request,200,OK,Author Query 5-4,text,true,,263,155,10,70,http://localhost:8080/search?q=beauty&author=Oscar%20Wilde,211,0,0
1782353875259,205,HTTP Request,200,OK,Author Query 5-3,text,true,,263,155,10,70,http://localhost:8080/search?q=beauty&author=Oscar%20Wilde,205,0,0
1782353875274,216,HTTP Request,200,OK,Author Query 5-10,text,true,,263,155,10,70,http://localhost:8080/search?q=beauty&author=Oscar%20Wilde,216,0,0
1782353875273,218,HTTP Request,200,OK,Author Query 5-9,text,true,,263,155,10,70,http://localhost:8080/search?q=beauty&author=Oscar%20Wilde,218,0,0
1782353875259,266,HTTP Request,200,OK,Author Query 5-5,text,true,,263,155,10,70,http://localhost:8080/search?q=beauty&author=Oscar%20Wilde,266,0,0
1782353875358,167,HTTP Request,200,OK,Author Query 5-7,text,true,,263,155,10,70,http://localhost:8080/search?q=beauty&author=Oscar%20Wilde,167,0,0
1782353875274,252,HTTP Request,200,OK,Author Query 5-2,text,true,,263,155,10,70,http://localhost:8080/search?q=beauty&author=Oscar%20Wilde,252,0,0
1782353875358,169,HTTP Request,200,OK,Author Query 5-1,text,true,,263,155,10,70,http://localhost:8080/search?q=beauty&author=Oscar%20Wilde,169,0,0
1782353875358,170,HTTP Request,200,OK,Author Query 5-6,text,true,,263,155,10,70,http://localhost:8080/search?q=beauty&author=Oscar%20Wilde,170,0,0
1782353875400,173,HTTP Request,200,OK,Author Query 5-8,text,true,,263,155,10,70,http://localhost:8080/search?q=beauty&author=Oscar%20Wilde,173,0,0
1782353875401,173,HTTP Request,200,OK,Author Query 5-4,text,true,,263,155,10,70,http://localhost:8080/search?q=beauty&author=Oscar%20Wilde,173,0,0
1782353875465,249,HTTP Request,200,OK,Author Query 5-3,text,true,,263,155,10,70,http://localhost:8080/search?q=beauty&author=Oscar%20Wilde,249,0,0
1782353875491,239,HTTP Request,200,OK,Author Query 5-9,text,true,,263,155,10,70,http://localhost:8080/search?q=beauty&author=Oscar%20Wilde,239,0,0
1782353875526,204,HTTP Request,200,OK,Author Query 5-2,text,true,,263,155,10,70,http://localhost:8080/search?q=beauty&author=Oscar%20Wilde,204,0,0
1782353875527,211,HTTP Request,200,OK,Author Query 5-1,text,true,,263,155,10,70,http://localhost:8080/search?q=beauty&author=Oscar%20Wilde,211,0,0
1782353875526,212,HTTP Request,200,OK,Author Query 5-5,text,true,,263,155,10,70,http://localhost:8080/search?q=beauty&author=Oscar%20Wilde,212,0,0
1782353875526,215,HTTP Request,200,OK,Author Query 5-7,text,true,,263,155,10,70,http://localhost:8080/search?q=beauty&author=Oscar%20Wilde,215,0,0
1782353875528,214,HTTP Request,200,OK,Author Query 5-6,text,true,,263,155,10,70,http://localhost:8080/search?q=beauty&author=Oscar%20Wilde,214,0,0
1782353875490,286,HTTP Request,200,OK,Author Query 5-10,text,true,,263,155,10,70,http://localhost:8080/search?q=beauty&author=Oscar%20Wilde,286,0,0
1782353875574,212,HTTP Request,200,OK,Author Query 5-4,text,true,,263,155,10,70,http://localhost:8080/search?q=beauty&author=Oscar%20Wilde,212,0,0
1782353875573,222,HTTP Request,200,OK,Author Query 5-8,text,true,,263,155,10,70,http://localhost:8080/search?q=beauty&author=Oscar%20Wilde,222,0,0
1782353875742,146,HTTP Request,200,OK,Author Query 5-7,text,true,,263,155,10,70,http://localhost:8080/search?q=beauty&author=Oscar%20Wilde,146,0,0
1782353875739,165,HTTP Request,200,OK,Author Query 5-5,text,true,,263,155,10,70,http://localhost:8080/search?q=beauty&author=Oscar%20Wilde,165,0,0
1782353875730,176,HTTP Request,200,OK,Author Query 5-9,text,true,,263,155,10,70,http://localhost:8080/search?q=beauty&author=Oscar%20Wilde,176,0,0
1782353875714,192,HTTP Request,200,OK,Author Query 5-3,text,true,,263,155,10,70,http://localhost:8080/search?q=beauty&author=Oscar%20Wilde,192,0,0
1782353875742,189,HTTP Request,200,OK,Author Query 5-6,text,true,,263,155,10,70,http://localhost:8080/search?q=beauty&author=Oscar%20Wilde,189,0,0
1782353875739,192,HTTP Request,200,OK,Author Query 5-1,text,true,,263,155,10,70,http://localhost:8080/search?q=beauty&author=Oscar%20Wilde,192,0,0
1782353875777,172,HTTP Request,200,OK,Author Query 5-10,text,true,,263,155,10,70,http://localhost:8080/search?q=beauty&author=Oscar%20Wilde,172,0,0
1782353875730,229,HTTP Request,200,OK,Author Query 5-2,text,true,,263,155,10,70,http://localhost:8080/search?q=beauty&author=Oscar%20Wilde,229,0,0
1782353875796,203,HTTP Request,200,OK,Author Query 5-8,text,true,,263,155,10,70,http://localhost:8080/search?q=beauty&author=Oscar%20Wilde,203,0,0
1782353875889,133,HTTP Request,200,OK,Author Query 5-7,text,true,,263,155,10,70,http://localhost:8080/search?q=beauty&author=Oscar%20Wilde,133,0,0
1782353875787,281,HTTP Request,200,OK,Author Query 5-4,text,true,,263,155,10,70,http://localhost:8080/search?q=beauty&author=Oscar%20Wilde,281,0,0
1782353875906,193,HTTP Request,200,OK,Author Query 5-9,text,true,,263,155,10,70,http://localhost:8080/search?q=beauty&author=Oscar%20Wilde,193,0,0
1782353875904,199,HTTP Request,200,OK,Author Query 5-5,text,true,,263,155,10,70,http://localhost:8080/search?q=beauty&author=Oscar%20Wilde,199,0,0
1782353875906,201,HTTP Request,200,OK,Author Query 5-3,text,true,,263,155,10,70,http://localhost:8080/search?q=beauty&author=Oscar%20Wilde,201,0,0
1782353875949,186,HTTP Request,200,OK,Author Query 5-10,text,true,,263,155,10,70,http://localhost:8080/search?q=beauty&author=Oscar%20Wilde,186,0,0
1782353875931,205,HTTP Request,200,OK,Author Query 5-6,text,true,,263,155,10,70,http://localhost:8080/search?q=beauty&author=Oscar%20Wilde,205,0,0
1782353875931,205,HTTP Request,200,OK,Author Query 5-1,text,true,,263,155,10,70,http://localhost:8080/search?q=beauty&author=Oscar%20Wilde,205,0,0
1782353875959,177,HTTP Request,200,OK,Author Query 5-2,text,true,,263,155,10,70,http://localhost:8080/search?q=beauty&author=Oscar%20Wilde,177,0,0
1782353875999,172,HTTP Request,200,OK,Author Query 5-8,text,true,,263,155,10,70,http://localhost:8080/search?q=beauty&author=Oscar%20Wilde,172,0,0
1782353876022,178,HTTP Request,200,OK,Author Query 5-7,text,true,,263,155,10,70,http://localhost:8080/search?q=beauty&author=Oscar%20Wilde,178,0,0
1782353876103,133,HTTP Request,200,OK,Author Query 5-5,text,true,,263,155,10,70,http://localhost:8080/search?q=beauty&author=Oscar%20Wilde,133,0,0
1782353876100,136,HTTP Request,200,OK,Author Query 5-9,text,true,,263,155,10,70,http://localhost:8080/search?q=beauty&author=Oscar%20Wilde,136,0,0
1782353876136,100,HTTP Request,200,OK,Author Query 5-1,text,true,,263,155,10,70,http://localhost:8080/search?q=beauty&author=Oscar%20Wilde,100,0,0
1782353876136,101,HTTP Request,200,OK,Author Query 5-2,text,true,,263,155,10,70,http://localhost:8080/search?q=beauty&author=Oscar%20Wilde,101,0,0
1782353876136,101,HTTP Request,200,OK,Author Query 5-6,text,true,,263,155,10,70,http://localhost:8080/search?q=beauty&author=Oscar%20Wilde,101,0,0
1782353876069,215,HTTP Request,200,OK,Author Query 5-4,text,true,,263,155,10,70,http://localhost:8080/search?q=beauty&author=Oscar%20Wilde,215,0,0
1782353876135,160,HTTP Request,200,OK,Author Query 5-10,text,true,,263,155,10,70,http://localhost:8080/search?q=beauty&author=Oscar%20Wilde,160,0,0
1782353876107,188,HTTP Request,200,OK,Author Query 5-3,text,true,,263,155,10,70,http://localhost:8080/search?q=beauty&author=Oscar%20Wilde,188,0,0
1782353876171,180,HTTP Request,200,OK,Author Query 5-8,text,true,,263,155,10,70,http://localhost:8080/search?q=beauty&author=Oscar%20Wilde,180,0,0
1782353876200,151,HTTP Request,200,OK,Author Query 5-7,text,true,,263,155,10,70,http://localhost:8080/search?q=beauty&author=Oscar%20Wilde,151,0,0
1782353876236,138,HTTP Request,200,OK,Author Query 5-5,text,true,,263,155,10,70,http://localhost:8080/search?q=beauty&author=Oscar%20Wilde,138,0,0
1782353876237,137,HTTP Request,200,OK,Author Query 5-6,text,true,,263,155,10,70,http://localhost:8080/search?q=beauty&author=Oscar%20Wilde,137,0,0
1782353876236,138,HTTP Request,200,OK,Author Query 5-1,text,true,,263,155,10,70,http://localhost:8080/search?q=beauty&author=Oscar%20Wilde,138,0,0
1782353876237,138,HTTP Request,200,OK,Author Query 5-2,text,true,,263,155,10,70,http://localhost:8080/search?q=beauty&author=Oscar%20Wilde,138,0,0
1782353876236,139,HTTP Request,200,OK,Author Query 5-9,text,true,,263,155,10,70,http://localhost:8080/search?q=beauty&author=Oscar%20Wilde,139,0,0
1782353876285,155,HTTP Request,200,OK,Author Query 5-4,text,true,,263,155,10,70,http://localhost:8080/search?q=beauty&author=Oscar%20Wilde,155,0,0
1782353876351,104,HTTP Request,200,OK,Author Query 5-7,text,true,,263,155,10,70,http://localhost:8080/search?q=beauty&author=Oscar%20Wilde,104,0,0
1782353876351,104,HTTP Request,200,OK,Author Query 5-8,text,true,,263,155,10,70,http://localhost:8080/search?q=beauty&author=Oscar%20Wilde,104,0,0
1782353876296,177,HTTP Request,200,OK,Author Query 5-3,text,true,,263,155,10,70,http://localhost:8080/search?q=beauty&author=Oscar%20Wilde,177,0,0
1782353876374,104,HTTP Request,200,OK,Author Query 5-5,text,true,,263,155,10,70,http://localhost:8080/search?q=beauty&author=Oscar%20Wilde,104,0,0
1782353876295,183,HTTP Request,200,OK,Author Query 5-10,text,true,,263,155,10,70,http://localhost:8080/search?q=beauty&author=Oscar%20Wilde,183,0,0
1782353876374,104,HTTP Request,200,OK,Author Query 5-1,text,true,,263,155,10,70,http://localhost:8080/search?q=beauty&author=Oscar%20Wilde,104,0,0
1782353876375,108,HTTP Request,200,OK,Author Query 5-2,text,true,,263,155,10,70,http://localhost:8080/search?q=beauty&author=Oscar%20Wilde,108,0,0
1782353876376,152,HTTP Request,200,OK,Author Query 5-9,text,true,,263,155,10,70,http://localhost:8080/search?q=beauty&author=Oscar%20Wilde,152,0,0
1782353876374,155,HTTP Request,200,OK,Author Query 5-6,text,true,,263,155,10,70,http://localhost:8080/search?q=beauty&author=Oscar%20Wilde,155,0,0
1782353876440,212,HTTP Request,200,OK,Author Query 5-4,text,true,,263,155,10,70,http://localhost:8080/search?q=beauty&author=Oscar%20Wilde,212,0,0
1782353876455,198,HTTP Request,200,OK,Author Query 5-8,text,true,,263,155,10,70,http://localhost:8080/search?q=beauty&author=Oscar%20Wilde,198,0,0
1782353876478,177,HTTP Request,200,OK,Author Query 5-10,text,true,,263,155,10,70,http://localhost:8080/search?q=beauty&author=Oscar%20Wilde,177,0,0
1782353876455,205,HTTP Request,200,OK,Author Query 5-7,text,true,,263,155,10,70,http://localhost:8080/search?q=beauty&author=Oscar%20Wilde,205,0,0
1782353876478,251,HTTP Request,200,OK,Author Query 5-1,text,true,,263,155,10,70,http://localhost:8080/search?q=beauty&author=Oscar%20Wilde,251,0,0
1782353876478,252,HTTP Request,200,OK,Author Query 5-5,text,true,,263,155,10,70,http://localhost:8080/search?q=beauty&author=Oscar%20Wilde,252,0,0
1782353876474,276,HTTP Request,200,OK,Author Query 5-3,text,true,,263,155,10,70,http://localhost:8080/search?q=beauty&author=Oscar%20Wilde,276,0,0
1782353876484,268,HTTP Request,200,OK,Author Query 5-2,text,true,,263,155,10,70,http://localhost:8080/search?q=beauty&author=Oscar%20Wilde,268,0,0
1782353876529,345,HTTP Request,200,OK,Author Query 5-9,text,true,,263,155,10,70,http://localhost:8080/search?q=beauty&author=Oscar%20Wilde,345,0,0
1782353876529,346,HTTP Request,200,OK,Author Query 5-6,text,true,,263,155,10,70,http://localhost:8080/search?q=beauty&author=Oscar%20Wilde,346,0,0
1782353876662,264,HTTP Request,200,OK,Author Query 5-7,text,true,,263,155,10,70,http://localhost:8080/search?q=beauty&author=Oscar%20Wilde,264,0,0
1782353876652,275,HTTP Request,200,OK,Author Query 5-4,text,true,,263,155,10,70,http://localhost:8080/search?q=beauty&author=Oscar%20Wilde,275,0,0
1782353876656,271,HTTP Request,200,OK,Author Query 5-10,text,true,,263,155,10,70,http://localhost:8080/search?q=beauty&author=Oscar%20Wilde,271,0,0
1782353876653,292,HTTP Request,200,OK,Author Query 5-8,text,true,,263,155,10,70,http://localhost:8080/search?q=beauty&author=Oscar%20Wilde,292,0,0
1782353876751,204,HTTP Request,200,OK,Author Query 5-3,text,true,,263,155,10,70,http://localhost:8080/search?q=beauty&author=Oscar%20Wilde,204,0,0
1782353876730,268,HTTP Request,200,OK,Author Query 5-1,text,true,,263,155,10,70,http://localhost:8080/search?q=beauty&author=Oscar%20Wilde,268,0,0
1782353876730,268,HTTP Request,200,OK,Author Query 5-5,text,true,,263,155,10,70,http://localhost:8080/search?q=beauty&author=Oscar%20Wilde,268,0,0
1782353876752,246,HTTP Request,200,OK,Author Query 5-2,text,true,,263,155,10,70,http://localhost:8080/search?q=beauty&author=Oscar%20Wilde,246,0,0
1782353876876,188,HTTP Request,200,OK,Author Query 5-6,text,true,,263,155,10,70,http://localhost:8080/search?q=beauty&author=Oscar%20Wilde,188,0,0
1782353876927,160,HTTP Request,200,OK,Author Query 5-7,text,true,,263,155,10,70,http://localhost:8080/search?q=beauty&author=Oscar%20Wilde,160,0,0
1782353876875,215,HTTP Request,200,OK,Author Query 5-9,text,true,,263,155,10,70,http://localhost:8080/search?q=beauty&author=Oscar%20Wilde,215,0,0
1782353876946,144,HTTP Request,200,OK,Author Query 5-8,text,true,,263,155,10,70,http://localhost:8080/search?q=beauty&author=Oscar%20Wilde,144,0,0
1782353876955,137,HTTP Request,200,OK,Author Query 5-3,text,true,,263,155,10,70,http://localhost:8080/search?q=beauty&author=Oscar%20Wilde,137,0,0
1782353876927,171,HTTP Request,200,OK,Author Query 5-4,text,true,,263,155,10,70,http://localhost:8080/search?q=beauty&author=Oscar%20Wilde,171,0,0
1782353876929,172,HTTP Request,200,OK,Author Query 5-10,text,true,,263,155,10,70,http://localhost:8080/search?q=beauty&author=Oscar%20Wilde,172,0,0
1782353876998,119,HTTP Request,200,OK,Author Query 5-5,text,true,,263,155,10,70,http://localhost:8080/search?q=beauty&author=Oscar%20Wilde,119,0,0
1782353876998,119,HTTP Request,200,OK,Author Query 5-1,text,true,,263,155,10,70,http://localhost:8080/search?q=beauty&author=Oscar%20Wilde,119,0,0
1782353876998,120,HTTP Request,200,OK,Author Query 5-2,text,true,,263,155,10,70,http://localhost:8080/search?q=beauty&author=Oscar%20Wilde,120,0,0
1782353877064,70,HTTP Request,200,OK,Author Query 5-6,text,true,,263,155,10,70,http://localhost:8080/search?q=beauty&author=Oscar%20Wilde,70,0,0
1782353877098,71,HTTP Request,200,OK,Author Query 5-4,text,true,,263,155,10,70,http://localhost:8080/search?q=beauty&author=Oscar%20Wilde,71,0,0
1782353877092,77,HTTP Request,200,OK,Author Query 5-3,text,true,,263,155,10,70,http://localhost:8080/search?q=beauty&author=Oscar%20Wilde,77,0,0
1782353877090,81,HTTP Request,200,OK,Author Query 5-9,text,true,,263,155,10,70,http://localhost:8080/search?q=beauty&author=Oscar%20Wilde,81,0,0
1782353877091,80,HTTP Request,200,OK,Author Query 5-8,text,true,,263,155,10,70,http://localhost:8080/search?q=beauty&author=Oscar%20Wilde,80,0,0
1782353877087,85,HTTP Request,200,OK,Author Query 5-7,text,true,,263,155,10,70,http://localhost:8080/search?q=beauty&author=Oscar%20Wilde,85,0,0
1782353877101,95,HTTP Request,200,OK,Author Query 5-10,text,true,,263,155,10,70,http://localhost:8080/search?q=beauty&author=Oscar%20Wilde,95,0,0
1782353877118,78,HTTP Request,200,OK,Author Query 5-1,text,true,,263,155,10,70,http://localhost:8080/search?q=beauty&author=Oscar%20Wilde,78,0,0
1782353877118,78,HTTP Request,200,OK,Author Query 5-2,text,true,,263,155,10,70,http://localhost:8080/search?q=beauty&author=Oscar%20Wilde,78,0,0
1782353877118,79,HTTP Request,200,OK,Author Query 5-5,text,true,,263,155,10,70,http://localhost:8080/search?q=beauty&author=Oscar%20Wilde,79,0,0
1782353877135,71,HTTP Request,200,OK,Author Query 5-6,text,true,,263,155,10,70,http://localhost:8080/search?q=beauty&author=Oscar%20Wilde,71,0,0
1782353877169,67,HTTP Request,200,OK,Author Query 5-3,text,true,,263,155,10,70,http://localhost:8080/search?q=beauty&author=Oscar%20Wilde,67,0,0
1782353877171,70,HTTP Request,200,OK,Author Query 5-9,text,true,,263,155,10,70,http://localhost:8080/search?q=beauty&author=Oscar%20Wilde,70,0,0
1782353877171,70,HTTP Request,200,OK,Author Query 5-8,text,true,,263,155,10,70,http://localhost:8080/search?q=beauty&author=Oscar%20Wilde,70,0,0
1782353877174,78,HTTP Request,200,OK,Author Query 5-7,text,true,,263,155,10,70,http://localhost:8080/search?q=beauty&author=Oscar%20Wilde,78,0,0
1782353877206,46,HTTP Request,200,OK,Author Query 5-6,text,true,,263,155,10,70,http://localhost:8080/search?q=beauty&author=Oscar%20Wilde,46,0,0
1782353877169,89,HTTP Request,200,OK,Author Query 5-4,text,true,,263,155,10,70,http://localhost:8080/search?q=beauty&author=Oscar%20Wilde,89,0,0
1782353877196,64,HTTP Request,200,OK,Author Query 5-10,text,true,,263,155,10,70,http://localhost:8080/search?q=beauty&author=Oscar%20Wilde,64,0,0
1782353877197,80,HTTP Request,200,OK,Author Query 5-5,text,true,,263,155,10,70,http://localhost:8080/search?q=beauty&author=Oscar%20Wilde,80,0,0
1782353877197,81,HTTP Request,200,OK,Author Query 5-1,text,true,,263,155,10,70,http://localhost:8080/search?q=beauty&author=Oscar%20Wilde,81,0,0
1782353877197,82,HTTP Request,200,OK,Author Query 5-2,text,true,,263,155,10,70,http://localhost:8080/search?q=beauty&author=Oscar%20Wilde,82,0,0
1782353877241,68,HTTP Request,200,OK,Author Query 5-9,text,true,,263,155,10,70,http://localhost:8080/search?q=beauty&author=Oscar%20Wilde,68,0,0
1782353877241,68,HTTP Request,200,OK,Author Query 5-8,text,true,,263,155,10,70,http://localhost:8080/search?q=beauty&author=Oscar%20Wilde,68,0,0
1782353877253,56,HTTP Request,200,OK,Author Query 5-7,text,true,,263,155,10,70,http://localhost:8080/search?q=beauty&author=Oscar%20Wilde,56,0,0
1782353877236,73,HTTP Request,200,OK,Author Query 5-3,text,true,,263,155,10,70,http://localhost:8080/search?q=beauty&author=Oscar%20Wilde,73,0,0
1782353877260,71,HTTP Request,200,OK,Author Query 5-10,text,true,,263,155,10,70,http://localhost:8080/search?q=beauty&author=Oscar%20Wilde,71,0,0
1782353877255,77,HTTP Request,200,OK,Author Query 5-6,text,true,,263,155,10,70,http://localhost:8080/search?q=beauty&author=Oscar%20Wilde,77,0,0
1782353877277,55,HTTP Request,200,OK,Author Query 5-5,text,true,,263,155,10,70,http://localhost:8080/search?q=beauty&author=Oscar%20Wilde,55,0,0
1782353877279,54,HTTP Request,200,OK,Author Query 5-2,text,true,,263,155,10,70,http://localhost:8080/search?q=beauty&author=Oscar%20Wilde,54,0,0
1782353877259,74,HTTP Request,200,OK,Author Query 5-4,text,true,,263,155,10,70,http://localhost:8080/search?q=beauty&author=Oscar%20Wilde,74,0,0
1782353877278,55,HTTP Request,200,OK,Author Query 5-1,text,true,,263,155,10,70,http://localhost:8080/search?q=beauty&author=Oscar%20Wilde,55,0,0
1782353877310,69,HTTP Request,200,OK,Author Query 5-8,text,true,,263,155,10,70,http://localhost:8080/search?q=beauty&author=Oscar%20Wilde,69,0,0
1782353877310,69,HTTP Request,200,OK,Author Query 5-9,text,true,,263,155,10,70,http://localhost:8080/search?q=beauty&author=Oscar%20Wilde,69,0,0
1782353877310,69,HTTP Request,200,OK,Author Query 5-7,text,true,,263,155,10,70,http://localhost:8080/search?q=beauty&author=Oscar%20Wilde,69,0,0
1782353877310,73,HTTP Request,200,OK,Author Query 5-3,text,true,,263,155,10,70,http://localhost:8080/search?q=beauty&author=Oscar%20Wilde,73,0,0
1782353877332,75,HTTP Request,200,OK,Author Query 5-10,text,true,,263,155,10,70,http://localhost:8080/search?q=beauty&author=Oscar%20Wilde,75,0,0
1782353877332,80,HTTP Request,200,OK,Author Query 5-6,text,true,,263,155,10,70,http://localhost:8080/search?q=beauty&author=Oscar%20Wilde,80,0,0
1782353877333,88,HTTP Request,200,OK,Author Query 5-2,text,true,,263,155,10,70,http://localhost:8080/search?q=beauty&author=Oscar%20Wilde,88,0,0
1782353877333,101,HTTP Request,200,OK,Author Query 5-4,text,true,,263,155,10,70,http://localhost:8080/search?q=beauty&author=Oscar%20Wilde,101,0,0
1782353877333,106,HTTP Request,200,OK,Author Query 5-5,text,true,,263,155,10,70,http://localhost:8080/search?q=beauty&author=Oscar%20Wilde,106,0,0
1782353877379,63,HTTP Request,200,OK,Author Query 5-8,text,true,,263,155,10,70,http://localhost:8080/search?q=beauty&author=Oscar%20Wilde,63,0,0
1782353877379,68,HTTP Request,200,OK,Author Query 5-9,text,true,,263,155,10,70,http://localhost:8080/search?q=beauty&author=Oscar%20Wilde,68,0,0
1782353877384,66,HTTP Request,200,OK,Author Query 5-3,text,true,,263,155,10,70,http://localhost:8080/search?q=beauty&author=Oscar%20Wilde,66,0,0
1782353877334,122,HTTP Request,200,OK,Author Query 5-1,text,true,,263,155,10,70,http://localhost:8080/search?q=beauty&author=Oscar%20Wilde,122,0,0
1782353877380,76,HTTP Request,200,OK,Author Query 5-7,text,true,,263,155,10,70,http://localhost:8080/search?q=beauty&author=Oscar%20Wilde,76,0,0
1782353877421,84,HTTP Request,200,OK,Author Query 5-2,text,true,,263,155,10,70,http://localhost:8080/search?q=beauty&author=Oscar%20Wilde,84,0,0
1782353877413,93,HTTP Request,200,OK,Author Query 5-6,text,true,,263,155,10,70,http://localhost:8080/search?q=beauty&author=Oscar%20Wilde,93,0,0
1782353877407,100,HTTP Request,200,OK,Author Query 5-10,text,true,,263,155,10,70,http://localhost:8080/search?q=beauty&author=Oscar%20Wilde,100,0,0
1782353877448,91,HTTP Request,200,OK,Author Query 5-9,text,true,,263,155,10,70,http://localhost:8080/search?q=beauty&author=Oscar%20Wilde,91,0,0
1782353877435,104,HTTP Request,200,OK,Author Query 5-4,text,true,,263,155,10,70,http://localhost:8080/search?q=beauty&author=Oscar%20Wilde,104,0,0
1782353877439,100,HTTP Request,200,OK,Author Query 5-5,text,true,,263,155,10,70,http://localhost:8080/search?q=beauty&author=Oscar%20Wilde,100,0,0
1782353877456,117,HTTP Request,200,OK,Author Query 5-1,text,true,,263,155,10,70,http://localhost:8080/search?q=beauty&author=Oscar%20Wilde,117,0,0
1782353877451,120,HTTP Request,200,OK,Author Query 5-3,text,true,,263,155,10,70,http://localhost:8080/search?q=beauty&author=Oscar%20Wilde,120,0,0
1782353877442,136,HTTP Request,200,OK,Author Query 5-8,text,true,,263,155,10,70,http://localhost:8080/search?q=beauty&author=Oscar%20Wilde,136,0,0
1782353877456,125,HTTP Request,200,OK,Author Query 5-7,text,true,,263,155,10,70,http://localhost:8080/search?q=beauty&author=Oscar%20Wilde,125,0,0
1782353877506,124,HTTP Request,200,OK,Author Query 5-6,text,true,,263,155,10,70,http://localhost:8080/search?q=beauty&author=Oscar%20Wilde,124,0,0
1782353877506,124,HTTP Request,200,OK,Author Query 5-2,text,true,,263,155,10,70,http://localhost:8080/search?q=beauty&author=Oscar%20Wilde,124,0,0
1782353877507,126,HTTP Request,200,OK,Author Query 5-10,text,true,,263,155,10,70,http://localhost:8080/search?q=beauty&author=Oscar%20Wilde,126,0,0
1782353877539,143,HTTP Request,200,OK,Author Query 5-4,text,true,,263,155,10,70,http://localhost:8080/search?q=beauty&author=Oscar%20Wilde,143,0,0
1782353877540,143,HTTP Request,200,OK,Author Query 5-5,text,true,,263,155,10,70,http://localhost:8080/search?q=beauty&author=Oscar%20Wilde,143,0,0
1782353877539,144,HTTP Request,200,OK,Author Query 5-9,text,true,,263,155,10,70,http://localhost:8080/search?q=beauty&author=Oscar%20Wilde,144,0,0
1782353877578,134,HTTP Request,200,OK,Author Query 5-8,text,true,,263,155,10,70,http://localhost:8080/search?q=beauty&author=Oscar%20Wilde,134,0,0
1782353877581,132,HTTP Request,200,OK,Author Query 5-7,text,true,,263,155,10,70,http://localhost:8080/search?q=beauty&author=Oscar%20Wilde,132,0,0
1782353877577,137,HTTP Request,200,OK,Author Query 5-3,text,true,,263,155,10,70,http://localhost:8080/search?q=beauty&author=Oscar%20Wilde,137,0,0
1782353877573,148,HTTP Request,200,OK,Author Query 5-1,text,true,,263,155,10,70,http://localhost:8080/search?q=beauty&author=Oscar%20Wilde,148,0,0
1782353877631,108,HTTP Request,200,OK,Author Query 5-2,text,true,,263,155,10,70,http://localhost:8080/search?q=beauty&author=Oscar%20Wilde,108,0,0
1782353877633,108,HTTP Request,200,OK,Author Query 5-10,text,true,,263,155,10,70,http://localhost:8080/search?q=beauty&author=Oscar%20Wilde,108,0,0
1782353877630,111,HTTP Request,200,OK,Author Query 5-6,text,true,,263,155,10,70,http://localhost:8080/search?q=beauty&author=Oscar%20Wilde,111,0,0
1782353877683,70,HTTP Request,200,OK,Author Query 5-5,text,true,,263,155,10,70,http://localhost:8080/search?q=beauty&author=Oscar%20Wilde,70,0,0
1782353877682,75,HTTP Request,200,OK,Author Query 5-4,text,true,,263,155,10,70,http://localhost:8080/search?q=beauty&author=Oscar%20Wilde,75,0,0
1782353877683,76,HTTP Request,200,OK,Author Query 5-9,text,true,,263,155,10,70,http://localhost:8080/search?q=beauty&author=Oscar%20Wilde,76,0,0
1782353877713,122,HTTP Request,200,OK,Author Query 5-7,text,true,,263,155,10,70,http://localhost:8080/search?q=beauty&author=Oscar%20Wilde,122,0,0
1782353877713,123,HTTP Request,200,OK,Author Query 5-8,text,true,,263,155,10,70,http://localhost:8080/search?q=beauty&author=Oscar%20Wilde,123,0,0
1782353877721,115,HTTP Request,200,OK,Author Query 5-1,text,true,,263,155,10,70,http://localhost:8080/search?q=beauty&author=Oscar%20Wilde,115,0,0
1782353877715,122,HTTP Request,200,OK,Author Query 5-3,text,true,,263,155,10,70,http://localhost:8080/search?q=beauty&author=Oscar%20Wilde,122,0,0
1782353877740,111,HTTP Request,200,OK,Author Query 5-2,text,true,,263,155,10,70,http://localhost:8080/search?q=beauty&author=Oscar%20Wilde,111,0,0
1782353877757,98,HTTP Request,200,OK,Author Query 5-4,text,true,,263,155,10,70,http://localhost:8080/search?q=beauty&author=Oscar%20Wilde,98,0,0
1782353877753,114,HTTP Request,200,OK,Author Query 5-5,text,true,,263,155,10,70,http://localhost:8080/search?q=beauty&author=Oscar%20Wilde,114,0,0
1782353877741,148,HTTP Request,200,OK,Author Query 5-10,text,true,,263,155,10,70,http://localhost:8080/search?q=beauty&author=Oscar%20Wilde,148,0,0
1782353877741,148,HTTP Request,200,OK,Author Query 5-6,text,true,,263,155,10,70,http://localhost:8080/search?q=beauty&author=Oscar%20Wilde,148,0,0
1782353877759,136,HTTP Request,200,OK,Author Query 5-9,text,true,,263,155,10,70,http://localhost:8080/search?q=beauty&author=Oscar%20Wilde,136,0,0
1782353877835,113,HTTP Request,200,OK,Author Query 5-7,text,true,,263,155,10,70,http://localhost:8080/search?q=beauty&author=Oscar%20Wilde,113,0,0
1782353877851,97,HTTP Request,200,OK,Author Query 5-2,text,true,,263,155,10,70,http://localhost:8080/search?q=beauty&author=Oscar%20Wilde,97,0,0
1782353877836,124,HTTP Request,200,OK,Author Query 5-1,text,true,,263,155,10,70,http://localhost:8080/search?q=beauty&author=Oscar%20Wilde,124,0,0
1782353877836,124,HTTP Request,200,OK,Author Query 5-8,text,true,,263,155,10,70,http://localhost:8080/search?q=beauty&author=Oscar%20Wilde,124,0,0
1782353877895,75,HTTP Request,200,OK,Author Query 5-9,text,true,,263,155,10,70,http://localhost:8080/search?q=beauty&author=Oscar%20Wilde,75,0,0
1782353877868,124,HTTP Request,200,OK,Author Query 5-5,text,true,,263,155,10,70,http://localhost:8080/search?q=beauty&author=Oscar%20Wilde,124,0,0
1782353877890,116,HTTP Request,200,OK,Author Query 5-10,text,true,,263,155,10,70,http://localhost:8080/search?q=beauty&author=Oscar%20Wilde,116,0,0
1782353877837,169,HTTP Request,200,OK,Author Query 5-3,text,true,,263,155,10,70,http://localhost:8080/search?q=beauty&author=Oscar%20Wilde,169,0,0
1782353877855,151,HTTP Request,200,OK,Author Query 5-4,text,true,,263,155,10,70,http://localhost:8080/search?q=beauty&author=Oscar%20Wilde,151,0,0
1782353877890,122,HTTP Request,200,OK,Author Query 5-6,text,true,,263,155,10,70,http://localhost:8080/search?q=beauty&author=Oscar%20Wilde,122,0,0
1782353877948,94,HTTP Request,200,OK,Author Query 5-7,text,true,,263,155,10,70,http://localhost:8080/search?q=beauty&author=Oscar%20Wilde,94,0,0
1782353877948,130,HTTP Request,200,OK,Author Query 5-2,text,true,,263,155,10,70,http://localhost:8080/search?q=beauty&author=Oscar%20Wilde,130,0,0
1782353877961,122,HTTP Request,200,OK,Author Query 5-8,text,true,,263,155,10,70,http://localhost:8080/search?q=beauty&author=Oscar%20Wilde,122,0,0
1782353877960,135,HTTP Request,200,OK,Author Query 5-1,text,true,,263,155,10,70,http://localhost:8080/search?q=beauty&author=Oscar%20Wilde,135,0,0
1782353878006,109,HTTP Request,200,OK,Author Query 5-4,text,true,,263,155,10,70,http://localhost:8080/search?q=beauty&author=Oscar%20Wilde,109,0,0
1782353877992,129,HTTP Request,200,OK,Author Query 5-5,text,true,,263,155,10,70,http://localhost:8080/search?q=beauty&author=Oscar%20Wilde,128,0,0
1782353877970,151,HTTP Request,200,OK,Author Query 5-9,text,true,,263,155,10,70,http://localhost:8080/search?q=beauty&author=Oscar%20Wilde,151,0,0
1782353878006,117,HTTP Request,200,OK,Author Query 5-10,text,true,,263,155,10,70,http://localhost:8080/search?q=beauty&author=Oscar%20Wilde,117,0,0
1782353878012,128,HTTP Request,200,OK,Author Query 5-6,text,true,,263,155,10,70,http://localhost:8080/search?q=beauty&author=Oscar%20Wilde,128,0,0
1782353878006,149,HTTP Request,200,OK,Author Query 5-3,text,true,,263,155,10,70,http://localhost:8080/search?q=beauty&author=Oscar%20Wilde,149,0,0
1782353878043,119,HTTP Request,200,OK,Author Query 5-7,text,true,,263,155,10,70,http://localhost:8080/search?q=beauty&author=Oscar%20Wilde,119,0,0
1782353878095,74,HTTP Request,200,OK,Author Query 5-1,text,true,,263,155,10,70,http://localhost:8080/search?q=beauty&author=Oscar%20Wilde,74,0,0
1782353878078,99,HTTP Request,200,OK,Author Query 5-2,text,true,,263,155,10,70,http://localhost:8080/search?q=beauty&author=Oscar%20Wilde,99,0,0
1782353878083,97,HTTP Request,200,OK,Author Query 5-8,text,true,,263,155,10,70,http://localhost:8080/search?q=beauty&author=Oscar%20Wilde,97,0,0
1782353878121,59,HTTP Request,200,OK,Author Query 5-5,text,true,,263,155,10,70,http://localhost:8080/search?q=beauty&author=Oscar%20Wilde,59,0,0
1782353878115,72,HTTP Request,200,OK,Author Query 5-4,text,true,,263,155,10,70,http://localhost:8080/search?q=beauty&author=Oscar%20Wilde,72,0,0
1782353878123,82,HTTP Request,200,OK,Author Query 5-10,text,true,,263,155,10,70,http://localhost:8080/search?q=beauty&author=Oscar%20Wilde,82,0,0
1782353878121,87,HTTP Request,200,OK,Author Query 5-9,text,true,,263,155,10,70,http://localhost:8080/search?q=beauty&author=Oscar%20Wilde,87,0,0
1782353878170,73,HTTP Request,200,OK,Author Query 5-1,text,true,,263,155,10,70,http://localhost:8080/search?q=beauty&author=Oscar%20Wilde,73,0,0
1782353878180,64,HTTP Request,200,OK,Author Query 5-5,text,true,,263,155,10,70,http://localhost:8080/search?q=beauty&author=Oscar%20Wilde,64,0,0
1782353878180,65,HTTP Request,200,OK,Author Query 5-8,text,true,,263,155,10,70,http://localhost:8080/search?q=beauty&author=Oscar%20Wilde,65,0,0
1782353878177,68,HTTP Request,200,OK,Author Query 5-2,text,true,,263,155,10,70,http://localhost:8080/search?q=beauty&author=Oscar%20Wilde,68,0,0
1782353878155,99,HTTP Request,200,OK,Author Query 5-3,text,true,,263,155,10,70,http://localhost:8080/search?q=beauty&author=Oscar%20Wilde,99,0,0
1782353878141,113,HTTP Request,200,OK,Author Query 5-6,text,true,,263,155,10,70,http://localhost:8080/search?q=beauty&author=Oscar%20Wilde,113,0,0
1782353878187,116,HTTP Request,200,OK,Author Query 5-4,text,true,,263,155,10,70,http://localhost:8080/search?q=beauty&author=Oscar%20Wilde,116,0,0
1782353878162,141,HTTP Request,200,OK,Author Query 5-7,text,true,,263,155,10,70,http://localhost:8080/search?q=beauty&author=Oscar%20Wilde,141,0,0
1782353878244,65,HTTP Request,200,OK,Author Query 5-1,text,true,,263,155,10,70,http://localhost:8080/search?q=beauty&author=Oscar%20Wilde,65,0,0
1782353878208,101,HTTP Request,200,OK,Author Query 5-9,text,true,,263,155,10,70,http://localhost:8080/search?q=beauty&author=Oscar%20Wilde,101,0,0
1782353878205,112,HTTP Request,200,OK,Author Query 5-10,text,true,,263,155,10,70,http://localhost:8080/search?q=beauty&author=Oscar%20Wilde,111,0,0
1782353878245,96,HTTP Request,200,OK,Author Query 5-8,text,true,,263,155,10,70,http://localhost:8080/search?q=beauty&author=Oscar%20Wilde,96,0,0
1782353878245,111,HTTP Request,200,OK,Author Query 5-2,text,true,,263,155,10,70,http://localhost:8080/search?q=beauty&author=Oscar%20Wilde,111,0,0
1782353878254,107,HTTP Request,200,OK,Author Query 5-6,text,true,,263,155,10,70,http://localhost:8080/search?q=beauty&author=Oscar%20Wilde,107,0,0
1782353878244,142,HTTP Request,200,OK,Author Query 5-5,text,true,,263,155,10,70,http://localhost:8080/search?q=beauty&author=Oscar%20Wilde,142,0,0
1782353878254,133,HTTP Request,200,OK,Author Query 5-3,text,true,,263,155,10,70,http://localhost:8080/search?q=beauty&author=Oscar%20Wilde,133,0,0
1782353878317,153,HTTP Request,200,OK,Author Query 5-10,text,true,,263,155,10,70,http://localhost:8080/search?q=beauty&author=Oscar%20Wilde,153,0,0
1782353878309,177,HTTP Request,200,OK,Author Query 5-1,text,true,,263,155,10,70,http://localhost:8080/search?q=beauty&author=Oscar%20Wilde,177,0,0
1782353878304,182,HTTP Request,200,OK,Author Query 5-7,text,true,,263,155,10,70,http://localhost:8080/search?q=beauty&author=Oscar%20Wilde,182,0,0
1782353878309,178,HTTP Request,200,OK,Author Query 5-9,text,true,,263,155,10,70,http://localhost:8080/search?q=beauty&author=Oscar%20Wilde,178,0,0
1782353878303,184,HTTP Request,200,OK,Author Query 5-4,text,true,,263,155,10,70,http://localhost:8080/search?q=beauty&author=Oscar%20Wilde,184,0,0
1782353878362,137,HTTP Request,200,OK,Author Query 5-6,text,true,,263,155,10,70,http://localhost:8080/search?q=beauty&author=Oscar%20Wilde,137,0,0
1782353878356,154,HTTP Request,200,OK,Author Query 5-2,text,true,,263,155,10,70,http://localhost:8080/search?q=beauty&author=Oscar%20Wilde,154,0,0
1782353878342,168,HTTP Request,200,OK,Author Query 5-8,text,true,,263,155,10,70,http://localhost:8080/search?q=beauty&author=Oscar%20Wilde,168,0,0
1782353878387,125,HTTP Request,200,OK,Author Query 5-5,text,true,,263,155,10,70,http://localhost:8080/search?q=beauty&author=Oscar%20Wilde,125,0,0
1782353878387,130,HTTP Request,200,OK,Author Query 5-3,text,true,,263,155,10,70,http://localhost:8080/search?q=beauty&author=Oscar%20Wilde,130,0,0
1782353878487,112,HTTP Request,200,OK,Author Query 5-4,text,true,,263,155,10,70,http://localhost:8080/search?q=beauty&author=Oscar%20Wilde,112,0,0
1782353878487,114,HTTP Request,200,OK,Author Query 5-9,text,true,,263,155,10,70,http://localhost:8080/search?q=beauty&author=Oscar%20Wilde,114,0,0
1782353878471,171,HTTP Request,200,OK,Author Query 5-10,text,true,,263,155,10,70,http://localhost:8080/search?q=beauty&author=Oscar%20Wilde,171,0,0
1782353878487,161,HTTP Request,200,OK,Author Query 5-7,text,true,,263,155,10,70,http://localhost:8080/search?q=beauty&author=Oscar%20Wilde,161,0,0
1782353878487,161,HTTP Request,200,OK,Author Query 5-1,text,true,,263,155,10,70,http://localhost:8080/search?q=beauty&author=Oscar%20Wilde,161,0,0
1782353878512,152,HTTP Request,200,OK,Author Query 5-5,text,true,,263,155,10,70,http://localhost:8080/search?q=beauty&author=Oscar%20Wilde,152,0,0
1782353878510,155,HTTP Request,200,OK,Author Query 5-8,text,true,,263,155,10,70,http://localhost:8080/search?q=beauty&author=Oscar%20Wilde,155,0,0
1782353878510,156,HTTP Request,200,OK,Author Query 5-2,text,true,,263,155,10,70,http://localhost:8080/search?q=beauty&author=Oscar%20Wilde,156,0,0
1782353878517,150,HTTP Request,200,OK,Author Query 5-3,text,true,,263,155,10,70,http://localhost:8080/search?q=beauty&author=Oscar%20Wilde,150,0,0
1782353878500,179,HTTP Request,200,OK,Author Query 5-6,text,true,,263,155,10,70,http://localhost:8080/search?q=beauty&author=Oscar%20Wilde,179,0,0
1782353878601,135,HTTP Request,200,OK,Author Query 5-9,text,true,,263,155,10,70,http://localhost:8080/search?q=beauty&author=Oscar%20Wilde,135,0,0
1782353878599,138,HTTP Request,200,OK,Author Query 5-4,text,true,,263,155,10,70,http://localhost:8080/search?q=beauty&author=Oscar%20Wilde,138,0,0
1782353878648,104,HTTP Request,200,OK,Author Query 5-7,text,true,,263,155,10,70,http://localhost:8080/search?q=beauty&author=Oscar%20Wilde,104,0,0
1782353878665,102,HTTP Request,200,OK,Author Query 5-8,text,true,,263,155,10,70,http://localhost:8080/search?q=beauty&author=Oscar%20Wilde,102,0,0
1782353878648,119,HTTP Request,200,OK,Author Query 5-1,text,true,,263,155,10,70,http://localhost:8080/search?q=beauty&author=Oscar%20Wilde,119,0,0
1782353878642,156,HTTP Request,200,OK,Author Query 5-10,text,true,,263,155,10,70,http://localhost:8080/search?q=beauty&author=Oscar%20Wilde,156,0,0
1782353878665,134,HTTP Request,200,OK,Author Query 5-5,text,true,,263,155,10,70,http://localhost:8080/search?q=beauty&author=Oscar%20Wilde,134,0,0
1782353878666,136,HTTP Request,200,OK,Author Query 5-2,text,true,,263,155,10,70,http://localhost:8080/search?q=beauty&author=Oscar%20Wilde,136,0,0
1782353878679,127,HTTP Request,200,OK,Author Query 5-6,text,true,,263,155,10,70,http://localhost:8080/search?q=beauty&author=Oscar%20Wilde,127,0,0
1782353878667,144,HTTP Request,200,OK,Author Query 5-3,text,true,,263,155,10,70,http://localhost:8080/search?q=beauty&author=Oscar%20Wilde,144,0,0
1782353878752,117,HTTP Request,200,OK,Author Query 5-7,text,true,,263,155,10,70,http://localhost:8080/search?q=beauty&author=Oscar%20Wilde,117,0,0
1782353878807,82,HTTP Request,200,OK,Author Query 5-6,text,true,,263,155,10,70,http://localhost:8080/search?q=beauty&author=Oscar%20Wilde,82,0,0
1782353878799,90,HTTP Request,200,OK,Author Query 5-10,text,true,,263,155,10,70,http://localhost:8080/search?q=beauty&author=Oscar%20Wilde,90,0,0
1782353878811,80,HTTP Request,200,OK,Author Query 5-3,text,true,,263,155,10,70,http://localhost:8080/search?q=beauty&author=Oscar%20Wilde,80,0,0
1782353878799,93,HTTP Request,200,OK,Author Query 5-5,text,true,,263,155,10,70,http://localhost:8080/search?q=beauty&author=Oscar%20Wilde,93,0,0
1782353878737,161,HTTP Request,200,OK,Author Query 5-4,text,true,,263,155,10,70,http://localhost:8080/search?q=beauty&author=Oscar%20Wilde,161,0,0
1782353878767,131,HTTP Request,200,OK,Author Query 5-1,text,true,,263,155,10,70,http://localhost:8080/search?q=beauty&author=Oscar%20Wilde,131,0,0
1782353878737,173,HTTP Request,200,OK,Author Query 5-9,text,true,,263,155,10,70,http://localhost:8080/search?q=beauty&author=Oscar%20Wilde,173,0,0
1782353878767,150,HTTP Request,200,OK,Author Query 5-8,text,true,,263,155,10,70,http://localhost:8080/search?q=beauty&author=Oscar%20Wilde,150,0,0
1782353878802,125,HTTP Request,200,OK,Author Query 5-2,text,true,,263,155,10,70,http://localhost:8080/search?q=beauty&author=Oscar%20Wilde,125,0,0
1782353878889,108,HTTP Request,200,OK,Author Query 5-6,text,true,,263,155,10,70,http://localhost:8080/search?q=beauty&author=Oscar%20Wilde,108,0,0
1782353878869,128,HTTP Request,200,OK,Author Query 5-7,text,true,,263,155,10,70,http://localhost:8080/search?q=beauty&author=Oscar%20Wilde,128,0,0
1782353878889,119,HTTP Request,200,OK,Author Query 5-10,text,true,,263,155,10,70,http://localhost:8080/search?q=beauty&author=Oscar%20Wilde,119,0,0
1782353878892,116,HTTP Request,200,OK,Author Query 5-5,text,true,,263,155,10,70,http://localhost:8080/search?q=beauty&author=Oscar%20Wilde,116,0,0
1782353878898,127,HTTP Request,200,OK,Author Query 5-1,text,true,,263,155,10,70,http://localhost:8080/search?q=beauty&author=Oscar%20Wilde,127,0,0
1782353878891,152,HTTP Request,200,OK,Author Query 5-3,text,true,,263,155,10,70,http://localhost:8080/search?q=beauty&author=Oscar%20Wilde,152,0,0
1782353878910,133,HTTP Request,200,OK,Author Query 5-9,text,true,,263,155,10,70,http://localhost:8080/search?q=beauty&author=Oscar%20Wilde,133,0,0
1782353878898,151,HTTP Request,200,OK,Author Query 5-4,text,true,,263,155,10,70,http://localhost:8080/search?q=beauty&author=Oscar%20Wilde,151,0,0
1782353878927,138,HTTP Request,200,OK,Author Query 5-2,text,true,,263,155,10,70,http://localhost:8080/search?q=beauty&author=Oscar%20Wilde,138,0,0
1782353878997,94,HTTP Request,200,OK,Author Query 5-6,text,true,,263,155,10,70,http://localhost:8080/search?q=beauty&author=Oscar%20Wilde,94,0,0
1782353878917,174,HTTP Request,200,OK,Author Query 5-8,text,true,,263,155,10,70,http://localhost:8080/search?q=beauty&author=Oscar%20Wilde,174,0,0
1782353878997,122,HTTP Request,200,OK,Author Query 5-7,text,true,,263,155,10,70,http://localhost:8080/search?q=beauty&author=Oscar%20Wilde,122,0,0
1782353879008,119,HTTP Request,200,OK,Author Query 5-5,text,true,,263,155,10,70,http://localhost:8080/search?q=beauty&author=Oscar%20Wilde,119,0,0
1782353879008,121,HTTP Request,200,OK,Author Query 5-10,text,true,,263,155,10,70,http://localhost:8080/search?q=beauty&author=Oscar%20Wilde,121,0,0
1782353879025,156,HTTP Request,200,OK,Author Query 5-1,text,true,,263,155,10,70,http://localhost:8080/search?q=beauty&author=Oscar%20Wilde,156,0,0
1782353879065,116,HTTP Request,200,OK,Author Query 5-2,text,true,,263,155,10,70,http://localhost:8080/search?q=beauty&author=Oscar%20Wilde,116,0,0
1782353879050,131,HTTP Request,200,OK,Author Query 5-4,text,true,,263,155,10,70,http://localhost:8080/search?q=beauty&author=Oscar%20Wilde,131,0,0
1782353879044,174,HTTP Request,200,OK,Author Query 5-3,text,true,,263,155,10,70,http://localhost:8080/search?q=beauty&author=Oscar%20Wilde,174,0,0
1782353879128,111,HTTP Request,200,OK,Author Query 5-5,text,true,,263,155,10,70,http://localhost:8080/search?q=beauty&author=Oscar%20Wilde,111,0,0
1782353879043,196,HTTP Request,200,OK,Author Query 5-9,text,true,,263,155,10,70,http://localhost:8080/search?q=beauty&author=Oscar%20Wilde,196,0,0
1782353879091,149,HTTP Request,200,OK,Author Query 5-6,text,true,,263,155,10,70,http://localhost:8080/search?q=beauty&author=Oscar%20Wilde,149,0,0
1782353879119,121,HTTP Request,200,OK,Author Query 5-7,text,true,,263,155,10,70,http://localhost:8080/search?q=beauty&author=Oscar%20Wilde,121,0,0
1782353879091,150,HTTP Request,200,OK,Author Query 5-8,text,true,,263,155,10,70,http://localhost:8080/search?q=beauty&author=Oscar%20Wilde,150,0,0
1782353879129,157,HTTP Request,200,OK,Author Query 5-10,text,true,,263,155,10,70,http://localhost:8080/search?q=beauty&author=Oscar%20Wilde,157,0,0
1782353879181,113,HTTP Request,200,OK,Author Query 5-4,text,true,,263,155,10,70,http://localhost:8080/search?q=beauty&author=Oscar%20Wilde,113,0,0
1782353879181,118,HTTP Request,200,OK,Author Query 5-2,text,true,,263,155,10,70,http://localhost:8080/search?q=beauty&author=Oscar%20Wilde,118,0,0
1782353879181,121,HTTP Request,200,OK,Author Query 5-1,text,true,,263,155,10,70,http://localhost:8080/search?q=beauty&author=Oscar%20Wilde,121,0,0
1782353879241,115,HTTP Request,200,OK,Author Query 5-8,text,true,,263,155,10,70,http://localhost:8080/search?q=beauty&author=Oscar%20Wilde,115,0,0
1782353879239,123,HTTP Request,200,OK,Author Query 5-9,text,true,,263,155,10,70,http://localhost:8080/search?q=beauty&author=Oscar%20Wilde,123,0,0
1782353879218,145,HTTP Request,200,OK,Author Query 5-3,text,true,,263,155,10,70,http://localhost:8080/search?q=beauty&author=Oscar%20Wilde,145,0,0
1782353879240,139,HTTP Request,200,OK,Author Query 5-7,text,true,,263,155,10,70,http://localhost:8080/search?q=beauty&author=Oscar%20Wilde,139,0,0
1782353879294,90,HTTP Request,200,OK,Author Query 5-4,text,true,,263,155,10,70,http://localhost:8080/search?q=beauty&author=Oscar%20Wilde,90,0,0
1782353879286,99,HTTP Request,200,OK,Author Query 5-10,text,true,,263,155,10,70,http://localhost:8080/search?q=beauty&author=Oscar%20Wilde,99,0,0
1782353879240,145,HTTP Request,200,OK,Author Query 5-6,text,true,,263,155,10,70,http://localhost:8080/search?q=beauty&author=Oscar%20Wilde,145,0,0
1782353879300,85,HTTP Request,200,OK,Author Query 5-2,text,true,,263,155,10,70,http://localhost:8080/search?q=beauty&author=Oscar%20Wilde,85,0,0
1782353879239,146,HTTP Request,200,OK,Author Query 5-5,text,true,,263,155,10,70,http://localhost:8080/search?q=beauty&author=Oscar%20Wilde,146,0,0
1782353879302,102,HTTP Request,200,OK,Author Query 5-1,text,true,,263,155,10,70,http://localhost:8080/search?q=beauty&author=Oscar%20Wilde,102,0,0
1782353879356,91,HTTP Request,200,OK,Author Query 5-8,text,true,,263,155,10,70,http://localhost:8080/search?q=beauty&author=Oscar%20Wilde,91,0,0
1782353879363,84,HTTP Request,200,OK,Author Query 5-3,text,true,,263,155,10,70,http://localhost:8080/search?q=beauty&author=Oscar%20Wilde,84,0,0
1782353879363,100,HTTP Request,200,OK,Author Query 5-9,text,true,,263,155,10,70,http://localhost:8080/search?q=beauty&author=Oscar%20Wilde,100,0,0
1782353879379,93,HTTP Request,200,OK,Author Query 5-7,text,true,,263,155,10,70,http://localhost:8080/search?q=beauty&author=Oscar%20Wilde,93,0,0
1782353879384,129,HTTP Request,200,OK,Author Query 5-4,text,true,,263,155,10,70,http://localhost:8080/search?q=beauty&author=Oscar%20Wilde,129,0,0
1782353879385,134,HTTP Request,200,OK,Author Query 5-5,text,true,,263,155,10,70,http://localhost:8080/search?q=beauty&author=Oscar%20Wilde,134,0,0
1782353879385,134,HTTP Request,200,OK,Author Query 5-2,text,true,,263,155,10,70,http://localhost:8080/search?q=beauty&author=Oscar%20Wilde,134,0,0
1782353879385,134,HTTP Request,200,OK,Author Query 5-6,text,true,,263,155,10,70,http://localhost:8080/search?q=beauty&author=Oscar%20Wilde,134,0,0
1782353879385,138,HTTP Request,200,OK,Author Query 5-10,text,true,,263,155,10,70,http://localhost:8080/search?q=beauty&author=Oscar%20Wilde,138,0,0
1782353879405,127,HTTP Request,200,OK,Author Query 5-1,text,true,,263,155,10,70,http://localhost:8080/search?q=beauty&author=Oscar%20Wilde,127,0,0
1782353879447,96,HTTP Request,200,OK,Author Query 5-8,text,true,,263,155,10,70,http://localhost:8080/search?q=beauty&author=Oscar%20Wilde,96,0,0
1782353879447,100,HTTP Request,200,OK,Author Query 5-3,text,true,,263,155,10,70,http://localhost:8080/search?q=beauty&author=Oscar%20Wilde,100,0,0
1782353879463,109,HTTP Request,200,OK,Author Query 5-9,text,true,,263,155,10,70,http://localhost:8080/search?q=beauty&author=Oscar%20Wilde,109,0,0
1782353879472,116,HTTP Request,200,OK,Author Query 5-7,text,true,,263,155,10,70,http://localhost:8080/search?q=beauty&author=Oscar%20Wilde,116,0,0
1782353879519,103,HTTP Request,200,OK,Author Query 5-2,text,true,,263,155,10,70,http://localhost:8080/search?q=beauty&author=Oscar%20Wilde,103,0,0
1782353879532,93,HTTP Request,200,OK,Author Query 5-1,text,true,,263,155,10,70,http://localhost:8080/search?q=beauty&author=Oscar%20Wilde,92,0,0
1782353879515,120,HTTP Request,200,OK,Author Query 5-4,text,true,,263,155,10,70,http://localhost:8080/search?q=beauty&author=Oscar%20Wilde,120,0,0
1782353879519,117,HTTP Request,200,OK,Author Query 5-5,text,true,,263,155,10,70,http://localhost:8080/search?q=beauty&author=Oscar%20Wilde,117,0,0
1782353879524,139,HTTP Request,200,OK,Author Query 5-10,text,true,,263,155,10,70,http://localhost:8080/search?q=beauty&author=Oscar%20Wilde,139,0,0
1782353879543,120,HTTP Request,200,OK,Author Query 5-8,text,true,,263,155,10,70,http://localhost:8080/search?q=beauty&author=Oscar%20Wilde,120,0,0
1782353879548,128,HTTP Request,200,OK,Author Query 5-3,text,true,,263,155,10,70,http://localhost:8080/search?q=beauty&author=Oscar%20Wilde,128,0,0
1782353879572,104,HTTP Request,200,OK,Author Query 5-9,text,true,,263,155,10,70,http://localhost:8080/search?q=beauty&author=Oscar%20Wilde,104,0,0
1782353879520,189,HTTP Request,200,OK,Author Query 5-6,text,true,,263,155,10,70,http://localhost:8080/search?q=beauty&author=Oscar%20Wilde,189,0,0
1782353879623,86,HTTP Request,200,OK,Author Query 5-2,text,true,,263,155,10,70,http://localhost:8080/search?q=beauty&author=Oscar%20Wilde,86,0,0
1782353879589,134,HTTP Request,200,OK,Author Query 5-7,text,true,,263,155,10,70,http://localhost:8080/search?q=beauty&author=Oscar%20Wilde,134,0,0
1782353879625,115,HTTP Request,200,OK,Author Query 5-1,text,true,,263,155,10,70,http://localhost:8080/search?q=beauty&author=Oscar%20Wilde,115,0,0
1782353879635,113,HTTP Request,200,OK,Author Query 5-4,text,true,,263,155,10,70,http://localhost:8080/search?q=beauty&author=Oscar%20Wilde,113,0,0
1782353879636,119,HTTP Request,200,OK,Author Query 5-5,text,true,,263,155,10,70,http://localhost:8080/search?q=beauty&author=Oscar%20Wilde,119,0,0
1782353879676,115,HTTP Request,200,OK,Author Query 5-9,text,true,,263,155,10,70,http://localhost:8080/search?q=beauty&author=Oscar%20Wilde,115,0,0
1782353879663,128,HTTP Request,200,OK,Author Query 5-8,text,true,,263,155,10,70,http://localhost:8080/search?q=beauty&author=Oscar%20Wilde,128,0,0
1782353879676,117,HTTP Request,200,OK,Author Query 5-3,text,true,,263,155,10,70,http://localhost:8080/search?q=beauty&author=Oscar%20Wilde,117,0,0
1782353879663,141,HTTP Request,200,OK,Author Query 5-10,text,true,,263,155,10,70,http://localhost:8080/search?q=beauty&author=Oscar%20Wilde,141,0,0
1782353879709,119,HTTP Request,200,OK,Author Query 5-2,text,true,,263,155,10,70,http://localhost:8080/search?q=beauty&author=Oscar%20Wilde,119,0,0
1782353879748,82,HTTP Request,200,OK,Author Query 5-4,text,true,,263,155,10,70,http://localhost:8080/search?q=beauty&author=Oscar%20Wilde,82,0,0
1782353879723,112,HTTP Request,200,OK,Author Query 5-7,text,true,,263,155,10,70,http://localhost:8080/search?q=beauty&author=Oscar%20Wilde,112,0,0
1782353879740,95,HTTP Request,200,OK,Author Query 5-1,text,true,,263,155,10,70,http://localhost:8080/search?q=beauty&author=Oscar%20Wilde,95,0,0
1782353879709,130,HTTP Request,200,OK,Author Query 5-6,text,true,,263,155,10,70,http://localhost:8080/search?q=beauty&author=Oscar%20Wilde,130,0,0
1782353879755,132,HTTP Request,200,OK,Author Query 5-5,text,true,,263,155,10,70,http://localhost:8080/search?q=beauty&author=Oscar%20Wilde,132,0,0
1782353879804,98,HTTP Request,200,OK,Author Query 5-10,text,true,,263,155,10,70,http://localhost:8080/search?q=beauty&author=Oscar%20Wilde,98,0,0
1782353879791,111,HTTP Request,200,OK,Author Query 5-9,text,true,,263,155,10,70,http://localhost:8080/search?q=beauty&author=Oscar%20Wilde,111,0,0
1782353879793,110,HTTP Request,200,OK,Author Query 5-3,text,true,,263,155,10,70,http://localhost:8080/search?q=beauty&author=Oscar%20Wilde,110,0,0
1782353879792,111,HTTP Request,200,OK,Author Query 5-8,text,true,,263,155,10,70,http://localhost:8080/search?q=beauty&author=Oscar%20Wilde,111,0,0
1782353879835,86,HTTP Request,200,OK,Author Query 5-1,text,true,,263,155,10,70,http://localhost:8080/search?q=beauty&author=Oscar%20Wilde,86,0,0
1782353879828,93,HTTP Request,200,OK,Author Query 5-2,text,true,,263,155,10,70,http://localhost:8080/search?q=beauty&author=Oscar%20Wilde,93,0,0
1782353879835,101,HTTP Request,200,OK,Author Query 5-7,text,true,,263,155,10,70,http://localhost:8080/search?q=beauty&author=Oscar%20Wilde,101,0,0
1782353879840,140,HTTP Request,200,OK,Author Query 5-6,text,true,,263,155,10,70,http://localhost:8080/search?q=beauty&author=Oscar%20Wilde,140,0,0
1782353879830,153,HTTP Request,200,OK,Author Query 5-4,text,true,,263,155,10,70,http://localhost:8080/search?q=beauty&author=Oscar%20Wilde,153,0,0
1782353879903,115,HTTP Request,200,OK,Author Query 5-8,text,true,,263,155,10,70,http://localhost:8080/search?q=beauty&author=Oscar%20Wilde,115,0,0
1782353879903,116,HTTP Request,200,OK,Author Query 5-10,text,true,,263,155,10,70,http://localhost:8080/search?q=beauty&author=Oscar%20Wilde,116,0,0
1782353879903,116,HTTP Request,200,OK,Author Query 5-3,text,true,,263,155,10,70,http://localhost:8080/search?q=beauty&author=Oscar%20Wilde,116,0,0
1782353879903,118,HTTP Request,200,OK,Author Query 5-9,text,true,,263,155,10,70,http://localhost:8080/search?q=beauty&author=Oscar%20Wilde,118,0,0
1782353879887,135,HTTP Request,200,OK,Author Query 5-5,text,true,,263,155,10,70,http://localhost:8080/search?q=beauty&author=Oscar%20Wilde,135,0,0
1782353879921,114,HTTP Request,200,OK,Author Query 5-2,text,true,,263,155,10,70,http://localhost:8080/search?q=beauty&author=Oscar%20Wilde,114,0,0
1782353879921,116,HTTP Request,200,OK,Author Query 5-1,text,true,,263,155,10,70,http://localhost:8080/search?q=beauty&author=Oscar%20Wilde,116,0,0
1782353879983,101,HTTP Request,200,OK,Author Query 5-4,text,true,,263,155,10,70,http://localhost:8080/search?q=beauty&author=Oscar%20Wilde,101,0,0
1782353879980,131,HTTP Request,200,OK,Author Query 5-6,text,true,,263,155,10,70,http://localhost:8080/search?q=beauty&author=Oscar%20Wilde,130,0,0
1782353879936,184,HTTP Request,200,OK,Author Query 5-7,text,true,,263,155,10,70,http://localhost:8080/search?q=beauty&author=Oscar%20Wilde,184,0,0
1782353880019,110,HTTP Request,200,OK,Author Query 5-10,text,true,,263,155,10,70,http://localhost:8080/search?q=beauty&author=Oscar%20Wilde,110,0,0
1782353880021,108,HTTP Request,200,OK,Author Query 5-9,text,true,,263,155,10,70,http://localhost:8080/search?q=beauty&author=Oscar%20Wilde,108,0,0
1782353880035,96,HTTP Request,200,OK,Author Query 5-2,text,true,,263,155,10,70,http://localhost:8080/search?q=beauty&author=Oscar%20Wilde,96,0,0
1782353880037,95,HTTP Request,200,OK,Author Query 5-1,text,true,,263,155,10,70,http://localhost:8080/search?q=beauty&author=Oscar%20Wilde,95,0,0
1782353880018,124,HTTP Request,200,OK,Author Query 5-8,text,true,,263,155,10,70,http://localhost:8080/search?q=beauty&author=Oscar%20Wilde,124,0,0
1782353880019,131,HTTP Request,200,OK,Author Query 5-3,text,true,,263,155,10,70,http://localhost:8080/search?q=beauty&author=Oscar%20Wilde,131,0,0
1782353880023,127,HTTP Request,200,OK,Author Query 5-5,text,true,,263,155,10,70,http://localhost:8080/search?q=beauty&author=Oscar%20Wilde,127,0,0
1782353880085,91,HTTP Request,200,OK,Author Query 5-4,text,true,,263,155,10,70,http://localhost:8080/search?q=beauty&author=Oscar%20Wilde,91,0,0
1782353880129,85,HTTP Request,200,OK,Author Query 5-9,text,true,,263,155,10,70,http://localhost:8080/search?q=beauty&author=Oscar%20Wilde,85,0,0
1782353880120,95,HTTP Request,200,OK,Author Query 5-7,text,true,,263,155,10,70,http://localhost:8080/search?q=beauty&author=Oscar%20Wilde,95,0,0
1782353880111,107,HTTP Request,200,OK,Author Query 5-6,text,true,,263,155,10,70,http://localhost:8080/search?q=beauty&author=Oscar%20Wilde,107,0,0
1782353880129,112,HTTP Request,200,OK,Author Query 5-10,text,true,,263,155,10,70,http://localhost:8080/search?q=beauty&author=Oscar%20Wilde,112,0,0
1782353880131,116,HTTP Request,200,OK,Author Query 5-2,text,true,,263,155,10,70,http://localhost:8080/search?q=beauty&author=Oscar%20Wilde,116,0,0
1782353880132,124,HTTP Request,200,OK,Author Query 5-1,text,true,,263,155,10,70,http://localhost:8080/search?q=beauty&author=Oscar%20Wilde,124,0,0
1782353880150,115,HTTP Request,200,OK,Author Query 5-3,text,true,,263,155,10,70,http://localhost:8080/search?q=beauty&author=Oscar%20Wilde,115,0,0
1782353880176,106,HTTP Request,200,OK,Author Query 5-4,text,true,,263,155,10,70,http://localhost:8080/search?q=beauty&author=Oscar%20Wilde,106,0,0
1782353880150,152,HTTP Request,200,OK,Author Query 5-5,text,true,,263,155,10,70,http://localhost:8080/search?q=beauty&author=Oscar%20Wilde,152,0,0
1782353880142,160,HTTP Request,200,OK,Author Query 5-8,text,true,,263,155,10,70,http://localhost:8080/search?q=beauty&author=Oscar%20Wilde,160,0,0
1782353880241,99,HTTP Request,200,OK,Author Query 5-10,text,true,,263,155,10,70,http://localhost:8080/search?q=beauty&author=Oscar%20Wilde,99,0,0
1782353880215,144,HTTP Request,200,OK,Author Query 5-9,text,true,,263,155,10,70,http://localhost:8080/search?q=beauty&author=Oscar%20Wilde,144,0,0
1782353880218,142,HTTP Request,200,OK,Author Query 5-6,text,true,,263,155,10,70,http://localhost:8080/search?q=beauty&author=Oscar%20Wilde,142,0,0
1782353880215,154,HTTP Request,200,OK,Author Query 5-7,text,true,,263,155,10,70,http://localhost:8080/search?q=beauty&author=Oscar%20Wilde,154,0,0
1782353880256,131,HTTP Request,200,OK,Author Query 5-1,text,true,,263,155,10,70,http://localhost:8080/search?q=beauty&author=Oscar%20Wilde,131,0,0
1782353880247,141,HTTP Request,200,OK,Author Query 5-2,text,true,,263,155,10,70,http://localhost:8080/search?q=beauty&author=Oscar%20Wilde,141,0,0
1782353880266,123,HTTP Request,200,OK,Author Query 5-3,text,true,,263,155,10,70,http://localhost:8080/search?q=beauty&author=Oscar%20Wilde,123,0,0
1782353880341,135,HTTP Request,200,OK,Author Query 5-10,text,true,,263,155,10,70,http://localhost:8080/search?q=beauty&author=Oscar%20Wilde,135,0,0
1782353880283,209,HTTP Request,200,OK,Author Query 5-4,text,true,,263,155,10,70,http://localhost:8080/search?q=beauty&author=Oscar%20Wilde,209,0,0
1782353880302,191,HTTP Request,200,OK,Author Query 5-5,text,true,,263,155,10,70,http://localhost:8080/search?q=beauty&author=Oscar%20Wilde,191,0,0
1782353880302,191,HTTP Request,200,OK,Author Query 5-8,text,true,,263,155,10,70,http://localhost:8080/search?q=beauty&author=Oscar%20Wilde,191,0,0
1782353880360,144,HTTP Request,200,OK,Author Query 5-6,text,true,,263,155,10,70,http://localhost:8080/search?q=beauty&author=Oscar%20Wilde,144,0,0
1782353880360,145,HTTP Request,200,OK,Author Query 5-9,text,true,,263,155,10,70,http://localhost:8080/search?q=beauty&author=Oscar%20Wilde,145,0,0
1782353880369,171,HTTP Request,200,OK,Author Query 5-7,text,true,,263,155,10,70,http://localhost:8080/search?q=beauty&author=Oscar%20Wilde,171,0,0
1782353880388,183,HTTP Request,200,OK,Author Query 5-1,text,true,,263,155,10,70,http://localhost:8080/search?q=beauty&author=Oscar%20Wilde,183,0,0
1782353880493,102,HTTP Request,200,OK,Author Query 5-5,text,true,,263,155,10,70,http://localhost:8080/search?q=beauty&author=Oscar%20Wilde,102,0,0
1782353880505,111,HTTP Request,200,OK,Author Query 5-9,text,true,,263,155,10,70,http://localhost:8080/search?q=beauty&author=Oscar%20Wilde,111,0,0
1782353880389,227,HTTP Request,200,OK,Author Query 5-2,text,true,,263,155,10,70,http://localhost:8080/search?q=beauty&author=Oscar%20Wilde,227,0,0
1782353880389,230,HTTP Request,200,OK,Author Query 5-3,text,true,,263,155,10,70,http://localhost:8080/search?q=beauty&author=Oscar%20Wilde,230,0,0
1782353880492,134,HTTP Request,200,OK,Author Query 5-4,text,true,,263,155,10,70,http://localhost:8080/search?q=beauty&author=Oscar%20Wilde,134,0,0
1782353880493,147,HTTP Request,200,OK,Author Query 5-8,text,true,,263,155,10,70,http://localhost:8080/search?q=beauty&author=Oscar%20Wilde,147,0,0
1782353880504,136,HTTP Request,200,OK,Author Query 5-6,text,true,,263,155,10,70,http://localhost:8080/search?q=beauty&author=Oscar%20Wilde,136,0,0
1782353880477,163,HTTP Request,200,OK,Author Query 5-10,text,true,,263,155,10,70,http://localhost:8080/search?q=beauty&author=Oscar%20Wilde,163,0,0
1782353880571,78,HTTP Request,200,OK,Author Query 5-1,text,true,,263,155,10,70,http://localhost:8080/search?q=beauty&author=Oscar%20Wilde,78,0,0
1782353880540,118,HTTP Request,200,OK,Author Query 5-7,text,true,,263,155,10,70,http://localhost:8080/search?q=beauty&author=Oscar%20Wilde,118,0,0
1782353880616,86,HTTP Request,200,OK,Author Query 5-9,text,true,,263,155,10,70,http://localhost:8080/search?q=beauty&author=Oscar%20Wilde,86,0,0
1782353880595,131,HTTP Request,200,OK,Author Query 5-5,text,true,,263,155,10,70,http://localhost:8080/search?q=beauty&author=Oscar%20Wilde,131,0,0
1782353880626,144,HTTP Request,200,OK,Author Query 5-4,text,true,,263,155,10,70,http://localhost:8080/search?q=beauty&author=Oscar%20Wilde,144,0,0
1782353880619,152,HTTP Request,200,OK,Author Query 5-3,text,true,,263,155,10,70,http://localhost:8080/search?q=beauty&author=Oscar%20Wilde,152,0,0
1782353880640,133,HTTP Request,200,OK,Author Query 5-8,text,true,,263,155,10,70,http://localhost:8080/search?q=beauty&author=Oscar%20Wilde,133,0,0
1782353880640,136,HTTP Request,200,OK,Author Query 5-6,text,true,,263,155,10,70,http://localhost:8080/search?q=beauty&author=Oscar%20Wilde,136,0,0
1782353880649,127,HTTP Request,200,OK,Author Query 5-1,text,true,,263,155,10,70,http://localhost:8080/search?q=beauty&author=Oscar%20Wilde,127,0,0
1782353880658,119,HTTP Request,200,OK,Author Query 5-7,text,true,,263,155,10,70,http://localhost:8080/search?q=beauty&author=Oscar%20Wilde,119,0,0
1782353880640,137,HTTP Request,200,OK,Author Query 5-10,text,true,,263,155,10,70,http://localhost:8080/search?q=beauty&author=Oscar%20Wilde,137,0,0
1782353880617,179,HTTP Request,200,OK,Author Query 5-2,text,true,,263,155,10,70,http://localhost:8080/search?q=beauty&author=Oscar%20Wilde,179,0,0
1782353880776,116,HTTP Request,200,OK,Author Query 5-1,text,true,,263,155,10,70,http://localhost:8080/search?q=beauty&author=Oscar%20Wilde,116,0,0
1782353880770,122,HTTP Request,200,OK,Author Query 5-4,text,true,,263,155,10,70,http://localhost:8080/search?q=beauty&author=Oscar%20Wilde,122,0,0
1782353880726,167,HTTP Request,200,OK,Author Query 5-5,text,true,,263,155,10,70,http://localhost:8080/search?q=beauty&author=Oscar%20Wilde,167,0,0
1782353880777,116,HTTP Request,200,OK,Author Query 5-7,text,true,,263,155,10,70,http://localhost:8080/search?q=beauty&author=Oscar%20Wilde,116,0,0
1782353880771,122,HTTP Request,200,OK,Author Query 5-3,text,true,,263,155,10,70,http://localhost:8080/search?q=beauty&author=Oscar%20Wilde,122,0,0
1782353880776,118,HTTP Request,200,OK,Author Query 5-6,text,true,,263,155,10,70,http://localhost:8080/search?q=beauty&author=Oscar%20Wilde,118,0,0
1782353880702,222,HTTP Request,200,OK,Author Query 5-9,text,true,,263,155,10,70,http://localhost:8080/search?q=beauty&author=Oscar%20Wilde,222,0,0
1782353880773,166,HTTP Request,200,OK,Author Query 5-8,text,true,,263,155,10,70,http://localhost:8080/search?q=beauty&author=Oscar%20Wilde,166,0,0
1782353880777,162,HTTP Request,200,OK,Author Query 5-10,text,true,,263,155,10,70,http://localhost:8080/search?q=beauty&author=Oscar%20Wilde,162,0,0
1782353880796,156,HTTP Request,200,OK,Author Query 5-2,text,true,,263,155,10,70,http://localhost:8080/search?q=beauty&author=Oscar%20Wilde,156,0,0
1782353880893,133,HTTP Request,200,OK,Author Query 5-5,text,true,,263,155,10,70,http://localhost:8080/search?q=beauty&author=Oscar%20Wilde,133,0,0
1782353880893,133,HTTP Request,200,OK,Author Query 5-3,text,true,,263,155,10,70,http://localhost:8080/search?q=beauty&author=Oscar%20Wilde,133,0,0
1782353880895,137,HTTP Request,200,OK,Author Query 5-6,text,true,,263,155,10,70,http://localhost:8080/search?q=beauty&author=Oscar%20Wilde,137,0,0
1782353880893,141,HTTP Request,200,OK,Author Query 5-7,text,true,,263,155,10,70,http://localhost:8080/search?q=beauty&author=Oscar%20Wilde,141,0,0
1782353880892,165,HTTP Request,200,OK,Author Query 5-4,text,true,,263,155,10,70,http://localhost:8080/search?q=beauty&author=Oscar%20Wilde,165,0,0
1782353880892,165,HTTP Request,200,OK,Author Query 5-1,text,true,,263,155,10,70,http://localhost:8080/search?q=beauty&author=Oscar%20Wilde,165,0,0
1782353880940,137,HTTP Request,200,OK,Author Query 5-10,text,true,,263,155,10,70,http://localhost:8080/search?q=beauty&author=Oscar%20Wilde,137,0,0
1782353880939,145,HTTP Request,200,OK,Author Query 5-8,text,true,,263,155,10,70,http://localhost:8080/search?q=beauty&author=Oscar%20Wilde,145,0,0
1782353880924,160,HTTP Request,200,OK,Author Query 5-9,text,true,,263,155,10,70,http://localhost:8080/search?q=beauty&author=Oscar%20Wilde,160,0,0
1782353880953,167,HTTP Request,200,OK,Author Query 5-2,text,true,,263,155,10,70,http://localhost:8080/search?q=beauty&author=Oscar%20Wilde,167,0,0
1782353881027,93,HTTP Request,200,OK,Author Query 5-3,text,true,,263,155,10,70,http://localhost:8080/search?q=beauty&author=Oscar%20Wilde,93,0,0
1782353881058,67,HTTP Request,200,OK,Author Query 5-1,text,true,,263,155,10,70,http://localhost:8080/search?q=beauty&author=Oscar%20Wilde,67,0,0
1782353881027,148,HTTP Request,200,OK,Author Query 5-5,text,true,,263,155,10,70,http://localhost:8080/search?q=beauty&author=Oscar%20Wilde,148,0,0
1782353881034,141,HTTP Request,200,OK,Author Query 5-7,text,true,,263,155,10,70,http://localhost:8080/search?q=beauty&author=Oscar%20Wilde,141,0,0
1782353881032,144,HTTP Request,200,OK,Author Query 5-6,text,true,,263,155,10,70,http://localhost:8080/search?q=beauty&author=Oscar%20Wilde,144,0,0
1782353881077,131,HTTP Request,200,OK,Author Query 5-10,text,true,,263,155,10,70,http://localhost:8080/search?q=beauty&author=Oscar%20Wilde,131,0,0
1782353881126,123,HTTP Request,200,OK,Author Query 5-1,text,true,,263,155,10,70,http://localhost:8080/search?q=beauty&author=Oscar%20Wilde,123,0,0
1782353881057,209,HTTP Request,200,OK,Author Query 5-4,text,true,,263,155,10,70,http://localhost:8080/search?q=beauty&author=Oscar%20Wilde,209,0,0
1782353881085,181,HTTP Request,200,OK,Author Query 5-9,text,true,,263,155,10,70,http://localhost:8080/search?q=beauty&author=Oscar%20Wilde,181,0,0
1782353881120,147,HTTP Request,200,OK,Author Query 5-3,text,true,,263,155,10,70,http://localhost:8080/search?q=beauty&author=Oscar%20Wilde,147,0,0
1782353881120,147,HTTP Request,200,OK,Author Query 5-2,text,true,,263,155,10,70,http://localhost:8080/search?q=beauty&author=Oscar%20Wilde,147,0,0
1782353881085,212,HTTP Request,200,OK,Author Query 5-8,text,true,,263,155,10,70,http://localhost:8080/search?q=beauty&author=Oscar%20Wilde,212,0,0
1782353881175,134,HTTP Request,200,OK,Author Query 5-5,text,true,,263,155,10,70,http://localhost:8080/search?q=beauty&author=Oscar%20Wilde,134,0,0
1782353881176,137,HTTP Request,200,OK,Author Query 5-6,text,true,,263,155,10,70,http://localhost:8080/search?q=beauty&author=Oscar%20Wilde,137,0,0
1782353881208,105,HTTP Request,200,OK,Author Query 5-10,text,true,,263,155,10,70,http://localhost:8080/search?q=beauty&author=Oscar%20Wilde,105,0,0
1782353881176,166,HTTP Request,200,OK,Author Query 5-7,text,true,,263,155,10,70,http://localhost:8080/search?q=beauty&author=Oscar%20Wilde,166,0,0
1782353881249,114,HTTP Request,200,OK,Author Query 5-1,text,true,,263,155,10,70,http://localhost:8080/search?q=beauty&author=Oscar%20Wilde,114,0,0
1782353881268,115,HTTP Request,200,OK,Author Query 5-2,text,true,,263,155,10,70,http://localhost:8080/search?q=beauty&author=Oscar%20Wilde,115,0,0
1782353881297,91,HTTP Request,200,OK,Author Query 5-8,text,true,,263,155,10,70,http://localhost:8080/search?q=beauty&author=Oscar%20Wilde,91,0,0
1782353881267,125,HTTP Request,200,OK,Author Query 5-3,text,true,,263,155,10,70,http://localhost:8080/search?q=beauty&author=Oscar%20Wilde,125,0,0
1782353881266,137,HTTP Request,200,OK,Author Query 5-9,text,true,,263,155,10,70,http://localhost:8080/search?q=beauty&author=Oscar%20Wilde,137,0,0
1782353881266,138,HTTP Request,200,OK,Author Query 5-4,text,true,,263,155,10,70,http://localhost:8080/search?q=beauty&author=Oscar%20Wilde,138,0,0
1782353881313,100,HTTP Request,200,OK,Author Query 5-10,text,true,,263,155,10,70,http://localhost:8080/search?q=beauty&author=Oscar%20Wilde,100,0,0
1782353881309,106,HTTP Request,200,OK,Author Query 5-5,text,true,,263,155,10,70,http://localhost:8080/search?q=beauty&author=Oscar%20Wilde,106,0,0
1782353881313,102,HTTP Request,200,OK,Author Query 5-6,text,true,,263,155,10,70,http://localhost:8080/search?q=beauty&author=Oscar%20Wilde,102,0,0
1782353881363,107,HTTP Request,200,OK,Author Query 5-1,text,true,,263,155,10,70,http://localhost:8080/search?q=beauty&author=Oscar%20Wilde,107,0,0
1782353881342,128,HTTP Request,200,OK,Author Query 5-7,text,true,,263,155,10,70,http://localhost:8080/search?q=beauty&author=Oscar%20Wilde,128,0,0
1782353881388,87,HTTP Request,200,OK,Author Query 5-8,text,true,,263,155,10,70,http://localhost:8080/search?q=beauty&author=Oscar%20Wilde,87,0,0
1782353881403,76,HTTP Request,200,OK,Author Query 5-9,text,true,,263,155,10,70,http://localhost:8080/search?q=beauty&author=Oscar%20Wilde,76,0,0
1782353881384,95,HTTP Request,200,OK,Author Query 5-2,text,true,,263,155,10,70,http://localhost:8080/search?q=beauty&author=Oscar%20Wilde,95,0,0
1782353881404,112,HTTP Request,200,OK,Author Query 5-4,text,true,,263,155,10,70,http://localhost:8080/search?q=beauty&author=Oscar%20Wilde,112,0,0
1782353881393,124,HTTP Request,200,OK,Author Query 5-3,text,true,,263,155,10,70,http://localhost:8080/search?q=beauty&author=Oscar%20Wilde,124,0,0
1782353881415,104,HTTP Request,200,OK,Author Query 5-5,text,true,,263,155,10,70,http://localhost:8080/search?q=beauty&author=Oscar%20Wilde,104,0,0
1782353881415,104,HTTP Request,200,OK,Author Query 5-6,text,true,,263,155,10,70,http://localhost:8080/search?q=beauty&author=Oscar%20Wilde,104,0,0
1782353881414,157,HTTP Request,200,OK,Author Query 5-10,text,true,,263,155,10,70,http://localhost:8080/search?q=beauty&author=Oscar%20Wilde,157,0,0
1782353881475,151,HTTP Request,200,OK,Author Query 5-8,text,true,,263,155,10,70,http://localhost:8080/search?q=beauty&author=Oscar%20Wilde,151,0,0
1782353881470,157,HTTP Request,200,OK,Author Query 5-1,text,true,,263,155,10,70,http://localhost:8080/search?q=beauty&author=Oscar%20Wilde,157,0,0
1782353881479,149,HTTP Request,200,OK,Author Query 5-9,text,true,,263,155,10,70,http://localhost:8080/search?q=beauty&author=Oscar%20Wilde,149,0,0
1782353881470,160,HTTP Request,200,OK,Author Query 5-7,text,true,,263,155,10,70,http://localhost:8080/search?q=beauty&author=Oscar%20Wilde,160,0,0
1782353881519,149,HTTP Request,200,OK,Author Query 5-6,text,true,,263,155,10,70,http://localhost:8080/search?q=beauty&author=Oscar%20Wilde,149,0,0
1782353881479,194,HTTP Request,200,OK,Author Query 5-2,text,true,,263,155,10,70,http://localhost:8080/search?q=beauty&author=Oscar%20Wilde,194,0,0
1782353881519,173,HTTP Request,200,OK,Author Query 5-5,text,true,,263,155,10,70,http://localhost:8080/search?q=beauty&author=Oscar%20Wilde,173,0,0
1782353881518,197,HTTP Request,200,OK,Author Query 5-3,text,true,,263,155,10,70,http://localhost:8080/search?q=beauty&author=Oscar%20Wilde,197,0,0
1782353881516,213,HTTP Request,200,OK,Author Query 5-4,text,true,,263,155,10,70,http://localhost:8080/search?q=beauty&author=Oscar%20Wilde,213,0,0
1782353881628,102,HTTP Request,200,OK,Author Query 5-9,text,true,,263,155,10,70,http://localhost:8080/search?q=beauty&author=Oscar%20Wilde,102,0,0
1782353881571,170,HTTP Request,200,OK,Author Query 5-10,text,true,,263,155,10,70,http://localhost:8080/search?q=beauty&author=Oscar%20Wilde,170,0,0
1782353881626,117,HTTP Request,200,OK,Author Query 5-8,text,true,,263,155,10,70,http://localhost:8080/search?q=beauty&author=Oscar%20Wilde,117,0,0
1782353881668,75,HTTP Request,200,OK,Author Query 5-6,text,true,,263,155,10,70,http://localhost:8080/search?q=beauty&author=Oscar%20Wilde,75,0,0
1782353881627,116,HTTP Request,200,OK,Author Query 5-1,text,true,,263,155,10,70,http://localhost:8080/search?q=beauty&author=Oscar%20Wilde,116,0,0
1782353881630,150,HTTP Request,200,OK,Author Query 5-7,text,true,,263,155,10,70,http://localhost:8080/search?q=beauty&author=Oscar%20Wilde,150,0,0
1782353881673,126,HTTP Request,200,OK,Author Query 5-2,text,true,,263,155,10,70,http://localhost:8080/search?q=beauty&author=Oscar%20Wilde,126,0,0
1782353881715,109,HTTP Request,200,OK,Author Query 5-3,text,true,,263,155,10,70,http://localhost:8080/search?q=beauty&author=Oscar%20Wilde,109,0,0
1782353881692,146,HTTP Request,200,OK,Author Query 5-5,text,true,,263,155,10,70,http://localhost:8080/search?q=beauty&author=Oscar%20Wilde,146,0,0
1782353881731,107,HTTP Request,200,OK,Author Query 5-9,text,true,,263,155,10,70,http://localhost:8080/search?q=beauty&author=Oscar%20Wilde,107,0,0
1782353881743,95,HTTP Request,200,OK,Author Query 5-8,text,true,,263,155,10,70,http://localhost:8080/search?q=beauty&author=Oscar%20Wilde,95,0,0
1782353881742,96,HTTP Request,200,OK,Author Query 5-10,text,true,,263,155,10,70,http://localhost:8080/search?q=beauty&author=Oscar%20Wilde,96,0,0
1782353881743,96,HTTP Request,200,OK,Author Query 5-1,text,true,,263,155,10,70,http://localhost:8080/search?q=beauty&author=Oscar%20Wilde,96,0,0
1782353881781,99,HTTP Request,200,OK,Author Query 5-7,text,true,,263,155,10,70,http://localhost:8080/search?q=beauty&author=Oscar%20Wilde,99,0,0
1782353881729,151,HTTP Request,200,OK,Author Query 5-4,text,true,,263,155,10,70,http://localhost:8080/search?q=beauty&author=Oscar%20Wilde,151,0,0
1782353881743,138,HTTP Request,200,OK,Author Query 5-6,text,true,,263,155,10,70,http://localhost:8080/search?q=beauty&author=Oscar%20Wilde,138,0,0
1782353881838,102,HTTP Request,200,OK,Author Query 5-5,text,true,,263,155,10,70,http://localhost:8080/search?q=beauty&author=Oscar%20Wilde,102,0,0
1782353881838,103,HTTP Request,200,OK,Author Query 5-9,text,true,,263,155,10,70,http://localhost:8080/search?q=beauty&author=Oscar%20Wilde,103,0,0
1782353881838,103,HTTP Request,200,OK,Author Query 5-10,text,true,,263,155,10,70,http://localhost:8080/search?q=beauty&author=Oscar%20Wilde,103,0,0
1782353881839,102,HTTP Request,200,OK,Author Query 5-1,text,true,,263,155,10,70,http://localhost:8080/search?q=beauty&author=Oscar%20Wilde,102,0,0
1782353881838,103,HTTP Request,200,OK,Author Query 5-8,text,true,,263,155,10,70,http://localhost:8080/search?q=beauty&author=Oscar%20Wilde,103,0,0
1782353881824,144,HTTP Request,200,OK,Author Query 5-3,text,true,,263,155,10,70,http://localhost:8080/search?q=beauty&author=Oscar%20Wilde,143,0,0
1782353881799,170,HTTP Request,200,OK,Author Query 5-2,text,true,,263,155,10,70,http://localhost:8080/search?q=beauty&author=Oscar%20Wilde,170,0,0
1782353881880,104,HTTP Request,200,OK,Author Query 5-7,text,true,,263,155,10,70,http://localhost:8080/search?q=beauty&author=Oscar%20Wilde,104,0,0
1782353881882,148,HTTP Request,200,OK,Author Query 5-6,text,true,,263,155,10,70,http://localhost:8080/search?q=beauty&author=Oscar%20Wilde,148,0,0
1782353881880,181,HTTP Request,200,OK,Author Query 5-4,text,true,,263,155,10,70,http://localhost:8080/search?q=beauty&author=Oscar%20Wilde,181,0,0
1782353881940,168,HTTP Request,200,OK,Author Query 5-5,text,true,,263,155,10,70,http://localhost:8080/search?q=beauty&author=Oscar%20Wilde,168,0,0
1782353881968,141,HTTP Request,200,OK,Author Query 5-3,text,true,,263,155,10,70,http://localhost:8080/search?q=beauty&author=Oscar%20Wilde,141,0,0
1782353881941,186,HTTP Request,200,OK,Author Query 5-1,text,true,,263,155,10,70,http://localhost:8080/search?q=beauty&author=Oscar%20Wilde,186,0,0
1782353881941,202,HTTP Request,200,OK,Author Query 5-9,text,true,,263,155,10,70,http://localhost:8080/search?q=beauty&author=Oscar%20Wilde,202,0,0
1782353882031,118,HTTP Request,200,OK,Author Query 5-6,text,true,,263,155,10,70,http://localhost:8080/search?q=beauty&author=Oscar%20Wilde,118,0,0
1782353881985,165,HTTP Request,200,OK,Author Query 5-7,text,true,,263,155,10,70,http://localhost:8080/search?q=beauty&author=Oscar%20Wilde,165,0,0
1782353881969,201,HTTP Request,200,OK,Author Query 5-2,text,true,,263,155,10,70,http://localhost:8080/search?q=beauty&author=Oscar%20Wilde,201,0,0
1782353881941,229,HTTP Request,200,OK,Author Query 5-8,text,true,,263,155,10,70,http://localhost:8080/search?q=beauty&author=Oscar%20Wilde,229,0,0
1782353881941,229,HTTP Request,200,OK,Author Query 5-10,text,true,,263,155,10,70,http://localhost:8080/search?q=beauty&author=Oscar%20Wilde,229,0,0
1782353882061,130,HTTP Request,200,OK,Author Query 5-4,text,true,,263,155,10,70,http://localhost:8080/search?q=beauty&author=Oscar%20Wilde,130,0,0
1782353882127,92,HTTP Request,200,OK,Author Query 5-1,text,true,,263,155,10,70,http://localhost:8080/search?q=beauty&author=Oscar%20Wilde,92,0,0
1782353882109,110,HTTP Request,200,OK,Author Query 5-5,text,true,,263,155,10,70,http://localhost:8080/search?q=beauty&author=Oscar%20Wilde,110,0,0
1782353882109,110,HTTP Request,200,OK,Author Query 5-3,text,true,,263,155,10,70,http://localhost:8080/search?q=beauty&author=Oscar%20Wilde,110,0,0
1782353882170,84,HTTP Request,200,OK,Author Query 5-10,text,true,,263,155,10,70,http://localhost:8080/search?q=beauty&author=Oscar%20Wilde,84,0,0
1782353882144,110,HTTP Request,200,OK,Author Query 5-9,text,true,,263,155,10,70,http://localhost:8080/search?q=beauty&author=Oscar%20Wilde,110,0,0
1782353882170,84,HTTP Request,200,OK,Author Query 5-2,text,true,,263,155,10,70,http://localhost:8080/search?q=beauty&author=Oscar%20Wilde,84,0,0
1782353882150,127,HTTP Request,200,OK,Author Query 5-7,text,true,,263,155,10,70,http://localhost:8080/search?q=beauty&author=Oscar%20Wilde,127,0,0
1782353882191,101,HTTP Request,200,OK,Author Query 5-4,text,true,,263,155,10,70,http://localhost:8080/search?q=beauty&author=Oscar%20Wilde,101,0,0
1782353882219,88,HTTP Request,200,OK,Author Query 5-5,text,true,,263,155,10,70,http://localhost:8080/search?q=beauty&author=Oscar%20Wilde,88,0,0
1782353882150,162,HTTP Request,200,OK,Author Query 5-6,text,true,,263,155,10,70,http://localhost:8080/search?q=beauty&author=Oscar%20Wilde,162,0,0
1782353882170,146,HTTP Request,200,OK,Author Query 5-8,text,true,,263,155,10,70,http://localhost:8080/search?q=beauty&author=Oscar%20Wilde,146,0,0
1782353882219,100,HTTP Request,200,OK,Author Query 5-3,text,true,,263,155,10,70,http://localhost:8080/search?q=beauty&author=Oscar%20Wilde,100,0,0
1782353882219,124,HTTP Request,200,OK,Author Query 5-1,text,true,,263,155,10,70,http://localhost:8080/search?q=beauty&author=Oscar%20Wilde,124,0,0
1782353882292,64,HTTP Request,200,OK,Author Query 5-4,text,true,,263,155,10,70,http://localhost:8080/search?q=beauty&author=Oscar%20Wilde,64,0,0
1782353882254,105,HTTP Request,200,OK,Author Query 5-2,text,true,,263,155,10,70,http://localhost:8080/search?q=beauty&author=Oscar%20Wilde,105,0,0
1782353882254,108,HTTP Request,200,OK,Author Query 5-9,text,true,,263,155,10,70,http://localhost:8080/search?q=beauty&author=Oscar%20Wilde,108,0,0
1782353882254,110,HTTP Request,200,OK,Author Query 5-10,text,true,,263,155,10,70,http://localhost:8080/search?q=beauty&author=Oscar%20Wilde,110,0,0
1782353882278,106,HTTP Request,200,OK,Author Query 5-7,text,true,,263,155,10,70,http://localhost:8080/search?q=beauty&author=Oscar%20Wilde,106,0,0
1782353882307,90,HTTP Request,200,OK,Author Query 5-5,text,true,,263,155,10,70,http://localhost:8080/search?q=beauty&author=Oscar%20Wilde,90,0,0
1782353882316,130,HTTP Request,200,OK,Author Query 5-8,text,true,,263,155,10,70,http://localhost:8080/search?q=beauty&author=Oscar%20Wilde,130,0,0
1782353882313,138,HTTP Request,200,OK,Author Query 5-6,text,true,,263,155,10,70,http://localhost:8080/search?q=beauty&author=Oscar%20Wilde,138,0,0
1782353882359,105,HTTP Request,200,OK,Author Query 5-2,text,true,,263,155,10,70,http://localhost:8080/search?q=beauty&author=Oscar%20Wilde,105,0,0
1782353882357,109,HTTP Request,200,OK,Author Query 5-4,text,true,,263,155,10,70,http://localhost:8080/search?q=beauty&author=Oscar%20Wilde,109,0,0
1782353882320,174,HTTP Request,200,OK,Author Query 5-3,text,true,,263,155,10,70,http://localhost:8080/search?q=beauty&author=Oscar%20Wilde,174,0,0
1782353882364,132,HTTP Request,200,OK,Author Query 5-10,text,true,,263,155,10,70,http://localhost:8080/search?q=beauty&author=Oscar%20Wilde,131,0,0
1782353882343,156,HTTP Request,200,OK,Author Query 5-1,text,true,,263,155,10,70,http://localhost:8080/search?q=beauty&author=Oscar%20Wilde,156,0,0
1782353882362,137,HTTP Request,200,OK,Author Query 5-9,text,true,,263,155,10,70,http://localhost:8080/search?q=beauty&author=Oscar%20Wilde,137,0,0
1782353882385,136,HTTP Request,200,OK,Author Query 5-7,text,true,,263,155,10,70,http://localhost:8080/search?q=beauty&author=Oscar%20Wilde,136,0,0
1782353882446,114,HTTP Request,200,OK,Author Query 5-8,text,true,,263,155,10,70,http://localhost:8080/search?q=beauty&author=Oscar%20Wilde,114,0,0
1782353882397,191,HTTP Request,200,OK,Author Query 5-5,text,true,,263,155,10,70,http://localhost:8080/search?q=beauty&author=Oscar%20Wilde,191,0,0
1782353882493,110,HTTP Request,200,OK,Author Query 5-3,text,true,,263,155,10,70,http://localhost:8080/search?q=beauty&author=Oscar%20Wilde,110,0,0
1782353882466,138,HTTP Request,200,OK,Author Query 5-4,text,true,,263,155,10,70,http://localhost:8080/search?q=beauty&author=Oscar%20Wilde,138,0,0
1782353882520,83,HTTP Request,200,OK,Author Query 5-7,text,true,,263,155,10,70,http://localhost:8080/search?q=beauty&author=Oscar%20Wilde,83,0,0
1782353882498,105,HTTP Request,200,OK,Author Query 5-9,text,true,,263,155,10,70,http://localhost:8080/search?q=beauty&author=Oscar%20Wilde,105,0,0
1782353882451,153,HTTP Request,200,OK,Author Query 5-6,text,true,,263,155,10,70,http://localhost:8080/search?q=beauty&author=Oscar%20Wilde,153,0,0
1782353882465,140,HTTP Request,200,OK,Author Query 5-2,text,true,,263,155,10,70,http://localhost:8080/search?q=beauty&author=Oscar%20Wilde,140,0,0
1782353882498,144,HTTP Request,200,OK,Author Query 5-1,text,true,,263,155,10,70,http://localhost:8080/search?q=beauty&author=Oscar%20Wilde,144,0,0
1782353882495,158,HTTP Request,200,OK,Author Query 5-10,text,true,,263,155,10,70,http://localhost:8080/search?q=beauty&author=Oscar%20Wilde,158,0,0
1782353882587,98,HTTP Request,200,OK,Author Query 5-5,text,true,,263,155,10,70,http://localhost:8080/search?q=beauty&author=Oscar%20Wilde,98,0,0
1782353882559,129,HTTP Request,200,OK,Author Query 5-8,text,true,,263,155,10,70,http://localhost:8080/search?q=beauty&author=Oscar%20Wilde,129,0,0
1782353882603,87,HTTP Request,200,OK,Author Query 5-7,text,true,,263,155,10,70,http://localhost:8080/search?q=beauty&author=Oscar%20Wilde,87,0,0
1782353882604,93,HTTP Request,200,OK,Author Query 5-2,text,true,,263,155,10,70,http://localhost:8080/search?q=beauty&author=Oscar%20Wilde,93,0,0
1782353882603,117,HTTP Request,200,OK,Author Query 5-9,text,true,,263,155,10,70,http://localhost:8080/search?q=beauty&author=Oscar%20Wilde,117,0,0
1782353882603,118,HTTP Request,200,OK,Author Query 5-4,text,true,,263,155,10,70,http://localhost:8080/search?q=beauty&author=Oscar%20Wilde,118,0,0
1782353882603,122,HTTP Request,200,OK,Author Query 5-3,text,true,,263,155,10,70,http://localhost:8080/search?q=beauty&author=Oscar%20Wilde,122,0,0
1782353882603,122,HTTP Request,200,OK,Author Query 5-6,text,true,,263,155,10,70,http://localhost:8080/search?q=beauty&author=Oscar%20Wilde,122,0,0
1782353882653,128,HTTP Request,200,OK,Author Query 5-10,text,true,,263,155,10,70,http://localhost:8080/search?q=beauty&author=Oscar%20Wilde,128,0,0
1782353882691,97,HTTP Request,200,OK,Author Query 5-7,text,true,,263,155,10,70,http://localhost:8080/search?q=beauty&author=Oscar%20Wilde,97,0,0
1782353882688,117,HTTP Request,200,OK,Author Query 5-8,text,true,,263,155,10,70,http://localhost:8080/search?q=beauty&author=Oscar%20Wilde,117,0,0
1782353882686,119,HTTP Request,200,OK,Author Query 5-5,text,true,,263,155,10,70,http://localhost:8080/search?q=beauty&author=Oscar%20Wilde,119,0,0
1782353882643,169,HTTP Request,200,OK,Author Query 5-1,text,true,,263,155,10,70,http://localhost:8080/search?q=beauty&author=Oscar%20Wilde,169,0,0
1782353882697,162,HTTP Request,200,OK,Author Query 5-2,text,true,,263,155,10,70,http://localhost:8080/search?q=beauty&author=Oscar%20Wilde,162,0,0
1782353882721,146,HTTP Request,200,OK,Author Query 5-4,text,true,,263,155,10,70,http://localhost:8080/search?q=beauty&author=Oscar%20Wilde,146,0,0
1782353882725,170,HTTP Request,200,OK,Author Query 5-6,text,true,,263,155,10,70,http://localhost:8080/search?q=beauty&author=Oscar%20Wilde,170,0,0
1782353882721,183,HTTP Request,200,OK,Author Query 5-9,text,true,,263,155,10,70,http://localhost:8080/search?q=beauty&author=Oscar%20Wilde,183,0,0
1782353882725,186,HTTP Request,200,OK,Author Query 5-3,text,true,,263,155,10,70,http://localhost:8080/search?q=beauty&author=Oscar%20Wilde,186,0,0
1782353882867,65,HTTP Request,200,OK,Author Query 5-4,text,true,,263,155,10,70,http://localhost:8080/search?q=beauty&author=Oscar%20Wilde,65,0,0
1782353882781,152,HTTP Request,200,OK,Author Query 5-10,text,true,,263,155,10,70,http://localhost:8080/search?q=beauty&author=Oscar%20Wilde,152,0,0
1782353882812,122,HTTP Request,200,OK,Author Query 5-1,text,true,,263,155,10,70,http://localhost:8080/search?q=beauty&author=Oscar%20Wilde,122,0,0
1782353882788,146,HTTP Request,200,OK,Author Query 5-7,text,true,,263,155,10,70,http://localhost:8080/search?q=beauty&author=Oscar%20Wilde,146,0,0
1782353882860,74,HTTP Request,200,OK,Author Query 5-2,text,true,,263,155,10,70,http://localhost:8080/search?q=beauty&author=Oscar%20Wilde,74,0,0
1782353882805,130,HTTP Request,200,OK,Author Query 5-5,text,true,,263,155,10,70,http://localhost:8080/search?q=beauty&author=Oscar%20Wilde,130,0,0
1782353882805,131,HTTP Request,200,OK,Author Query 5-8,text,true,,263,155,10,70,http://localhost:8080/search?q=beauty&author=Oscar%20Wilde,131,0,0
1782353882895,93,HTTP Request,200,OK,Author Query 5-6,text,true,,263,155,10,70,http://localhost:8080/search?q=beauty&author=Oscar%20Wilde,93,0,0
1782353882904,96,HTTP Request,200,OK,Author Query 5-9,text,true,,263,155,10,70,http://localhost:8080/search?q=beauty&author=Oscar%20Wilde,96,0,0
1782353882911,89,HTTP Request,200,OK,Author Query 5-3,text,true,,263,155,10,70,http://localhost:8080/search?q=beauty&author=Oscar%20Wilde,89,0,0
1782353882933,68,HTTP Request,200,OK,Author Query 5-10,text,true,,263,155,10,70,http://localhost:8080/search?q=beauty&author=Oscar%20Wilde,68,0,0
1782353882934,81,HTTP Request,200,OK,Author Query 5-7,text,true,,263,155,10,70,http://localhost:8080/search?q=beauty&author=Oscar%20Wilde,81,0,0
1782353882934,87,HTTP Request,200,OK,Author Query 5-1,text,true,,263,155,10,70,http://localhost:8080/search?q=beauty&author=Oscar%20Wilde,87,0,0
1782353882933,88,HTTP Request,200,OK,Author Query 5-4,text,true,,263,155,10,70,http://localhost:8080/search?q=beauty&author=Oscar%20Wilde,88,0,0
1782353882934,88,HTTP Request,200,OK,Author Query 5-2,text,true,,263,155,10,70,http://localhost:8080/search?q=beauty&author=Oscar%20Wilde,88,0,0
1782353882935,87,HTTP Request,200,OK,Author Query 5-5,text,true,,263,155,10,70,http://localhost:8080/search?q=beauty&author=Oscar%20Wilde,87,0,0
1782353882936,131,HTTP Request,200,OK,Author Query 5-8,text,true,,263,155,10,70,http://localhost:8080/search?q=beauty&author=Oscar%20Wilde,131,0,0
1782353882988,115,HTTP Request,200,OK,Author Query 5-6,text,true,,263,155,10,70,http://localhost:8080/search?q=beauty&author=Oscar%20Wilde,115,0,0
1782353883022,93,HTTP Request,200,OK,Author Query 5-5,text,true,,263,155,10,70,http://localhost:8080/search?q=beauty&author=Oscar%20Wilde,93,0,0
1782353883000,115,HTTP Request,200,OK,Author Query 5-9,text,true,,263,155,10,70,http://localhost:8080/search?q=beauty&author=Oscar%20Wilde,115,0,0
1782353883001,121,HTTP Request,200,OK,Author Query 5-10,text,true,,263,155,10,70,http://localhost:8080/search?q=beauty&author=Oscar%20Wilde,121,0,0
1782353883021,111,HTTP Request,200,OK,Author Query 5-1,text,true,,263,155,10,70,http://localhost:8080/search?q=beauty&author=Oscar%20Wilde,111,0,0
1782353883000,132,HTTP Request,200,OK,Author Query 5-3,text,true,,263,155,10,70,http://localhost:8080/search?q=beauty&author=Oscar%20Wilde,132,0,0
1782353883021,111,HTTP Request,200,OK,Author Query 5-4,text,true,,263,155,10,70,http://localhost:8080/search?q=beauty&author=Oscar%20Wilde,111,0,0
1782353883015,118,HTTP Request,200,OK,Author Query 5-7,text,true,,263,155,10,70,http://localhost:8080/search?q=beauty&author=Oscar%20Wilde,118,0,0
1782353883022,112,HTTP Request,200,OK,Author Query 5-2,text,true,,263,155,10,70,http://localhost:8080/search?q=beauty&author=Oscar%20Wilde,112,0,0
1782353883067,136,HTTP Request,200,OK,Author Query 5-8,text,true,,263,155,10,70,http://localhost:8080/search?q=beauty&author=Oscar%20Wilde,136,0,0
1782353883115,111,HTTP Request,200,OK,Author Query 5-5,text,true,,263,155,10,70,http://localhost:8080/search?q=beauty&author=Oscar%20Wilde,111,0,0
1782353883103,132,HTTP Request,200,OK,Author Query 5-6,text,true,,263,155,10,70,http://localhost:8080/search?q=beauty&author=Oscar%20Wilde,132,0,0
1782353883122,113,HTTP Request,200,OK,Author Query 5-10,text,true,,263,155,10,70,http://localhost:8080/search?q=beauty&author=Oscar%20Wilde,113,0,0
1782353883115,120,HTTP Request,200,OK,Author Query 5-9,text,true,,263,155,10,70,http://localhost:8080/search?q=beauty&author=Oscar%20Wilde,120,0,0
1782353883132,126,HTTP Request,200,OK,Author Query 5-1,text,true,,263,155,10,70,http://localhost:8080/search?q=beauty&author=Oscar%20Wilde,126,0,0
1782353883132,126,HTTP Request,200,OK,Author Query 5-3,text,true,,263,155,10,70,http://localhost:8080/search?q=beauty&author=Oscar%20Wilde,126,0,0
1782353883132,161,HTTP Request,200,OK,Author Query 5-4,text,true,,263,155,10,70,http://localhost:8080/search?q=beauty&author=Oscar%20Wilde,161,0,0
1782353883134,160,HTTP Request,200,OK,Author Query 5-2,text,true,,263,155,10,70,http://localhost:8080/search?q=beauty&author=Oscar%20Wilde,160,0,0
1782353883133,163,HTTP Request,200,OK,Author Query 5-7,text,true,,263,155,10,70,http://localhost:8080/search?q=beauty&author=Oscar%20Wilde,163,0,0
1782353883204,126,HTTP Request,200,OK,Author Query 5-8,text,true,,263,155,10,70,http://localhost:8080/search?q=beauty&author=Oscar%20Wilde,126,0,0
1782353883226,113,HTTP Request,200,OK,Author Query 5-5,text,true,,263,155,10,70,http://localhost:8080/search?q=beauty&author=Oscar%20Wilde,113,0,0
1782353883235,150,HTTP Request,200,OK,Author Query 5-6,text,true,,263,155,10,70,http://localhost:8080/search?q=beauty&author=Oscar%20Wilde,150,0,0
1782353883258,127,HTTP Request,200,OK,Author Query 5-1,text,true,,263,155,10,70,http://localhost:8080/search?q=beauty&author=Oscar%20Wilde,127,0,0
1782353883235,153,HTTP Request,200,OK,Author Query 5-10,text,true,,263,155,10,70,http://localhost:8080/search?q=beauty&author=Oscar%20Wilde,153,0,0
1782353883259,129,HTTP Request,200,OK,Author Query 5-3,text,true,,263,155,10,70,http://localhost:8080/search?q=beauty&author=Oscar%20Wilde,129,0,0
1782353883235,154,HTTP Request,200,OK,Author Query 5-9,text,true,,263,155,10,70,http://localhost:8080/search?q=beauty&author=Oscar%20Wilde,154,0,0
1782353883294,129,HTTP Request,200,OK,Author Query 5-2,text,true,,263,155,10,70,http://localhost:8080/search?q=beauty&author=Oscar%20Wilde,129,0,0
1782353883296,127,HTTP Request,200,OK,Author Query 5-7,text,true,,263,155,10,70,http://localhost:8080/search?q=beauty&author=Oscar%20Wilde,127,0,0
1782353883340,100,HTTP Request,200,OK,Author Query 5-5,text,true,,263,155,10,70,http://localhost:8080/search?q=beauty&author=Oscar%20Wilde,100,0,0
1782353883294,147,HTTP Request,200,OK,Author Query 5-4,text,true,,263,155,10,70,http://localhost:8080/search?q=beauty&author=Oscar%20Wilde,147,0,0
1782353883330,148,HTTP Request,200,OK,Author Query 5-8,text,true,,263,155,10,70,http://localhost:8080/search?q=beauty&author=Oscar%20Wilde,148,0,0
1782353883386,93,HTTP Request,200,OK,Author Query 5-6,text,true,,263,155,10,70,http://localhost:8080/search?q=beauty&author=Oscar%20Wilde,93,0,0
1782353883386,98,HTTP Request,200,OK,Author Query 5-1,text,true,,263,155,10,70,http://localhost:8080/search?q=beauty&author=Oscar%20Wilde,98,0,0
1782353883388,99,HTTP Request,200,OK,Author Query 5-10,text,true,,263,155,10,70,http://localhost:8080/search?q=beauty&author=Oscar%20Wilde,99,0,0
1782353883389,109,HTTP Request,200,OK,Author Query 5-9,text,true,,263,155,10,70,http://localhost:8080/search?q=beauty&author=Oscar%20Wilde,109,0,0
1782353883423,90,HTTP Request,200,OK,Author Query 5-2,text,true,,263,155,10,70,http://localhost:8080/search?q=beauty&author=Oscar%20Wilde,90,0,0
1782353883388,126,HTTP Request,200,OK,Author Query 5-3,text,true,,263,155,10,70,http://localhost:8080/search?q=beauty&author=Oscar%20Wilde,126,0,0
1782353883479,105,HTTP Request,200,OK,Author Query 5-8,text,true,,263,155,10,70,http://localhost:8080/search?q=beauty&author=Oscar%20Wilde,105,0,0
1782353883441,144,HTTP Request,200,OK,Author Query 5-4,text,true,,263,155,10,70,http://localhost:8080/search?q=beauty&author=Oscar%20Wilde,144,0,0
1782353883440,146,HTTP Request,200,OK,Author Query 5-5,text,true,,263,155,10,70,http://localhost:8080/search?q=beauty&author=Oscar%20Wilde,146,0,0
1782353883423,164,HTTP Request,200,OK,Author Query 5-7,text,true,,263,155,10,70,http://localhost:8080/search?q=beauty&author=Oscar%20Wilde,164,0,0
1782353883513,102,HTTP Request,200,OK,Author Query 5-2,text,true,,263,155,10,70,http://localhost:8080/search?q=beauty&author=Oscar%20Wilde,102,0,0
1782353883484,133,HTTP Request,200,OK,Author Query 5-1,text,true,,263,155,10,70,http://localhost:8080/search?q=beauty&author=Oscar%20Wilde,133,0,0
1782353883479,138,HTTP Request,200,OK,Author Query 5-6,text,true,,263,155,10,70,http://localhost:8080/search?q=beauty&author=Oscar%20Wilde,138,0,0
1782353883487,131,HTTP Request,200,OK,Author Query 5-10,text,true,,263,155,10,70,http://localhost:8080/search?q=beauty&author=Oscar%20Wilde,131,0,0
1782353883498,123,HTTP Request,200,OK,Author Query 5-9,text,true,,263,155,10,70,http://localhost:8080/search?q=beauty&author=Oscar%20Wilde,123,0,0
1782353883515,120,HTTP Request,200,OK,Author Query 5-3,text,true,,263,155,10,70,http://localhost:8080/search?q=beauty&author=Oscar%20Wilde,120,0,0
1782353883585,84,HTTP Request,200,OK,Author Query 5-8,text,true,,263,155,10,70,http://localhost:8080/search?q=beauty&author=Oscar%20Wilde,84,0,0
1782353883586,101,HTTP Request,200,OK,Author Query 5-5,text,true,,263,155,10,70,http://localhost:8080/search?q=beauty&author=Oscar%20Wilde,101,0,0
1782353883585,102,HTTP Request,200,OK,Author Query 5-4,text,true,,263,155,10,70,http://localhost:8080/search?q=beauty&author=Oscar%20Wilde,102,0,0
1782353883617,84,HTTP Request,200,OK,Author Query 5-6,text,true,,263,155,10,70,http://localhost:8080/search?q=beauty&author=Oscar%20Wilde,84,0,0
1782353883618,83,HTTP Request,200,OK,Author Query 5-10,text,true,,263,155,10,70,http://localhost:8080/search?q=beauty&author=Oscar%20Wilde,83,0,0
1782353883617,84,HTTP Request,200,OK,Author Query 5-1,text,true,,263,155,10,70,http://localhost:8080/search?q=beauty&author=Oscar%20Wilde,84,0,0
1782353883588,123,HTTP Request,200,OK,Author Query 5-7,text,true,,263,155,10,70,http://localhost:8080/search?q=beauty&author=Oscar%20Wilde,123,0,0
1782353883622,90,HTTP Request,200,OK,Author Query 5-9,text,true,,263,155,10,70,http://localhost:8080/search?q=beauty&author=Oscar%20Wilde,90,0,0
1782353883616,100,HTTP Request,200,OK,Author Query 5-2,text,true,,263,155,10,70,http://localhost:8080/search?q=beauty&author=Oscar%20Wilde,100,0,0
1782353883635,102,HTTP Request,200,OK,Author Query 5-3,text,true,,263,155,10,70,http://localhost:8080/search?q=beauty&author=Oscar%20Wilde,102,0,0
1782353883670,76,HTTP Request,200,OK,Author Query 5-8,text,true,,263,155,10,70,http://localhost:8080/search?q=beauty&author=Oscar%20Wilde,76,0,0
1782353883687,65,HTTP Request,200,OK,Author Query 5-5,text,true,,263,155,10,70,http://localhost:8080/search?q=beauty&author=Oscar%20Wilde,65,0,0
1782353883687,65,HTTP Request,200,OK,Author Query 5-4,text,true,,263,155,10,70,http://localhost:8080/search?q=beauty&author=Oscar%20Wilde,65,0,0
1782353883701,67,HTTP Request,200,OK,Author Query 5-6,text,true,,263,155,10,70,http://localhost:8080/search?q=beauty&author=Oscar%20Wilde,67,0,0
1782353883701,67,HTTP Request,200,OK,Author Query 5-10,text,true,,263,155,10,70,http://localhost:8080/search?q=beauty&author=Oscar%20Wilde,67,0,0
1782353883701,67,HTTP Request,200,OK,Author Query 5-1,text,true,,263,155,10,70,http://localhost:8080/search?q=beauty&author=Oscar%20Wilde,67,0,0
1782353883716,68,HTTP Request,200,OK,Author Query 5-2,text,true,,263,155,10,70,http://localhost:8080/search?q=beauty&author=Oscar%20Wilde,68,0,0
1782353883712,78,HTTP Request,200,OK,Author Query 5-7,text,true,,263,155,10,70,http://localhost:8080/search?q=beauty&author=Oscar%20Wilde,78,0,0
1782353883712,78,HTTP Request,200,OK,Author Query 5-9,text,true,,263,155,10,70,http://localhost:8080/search?q=beauty&author=Oscar%20Wilde,78,0,0
1782353883746,55,HTTP Request,200,OK,Author Query 5-8,text,true,,263,155,10,70,http://localhost:8080/search?q=beauty&author=Oscar%20Wilde,55,0,0
1782353883753,64,HTTP Request,200,OK,Author Query 5-4,text,true,,263,155,10,70,http://localhost:8080/search?q=beauty&author=Oscar%20Wilde,64,0,0
1782353883752,65,HTTP Request,200,OK,Author Query 5-5,text,true,,263,155,10,70,http://localhost:8080/search?q=beauty&author=Oscar%20Wilde,65,0,0
1782353883768,73,HTTP Request,200,OK,Author Query 5-1,text,true,,263,155,10,70,http://localhost:8080/search?q=beauty&author=Oscar%20Wilde,73,0,0
1782353883768,73,HTTP Request,200,OK,Author Query 5-10,text,true,,263,155,10,70,http://localhost:8080/search?q=beauty&author=Oscar%20Wilde,73,0,0
1782353883768,74,HTTP Request,200,OK,Author Query 5-6,text,true,,263,155,10,70,http://localhost:8080/search?q=beauty&author=Oscar%20Wilde,74,0,0
1782353883737,112,HTTP Request,200,OK,Author Query 5-3,text,true,,263,155,10,70,http://localhost:8080/search?q=beauty&author=Oscar%20Wilde,112,0,0
1782353883784,86,HTTP Request,200,OK,Author Query 5-2,text,true,,263,155,10,70,http://localhost:8080/search?q=beauty&author=Oscar%20Wilde,86,0,0
1782353883790,81,HTTP Request,200,OK,Author Query 5-7,text,true,,263,155,10,70,http://localhost:8080/search?q=beauty&author=Oscar%20Wilde,81,0,0
1782353883801,71,HTTP Request,200,OK,Author Query 5-8,text,true,,263,155,10,70,http://localhost:8080/search?q=beauty&author=Oscar%20Wilde,71,0,0
1782353883790,93,HTTP Request,200,OK,Author Query 5-9,text,true,,263,155,10,70,http://localhost:8080/search?q=beauty&author=Oscar%20Wilde,93,0,0
1782353883817,86,HTTP Request,200,OK,Author Query 5-5,text,true,,263,155,10,70,http://localhost:8080/search?q=beauty&author=Oscar%20Wilde,86,0,0
1782353883817,99,HTTP Request,200,OK,Author Query 5-4,text,true,,263,155,10,70,http://localhost:8080/search?q=beauty&author=Oscar%20Wilde,99,0,0
1782353883841,84,HTTP Request,200,OK,Author Query 5-1,text,true,,263,155,10,70,http://localhost:8080/search?q=beauty&author=Oscar%20Wilde,84,0,0
1782353883841,85,HTTP Request,200,OK,Author Query 5-10,text,true,,263,155,10,70,http://localhost:8080/search?q=beauty&author=Oscar%20Wilde,85,0,0
1782353883872,82,HTTP Request,200,OK,Author Query 5-8,text,true,,263,155,10,70,http://localhost:8080/search?q=beauty&author=Oscar%20Wilde,82,0,0
1782353883872,82,HTTP Request,200,OK,Author Query 5-7,text,true,,263,155,10,70,http://localhost:8080/search?q=beauty&author=Oscar%20Wilde,82,0,0
1782353883870,86,HTTP Request,200,OK,Author Query 5-2,text,true,,263,155,10,70,http://localhost:8080/search?q=beauty&author=Oscar%20Wilde,86,0,0
1782353883850,133,HTTP Request,200,OK,Author Query 5-3,text,true,,263,155,10,70,http://localhost:8080/search?q=beauty&author=Oscar%20Wilde,133,0,0
1782353883842,143,HTTP Request,200,OK,Author Query 5-6,text,true,,263,155,10,70,http://localhost:8080/search?q=beauty&author=Oscar%20Wilde,143,0,0
1782353883883,145,HTTP Request,200,OK,Author Query 5-9,text,true,,263,155,10,70,http://localhost:8080/search?q=beauty&author=Oscar%20Wilde,145,0,0
1782353883903,126,HTTP Request,200,OK,Author Query 5-5,text,true,,263,155,10,70,http://localhost:8080/search?q=beauty&author=Oscar%20Wilde,126,0,0
1782353883916,151,HTTP Request,200,OK,Author Query 5-4,text,true,,263,155,10,70,http://localhost:8080/search?q=beauty&author=Oscar%20Wilde,151,0,0
1782353883925,149,HTTP Request,200,OK,Author Query 5-1,text,true,,263,155,10,70,http://localhost:8080/search?q=beauty&author=Oscar%20Wilde,149,0,0
1782353883983,108,HTTP Request,200,OK,Author Query 5-3,text,true,,263,155,10,70,http://localhost:8080/search?q=beauty&author=Oscar%20Wilde,108,0,0
1782353883954,137,HTTP Request,200,OK,Author Query 5-7,text,true,,263,155,10,70,http://localhost:8080/search?q=beauty&author=Oscar%20Wilde,137,0,0
1782353883985,107,HTTP Request,200,OK,Author Query 5-6,text,true,,263,155,10,70,http://localhost:8080/search?q=beauty&author=Oscar%20Wilde,107,0,0
1782353883956,137,HTTP Request,200,OK,Author Query 5-2,text,true,,263,155,10,70,http://localhost:8080/search?q=beauty&author=Oscar%20Wilde,137,0,0
1782353883927,169,HTTP Request,200,OK,Author Query 5-10,text,true,,263,155,10,70,http://localhost:8080/search?q=beauty&author=Oscar%20Wilde,169,0,0
1782353883954,142,HTTP Request,200,OK,Author Query 5-8,text,true,,263,155,10,70,http://localhost:8080/search?q=beauty&author=Oscar%20Wilde,142,0,0
1782353884028,107,HTTP Request,200,OK,Author Query 5-9,text,true,,263,155,10,70,http://localhost:8080/search?q=beauty&author=Oscar%20Wilde,107,0,0
1782353884029,117,HTTP Request,200,OK,Author Query 5-5,text,true,,263,155,10,70,http://localhost:8080/search?q=beauty&author=Oscar%20Wilde,117,0,0
1782353884091,73,HTTP Request,200,OK,Author Query 5-7,text,true,,263,155,10,70,http://localhost:8080/search?q=beauty&author=Oscar%20Wilde,73,0,0
1782353884075,90,HTTP Request,200,OK,Author Query 5-1,text,true,,263,155,10,70,http://localhost:8080/search?q=beauty&author=Oscar%20Wilde,90,0,0
1782353884093,73,HTTP Request,200,OK,Author Query 5-6,text,true,,263,155,10,70,http://localhost:8080/search?q=beauty&author=Oscar%20Wilde,73,0,0
1782353884067,103,HTTP Request,200,OK,Author Query 5-4,text,true,,263,155,10,70,http://localhost:8080/search?q=beauty&author=Oscar%20Wilde,103,0,0
1782353884091,85,HTTP Request,200,OK,Author Query 5-3,text,true,,263,155,10,70,http://localhost:8080/search?q=beauty&author=Oscar%20Wilde,85,0,0
1782353884096,82,HTTP Request,200,OK,Author Query 5-10,text,true,,263,155,10,70,http://localhost:8080/search?q=beauty&author=Oscar%20Wilde,82,0,0
1782353884094,85,HTTP Request,200,OK,Author Query 5-2,text,true,,263,155,10,70,http://localhost:8080/search?q=beauty&author=Oscar%20Wilde,84,0,0
1782353884097,83,HTTP Request,200,OK,Author Query 5-8,text,true,,263,155,10,70,http://localhost:8080/search?q=beauty&author=Oscar%20Wilde,82,0,0
1782353884147,98,HTTP Request,200,OK,Author Query 5-5,text,true,,263,155,10,70,http://localhost:8080/search?q=beauty&author=Oscar%20Wilde,98,0,0
1782353884136,110,HTTP Request,200,OK,Author Query 5-9,text,true,,263,155,10,70,http://localhost:8080/search?q=beauty&author=Oscar%20Wilde,110,0,0
1782353884170,99,HTTP Request,200,OK,Author Query 5-4,text,true,,263,155,10,70,http://localhost:8080/search?q=beauty&author=Oscar%20Wilde,99,0,0
1782353884166,104,HTTP Request,200,OK,Author Query 5-6,text,true,,263,155,10,70,http://localhost:8080/search?q=beauty&author=Oscar%20Wilde,104,0,0
1782353884165,105,HTTP Request,200,OK,Author Query 5-1,text,true,,263,155,10,70,http://localhost:8080/search?q=beauty&author=Oscar%20Wilde,105,0,0
1782353884178,92,HTTP Request,200,OK,Author Query 5-10,text,true,,263,155,10,70,http://localhost:8080/search?q=beauty&author=Oscar%20Wilde,92,0,0
1782353884164,106,HTTP Request,200,OK,Author Query 5-7,text,true,,263,155,10,70,http://localhost:8080/search?q=beauty&author=Oscar%20Wilde,106,0,0
1782353884179,104,HTTP Request,200,OK,Author Query 5-2,text,true,,263,155,10,70,http://localhost:8080/search?q=beauty&author=Oscar%20Wilde,104,0,0
1782353884180,106,HTTP Request,200,OK,Author Query 5-8,text,true,,263,155,10,70,http://localhost:8080/search?q=beauty&author=Oscar%20Wilde,106,0,0
1782353884176,129,HTTP Request,200,OK,Author Query 5-3,text,true,,263,155,10,70,http://localhost:8080/search?q=beauty&author=Oscar%20Wilde,129,0,0
1782353884245,60,HTTP Request,200,OK,Author Query 5-5,text,true,,263,155,10,70,http://localhost:8080/search?q=beauty&author=Oscar%20Wilde,60,0,0
1782353884246,72,HTTP Request,200,OK,Author Query 5-9,text,true,,263,155,10,70,http://localhost:8080/search?q=beauty&author=Oscar%20Wilde,72,0,0
1782353884270,59,HTTP Request,200,OK,Author Query 5-10,text,true,,263,155,10,70,http://localhost:8080/search?q=beauty&author=Oscar%20Wilde,59,0,0
1782353884270,61,HTTP Request,200,OK,Author Query 5-1,text,true,,263,155,10,70,http://localhost:8080/search?q=beauty&author=Oscar%20Wilde,61,0,0
1782353884270,66,HTTP Request,200,OK,Author Query 5-7,text,true,,263,155,10,70,http://localhost:8080/search?q=beauty&author=Oscar%20Wilde,66,0,0
1782353884287,50,HTTP Request,200,OK,Author Query 5-8,text,true,,263,155,10,70,http://localhost:8080/search?q=beauty&author=Oscar%20Wilde,50,0,0
1782353884283,56,HTTP Request,200,OK,Author Query 5-2,text,true,,263,155,10,70,http://localhost:8080/search?q=beauty&author=Oscar%20Wilde,56,0,0
1782353884305,55,HTTP Request,200,OK,Author Query 5-3,text,true,,263,155,10,70,http://localhost:8080/search?q=beauty&author=Oscar%20Wilde,55,0,0
1782353884270,97,HTTP Request,200,OK,Author Query 5-6,text,true,,263,155,10,70,http://localhost:8080/search?q=beauty&author=Oscar%20Wilde,97,0,0
1782353884318,63,HTTP Request,200,OK,Author Query 5-9,text,true,,263,155,10,70,http://localhost:8080/search?q=beauty&author=Oscar%20Wilde,63,0,0
1782353884270,131,HTTP Request,200,OK,Author Query 5-4,text,true,,263,155,10,70,http://localhost:8080/search?q=beauty&author=Oscar%20Wilde,131,0,0
1782353884337,84,HTTP Request,200,OK,Author Query 5-8,text,true,,263,155,10,70,http://localhost:8080/search?q=beauty&author=Oscar%20Wilde,84,0,0
1782353884339,82,HTTP Request,200,OK,Author Query 5-2,text,true,,263,155,10,70,http://localhost:8080/search?q=beauty&author=Oscar%20Wilde,82,0,0
1782353884331,90,HTTP Request,200,OK,Author Query 5-1,text,true,,263,155,10,70,http://localhost:8080/search?q=beauty&author=Oscar%20Wilde,90,0,0
1782353884337,85,HTTP Request,200,OK,Author Query 5-7,text,true,,263,155,10,70,http://localhost:8080/search?q=beauty&author=Oscar%20Wilde,85,0,0
1782353884329,100,HTTP Request,200,OK,Author Query 5-10,text,true,,263,155,10,70,http://localhost:8080/search?q=beauty&author=Oscar%20Wilde,100,0,0
1782353884305,124,HTTP Request,200,OK,Author Query 5-5,text,true,,263,155,10,70,http://localhost:8080/search?q=beauty&author=Oscar%20Wilde,124,0,0
1782353884360,107,HTTP Request,200,OK,Author Query 5-3,text,true,,263,155,10,70,http://localhost:8080/search?q=beauty&author=Oscar%20Wilde,107,0,0
1782353884368,121,HTTP Request,200,OK,Author Query 5-6,text,true,,263,155,10,70,http://localhost:8080/search?q=beauty&author=Oscar%20Wilde,121,0,0
1782353884401,88,HTTP Request,200,OK,Author Query 5-4,text,true,,263,155,10,70,http://localhost:8080/search?q=beauty&author=Oscar%20Wilde,88,0,0
1782353884422,70,HTTP Request,200,OK,Author Query 5-7,text,true,,263,155,10,70,http://localhost:8080/search?q=beauty&author=Oscar%20Wilde,70,0,0
1782353884382,135,HTTP Request,200,OK,Author Query 5-9,text,true,,263,155,10,70,http://localhost:8080/search?q=beauty&author=Oscar%20Wilde,135,0,0
1782353884421,105,HTTP Request,200,OK,Author Query 5-8,text,true,,263,155,10,70,http://localhost:8080/search?q=beauty&author=Oscar%20Wilde,105,0,0
1782353884421,105,HTTP Request,200,OK,Author Query 5-1,text,true,,263,155,10,70,http://localhost:8080/search?q=beauty&author=Oscar%20Wilde,105,0,0
1782353884429,117,HTTP Request,200,OK,Author Query 5-5,text,true,,263,155,10,70,http://localhost:8080/search?q=beauty&author=Oscar%20Wilde,117,0,0
1782353884429,135,HTTP Request,200,OK,Author Query 5-10,text,true,,263,155,10,70,http://localhost:8080/search?q=beauty&author=Oscar%20Wilde,135,0,0
1782353884421,146,HTTP Request,200,OK,Author Query 5-2,text,true,,263,155,10,70,http://localhost:8080/search?q=beauty&author=Oscar%20Wilde,146,0,0
1782353884489,125,HTTP Request,200,OK,Author Query 5-4,text,true,,263,155,10,70,http://localhost:8080/search?q=beauty&author=Oscar%20Wilde,125,0,0
1782353884467,166,HTTP Request,200,OK,Author Query 5-3,text,true,,263,155,10,70,http://localhost:8080/search?q=beauty&author=Oscar%20Wilde,166,0,0
1782353884493,158,HTTP Request,200,OK,Author Query 5-7,text,true,,263,155,10,70,http://localhost:8080/search?q=beauty&author=Oscar%20Wilde,158,0,0
1782353884517,134,HTTP Request,200,OK,Author Query 5-9,text,true,,263,155,10,70,http://localhost:8080/search?q=beauty&author=Oscar%20Wilde,134,0,0
1782353884526,131,HTTP Request,200,OK,Author Query 5-8,text,true,,263,155,10,70,http://localhost:8080/search?q=beauty&author=Oscar%20Wilde,131,0,0
1782353884489,168,HTTP Request,200,OK,Author Query 5-6,text,true,,263,155,10,70,http://localhost:8080/search?q=beauty&author=Oscar%20Wilde,168,0,0
1782353884526,131,HTTP Request,200,OK,Author Query 5-1,text,true,,263,155,10,70,http://localhost:8080/search?q=beauty&author=Oscar%20Wilde,131,0,0
1782353884546,115,HTTP Request,200,OK,Author Query 5-5,text,true,,263,155,10,70,http://localhost:8080/search?q=beauty&author=Oscar%20Wilde,115,0,0
1782353884568,112,HTTP Request,200,OK,Author Query 5-2,text,true,,263,155,10,70,http://localhost:8080/search?q=beauty&author=Oscar%20Wilde,112,0,0
1782353884564,121,HTTP Request,200,OK,Author Query 5-10,text,true,,263,155,10,70,http://localhost:8080/search?q=beauty&author=Oscar%20Wilde,121,0,0
1782353884614,103,HTTP Request,200,OK,Author Query 5-4,text,true,,263,155,10,70,http://localhost:8080/search?q=beauty&author=Oscar%20Wilde,103,0,0
1782353884651,105,HTTP Request,200,OK,Author Query 5-7,text,true,,263,155,10,70,http://localhost:8080/search?q=beauty&author=Oscar%20Wilde,105,0,0
1782353884652,109,HTTP Request,200,OK,Author Query 5-9,text,true,,263,155,10,70,http://localhost:8080/search?q=beauty&author=Oscar%20Wilde,109,0,0
1782353884658,122,HTTP Request,200,OK,Author Query 5-6,text,true,,263,155,10,70,http://localhost:8080/search?q=beauty&author=Oscar%20Wilde,122,0,0
1782353884658,123,HTTP Request,200,OK,Author Query 5-1,text,true,,263,155,10,70,http://localhost:8080/search?q=beauty&author=Oscar%20Wilde,123,0,0
1782353884657,125,HTTP Request,200,OK,Author Query 5-8,text,true,,263,155,10,70,http://localhost:8080/search?q=beauty&author=Oscar%20Wilde,125,0,0
1782353884680,102,HTTP Request,200,OK,Author Query 5-2,text,true,,263,155,10,70,http://localhost:8080/search?q=beauty&author=Oscar%20Wilde,102,0,0
1782353884661,121,HTTP Request,200,OK,Author Query 5-5,text,true,,263,155,10,70,http://localhost:8080/search?q=beauty&author=Oscar%20Wilde,121,0,0
1782353884633,158,HTTP Request,200,OK,Author Query 5-3,text,true,,263,155,10,70,http://localhost:8080/search?q=beauty&author=Oscar%20Wilde,158,0,0
1782353884685,131,HTTP Request,200,OK,Author Query 5-10,text,true,,263,155,10,70,http://localhost:8080/search?q=beauty&author=Oscar%20Wilde,131,0,0
1782353884717,100,HTTP Request,200,OK,Author Query 5-4,text,true,,263,155,10,70,http://localhost:8080/search?q=beauty&author=Oscar%20Wilde,100,0,0
1782353884761,90,HTTP Request,200,OK,Author Query 5-9,text,true,,263,155,10,70,http://localhost:8080/search?q=beauty&author=Oscar%20Wilde,90,0,0
1782353884756,95,HTTP Request,200,OK,Author Query 5-7,text,true,,263,155,10,70,http://localhost:8080/search?q=beauty&author=Oscar%20Wilde,95,0,0
1782353884781,86,HTTP Request,200,OK,Author Query 5-1,text,true,,263,155,10,70,http://localhost:8080/search?q=beauty&author=Oscar%20Wilde,86,0,0
1782353884782,93,HTTP Request,200,OK,Author Query 5-2,text,true,,263,155,10,70,http://localhost:8080/search?q=beauty&author=Oscar%20Wilde,93,0,0
1782353884782,98,HTTP Request,200,OK,Author Query 5-5,text,true,,263,155,10,70,http://localhost:8080/search?q=beauty&author=Oscar%20Wilde,98,0,0
1782353884782,98,HTTP Request,200,OK,Author Query 5-8,text,true,,263,155,10,70,http://localhost:8080/search?q=beauty&author=Oscar%20Wilde,98,0,0
1782353884791,95,HTTP Request,200,OK,Author Query 5-3,text,true,,263,155,10,70,http://localhost:8080/search?q=beauty&author=Oscar%20Wilde,95,0,0
1782353884816,73,HTTP Request,200,OK,Author Query 5-10,text,true,,263,155,10,70,http://localhost:8080/search?q=beauty&author=Oscar%20Wilde,73,0,0
1782353884817,72,HTTP Request,200,OK,Author Query 5-4,text,true,,263,155,10,70,http://localhost:8080/search?q=beauty&author=Oscar%20Wilde,72,0,0
1782353884781,118,HTTP Request,200,OK,Author Query 5-6,text,true,,263,155,10,70,http://localhost:8080/search?q=beauty&author=Oscar%20Wilde,118,0,0
1782353884851,91,HTTP Request,200,OK,Author Query 5-7,text,true,,263,155,10,70,http://localhost:8080/search?q=beauty&author=Oscar%20Wilde,91,0,0
1782353884851,108,HTTP Request,200,OK,Author Query 5-9,text,true,,263,155,10,70,http://localhost:8080/search?q=beauty&author=Oscar%20Wilde,108,0,0
1782353884867,92,HTTP Request,200,OK,Author Query 5-1,text,true,,263,155,10,70,http://localhost:8080/search?q=beauty&author=Oscar%20Wilde,92,0,0
1782353884876,121,HTTP Request,200,OK,Author Query 5-2,text,true,,263,155,10,70,http://localhost:8080/search?q=beauty&author=Oscar%20Wilde,121,0,0
1782353884887,111,HTTP Request,200,OK,Author Query 5-3,text,true,,263,155,10,70,http://localhost:8080/search?q=beauty&author=Oscar%20Wilde,111,0,0
1782353884880,119,HTTP Request,200,OK,Author Query 5-8,text,true,,263,155,10,70,http://localhost:8080/search?q=beauty&author=Oscar%20Wilde,119,0,0
1782353884889,111,HTTP Request,200,OK,Author Query 5-10,text,true,,263,155,10,70,http://localhost:8080/search?q=beauty&author=Oscar%20Wilde,111,0,0
1782353884889,113,HTTP Request,200,OK,Author Query 5-4,text,true,,263,155,10,70,http://localhost:8080/search?q=beauty&author=Oscar%20Wilde,113,0,0
1782353884899,113,HTTP Request,200,OK,Author Query 5-6,text,true,,263,155,10,70,http://localhost:8080/search?q=beauty&author=Oscar%20Wilde,113,0,0
1782353884880,132,HTTP Request,200,OK,Author Query 5-5,text,true,,263,155,10,70,http://localhost:8080/search?q=beauty&author=Oscar%20Wilde,132,0,0
1782353884959,83,HTTP Request,200,OK,Author Query 5-1,text,true,,263,155,10,70,http://localhost:8080/search?q=beauty&author=Oscar%20Wilde,83,0,0
1782353884999,76,HTTP Request,200,OK,Author Query 5-8,text,true,,263,155,10,70,http://localhost:8080/search?q=beauty&author=Oscar%20Wilde,76,0,0
1782353885000,80,HTTP Request,200,OK,Author Query 5-10,text,true,,263,155,10,70,http://localhost:8080/search?q=beauty&author=Oscar%20Wilde,80,0,0
1782353884959,137,HTTP Request,200,OK,Author Query 5-9,text,true,,263,155,10,70,http://localhost:8080/search?q=beauty&author=Oscar%20Wilde,137,0,0
1782353885012,92,HTTP Request,200,OK,Author Query 5-5,text,true,,263,155,10,70,http://localhost:8080/search?q=beauty&author=Oscar%20Wilde,92,0,0
1782353884998,108,HTTP Request,200,OK,Author Query 5-2,text,true,,263,155,10,70,http://localhost:8080/search?q=beauty&author=Oscar%20Wilde,108,0,0
1782353884942,164,HTTP Request,200,OK,Author Query 5-7,text,true,,263,155,10,70,http://localhost:8080/search?q=beauty&author=Oscar%20Wilde,164,0,0
1782353885012,98,HTTP Request,200,OK,Author Query 5-6,text,true,,263,155,10,70,http://localhost:8080/search?q=beauty&author=Oscar%20Wilde,98,0,0
1782353884999,116,HTTP Request,200,OK,Author Query 5-3,text,true,,263,155,10,70,http://localhost:8080/search?q=beauty&author=Oscar%20Wilde,116,0,0
1782353885003,129,HTTP Request,200,OK,Author Query 5-4,text,true,,263,155,10,70,http://localhost:8080/search?q=beauty&author=Oscar%20Wilde,129,0,0
1782353885042,95,HTTP Request,200,OK,Author Query 5-1,text,true,,263,155,10,70,http://localhost:8080/search?q=beauty&author=Oscar%20Wilde,95,0,0
1782353885080,68,HTTP Request,200,OK,Author Query 5-10,text,true,,263,155,10,70,http://localhost:8080/search?q=beauty&author=Oscar%20Wilde,68,0,0
1782353885105,65,HTTP Request,200,OK,Author Query 5-5,text,true,,263,155,10,70,http://localhost:8080/search?q=beauty&author=Oscar%20Wilde,65,0,0
1782353885075,95,HTTP Request,200,OK,Author Query 5-8,text,true,,263,155,10,70,http://localhost:8080/search?q=beauty&author=Oscar%20Wilde,95,0,0
1782353885116,75,HTTP Request,200,OK,Author Query 5-3,text,true,,263,155,10,70,http://localhost:8080/search?q=beauty&author=Oscar%20Wilde,75,0,0
1782353885111,97,HTTP Request,200,OK,Author Query 5-6,text,true,,263,155,10,70,http://localhost:8080/search?q=beauty&author=Oscar%20Wilde,97,0,0
1782353885106,102,HTTP Request,200,OK,Author Query 5-7,text,true,,263,155,10,70,http://localhost:8080/search?q=beauty&author=Oscar%20Wilde,102,0,0
1782353885106,119,HTTP Request,200,OK,Author Query 5-2,text,true,,263,155,10,70,http://localhost:8080/search?q=beauty&author=Oscar%20Wilde,119,0,0
1782353885097,129,HTTP Request,200,OK,Author Query 5-9,text,true,,263,155,10,70,http://localhost:8080/search?q=beauty&author=Oscar%20Wilde,129,0,0
1782353885132,103,HTTP Request,200,OK,Author Query 5-4,text,true,,263,155,10,70,http://localhost:8080/search?q=beauty&author=Oscar%20Wilde,103,0,0
1782353885170,66,HTTP Request,200,OK,Author Query 5-5,text,true,,263,155,10,70,http://localhost:8080/search?q=beauty&author=Oscar%20Wilde,66,0,0
1782353885148,99,HTTP Request,200,OK,Author Query 5-10,text,true,,263,155,10,70,http://localhost:8080/search?q=beauty&author=Oscar%20Wilde,99,0,0
1782353885170,77,HTTP Request,200,OK,Author Query 5-8,text,true,,263,155,10,70,http://localhost:8080/search?q=beauty&author=Oscar%20Wilde,77,0,0
1782353885191,61,HTTP Request,200,OK,Author Query 5-3,text,true,,263,155,10,70,http://localhost:8080/search?q=beauty&author=Oscar%20Wilde,61,0,0
1782353885137,115,HTTP Request,200,OK,Author Query 5-1,text,true,,263,155,10,70,http://localhost:8080/search?q=beauty&author=Oscar%20Wilde,115,0,0
1782353885209,86,HTTP Request,200,OK,Author Query 5-7,text,true,,263,155,10,70,http://localhost:8080/search?q=beauty&author=Oscar%20Wilde,86,0,0
1782353885208,88,HTTP Request,200,OK,Author Query 5-6,text,true,,263,155,10,70,http://localhost:8080/search?q=beauty&author=Oscar%20Wilde,88,0,0
1782353885226,81,HTTP Request,200,OK,Author Query 5-9,text,true,,263,155,10,70,http://localhost:8080/search?q=beauty&author=Oscar%20Wilde,81,0,0
1782353885235,72,HTTP Request,200,OK,Author Query 5-4,text,true,,263,155,10,70,http://localhost:8080/search?q=beauty&author=Oscar%20Wilde,72,0,0
1782353885247,65,HTTP Request,200,OK,Author Query 5-10,text,true,,263,155,10,70,http://localhost:8080/search?q=beauty&author=Oscar%20Wilde,65,0,0
1782353885247,74,HTTP Request,200,OK,Author Query 5-8,text,true,,263,155,10,70,http://localhost:8080/search?q=beauty&author=Oscar%20Wilde,74,0,0
1782353885225,132,HTTP Request,200,OK,Author Query 5-2,text,true,,263,155,10,70,http://localhost:8080/search?q=beauty&author=Oscar%20Wilde,132,0,0
1782353885252,106,HTTP Request,200,OK,Author Query 5-1,text,true,,263,155,10,70,http://localhost:8080/search?q=beauty&author=Oscar%20Wilde,106,0,0
1782353885252,106,HTTP Request,200,OK,Author Query 5-3,text,true,,263,155,10,70,http://localhost:8080/search?q=beauty&author=Oscar%20Wilde,106,0,0
1782353885236,130,HTTP Request,200,OK,Author Query 5-5,text,true,,263,155,10,70,http://localhost:8080/search?q=beauty&author=Oscar%20Wilde,130,0,0
1782353885296,81,HTTP Request,200,OK,Author Query 5-6,text,true,,263,155,10,70,http://localhost:8080/search?q=beauty&author=Oscar%20Wilde,81,0,0
1782353885307,83,HTTP Request,200,OK,Author Query 5-9,text,true,,263,155,10,70,http://localhost:8080/search?q=beauty&author=Oscar%20Wilde,83,0,0
1782353885295,105,HTTP Request,200,OK,Author Query 5-7,text,true,,263,155,10,70,http://localhost:8080/search?q=beauty&author=Oscar%20Wilde,105,0,0
1782353885307,106,HTTP Request,200,OK,Author Query 5-4,text,true,,263,155,10,70,http://localhost:8080/search?q=beauty&author=Oscar%20Wilde,106,0,0
1782353885312,136,HTTP Request,200,OK,Author Query 5-10,text,true,,263,155,10,70,http://localhost:8080/search?q=beauty&author=Oscar%20Wilde,136,0,0
1782353885358,96,HTTP Request,200,OK,Author Query 5-3,text,true,,263,155,10,70,http://localhost:8080/search?q=beauty&author=Oscar%20Wilde,96,0,0
1782353885358,96,HTTP Request,200,OK,Author Query 5-2,text,true,,263,155,10,70,http://localhost:8080/search?q=beauty&author=Oscar%20Wilde,96,0,0
1782353885358,108,HTTP Request,200,OK,Author Query 5-1,text,true,,263,155,10,70,http://localhost:8080/search?q=beauty&author=Oscar%20Wilde,108,0,0
1782353885321,152,HTTP Request,200,OK,Author Query 5-8,text,true,,263,155,10,70,http://localhost:8080/search?q=beauty&author=Oscar%20Wilde,152,0,0
1782353885366,148,HTTP Request,200,OK,Author Query 5-5,text,true,,263,155,10,70,http://localhost:8080/search?q=beauty&author=Oscar%20Wilde,148,0,0
1782353885390,125,HTTP Request,200,OK,Author Query 5-9,text,true,,263,155,10,70,http://localhost:8080/search?q=beauty&author=Oscar%20Wilde,125,0,0
1782353885413,138,HTTP Request,200,OK,Author Query 5-4,text,true,,263,155,10,70,http://localhost:8080/search?q=beauty&author=Oscar%20Wilde,138,0,0
1782353885377,175,HTTP Request,200,OK,Author Query 5-6,text,true,,263,155,10,70,http://localhost:8080/search?q=beauty&author=Oscar%20Wilde,175,0,0
1782353885400,176,HTTP Request,200,OK,Author Query 5-7,text,true,,263,155,10,70,http://localhost:8080/search?q=beauty&author=Oscar%20Wilde,176,0,0
1782353885455,179,HTTP Request,200,OK,Author Query 5-2,text,true,,263,155,10,70,http://localhost:8080/search?q=beauty&author=Oscar%20Wilde,179,0,0
1782353885448,187,HTTP Request,200,OK,Author Query 5-10,text,true,,263,155,10,70,http://localhost:8080/search?q=beauty&author=Oscar%20Wilde,187,0,0
1782353885454,182,HTTP Request,200,OK,Author Query 5-3,text,true,,263,155,10,70,http://localhost:8080/search?q=beauty&author=Oscar%20Wilde,182,0,0
1782353885466,177,HTTP Request,200,OK,Author Query 5-1,text,true,,263,155,10,70,http://localhost:8080/search?q=beauty&author=Oscar%20Wilde,177,0,0
1782353885515,132,HTTP Request,200,OK,Author Query 5-5,text,true,,263,155,10,70,http://localhost:8080/search?q=beauty&author=Oscar%20Wilde,132,0,0
1782353885473,176,HTTP Request,200,OK,Author Query 5-8,text,true,,263,155,10,70,http://localhost:8080/search?q=beauty&author=Oscar%20Wilde,176,0,0
1782353885515,141,HTTP Request,200,OK,Author Query 5-9,text,true,,263,155,10,70,http://localhost:8080/search?q=beauty&author=Oscar%20Wilde,141,0,0
1782353885552,164,HTTP Request,200,OK,Author Query 5-6,text,true,,263,155,10,70,http://localhost:8080/search?q=beauty&author=Oscar%20Wilde,164,0,0
1782353885551,165,HTTP Request,200,OK,Author Query 5-4,text,true,,263,155,10,70,http://localhost:8080/search?q=beauty&author=Oscar%20Wilde,165,0,0
1782353885576,150,HTTP Request,200,OK,Author Query 5-7,text,true,,263,155,10,70,http://localhost:8080/search?q=beauty&author=Oscar%20Wilde,150,0,0
1782353885643,126,HTTP Request,200,OK,Author Query 5-1,text,true,,263,155,10,70,http://localhost:8080/search?q=beauty&author=Oscar%20Wilde,126,0,0
1782353885635,134,HTTP Request,200,OK,Author Query 5-10,text,true,,263,155,10,70,http://localhost:8080/search?q=beauty&author=Oscar%20Wilde,134,0,0
1782353885649,122,HTTP Request,200,OK,Author Query 5-8,text,true,,263,155,10,70,http://localhost:8080/search?q=beauty&author=Oscar%20Wilde,122,0,0
1782353885636,189,HTTP Request,200,OK,Author Query 5-3,text,true,,263,155,10,70,http://localhost:8080/search?q=beauty&author=Oscar%20Wilde,189,0,0
1782353885656,170,HTTP Request,200,OK,Author Query 5-9,text,true,,263,155,10,70,http://localhost:8080/search?q=beauty&author=Oscar%20Wilde,170,0,0
1782353885647,180,HTTP Request,200,OK,Author Query 5-5,text,true,,263,155,10,70,http://localhost:8080/search?q=beauty&author=Oscar%20Wilde,180,0,0
1782353885634,193,HTTP Request,200,OK,Author Query 5-2,text,true,,263,155,10,70,http://localhost:8080/search?q=beauty&author=Oscar%20Wilde,193,0,0
1782353885726,132,HTTP Request,200,OK,Author Query 5-7,text,true,,263,155,10,70,http://localhost:8080/search?q=beauty&author=Oscar%20Wilde,132,0,0
1782353885769,109,HTTP Request,200,OK,Author Query 5-1,text,true,,263,155,10,70,http://localhost:8080/search?q=beauty&author=Oscar%20Wilde,109,0,0
1782353885771,108,HTTP Request,200,OK,Author Query 5-8,text,true,,263,155,10,70,http://localhost:8080/search?q=beauty&author=Oscar%20Wilde,108,0,0
1782353885769,113,HTTP Request,200,OK,Author Query 5-10,text,true,,263,155,10,70,http://localhost:8080/search?q=beauty&author=Oscar%20Wilde,113,0,0
1782353885716,167,HTTP Request,200,OK,Author Query 5-6,text,true,,263,155,10,70,http://localhost:8080/search?q=beauty&author=Oscar%20Wilde,167,0,0
1782353885716,185,HTTP Request,200,OK,Author Query 5-4,text,true,,263,155,10,70,http://localhost:8080/search?q=beauty&author=Oscar%20Wilde,185,0,0
1782353885825,91,HTTP Request,200,OK,Author Query 5-3,text,true,,263,155,10,70,http://localhost:8080/search?q=beauty&author=Oscar%20Wilde,91,0,0
1782353885827,91,HTTP Request,200,OK,Author Query 5-5,text,true,,263,155,10,70,http://localhost:8080/search?q=beauty&author=Oscar%20Wilde,91,0,0
1782353885827,131,HTTP Request,200,OK,Author Query 5-2,text,true,,263,155,10,70,http://localhost:8080/search?q=beauty&author=Oscar%20Wilde,131,0,0
1782353885826,140,HTTP Request,200,OK,Author Query 5-9,text,true,,263,155,10,70,http://localhost:8080/search?q=beauty&author=Oscar%20Wilde,140,0,0
1782353885883,97,HTTP Request,200,OK,Author Query 5-10,text,true,,263,155,10,70,http://localhost:8080/search?q=beauty&author=Oscar%20Wilde,97,0,0
1782353885858,122,HTTP Request,200,OK,Author Query 5-7,text,true,,263,155,10,70,http://localhost:8080/search?q=beauty&author=Oscar%20Wilde,122,0,0
1782353885879,108,HTTP Request,200,OK,Author Query 5-8,text,true,,263,155,10,70,http://localhost:8080/search?q=beauty&author=Oscar%20Wilde,108,0,0
1782353885878,110,HTTP Request,200,OK,Author Query 5-1,text,true,,263,155,10,70,http://localhost:8080/search?q=beauty&author=Oscar%20Wilde,110,0,0
1782353885883,119,HTTP Request,200,OK,Author Query 5-6,text,true,,263,155,10,70,http://localhost:8080/search?q=beauty&author=Oscar%20Wilde,119,0,0
1782353885916,86,HTTP Request,200,OK,Author Query 5-3,text,true,,263,155,10,70,http://localhost:8080/search?q=beauty&author=Oscar%20Wilde,86,0,0
1782353885901,102,HTTP Request,200,OK,Author Query 5-4,text,true,,263,155,10,70,http://localhost:8080/search?q=beauty&author=Oscar%20Wilde,102,0,0
1782353885918,94,HTTP Request,200,OK,Author Query 5-5,text,true,,263,155,10,70,http://localhost:8080/search?q=beauty&author=Oscar%20Wilde,94,0,0
1782353885958,86,HTTP Request,200,OK,Author Query 5-2,text,true,,263,155,10,70,http://localhost:8080/search?q=beauty&author=Oscar%20Wilde,86,0,0
1782353885967,99,HTTP Request,200,OK,Author Query 5-9,text,true,,263,155,10,70,http://localhost:8080/search?q=beauty&author=Oscar%20Wilde,99,0,0
1782353885980,93,HTTP Request,200,OK,Author Query 5-10,text,true,,263,155,10,70,http://localhost:8080/search?q=beauty&author=Oscar%20Wilde,92,0,0
1782353885980,102,HTTP Request,200,OK,Author Query 5-7,text,true,,263,155,10,70,http://localhost:8080/search?q=beauty&author=Oscar%20Wilde,102,0,0
1782353885988,101,HTTP Request,200,OK,Author Query 5-1,text,true,,263,155,10,70,http://localhost:8080/search?q=beauty&author=Oscar%20Wilde,101,0,0
1782353885988,103,HTTP Request,200,OK,Author Query 5-8,text,true,,263,155,10,70,http://localhost:8080/search?q=beauty&author=Oscar%20Wilde,103,0,0
1782353886004,98,HTTP Request,200,OK,Author Query 5-4,text,true,,263,155,10,70,http://localhost:8080/search?q=beauty&author=Oscar%20Wilde,98,0,0
1782353886002,102,HTTP Request,200,OK,Author Query 5-6,text,true,,263,155,10,70,http://localhost:8080/search?q=beauty&author=Oscar%20Wilde,102,0,0
1782353886012,105,HTTP Request,200,OK,Author Query 5-5,text,true,,263,155,10,70,http://localhost:8080/search?q=beauty&author=Oscar%20Wilde,105,0,0
1782353886073,67,HTTP Request,200,OK,Author Query 5-10,text,true,,263,155,10,70,http://localhost:8080/search?q=beauty&author=Oscar%20Wilde,67,0,0
1782353886066,75,HTTP Request,200,OK,Author Query 5-9,text,true,,263,155,10,70,http://localhost:8080/search?q=beauty&author=Oscar%20Wilde,75,0,0
1782353886002,151,HTTP Request,200,OK,Author Query 5-3,text,true,,263,155,10,70,http://localhost:8080/search?q=beauty&author=Oscar%20Wilde,151,0,0
1782353886089,70,HTTP Request,200,OK,Author Query 5-1,text,true,,263,155,10,70,http://localhost:8080/search?q=beauty&author=Oscar%20Wilde,70,0,0
1782353886091,71,HTTP Request,200,OK,Author Query 5-8,text,true,,263,155,10,70,http://localhost:8080/search?q=beauty&author=Oscar%20Wilde,71,0,0
1782353886045,125,HTTP Request,200,OK,Author Query 5-2,text,true,,263,155,10,70,http://localhost:8080/search?q=beauty&author=Oscar%20Wilde,125,0,0
1782353886102,97,HTTP Request,200,OK,Author Query 5-4,text,true,,263,155,10,70,http://localhost:8080/search?q=beauty&author=Oscar%20Wilde,97,0,0
1782353886117,82,HTTP Request,200,OK,Author Query 5-5,text,true,,263,155,10,70,http://localhost:8080/search?q=beauty&author=Oscar%20Wilde,82,0,0
1782353886104,95,HTTP Request,200,OK,Author Query 5-6,text,true,,263,155,10,70,http://localhost:8080/search?q=beauty&author=Oscar%20Wilde,95,0,0
1782353886082,117,HTTP Request,200,OK,Author Query 5-7,text,true,,263,155,10,70,http://localhost:8080/search?q=beauty&author=Oscar%20Wilde,117,0,0
1782353886141,91,HTTP Request,200,OK,Author Query 5-10,text,true,,263,155,10,70,http://localhost:8080/search?q=beauty&author=Oscar%20Wilde,91,0,0
1782353886141,102,HTTP Request,200,OK,Author Query 5-9,text,true,,263,155,10,70,http://localhost:8080/search?q=beauty&author=Oscar%20Wilde,102,0,0
1782353886170,76,HTTP Request,200,OK,Author Query 5-2,text,true,,263,155,10,70,http://localhost:8080/search?q=beauty&author=Oscar%20Wilde,76,0,0
1782353886159,88,HTTP Request,200,OK,Author Query 5-1,text,true,,263,155,10,70,http://localhost:8080/search?q=beauty&author=Oscar%20Wilde,88,0,0
1782353886162,86,HTTP Request,200,OK,Author Query 5-8,text,true,,263,155,10,70,http://localhost:8080/search?q=beauty&author=Oscar%20Wilde,86,0,0
1782353886153,95,HTTP Request,200,OK,Author Query 5-3,text,true,,263,155,10,70,http://localhost:8080/search?q=beauty&author=Oscar%20Wilde,95,0,0
1782353886199,80,HTTP Request,200,OK,Author Query 5-4,text,true,,263,155,10,70,http://localhost:8080/search?q=beauty&author=Oscar%20Wilde,80,0,0
1782353886199,80,HTTP Request,200,OK,Author Query 5-7,text,true,,263,155,10,70,http://localhost:8080/search?q=beauty&author=Oscar%20Wilde,80,0,0
1782353886199,89,HTTP Request,200,OK,Author Query 5-6,text,true,,263,155,10,70,http://localhost:8080/search?q=beauty&author=Oscar%20Wilde,89,0,0
1782353886199,107,HTTP Request,200,OK,Author Query 5-5,text,true,,263,155,10,70,http://localhost:8080/search?q=beauty&author=Oscar%20Wilde,107,0,0
1782353886248,74,HTTP Request,200,OK,Author Query 5-8,text,true,,263,155,10,70,http://localhost:8080/search?q=beauty&author=Oscar%20Wilde,74,0,0
1782353886232,90,HTTP Request,200,OK,Author Query 5-10,text,true,,263,155,10,70,http://localhost:8080/search?q=beauty&author=Oscar%20Wilde,90,0,0
1782353886243,80,HTTP Request,200,OK,Author Query 5-9,text,true,,263,155,10,70,http://localhost:8080/search?q=beauty&author=Oscar%20Wilde,80,0,0
1782353886248,75,HTTP Request,200,OK,Author Query 5-3,text,true,,263,155,10,70,http://localhost:8080/search?q=beauty&author=Oscar%20Wilde,75,0,0
1782353886247,76,HTTP Request,200,OK,Author Query 5-2,text,true,,263,155,10,70,http://localhost:8080/search?q=beauty&author=Oscar%20Wilde,76,0,0
1782353886247,109,HTTP Request,200,OK,Author Query 5-1,text,true,,263,155,10,70,http://localhost:8080/search?q=beauty&author=Oscar%20Wilde,109,0,0
1782353886279,89,HTTP Request,200,OK,Author Query 5-4,text,true,,263,155,10,70,http://localhost:8080/search?q=beauty&author=Oscar%20Wilde,89,0,0
1782353886288,88,HTTP Request,200,OK,Author Query 5-6,text,true,,263,155,10,70,http://localhost:8080/search?q=beauty&author=Oscar%20Wilde,88,0,0
1782353886279,105,HTTP Request,200,OK,Author Query 5-7,text,true,,263,155,10,70,http://localhost:8080/search?q=beauty&author=Oscar%20Wilde,104,0,0
1782353886323,73,HTTP Request,200,OK,Author Query 5-2,text,true,,263,155,10,70,http://localhost:8080/search?q=beauty&author=Oscar%20Wilde,73,0,0
1782353886323,80,HTTP Request,200,OK,Author Query 5-9,text,true,,263,155,10,70,http://localhost:8080/search?q=beauty&author=Oscar%20Wilde,80,0,0
1782353886306,103,HTTP Request,200,OK,Author Query 5-5,text,true,,263,155,10,70,http://localhost:8080/search?q=beauty&author=Oscar%20Wilde,103,0,0
1782353886323,88,HTTP Request,200,OK,Author Query 5-10,text,true,,263,155,10,70,http://localhost:8080/search?q=beauty&author=Oscar%20Wilde,88,0,0
1782353886323,90,HTTP Request,200,OK,Author Query 5-3,text,true,,263,155,10,70,http://localhost:8080/search?q=beauty&author=Oscar%20Wilde,90,0,0
1782353886322,92,HTTP Request,200,OK,Author Query 5-8,text,true,,263,155,10,70,http://localhost:8080/search?q=beauty&author=Oscar%20Wilde,92,0,0
1782353886368,78,HTTP Request,200,OK,Author Query 5-4,text,true,,263,155,10,70,http://localhost:8080/search?q=beauty&author=Oscar%20Wilde,78,0,0
1782353886356,96,HTTP Request,200,OK,Author Query 5-1,text,true,,263,155,10,70,http://localhost:8080/search?q=beauty&author=Oscar%20Wilde,96,0,0
1782353886377,85,HTTP Request,200,OK,Author Query 5-6,text,true,,263,155,10,70,http://localhost:8080/search?q=beauty&author=Oscar%20Wilde,85,0,0
1782353886403,92,HTTP Request,200,OK,Author Query 5-9,text,true,,263,155,10,70,http://localhost:8080/search?q=beauty&author=Oscar%20Wilde,92,0,0
1782353886384,113,HTTP Request,200,OK,Author Query 5-7,text,true,,263,155,10,70,http://localhost:8080/search?q=beauty&author=Oscar%20Wilde,113,0,0
1782353886412,85,HTTP Request,200,OK,Author Query 5-10,text,true,,263,155,10,70,http://localhost:8080/search?q=beauty&author=Oscar%20Wilde,85,0,0
1782353886409,91,HTTP Request,200,OK,Author Query 5-5,text,true,,263,155,10,70,http://localhost:8080/search?q=beauty&author=Oscar%20Wilde,91,0,0
1782353886415,87,HTTP Request,200,OK,Author Query 5-8,text,true,,263,155,10,70,http://localhost:8080/search?q=beauty&author=Oscar%20Wilde,87,0,0
1782353886413,100,HTTP Request,200,OK,Author Query 5-3,text,true,,263,155,10,70,http://localhost:8080/search?q=beauty&author=Oscar%20Wilde,100,0,0
1782353886397,116,HTTP Request,200,OK,Author Query 5-2,text,true,,263,155,10,70,http://localhost:8080/search?q=beauty&author=Oscar%20Wilde,116,0,0
1782353886463,76,HTTP Request,200,OK,Author Query 5-6,text,true,,263,155,10,70,http://localhost:8080/search?q=beauty&author=Oscar%20Wilde,76,0,0
1782353886452,116,HTTP Request,200,OK,Author Query 5-1,text,true,,263,155,10,70,http://localhost:8080/search?q=beauty&author=Oscar%20Wilde,116,0,0
1782353886446,122,HTTP Request,200,OK,Author Query 5-4,text,true,,263,155,10,70,http://localhost:8080/search?q=beauty&author=Oscar%20Wilde,122,0,0
1782353886495,94,HTTP Request,200,OK,Author Query 5-9,text,true,,263,155,10,70,http://localhost:8080/search?q=beauty&author=Oscar%20Wilde,94,0,0
1782353886497,101,HTTP Request,200,OK,Author Query 5-7,text,true,,263,155,10,70,http://localhost:8080/search?q=beauty&author=Oscar%20Wilde,101,0,0
1782353886497,101,HTTP Request,200,OK,Author Query 5-10,text,true,,263,155,10,70,http://localhost:8080/search?q=beauty&author=Oscar%20Wilde,101,0,0
1782353886513,86,HTTP Request,200,OK,Author Query 5-2,text,true,,263,155,10,70,http://localhost:8080/search?q=beauty&author=Oscar%20Wilde,86,0,0
1782353886513,87,HTTP Request,200,OK,Author Query 5-3,text,true,,263,155,10,70,http://localhost:8080/search?q=beauty&author=Oscar%20Wilde,87,0,0
1782353886502,106,HTTP Request,200,OK,Author Query 5-8,text,true,,263,155,10,70,http://localhost:8080/search?q=beauty&author=Oscar%20Wilde,106,0,0
1782353886500,119,HTTP Request,200,OK,Author Query 5-5,text,true,,263,155,10,70,http://localhost:8080/search?q=beauty&author=Oscar%20Wilde,119,0,0
1782353886540,119,HTTP Request,200,OK,Author Query 5-6,text,true,,263,155,10,70,http://localhost:8080/search?q=beauty&author=Oscar%20Wilde,119,0,0
1782353886568,92,HTTP Request,200,OK,Author Query 5-1,text,true,,263,155,10,70,http://localhost:8080/search?q=beauty&author=Oscar%20Wilde,92,0,0
1782353886568,102,HTTP Request,200,OK,Author Query 5-4,text,true,,263,155,10,70,http://localhost:8080/search?q=beauty&author=Oscar%20Wilde,102,0,0
1782353886589,81,HTTP Request,200,OK,Author Query 5-9,text,true,,263,155,10,70,http://localhost:8080/search?q=beauty&author=Oscar%20Wilde,81,0,0
1782353886619,56,HTTP Request,200,OK,Author Query 5-5,text,true,,263,155,10,70,http://localhost:8080/search?q=beauty&author=Oscar%20Wilde,56,0,0
1782353886608,73,HTTP Request,200,OK,Author Query 5-8,text,true,,263,155,10,70,http://localhost:8080/search?q=beauty&author=Oscar%20Wilde,73,0,0
1782353886598,85,HTTP Request,200,OK,Author Query 5-7,text,true,,263,155,10,70,http://localhost:8080/search?q=beauty&author=Oscar%20Wilde,85,0,0
1782353886600,83,HTTP Request,200,OK,Author Query 5-2,text,true,,263,155,10,70,http://localhost:8080/search?q=beauty&author=Oscar%20Wilde,83,0,0
1782353886600,83,HTTP Request,200,OK,Author Query 5-3,text,true,,263,155,10,70,http://localhost:8080/search?q=beauty&author=Oscar%20Wilde,83,0,0
1782353886598,101,HTTP Request,200,OK,Author Query 5-10,text,true,,263,155,10,70,http://localhost:8080/search?q=beauty&author=Oscar%20Wilde,101,0,0
1782353886660,62,HTTP Request,200,OK,Author Query 5-1,text,true,,263,155,10,70,http://localhost:8080/search?q=beauty&author=Oscar%20Wilde,62,0,0
1782353886659,63,HTTP Request,200,OK,Author Query 5-6,text,true,,263,155,10,70,http://localhost:8080/search?q=beauty&author=Oscar%20Wilde,63,0,0
1782353886671,59,HTTP Request,200,OK,Author Query 5-9,text,true,,263,155,10,70,http://localhost:8080/search?q=beauty&author=Oscar%20Wilde,59,0,0
1782353886670,60,HTTP Request,200,OK,Author Query 5-4,text,true,,263,155,10,70,http://localhost:8080/search?q=beauty&author=Oscar%20Wilde,60,0,0
1782353886676,69,HTTP Request,200,OK,Author Query 5-5,text,true,,263,155,10,70,http://localhost:8080/search?q=beauty&author=Oscar%20Wilde,69,0,0
1782353886684,96,HTTP Request,200,OK,Author Query 5-3,text,true,,263,155,10,70,http://localhost:8080/search?q=beauty&author=Oscar%20Wilde,96,0,0
1782353886683,97,HTTP Request,200,OK,Author Query 5-7,text,true,,263,155,10,70,http://localhost:8080/search?q=beauty&author=Oscar%20Wilde,97,0,0
1782353886699,87,HTTP Request,200,OK,Author Query 5-10,text,true,,263,155,10,70,http://localhost:8080/search?q=beauty&author=Oscar%20Wilde,87,0,0
1782353886683,103,HTTP Request,200,OK,Author Query 5-2,text,true,,263,155,10,70,http://localhost:8080/search?q=beauty&author=Oscar%20Wilde,103,0,0
1782353886681,106,HTTP Request,200,OK,Author Query 5-8,text,true,,263,155,10,70,http://localhost:8080/search?q=beauty&author=Oscar%20Wilde,106,0,0
1782353886730,70,HTTP Request,200,OK,Author Query 5-4,text,true,,263,155,10,70,http://localhost:8080/search?q=beauty&author=Oscar%20Wilde,70,0,0
1782353886730,70,HTTP Request,200,OK,Author Query 5-9,text,true,,263,155,10,70,http://localhost:8080/search?q=beauty&author=Oscar%20Wilde,70,0,0
1782353886722,92,HTTP Request,200,OK,Author Query 5-1,text,true,,263,155,10,70,http://localhost:8080/search?q=beauty&author=Oscar%20Wilde,92,0,0
1782353886722,92,HTTP Request,200,OK,Author Query 5-6,text,true,,263,155,10,70,http://localhost:8080/search?q=beauty&author=Oscar%20Wilde,92,0,0
1782353886745,80,HTTP Request,200,OK,Author Query 5-5,text,true,,263,155,10,70,http://localhost:8080/search?q=beauty&author=Oscar%20Wilde,80,0,0
1782353886781,76,HTTP Request,200,OK,Author Query 5-7,text,true,,263,155,10,70,http://localhost:8080/search?q=beauty&author=Oscar%20Wilde,76,0,0
1782353886781,78,HTTP Request,200,OK,Author Query 5-3,text,true,,263,155,10,70,http://localhost:8080/search?q=beauty&author=Oscar%20Wilde,78,0,0
1782353886800,90,HTTP Request,200,OK,Author Query 5-9,text,true,,263,155,10,70,http://localhost:8080/search?q=beauty&author=Oscar%20Wilde,90,0,0
1782353886787,105,HTTP Request,200,OK,Author Query 5-8,text,true,,263,155,10,70,http://localhost:8080/search?q=beauty&author=Oscar%20Wilde,105,0,0
1782353886800,92,HTTP Request,200,OK,Author Query 5-4,text,true,,263,155,10,70,http://localhost:8080/search?q=beauty&author=Oscar%20Wilde,92,0,0
1782353886786,107,HTTP Request,200,OK,Author Query 5-10,text,true,,263,155,10,70,http://localhost:8080/search?q=beauty&author=Oscar%20Wilde,107,0,0
1782353886787,106,HTTP Request,200,OK,Author Query 5-2,text,true,,263,155,10,70,http://localhost:8080/search?q=beauty&author=Oscar%20Wilde,106,0,0
1782353886814,102,HTTP Request,200,OK,Author Query 5-1,text,true,,263,155,10,70,http://localhost:8080/search?q=beauty&author=Oscar%20Wilde,102,0,0
1782353886814,109,HTTP Request,200,OK,Author Query 5-6,text,true,,263,155,10,70,http://localhost:8080/search?q=beauty&author=Oscar%20Wilde,109,0,0
1782353886825,99,HTTP Request,200,OK,Author Query 5-5,text,true,,263,155,10,70,http://localhost:8080/search?q=beauty&author=Oscar%20Wilde,99,0,0
1782353886858,99,HTTP Request,200,OK,Author Query 5-7,text,true,,263,155,10,70,http://localhost:8080/search?q=beauty&author=Oscar%20Wilde,99,0,0
1782353886859,115,HTTP Request,200,OK,Author Query 5-3,text,true,,263,155,10,70,http://localhost:8080/search?q=beauty&author=Oscar%20Wilde,115,0,0
1782353886892,83,HTTP Request,200,OK,Author Query 5-8,text,true,,263,155,10,70,http://localhost:8080/search?q=beauty&author=Oscar%20Wilde,83,0,0
1782353886891,87,HTTP Request,200,OK,Author Query 5-9,text,true,,263,155,10,70,http://localhost:8080/search?q=beauty&author=Oscar%20Wilde,87,0,0
1782353886893,106,HTTP Request,200,OK,Author Query 5-10,text,true,,263,155,10,70,http://localhost:8080/search?q=beauty&author=Oscar%20Wilde,106,0,0
1782353886892,125,HTTP Request,200,OK,Author Query 5-4,text,true,,263,155,10,70,http://localhost:8080/search?q=beauty&author=Oscar%20Wilde,125,0,0
1782353886923,110,HTTP Request,200,OK,Author Query 5-6,text,true,,263,155,10,70,http://localhost:8080/search?q=beauty&author=Oscar%20Wilde,110,0,0
1782353886924,109,HTTP Request,200,OK,Author Query 5-5,text,true,,263,155,10,70,http://localhost:8080/search?q=beauty&author=Oscar%20Wilde,109,0,0
1782353886957,76,HTTP Request,200,OK,Author Query 5-7,text,true,,263,155,10,70,http://localhost:8080/search?q=beauty&author=Oscar%20Wilde,76,0,0
1782353886917,118,HTTP Request,200,OK,Author Query 5-1,text,true,,263,155,10,70,http://localhost:8080/search?q=beauty&author=Oscar%20Wilde,118,0,0
1782353886893,143,HTTP Request,200,OK,Author Query 5-2,text,true,,263,155,10,70,http://localhost:8080/search?q=beauty&author=Oscar%20Wilde,143,0,0
1782353886978,70,HTTP Request,200,OK,Author Query 5-9,text,true,,263,155,10,70,http://localhost:8080/search?q=beauty&author=Oscar%20Wilde,70,0,0
1782353886975,74,HTTP Request,200,OK,Author Query 5-8,text,true,,263,155,10,70,http://localhost:8080/search?q=beauty&author=Oscar%20Wilde,74,0,0
1782353886974,75,HTTP Request,200,OK,Author Query 5-3,text,true,,263,155,10,70,http://localhost:8080/search?q=beauty&author=Oscar%20Wilde,75,0,0
1782353887018,70,HTTP Request,200,OK,Author Query 5-4,text,true,,263,155,10,70,http://localhost:8080/search?q=beauty&author=Oscar%20Wilde,70,0,0
1782353887033,65,HTTP Request,200,OK,Author Query 5-7,text,true,,263,155,10,70,http://localhost:8080/search?q=beauty&author=Oscar%20Wilde,65,0,0
1782353886999,121,HTTP Request,200,OK,Author Query 5-10,text,true,,263,155,10,70,http://localhost:8080/search?q=beauty&author=Oscar%20Wilde,121,0,0
1782353887049,79,HTTP Request,200,OK,Author Query 5-8,text,true,,263,155,10,70,http://localhost:8080/search?q=beauty&author=Oscar%20Wilde,79,0,0
1782353887050,79,HTTP Request,200,OK,Author Query 5-3,text,true,,263,155,10,70,http://localhost:8080/search?q=beauty&author=Oscar%20Wilde,79,0,0
1782353887036,95,HTTP Request,200,OK,Author Query 5-2,text,true,,263,155,10,70,http://localhost:8080/search?q=beauty&author=Oscar%20Wilde,95,0,0
1782353887035,96,HTTP Request,200,OK,Author Query 5-1,text,true,,263,155,10,70,http://localhost:8080/search?q=beauty&author=Oscar%20Wilde,96,0,0
1782353887048,83,HTTP Request,200,OK,Author Query 5-9,text,true,,263,155,10,70,http://localhost:8080/search?q=beauty&author=Oscar%20Wilde,83,0,0
1782353887033,111,HTTP Request,200,OK,Author Query 5-5,text,true,,263,155,10,70,http://localhost:8080/search?q=beauty&author=Oscar%20Wilde,111,0,0
1782353887033,119,HTTP Request,200,OK,Author Query 5-6,text,true,,263,155,10,70,http://localhost:8080/search?q=beauty&author=Oscar%20Wilde,119,0,0
1782353887099,54,HTTP Request,200,OK,Author Query 5-7,text,true,,263,155,10,70,http://localhost:8080/search?q=beauty&author=Oscar%20Wilde,54,0,0
1782353887088,71,HTTP Request,200,OK,Author Query 5-4,text,true,,263,155,10,70,http://localhost:8080/search?q=beauty&author=Oscar%20Wilde,71,0,0
1782353887121,98,HTTP Request,200,OK,Author Query 5-10,text,true,,263,155,10,70,http://localhost:8080/search?q=beauty&author=Oscar%20Wilde,98,0,0
1782353887130,90,HTTP Request,200,OK,Author Query 5-3,text,true,,263,155,10,70,http://localhost:8080/search?q=beauty&author=Oscar%20Wilde,90,0,0
1782353887132,88,HTTP Request,200,OK,Author Query 5-9,text,true,,263,155,10,70,http://localhost:8080/search?q=beauty&author=Oscar%20Wilde,88,0,0
1782353887128,92,HTTP Request,200,OK,Author Query 5-8,text,true,,263,155,10,70,http://localhost:8080/search?q=beauty&author=Oscar%20Wilde,92,0,0
1782353887153,68,HTTP Request,200,OK,Author Query 5-7,text,true,,263,155,10,70,http://localhost:8080/search?q=beauty&author=Oscar%20Wilde,68,0,0
1782353887144,77,HTTP Request,200,OK,Author Query 5-5,text,true,,263,155,10,70,http://localhost:8080/search?q=beauty&author=Oscar%20Wilde,77,0,0
1782353887131,90,HTTP Request,200,OK,Author Query 5-1,text,true,,263,155,10,70,http://localhost:8080/search?q=beauty&author=Oscar%20Wilde,90,0,0
1782353887131,100,HTTP Request,200,OK,Author Query 5-2,text,true,,263,155,10,70,http://localhost:8080/search?q=beauty&author=Oscar%20Wilde,100,0,0
1782353887152,92,HTTP Request,200,OK,Author Query 5-6,text,true,,263,155,10,70,http://localhost:8080/search?q=beauty&author=Oscar%20Wilde,92,0,0
1782353887159,90,HTTP Request,200,OK,Author Query 5-4,text,true,,263,155,10,70,http://localhost:8080/search?q=beauty&author=Oscar%20Wilde,90,0,0
1782353887219,94,HTTP Request,200,OK,Author Query 5-10,text,true,,263,155,10,70,http://localhost:8080/search?q=beauty&author=Oscar%20Wilde,94,0,0
1782353887232,82,HTTP Request,200,OK,Author Query 5-2,text,true,,263,155,10,70,http://localhost:8080/search?q=beauty&author=Oscar%20Wilde,82,0,0
1782353887220,112,HTTP Request,200,OK,Author Query 5-9,text,true,,263,155,10,70,http://localhost:8080/search?q=beauty&author=Oscar%20Wilde,112,0,0
1782353887221,111,HTTP Request,200,OK,Author Query 5-5,text,true,,263,155,10,70,http://localhost:8080/search?q=beauty&author=Oscar%20Wilde,111,0,0
1782353887220,116,HTTP Request,200,OK,Author Query 5-8,text,true,,263,155,10,70,http://localhost:8080/search?q=beauty&author=Oscar%20Wilde,116,0,0
1782353887222,142,HTTP Request,200,OK,Author Query 5-1,text,true,,263,155,10,70,http://localhost:8080/search?q=beauty&author=Oscar%20Wilde,142,0,0
1782353887221,143,HTTP Request,200,OK,Author Query 5-7,text,true,,263,155,10,70,http://localhost:8080/search?q=beauty&author=Oscar%20Wilde,143,0,0
1782353887244,120,HTTP Request,200,OK,Author Query 5-6,text,true,,263,155,10,70,http://localhost:8080/search?q=beauty&author=Oscar%20Wilde,120,0,0
1782353887220,144,HTTP Request,200,OK,Author Query 5-3,text,true,,263,155,10,70,http://localhost:8080/search?q=beauty&author=Oscar%20Wilde,144,0,0
1782353887249,121,HTTP Request,200,OK,Author Query 5-4,text,true,,263,155,10,70,http://localhost:8080/search?q=beauty&author=Oscar%20Wilde,121,0,0
1782353887336,86,HTTP Request,200,OK,Author Query 5-8,text,true,,263,155,10,70,http://localhost:8080/search?q=beauty&author=Oscar%20Wilde,86,0,0
1782353887314,124,HTTP Request,200,OK,Author Query 5-2,text,true,,263,155,10,70,http://localhost:8080/search?q=beauty&author=Oscar%20Wilde,124,0,0
1782353887333,108,HTTP Request,200,OK,Author Query 5-5,text,true,,263,155,10,70,http://localhost:8080/search?q=beauty&author=Oscar%20Wilde,108,0,0
1782353887332,109,HTTP Request,200,OK,Author Query 5-9,text,true,,263,155,10,70,http://localhost:8080/search?q=beauty&author=Oscar%20Wilde,109,0,0
1782353887313,128,HTTP Request,200,OK,Author Query 5-10,text,true,,263,155,10,70,http://localhost:8080/search?q=beauty&author=Oscar%20Wilde,128,0,0
1782353887364,97,HTTP Request,200,OK,Author Query 5-7,text,true,,263,155,10,70,http://localhost:8080/search?q=beauty&author=Oscar%20Wilde,97,0,0
1782353887364,98,HTTP Request,200,OK,Author Query 5-1,text,true,,263,155,10,70,http://localhost:8080/search?q=beauty&author=Oscar%20Wilde,98,0,0
1782353887365,97,HTTP Request,200,OK,Author Query 5-3,text,true,,263,155,10,70,http://localhost:8080/search?q=beauty&author=Oscar%20Wilde,97,0,0
1782353887370,94,HTTP Request,200,OK,Author Query 5-4,text,true,,263,155,10,70,http://localhost:8080/search?q=beauty&author=Oscar%20Wilde,94,0,0
1782353887364,101,HTTP Request,200,OK,Author Query 5-6,text,true,,263,155,10,70,http://localhost:8080/search?q=beauty&author=Oscar%20Wilde,101,0,0
1782353887441,87,HTTP Request,200,OK,Author Query 5-10,text,true,,263,155,10,70,http://localhost:8080/search?q=beauty&author=Oscar%20Wilde,87,0,0
1782353887441,103,HTTP Request,200,OK,Author Query 5-5,text,true,,263,155,10,70,http://localhost:8080/search?q=beauty&author=Oscar%20Wilde,103,0,0
1782353887438,106,HTTP Request,200,OK,Author Query 5-2,text,true,,263,155,10,70,http://localhost:8080/search?q=beauty&author=Oscar%20Wilde,106,0,0
1782353887441,103,HTTP Request,200,OK,Author Query 5-9,text,true,,263,155,10,70,http://localhost:8080/search?q=beauty&author=Oscar%20Wilde,103,0,0
1782353887422,125,HTTP Request,200,OK,Author Query 5-8,text,true,,263,155,10,70,http://localhost:8080/search?q=beauty&author=Oscar%20Wilde,125,0,0
1782353887462,107,HTTP Request,200,OK,Author Query 5-1,text,true,,263,155,10,70,http://localhost:8080/search?q=beauty&author=Oscar%20Wilde,107,0,0
1782353887462,118,HTTP Request,200,OK,Author Query 5-3,text,true,,263,155,10,70,http://localhost:8080/search?q=beauty&author=Oscar%20Wilde,118,0,0
1782353887461,119,HTTP Request,200,OK,Author Query 5-7,text,true,,263,155,10,70,http://localhost:8080/search?q=beauty&author=Oscar%20Wilde,119,0,0
1782353887464,161,HTTP Request,200,OK,Author Query 5-4,text,true,,263,155,10,70,http://localhost:8080/search?q=beauty&author=Oscar%20Wilde,161,0,0
1782353887465,160,HTTP Request,200,OK,Author Query 5-6,text,true,,263,155,10,70,http://localhost:8080/search?q=beauty&author=Oscar%20Wilde,160,0,0
1782353887548,93,HTTP Request,200,OK,Author Query 5-8,text,true,,263,155,10,70,http://localhost:8080/search?q=beauty&author=Oscar%20Wilde,93,0,0
1782353887545,96,HTTP Request,200,OK,Author Query 5-2,text,true,,263,155,10,70,http://localhost:8080/search?q=beauty&author=Oscar%20Wilde,96,0,0
1782353887581,66,HTTP Request,200,OK,Author Query 5-7,text,true,,263,155,10,70,http://localhost:8080/search?q=beauty&author=Oscar%20Wilde,66,0,0
1782353887529,134,HTTP Request,200,OK,Author Query 5-10,text,true,,263,155,10,70,http://localhost:8080/search?q=beauty&author=Oscar%20Wilde,134,0,0
1782353887581,93,HTTP Request,200,OK,Author Query 5-3,text,true,,263,155,10,70,http://localhost:8080/search?q=beauty&author=Oscar%20Wilde,93,0,0
1782353887545,151,HTTP Request,200,OK,Author Query 5-5,text,true,,263,155,10,70,http://localhost:8080/search?q=beauty&author=Oscar%20Wilde,151,0,0
1782353887570,127,HTTP Request,200,OK,Author Query 5-1,text,true,,263,155,10,70,http://localhost:8080/search?q=beauty&author=Oscar%20Wilde,127,0,0
1782353887545,154,HTTP Request,200,OK,Author Query 5-9,text,true,,263,155,10,70,http://localhost:8080/search?q=beauty&author=Oscar%20Wilde,154,0,0
1782353887626,108,HTTP Request,200,OK,Author Query 5-4,text,true,,263,155,10,70,http://localhost:8080/search?q=beauty&author=Oscar%20Wilde,108,0,0
1782353887641,107,HTTP Request,200,OK,Author Query 5-2,text,true,,263,155,10,70,http://localhost:8080/search?q=beauty&author=Oscar%20Wilde,107,0,0
1782353887647,102,HTTP Request,200,OK,Author Query 5-7,text,true,,263,155,10,70,http://localhost:8080/search?q=beauty&author=Oscar%20Wilde,102,0,0
1782353887626,144,HTTP Request,200,OK,Author Query 5-6,text,true,,263,155,10,70,http://localhost:8080/search?q=beauty&author=Oscar%20Wilde,144,0,0
1782353887641,130,HTTP Request,200,OK,Author Query 5-8,text,true,,263,155,10,70,http://localhost:8080/search?q=beauty&author=Oscar%20Wilde,130,0,0
1782353887674,97,HTTP Request,200,OK,Author Query 5-3,text,true,,263,155,10,70,http://localhost:8080/search?q=beauty&author=Oscar%20Wilde,97,0,0
1782353887697,99,HTTP Request,200,OK,Author Query 5-5,text,true,,263,155,10,70,http://localhost:8080/search?q=beauty&author=Oscar%20Wilde,99,0,0
1782353887663,140,HTTP Request,200,OK,Author Query 5-10,text,true,,263,155,10,70,http://localhost:8080/search?q=beauty&author=Oscar%20Wilde,140,0,0
1782353887697,106,HTTP Request,200,OK,Author Query 5-1,text,true,,263,155,10,70,http://localhost:8080/search?q=beauty&author=Oscar%20Wilde,106,0,0
1782353887699,104,HTTP Request,200,OK,Author Query 5-9,text,true,,263,155,10,70,http://localhost:8080/search?q=beauty&author=Oscar%20Wilde,104,0,0
1782353887749,95,HTTP Request,200,OK,Author Query 5-7,text,true,,263,155,10,70,http://localhost:8080/search?q=beauty&author=Oscar%20Wilde,95,0,0
1782353887734,110,HTTP Request,200,OK,Author Query 5-4,text,true,,263,155,10,70,http://localhost:8080/search?q=beauty&author=Oscar%20Wilde,110,0,0
1782353887771,92,HTTP Request,200,OK,Author Query 5-6,text,true,,263,155,10,70,http://localhost:8080/search?q=beauty&author=Oscar%20Wilde,92,0,0
1782353887771,94,HTTP Request,200,OK,Author Query 5-8,text,true,,263,155,10,70,http://localhost:8080/search?q=beauty&author=Oscar%20Wilde,94,0,0
1782353887748,121,HTTP Request,200,OK,Author Query 5-2,text,true,,263,155,10,70,http://localhost:8080/search?q=beauty&author=Oscar%20Wilde,121,0,0
1782353887797,114,HTTP Request,200,OK,Author Query 5-5,text,true,,263,155,10,70,http://localhost:8080/search?q=beauty&author=Oscar%20Wilde,114,0,0
1782353887771,140,HTTP Request,200,OK,Author Query 5-3,text,true,,263,155,10,70,http://localhost:8080/search?q=beauty&author=Oscar%20Wilde,140,0,0
1782353887803,110,HTTP Request,200,OK,Author Query 5-9,text,true,,263,155,10,70,http://localhost:8080/search?q=beauty&author=Oscar%20Wilde,110,0,0
1782353887803,112,HTTP Request,200,OK,Author Query 5-1,text,true,,263,155,10,70,http://localhost:8080/search?q=beauty&author=Oscar%20Wilde,112,0,0
1782353887803,112,HTTP Request,200,OK,Author Query 5-10,text,true,,263,155,10,70,http://localhost:8080/search?q=beauty&author=Oscar%20Wilde,112,0,0
1782353887844,103,HTTP Request,200,OK,Author Query 5-7,text,true,,263,155,10,70,http://localhost:8080/search?q=beauty&author=Oscar%20Wilde,103,0,0
1782353887844,105,HTTP Request,200,OK,Author Query 5-4,text,true,,263,155,10,70,http://localhost:8080/search?q=beauty&author=Oscar%20Wilde,105,0,0
1782353887869,92,HTTP Request,200,OK,Author Query 5-2,text,true,,263,155,10,70,http://localhost:8080/search?q=beauty&author=Oscar%20Wilde,92,0,0
1782353887864,98,HTTP Request,200,OK,Author Query 5-6,text,true,,263,155,10,70,http://localhost:8080/search?q=beauty&author=Oscar%20Wilde,98,0,0
1782353887866,96,HTTP Request,200,OK,Author Query 5-8,text,true,,263,155,10,70,http://localhost:8080/search?q=beauty&author=Oscar%20Wilde,96,0,0
1782353887911,108,HTTP Request,200,OK,Author Query 5-3,text,true,,263,155,10,70,http://localhost:8080/search?q=beauty&author=Oscar%20Wilde,108,0,0
1782353887911,113,HTTP Request,200,OK,Author Query 5-5,text,true,,263,155,10,70,http://localhost:8080/search?q=beauty&author=Oscar%20Wilde,113,0,0
1782353887913,115,HTTP Request,200,OK,Author Query 5-9,text,true,,263,155,10,70,http://localhost:8080/search?q=beauty&author=Oscar%20Wilde,115,0,0
1782353887915,115,HTTP Request,200,OK,Author Query 5-1,text,true,,263,155,10,70,http://localhost:8080/search?q=beauty&author=Oscar%20Wilde,115,0,0
1782353887915,122,HTTP Request,200,OK,Author Query 5-10,text,true,,263,155,10,70,http://localhost:8080/search?q=beauty&author=Oscar%20Wilde,122,0,0
1782353887961,125,HTTP Request,200,OK,Author Query 5-2,text,true,,263,155,10,70,http://localhost:8080/search?q=beauty&author=Oscar%20Wilde,125,0,0
1782353887947,140,HTTP Request,200,OK,Author Query 5-7,text,true,,263,155,10,70,http://localhost:8080/search?q=beauty&author=Oscar%20Wilde,140,0,0
1782353887949,138,HTTP Request,200,OK,Author Query 5-4,text,true,,263,155,10,70,http://localhost:8080/search?q=beauty&author=Oscar%20Wilde,138,0,0
1782353887962,125,HTTP Request,200,OK,Author Query 5-6,text,true,,263,155,10,70,http://localhost:8080/search?q=beauty&author=Oscar%20Wilde,125,0,0
1782353887962,136,HTTP Request,200,OK,Author Query 5-8,text,true,,263,155,10,70,http://localhost:8080/search?q=beauty&author=Oscar%20Wilde,136,0,0
1782353888028,86,HTTP Request,200,OK,Author Query 5-9,text,true,,263,155,10,70,http://localhost:8080/search?q=beauty&author=Oscar%20Wilde,86,0,0
1782353888019,95,HTTP Request,200,OK,Author Query 5-3,text,true,,263,155,10,70,http://localhost:8080/search?q=beauty&author=Oscar%20Wilde,95,0,0
1782353888030,108,HTTP Request,200,OK,Author Query 5-1,text,true,,263,155,10,70,http://localhost:8080/search?q=beauty&author=Oscar%20Wilde,108,0,0
1782353888024,128,HTTP Request,200,OK,Author Query 5-5,text,true,,263,155,10,70,http://localhost:8080/search?q=beauty&author=Oscar%20Wilde,128,0,0
1782353888038,140,HTTP Request,200,OK,Author Query 5-10,text,true,,263,155,10,70,http://localhost:8080/search?q=beauty&author=Oscar%20Wilde,140,0,0
1782353888087,142,HTTP Request,200,OK,Author Query 5-4,text,true,,263,155,10,70,http://localhost:8080/search?q=beauty&author=Oscar%20Wilde,142,0,0
1782353888087,142,HTTP Request,200,OK,Author Query 5-2,text,true,,263,155,10,70,http://localhost:8080/search?q=beauty&author=Oscar%20Wilde,142,0,0
1782353888087,142,HTTP Request,200,OK,Author Query 5-7,text,true,,263,155,10,70,http://localhost:8080/search?q=beauty&author=Oscar%20Wilde,142,0,0
1782353888087,143,HTTP Request,200,OK,Author Query 5-6,text,true,,263,155,10,70,http://localhost:8080/search?q=beauty&author=Oscar%20Wilde,143,0,0
1782353888114,153,HTTP Request,200,OK,Author Query 5-9,text,true,,263,155,10,70,http://localhost:8080/search?q=beauty&author=Oscar%20Wilde,153,0,0
1782353888098,169,HTTP Request,200,OK,Author Query 5-8,text,true,,263,155,10,70,http://localhost:8080/search?q=beauty&author=Oscar%20Wilde,169,0,0
1782353888229,74,HTTP Request,200,OK,Author Query 5-4,text,true,,263,155,10,70,http://localhost:8080/search?q=beauty&author=Oscar%20Wilde,74,0,0
1782353888230,75,HTTP Request,200,OK,Author Query 5-6,text,true,,263,155,10,70,http://localhost:8080/search?q=beauty&author=Oscar%20Wilde,75,0,0
1782353888230,75,HTTP Request,200,OK,Author Query 5-7,text,true,,263,155,10,70,http://localhost:8080/search?q=beauty&author=Oscar%20Wilde,75,0,0
1782353888229,76,HTTP Request,200,OK,Author Query 5-2,text,true,,263,155,10,70,http://localhost:8080/search?q=beauty&author=Oscar%20Wilde,76,0,0
1782353888152,174,HTTP Request,200,OK,Author Query 5-5,text,true,,263,155,10,70,http://localhost:8080/search?q=beauty&author=Oscar%20Wilde,174,0,0
1782353888114,212,HTTP Request,200,OK,Author Query 5-3,text,true,,263,155,10,70,http://localhost:8080/search?q=beauty&author=Oscar%20Wilde,212,0,0
1782353888138,188,HTTP Request,200,OK,Author Query 5-1,text,true,,263,155,10,70,http://localhost:8080/search?q=beauty&author=Oscar%20Wilde,188,0,0
1782353888178,173,HTTP Request,200,OK,Author Query 5-10,text,true,,263,155,10,70,http://localhost:8080/search?q=beauty&author=Oscar%20Wilde,173,0,0
1782353888267,105,HTTP Request,200,OK,Author Query 5-9,text,true,,263,155,10,70,http://localhost:8080/search?q=beauty&author=Oscar%20Wilde,105,0,0
1782353888268,135,HTTP Request,200,OK,Author Query 5-8,text,true,,263,155,10,70,http://localhost:8080/search?q=beauty&author=Oscar%20Wilde,135,0,0
1782353888305,110,HTTP Request,200,OK,Author Query 5-7,text,true,,263,155,10,70,http://localhost:8080/search?q=beauty&author=Oscar%20Wilde,110,0,0
1782353888303,112,HTTP Request,200,OK,Author Query 5-4,text,true,,263,155,10,70,http://localhost:8080/search?q=beauty&author=Oscar%20Wilde,112,0,0
1782353888305,110,HTTP Request,200,OK,Author Query 5-6,text,true,,263,155,10,70,http://localhost:8080/search?q=beauty&author=Oscar%20Wilde,110,0,0
1782353888306,109,HTTP Request,200,OK,Author Query 5-2,text,true,,263,155,10,70,http://localhost:8080/search?q=beauty&author=Oscar%20Wilde,109,0,0
1782353888326,96,HTTP Request,200,OK,Author Query 5-1,text,true,,263,155,10,70,http://localhost:8080/search?q=beauty&author=Oscar%20Wilde,96,0,0
1782353888326,100,HTTP Request,200,OK,Author Query 5-5,text,true,,263,155,10,70,http://localhost:8080/search?q=beauty&author=Oscar%20Wilde,100,0,0
1782353888326,100,HTTP Request,200,OK,Author Query 5-3,text,true,,263,155,10,70,http://localhost:8080/search?q=beauty&author=Oscar%20Wilde,100,0,0
1782353888351,89,HTTP Request,200,OK,Author Query 5-10,text,true,,263,155,10,70,http://localhost:8080/search?q=beauty&author=Oscar%20Wilde,89,0,0
1782353888373,87,HTTP Request,200,OK,Author Query 5-9,text,true,,263,155,10,70,http://localhost:8080/search?q=beauty&author=Oscar%20Wilde,87,0,0
1782353888403,79,HTTP Request,200,OK,Author Query 5-8,text,true,,263,155,10,70,http://localhost:8080/search?q=beauty&author=Oscar%20Wilde,79,0,0
1782353888422,85,HTTP Request,200,OK,Author Query 5-1,text,true,,263,155,10,70,http://localhost:8080/search?q=beauty&author=Oscar%20Wilde,85,0,0
1782353888426,82,HTTP Request,200,OK,Author Query 5-5,text,true,,263,155,10,70,http://localhost:8080/search?q=beauty&author=Oscar%20Wilde,82,0,0
1782353888426,86,HTTP Request,200,OK,Author Query 5-3,text,true,,263,155,10,70,http://localhost:8080/search?q=beauty&author=Oscar%20Wilde,86,0,0
1782353888415,97,HTTP Request,200,OK,Author Query 5-6,text,true,,263,155,10,70,http://localhost:8080/search?q=beauty&author=Oscar%20Wilde,97,0,0
1782353888416,121,HTTP Request,200,OK,Author Query 5-2,text,true,,263,155,10,70,http://localhost:8080/search?q=beauty&author=Oscar%20Wilde,121,0,0
1782353888415,141,HTTP Request,200,OK,Author Query 5-4,text,true,,263,155,10,70,http://localhost:8080/search?q=beauty&author=Oscar%20Wilde,141,0,0
1782353888415,141,HTTP Request,200,OK,Author Query 5-7,text,true,,263,155,10,70,http://localhost:8080/search?q=beauty&author=Oscar%20Wilde,141,0,0
1782353888440,121,HTTP Request,200,OK,Author Query 5-10,text,true,,263,155,10,70,http://localhost:8080/search?q=beauty&author=Oscar%20Wilde,121,0,0
1782353888460,102,HTTP Request,200,OK,Author Query 5-9,text,true,,263,155,10,70,http://localhost:8080/search?q=beauty&author=Oscar%20Wilde,102,0,0
1782353888508,113,HTTP Request,200,OK,Author Query 5-1,text,true,,263,155,10,70,http://localhost:8080/search?q=beauty&author=Oscar%20Wilde,113,0,0
1782353888512,109,HTTP Request,200,OK,Author Query 5-3,text,true,,263,155,10,70,http://localhost:8080/search?q=beauty&author=Oscar%20Wilde,109,0,0
1782353888512,109,HTTP Request,200,OK,Author Query 5-6,text,true,,263,155,10,70,http://localhost:8080/search?q=beauty&author=Oscar%20Wilde,109,0,0
1782353888508,113,HTTP Request,200,OK,Author Query 5-5,text,true,,263,155,10,70,http://localhost:8080/search?q=beauty&author=Oscar%20Wilde,113,0,0
1782353888537,101,HTTP Request,200,OK,Author Query 5-2,text,true,,263,155,10,70,http://localhost:8080/search?q=beauty&author=Oscar%20Wilde,101,0,0
1782353888482,158,HTTP Request,200,OK,Author Query 5-8,text,true,,263,155,10,70,http://localhost:8080/search?q=beauty&author=Oscar%20Wilde,158,0,0
1782353888562,139,HTTP Request,200,OK,Author Query 5-9,text,true,,263,155,10,70,http://localhost:8080/search?q=beauty&author=Oscar%20Wilde,139,0,0
1782353888556,145,HTTP Request,200,OK,Author Query 5-4,text,true,,263,155,10,70,http://localhost:8080/search?q=beauty&author=Oscar%20Wilde,145,0,0
1782353888556,146,HTTP Request,200,OK,Author Query 5-7,text,true,,263,155,10,70,http://localhost:8080/search?q=beauty&author=Oscar%20Wilde,145,0,0
1782353888621,81,HTTP Request,200,OK,Author Query 5-3,text,true,,263,155,10,70,http://localhost:8080/search?q=beauty&author=Oscar%20Wilde,81,0,0
1782353888621,81,HTTP Request,200,OK,Author Query 5-6,text,true,,263,155,10,70,http://localhost:8080/search?q=beauty&author=Oscar%20Wilde,81,0,0
1782353888561,141,HTTP Request,200,OK,Author Query 5-10,text,true,,263,155,10,70,http://localhost:8080/search?q=beauty&author=Oscar%20Wilde,141,0,0
1782353888621,81,HTTP Request,200,OK,Author Query 5-1,text,true,,263,155,10,70,http://localhost:8080/search?q=beauty&author=Oscar%20Wilde,81,0,0
1782353888622,93,HTTP Request,200,OK,Author Query 5-5,text,true,,263,155,10,70,http://localhost:8080/search?q=beauty&author=Oscar%20Wilde,93,0,0
1782353888638,193,HTTP Request,200,OK,Author Query 5-2,text,true,,263,155,10,70,http://localhost:8080/search?q=beauty&author=Oscar%20Wilde,193,0,0
1782353888702,135,HTTP Request,200,OK,Author Query 5-3,text,true,,263,155,10,70,http://localhost:8080/search?q=beauty&author=Oscar%20Wilde,135,0,0
1782353888702,136,HTTP Request,200,OK,Author Query 5-4,text,true,,263,155,10,70,http://localhost:8080/search?q=beauty&author=Oscar%20Wilde,136,0,0
1782353888702,136,HTTP Request,200,OK,Author Query 5-10,text,true,,263,155,10,70,http://localhost:8080/search?q=beauty&author=Oscar%20Wilde,136,0,0
1782353888702,145,HTTP Request,200,OK,Author Query 5-9,text,true,,263,155,10,70,http://localhost:8080/search?q=beauty&author=Oscar%20Wilde,145,0,0
1782353888702,146,HTTP Request,200,OK,Author Query 5-1,text,true,,263,155,10,70,http://localhost:8080/search?q=beauty&author=Oscar%20Wilde,146,0,0
1782353888640,225,HTTP Request,200,OK,Author Query 5-8,text,true,,263,155,10,70,http://localhost:8080/search?q=beauty&author=Oscar%20Wilde,225,0,0
1782353888715,168,HTTP Request,200,OK,Author Query 5-5,text,true,,263,155,10,70,http://localhost:8080/search?q=beauty&author=Oscar%20Wilde,168,0,0
1782353888702,203,HTTP Request,200,OK,Author Query 5-7,text,true,,263,155,10,70,http://localhost:8080/search?q=beauty&author=Oscar%20Wilde,203,0,0
1782353888702,222,HTTP Request,200,OK,Author Query 5-6,text,true,,263,155,10,70,http://localhost:8080/search?q=beauty&author=Oscar%20Wilde,222,0,0
1782353888831,112,HTTP Request,200,OK,Author Query 5-2,text,true,,263,155,10,70,http://localhost:8080/search?q=beauty&author=Oscar%20Wilde,112,0,0
1782353888837,132,HTTP Request,200,OK,Author Query 5-3,text,true,,263,155,10,70,http://localhost:8080/search?q=beauty&author=Oscar%20Wilde,132,0,0
1782353888838,131,HTTP Request,200,OK,Author Query 5-4,text,true,,263,155,10,70,http://localhost:8080/search?q=beauty&author=Oscar%20Wilde,131,0,0
1782353888865,105,HTTP Request,200,OK,Author Query 5-8,text,true,,263,155,10,70,http://localhost:8080/search?q=beauty&author=Oscar%20Wilde,105,0,0
1782353888838,137,HTTP Request,200,OK,Author Query 5-10,text,true,,263,155,10,70,http://localhost:8080/search?q=beauty&author=Oscar%20Wilde,137,0,0
1782353888883,131,HTTP Request,200,OK,Author Query 5-5,text,true,,263,155,10,70,http://localhost:8080/search?q=beauty&author=Oscar%20Wilde,131,0,0
1782353888847,172,HTTP Request,200,OK,Author Query 5-9,text,true,,263,155,10,70,http://localhost:8080/search?q=beauty&author=Oscar%20Wilde,172,0,0
1782353888943,99,HTTP Request,200,OK,Author Query 5-2,text,true,,263,155,10,70,http://localhost:8080/search?q=beauty&author=Oscar%20Wilde,99,0,0
1782353888969,73,HTTP Request,200,OK,Author Query 5-3,text,true,,263,155,10,70,http://localhost:8080/search?q=beauty&author=Oscar%20Wilde,73,0,0
1782353888924,147,HTTP Request,200,OK,Author Query 5-6,text,true,,263,155,10,70,http://localhost:8080/search?q=beauty&author=Oscar%20Wilde,147,0,0
1782353888905,167,HTTP Request,200,OK,Author Query 5-7,text,true,,263,155,10,70,http://localhost:8080/search?q=beauty&author=Oscar%20Wilde,167,0,0
1782353888849,230,HTTP Request,200,OK,Author Query 5-1,text,true,,263,155,10,70,http://localhost:8080/search?q=beauty&author=Oscar%20Wilde,230,0,0
1782353888970,130,HTTP Request,200,OK,Author Query 5-8,text,true,,263,155,10,70,http://localhost:8080/search?q=beauty&author=Oscar%20Wilde,130,0,0
1782353888975,125,HTTP Request,200,OK,Author Query 5-10,text,true,,263,155,10,70,http://localhost:8080/search?q=beauty&author=Oscar%20Wilde,125,0,0
1782353888969,136,HTTP Request,200,OK,Author Query 5-4,text,true,,263,155,10,70,http://localhost:8080/search?q=beauty&author=Oscar%20Wilde,136,0,0
1782353889042,74,HTTP Request,200,OK,Author Query 5-2,text,true,,263,155,10,70,http://localhost:8080/search?q=beauty&author=Oscar%20Wilde,74,0,0
1782353889042,79,HTTP Request,200,OK,Author Query 5-3,text,true,,263,155,10,70,http://localhost:8080/search?q=beauty&author=Oscar%20Wilde,79,0,0
1782353889015,108,HTTP Request,200,OK,Author Query 5-5,text,true,,263,155,10,70,http://localhost:8080/search?q=beauty&author=Oscar%20Wilde,108,0,0
1782353889019,121,HTTP Request,200,OK,Author Query 5-9,text,true,,263,155,10,70,http://localhost:8080/search?q=beauty&author=Oscar%20Wilde,121,0,0
1782353889079,75,HTTP Request,200,OK,Author Query 5-1,text,true,,263,155,10,70,http://localhost:8080/search?q=beauty&author=Oscar%20Wilde,75,0,0
1782353889100,66,HTTP Request,200,OK,Author Query 5-8,text,true,,263,155,10,70,http://localhost:8080/search?q=beauty&author=Oscar%20Wilde,66,0,0
1782353889100,66,HTTP Request,200,OK,Author Query 5-10,text,true,,263,155,10,70,http://localhost:8080/search?q=beauty&author=Oscar%20Wilde,66,0,0
1782353889072,103,HTTP Request,200,OK,Author Query 5-6,text,true,,263,155,10,70,http://localhost:8080/search?q=beauty&author=Oscar%20Wilde,103,0,0
1782353889116,62,HTTP Request,200,OK,Author Query 5-2,text,true,,263,155,10,70,http://localhost:8080/search?q=beauty&author=Oscar%20Wilde,62,0,0
1782353889105,88,HTTP Request,200,OK,Author Query 5-4,text,true,,263,155,10,70,http://localhost:8080/search?q=beauty&author=Oscar%20Wilde,88,0,0
1782353889073,120,HTTP Request,200,OK,Author Query 5-7,text,true,,263,155,10,70,http://localhost:8080/search?q=beauty&author=Oscar%20Wilde,120,0,0
1782353889121,144,HTTP Request,200,OK,Author Query 5-3,text,true,,263,155,10,70,http://localhost:8080/search?q=beauty&author=Oscar%20Wilde,144,0,0
1782353889124,141,HTTP Request,200,OK,Author Query 5-5,text,true,,263,155,10,70,http://localhost:8080/search?q=beauty&author=Oscar%20Wilde,141,0,0
1782353889166,99,HTTP Request,200,OK,Author Query 5-8,text,true,,263,155,10,70,http://localhost:8080/search?q=beauty&author=Oscar%20Wilde,99,0,0
1782353889154,113,HTTP Request,200,OK,Author Query 5-1,text,true,,263,155,10,70,http://localhost:8080/search?q=beauty&author=Oscar%20Wilde,113,0,0
1782353889140,146,HTTP Request,200,OK,Author Query 5-9,text,true,,263,155,10,70,http://localhost:8080/search?q=beauty&author=Oscar%20Wilde,146,0,0
1782353889175,133,HTTP Request,200,OK,Author Query 5-6,text,true,,263,155,10,70,http://localhost:8080/search?q=beauty&author=Oscar%20Wilde,133,0,0
1782353889193,116,HTTP Request,200,OK,Author Query 5-4,text,true,,263,155,10,70,http://localhost:8080/search?q=beauty&author=Oscar%20Wilde,116,0,0
1782353889166,161,HTTP Request,200,OK,Author Query 5-10,text,true,,263,155,10,70,http://localhost:8080/search?q=beauty&author=Oscar%20Wilde,161,0,0
1782353889178,193,HTTP Request,200,OK,Author Query 5-2,text,true,,263,155,10,70,http://localhost:8080/search?q=beauty&author=Oscar%20Wilde,193,0,0
1782353889265,108,HTTP Request,200,OK,Author Query 5-5,text,true,,263,155,10,70,http://localhost:8080/search?q=beauty&author=Oscar%20Wilde,108,0,0
1782353889265,121,HTTP Request,200,OK,Author Query 5-3,text,true,,263,155,10,70,http://localhost:8080/search?q=beauty&author=Oscar%20Wilde,121,0,0
1782353889193,202,HTTP Request,200,OK,Author Query 5-7,text,true,,263,155,10,70,http://localhost:8080/search?q=beauty&author=Oscar%20Wilde,202,0,0
1782353889266,156,HTTP Request,200,OK,Author Query 5-8,text,true,,263,155,10,70,http://localhost:8080/search?q=beauty&author=Oscar%20Wilde,156,0,0
1782353889328,95,HTTP Request,200,OK,Author Query 5-10,text,true,,263,155,10,70,http://localhost:8080/search?q=beauty&author=Oscar%20Wilde,95,0,0
1782353889309,117,HTTP Request,200,OK,Author Query 5-4,text,true,,263,155,10,70,http://localhost:8080/search?q=beauty&author=Oscar%20Wilde,117,0,0
1782353889286,175,HTTP Request,200,OK,Author Query 5-9,text,true,,263,155,10,70,http://localhost:8080/search?q=beauty&author=Oscar%20Wilde,175,0,0
1782353889267,195,HTTP Request,200,OK,Author Query 5-1,text,true,,263,155,10,70,http://localhost:8080/search?q=beauty&author=Oscar%20Wilde,195,0,0
1782353889309,155,HTTP Request,200,OK,Author Query 5-6,text,true,,263,155,10,70,http://localhost:8080/search?q=beauty&author=Oscar%20Wilde,155,0,0
1782353889386,95,HTTP Request,200,OK,Author Query 5-3,text,true,,263,155,10,70,http://localhost:8080/search?q=beauty&author=Oscar%20Wilde,95,0,0
1782353889371,119,HTTP Request,200,OK,Author Query 5-2,text,true,,263,155,10,70,http://localhost:8080/search?q=beauty&author=Oscar%20Wilde,119,0,0
1782353889373,124,HTTP Request,200,OK,Author Query 5-5,text,true,,263,155,10,70,http://localhost:8080/search?q=beauty&author=Oscar%20Wilde,124,0,0
1782353889423,121,HTTP Request,200,OK,Author Query 5-10,text,true,,263,155,10,70,http://localhost:8080/search?q=beauty&author=Oscar%20Wilde,121,0,0
1782353889426,119,HTTP Request,200,OK,Author Query 5-4,text,true,,263,155,10,70,http://localhost:8080/search?q=beauty&author=Oscar%20Wilde,119,0,0
1782353889395,151,HTTP Request,200,OK,Author Query 5-7,text,true,,263,155,10,70,http://localhost:8080/search?q=beauty&author=Oscar%20Wilde,151,0,0
1782353889422,137,HTTP Request,200,OK,Author Query 5-8,text,true,,263,155,10,70,http://localhost:8080/search?q=beauty&author=Oscar%20Wilde,137,0,0
1782353889481,101,HTTP Request,200,OK,Author Query 5-3,text,true,,263,155,10,70,http://localhost:8080/search?q=beauty&author=Oscar%20Wilde,101,0,0
1782353889490,101,HTTP Request,200,OK,Author Query 5-2,text,true,,263,155,10,70,http://localhost:8080/search?q=beauty&author=Oscar%20Wilde,101,0,0
1782353889497,126,HTTP Request,200,OK,Author Query 5-5,text,true,,263,155,10,70,http://localhost:8080/search?q=beauty&author=Oscar%20Wilde,126,0,0
1782353889464,165,HTTP Request,200,OK,Author Query 5-6,text,true,,263,155,10,70,http://localhost:8080/search?q=beauty&author=Oscar%20Wilde,165,0,0
1782353889461,168,HTTP Request,200,OK,Author Query 5-9,text,true,,263,155,10,70,http://localhost:8080/search?q=beauty&author=Oscar%20Wilde,168,0,0
1782353889462,181,HTTP Request,200,OK,Author Query 5-1,text,true,,263,155,10,70,http://localhost:8080/search?q=beauty&author=Oscar%20Wilde,181,0,0
1782353889545,100,HTTP Request,200,OK,Author Query 5-4,text,true,,263,155,10,70,http://localhost:8080/search?q=beauty&author=Oscar%20Wilde,100,0,0
1782353889582,104,HTTP Request,200,OK,Author Query 5-3,text,true,,263,155,10,70,http://localhost:8080/search?q=beauty&author=Oscar%20Wilde,104,0,0
1782353889591,108,HTTP Request,200,OK,Author Query 5-2,text,true,,263,155,10,70,http://localhost:8080/search?q=beauty&author=Oscar%20Wilde,108,0,0
1782353889560,157,HTTP Request,200,OK,Author Query 5-8,text,true,,263,155,10,70,http://localhost:8080/search?q=beauty&author=Oscar%20Wilde,157,0,0
1782353889545,172,HTTP Request,200,OK,Author Query 5-10,text,true,,263,155,10,70,http://localhost:8080/search?q=beauty&author=Oscar%20Wilde,172,0,0
1782353889546,207,HTTP Request,200,OK,Author Query 5-7,text,true,,263,155,10,70,http://localhost:8080/search?q=beauty&author=Oscar%20Wilde,207,0,0
1782353889643,110,HTTP Request,200,OK,Author Query 5-1,text,true,,263,155,10,70,http://localhost:8080/search?q=beauty&author=Oscar%20Wilde,110,0,0
1782353889645,108,HTTP Request,200,OK,Author Query 5-4,text,true,,263,155,10,70,http://localhost:8080/search?q=beauty&author=Oscar%20Wilde,108,0,0
1782353889630,130,HTTP Request,200,OK,Author Query 5-9,text,true,,263,155,10,70,http://localhost:8080/search?q=beauty&author=Oscar%20Wilde,130,0,0
1782353889629,144,HTTP Request,200,OK,Author Query 5-6,text,true,,263,155,10,70,http://localhost:8080/search?q=beauty&author=Oscar%20Wilde,144,0,0
1782353889623,150,HTTP Request,200,OK,Author Query 5-5,text,true,,263,155,10,70,http://localhost:8080/search?q=beauty&author=Oscar%20Wilde,150,0,0
1782353889699,132,HTTP Request,200,OK,Author Query 5-2,text,true,,263,155,10,70,http://localhost:8080/search?q=beauty&author=Oscar%20Wilde,132,0,0
1782353889753,89,HTTP Request,200,OK,Author Query 5-4,text,true,,263,155,10,70,http://localhost:8080/search?q=beauty&author=Oscar%20Wilde,89,0,0
1782353889717,126,HTTP Request,200,OK,Author Query 5-8,text,true,,263,155,10,70,http://localhost:8080/search?q=beauty&author=Oscar%20Wilde,126,0,0
1782353889717,132,HTTP Request,200,OK,Author Query 5-10,text,true,,263,155,10,70,http://localhost:8080/search?q=beauty&author=Oscar%20Wilde,132,0,0
1782353889686,182,HTTP Request,200,OK,Author Query 5-3,text,true,,263,155,10,70,http://localhost:8080/search?q=beauty&author=Oscar%20Wilde,182,0,0
1782353889761,110,HTTP Request,200,OK,Author Query 5-9,text,true,,263,155,10,70,http://localhost:8080/search?q=beauty&author=Oscar%20Wilde,110,0,0
1782353889753,118,HTTP Request,200,OK,Author Query 5-1,text,true,,263,155,10,70,http://localhost:8080/search?q=beauty&author=Oscar%20Wilde,118,0,0
1782353889753,118,HTTP Request,200,OK,Author Query 5-7,text,true,,263,155,10,70,http://localhost:8080/search?q=beauty&author=Oscar%20Wilde,118,0,0
1782353889773,125,HTTP Request,200,OK,Author Query 5-5,text,true,,263,155,10,70,http://localhost:8080/search?q=beauty&author=Oscar%20Wilde,125,0,0
1782353889773,168,HTTP Request,200,OK,Author Query 5-6,text,true,,263,155,10,70,http://localhost:8080/search?q=beauty&author=Oscar%20Wilde,168,0,0
1782353889832,111,HTTP Request,200,OK,Author Query 5-2,text,true,,263,155,10,70,http://localhost:8080/search?q=beauty&author=Oscar%20Wilde,111,0,0
1782353889843,137,HTTP Request,200,OK,Author Query 5-4,text,true,,263,155,10,70,http://localhost:8080/search?q=beauty&author=Oscar%20Wilde,137,0,0
1782353889843,141,HTTP Request,200,OK,Author Query 5-8,text,true,,263,155,10,70,http://localhost:8080/search?q=beauty&author=Oscar%20Wilde,141,0,0
1782353889849,136,HTTP Request,200,OK,Author Query 5-10,text,true,,263,155,10,70,http://localhost:8080/search?q=beauty&author=Oscar%20Wilde,136,0,0
1782353889871,114,HTTP Request,200,OK,Author Query 5-7,text,true,,263,155,10,70,http://localhost:8080/search?q=beauty&author=Oscar%20Wilde,114,0,0
1782353889871,114,HTTP Request,200,OK,Author Query 5-1,text,true,,263,155,10,70,http://localhost:8080/search?q=beauty&author=Oscar%20Wilde,114,0,0
1782353889871,123,HTTP Request,200,OK,Author Query 5-9,text,true,,263,155,10,70,http://localhost:8080/search?q=beauty&author=Oscar%20Wilde,123,0,0
1782353889868,205,HTTP Request,200,OK,Author Query 5-3,text,true,,263,155,10,70,http://localhost:8080/search?q=beauty&author=Oscar%20Wilde,205,0,0
1782353889941,156,HTTP Request,200,OK,Author Query 5-6,text,true,,263,155,10,70,http://localhost:8080/search?q=beauty&author=Oscar%20Wilde,156,0,0
1782353889898,200,HTTP Request,200,OK,Author Query 5-5,text,true,,263,155,10,70,http://localhost:8080/search?q=beauty&author=Oscar%20Wilde,200,0,0
1782353889943,173,HTTP Request,200,OK,Author Query 5-2,text,true,,263,155,10,70,http://localhost:8080/search?q=beauty&author=Oscar%20Wilde,173,0,0
1782353889981,170,HTTP Request,200,OK,Author Query 5-4,text,true,,263,155,10,70,http://localhost:8080/search?q=beauty&author=Oscar%20Wilde,170,0,0
1782353889984,194,HTTP Request,200,OK,Author Query 5-8,text,true,,263,155,10,70,http://localhost:8080/search?q=beauty&author=Oscar%20Wilde,194,0,0
1782353889985,200,HTTP Request,200,OK,Author Query 5-10,text,true,,263,155,10,70,http://localhost:8080/search?q=beauty&author=Oscar%20Wilde,200,0,0
1782353889985,231,HTTP Request,200,OK,Author Query 5-7,text,true,,263,155,10,70,http://localhost:8080/search?q=beauty&author=Oscar%20Wilde,231,0,0
1782353889994,231,HTTP Request,200,OK,Author Query 5-9,text,true,,263,155,10,70,http://localhost:8080/search?q=beauty&author=Oscar%20Wilde,231,0,0
1782353889985,247,HTTP Request,200,OK,Author Query 5-1,text,true,,263,155,10,70,http://localhost:8080/search?q=beauty&author=Oscar%20Wilde,247,0,0
1782353890073,164,HTTP Request,200,OK,Author Query 5-3,text,true,,263,155,10,70,http://localhost:8080/search?q=beauty&author=Oscar%20Wilde,164,0,0
1782353890179,93,HTTP Request,200,OK,Author Query 5-8,text,true,,263,155,10,70,http://localhost:8080/search?q=beauty&author=Oscar%20Wilde,93,0,0
1782353890185,88,HTTP Request,200,OK,Author Query 5-10,text,true,,263,155,10,70,http://localhost:8080/search?q=beauty&author=Oscar%20Wilde,88,0,0
1782353890098,186,HTTP Request,200,OK,Author Query 5-5,text,true,,263,155,10,70,http://localhost:8080/search?q=beauty&author=Oscar%20Wilde,186,0,0
1782353890097,187,HTTP Request,200,OK,Author Query 5-6,text,true,,263,155,10,70,http://localhost:8080/search?q=beauty&author=Oscar%20Wilde,187,0,0
1782353890117,179,HTTP Request,200,OK,Author Query 5-2,text,true,,263,155,10,70,http://localhost:8080/search?q=beauty&author=Oscar%20Wilde,179,0,0
1782353890151,164,HTTP Request,200,OK,Author Query 5-4,text,true,,263,155,10,70,http://localhost:8080/search?q=beauty&author=Oscar%20Wilde,164,0,0
1782353890237,93,HTTP Request,200,OK,Author Query 5-3,text,true,,263,155,10,70,http://localhost:8080/search?q=beauty&author=Oscar%20Wilde,93,0,0
1782353890232,103,HTTP Request,200,OK,Author Query 5-1,text,true,,263,155,10,70,http://localhost:8080/search?q=beauty&author=Oscar%20Wilde,103,0,0
1782353890217,121,HTTP Request,200,OK,Author Query 5-7,text,true,,263,155,10,70,http://localhost:8080/search?q=beauty&author=Oscar%20Wilde,121,0,0
1782353890226,112,HTTP Request,200,OK,Author Query 5-9,text,true,,263,155,10,70,http://localhost:8080/search?q=beauty&author=Oscar%20Wilde,112,0,0
1782353890273,93,HTTP Request,200,OK,Author Query 5-10,text,true,,263,155,10,70,http://localhost:8080/search?q=beauty&author=Oscar%20Wilde,93,0,0
1782353890284,126,HTTP Request,200,OK,Author Query 5-6,text,true,,263,155,10,70,http://localhost:8080/search?q=beauty&author=Oscar%20Wilde,126,0,0
1782353890296,115,HTTP Request,200,OK,Author Query 5-2,text,true,,263,155,10,70,http://localhost:8080/search?q=beauty&author=Oscar%20Wilde,115,0,0
1782353890335,76,HTTP Request,200,OK,Author Query 5-1,text,true,,263,155,10,70,http://localhost:8080/search?q=beauty&author=Oscar%20Wilde,76,0,0
1782353890272,142,HTTP Request,200,OK,Author Query 5-8,text,true,,263,155,10,70,http://localhost:8080/search?q=beauty&author=Oscar%20Wilde,142,0,0
1782353890338,76,HTTP Request,200,OK,Author Query 5-9,text,true,,263,155,10,70,http://localhost:8080/search?q=beauty&author=Oscar%20Wilde,76,0,0
1782353890338,76,HTTP Request,200,OK,Author Query 5-7,text,true,,263,155,10,70,http://localhost:8080/search?q=beauty&author=Oscar%20Wilde,76,0,0
1782353890284,130,HTTP Request,200,OK,Author Query 5-5,text,true,,263,155,10,70,http://localhost:8080/search?q=beauty&author=Oscar%20Wilde,130,0,0
1782353890330,126,HTTP Request,200,OK,Author Query 5-3,text,true,,263,155,10,70,http://localhost:8080/search?q=beauty&author=Oscar%20Wilde,126,0,0
1782353890315,141,HTTP Request,200,OK,Author Query 5-4,text,true,,263,155,10,70,http://localhost:8080/search?q=beauty&author=Oscar%20Wilde,141,0,0
1782353890366,155,HTTP Request,200,OK,Author Query 5-10,text,true,,263,155,10,70,http://localhost:8080/search?q=beauty&author=Oscar%20Wilde,155,0,0
1782353890411,115,HTTP Request,200,OK,Author Query 5-1,text,true,,263,155,10,70,http://localhost:8080/search?q=beauty&author=Oscar%20Wilde,115,0,0
1782353890411,128,HTTP Request,200,OK,Author Query 5-2,text,true,,263,155,10,70,http://localhost:8080/search?q=beauty&author=Oscar%20Wilde,128,0,0
1782353890411,134,HTTP Request,200,OK,Author Query 5-6,text,true,,263,155,10,70,http://localhost:8080/search?q=beauty&author=Oscar%20Wilde,134,0,0
1782353890414,131,HTTP Request,200,OK,Author Query 5-7,text,true,,263,155,10,70,http://localhost:8080/search?q=beauty&author=Oscar%20Wilde,131,0,0
1782353890456,89,HTTP Request,200,OK,Author Query 5-3,text,true,,263,155,10,70,http://localhost:8080/search?q=beauty&author=Oscar%20Wilde,89,0,0
1782353890414,132,HTTP Request,200,OK,Author Query 5-8,text,true,,263,155,10,70,http://localhost:8080/search?q=beauty&author=Oscar%20Wilde,132,0,0
1782353890414,132,HTTP Request,200,OK,Author Query 5-5,text,true,,263,155,10,70,http://localhost:8080/search?q=beauty&author=Oscar%20Wilde,132,0,0
1782353890414,182,HTTP Request,200,OK,Author Query 5-9,text,true,,263,155,10,70,http://localhost:8080/search?q=beauty&author=Oscar%20Wilde,182,0,0
1782353890457,143,HTTP Request,200,OK,Author Query 5-4,text,true,,263,155,10,70,http://localhost:8080/search?q=beauty&author=Oscar%20Wilde,143,0,0
1782353890521,107,HTTP Request,200,OK,Author Query 5-10,text,true,,263,155,10,70,http://localhost:8080/search?q=beauty&author=Oscar%20Wilde,107,0,0
1782353890545,121,HTTP Request,200,OK,Author Query 5-6,text,true,,263,155,10,70,http://localhost:8080/search?q=beauty&author=Oscar%20Wilde,121,0,0
1782353890546,121,HTTP Request,200,OK,Author Query 5-8,text,true,,263,155,10,70,http://localhost:8080/search?q=beauty&author=Oscar%20Wilde,121,0,0
1782353890545,122,HTTP Request,200,OK,Author Query 5-7,text,true,,263,155,10,70,http://localhost:8080/search?q=beauty&author=Oscar%20Wilde,122,0,0
1782353890539,128,HTTP Request,200,OK,Author Query 5-2,text,true,,263,155,10,70,http://localhost:8080/search?q=beauty&author=Oscar%20Wilde,128,0,0
1782353890546,136,HTTP Request,200,OK,Author Query 5-5,text,true,,263,155,10,70,http://localhost:8080/search?q=beauty&author=Oscar%20Wilde,136,0,0
1782353890526,157,HTTP Request,200,OK,Author Query 5-1,text,true,,263,155,10,70,http://localhost:8080/search?q=beauty&author=Oscar%20Wilde,157,0,0
1782353890545,139,HTTP Request,200,OK,Author Query 5-3,text,true,,263,155,10,70,http://localhost:8080/search?q=beauty&author=Oscar%20Wilde,139,0,0
1782353890600,101,HTTP Request,200,OK,Author Query 5-4,text,true,,263,155,10,70,http://localhost:8080/search?q=beauty&author=Oscar%20Wilde,101,0,0
1782353890596,109,HTTP Request,200,OK,Author Query 5-9,text,true,,263,155,10,70,http://localhost:8080/search?q=beauty&author=Oscar%20Wilde,109,0,0
1782353890629,104,HTTP Request,200,OK,Author Query 5-10,text,true,,263,155,10,70,http://localhost:8080/search?q=beauty&author=Oscar%20Wilde,104,0,0
1782353890667,87,HTTP Request,200,OK,Author Query 5-2,text,true,,263,155,10,70,http://localhost:8080/search?q=beauty&author=Oscar%20Wilde,87,0,0
1782353890667,89,HTTP Request,200,OK,Author Query 5-6,text,true,,263,155,10,70,http://localhost:8080/search?q=beauty&author=Oscar%20Wilde,89,0,0
1782353890667,90,HTTP Request,200,OK,Author Query 5-8,text,true,,263,155,10,70,http://localhost:8080/search?q=beauty&author=Oscar%20Wilde,90,0,0
1782353890667,90,HTTP Request,200,OK,Author Query 5-7,text,true,,263,155,10,70,http://localhost:8080/search?q=beauty&author=Oscar%20Wilde,90,0,0
1782353890701,87,HTTP Request,200,OK,Author Query 5-4,text,true,,263,155,10,70,http://localhost:8080/search?q=beauty&author=Oscar%20Wilde,87,0,0
1782353890684,108,HTTP Request,200,OK,Author Query 5-1,text,true,,263,155,10,70,http://localhost:8080/search?q=beauty&author=Oscar%20Wilde,108,0,0
1782353890684,109,HTTP Request,200,OK,Author Query 5-3,text,true,,263,155,10,70,http://localhost:8080/search?q=beauty&author=Oscar%20Wilde,109,0,0
1782353890683,110,HTTP Request,200,OK,Author Query 5-5,text,true,,263,155,10,70,http://localhost:8080/search?q=beauty&author=Oscar%20Wilde,110,0,0
1782353890706,97,HTTP Request,200,OK,Author Query 5-9,text,true,,263,155,10,70,http://localhost:8080/search?q=beauty&author=Oscar%20Wilde,97,0,0
1782353890733,98,HTTP Request,200,OK,Author Query 5-10,text,true,,263,155,10,70,http://localhost:8080/search?q=beauty&author=Oscar%20Wilde,98,0,0
1782353890757,82,HTTP Request,200,OK,Author Query 5-7,text,true,,263,155,10,70,http://localhost:8080/search?q=beauty&author=Oscar%20Wilde,82,0,0
1782353890757,83,HTTP Request,200,OK,Author Query 5-8,text,true,,263,155,10,70,http://localhost:8080/search?q=beauty&author=Oscar%20Wilde,83,0,0
1782353890756,84,HTTP Request,200,OK,Author Query 5-6,text,true,,263,155,10,70,http://localhost:8080/search?q=beauty&author=Oscar%20Wilde,84,0,0
1782353890754,86,HTTP Request,200,OK,Author Query 5-2,text,true,,263,155,10,70,http://localhost:8080/search?q=beauty&author=Oscar%20Wilde,86,0,0
1782353890792,90,HTTP Request,200,OK,Author Query 5-1,text,true,,263,155,10,70,http://localhost:8080/search?q=beauty&author=Oscar%20Wilde,90,0,0
1782353890793,89,HTTP Request,200,OK,Author Query 5-3,text,true,,263,155,10,70,http://localhost:8080/search?q=beauty&author=Oscar%20Wilde,89,0,0
1782353890794,97,HTTP Request,200,OK,Author Query 5-5,text,true,,263,155,10,70,http://localhost:8080/search?q=beauty&author=Oscar%20Wilde,97,0,0
1782353890803,93,HTTP Request,200,OK,Author Query 5-9,text,true,,263,155,10,70,http://localhost:8080/search?q=beauty&author=Oscar%20Wilde,93,0,0
1782353890789,117,HTTP Request,200,OK,Author Query 5-4,text,true,,263,155,10,70,http://localhost:8080/search?q=beauty&author=Oscar%20Wilde,117,0,0
1782353890831,90,HTTP Request,200,OK,Author Query 5-10,text,true,,263,155,10,70,http://localhost:8080/search?q=beauty&author=Oscar%20Wilde,90,0,0
1782353890840,81,HTTP Request,200,OK,Author Query 5-8,text,true,,263,155,10,70,http://localhost:8080/search?q=beauty&author=Oscar%20Wilde,81,0,0
1782353890841,81,HTTP Request,200,OK,Author Query 5-2,text,true,,263,155,10,70,http://localhost:8080/search?q=beauty&author=Oscar%20Wilde,81,0,0
1782353890839,85,HTTP Request,200,OK,Author Query 5-7,text,true,,263,155,10,70,http://localhost:8080/search?q=beauty&author=Oscar%20Wilde,85,0,0
1782353890840,114,HTTP Request,200,OK,Author Query 5-6,text,true,,263,155,10,70,http://localhost:8080/search?q=beauty&author=Oscar%20Wilde,114,0,0
1782353890896,62,HTTP Request,200,OK,Author Query 5-9,text,true,,263,155,10,70,http://localhost:8080/search?q=beauty&author=Oscar%20Wilde,62,0,0
1782353890882,76,HTTP Request,200,OK,Author Query 5-3,text,true,,263,155,10,70,http://localhost:8080/search?q=beauty&author=Oscar%20Wilde,76,0,0
1782353890891,67,HTTP Request,200,OK,Author Query 5-5,text,true,,263,155,10,70,http://localhost:8080/search?q=beauty&author=Oscar%20Wilde,67,0,0
1782353890906,93,HTTP Request,200,OK,Author Query 5-4,text,true,,263,155,10,70,http://localhost:8080/search?q=beauty&author=Oscar%20Wilde,93,0,0
1782353890924,77,HTTP Request,200,OK,Author Query 5-7,text,true,,263,155,10,70,http://localhost:8080/search?q=beauty&author=Oscar%20Wilde,77,0,0
1782353890922,88,HTTP Request,200,OK,Author Query 5-2,text,true,,263,155,10,70,http://localhost:8080/search?q=beauty&author=Oscar%20Wilde,88,0,0
1782353890921,121,HTTP Request,200,OK,Author Query 5-8,text,true,,263,155,10,70,http://localhost:8080/search?q=beauty&author=Oscar%20Wilde,121,0,0
1782353890921,121,HTTP Request,200,OK,Author Query 5-10,text,true,,263,155,10,70,http://localhost:8080/search?q=beauty&author=Oscar%20Wilde,121,0,0
1782353890882,160,HTTP Request,200,OK,Author Query 5-1,text,true,,263,155,10,70,http://localhost:8080/search?q=beauty&author=Oscar%20Wilde,160,0,0
1782353890954,109,HTTP Request,200,OK,Author Query 5-6,text,true,,263,155,10,70,http://localhost:8080/search?q=beauty&author=Oscar%20Wilde,109,0,0
1782353890958,126,HTTP Request,200,OK,Author Query 5-3,text,true,,263,155,10,70,http://localhost:8080/search?q=beauty&author=Oscar%20Wilde,126,0,0
1782353890959,126,HTTP Request,200,OK,Author Query 5-5,text,true,,263,155,10,70,http://localhost:8080/search?q=beauty&author=Oscar%20Wilde,126,0,0
1782353890958,127,HTTP Request,200,OK,Author Query 5-9,text,true,,263,155,10,70,http://localhost:8080/search?q=beauty&author=Oscar%20Wilde,127,0,0
1782353890999,89,HTTP Request,200,OK,Author Query 5-4,text,true,,263,155,10,70,http://localhost:8080/search?q=beauty&author=Oscar%20Wilde,89,0,0
1782353891001,158,HTTP Request,200,OK,Author Query 5-7,text,true,,263,155,10,70,http://localhost:8080/search?q=beauty&author=Oscar%20Wilde,158,0,0
1782353891010,149,HTTP Request,200,OK,Author Query 5-2,text,true,,263,155,10,70,http://localhost:8080/search?q=beauty&author=Oscar%20Wilde,149,0,0
1782353891042,118,HTTP Request,200,OK,Author Query 5-10,text,true,,263,155,10,70,http://localhost:8080/search?q=beauty&author=Oscar%20Wilde,118,0,0
1782353891042,124,HTTP Request,200,OK,Author Query 5-8,text,true,,263,155,10,70,http://localhost:8080/search?q=beauty&author=Oscar%20Wilde,124,0,0
1782353891064,104,HTTP Request,200,OK,Author Query 5-6,text,true,,263,155,10,70,http://localhost:8080/search?q=beauty&author=Oscar%20Wilde,104,0,0
1782353891042,130,HTTP Request,200,OK,Author Query 5-1,text,true,,263,155,10,70,http://localhost:8080/search?q=beauty&author=Oscar%20Wilde,130,0,0
1782353891085,104,HTTP Request,200,OK,Author Query 5-5,text,true,,263,155,10,70,http://localhost:8080/search?q=beauty&author=Oscar%20Wilde,104,0,0
1782353891085,122,HTTP Request,200,OK,Author Query 5-3,text,true,,263,155,10,70,http://localhost:8080/search?q=beauty&author=Oscar%20Wilde,122,0,0
1782353891085,124,HTTP Request,200,OK,Author Query 5-9,text,true,,263,155,10,70,http://localhost:8080/search?q=beauty&author=Oscar%20Wilde,124,0,0
1782353891088,125,HTTP Request,200,OK,Author Query 5-4,text,true,,263,155,10,70,http://localhost:8080/search?q=beauty&author=Oscar%20Wilde,125,0,0
1782353891160,94,HTTP Request,200,OK,Author Query 5-10,text,true,,263,155,10,70,http://localhost:8080/search?q=beauty&author=Oscar%20Wilde,94,0,0
1782353891168,88,HTTP Request,200,OK,Author Query 5-6,text,true,,263,155,10,70,http://localhost:8080/search?q=beauty&author=Oscar%20Wilde,88,0,0
1782353891160,96,HTTP Request,200,OK,Author Query 5-2,text,true,,263,155,10,70,http://localhost:8080/search?q=beauty&author=Oscar%20Wilde,96,0,0
1782353891172,120,HTTP Request,200,OK,Author Query 5-1,text,true,,263,155,10,70,http://localhost:8080/search?q=beauty&author=Oscar%20Wilde,120,0,0
1782353891167,125,HTTP Request,200,OK,Author Query 5-8,text,true,,263,155,10,70,http://localhost:8080/search?q=beauty&author=Oscar%20Wilde,125,0,0
1782353891159,134,HTTP Request,200,OK,Author Query 5-7,text,true,,263,155,10,70,http://localhost:8080/search?q=beauty&author=Oscar%20Wilde,134,0,0
1782353891207,103,HTTP Request,200,OK,Author Query 5-3,text,true,,263,155,10,70,http://localhost:8080/search?q=beauty&author=Oscar%20Wilde,103,0,0
1782353891209,116,HTTP Request,200,OK,Author Query 5-9,text,true,,263,155,10,70,http://localhost:8080/search?q=beauty&author=Oscar%20Wilde,116,0,0
1782353891189,147,HTTP Request,200,OK,Author Query 5-5,text,true,,263,155,10,70,http://localhost:8080/search?q=beauty&author=Oscar%20Wilde,147,0,0
1782353891213,128,HTTP Request,200,OK,Author Query 5-4,text,true,,263,155,10,70,http://localhost:8080/search?q=beauty&author=Oscar%20Wilde,128,0,0
1782353891256,94,HTTP Request,200,OK,Author Query 5-6,text,true,,263,155,10,70,http://localhost:8080/search?q=beauty&author=Oscar%20Wilde,94,0,0
1782353891254,96,HTTP Request,200,OK,Author Query 5-10,text,true,,263,155,10,70,http://localhost:8080/search?q=beauty&author=Oscar%20Wilde,96,0,0
1782353891256,120,HTTP Request,200,OK,Author Query 5-2,text,true,,263,155,10,70,http://localhost:8080/search?q=beauty&author=Oscar%20Wilde,120,0,0
1782353891293,83,HTTP Request,200,OK,Author Query 5-7,text,true,,263,155,10,70,http://localhost:8080/search?q=beauty&author=Oscar%20Wilde,83,0,0
1782353891292,84,HTTP Request,200,OK,Author Query 5-8,text,true,,263,155,10,70,http://localhost:8080/search?q=beauty&author=Oscar%20Wilde,84,0,0
1782353891292,85,HTTP Request,200,OK,Author Query 5-1,text,true,,263,155,10,70,http://localhost:8080/search?q=beauty&author=Oscar%20Wilde,85,0,0
1782353891310,107,HTTP Request,200,OK,Author Query 5-3,text,true,,263,155,10,70,http://localhost:8080/search?q=beauty&author=Oscar%20Wilde,107,0,0
1782353891336,83,HTTP Request,200,OK,Author Query 5-5,text,true,,263,155,10,70,http://localhost:8080/search?q=beauty&author=Oscar%20Wilde,83,0,0
1782353891325,99,HTTP Request,200,OK,Author Query 5-9,text,true,,263,155,10,70,http://localhost:8080/search?q=beauty&author=Oscar%20Wilde,99,0,0
1782353891350,74,HTTP Request,200,OK,Author Query 5-10,text,true,,263,155,10,70,http://localhost:8080/search?q=beauty&author=Oscar%20Wilde,74,0,0
1782353891350,88,HTTP Request,200,OK,Author Query 5-6,text,true,,263,155,10,70,http://localhost:8080/search?q=beauty&author=Oscar%20Wilde,88,0,0
1782353891341,111,HTTP Request,200,OK,Author Query 5-4,text,true,,263,155,10,70,http://localhost:8080/search?q=beauty&author=Oscar%20Wilde,111,0,0
1782353891376,85,HTTP Request,200,OK,Author Query 5-2,text,true,,263,155,10,70,http://localhost:8080/search?q=beauty&author=Oscar%20Wilde,85,0,0
1782353891376,85,HTTP Request,200,OK,Author Query 5-7,text,true,,263,155,10,70,http://localhost:8080/search?q=beauty&author=Oscar%20Wilde,85,0,0
1782353891377,85,HTTP Request,200,OK,Author Query 5-1,text,true,,263,155,10,70,http://localhost:8080/search?q=beauty&author=Oscar%20Wilde,85,0,0
1782353891376,97,HTTP Request,200,OK,Author Query 5-8,text,true,,263,155,10,70,http://localhost:8080/search?q=beauty&author=Oscar%20Wilde,97,0,0
1782353891424,82,HTTP Request,200,OK,Author Query 5-10,text,true,,263,155,10,70,http://localhost:8080/search?q=beauty&author=Oscar%20Wilde,82,0,0
1782353891420,104,HTTP Request,200,OK,Author Query 5-5,text,true,,263,155,10,70,http://localhost:8080/search?q=beauty&author=Oscar%20Wilde,104,0,0
1782353891424,117,HTTP Request,200,OK,Author Query 5-9,text,true,,263,155,10,70,http://localhost:8080/search?q=beauty&author=Oscar%20Wilde,117,0,0
1782353891418,123,HTTP Request,200,OK,Author Query 5-3,text,true,,263,155,10,70,http://localhost:8080/search?q=beauty&author=Oscar%20Wilde,123,0,0
1782353891438,118,HTTP Request,200,OK,Author Query 5-6,text,true,,263,155,10,70,http://localhost:8080/search?q=beauty&author=Oscar%20Wilde,118,0,0
1782353891462,106,HTTP Request,200,OK,Author Query 5-1,text,true,,263,155,10,70,http://localhost:8080/search?q=beauty&author=Oscar%20Wilde,106,0,0
1782353891461,113,HTTP Request,200,OK,Author Query 5-2,text,true,,263,155,10,70,http://localhost:8080/search?q=beauty&author=Oscar%20Wilde,113,0,0
1782353891473,103,HTTP Request,200,OK,Author Query 5-8,text,true,,263,155,10,70,http://localhost:8080/search?q=beauty&author=Oscar%20Wilde,103,0,0
1782353891462,115,HTTP Request,200,OK,Author Query 5-7,text,true,,263,155,10,70,http://localhost:8080/search?q=beauty&author=Oscar%20Wilde,115,0,0
1782353891452,127,HTTP Request,200,OK,Author Query 5-4,text,true,,263,155,10,70,http://localhost:8080/search?q=beauty&author=Oscar%20Wilde,127,0,0
1782353891525,67,HTTP Request,200,OK,Author Query 5-5,text,true,,263,155,10,70,http://localhost:8080/search?q=beauty&author=Oscar%20Wilde,67,0,0
1782353891506,102,HTTP Request,200,OK,Author Query 5-10,text,true,,263,155,10,70,http://localhost:8080/search?q=beauty&author=Oscar%20Wilde,102,0,0
1782353891541,113,HTTP Request,200,OK,Author Query 5-9,text,true,,263,155,10,70,http://localhost:8080/search?q=beauty&author=Oscar%20Wilde,113,0,0
1782353891557,111,HTTP Request,200,OK,Author Query 5-6,text,true,,263,155,10,70,http://localhost:8080/search?q=beauty&author=Oscar%20Wilde,111,0,0
1782353891568,105,HTTP Request,200,OK,Author Query 5-1,text,true,,263,155,10,70,http://localhost:8080/search?q=beauty&author=Oscar%20Wilde,105,0,0
1782353891542,131,HTTP Request,200,OK,Author Query 5-3,text,true,,263,155,10,70,http://localhost:8080/search?q=beauty&author=Oscar%20Wilde,131,0,0
1782353891577,101,HTTP Request,200,OK,Author Query 5-7,text,true,,263,155,10,70,http://localhost:8080/search?q=beauty&author=Oscar%20Wilde,101,0,0
1782353891576,129,HTTP Request,200,OK,Author Query 5-8,text,true,,263,155,10,70,http://localhost:8080/search?q=beauty&author=Oscar%20Wilde,129,0,0
1782353891609,96,HTTP Request,200,OK,Author Query 5-10,text,true,,263,155,10,70,http://localhost:8080/search?q=beauty&author=Oscar%20Wilde,96,0,0
1782353891575,131,HTTP Request,200,OK,Author Query 5-2,text,true,,263,155,10,70,http://localhost:8080/search?q=beauty&author=Oscar%20Wilde,131,0,0
1782353891579,128,HTTP Request,200,OK,Author Query 5-4,text,true,,263,155,10,70,http://localhost:8080/search?q=beauty&author=Oscar%20Wilde,128,0,0
1782353891592,117,HTTP Request,200,OK,Author Query 5-5,text,true,,263,155,10,70,http://localhost:8080/search?q=beauty&author=Oscar%20Wilde,117,0,0
1782353891673,71,HTTP Request,200,OK,Author Query 5-3,text,true,,263,155,10,70,http://localhost:8080/search?q=beauty&author=Oscar%20Wilde,71,0,0
1782353891654,90,HTTP Request,200,OK,Author Query 5-9,text,true,,263,155,10,70,http://localhost:8080/search?q=beauty&author=Oscar%20Wilde,90,0,0
1782353891678,79,HTTP Request,200,OK,Author Query 5-7,text,true,,263,155,10,70,http://localhost:8080/search?q=beauty&author=Oscar%20Wilde,79,0,0
1782353891668,95,HTTP Request,200,OK,Author Query 5-6,text,true,,263,155,10,70,http://localhost:8080/search?q=beauty&author=Oscar%20Wilde,95,0,0
1782353891706,67,HTTP Request,200,OK,Author Query 5-8,text,true,,263,155,10,70,http://localhost:8080/search?q=beauty&author=Oscar%20Wilde,67,0,0
1782353891673,101,HTTP Request,200,OK,Author Query 5-1,text,true,,263,155,10,70,http://localhost:8080/search?q=beauty&author=Oscar%20Wilde,101,0,0
1782353891706,69,HTTP Request,200,OK,Author Query 5-2,text,true,,263,155,10,70,http://localhost:8080/search?q=beauty&author=Oscar%20Wilde,69,0,0
1782353891708,77,HTTP Request,200,OK,Author Query 5-4,text,true,,263,155,10,70,http://localhost:8080/search?q=beauty&author=Oscar%20Wilde,77,0,0
1782353891706,85,HTTP Request,200,OK,Author Query 5-10,text,true,,263,155,10,70,http://localhost:8080/search?q=beauty&author=Oscar%20Wilde,85,0,0
1782353891709,84,HTTP Request,200,OK,Author Query 5-5,text,true,,263,155,10,70,http://localhost:8080/search?q=beauty&author=Oscar%20Wilde,84,0,0
1782353891757,62,HTTP Request,200,OK,Author Query 5-7,text,true,,263,155,10,70,http://localhost:8080/search?q=beauty&author=Oscar%20Wilde,62,0,0
1782353891744,89,HTTP Request,200,OK,Author Query 5-9,text,true,,263,155,10,70,http://localhost:8080/search?q=beauty&author=Oscar%20Wilde,89,0,0
1782353891764,82,HTTP Request,200,OK,Author Query 5-6,text,true,,263,155,10,70,http://localhost:8080/search?q=beauty&author=Oscar%20Wilde,82,0,0
1782353891744,104,HTTP Request,200,OK,Author Query 5-3,text,true,,263,155,10,70,http://localhost:8080/search?q=beauty&author=Oscar%20Wilde,104,0,0
1782353891775,79,HTTP Request,200,OK,Author Query 5-1,text,true,,263,155,10,70,http://localhost:8080/search?q=beauty&author=Oscar%20Wilde,79,0,0
1782353891773,82,HTTP Request,200,OK,Author Query 5-8,text,true,,263,155,10,70,http://localhost:8080/search?q=beauty&author=Oscar%20Wilde,82,0,0
1782353891785,73,HTTP Request,200,OK,Author Query 5-4,text,true,,263,155,10,70,http://localhost:8080/search?q=beauty&author=Oscar%20Wilde,73,0,0
1782353891775,88,HTTP Request,200,OK,Author Query 5-2,text,true,,263,155,10,70,http://localhost:8080/search?q=beauty&author=Oscar%20Wilde,88,0,0
1782353891791,74,HTTP Request,200,OK,Author Query 5-10,text,true,,263,155,10,70,http://localhost:8080/search?q=beauty&author=Oscar%20Wilde,74,0,0
1782353891794,72,HTTP Request,200,OK,Author Query 5-5,text,true,,263,155,10,70,http://localhost:8080/search?q=beauty&author=Oscar%20Wilde,72,0,0
1782353891819,87,HTTP Request,200,OK,Author Query 5-7,text,true,,263,155,10,70,http://localhost:8080/search?q=beauty&author=Oscar%20Wilde,87,0,0
1782353891834,79,HTTP Request,200,OK,Author Query 5-9,text,true,,263,155,10,70,http://localhost:8080/search?q=beauty&author=Oscar%20Wilde,79,0,0
1782353891846,69,HTTP Request,200,OK,Author Query 5-6,text,true,,263,155,10,70,http://localhost:8080/search?q=beauty&author=Oscar%20Wilde,69,0,0
1782353891855,60,HTTP Request,200,OK,Author Query 5-1,text,true,,263,155,10,70,http://localhost:8080/search?q=beauty&author=Oscar%20Wilde,60,0,0
1782353891848,75,HTTP Request,200,OK,Author Query 5-3,text,true,,263,155,10,70,http://localhost:8080/search?q=beauty&author=Oscar%20Wilde,75,0,0
1782353891866,101,HTTP Request,200,OK,Author Query 5-5,text,true,,263,155,10,70,http://localhost:8080/search?q=beauty&author=Oscar%20Wilde,101,0,0
1782353891865,103,HTTP Request,200,OK,Author Query 5-10,text,true,,263,155,10,70,http://localhost:8080/search?q=beauty&author=Oscar%20Wilde,103,0,0
1782353891858,111,HTTP Request,200,OK,Author Query 5-4,text,true,,263,155,10,70,http://localhost:8080/search?q=beauty&author=Oscar%20Wilde,111,0,0
1782353891864,105,HTTP Request,200,OK,Author Query 5-2,text,true,,263,155,10,70,http://localhost:8080/search?q=beauty&author=Oscar%20Wilde,105,0,0
1782353891855,115,HTTP Request,200,OK,Author Query 5-8,text,true,,263,155,10,70,http://localhost:8080/search?q=beauty&author=Oscar%20Wilde,115,0,0
1782353891913,81,HTTP Request,200,OK,Author Query 5-9,text,true,,263,155,10,70,http://localhost:8080/search?q=beauty&author=Oscar%20Wilde,81,0,0
1782353891923,99,HTTP Request,200,OK,Author Query 5-3,text,true,,263,155,10,70,http://localhost:8080/search?q=beauty&author=Oscar%20Wilde,99,0,0
1782353891915,107,HTTP Request,200,OK,Author Query 5-6,text,true,,263,155,10,70,http://localhost:8080/search?q=beauty&author=Oscar%20Wilde,107,0,0
1782353891915,107,HTTP Request,200,OK,Author Query 5-1,text,true,,263,155,10,70,http://localhost:8080/search?q=beauty&author=Oscar%20Wilde,107,0,0
1782353891906,116,HTTP Request,200,OK,Author Query 5-7,text,true,,263,155,10,70,http://localhost:8080/search?q=beauty&author=Oscar%20Wilde,116,0,0
1782353891969,111,HTTP Request,200,OK,Author Query 5-4,text,true,,263,155,10,70,http://localhost:8080/search?q=beauty&author=Oscar%20Wilde,111,0,0
1782353891970,111,HTTP Request,200,OK,Author Query 5-8,text,true,,263,155,10,70,http://localhost:8080/search?q=beauty&author=Oscar%20Wilde,111,0,0
1782353891968,114,HTTP Request,200,OK,Author Query 5-10,text,true,,263,155,10,70,http://localhost:8080/search?q=beauty&author=Oscar%20Wilde,114,0,0
1782353891967,119,HTTP Request,200,OK,Author Query 5-5,text,true,,263,155,10,70,http://localhost:8080/search?q=beauty&author=Oscar%20Wilde,119,0,0
1782353891969,118,HTTP Request,200,OK,Author Query 5-2,text,true,,263,155,10,70,http://localhost:8080/search?q=beauty&author=Oscar%20Wilde,118,0,0
1782353891994,113,HTTP Request,200,OK,Author Query 5-9,text,true,,263,155,10,70,http://localhost:8080/search?q=beauty&author=Oscar%20Wilde,113,0,0
1782353892022,148,HTTP Request,200,OK,Author Query 5-3,text,true,,263,155,10,70,http://localhost:8080/search?q=beauty&author=Oscar%20Wilde,148,0,0
1782353892022,152,HTTP Request,200,OK,Author Query 5-1,text,true,,263,155,10,70,http://localhost:8080/search?q=beauty&author=Oscar%20Wilde,151,0,0
1782353892022,153,HTTP Request,200,OK,Author Query 5-6,text,true,,263,155,10,70,http://localhost:8080/search?q=beauty&author=Oscar%20Wilde,153,0,0
1782353892081,101,HTTP Request,200,OK,Author Query 5-8,text,true,,263,155,10,70,http://localhost:8080/search?q=beauty&author=Oscar%20Wilde,101,0,0
1782353892082,101,HTTP Request,200,OK,Author Query 5-10,text,true,,263,155,10,70,http://localhost:8080/search?q=beauty&author=Oscar%20Wilde,101,0,0
1782353892023,160,HTTP Request,200,OK,Author Query 5-7,text,true,,263,155,10,70,http://localhost:8080/search?q=beauty&author=Oscar%20Wilde,160,0,0
1782353892086,101,HTTP Request,200,OK,Author Query 5-5,text,true,,263,155,10,70,http://localhost:8080/search?q=beauty&author=Oscar%20Wilde,101,0,0
1782353892107,98,HTTP Request,200,OK,Author Query 5-9,text,true,,263,155,10,70,http://localhost:8080/search?q=beauty&author=Oscar%20Wilde,98,0,0
1782353892080,126,HTTP Request,200,OK,Author Query 5-4,text,true,,263,155,10,70,http://localhost:8080/search?q=beauty&author=Oscar%20Wilde,126,0,0
1782353892087,129,HTTP Request,200,OK,Author Query 5-2,text,true,,263,155,10,70,http://localhost:8080/search?q=beauty&author=Oscar%20Wilde,129,0,0
1782353892174,65,HTTP Request,200,OK,Author Query 5-1,text,true,,263,155,10,70,http://localhost:8080/search?q=beauty&author=Oscar%20Wilde,65,0,0
1782353892175,65,HTTP Request,200,OK,Author Query 5-6,text,true,,263,155,10,70,http://localhost:8080/search?q=beauty&author=Oscar%20Wilde,65,0,0
1782353892170,97,HTTP Request,200,OK,Author Query 5-3,text,true,,263,155,10,70,http://localhost:8080/search?q=beauty&author=Oscar%20Wilde,96,0,0
1782353892182,100,HTTP Request,200,OK,Author Query 5-8,text,true,,263,155,10,70,http://localhost:8080/search?q=beauty&author=Oscar%20Wilde,100,0,0
1782353892183,110,HTTP Request,200,OK,Author Query 5-10,text,true,,263,155,10,70,http://localhost:8080/search?q=beauty&author=Oscar%20Wilde,110,0,0
1782353892187,107,HTTP Request,200,OK,Author Query 5-5,text,true,,263,155,10,70,http://localhost:8080/search?q=beauty&author=Oscar%20Wilde,107,0,0
1782353892183,111,HTTP Request,200,OK,Author Query 5-7,text,true,,263,155,10,70,http://localhost:8080/search?q=beauty&author=Oscar%20Wilde,111,0,0
1782353892207,90,HTTP Request,200,OK,Author Query 5-4,text,true,,263,155,10,70,http://localhost:8080/search?q=beauty&author=Oscar%20Wilde,90,0,0
1782353892240,83,HTTP Request,200,OK,Author Query 5-1,text,true,,263,155,10,70,http://localhost:8080/search?q=beauty&author=Oscar%20Wilde,83,0,0
1782353892205,118,HTTP Request,200,OK,Author Query 5-9,text,true,,263,155,10,70,http://localhost:8080/search?q=beauty&author=Oscar%20Wilde,118,0,0
1782353892240,113,HTTP Request,200,OK,Author Query 5-6,text,true,,263,155,10,70,http://localhost:8080/search?q=beauty&author=Oscar%20Wilde,113,0,0
1782353892216,138,HTTP Request,200,OK,Author Query 5-2,text,true,,263,155,10,70,http://localhost:8080/search?q=beauty&author=Oscar%20Wilde,138,0,0
1782353892267,87,HTTP Request,200,OK,Author Query 5-3,text,true,,263,155,10,70,http://localhost:8080/search?q=beauty&author=Oscar%20Wilde,87,0,0
1782353892282,86,HTTP Request,200,OK,Author Query 5-8,text,true,,263,155,10,70,http://localhost:8080/search?q=beauty&author=Oscar%20Wilde,86,0,0
1782353892294,74,HTTP Request,200,OK,Author Query 5-10,text,true,,263,155,10,70,http://localhost:8080/search?q=beauty&author=Oscar%20Wilde,74,0,0
1782353892294,74,HTTP Request,200,OK,Author Query 5-5,text,true,,263,155,10,70,http://localhost:8080/search?q=beauty&author=Oscar%20Wilde,74,0,0
1782353892297,93,HTTP Request,200,OK,Author Query 5-4,text,true,,263,155,10,70,http://localhost:8080/search?q=beauty&author=Oscar%20Wilde,93,0,0
1782353892295,115,HTTP Request,200,OK,Author Query 5-7,text,true,,263,155,10,70,http://localhost:8080/search?q=beauty&author=Oscar%20Wilde,115,0,0
1782353892354,73,HTTP Request,200,OK,Author Query 5-2,text,true,,263,155,10,70,http://localhost:8080/search?q=beauty&author=Oscar%20Wilde,73,0,0
1782353892323,107,HTTP Request,200,OK,Author Query 5-1,text,true,,263,155,10,70,http://localhost:8080/search?q=beauty&author=Oscar%20Wilde,107,0,0
1782353892323,114,HTTP Request,200,OK,Author Query 5-9,text,true,,263,155,10,70,http://localhost:8080/search?q=beauty&author=Oscar%20Wilde,114,0,0
1782353892369,70,HTTP Request,200,OK,Author Query 5-10,text,true,,263,155,10,70,http://localhost:8080/search?q=beauty&author=Oscar%20Wilde,70,0,0
1782353892354,86,HTTP Request,200,OK,Author Query 5-3,text,true,,263,155,10,70,http://localhost:8080/search?q=beauty&author=Oscar%20Wilde,86,0,0
1782353892354,86,HTTP Request,200,OK,Author Query 5-6,text,true,,263,155,10,70,http://localhost:8080/search?q=beauty&author=Oscar%20Wilde,86,0,0
1782353892369,103,HTTP Request,200,OK,Author Query 5-5,text,true,,263,155,10,70,http://localhost:8080/search?q=beauty&author=Oscar%20Wilde,103,0,0
1782353892368,142,HTTP Request,200,OK,Author Query 5-8,text,true,,263,155,10,70,http://localhost:8080/search?q=beauty&author=Oscar%20Wilde,142,0,0
1782353892390,132,HTTP Request,200,OK,Author Query 5-4,text,true,,263,155,10,70,http://localhost:8080/search?q=beauty&author=Oscar%20Wilde,132,0,0
1782353892410,114,HTTP Request,200,OK,Author Query 5-7,text,true,,263,155,10,70,http://localhost:8080/search?q=beauty&author=Oscar%20Wilde,114,0,0
1782353892437,89,HTTP Request,200,OK,Author Query 5-9,text,true,,263,155,10,70,http://localhost:8080/search?q=beauty&author=Oscar%20Wilde,89,0,0
1782353892430,98,HTTP Request,200,OK,Author Query 5-1,text,true,,263,155,10,70,http://localhost:8080/search?q=beauty&author=Oscar%20Wilde,98,0,0
1782353892440,91,HTTP Request,200,OK,Author Query 5-10,text,true,,263,155,10,70,http://localhost:8080/search?q=beauty&author=Oscar%20Wilde,91,0,0
1782353892440,91,HTTP Request,200,OK,Author Query 5-3,text,true,,263,155,10,70,http://localhost:8080/search?q=beauty&author=Oscar%20Wilde,91,0,0
1782353892427,149,HTTP Request,200,OK,Author Query 5-2,text,true,,263,155,10,70,http://localhost:8080/search?q=beauty&author=Oscar%20Wilde,149,0,0
1782353892472,105,HTTP Request,200,OK,Author Query 5-5,text,true,,263,155,10,70,http://localhost:8080/search?q=beauty&author=Oscar%20Wilde,105,0,0
1782353892440,145,HTTP Request,200,OK,Author Query 5-6,text,true,,263,155,10,70,http://localhost:8080/search?q=beauty&author=Oscar%20Wilde,145,0,0
1782353892526,94,HTTP Request,200,OK,Author Query 5-9,text,true,,263,155,10,70,http://localhost:8080/search?q=beauty&author=Oscar%20Wilde,94,0,0
1782353892510,111,HTTP Request,200,OK,Author Query 5-8,text,true,,263,155,10,70,http://localhost:8080/search?q=beauty&author=Oscar%20Wilde,111,0,0
1782353892522,99,HTTP Request,200,OK,Author Query 5-4,text,true,,263,155,10,70,http://localhost:8080/search?q=beauty&author=Oscar%20Wilde,99,0,0
1782353892531,90,HTTP Request,200,OK,Author Query 5-3,text,true,,263,155,10,70,http://localhost:8080/search?q=beauty&author=Oscar%20Wilde,90,0,0
1782353892528,93,HTTP Request,200,OK,Author Query 5-1,text,true,,263,155,10,70,http://localhost:8080/search?q=beauty&author=Oscar%20Wilde,93,0,0
1782353892586,78,HTTP Request,200,OK,Author Query 5-6,text,true,,263,155,10,70,http://localhost:8080/search?q=beauty&author=Oscar%20Wilde,78,0,0
1782353892576,88,HTTP Request,200,OK,Author Query 5-2,text,true,,263,155,10,70,http://localhost:8080/search?q=beauty&author=Oscar%20Wilde,88,0,0
1782353892531,142,HTTP Request,200,OK,Author Query 5-10,text,true,,263,155,10,70,http://localhost:8080/search?q=beauty&author=Oscar%20Wilde,142,0,0
1782353892525,157,HTTP Request,200,OK,Author Query 5-7,text,true,,263,155,10,70,http://localhost:8080/search?q=beauty&author=Oscar%20Wilde,157,0,0
1782353892621,78,HTTP Request,200,OK,Author Query 5-3,text,true,,263,155,10,70,http://localhost:8080/search?q=beauty&author=Oscar%20Wilde,78,0,0
1782353892621,78,HTTP Request,200,OK,Author Query 5-9,text,true,,263,155,10,70,http://localhost:8080/search?q=beauty&author=Oscar%20Wilde,78,0,0
1782353892621,79,HTTP Request,200,OK,Author Query 5-1,text,true,,263,155,10,70,http://localhost:8080/search?q=beauty&author=Oscar%20Wilde,79,0,0
1782353892621,79,HTTP Request,200,OK,Author Query 5-8,text,true,,263,155,10,70,http://localhost:8080/search?q=beauty&author=Oscar%20Wilde,79,0,0
1782353892621,79,HTTP Request,200,OK,Author Query 5-4,text,true,,263,155,10,70,http://localhost:8080/search?q=beauty&author=Oscar%20Wilde,79,0,0
1782353892577,175,HTTP Request,200,OK,Author Query 5-5,text,true,,263,155,10,70,http://localhost:8080/search?q=beauty&author=Oscar%20Wilde,175,0,0
1782353892664,92,HTTP Request,200,OK,Author Query 5-2,text,true,,263,155,10,70,http://localhost:8080/search?q=beauty&author=Oscar%20Wilde,92,0,0
1782353892664,108,HTTP Request,200,OK,Author Query 5-6,text,true,,263,155,10,70,http://localhost:8080/search?q=beauty&author=Oscar%20Wilde,108,0,0
1782353892699,94,HTTP Request,200,OK,Author Query 5-3,text,true,,263,155,10,70,http://localhost:8080/search?q=beauty&author=Oscar%20Wilde,94,0,0
1782353892700,93,HTTP Request,200,OK,Author Query 5-1,text,true,,263,155,10,70,http://localhost:8080/search?q=beauty&author=Oscar%20Wilde,93,0,0
1782353892673,120,HTTP Request,200,OK,Author Query 5-10,text,true,,263,155,10,70,http://localhost:8080/search?q=beauty&author=Oscar%20Wilde,120,0,0
1782353892700,93,HTTP Request,200,OK,Author Query 5-4,text,true,,263,155,10,70,http://localhost:8080/search?q=beauty&author=Oscar%20Wilde,93,0,0
1782353892700,94,HTTP Request,200,OK,Author Query 5-9,text,true,,263,155,10,70,http://localhost:8080/search?q=beauty&author=Oscar%20Wilde,94,0,0
1782353892682,112,HTTP Request,200,OK,Author Query 5-7,text,true,,263,155,10,70,http://localhost:8080/search?q=beauty&author=Oscar%20Wilde,112,0,0
1782353892700,94,HTTP Request,200,OK,Author Query 5-8,text,true,,263,155,10,70,http://localhost:8080/search?q=beauty&author=Oscar%20Wilde,94,0,0
1782353892756,116,HTTP Request,200,OK,Author Query 5-2,text,true,,263,155,10,70,http://localhost:8080/search?q=beauty&author=Oscar%20Wilde,116,0,0
1782353892772,109,HTTP Request,200,OK,Author Query 5-6,text,true,,263,155,10,70,http://localhost:8080/search?q=beauty&author=Oscar%20Wilde,109,0,0
1782353892752,130,HTTP Request,200,OK,Author Query 5-5,text,true,,263,155,10,70,http://localhost:8080/search?q=beauty&author=Oscar%20Wilde,130,0,0
1782353892793,118,HTTP Request,200,OK,Author Query 5-10,text,true,,263,155,10,70,http://localhost:8080/search?q=beauty&author=Oscar%20Wilde,118,0,0
1782353892793,131,HTTP Request,200,OK,Author Query 5-4,text,true,,263,155,10,70,http://localhost:8080/search?q=beauty&author=Oscar%20Wilde,131,0,0
1782353892794,141,HTTP Request,200,OK,Author Query 5-9,text,true,,263,155,10,70,http://localhost:8080/search?q=beauty&author=Oscar%20Wilde,141,0,0
1782353892793,166,HTTP Request,200,OK,Author Query 5-3,text,true,,263,155,10,70,http://localhost:8080/search?q=beauty&author=Oscar%20Wilde,166,0,0
1782353892793,183,HTTP Request,200,OK,Author Query 5-1,text,true,,263,155,10,70,http://localhost:8080/search?q=beauty&author=Oscar%20Wilde,183,0,0
1782353892794,199,HTTP Request,200,OK,Author Query 5-7,text,true,,263,155,10,70,http://localhost:8080/search?q=beauty&author=Oscar%20Wilde,199,0,0
1782353892794,205,HTTP Request,200,OK,Author Query 5-8,text,true,,263,155,10,70,http://localhost:8080/search?q=beauty&author=Oscar%20Wilde,205,0,0
1782353892882,119,HTTP Request,200,OK,Author Query 5-5,text,true,,263,155,10,70,http://localhost:8080/search?q=beauty&author=Oscar%20Wilde,119,0,0
1782353892935,92,HTTP Request,200,OK,Author Query 5-9,text,true,,263,155,10,70,http://localhost:8080/search?q=beauty&author=Oscar%20Wilde,92,0,0
1782353892911,116,HTTP Request,200,OK,Author Query 5-10,text,true,,263,155,10,70,http://localhost:8080/search?q=beauty&author=Oscar%20Wilde,116,0,0
1782353892924,119,HTTP Request,200,OK,Author Query 5-4,text,true,,263,155,10,70,http://localhost:8080/search?q=beauty&author=Oscar%20Wilde,119,0,0
1782353892872,175,HTTP Request,200,OK,Author Query 5-2,text,true,,263,155,10,70,http://localhost:8080/search?q=beauty&author=Oscar%20Wilde,175,0,0
1782353892959,88,HTTP Request,200,OK,Author Query 5-3,text,true,,263,155,10,70,http://localhost:8080/search?q=beauty&author=Oscar%20Wilde,88,0,0
1782353892993,96,HTTP Request,200,OK,Author Query 5-7,text,true,,263,155,10,70,http://localhost:8080/search?q=beauty&author=Oscar%20Wilde,96,0,0
1782353892882,207,HTTP Request,200,OK,Author Query 5-6,text,true,,263,155,10,70,http://localhost:8080/search?q=beauty&author=Oscar%20Wilde,207,0,0
1782353892977,112,HTTP Request,200,OK,Author Query 5-1,text,true,,263,155,10,70,http://localhost:8080/search?q=beauty&author=Oscar%20Wilde,112,0,0
1782353893001,90,HTTP Request,200,OK,Author Query 5-5,text,true,,263,155,10,70,http://localhost:8080/search?q=beauty&author=Oscar%20Wilde,90,0,0
1782353893027,80,HTTP Request,200,OK,Author Query 5-10,text,true,,263,155,10,70,http://localhost:8080/search?q=beauty&author=Oscar%20Wilde,80,0,0
1782353893027,95,HTTP Request,200,OK,Author Query 5-9,text,true,,263,155,10,70,http://localhost:8080/search?q=beauty&author=Oscar%20Wilde,95,0,0
1782353892999,135,HTTP Request,200,OK,Author Query 5-8,text,true,,263,155,10,70,http://localhost:8080/search?q=beauty&author=Oscar%20Wilde,135,0,0
1782353893043,137,HTTP Request,200,OK,Author Query 5-4,text,true,,263,155,10,70,http://localhost:8080/search?q=beauty&author=Oscar%20Wilde,137,0,0
1782353893047,161,HTTP Request,200,OK,Author Query 5-2,text,true,,263,155,10,70,http://localhost:8080/search?q=beauty&author=Oscar%20Wilde,161,0,0
1782353893048,161,HTTP Request,200,OK,Author Query 5-3,text,true,,263,155,10,70,http://localhost:8080/search?q=beauty&author=Oscar%20Wilde,161,0,0
1782353893089,164,HTTP Request,200,OK,Author Query 5-1,text,true,,263,155,10,70,http://localhost:8080/search?q=beauty&author=Oscar%20Wilde,164,0,0
1782353893089,165,HTTP Request,200,OK,Author Query 5-7,text,true,,263,155,10,70,http://localhost:8080/search?q=beauty&author=Oscar%20Wilde,165,0,0
1782353893108,149,HTTP Request,200,OK,Author Query 5-10,text,true,,263,155,10,70,http://localhost:8080/search?q=beauty&author=Oscar%20Wilde,149,0,0
1782353893089,169,HTTP Request,200,OK,Author Query 5-6,text,true,,263,155,10,70,http://localhost:8080/search?q=beauty&author=Oscar%20Wilde,169,0,0
1782353893091,190,HTTP Request,200,OK,Author Query 5-5,text,true,,263,155,10,70,http://localhost:8080/search?q=beauty&author=Oscar%20Wilde,190,0,0
1782353893122,162,HTTP Request,200,OK,Author Query 5-9,text,true,,263,155,10,70,http://localhost:8080/search?q=beauty&author=Oscar%20Wilde,162,0,0
1782353893134,167,HTTP Request,200,OK,Author Query 5-8,text,true,,263,155,10,70,http://localhost:8080/search?q=beauty&author=Oscar%20Wilde,167,0,0
1782353893209,97,HTTP Request,200,OK,Author Query 5-2,text,true,,263,155,10,70,http://localhost:8080/search?q=beauty&author=Oscar%20Wilde,97,0,0
1782353893180,145,HTTP Request,200,OK,Author Query 5-4,text,true,,263,155,10,70,http://localhost:8080/search?q=beauty&author=Oscar%20Wilde,145,0,0
1782353893255,133,HTTP Request,200,OK,Author Query 5-7,text,true,,263,155,10,70,http://localhost:8080/search?q=beauty&author=Oscar%20Wilde,133,0,0
1782353893209,179,HTTP Request,200,OK,Author Query 5-3,text,true,,263,155,10,70,http://localhost:8080/search?q=beauty&author=Oscar%20Wilde,179,0,0
1782353893253,135,HTTP Request,200,OK,Author Query 5-1,text,true,,263,155,10,70,http://localhost:8080/search?q=beauty&author=Oscar%20Wilde,135,0,0
1782353893281,107,HTTP Request,200,OK,Author Query 5-5,text,true,,263,155,10,70,http://localhost:8080/search?q=beauty&author=Oscar%20Wilde,107,0,0
1782353893285,104,HTTP Request,200,OK,Author Query 5-9,text,true,,263,155,10,70,http://localhost:8080/search?q=beauty&author=Oscar%20Wilde,104,0,0
1782353893301,131,HTTP Request,200,OK,Author Query 5-8,text,true,,263,155,10,70,http://localhost:8080/search?q=beauty&author=Oscar%20Wilde,131,0,0
1782353893306,127,HTTP Request,200,OK,Author Query 5-2,text,true,,263,155,10,70,http://localhost:8080/search?q=beauty&author=Oscar%20Wilde,127,0,0
1782353893257,177,HTTP Request,200,OK,Author Query 5-10,text,true,,263,155,10,70,http://localhost:8080/search?q=beauty&author=Oscar%20Wilde,177,0,0
1782353893258,185,HTTP Request,200,OK,Author Query 5-6,text,true,,263,155,10,70,http://localhost:8080/search?q=beauty&author=Oscar%20Wilde,185,0,0
1782353893325,126,HTTP Request,200,OK,Author Query 5-4,text,true,,263,155,10,70,http://localhost:8080/search?q=beauty&author=Oscar%20Wilde,126,0,0
1782353893388,126,HTTP Request,200,OK,Author Query 5-7,text,true,,263,155,10,70,http://localhost:8080/search?q=beauty&author=Oscar%20Wilde,126,0,0
1782353893389,126,HTTP Request,200,OK,Author Query 5-9,text,true,,263,155,10,70,http://localhost:8080/search?q=beauty&author=Oscar%20Wilde,126,0,0
1782353893389,129,HTTP Request,200,OK,Author Query 5-5,text,true,,263,155,10,70,http://localhost:8080/search?q=beauty&author=Oscar%20Wilde,129,0,0
1782353893388,130,HTTP Request,200,OK,Author Query 5-1,text,true,,263,155,10,70,http://localhost:8080/search?q=beauty&author=Oscar%20Wilde,130,0,0
1782353893433,85,HTTP Request,200,OK,Author Query 5-2,text,true,,263,155,10,70,http://localhost:8080/search?q=beauty&author=Oscar%20Wilde,85,0,0
1782353893388,132,HTTP Request,200,OK,Author Query 5-3,text,true,,263,155,10,70,http://localhost:8080/search?q=beauty&author=Oscar%20Wilde,132,0,0
1782353893435,99,HTTP Request,200,OK,Author Query 5-10,text,true,,263,155,10,70,http://localhost:8080/search?q=beauty&author=Oscar%20Wilde,99,0,0
1782353893433,125,HTTP Request,200,OK,Author Query 5-8,text,true,,263,155,10,70,http://localhost:8080/search?q=beauty&author=Oscar%20Wilde,125,0,0
1782353893451,121,HTTP Request,200,OK,Author Query 5-4,text,true,,263,155,10,70,http://localhost:8080/search?q=beauty&author=Oscar%20Wilde,121,0,0
1782353893443,149,HTTP Request,200,OK,Author Query 5-6,text,true,,263,155,10,70,http://localhost:8080/search?q=beauty&author=Oscar%20Wilde,149,0,0
1782353893515,93,HTTP Request,200,OK,Author Query 5-9,text,true,,263,155,10,70,http://localhost:8080/search?q=beauty&author=Oscar%20Wilde,93,0,0
1782353893518,121,HTTP Request,200,OK,Author Query 5-2,text,true,,263,155,10,70,http://localhost:8080/search?q=beauty&author=Oscar%20Wilde,121,0,0
1782353893515,124,HTTP Request,200,OK,Author Query 5-7,text,true,,263,155,10,70,http://localhost:8080/search?q=beauty&author=Oscar%20Wilde,124,0,0
1782353893520,120,HTTP Request,200,OK,Author Query 5-3,text,true,,263,155,10,70,http://localhost:8080/search?q=beauty&author=Oscar%20Wilde,120,0,0
1782353893518,132,HTTP Request,200,OK,Author Query 5-1,text,true,,263,155,10,70,http://localhost:8080/search?q=beauty&author=Oscar%20Wilde,132,0,0
1782353893519,132,HTTP Request,200,OK,Author Query 5-5,text,true,,263,155,10,70,http://localhost:8080/search?q=beauty&author=Oscar%20Wilde,132,0,0
1782353893558,97,HTTP Request,200,OK,Author Query 5-8,text,true,,263,155,10,70,http://localhost:8080/search?q=beauty&author=Oscar%20Wilde,97,0,0
1782353893592,92,HTTP Request,200,OK,Author Query 5-6,text,true,,263,155,10,70,http://localhost:8080/search?q=beauty&author=Oscar%20Wilde,92,0,0
1782353893572,113,HTTP Request,200,OK,Author Query 5-4,text,true,,263,155,10,70,http://localhost:8080/search?q=beauty&author=Oscar%20Wilde,113,0,0
1782353893534,151,HTTP Request,200,OK,Author Query 5-10,text,true,,263,155,10,70,http://localhost:8080/search?q=beauty&author=Oscar%20Wilde,151,0,0
1782353893608,141,HTTP Request,200,OK,Author Query 5-9,text,true,,263,155,10,70,http://localhost:8080/search?q=beauty&author=Oscar%20Wilde,141,0,0
1782353893651,138,HTTP Request,200,OK,Author Query 5-5,text,true,,263,155,10,70,http://localhost:8080/search?q=beauty&author=Oscar%20Wilde,138,0,0
1782353893657,132,HTTP Request,200,OK,Author Query 5-8,text,true,,263,155,10,70,http://localhost:8080/search?q=beauty&author=Oscar%20Wilde,132,0,0
1782353893640,151,HTTP Request,200,OK,Author Query 5-3,text,true,,263,155,10,70,http://localhost:8080/search?q=beauty&author=Oscar%20Wilde,151,0,0
1782353893639,152,HTTP Request,200,OK,Author Query 5-2,text,true,,263,155,10,70,http://localhost:8080/search?q=beauty&author=Oscar%20Wilde,152,0,0
1782353893650,142,HTTP Request,200,OK,Author Query 5-1,text,true,,263,155,10,70,http://localhost:8080/search?q=beauty&author=Oscar%20Wilde,142,0,0
1782353893639,153,HTTP Request,200,OK,Author Query 5-7,text,true,,263,155,10,70,http://localhost:8080/search?q=beauty&author=Oscar%20Wilde,153,0,0
1782353893750,117,HTTP Request,200,OK,Author Query 5-9,text,true,,263,155,10,70,http://localhost:8080/search?q=beauty&author=Oscar%20Wilde,117,0,0
1782353893684,183,HTTP Request,200,OK,Author Query 5-6,text,true,,263,155,10,70,http://localhost:8080/search?q=beauty&author=Oscar%20Wilde,183,0,0
1782353893686,215,HTTP Request,200,OK,Author Query 5-10,text,true,,263,155,10,70,http://localhost:8080/search?q=beauty&author=Oscar%20Wilde,215,0,0
1782353893685,234,HTTP Request,200,OK,Author Query 5-4,text,true,,263,155,10,70,http://localhost:8080/search?q=beauty&author=Oscar%20Wilde,234,0,0
1782353893792,128,HTTP Request,200,OK,Author Query 5-7,text,true,,263,155,10,70,http://localhost:8080/search?q=beauty&author=Oscar%20Wilde,128,0,0
1782353893791,129,HTTP Request,200,OK,Author Query 5-3,text,true,,263,155,10,70,http://localhost:8080/search?q=beauty&author=Oscar%20Wilde,129,0,0
1782353893789,131,HTTP Request,200,OK,Author Query 5-8,text,true,,263,155,10,70,http://localhost:8080/search?q=beauty&author=Oscar%20Wilde,131,0,0
1782353893789,143,HTTP Request,200,OK,Author Query 5-5,text,true,,263,155,10,70,http://localhost:8080/search?q=beauty&author=Oscar%20Wilde,143,0,0
1782353893791,145,HTTP Request,200,OK,Author Query 5-2,text,true,,263,155,10,70,http://localhost:8080/search?q=beauty&author=Oscar%20Wilde,145,0,0
1782353893792,145,HTTP Request,200,OK,Author Query 5-1,text,true,,263,155,10,70,http://localhost:8080/search?q=beauty&author=Oscar%20Wilde,145,0,0
1782353893867,126,HTTP Request,200,OK,Author Query 5-9,text,true,,263,155,10,70,http://localhost:8080/search?q=beauty&author=Oscar%20Wilde,126,0,0
1782353893867,126,HTTP Request,200,OK,Author Query 5-6,text,true,,263,155,10,70,http://localhost:8080/search?q=beauty&author=Oscar%20Wilde,126,0,0
1782353893920,100,HTTP Request,200,OK,Author Query 5-3,text,true,,263,155,10,70,http://localhost:8080/search?q=beauty&author=Oscar%20Wilde,100,0,0
1782353893933,87,HTTP Request,200,OK,Author Query 5-5,text,true,,263,155,10,70,http://localhost:8080/search?q=beauty&author=Oscar%20Wilde,87,0,0
1782353893919,102,HTTP Request,200,OK,Author Query 5-4,text,true,,263,155,10,70,http://localhost:8080/search?q=beauty&author=Oscar%20Wilde,102,0,0
1782353893901,155,HTTP Request,200,OK,Author Query 5-10,text,true,,263,155,10,70,http://localhost:8080/search?q=beauty&author=Oscar%20Wilde,155,0,0
1782353893920,146,HTTP Request,200,OK,Author Query 5-7,text,true,,263,155,10,70,http://localhost:8080/search?q=beauty&author=Oscar%20Wilde,146,0,0
1782353893937,129,HTTP Request,200,OK,Author Query 5-1,text,true,,263,155,10,70,http://localhost:8080/search?q=beauty&author=Oscar%20Wilde,129,0,0
1782353893920,151,HTTP Request,200,OK,Author Query 5-8,text,true,,263,155,10,70,http://localhost:8080/search?q=beauty&author=Oscar%20Wilde,151,0,0
1782353893936,135,HTTP Request,200,OK,Author Query 5-2,text,true,,263,155,10,70,http://localhost:8080/search?q=beauty&author=Oscar%20Wilde,135,0,0
1782353893993,91,HTTP Request,200,OK,Author Query 5-6,text,true,,263,155,10,70,http://localhost:8080/search?q=beauty&author=Oscar%20Wilde,91,0,0
1782353893993,93,HTTP Request,200,OK,Author Query 5-9,text,true,,263,155,10,70,http://localhost:8080/search?q=beauty&author=Oscar%20Wilde,93,0,0
1782353894021,91,HTTP Request,200,OK,Author Query 5-5,text,true,,263,155,10,70,http://localhost:8080/search?q=beauty&author=Oscar%20Wilde,91,0,0
1782353894020,99,HTTP Request,200,OK,Author Query 5-3,text,true,,263,155,10,70,http://localhost:8080/search?q=beauty&author=Oscar%20Wilde,99,0,0
1782353894021,98,HTTP Request,200,OK,Author Query 5-4,text,true,,263,155,10,70,http://localhost:8080/search?q=beauty&author=Oscar%20Wilde,98,0,0
1782353894084,117,HTTP Request,200,OK,Author Query 5-6,text,true,,263,155,10,70,http://localhost:8080/search?q=beauty&author=Oscar%20Wilde,117,0,0
1782353894066,136,HTTP Request,200,OK,Author Query 5-1,text,true,,263,155,10,70,http://localhost:8080/search?q=beauty&author=Oscar%20Wilde,136,0,0
1782353894087,115,HTTP Request,200,OK,Author Query 5-9,text,true,,263,155,10,70,http://localhost:8080/search?q=beauty&author=Oscar%20Wilde,115,0,0
1782353894066,137,HTTP Request,200,OK,Author Query 5-7,text,true,,263,155,10,70,http://localhost:8080/search?q=beauty&author=Oscar%20Wilde,137,0,0
1782353894113,91,HTTP Request,200,OK,Author Query 5-5,text,true,,263,155,10,70,http://localhost:8080/search?q=beauty&author=Oscar%20Wilde,91,0,0
1782353894056,161,HTTP Request,200,OK,Author Query 5-10,text,true,,263,155,10,70,http://localhost:8080/search?q=beauty&author=Oscar%20Wilde,161,0,0
1782353894071,159,HTTP Request,200,OK,Author Query 5-8,text,true,,263,155,10,70,http://localhost:8080/search?q=beauty&author=Oscar%20Wilde,159,0,0
1782353894071,161,HTTP Request,200,OK,Author Query 5-2,text,true,,263,155,10,70,http://localhost:8080/search?q=beauty&author=Oscar%20Wilde,161,0,0
1782353894119,114,HTTP Request,200,OK,Author Query 5-3,text,true,,263,155,10,70,http://localhost:8080/search?q=beauty&author=Oscar%20Wilde,114,0,0
1782353894119,114,HTTP Request,200,OK,Author Query 5-4,text,true,,263,155,10,70,http://localhost:8080/search?q=beauty&author=Oscar%20Wilde,114,0,0
1782353894201,114,HTTP Request,200,OK,Author Query 5-6,text,true,,263,155,10,70,http://localhost:8080/search?q=beauty&author=Oscar%20Wilde,114,0,0
1782353894202,114,HTTP Request,200,OK,Author Query 5-9,text,true,,263,155,10,70,http://localhost:8080/search?q=beauty&author=Oscar%20Wilde,114,0,0
1782353894202,114,HTTP Request,200,OK,Author Query 5-1,text,true,,263,155,10,70,http://localhost:8080/search?q=beauty&author=Oscar%20Wilde,114,0,0
1782353894203,114,HTTP Request,200,OK,Author Query 5-7,text,true,,263,155,10,70,http://localhost:8080/search?q=beauty&author=Oscar%20Wilde,114,0,0
1782353894232,117,HTTP Request,200,OK,Author Query 5-2,text,true,,263,155,10,70,http://localhost:8080/search?q=beauty&author=Oscar%20Wilde,117,0,0
1782353894217,147,HTTP Request,200,OK,Author Query 5-10,text,true,,263,155,10,70,http://localhost:8080/search?q=beauty&author=Oscar%20Wilde,147,0,0
1782353894204,160,HTTP Request,200,OK,Author Query 5-5,text,true,,263,155,10,70,http://localhost:8080/search?q=beauty&author=Oscar%20Wilde,160,0,0
1782353894230,136,HTTP Request,200,OK,Author Query 5-8,text,true,,263,155,10,70,http://localhost:8080/search?q=beauty&author=Oscar%20Wilde,136,0,0
1782353894233,189,HTTP Request,200,OK,Author Query 5-3,text,true,,263,155,10,70,http://localhost:8080/search?q=beauty&author=Oscar%20Wilde,189,0,0
1782353894233,190,HTTP Request,200,OK,Author Query 5-4,text,true,,263,155,10,70,http://localhost:8080/search?q=beauty&author=Oscar%20Wilde,190,0,0
1782353894315,118,HTTP Request,200,OK,Author Query 5-6,text,true,,263,155,10,70,http://localhost:8080/search?q=beauty&author=Oscar%20Wilde,118,0,0
1782353894316,136,HTTP Request,200,OK,Author Query 5-9,text,true,,263,155,10,70,http://localhost:8080/search?q=beauty&author=Oscar%20Wilde,136,0,0
1782353894349,103,HTTP Request,200,OK,Author Query 5-2,text,true,,263,155,10,70,http://localhost:8080/search?q=beauty&author=Oscar%20Wilde,103,0,0
1782353894316,136,HTTP Request,200,OK,Author Query 5-1,text,true,,263,155,10,70,http://localhost:8080/search?q=beauty&author=Oscar%20Wilde,136,0,0
1782353894318,135,HTTP Request,200,OK,Author Query 5-7,text,true,,263,155,10,70,http://localhost:8080/search?q=beauty&author=Oscar%20Wilde,135,0,0
1782353894366,129,HTTP Request,200,OK,Author Query 5-8,text,true,,263,155,10,70,http://localhost:8080/search?q=beauty&author=Oscar%20Wilde,129,0,0
1782353894365,130,HTTP Request,200,OK,Author Query 5-5,text,true,,263,155,10,70,http://localhost:8080/search?q=beauty&author=Oscar%20Wilde,130,0,0
1782353894364,157,HTTP Request,200,OK,Author Query 5-10,text,true,,263,155,10,70,http://localhost:8080/search?q=beauty&author=Oscar%20Wilde,157,0,0
1782353894434,104,HTTP Request,200,OK,Author Query 5-6,text,true,,263,155,10,70,http://localhost:8080/search?q=beauty&author=Oscar%20Wilde,104,0,0
1782353894452,99,HTTP Request,200,OK,Author Query 5-1,text,true,,263,155,10,70,http://localhost:8080/search?q=beauty&author=Oscar%20Wilde,99,0,0
1782353894423,128,HTTP Request,200,OK,Author Query 5-4,text,true,,263,155,10,70,http://localhost:8080/search?q=beauty&author=Oscar%20Wilde,128,0,0
1782353894452,99,HTTP Request,200,OK,Author Query 5-9,text,true,,263,155,10,70,http://localhost:8080/search?q=beauty&author=Oscar%20Wilde,99,0,0
1782353894423,129,HTTP Request,200,OK,Author Query 5-3,text,true,,263,155,10,70,http://localhost:8080/search?q=beauty&author=Oscar%20Wilde,129,0,0
1782353894453,128,HTTP Request,200,OK,Author Query 5-7,text,true,,263,155,10,70,http://localhost:8080/search?q=beauty&author=Oscar%20Wilde,128,0,0
1782353894452,130,HTTP Request,200,OK,Author Query 5-2,text,true,,263,155,10,70,http://localhost:8080/search?q=beauty&author=Oscar%20Wilde,130,0,0
1782353894496,87,HTTP Request,200,OK,Author Query 5-5,text,true,,263,155,10,70,http://localhost:8080/search?q=beauty&author=Oscar%20Wilde,87,0,0
1782353894495,89,HTTP Request,200,OK,Author Query 5-8,text,true,,263,155,10,70,http://localhost:8080/search?q=beauty&author=Oscar%20Wilde,89,0,0
1782353894521,80,HTTP Request,200,OK,Author Query 5-10,text,true,,263,155,10,70,http://localhost:8080/search?q=beauty&author=Oscar%20Wilde,80,0,0
1782353894538,84,HTTP Request,200,OK,Author Query 5-6,text,true,,263,155,10,70,http://localhost:8080/search?q=beauty&author=Oscar%20Wilde,84,0,0
1782353894551,85,HTTP Request,200,OK,Author Query 5-1,text,true,,263,155,10,70,http://localhost:8080/search?q=beauty&author=Oscar%20Wilde,84,0,0
1782353894584,84,HTTP Request,200,OK,Author Query 5-8,text,true,,263,155,10,70,http://localhost:8080/search?q=beauty&author=Oscar%20Wilde,84,0,0
1782353894583,88,HTTP Request,200,OK,Author Query 5-5,text,true,,263,155,10,70,http://localhost:8080/search?q=beauty&author=Oscar%20Wilde,88,0,0
1782353894582,89,HTTP Request,200,OK,Author Query 5-7,text,true,,263,155,10,70,http://localhost:8080/search?q=beauty&author=Oscar%20Wilde,89,0,0
1782353894551,120,HTTP Request,200,OK,Author Query 5-4,text,true,,263,155,10,70,http://localhost:8080/search?q=beauty&author=Oscar%20Wilde,120,0,0
1782353894551,121,HTTP Request,200,OK,Author Query 5-9,text,true,,263,155,10,70,http://localhost:8080/search?q=beauty&author=Oscar%20Wilde,121,0,0
1782353894553,119,HTTP Request,200,OK,Author Query 5-3,text,true,,263,155,10,70,http://localhost:8080/search?q=beauty&author=Oscar%20Wilde,119,0,0
1782353894582,113,HTTP Request,200,OK,Author Query 5-2,text,true,,263,155,10,70,http://localhost:8080/search?q=beauty&author=Oscar%20Wilde,113,0,0
1782353894601,95,HTTP Request,200,OK,Author Query 5-10,text,true,,263,155,10,70,http://localhost:8080/search?q=beauty&author=Oscar%20Wilde,95,0,0
1782353894622,82,HTTP Request,200,OK,Author Query 5-6,text,true,,263,155,10,70,http://localhost:8080/search?q=beauty&author=Oscar%20Wilde,82,0,0
1782353894636,116,HTTP Request,200,OK,Author Query 5-1,text,true,,263,155,10,70,http://localhost:8080/search?q=beauty&author=Oscar%20Wilde,116,0,0
1782353894673,79,HTTP Request,200,OK,Author Query 5-3,text,true,,263,155,10,70,http://localhost:8080/search?q=beauty&author=Oscar%20Wilde,79,0,0
1782353894671,100,HTTP Request,200,OK,Author Query 5-7,text,true,,263,155,10,70,http://localhost:8080/search?q=beauty&author=Oscar%20Wilde,100,0,0
1782353894672,100,HTTP Request,200,OK,Author Query 5-9,text,true,,263,155,10,70,http://localhost:8080/search?q=beauty&author=Oscar%20Wilde,100,0,0
1782353894671,105,HTTP Request,200,OK,Author Query 5-4,text,true,,263,155,10,70,http://localhost:8080/search?q=beauty&author=Oscar%20Wilde,105,0,0
1782353894668,108,HTTP Request,200,OK,Author Query 5-8,text,true,,263,155,10,70,http://localhost:8080/search?q=beauty&author=Oscar%20Wilde,108,0,0
1782353894671,106,HTTP Request,200,OK,Author Query 5-5,text,true,,263,155,10,70,http://localhost:8080/search?q=beauty&author=Oscar%20Wilde,106,0,0
1782353894696,99,HTTP Request,200,OK,Author Query 5-10,text,true,,263,155,10,70,http://localhost:8080/search?q=beauty&author=Oscar%20Wilde,99,0,0
1782353894704,92,HTTP Request,200,OK,Author Query 5-6,text,true,,263,155,10,70,http://localhost:8080/search?q=beauty&author=Oscar%20Wilde,92,0,0
1782353894695,115,HTTP Request,200,OK,Author Query 5-2,text,true,,263,155,10,70,http://localhost:8080/search?q=beauty&author=Oscar%20Wilde,115,0,0
1782353894752,115,HTTP Request,200,OK,Author Query 5-3,text,true,,263,155,10,70,http://localhost:8080/search?q=beauty&author=Oscar%20Wilde,115,0,0
1782353894777,90,HTTP Request,200,OK,Author Query 5-8,text,true,,263,155,10,70,http://localhost:8080/search?q=beauty&author=Oscar%20Wilde,90,0,0
1782353894771,98,HTTP Request,200,OK,Author Query 5-7,text,true,,263,155,10,70,http://localhost:8080/search?q=beauty&author=Oscar%20Wilde,98,0,0
1782353894752,118,HTTP Request,200,OK,Author Query 5-1,text,true,,263,155,10,70,http://localhost:8080/search?q=beauty&author=Oscar%20Wilde,118,0,0
1782353894796,77,HTTP Request,200,OK,Author Query 5-6,text,true,,263,155,10,70,http://localhost:8080/search?q=beauty&author=Oscar%20Wilde,77,0,0
1782353894777,128,HTTP Request,200,OK,Author Query 5-4,text,true,,263,155,10,70,http://localhost:8080/search?q=beauty&author=Oscar%20Wilde,128,0,0
1782353894777,128,HTTP Request,200,OK,Author Query 5-5,text,true,,263,155,10,70,http://localhost:8080/search?q=beauty&author=Oscar%20Wilde,128,0,0
1782353894772,134,HTTP Request,200,OK,Author Query 5-9,text,true,,263,155,10,70,http://localhost:8080/search?q=beauty&author=Oscar%20Wilde,134,0,0
1782353894796,110,HTTP Request,200,OK,Author Query 5-10,text,true,,263,155,10,70,http://localhost:8080/search?q=beauty&author=Oscar%20Wilde,110,0,0
1782353894811,95,HTTP Request,200,OK,Author Query 5-2,text,true,,263,155,10,70,http://localhost:8080/search?q=beauty&author=Oscar%20Wilde,95,0,0
1782353894867,82,HTTP Request,200,OK,Author Query 5-3,text,true,,263,155,10,70,http://localhost:8080/search?q=beauty&author=Oscar%20Wilde,82,0,0
1782353894867,83,HTTP Request,200,OK,Author Query 5-8,text,true,,263,155,10,70,http://localhost:8080/search?q=beauty&author=Oscar%20Wilde,83,0,0
1782353894873,78,HTTP Request,200,OK,Author Query 5-6,text,true,,263,155,10,70,http://localhost:8080/search?q=beauty&author=Oscar%20Wilde,78,0,0
1782353894870,81,HTTP Request,200,OK,Author Query 5-1,text,true,,263,155,10,70,http://localhost:8080/search?q=beauty&author=Oscar%20Wilde,81,0,0
1782353894870,81,HTTP Request,200,OK,Author Query 5-7,text,true,,263,155,10,70,http://localhost:8080/search?q=beauty&author=Oscar%20Wilde,81,0,0
1782353894906,80,HTTP Request,200,OK,Author Query 5-9,text,true,,263,155,10,70,http://localhost:8080/search?q=beauty&author=Oscar%20Wilde,80,0,0
1782353894906,81,HTTP Request,200,OK,Author Query 5-4,text,true,,263,155,10,70,http://localhost:8080/search?q=beauty&author=Oscar%20Wilde,81,0,0
1782353894949,67,HTTP Request,200,OK,Author Query 5-3,text,true,,263,155,10,70,http://localhost:8080/search?q=beauty&author=Oscar%20Wilde,67,0,0
1782353894906,112,HTTP Request,200,OK,Author Query 5-5,text,true,,263,155,10,70,http://localhost:8080/search?q=beauty&author=Oscar%20Wilde,112,0,0
1782353894907,113,HTTP Request,200,OK,Author Query 5-2,text,true,,263,155,10,70,http://localhost:8080/search?q=beauty&author=Oscar%20Wilde,113,0,0
1782353894906,115,HTTP Request,200,OK,Author Query 5-10,text,true,,263,155,10,70,http://localhost:8080/search?q=beauty&author=Oscar%20Wilde,115,0,0
1782353894950,79,HTTP Request,200,OK,Author Query 5-8,text,true,,263,155,10,70,http://localhost:8080/search?q=beauty&author=Oscar%20Wilde,79,0,0
1782353894952,77,HTTP Request,200,OK,Author Query 5-7,text,true,,263,155,10,70,http://localhost:8080/search?q=beauty&author=Oscar%20Wilde,77,0,0
1782353894951,87,HTTP Request,200,OK,Author Query 5-1,text,true,,263,155,10,70,http://localhost:8080/search?q=beauty&author=Oscar%20Wilde,87,0,0
1782353894951,88,HTTP Request,200,OK,Author Query 5-6,text,true,,263,155,10,70,http://localhost:8080/search?q=beauty&author=Oscar%20Wilde,88,0,0
1782353894986,72,HTTP Request,200,OK,Author Query 5-9,text,true,,263,155,10,70,http://localhost:8080/search?q=beauty&author=Oscar%20Wilde,72,0,0
1782353894987,108,HTTP Request,200,OK,Author Query 5-4,text,true,,263,155,10,70,http://localhost:8080/search?q=beauty&author=Oscar%20Wilde,108,0,0
1782353895018,95,HTTP Request,200,OK,Author Query 5-5,text,true,,263,155,10,70,http://localhost:8080/search?q=beauty&author=Oscar%20Wilde,95,0,0
1782353895029,84,HTTP Request,200,OK,Author Query 5-8,text,true,,263,155,10,70,http://localhost:8080/search?q=beauty&author=Oscar%20Wilde,84,0,0
1782353895021,92,HTTP Request,200,OK,Author Query 5-10,text,true,,263,155,10,70,http://localhost:8080/search?q=beauty&author=Oscar%20Wilde,92,0,0
1782353895030,83,HTTP Request,200,OK,Author Query 5-7,text,true,,263,155,10,70,http://localhost:8080/search?q=beauty&author=Oscar%20Wilde,83,0,0
1782353895038,75,HTTP Request,200,OK,Author Query 5-1,text,true,,263,155,10,70,http://localhost:8080/search?q=beauty&author=Oscar%20Wilde,75,0,0
1782353895020,94,HTTP Request,200,OK,Author Query 5-2,text,true,,263,155,10,70,http://localhost:8080/search?q=beauty&author=Oscar%20Wilde,94,0,0
1782353895016,110,HTTP Request,200,OK,Author Query 5-3,text,true,,263,155,10,70,http://localhost:8080/search?q=beauty&author=Oscar%20Wilde,110,0,0
1782353895058,87,HTTP Request,200,OK,Author Query 5-9,text,true,,263,155,10,70,http://localhost:8080/search?q=beauty&author=Oscar%20Wilde,87,0,0
1782353895039,111,HTTP Request,200,OK,Author Query 5-6,text,true,,263,155,10,70,http://localhost:8080/search?q=beauty&author=Oscar%20Wilde,111,0,0
1782353895113,138,HTTP Request,200,OK,Author Query 5-5,text,true,,263,155,10,70,http://localhost:8080/search?q=beauty&author=Oscar%20Wilde,138,0,0
1782353895113,139,HTTP Request,200,OK,Author Query 5-1,text,true,,263,155,10,70,http://localhost:8080/search?q=beauty&author=Oscar%20Wilde,139,0,0
1782353895150,102,HTTP Request,200,OK,Author Query 5-6,text,true,,263,155,10,70,http://localhost:8080/search?q=beauty&author=Oscar%20Wilde,102,0,0
1782353895113,140,HTTP Request,200,OK,Author Query 5-10,text,true,,263,155,10,70,http://localhost:8080/search?q=beauty&author=Oscar%20Wilde,140,0,0
1782353895113,142,HTTP Request,200,OK,Author Query 5-8,text,true,,263,155,10,70,http://localhost:8080/search?q=beauty&author=Oscar%20Wilde,142,0,0
1782353895095,161,HTTP Request,200,OK,Author Query 5-4,text,true,,263,155,10,70,http://localhost:8080/search?q=beauty&author=Oscar%20Wilde,161,0,0
1782353895113,143,HTTP Request,200,OK,Author Query 5-7,text,true,,263,155,10,70,http://localhost:8080/search?q=beauty&author=Oscar%20Wilde,143,0,0
1782353895114,143,HTTP Request,200,OK,Author Query 5-2,text,true,,263,155,10,70,http://localhost:8080/search?q=beauty&author=Oscar%20Wilde,143,0,0
1782353895126,179,HTTP Request,200,OK,Author Query 5-3,text,true,,263,155,10,70,http://localhost:8080/search?q=beauty&author=Oscar%20Wilde,179,0,0
1782353895145,219,HTTP Request,200,OK,Author Query 5-9,text,true,,263,155,10,70,http://localhost:8080/search?q=beauty&author=Oscar%20Wilde,219,0,0
1782353895253,150,HTTP Request,200,OK,Author Query 5-10,text,true,,263,155,10,70,http://localhost:8080/search?q=beauty&author=Oscar%20Wilde,150,0,0
1782353895256,148,HTTP Request,200,OK,Author Query 5-4,text,true,,263,155,10,70,http://localhost:8080/search?q=beauty&author=Oscar%20Wilde,148,0,0
1782353895256,148,HTTP Request,200,OK,Author Query 5-7,text,true,,263,155,10,70,http://localhost:8080/search?q=beauty&author=Oscar%20Wilde,148,0,0
1782353895252,153,HTTP Request,200,OK,Author Query 5-1,text,true,,263,155,10,70,http://localhost:8080/search?q=beauty&author=Oscar%20Wilde,153,0,0
1782353895252,153,HTTP Request,200,OK,Author Query 5-6,text,true,,263,155,10,70,http://localhost:8080/search?q=beauty&author=Oscar%20Wilde,153,0,0
1782353895255,150,HTTP Request,200,OK,Author Query 5-8,text,true,,263,155,10,70,http://localhost:8080/search?q=beauty&author=Oscar%20Wilde,150,0,0
1782353895305,133,HTTP Request,200,OK,Author Query 5-3,text,true,,263,155,10,70,http://localhost:8080/search?q=beauty&author=Oscar%20Wilde,133,0,0
1782353895252,223,HTTP Request,200,OK,Author Query 5-5,text,true,,263,155,10,70,http://localhost:8080/search?q=beauty&author=Oscar%20Wilde,223,0,0
1782353895365,131,HTTP Request,200,OK,Author Query 5-9,text,true,,263,155,10,70,http://localhost:8080/search?q=beauty&author=Oscar%20Wilde,131,0,0
1782353895405,93,HTTP Request,200,OK,Author Query 5-1,text,true,,263,155,10,70,http://localhost:8080/search?q=beauty&author=Oscar%20Wilde,93,0,0
1782353895404,95,HTTP Request,200,OK,Author Query 5-7,text,true,,263,155,10,70,http://localhost:8080/search?q=beauty&author=Oscar%20Wilde,95,0,0
1782353895404,95,HTTP Request,200,OK,Author Query 5-10,text,true,,263,155,10,70,http://localhost:8080/search?q=beauty&author=Oscar%20Wilde,95,0,0
1782353895438,61,HTTP Request,200,OK,Author Query 5-3,text,true,,263,155,10,70,http://localhost:8080/search?q=beauty&author=Oscar%20Wilde,61,0,0
1782353895257,261,HTTP Request,200,OK,Author Query 5-2,text,true,,263,155,10,70,http://localhost:8080/search?q=beauty&author=Oscar%20Wilde,261,0,0
1782353895404,193,HTTP Request,200,OK,Author Query 5-4,text,true,,263,155,10,70,http://localhost:8080/search?q=beauty&author=Oscar%20Wilde,193,0,0
1782353895405,202,HTTP Request,200,OK,Author Query 5-8,text,true,,263,155,10,70,http://localhost:8080/search?q=beauty&author=Oscar%20Wilde,202,0,0
1782353895405,211,HTTP Request,200,OK,Author Query 5-6,text,true,,263,155,10,70,http://localhost:8080/search?q=beauty&author=Oscar%20Wilde,211,0,0
1782353895496,127,HTTP Request,200,OK,Author Query 5-9,text,true,,263,155,10,70,http://localhost:8080/search?q=beauty&author=Oscar%20Wilde,127,0,0
1782353895475,148,HTTP Request,200,OK,Author Query 5-5,text,true,,263,155,10,70,http://localhost:8080/search?q=beauty&author=Oscar%20Wilde,148,0,0
1782353895499,125,HTTP Request,200,OK,Author Query 5-7,text,true,,263,155,10,70,http://localhost:8080/search?q=beauty&author=Oscar%20Wilde,125,0,0
1782353895498,132,HTTP Request,200,OK,Author Query 5-1,text,true,,263,155,10,70,http://localhost:8080/search?q=beauty&author=Oscar%20Wilde,132,0,0
1782353895500,130,HTTP Request,200,OK,Author Query 5-3,text,true,,263,155,10,70,http://localhost:8080/search?q=beauty&author=Oscar%20Wilde,130,0,0
1782353895499,131,HTTP Request,200,OK,Author Query 5-10,text,true,,263,155,10,70,http://localhost:8080/search?q=beauty&author=Oscar%20Wilde,131,0,0
1782353895518,187,HTTP Request,200,OK,Author Query 5-2,text,true,,263,155,10,70,http://localhost:8080/search?q=beauty&author=Oscar%20Wilde,187,0,0
1782353895631,101,HTTP Request,200,OK,Author Query 5-3,text,true,,263,155,10,70,http://localhost:8080/search?q=beauty&author=Oscar%20Wilde,101,0,0
1782353895624,108,HTTP Request,200,OK,Author Query 5-5,text,true,,263,155,10,70,http://localhost:8080/search?q=beauty&author=Oscar%20Wilde,108,0,0
1782353895623,110,HTTP Request,200,OK,Author Query 5-9,text,true,,263,155,10,70,http://localhost:8080/search?q=beauty&author=Oscar%20Wilde,110,0,0
1782353895631,102,HTTP Request,200,OK,Author Query 5-1,text,true,,263,155,10,70,http://localhost:8080/search?q=beauty&author=Oscar%20Wilde,102,0,0
1782353895624,109,HTTP Request,200,OK,Author Query 5-7,text,true,,263,155,10,70,http://localhost:8080/search?q=beauty&author=Oscar%20Wilde,109,0,0
1782353895631,104,HTTP Request,200,OK,Author Query 5-10,text,true,,263,155,10,70,http://localhost:8080/search?q=beauty&author=Oscar%20Wilde,104,0,0
1782353895608,144,HTTP Request,200,OK,Author Query 5-8,text,true,,263,155,10,70,http://localhost:8080/search?q=beauty&author=Oscar%20Wilde,144,0,0
1782353895616,137,HTTP Request,200,OK,Author Query 5-6,text,true,,263,155,10,70,http://localhost:8080/search?q=beauty&author=Oscar%20Wilde,137,0,0
1782353895598,155,HTTP Request,200,OK,Author Query 5-4,text,true,,263,155,10,70,http://localhost:8080/search?q=beauty&author=Oscar%20Wilde,155,0,0
1782353895705,152,HTTP Request,200,OK,Author Query 5-2,text,true,,263,155,10,70,http://localhost:8080/search?q=beauty&author=Oscar%20Wilde,152,0,0
1782353895734,138,HTTP Request,200,OK,Author Query 5-7,text,true,,263,155,10,70,http://localhost:8080/search?q=beauty&author=Oscar%20Wilde,138,0,0
1782353895732,141,HTTP Request,200,OK,Author Query 5-5,text,true,,263,155,10,70,http://localhost:8080/search?q=beauty&author=Oscar%20Wilde,141,0,0
1782353895732,141,HTTP Request,200,OK,Author Query 5-3,text,true,,263,155,10,70,http://localhost:8080/search?q=beauty&author=Oscar%20Wilde,141,0,0
1782353895733,167,HTTP Request,200,OK,Author Query 5-1,text,true,,263,155,10,70,http://localhost:8080/search?q=beauty&author=Oscar%20Wilde,167,0,0
1782353895733,174,HTTP Request,200,OK,Author Query 5-9,text,true,,263,155,10,70,http://localhost:8080/search?q=beauty&author=Oscar%20Wilde,174,0,0
1782353895753,155,HTTP Request,200,OK,Author Query 5-4,text,true,,263,155,10,70,http://localhost:8080/search?q=beauty&author=Oscar%20Wilde,155,0,0
1782353895752,178,HTTP Request,200,OK,Author Query 5-8,text,true,,263,155,10,70,http://localhost:8080/search?q=beauty&author=Oscar%20Wilde,178,0,0
1782353895735,206,HTTP Request,200,OK,Author Query 5-10,text,true,,263,155,10,70,http://localhost:8080/search?q=beauty&author=Oscar%20Wilde,206,0,0
1782353895753,188,HTTP Request,200,OK,Author Query 5-6,text,true,,263,155,10,70,http://localhost:8080/search?q=beauty&author=Oscar%20Wilde,188,0,0
1782353895857,109,HTTP Request,200,OK,Author Query 5-2,text,true,,263,155,10,70,http://localhost:8080/search?q=beauty&author=Oscar%20Wilde,109,0,0
1782353895873,116,HTTP Request,200,OK,Author Query 5-5,text,true,,263,155,10,70,http://localhost:8080/search?q=beauty&author=Oscar%20Wilde,116,0,0
1782353895908,84,HTTP Request,200,OK,Author Query 5-9,text,true,,263,155,10,70,http://localhost:8080/search?q=beauty&author=Oscar%20Wilde,84,0,0
1782353895872,120,HTTP Request,200,OK,Author Query 5-7,text,true,,263,155,10,70,http://localhost:8080/search?q=beauty&author=Oscar%20Wilde,120,0,0
1782353895900,92,HTTP Request,200,OK,Author Query 5-1,text,true,,263,155,10,70,http://localhost:8080/search?q=beauty&author=Oscar%20Wilde,92,0,0
1782353895931,93,HTTP Request,200,OK,Author Query 5-8,text,true,,263,155,10,70,http://localhost:8080/search?q=beauty&author=Oscar%20Wilde,93,0,0
1782353895908,118,HTTP Request,200,OK,Author Query 5-4,text,true,,263,155,10,70,http://localhost:8080/search?q=beauty&author=Oscar%20Wilde,118,0,0
1782353895873,156,HTTP Request,200,OK,Author Query 5-3,text,true,,263,155,10,70,http://localhost:8080/search?q=beauty&author=Oscar%20Wilde,156,0,0
1782353895941,101,HTTP Request,200,OK,Author Query 5-6,text,true,,263,155,10,70,http://localhost:8080/search?q=beauty&author=Oscar%20Wilde,101,0,0
1782353895941,108,HTTP Request,200,OK,Author Query 5-10,text,true,,263,155,10,70,http://localhost:8080/search?q=beauty&author=Oscar%20Wilde,108,0,0
1782353895966,98,HTTP Request,200,OK,Author Query 5-2,text,true,,263,155,10,70,http://localhost:8080/search?q=beauty&author=Oscar%20Wilde,98,0,0
1782353895989,101,HTTP Request,200,OK,Author Query 5-5,text,true,,263,155,10,70,http://localhost:8080/search?q=beauty&author=Oscar%20Wilde,101,0,0
1782353895992,98,HTTP Request,200,OK,Author Query 5-9,text,true,,263,155,10,70,http://localhost:8080/search?q=beauty&author=Oscar%20Wilde,98,0,0
1782353895993,98,HTTP Request,200,OK,Author Query 5-1,text,true,,263,155,10,70,http://localhost:8080/search?q=beauty&author=Oscar%20Wilde,98,0,0
1782353895993,98,HTTP Request,200,OK,Author Query 5-7,text,true,,263,155,10,70,http://localhost:8080/search?q=beauty&author=Oscar%20Wilde,98,0,0
1782353896049,81,HTTP Request,200,OK,Author Query 5-10,text,true,,263,155,10,70,http://localhost:8080/search?q=beauty&author=Oscar%20Wilde,81,0,0
1782353896024,112,HTTP Request,200,OK,Author Query 5-8,text,true,,263,155,10,70,http://localhost:8080/search?q=beauty&author=Oscar%20Wilde,112,0,0
1782353896026,111,HTTP Request,200,OK,Author Query 5-4,text,true,,263,155,10,70,http://localhost:8080/search?q=beauty&author=Oscar%20Wilde,111,0,0
1782353896029,123,HTTP Request,200,OK,Author Query 5-3,text,true,,263,155,10,70,http://localhost:8080/search?q=beauty&author=Oscar%20Wilde,123,0,0
1782353896042,110,HTTP Request,200,OK,Author Query 5-6,text,true,,263,155,10,70,http://localhost:8080/search?q=beauty&author=Oscar%20Wilde,110,0,0
1782353896064,108,HTTP Request,200,OK,Author Query 5-2,text,true,,263,155,10,70,http://localhost:8080/search?q=beauty&author=Oscar%20Wilde,108,0,0
1782353896090,83,HTTP Request,200,OK,Author Query 5-9,text,true,,263,155,10,70,http://localhost:8080/search?q=beauty&author=Oscar%20Wilde,83,0,0
1782353896090,83,HTTP Request,200,OK,Author Query 5-5,text,true,,263,155,10,70,http://localhost:8080/search?q=beauty&author=Oscar%20Wilde,83,0,0
1782353896091,82,HTTP Request,200,OK,Author Query 5-7,text,true,,263,155,10,70,http://localhost:8080/search?q=beauty&author=Oscar%20Wilde,82,0,0
1782353896091,119,HTTP Request,200,OK,Author Query 5-1,text,true,,263,155,10,70,http://localhost:8080/search?q=beauty&author=Oscar%20Wilde,119,0,0
1782353896130,102,HTTP Request,200,OK,Author Query 5-10,text,true,,263,155,10,70,http://localhost:8080/search?q=beauty&author=Oscar%20Wilde,102,0,0
1782353896137,95,HTTP Request,200,OK,Author Query 5-4,text,true,,263,155,10,70,http://localhost:8080/search?q=beauty&author=Oscar%20Wilde,95,0,0
1782353896152,107,HTTP Request,200,OK,Author Query 5-3,text,true,,263,155,10,70,http://localhost:8080/search?q=beauty&author=Oscar%20Wilde,107,0,0
1782353896152,107,HTTP Request,200,OK,Author Query 5-6,text,true,,263,155,10,70,http://localhost:8080/search?q=beauty&author=Oscar%20Wilde,107,0,0
1782353896136,137,HTTP Request,200,OK,Author Query 5-8,text,true,,263,155,10,70,http://localhost:8080/search?q=beauty&author=Oscar%20Wilde,137,0,0
1782353896210,78,HTTP Request,200,OK,Author Query 5-1,text,true,,263,155,10,70,http://localhost:8080/search?q=beauty&author=Oscar%20Wilde,78,0,0
1782353896173,118,HTTP Request,200,OK,Author Query 5-7,text,true,,263,155,10,70,http://localhost:8080/search?q=beauty&author=Oscar%20Wilde,118,0,0
1782353896173,118,HTTP Request,200,OK,Author Query 5-5,text,true,,263,155,10,70,http://localhost:8080/search?q=beauty&author=Oscar%20Wilde,118,0,0
1782353896173,126,HTTP Request,200,OK,Author Query 5-9,text,true,,263,155,10,70,http://localhost:8080/search?q=beauty&author=Oscar%20Wilde,126,0,0
1782353896172,128,HTTP Request,200,OK,Author Query 5-2,text,true,,263,155,10,70,http://localhost:8080/search?q=beauty&author=Oscar%20Wilde,128,0,0
1782353896232,80,HTTP Request,200,OK,Author Query 5-4,text,true,,263,155,10,70,http://localhost:8080/search?q=beauty&author=Oscar%20Wilde,80,0,0
1782353896232,89,HTTP Request,200,OK,Author Query 5-10,text,true,,263,155,10,70,http://localhost:8080/search?q=beauty&author=Oscar%20Wilde,89,0,0
1782353896259,125,HTTP Request,200,OK,Author Query 5-6,text,true,,263,155,10,70,http://localhost:8080/search?q=beauty&author=Oscar%20Wilde,125,0,0
1782353896259,125,HTTP Request,200,OK,Author Query 5-3,text,true,,263,155,10,70,http://localhost:8080/search?q=beauty&author=Oscar%20Wilde,125,0,0
1782353896321,81,HTTP Request,200,OK,Author Query 5-10,text,true,,263,155,10,70,http://localhost:8080/search?q=beauty&author=Oscar%20Wilde,81,0,0
1782353896312,91,HTTP Request,200,OK,Author Query 5-4,text,true,,263,155,10,70,http://localhost:8080/search?q=beauty&author=Oscar%20Wilde,91,0,0
1782353896292,118,HTTP Request,200,OK,Author Query 5-5,text,true,,263,155,10,70,http://localhost:8080/search?q=beauty&author=Oscar%20Wilde,118,0,0
1782353896299,116,HTTP Request,200,OK,Author Query 5-9,text,true,,263,155,10,70,http://localhost:8080/search?q=beauty&author=Oscar%20Wilde,116,0,0
1782353896273,166,HTTP Request,200,OK,Author Query 5-8,text,true,,263,155,10,70,http://localhost:8080/search?q=beauty&author=Oscar%20Wilde,166,0,0
1782353896300,171,HTTP Request,200,OK,Author Query 5-2,text,true,,263,155,10,70,http://localhost:8080/search?q=beauty&author=Oscar%20Wilde,171,0,0
1782353896288,184,HTTP Request,200,OK,Author Query 5-1,text,true,,263,155,10,70,http://localhost:8080/search?q=beauty&author=Oscar%20Wilde,184,0,0
1782353896291,181,HTTP Request,200,OK,Author Query 5-7,text,true,,263,155,10,70,http://localhost:8080/search?q=beauty&author=Oscar%20Wilde,181,0,0
1782353896403,88,HTTP Request,200,OK,Author Query 5-4,text,true,,263,155,10,70,http://localhost:8080/search?q=beauty&author=Oscar%20Wilde,88,0,0
1782353896384,108,HTTP Request,200,OK,Author Query 5-6,text,true,,263,155,10,70,http://localhost:8080/search?q=beauty&author=Oscar%20Wilde,108,0,0
1782353896402,91,HTTP Request,200,OK,Author Query 5-10,text,true,,263,155,10,70,http://localhost:8080/search?q=beauty&author=Oscar%20Wilde,91,0,0
1782353896385,108,HTTP Request,200,OK,Author Query 5-3,text,true,,263,155,10,70,http://localhost:8080/search?q=beauty&author=Oscar%20Wilde,108,0,0
1782353896411,106,HTTP Request,200,OK,Author Query 5-5,text,true,,263,155,10,70,http://localhost:8080/search?q=beauty&author=Oscar%20Wilde,106,0,0
1782353896416,179,HTTP Request,200,OK,Author Query 5-9,text,true,,263,155,10,70,http://localhost:8080/search?q=beauty&author=Oscar%20Wilde,179,0,0
1782353896440,155,HTTP Request,200,OK,Author Query 5-8,text,true,,263,155,10,70,http://localhost:8080/search?q=beauty&author=Oscar%20Wilde,155,0,0
1782353896492,103,HTTP Request,200,OK,Author Query 5-6,text,true,,263,155,10,70,http://localhost:8080/search?q=beauty&author=Oscar%20Wilde,103,0,0
1782353896491,106,HTTP Request,200,OK,Author Query 5-4,text,true,,263,155,10,70,http://localhost:8080/search?q=beauty&author=Oscar%20Wilde,106,0,0
1782353896472,131,HTTP Request,200,OK,Author Query 5-7,text,true,,263,155,10,70,http://localhost:8080/search?q=beauty&author=Oscar%20Wilde,131,0,0
1782353896472,132,HTTP Request,200,OK,Author Query 5-2,text,true,,263,155,10,70,http://localhost:8080/search?q=beauty&author=Oscar%20Wilde,132,0,0
1782353896493,143,HTTP Request,200,OK,Author Query 5-10,text,true,,263,155,10,70,http://localhost:8080/search?q=beauty&author=Oscar%20Wilde,143,0,0
1782353896472,166,HTTP Request,200,OK,Author Query 5-1,text,true,,263,155,10,70,http://localhost:8080/search?q=beauty&author=Oscar%20Wilde,166,0,0
1782353896494,145,HTTP Request,200,OK,Author Query 5-3,text,true,,263,155,10,70,http://localhost:8080/search?q=beauty&author=Oscar%20Wilde,145,0,0
1782353896517,143,HTTP Request,200,OK,Author Query 5-5,text,true,,263,155,10,70,http://localhost:8080/search?q=beauty&author=Oscar%20Wilde,143,0,0
1782353896603,102,HTTP Request,200,OK,Author Query 5-7,text,true,,263,155,10,70,http://localhost:8080/search?q=beauty&author=Oscar%20Wilde,102,0,0
1782353896638,88,HTTP Request,200,OK,Author Query 5-1,text,true,,263,155,10,70,http://localhost:8080/search?q=beauty&author=Oscar%20Wilde,88,0,0
1782353896595,131,HTTP Request,200,OK,Author Query 5-8,text,true,,263,155,10,70,http://localhost:8080/search?q=beauty&author=Oscar%20Wilde,131,0,0
1782353896597,137,HTTP Request,200,OK,Author Query 5-4,text,true,,263,155,10,70,http://localhost:8080/search?q=beauty&author=Oscar%20Wilde,137,0,0
1782353896639,96,HTTP Request,200,OK,Author Query 5-3,text,true,,263,155,10,70,http://localhost:8080/search?q=beauty&author=Oscar%20Wilde,96,0,0
1782353896595,148,HTTP Request,200,OK,Author Query 5-6,text,true,,263,155,10,70,http://localhost:8080/search?q=beauty&author=Oscar%20Wilde,148,0,0
1782353896595,148,HTTP Request,200,OK,Author Query 5-9,text,true,,263,155,10,70,http://localhost:8080/search?q=beauty&author=Oscar%20Wilde,148,0,0
1782353896636,108,HTTP Request,200,OK,Author Query 5-10,text,true,,263,155,10,70,http://localhost:8080/search?q=beauty&author=Oscar%20Wilde,108,0,0
1782353896604,151,HTTP Request,200,OK,Author Query 5-2,text,true,,263,155,10,70,http://localhost:8080/search?q=beauty&author=Oscar%20Wilde,151,0,0
1782353896705,66,HTTP Request,200,OK,Author Query 5-7,text,true,,263,155,10,70,http://localhost:8080/search?q=beauty&author=Oscar%20Wilde,66,0,0
1782353896660,124,HTTP Request,200,OK,Author Query 5-5,text,true,,263,155,10,70,http://localhost:8080/search?q=beauty&author=Oscar%20Wilde,124,0,0
1782353896735,82,HTTP Request,200,OK,Author Query 5-4,text,true,,263,155,10,70,http://localhost:8080/search?q=beauty&author=Oscar%20Wilde,82,0,0
1782353896743,74,HTTP Request,200,OK,Author Query 5-9,text,true,,263,155,10,70,http://localhost:8080/search?q=beauty&author=Oscar%20Wilde,74,0,0
1782353896744,73,HTTP Request,200,OK,Author Query 5-10,text,true,,263,155,10,70,http://localhost:8080/search?q=beauty&author=Oscar%20Wilde,73,0,0
1782353896727,95,HTTP Request,200,OK,Author Query 5-1,text,true,,263,155,10,70,http://localhost:8080/search?q=beauty&author=Oscar%20Wilde,95,0,0
1782353896735,108,HTTP Request,200,OK,Author Query 5-3,text,true,,263,155,10,70,http://localhost:8080/search?q=beauty&author=Oscar%20Wilde,108,0,0
1782353896743,104,HTTP Request,200,OK,Author Query 5-6,text,true,,263,155,10,70,http://localhost:8080/search?q=beauty&author=Oscar%20Wilde,104,0,0
1782353896727,120,HTTP Request,200,OK,Author Query 5-8,text,true,,263,155,10,70,http://localhost:8080/search?q=beauty&author=Oscar%20Wilde,120,0,0
1782353896755,102,HTTP Request,200,OK,Author Query 5-2,text,true,,263,155,10,70,http://localhost:8080/search?q=beauty&author=Oscar%20Wilde,102,0,0
1782353896771,87,HTTP Request,200,OK,Author Query 5-7,text,true,,263,155,10,70,http://localhost:8080/search?q=beauty&author=Oscar%20Wilde,87,0,0
1782353896784,95,HTTP Request,200,OK,Author Query 5-5,text,true,,263,155,10,70,http://localhost:8080/search?q=beauty&author=Oscar%20Wilde,95,0,0
1782353896817,76,HTTP Request,200,OK,Author Query 5-9,text,true,,263,155,10,70,http://localhost:8080/search?q=beauty&author=Oscar%20Wilde,76,0,0
1782353896818,78,HTTP Request,200,OK,Author Query 5-4,text,true,,263,155,10,70,http://localhost:8080/search?q=beauty&author=Oscar%20Wilde,78,0,0
1782353896817,82,HTTP Request,200,OK,Author Query 5-10,text,true,,263,155,10,70,http://localhost:8080/search?q=beauty&author=Oscar%20Wilde,82,0,0
1782353896858,87,HTTP Request,200,OK,Author Query 5-2,text,true,,263,155,10,70,http://localhost:8080/search?q=beauty&author=Oscar%20Wilde,87,0,0
1782353896848,128,HTTP Request,200,OK,Author Query 5-6,text,true,,263,155,10,70,http://localhost:8080/search?q=beauty&author=Oscar%20Wilde,128,0,0
1782353896893,87,HTTP Request,200,OK,Author Query 5-9,text,true,,263,155,10,70,http://localhost:8080/search?q=beauty&author=Oscar%20Wilde,87,0,0
1782353896843,137,HTTP Request,200,OK,Author Query 5-3,text,true,,263,155,10,70,http://localhost:8080/search?q=beauty&author=Oscar%20Wilde,137,0,0
1782353896858,122,HTTP Request,200,OK,Author Query 5-7,text,true,,263,155,10,70,http://localhost:8080/search?q=beauty&author=Oscar%20Wilde,122,0,0
1782353896848,133,HTTP Request,200,OK,Author Query 5-8,text,true,,263,155,10,70,http://localhost:8080/search?q=beauty&author=Oscar%20Wilde,133,0,0
1782353896822,159,HTTP Request,200,OK,Author Query 5-1,text,true,,263,155,10,70,http://localhost:8080/search?q=beauty&author=Oscar%20Wilde,159,0,3
1782353896879,102,HTTP Request,200,OK,Author Query 5-5,text,true,,263,155,10,70,http://localhost:8080/search?q=beauty&author=Oscar%20Wilde,102,0,0
1782353896899,93,HTTP Request,200,OK,Author Query 5-10,text,true,,263,155,10,70,http://localhost:8080/search?q=beauty&author=Oscar%20Wilde,93,0,0
1782353896896,96,HTTP Request,200,OK,Author Query 5-4,text,true,,263,155,10,70,http://localhost:8080/search?q=beauty&author=Oscar%20Wilde,96,0,0
1782353896945,91,HTTP Request,200,OK,Author Query 5-2,text,true,,263,155,10,70,http://localhost:8080/search?q=beauty&author=Oscar%20Wilde,91,0,0
1782353896980,73,HTTP Request,200,OK,Author Query 5-3,text,true,,263,155,10,70,http://localhost:8080/search?q=beauty&author=Oscar%20Wilde,73,0,0
1782353896992,106,HTTP Request,200,OK,Author Query 5-10,text,true,,263,155,10,70,http://localhost:8080/search?q=beauty&author=Oscar%20Wilde,106,0,0
1782353896981,151,HTTP Request,200,OK,Author Query 5-8,text,true,,263,155,10,70,http://localhost:8080/search?q=beauty&author=Oscar%20Wilde,151,0,0
1782353896981,153,HTTP Request,200,OK,Author Query 5-1,text,true,,263,155,10,70,http://localhost:8080/search?q=beauty&author=Oscar%20Wilde,153,0,0
1782353896981,159,HTTP Request,200,OK,Author Query 5-5,text,true,,263,155,10,70,http://localhost:8080/search?q=beauty&author=Oscar%20Wilde,159,0,0
1782353896976,166,HTTP Request,200,OK,Author Query 5-6,text,true,,263,155,10,70,http://localhost:8080/search?q=beauty&author=Oscar%20Wilde,166,0,0
1782353896992,151,HTTP Request,200,OK,Author Query 5-4,text,true,,263,155,10,70,http://localhost:8080/search?q=beauty&author=Oscar%20Wilde,151,0,0
1782353896981,162,HTTP Request,200,OK,Author Query 5-7,text,true,,263,155,10,70,http://localhost:8080/search?q=beauty&author=Oscar%20Wilde,162,0,0
1782353896980,176,HTTP Request,200,OK,Author Query 5-9,text,true,,263,155,10,70,http://localhost:8080/search?q=beauty&author=Oscar%20Wilde,176,0,0
1782353897053,104,HTTP Request,200,OK,Author Query 5-3,text,true,,263,155,10,70,http://localhost:8080/search?q=beauty&author=Oscar%20Wilde,104,0,0
1782353897036,134,HTTP Request,200,OK,Author Query 5-2,text,true,,263,155,10,70,http://localhost:8080/search?q=beauty&author=Oscar%20Wilde,134,0,0
1782353897098,119,HTTP Request,200,OK,Author Query 5-10,text,true,,263,155,10,70,http://localhost:8080/search?q=beauty&author=Oscar%20Wilde,119,0,0
1782353897140,84,HTTP Request,200,OK,Author Query 5-5,text,true,,263,155,10,70,http://localhost:8080/search?q=beauty&author=Oscar%20Wilde,84,0,0
1782353897135,98,HTTP Request,200,OK,Author Query 5-1,text,true,,263,155,10,70,http://localhost:8080/search?q=beauty&author=Oscar%20Wilde,98,0,0
1782353897142,91,HTTP Request,200,OK,Author Query 5-6,text,true,,263,155,10,70,http://localhost:8080/search?q=beauty&author=Oscar%20Wilde,91,0,0
1782353897132,102,HTTP Request,200,OK,Author Query 5-8,text,true,,263,155,10,70,http://localhost:8080/search?q=beauty&author=Oscar%20Wilde,102,0,0
1782353897143,91,HTTP Request,200,OK,Author Query 5-7,text,true,,263,155,10,70,http://localhost:8080/search?q=beauty&author=Oscar%20Wilde,91,0,0
1782353897156,78,HTTP Request,200,OK,Author Query 5-9,text,true,,263,155,10,70,http://localhost:8080/search?q=beauty&author=Oscar%20Wilde,78,0,0
1782353897157,77,HTTP Request,200,OK,Author Query 5-3,text,true,,263,155,10,70,http://localhost:8080/search?q=beauty&author=Oscar%20Wilde,77,0,0
1782353897170,82,HTTP Request,200,OK,Author Query 5-2,text,true,,263,155,10,70,http://localhost:8080/search?q=beauty&author=Oscar%20Wilde,82,0,0
1782353897143,122,HTTP Request,200,OK,Author Query 5-4,text,true,,263,155,10,70,http://localhost:8080/search?q=beauty&author=Oscar%20Wilde,122,0,0
1782353897225,106,HTTP Request,200,OK,Author Query 5-5,text,true,,263,155,10,70,http://localhost:8080/search?q=beauty&author=Oscar%20Wilde,106,0,0
1782353897217,114,HTTP Request,200,OK,Author Query 5-10,text,true,,263,155,10,70,http://localhost:8080/search?q=beauty&author=Oscar%20Wilde,114,0,0
1782353897252,81,HTTP Request,200,OK,Author Query 5-2,text,true,,263,155,10,70,http://localhost:8080/search?q=beauty&author=Oscar%20Wilde,81,0,0
1782353897233,100,HTTP Request,200,OK,Author Query 5-1,text,true,,263,155,10,70,http://localhost:8080/search?q=beauty&author=Oscar%20Wilde,100,0,0
1782353897233,100,HTTP Request,200,OK,Author Query 5-6,text,true,,263,155,10,70,http://localhost:8080/search?q=beauty&author=Oscar%20Wilde,100,0,0
1782353897234,105,HTTP Request,200,OK,Author Query 5-8,text,true,,263,155,10,70,http://localhost:8080/search?q=beauty&author=Oscar%20Wilde,105,0,0
1782353897234,105,HTTP Request,200,OK,Author Query 5-9,text,true,,263,155,10,70,http://localhost:8080/search?q=beauty&author=Oscar%20Wilde,105,0,0
1782353897234,113,HTTP Request,200,OK,Author Query 5-7,text,true,,263,155,10,70,http://localhost:8080/search?q=beauty&author=Oscar%20Wilde,113,0,0
1782353897234,119,HTTP Request,200,OK,Author Query 5-3,text,true,,263,155,10,70,http://localhost:8080/search?q=beauty&author=Oscar%20Wilde,119,0,0
1782353897266,99,HTTP Request,200,OK,Author Query 5-4,text,true,,263,155,10,70,http://localhost:8080/search?q=beauty&author=Oscar%20Wilde,99,0,0
1782353897333,85,HTTP Request,200,OK,Author Query 5-1,text,true,,263,155,10,70,http://localhost:8080/search?q=beauty&author=Oscar%20Wilde,85,0,0
1782353897331,87,HTTP Request,200,OK,Author Query 5-5,text,true,,263,155,10,70,http://localhost:8080/search?q=beauty&author=Oscar%20Wilde,87,0,0
1782353897348,77,HTTP Request,200,OK,Author Query 5-7,text,true,,263,155,10,70,http://localhost:8080/search?q=beauty&author=Oscar%20Wilde,77,0,0
1782353897339,87,HTTP Request,200,OK,Author Query 5-8,text,true,,263,155,10,70,http://localhost:8080/search?q=beauty&author=Oscar%20Wilde,87,0,0
1782353897334,93,HTTP Request,200,OK,Author Query 5-6,text,true,,263,155,10,70,http://localhost:8080/search?q=beauty&author=Oscar%20Wilde,93,0,0
1782353897339,88,HTTP Request,200,OK,Author Query 5-9,text,true,,263,155,10,70,http://localhost:8080/search?q=beauty&author=Oscar%20Wilde,88,0,0
1782353897331,97,HTTP Request,200,OK,Author Query 5-10,text,true,,263,155,10,70,http://localhost:8080/search?q=beauty&author=Oscar%20Wilde,97,0,0
1782353897333,95,HTTP Request,200,OK,Author Query 5-2,text,true,,263,155,10,70,http://localhost:8080/search?q=beauty&author=Oscar%20Wilde,95,0,0
1782353897353,82,HTTP Request,200,OK,Author Query 5-3,text,true,,263,155,10,70,http://localhost:8080/search?q=beauty&author=Oscar%20Wilde,82,0,0
1782353897365,96,HTTP Request,200,OK,Author Query 5-4,text,true,,263,155,10,70,http://localhost:8080/search?q=beauty&author=Oscar%20Wilde,96,0,0
1782353897418,68,HTTP Request,200,OK,Author Query 5-1,text,true,,263,155,10,70,http://localhost:8080/search?q=beauty&author=Oscar%20Wilde,68,0,0
1782353897418,68,HTTP Request,200,OK,Author Query 5-5,text,true,,263,155,10,70,http://localhost:8080/search?q=beauty&author=Oscar%20Wilde,68,0,0
1782353897428,114,HTTP Request,200,OK,Author Query 5-2,text,true,,263,155,10,70,http://localhost:8080/search?q=beauty&author=Oscar%20Wilde,114,0,0
1782353897428,116,HTTP Request,200,OK,Author Query 5-10,text,true,,263,155,10,70,http://localhost:8080/search?q=beauty&author=Oscar%20Wilde,116,0,0
1782353897427,117,HTTP Request,200,OK,Author Query 5-6,text,true,,263,155,10,70,http://localhost:8080/search?q=beauty&author=Oscar%20Wilde,117,0,0
1782353897425,119,HTTP Request,200,OK,Author Query 5-7,text,true,,263,155,10,70,http://localhost:8080/search?q=beauty&author=Oscar%20Wilde,119,0,0
1782353897427,117,HTTP Request,200,OK,Author Query 5-9,text,true,,263,155,10,70,http://localhost:8080/search?q=beauty&author=Oscar%20Wilde,117,0,0
1782353897426,118,HTTP Request,200,OK,Author Query 5-8,text,true,,263,155,10,70,http://localhost:8080/search?q=beauty&author=Oscar%20Wilde,118,0,0
1782353897436,126,HTTP Request,200,OK,Author Query 5-3,text,true,,263,155,10,70,http://localhost:8080/search?q=beauty&author=Oscar%20Wilde,126,0,0
1782353897486,77,HTTP Request,200,OK,Author Query 5-1,text,true,,263,155,10,70,http://localhost:8080/search?q=beauty&author=Oscar%20Wilde,77,0,0
1782353897461,109,HTTP Request,200,OK,Author Query 5-4,text,true,,263,155,10,70,http://localhost:8080/search?q=beauty&author=Oscar%20Wilde,109,0,0
1782353897487,121,HTTP Request,200,OK,Author Query 5-5,text,true,,263,155,10,70,http://localhost:8080/search?q=beauty&author=Oscar%20Wilde,121,0,0
1782353897540,97,HTTP Request,200,OK,Author Query 5-2,text,true,,263,155,10,70,http://localhost:8080/search?q=beauty&author=Oscar%20Wilde,97,0,0
1782353897542,96,HTTP Request,200,OK,Author Query 5-9,text,true,,263,155,10,70,http://localhost:8080/search?q=beauty&author=Oscar%20Wilde,96,0,0
1782353897542,96,HTTP Request,200,OK,Author Query 5-7,text,true,,263,155,10,70,http://localhost:8080/search?q=beauty&author=Oscar%20Wilde,96,0,0
1782353897542,96,HTTP Request,200,OK,Author Query 5-6,text,true,,263,155,10,70,http://localhost:8080/search?q=beauty&author=Oscar%20Wilde,96,0,0
1782353897542,96,HTTP Request,200,OK,Author Query 5-10,text,true,,263,155,10,70,http://localhost:8080/search?q=beauty&author=Oscar%20Wilde,96,0,0
1782353897543,172,HTTP Request,200,OK,Author Query 5-8,text,true,,263,155,10,70,http://localhost:8080/search?q=beauty&author=Oscar%20Wilde,172,0,0
1782353897561,169,HTTP Request,200,OK,Author Query 5-3,text,true,,263,155,10,70,http://localhost:8080/search?q=beauty&author=Oscar%20Wilde,169,0,0
1782353897568,162,HTTP Request,200,OK,Author Query 5-4,text,true,,263,155,10,70,http://localhost:8080/search?q=beauty&author=Oscar%20Wilde,162,0,0
1782353897638,118,HTTP Request,200,OK,Author Query 5-2,text,true,,263,155,10,70,http://localhost:8080/search?q=beauty&author=Oscar%20Wilde,118,0,0
1782353897638,123,HTTP Request,200,OK,Author Query 5-9,text,true,,263,155,10,70,http://localhost:8080/search?q=beauty&author=Oscar%20Wilde,123,0,0
1782353897606,164,HTTP Request,200,OK,Author Query 5-5,text,true,,263,155,10,70,http://localhost:8080/search?q=beauty&author=Oscar%20Wilde,164,0,0
1782353897561,210,HTTP Request,200,OK,Author Query 5-1,text,true,,263,155,10,70,http://localhost:8080/search?q=beauty&author=Oscar%20Wilde,210,0,0
1782353897640,201,HTTP Request,200,OK,Author Query 5-6,text,true,,263,155,10,70,http://localhost:8080/search?q=beauty&author=Oscar%20Wilde,201,0,0
1782353897640,201,HTTP Request,200,OK,Author Query 5-10,text,true,,263,155,10,70,http://localhost:8080/search?q=beauty&author=Oscar%20Wilde,201,0,0
1782353897638,209,HTTP Request,200,OK,Author Query 5-7,text,true,,263,155,10,70,http://localhost:8080/search?q=beauty&author=Oscar%20Wilde,209,0,0
1782353897715,171,HTTP Request,200,OK,Author Query 5-8,text,true,,263,155,10,70,http://localhost:8080/search?q=beauty&author=Oscar%20Wilde,171,0,0
1782353897771,116,HTTP Request,200,OK,Author Query 5-1,text,true,,263,155,10,70,http://localhost:8080/search?q=beauty&author=Oscar%20Wilde,116,0,0
1782353897731,156,HTTP Request,200,OK,Author Query 5-3,text,true,,263,155,10,70,http://localhost:8080/search?q=beauty&author=Oscar%20Wilde,156,0,0
1782353897756,131,HTTP Request,200,OK,Author Query 5-2,text,true,,263,155,10,70,http://localhost:8080/search?q=beauty&author=Oscar%20Wilde,131,0,0
1782353897731,211,HTTP Request,200,OK,Author Query 5-4,text,true,,263,155,10,70,http://localhost:8080/search?q=beauty&author=Oscar%20Wilde,211,0,0
1782353897841,121,HTTP Request,200,OK,Author Query 5-6,text,true,,263,155,10,70,http://localhost:8080/search?q=beauty&author=Oscar%20Wilde,121,0,0
1782353897848,175,HTTP Request,200,OK,Author Query 5-7,text,true,,263,155,10,70,http://localhost:8080/search?q=beauty&author=Oscar%20Wilde,175,0,0
1782353897842,182,HTTP Request,200,OK,Author Query 5-10,text,true,,263,155,10,70,http://localhost:8080/search?q=beauty&author=Oscar%20Wilde,182,0,0
1782353897770,259,HTTP Request,200,OK,Author Query 5-5,text,true,,263,155,10,70,http://localhost:8080/search?q=beauty&author=Oscar%20Wilde,259,0,0
1782353897762,268,HTTP Request,200,OK,Author Query 5-9,text,true,,263,155,10,70,http://localhost:8080/search?q=beauty&author=Oscar%20Wilde,268,0,0
1782353897887,163,HTTP Request,200,OK,Author Query 5-8,text,true,,263,155,10,70,http://localhost:8080/search?q=beauty&author=Oscar%20Wilde,163,0,0
1782353897887,165,HTTP Request,200,OK,Author Query 5-3,text,true,,263,155,10,70,http://localhost:8080/search?q=beauty&author=Oscar%20Wilde,165,0,0
1782353897887,165,HTTP Request,200,OK,Author Query 5-1,text,true,,263,155,10,70,http://localhost:8080/search?q=beauty&author=Oscar%20Wilde,165,0,0
1782353897888,164,HTTP Request,200,OK,Author Query 5-2,text,true,,263,155,10,70,http://localhost:8080/search?q=beauty&author=Oscar%20Wilde,164,0,1
1782353897942,156,HTTP Request,200,OK,Author Query 5-4,text,true,,263,155,10,70,http://localhost:8080/search?q=beauty&author=Oscar%20Wilde,156,0,0
1782353897963,137,HTTP Request,200,OK,Author Query 5-6,text,true,,263,155,10,70,http://localhost:8080/search?q=beauty&author=Oscar%20Wilde,137,0,0
1782353898023,140,HTTP Request,200,OK,Author Query 5-7,text,true,,263,155,10,70,http://localhost:8080/search?q=beauty&author=Oscar%20Wilde,140,0,0
1782353898024,166,HTTP Request,200,OK,Author Query 5-10,text,true,,263,155,10,70,http://localhost:8080/search?q=beauty&author=Oscar%20Wilde,166,0,0
1782353898051,139,HTTP Request,200,OK,Author Query 5-8,text,true,,263,155,10,70,http://localhost:8080/search?q=beauty&author=Oscar%20Wilde,139,0,0
1782353898052,140,HTTP Request,200,OK,Author Query 5-1,text,true,,263,155,10,70,http://localhost:8080/search?q=beauty&author=Oscar%20Wilde,140,0,0
1782353898052,140,HTTP Request,200,OK,Author Query 5-2,text,true,,263,155,10,70,http://localhost:8080/search?q=beauty&author=Oscar%20Wilde,140,0,0
1782353898030,212,HTTP Request,200,OK,Author Query 5-5,text,true,,263,155,10,70,http://localhost:8080/search?q=beauty&author=Oscar%20Wilde,212,0,0
1782353898030,213,HTTP Request,200,OK,Author Query 5-9,text,true,,263,155,10,70,http://localhost:8080/search?q=beauty&author=Oscar%20Wilde,213,0,0
1782353898052,199,HTTP Request,200,OK,Author Query 5-3,text,true,,263,155,10,70,http://localhost:8080/search?q=beauty&author=Oscar%20Wilde,199,0,0
1782353898101,166,HTTP Request,200,OK,Author Query 5-6,text,true,,263,155,10,70,http://localhost:8080/search?q=beauty&author=Oscar%20Wilde,166,0,0
1782353898098,169,HTTP Request,200,OK,Author Query 5-4,text,true,,263,155,10,70,http://localhost:8080/search?q=beauty&author=Oscar%20Wilde,169,0,0
1782353898163,120,HTTP Request,200,OK,Author Query 5-7,text,true,,263,155,10,70,http://localhost:8080/search?q=beauty&author=Oscar%20Wilde,120,0,0
1782353898192,128,HTTP Request,200,OK,Author Query 5-2,text,true,,263,155,10,70,http://localhost:8080/search?q=beauty&author=Oscar%20Wilde,128,0,0
1782353898190,130,HTTP Request,200,OK,Author Query 5-10,text,true,,263,155,10,70,http://localhost:8080/search?q=beauty&author=Oscar%20Wilde,130,0,0
1782353898192,137,HTTP Request,200,OK,Author Query 5-1,text,true,,263,155,10,70,http://localhost:8080/search?q=beauty&author=Oscar%20Wilde,137,0,0
1782353898190,255,HTTP Request,200,OK,Author Query 5-8,text,true,,263,155,10,70,http://localhost:8080/search?q=beauty&author=Oscar%20Wilde,255,0,0
1782353898267,201,HTTP Request,200,OK,Author Query 5-6,text,true,,263,155,10,70,http://localhost:8080/search?q=beauty&author=Oscar%20Wilde,201,0,0
1782353898283,191,HTTP Request,200,OK,Author Query 5-7,text,true,,263,155,10,70,http://localhost:8080/search?q=beauty&author=Oscar%20Wilde,191,0,0
1782353898267,226,HTTP Request,200,OK,Author Query 5-4,text,true,,263,155,10,70,http://localhost:8080/search?q=beauty&author=Oscar%20Wilde,226,0,0
1782353898251,245,HTTP Request,200,OK,Author Query 5-3,text,true,,263,155,10,70,http://localhost:8080/search?q=beauty&author=Oscar%20Wilde,245,0,0
1782353898243,253,HTTP Request,200,OK,Author Query 5-9,text,true,,263,155,10,70,http://localhost:8080/search?q=beauty&author=Oscar%20Wilde,253,0,0
1782353898242,254,HTTP Request,200,OK,Author Query 5-5,text,true,,263,155,10,70,http://localhost:8080/search?q=beauty&author=Oscar%20Wilde,254,0,0
1782353898330,169,HTTP Request,200,OK,Author Query 5-1,text,true,,263,155,10,70,http://localhost:8080/search?q=beauty&author=Oscar%20Wilde,169,0,0
1782353898320,197,HTTP Request,200,OK,Author Query 5-2,text,true,,263,155,10,70,http://localhost:8080/search?q=beauty&author=Oscar%20Wilde,197,0,0
1782353898320,232,HTTP Request,200,OK,Author Query 5-10,text,true,,263,155,10,70,http://localhost:8080/search?q=beauty&author=Oscar%20Wilde,232,0,0
1782353898474,250,HTTP Request,200,OK,Author Query 5-7,text,true,,263,155,10,70,http://localhost:8080/search?q=beauty&author=Oscar%20Wilde,250,0,0
1782353898496,228,HTTP Request,200,OK,Author Query 5-9,text,true,,263,155,10,70,http://localhost:8080/search?q=beauty&author=Oscar%20Wilde,228,0,0
1782353898496,230,HTTP Request,200,OK,Author Query 5-3,text,true,,263,155,10,70,http://localhost:8080/search?q=beauty&author=Oscar%20Wilde,230,0,0
1782353898499,227,HTTP Request,200,OK,Author Query 5-1,text,true,,263,155,10,70,http://localhost:8080/search?q=beauty&author=Oscar%20Wilde,227,0,0
1782353898496,230,HTTP Request,200,OK,Author Query 5-5,text,true,,263,155,10,70,http://localhost:8080/search?q=beauty&author=Oscar%20Wilde,230,0,0
1782353898493,233,HTTP Request,200,OK,Author Query 5-4,text,true,,263,155,10,70,http://localhost:8080/search?q=beauty&author=Oscar%20Wilde,233,0,0
1782353898468,258,HTTP Request,200,OK,Author Query 5-6,text,true,,263,155,10,70,http://localhost:8080/search?q=beauty&author=Oscar%20Wilde,258,0,0
1782353898553,209,HTTP Request,200,OK,Author Query 5-10,text,true,,263,155,10,70,http://localhost:8080/search?q=beauty&author=Oscar%20Wilde,209,0,0
1782353898517,252,HTTP Request,200,OK,Author Query 5-2,text,true,,263,155,10,70,http://localhost:8080/search?q=beauty&author=Oscar%20Wilde,252,0,0
1782353898445,325,HTTP Request,200,OK,Author Query 5-8,text,true,,263,155,10,70,http://localhost:8080/search?q=beauty&author=Oscar%20Wilde,325,0,0
1782353898727,121,HTTP Request,200,OK,Author Query 5-6,text,true,,263,155,10,70,http://localhost:8080/search?q=beauty&author=Oscar%20Wilde,121,0,0
1782353898724,137,HTTP Request,200,OK,Author Query 5-7,text,true,,263,155,10,70,http://localhost:8080/search?q=beauty&author=Oscar%20Wilde,137,0,0
1782353898726,135,HTTP Request,200,OK,Author Query 5-1,text,true,,263,155,10,70,http://localhost:8080/search?q=beauty&author=Oscar%20Wilde,135,0,0
1782353898726,136,HTTP Request,200,OK,Author Query 5-3,text,true,,263,155,10,70,http://localhost:8080/search?q=beauty&author=Oscar%20Wilde,136,0,0
1782353898726,146,HTTP Request,200,OK,Author Query 5-5,text,true,,263,155,10,70,http://localhost:8080/search?q=beauty&author=Oscar%20Wilde,146,0,0
1782353898727,159,HTTP Request,200,OK,Author Query 5-4,text,true,,263,155,10,70,http://localhost:8080/search?q=beauty&author=Oscar%20Wilde,159,0,0
1782353898724,170,HTTP Request,200,OK,Author Query 5-9,text,true,,263,155,10,70,http://localhost:8080/search?q=beauty&author=Oscar%20Wilde,170,0,0
1782353898769,130,HTTP Request,200,OK,Author Query 5-2,text,true,,263,155,10,70,http://localhost:8080/search?q=beauty&author=Oscar%20Wilde,130,0,0
1782353898763,206,HTTP Request,200,OK,Author Query 5-10,text,true,,263,155,10,70,http://localhost:8080/search?q=beauty&author=Oscar%20Wilde,206,0,0
1782353898770,215,HTTP Request,200,OK,Author Query 5-8,text,true,,263,155,10,70,http://localhost:8080/search?q=beauty&author=Oscar%20Wilde,215,0,0
1782353898862,251,HTTP Request,200,OK,Author Query 5-1,text,true,,263,155,10,70,http://localhost:8080/search?q=beauty&author=Oscar%20Wilde,251,0,0
1782353898872,243,HTTP Request,200,OK,Author Query 5-5,text,true,,263,155,10,70,http://localhost:8080/search?q=beauty&author=Oscar%20Wilde,242,0,0
1782353898862,264,HTTP Request,200,OK,Author Query 5-3,text,true,,263,155,10,70,http://localhost:8080/search?q=beauty&author=Oscar%20Wilde,264,0,1
1782353898899,227,HTTP Request,200,OK,Author Query 5-2,text,true,,263,155,10,70,http://localhost:8080/search?q=beauty&author=Oscar%20Wilde,227,0,0
1782353898886,240,HTTP Request,200,OK,Author Query 5-4,text,true,,263,155,10,70,http://localhost:8080/search?q=beauty&author=Oscar%20Wilde,240,0,0
1782353898862,265,HTTP Request,200,OK,Author Query 5-7,text,true,,263,155,10,70,http://localhost:8080/search?q=beauty&author=Oscar%20Wilde,265,0,0
1782353898969,198,HTTP Request,200,OK,Author Query 5-10,text,true,,263,155,10,70,http://localhost:8080/search?q=beauty&author=Oscar%20Wilde,198,0,0
1782353898848,320,HTTP Request,200,OK,Author Query 5-6,text,true,,263,155,10,70,http://localhost:8080/search?q=beauty&author=Oscar%20Wilde,320,0,0
1782353898895,273,HTTP Request,200,OK,Author Query 5-9,text,true,,263,155,10,70,http://localhost:8080/search?q=beauty&author=Oscar%20Wilde,273,0,0
1782353898985,192,HTTP Request,200,OK,Author Query 5-8,text,true,,263,155,10,70,http://localhost:8080/search?q=beauty&author=Oscar%20Wilde,192,0,0
1782353899126,126,HTTP Request,200,OK,Author Query 5-3,text,true,,263,155,10,70,http://localhost:8080/search?q=beauty&author=Oscar%20Wilde,126,0,0
1782353899115,141,HTTP Request,200,OK,Author Query 5-5,text,true,,263,155,10,70,http://localhost:8080/search?q=beauty&author=Oscar%20Wilde,141,0,0
1782353899127,174,HTTP Request,200,OK,Author Query 5-7,text,true,,263,155,10,70,http://localhost:8080/search?q=beauty&author=Oscar%20Wilde,174,0,0
1782353899126,175,HTTP Request,200,OK,Author Query 5-4,text,true,,263,155,10,70,http://localhost:8080/search?q=beauty&author=Oscar%20Wilde,175,0,0
1782353899113,189,HTTP Request,200,OK,Author Query 5-1,text,true,,263,155,10,70,http://localhost:8080/search?q=beauty&author=Oscar%20Wilde,189,0,0
1782353899126,176,HTTP Request,200,OK,Author Query 5-2,text,true,,263,155,10,70,http://localhost:8080/search?q=beauty&author=Oscar%20Wilde,176,0,0
1782353899177,154,HTTP Request,200,OK,Author Query 5-8,text,true,,263,155,10,70,http://localhost:8080/search?q=beauty&author=Oscar%20Wilde,154,0,0
1782353899252,111,HTTP Request,200,OK,Author Query 5-3,text,true,,263,155,10,70,http://localhost:8080/search?q=beauty&author=Oscar%20Wilde,111,0,0
1782353899167,207,HTTP Request,200,OK,Author Query 5-10,text,true,,263,155,10,70,http://localhost:8080/search?q=beauty&author=Oscar%20Wilde,207,0,0
1782353899168,230,HTTP Request,200,OK,Author Query 5-9,text,true,,263,155,10,70,http://localhost:8080/search?q=beauty&author=Oscar%20Wilde,230,0,0
1782353899168,231,HTTP Request,200,OK,Author Query 5-6,text,true,,263,155,10,70,http://localhost:8080/search?q=beauty&author=Oscar%20Wilde,231,0,0
1782353899301,152,HTTP Request,200,OK,Author Query 5-4,text,true,,263,155,10,70,http://localhost:8080/search?q=beauty&author=Oscar%20Wilde,152,0,0
1782353899256,204,HTTP Request,200,OK,Author Query 5-5,text,true,,263,155,10,70,http://localhost:8080/search?q=beauty&author=Oscar%20Wilde,204,0,0
1782353899303,160,HTTP Request,200,OK,Author Query 5-2,text,true,,263,155,10,70,http://localhost:8080/search?q=beauty&author=Oscar%20Wilde,160,0,0
1782353899302,162,HTTP Request,200,OK,Author Query 5-1,text,true,,263,155,10,70,http://localhost:8080/search?q=beauty&author=Oscar%20Wilde,162,0,0
1782353899331,238,HTTP Request,200,OK,Author Query 5-8,text,true,,263,155,10,70,http://localhost:8080/search?q=beauty&author=Oscar%20Wilde,238,0,0
1782353899301,272,HTTP Request,200,OK,Author Query 5-7,text,true,,263,155,10,70,http://localhost:8080/search?q=beauty&author=Oscar%20Wilde,272,0,0
1782353899374,230,HTTP Request,200,OK,Author Query 5-10,text,true,,263,155,10,70,http://localhost:8080/search?q=beauty&author=Oscar%20Wilde,230,0,0
1782353899364,254,HTTP Request,200,OK,Author Query 5-3,text,true,,263,155,10,70,http://localhost:8080/search?q=beauty&author=Oscar%20Wilde,254,0,0
1782353899399,232,HTTP Request,200,OK,Author Query 5-6,text,true,,263,155,10,70,http://localhost:8080/search?q=beauty&author=Oscar%20Wilde,232,0,0
1782353899398,233,HTTP Request,200,OK,Author Query 5-9,text,true,,263,155,10,70,http://localhost:8080/search?q=beauty&author=Oscar%20Wilde,233,0,0
1782353899463,271,HTTP Request,200,OK,Author Query 5-2,text,true,,263,155,10,70,http://localhost:8080/search?q=beauty&author=Oscar%20Wilde,271,0,0
1782353899453,281,HTTP Request,200,OK,Author Query 5-4,text,true,,263,155,10,70,http://localhost:8080/search?q=beauty&author=Oscar%20Wilde,281,0,0
1782353899574,196,HTTP Request,200,OK,Author Query 5-7,text,true,,263,155,10,70,http://localhost:8080/search?q=beauty&author=Oscar%20Wilde,196,0,0
1782353899460,317,HTTP Request,200,OK,Author Query 5-5,text,true,,263,155,10,70,http://localhost:8080/search?q=beauty&author=Oscar%20Wilde,317,0,0
1782353899464,313,HTTP Request,200,OK,Author Query 5-1,text,true,,263,155,10,70,http://localhost:8080/search?q=beauty&author=Oscar%20Wilde,313,0,0
1782353899569,209,HTTP Request,200,OK,Author Query 5-8,text,true,,263,155,10,70,http://localhost:8080/search?q=beauty&author=Oscar%20Wilde,209,0,0
1782353899605,257,HTTP Request,200,OK,Author Query 5-10,text,true,,263,155,10,70,http://localhost:8080/search?q=beauty&author=Oscar%20Wilde,257,0,0
1782353899735,150,HTTP Request,200,OK,Author Query 5-4,text,true,,263,155,10,70,http://localhost:8080/search?q=beauty&author=Oscar%20Wilde,150,0,0
1782353899618,268,HTTP Request,200,OK,Author Query 5-3,text,true,,263,155,10,70,http://localhost:8080/search?q=beauty&author=Oscar%20Wilde,268,0,0
1782353899632,290,HTTP Request,200,OK,Author Query 5-9,text,true,,263,155,10,70,http://localhost:8080/search?q=beauty&author=Oscar%20Wilde,290,0,0
1782353899632,299,HTTP Request,200,OK,Author Query 5-6,text,true,,263,155,10,70,http://localhost:8080/search?q=beauty&author=Oscar%20Wilde,299,0,0
1782353899770,167,HTTP Request,200,OK,Author Query 5-7,text,true,,263,155,10,70,http://localhost:8080/search?q=beauty&author=Oscar%20Wilde,167,0,0
1782353899778,160,HTTP Request,200,OK,Author Query 5-8,text,true,,263,155,10,70,http://localhost:8080/search?q=beauty&author=Oscar%20Wilde,160,0,0
1782353899734,231,HTTP Request,200,OK,Author Query 5-2,text,true,,263,155,10,70,http://localhost:8080/search?q=beauty&author=Oscar%20Wilde,231,0,0
1782353899777,240,HTTP Request,200,OK,Author Query 5-1,text,true,,263,155,10,70,http://localhost:8080/search?q=beauty&author=Oscar%20Wilde,240,0,0
1782353899777,240,HTTP Request,200,OK,Author Query 5-5,text,true,,263,155,10,70,http://localhost:8080/search?q=beauty&author=Oscar%20Wilde,240,0,0
1782353899887,132,HTTP Request,200,OK,Author Query 5-3,text,true,,263,155,10,70,http://localhost:8080/search?q=beauty&author=Oscar%20Wilde,132,0,0
1782353899862,157,HTTP Request,200,OK,Author Query 5-10,text,true,,263,155,10,70,http://localhost:8080/search?q=beauty&author=Oscar%20Wilde,157,0,0
1782353899931,95,HTTP Request,200,OK,Author Query 5-6,text,true,,263,155,10,70,http://localhost:8080/search?q=beauty&author=Oscar%20Wilde,95,0,0
1782353899885,161,HTTP Request,200,OK,Author Query 5-4,text,true,,263,155,10,70,http://localhost:8080/search?q=beauty&author=Oscar%20Wilde,161,0,1
1782353899922,125,HTTP Request,200,OK,Author Query 5-9,text,true,,263,155,10,70,http://localhost:8080/search?q=beauty&author=Oscar%20Wilde,125,0,0
1782353899965,83,HTTP Request,200,OK,Author Query 5-2,text,true,,263,155,10,70,http://localhost:8080/search?q=beauty&author=Oscar%20Wilde,83,0,0
1782353900017,71,HTTP Request,200,OK,Author Query 5-5,text,true,,263,155,10,70,http://localhost:8080/search?q=beauty&author=Oscar%20Wilde,71,0,0
1782353899938,151,HTTP Request,200,OK,Author Query 5-8,text,true,,263,155,10,70,http://localhost:8080/search?q=beauty&author=Oscar%20Wilde,151,0,0
1782353899937,153,HTTP Request,200,OK,Author Query 5-7,text,true,,263,155,10,70,http://localhost:8080/search?q=beauty&author=Oscar%20Wilde,153,0,0
1782353900017,95,HTTP Request,200,OK,Author Query 5-1,text,true,,263,155,10,70,http://localhost:8080/search?q=beauty&author=Oscar%20Wilde,95,0,0
1782353900046,115,HTTP Request,200,OK,Author Query 5-4,text,true,,263,155,10,70,http://localhost:8080/search?q=beauty&author=Oscar%20Wilde,115,0,0
1782353900019,143,HTTP Request,200,OK,Author Query 5-10,text,true,,263,155,10,70,http://localhost:8080/search?q=beauty&author=Oscar%20Wilde,143,0,0
1782353900019,143,HTTP Request,200,OK,Author Query 5-3,text,true,,263,155,10,70,http://localhost:8080/search?q=beauty&author=Oscar%20Wilde,143,0,0
1782353900027,136,HTTP Request,200,OK,Author Query 5-6,text,true,,263,155,10,70,http://localhost:8080/search?q=beauty&author=Oscar%20Wilde,136,0,0
1782353900048,145,HTTP Request,200,OK,Author Query 5-2,text,true,,263,155,10,70,http://localhost:8080/search?q=beauty&author=Oscar%20Wilde,145,0,0
1782353900048,145,HTTP Request,200,OK,Author Query 5-9,text,true,,263,155,10,70,http://localhost:8080/search?q=beauty&author=Oscar%20Wilde,145,0,0
1782353900090,104,HTTP Request,200,OK,Author Query 5-7,text,true,,263,155,10,70,http://localhost:8080/search?q=beauty&author=Oscar%20Wilde,104,0,0
1782353900090,116,HTTP Request,200,OK,Author Query 5-8,text,true,,263,155,10,70,http://localhost:8080/search?q=beauty&author=Oscar%20Wilde,116,0,0
1782353900088,168,HTTP Request,200,OK,Author Query 5-5,text,true,,263,155,10,70,http://localhost:8080/search?q=beauty&author=Oscar%20Wilde,168,0,0
1782353900112,144,HTTP Request,200,OK,Author Query 5-1,text,true,,263,155,10,70,http://localhost:8080/search?q=beauty&author=Oscar%20Wilde,144,0,0
1782353900162,130,HTTP Request,200,OK,Author Query 5-3,text,true,,263,155,10,70,http://localhost:8080/search?q=beauty&author=Oscar%20Wilde,130,0,0
1782353900162,142,HTTP Request,200,OK,Author Query 5-10,text,true,,263,155,10,70,http://localhost:8080/search?q=beauty&author=Oscar%20Wilde,142,0,0
1782353900163,143,HTTP Request,200,OK,Author Query 5-6,text,true,,263,155,10,70,http://localhost:8080/search?q=beauty&author=Oscar%20Wilde,143,0,0
1782353900162,171,HTTP Request,200,OK,Author Query 5-4,text,true,,263,155,10,70,http://localhost:8080/search?q=beauty&author=Oscar%20Wilde,171,0,0
1782353900193,152,HTTP Request,200,OK,Author Query 5-2,text,true,,263,155,10,70,http://localhost:8080/search?q=beauty&author=Oscar%20Wilde,152,0,0
1782353900195,165,HTTP Request,200,OK,Author Query 5-7,text,true,,263,155,10,70,http://localhost:8080/search?q=beauty&author=Oscar%20Wilde,165,0,0
1782353900194,167,HTTP Request,200,OK,Author Query 5-9,text,true,,263,155,10,70,http://localhost:8080/search?q=beauty&author=Oscar%20Wilde,167,0,0
1782353900206,195,HTTP Request,200,OK,Author Query 5-8,text,true,,263,155,10,70,http://localhost:8080/search?q=beauty&author=Oscar%20Wilde,195,0,0
1782353900293,110,HTTP Request,200,OK,Author Query 5-3,text,true,,263,155,10,70,http://localhost:8080/search?q=beauty&author=Oscar%20Wilde,110,0,0
1782353900256,148,HTTP Request,200,OK,Author Query 5-1,text,true,,263,155,10,70,http://localhost:8080/search?q=beauty&author=Oscar%20Wilde,148,0,0
1782353900256,148,HTTP Request,200,OK,Author Query 5-5,text,true,,263,155,10,70,http://localhost:8080/search?q=beauty&author=Oscar%20Wilde,148,0,0
1782353900306,195,HTTP Request,200,OK,Author Query 5-6,text,true,,263,155,10,70,http://localhost:8080/search?q=beauty&author=Oscar%20Wilde,195,0,0
1782353900333,168,HTTP Request,200,OK,Author Query 5-4,text,true,,263,155,10,70,http://localhost:8080/search?q=beauty&author=Oscar%20Wilde,168,0,0
1782353900345,157,HTTP Request,200,OK,Author Query 5-2,text,true,,263,155,10,70,http://localhost:8080/search?q=beauty&author=Oscar%20Wilde,157,0,0
1782353900305,197,HTTP Request,200,OK,Author Query 5-10,text,true,,263,155,10,70,http://localhost:8080/search?q=beauty&author=Oscar%20Wilde,197,0,0
1782353900404,110,HTTP Request,200,OK,Author Query 5-1,text,true,,263,155,10,70,http://localhost:8080/search?q=beauty&author=Oscar%20Wilde,110,0,0
1782353900361,184,HTTP Request,200,OK,Author Query 5-9,text,true,,263,155,9,69,http://localhost:8080/search?q=beauty&author=Oscar%20Wilde,184,0,0
1782353900404,144,HTTP Request,200,OK,Author Query 5-3,text,true,,263,155,9,69,http://localhost:8080/search?q=beauty&author=Oscar%20Wilde,144,0,0
1782353900361,187,HTTP Request,200,OK,Author Query 5-7,text,true,,263,155,9,69,http://localhost:8080/search?q=beauty&author=Oscar%20Wilde,187,0,0
1782353900404,146,HTTP Request,200,OK,Author Query 5-5,text,true,,263,155,9,69,http://localhost:8080/search?q=beauty&author=Oscar%20Wilde,146,0,0
1782353900401,150,HTTP Request,200,OK,Author Query 5-8,text,true,,263,155,9,69,http://localhost:8080/search?q=beauty&author=Oscar%20Wilde,150,0,0
1782353900502,134,HTTP Request,200,OK,Author Query 5-4,text,true,,263,155,9,69,http://localhost:8080/search?q=beauty&author=Oscar%20Wilde,134,0,0
1782353900502,134,HTTP Request,200,OK,Author Query 5-2,text,true,,263,155,9,69,http://localhost:8080/search?q=beauty&author=Oscar%20Wilde,134,0,0
1782353900502,139,HTTP Request,200,OK,Author Query 5-6,text,true,,263,155,9,69,http://localhost:8080/search?q=beauty&author=Oscar%20Wilde,139,0,0
1782353900502,139,HTTP Request,200,OK,Author Query 5-10,text,true,,263,155,9,69,http://localhost:8080/search?q=beauty&author=Oscar%20Wilde,139,0,0
1782353900548,134,HTTP Request,200,OK,Author Query 5-7,text,true,,263,155,9,69,http://localhost:8080/search?q=beauty&author=Oscar%20Wilde,134,0,0
1782353900545,162,HTTP Request,200,OK,Author Query 5-9,text,true,,263,155,9,69,http://localhost:8080/search?q=beauty&author=Oscar%20Wilde,162,0,0
1782353900551,156,HTTP Request,200,OK,Author Query 5-8,text,true,,263,155,9,69,http://localhost:8080/search?q=beauty&author=Oscar%20Wilde,156,0,0
1782353900636,73,HTTP Request,200,OK,Author Query 5-4,text,true,,263,155,9,69,http://localhost:8080/search?q=beauty&author=Oscar%20Wilde,73,0,0
1782353900548,181,HTTP Request,200,OK,Author Query 5-3,text,true,,263,155,9,69,http://localhost:8080/search?q=beauty&author=Oscar%20Wilde,181,0,0
1782353900636,93,HTTP Request,200,OK,Author Query 5-2,text,true,,263,155,9,69,http://localhost:8080/search?q=beauty&author=Oscar%20Wilde,93,0,0
1782353900550,192,HTTP Request,200,OK,Author Query 5-5,text,true,,263,155,9,69,http://localhost:8080/search?q=beauty&author=Oscar%20Wilde,192,0,0
1782353900641,142,HTTP Request,200,OK,Author Query 5-6,text,true,,263,155,9,69,http://localhost:8080/search?q=beauty&author=Oscar%20Wilde,142,0,0
1782353900642,161,HTTP Request,200,OK,Author Query 5-10,text,true,,263,155,9,69,http://localhost:8080/search?q=beauty&author=Oscar%20Wilde,161,0,0
1782353900683,123,HTTP Request,200,OK,Author Query 5-7,text,true,,263,155,9,69,http://localhost:8080/search?q=beauty&author=Oscar%20Wilde,123,0,0
1782353900708,120,HTTP Request,200,OK,Author Query 5-8,text,true,,263,155,9,69,http://localhost:8080/search?q=beauty&author=Oscar%20Wilde,120,0,0
1782353900709,132,HTTP Request,200,OK,Author Query 5-4,text,true,,263,155,9,69,http://localhost:8080/search?q=beauty&author=Oscar%20Wilde,132,0,0
1782353900729,146,HTTP Request,200,OK,Author Query 5-3,text,true,,263,155,9,69,http://localhost:8080/search?q=beauty&author=Oscar%20Wilde,146,0,0
1782353900729,147,HTTP Request,200,OK,Author Query 5-2,text,true,,263,155,9,69,http://localhost:8080/search?q=beauty&author=Oscar%20Wilde,147,0,0
1782353900707,170,HTTP Request,200,OK,Author Query 5-9,text,true,,263,155,9,69,http://localhost:8080/search?q=beauty&author=Oscar%20Wilde,170,0,0
1782353900743,149,HTTP Request,200,OK,Author Query 5-5,text,true,,263,155,9,69,http://localhost:8080/search?q=beauty&author=Oscar%20Wilde,149,0,0
1782353900807,93,HTTP Request,200,OK,Author Query 5-7,text,true,,263,155,9,69,http://localhost:8080/search?q=beauty&author=Oscar%20Wilde,93,0,0
1782353900804,104,HTTP Request,200,OK,Author Query 5-10,text,true,,263,155,9,69,http://localhost:8080/search?q=beauty&author=Oscar%20Wilde,104,0,0
1782353900783,126,HTTP Request,200,OK,Author Query 5-6,text,true,,263,155,9,69,http://localhost:8080/search?q=beauty&author=Oscar%20Wilde,126,0,0
1782353900828,95,HTTP Request,200,OK,Author Query 5-8,text,true,,263,155,9,69,http://localhost:8080/search?q=beauty&author=Oscar%20Wilde,95,0,0
1782353900877,100,HTTP Request,200,OK,Author Query 5-2,text,true,,263,155,9,69,http://localhost:8080/search?q=beauty&author=Oscar%20Wilde,100,0,0
1782353900875,103,HTTP Request,200,OK,Author Query 5-3,text,true,,263,155,9,69,http://localhost:8080/search?q=beauty&author=Oscar%20Wilde,103,0,0
1782353900841,138,HTTP Request,200,OK,Author Query 5-4,text,true,,263,155,9,69,http://localhost:8080/search?q=beauty&author=Oscar%20Wilde,138,0,0
1782353900893,114,HTTP Request,200,OK,Author Query 5-5,text,true,,263,155,9,69,http://localhost:8080/search?q=beauty&author=Oscar%20Wilde,114,0,1
1782353900900,107,HTTP Request,200,OK,Author Query 5-7,text,true,,263,155,9,69,http://localhost:8080/search?q=beauty&author=Oscar%20Wilde,107,0,0
1782353900923,122,HTTP Request,200,OK,Author Query 5-8,text,true,,263,155,9,69,http://localhost:8080/search?q=beauty&author=Oscar%20Wilde,122,0,0
1782353900877,169,HTTP Request,200,OK,Author Query 5-9,text,true,,263,155,9,69,http://localhost:8080/search?q=beauty&author=Oscar%20Wilde,169,0,0
1782353900908,208,HTTP Request,200,OK,Author Query 5-10,text,true,,263,155,9,69,http://localhost:8080/search?q=beauty&author=Oscar%20Wilde,208,0,0
1782353900909,220,HTTP Request,200,OK,Author Query 5-6,text,true,,263,155,9,69,http://localhost:8080/search?q=beauty&author=Oscar%20Wilde,220,0,0
1782353900977,164,HTTP Request,200,OK,Author Query 5-2,text,true,,263,155,9,69,http://localhost:8080/search?q=beauty&author=Oscar%20Wilde,164,0,0
1782353901007,134,HTTP Request,200,OK,Author Query 5-5,text,true,,263,155,9,69,http://localhost:8080/search?q=beauty&author=Oscar%20Wilde,134,0,0
1782353901007,135,HTTP Request,200,OK,Author Query 5-7,text,true,,263,155,9,69,http://localhost:8080/search?q=beauty&author=Oscar%20Wilde,135,0,0
1782353900979,163,HTTP Request,200,OK,Author Query 5-4,text,true,,263,155,9,69,http://localhost:8080/search?q=beauty&author=Oscar%20Wilde,163,0,0
1782353900978,164,HTTP Request,200,OK,Author Query 5-3,text,true,,263,155,9,69,http://localhost:8080/search?q=beauty&author=Oscar%20Wilde,164,0,0
1782353901130,63,HTTP Request,200,OK,Author Query 5-6,text,true,,263,155,9,69,http://localhost:8080/search?q=beauty&author=Oscar%20Wilde,63,0,0
1782353901047,171,HTTP Request,200,OK,Author Query 5-9,text,true,,263,155,9,69,http://localhost:8080/search?q=beauty&author=Oscar%20Wilde,171,0,0
1782353901142,77,HTTP Request,200,OK,Author Query 5-4,text,true,,263,155,9,69,http://localhost:8080/search?q=beauty&author=Oscar%20Wilde,77,0,0
1782353901142,77,HTTP Request,200,OK,Author Query 5-2,text,true,,263,155,9,69,http://localhost:8080/search?q=beauty&author=Oscar%20Wilde,77,0,0
1782353901045,175,HTTP Request,200,OK,Author Query 5-8,text,true,,263,155,9,69,http://localhost:8080/search?q=beauty&author=Oscar%20Wilde,175,0,0
1782353901142,79,HTTP Request,200,OK,Author Query 5-5,text,true,,263,155,9,69,http://localhost:8080/search?q=beauty&author=Oscar%20Wilde,79,0,0
1782353901142,92,HTTP Request,200,OK,Author Query 5-7,text,true,,263,155,9,69,http://localhost:8080/search?q=beauty&author=Oscar%20Wilde,92,0,0
1782353901142,92,HTTP Request,200,OK,Author Query 5-3,text,true,,263,155,9,69,http://localhost:8080/search?q=beauty&author=Oscar%20Wilde,92,0,0
1782353901116,134,HTTP Request,200,OK,Author Query 5-10,text,true,,263,155,9,69,http://localhost:8080/search?q=beauty&author=Oscar%20Wilde,134,0,0
1782353901193,102,HTTP Request,200,OK,Author Query 5-6,text,true,,263,155,9,69,http://localhost:8080/search?q=beauty&author=Oscar%20Wilde,102,0,0
1782353901219,108,HTTP Request,200,OK,Author Query 5-4,text,true,,263,155,9,69,http://localhost:8080/search?q=beauty&author=Oscar%20Wilde,108,0,0
1782353901221,107,HTTP Request,200,OK,Author Query 5-5,text,true,,263,155,9,69,http://localhost:8080/search?q=beauty&author=Oscar%20Wilde,107,0,0
1782353901219,109,HTTP Request,200,OK,Author Query 5-2,text,true,,263,155,9,69,http://localhost:8080/search?q=beauty&author=Oscar%20Wilde,109,0,0
1782353901220,109,HTTP Request,200,OK,Author Query 5-8,text,true,,263,155,9,69,http://localhost:8080/search?q=beauty&author=Oscar%20Wilde,109,0,0
1782353901218,111,HTTP Request,200,OK,Author Query 5-9,text,true,,263,155,9,69,http://localhost:8080/search?q=beauty&author=Oscar%20Wilde,111,0,0
1782353901234,116,HTTP Request,200,OK,Author Query 5-7,text,true,,263,155,9,69,http://localhost:8080/search?q=beauty&author=Oscar%20Wilde,116,0,0
1782353901295,98,HTTP Request,200,OK,Author Query 5-6,text,true,,263,155,9,69,http://localhost:8080/search?q=beauty&author=Oscar%20Wilde,98,0,0
1782353901328,117,HTTP Request,200,OK,Author Query 5-2,text,true,,263,155,9,69,http://localhost:8080/search?q=beauty&author=Oscar%20Wilde,117,0,0
1782353901329,118,HTTP Request,200,OK,Author Query 5-9,text,true,,263,155,9,69,http://localhost:8080/search?q=beauty&author=Oscar%20Wilde,118,0,0
1782353901329,118,HTTP Request,200,OK,Author Query 5-8,text,true,,263,155,9,69,http://localhost:8080/search?q=beauty&author=Oscar%20Wilde,118,0,0
1782353901328,147,HTTP Request,200,OK,Author Query 5-5,text,true,,263,155,9,69,http://localhost:8080/search?q=beauty&author=Oscar%20Wilde,147,0,0
1782353901250,226,HTTP Request,200,OK,Author Query 5-10,text,true,,263,155,9,69,http://localhost:8080/search?q=beauty&author=Oscar%20Wilde,226,0,0
1782353901234,243,HTTP Request,200,OK,Author Query 5-3,text,true,,263,155,9,69,http://localhost:8080/search?q=beauty&author=Oscar%20Wilde,243,0,0
1782353901328,149,HTTP Request,200,OK,Author Query 5-4,text,true,,263,155,9,69,http://localhost:8080/search?q=beauty&author=Oscar%20Wilde,149,0,0
1782353901350,145,HTTP Request,200,OK,Author Query 5-7,text,true,,263,155,9,69,http://localhost:8080/search?q=beauty&author=Oscar%20Wilde,145,0,0
1782353901393,142,HTTP Request,200,OK,Author Query 5-6,text,true,,263,155,9,69,http://localhost:8080/search?q=beauty&author=Oscar%20Wilde,142,0,0
1782353901447,123,HTTP Request,200,OK,Author Query 5-9,text,true,,263,155,9,69,http://localhost:8080/search?q=beauty&author=Oscar%20Wilde,123,0,0
1782353901446,125,HTTP Request,200,OK,Author Query 5-2,text,true,,263,155,9,69,http://localhost:8080/search?q=beauty&author=Oscar%20Wilde,125,0,0
1782353901448,164,HTTP Request,200,OK,Author Query 5-8,text,true,,263,155,9,69,http://localhost:8080/search?q=beauty&author=Oscar%20Wilde,164,0,0
1782353901496,138,HTTP Request,200,OK,Author Query 5-7,text,true,,263,155,9,69,http://localhost:8080/search?q=beauty&author=Oscar%20Wilde,138,0,0
1782353901536,182,HTTP Request,200,OK,Author Query 5-6,text,true,,263,155,9,69,http://localhost:8080/search?q=beauty&author=Oscar%20Wilde,182,0,0
1782353901478,240,HTTP Request,200,OK,Author Query 5-4,text,true,,263,155,9,69,http://localhost:8080/search?q=beauty&author=Oscar%20Wilde,240,0,0
1782353901476,242,HTTP Request,200,OK,Author Query 5-10,text,true,,263,155,9,69,http://localhost:8080/search?q=beauty&author=Oscar%20Wilde,242,0,0
1782353901475,282,HTTP Request,200,OK,Author Query 5-5,text,true,,263,155,9,69,http://localhost:8080/search?q=beauty&author=Oscar%20Wilde,282,0,0
1782353901477,280,HTTP Request,200,OK,Author Query 5-3,text,true,,263,155,9,69,http://localhost:8080/search?q=beauty&author=Oscar%20Wilde,280,0,0
1782353901612,184,HTTP Request,200,OK,Author Query 5-8,text,true,,263,155,9,69,http://localhost:8080/search?q=beauty&author=Oscar%20Wilde,184,0,0
1782353901570,235,HTTP Request,200,OK,Author Query 5-9,text,true,,263,155,9,69,http://localhost:8080/search?q=beauty&author=Oscar%20Wilde,235,0,0
1782353901572,234,HTTP Request,200,OK,Author Query 5-2,text,true,,263,155,9,69,http://localhost:8080/search?q=beauty&author=Oscar%20Wilde,234,0,0
1782353901634,190,HTTP Request,200,OK,Author Query 5-7,text,true,,263,155,9,69,http://localhost:8080/search?q=beauty&author=Oscar%20Wilde,190,0,0
1782353901718,163,HTTP Request,200,OK,Author Query 5-6,text,true,,263,155,9,69,http://localhost:8080/search?q=beauty&author=Oscar%20Wilde,163,0,0
1782353901718,219,HTTP Request,200,OK,Author Query 5-10,text,true,,263,155,9,69,http://localhost:8080/search?q=beauty&author=Oscar%20Wilde,219,0,0
1782353901718,220,HTTP Request,200,OK,Author Query 5-4,text,true,,263,155,9,69,http://localhost:8080/search?q=beauty&author=Oscar%20Wilde,220,0,0
1782353901757,181,HTTP Request,200,OK,Author Query 5-5,text,true,,263,155,9,69,http://localhost:8080/search?q=beauty&author=Oscar%20Wilde,181,0,0
1782353901806,162,HTTP Request,200,OK,Author Query 5-2,text,true,,263,155,9,69,http://localhost:8080/search?q=beauty&author=Oscar%20Wilde,162,0,0
1782353901796,173,HTTP Request,200,OK,Author Query 5-8,text,true,,263,155,9,69,http://localhost:8080/search?q=beauty&author=Oscar%20Wilde,173,0,0
1782353901824,150,HTTP Request,200,OK,Author Query 5-7,text,true,,263,155,9,69,http://localhost:8080/search?q=beauty&author=Oscar%20Wilde,150,0,0
1782353901806,169,HTTP Request,200,OK,Author Query 5-9,text,true,,263,155,9,69,http://localhost:8080/search?q=beauty&author=Oscar%20Wilde,169,0,0
1782353901757,219,HTTP Request,200,OK,Author Query 5-3,text,true,,263,155,9,69,http://localhost:8080/search?q=beauty&author=Oscar%20Wilde,219,0,0
1782353901938,80,HTTP Request,200,OK,Author Query 5-4,text,true,,263,155,9,69,http://localhost:8080/search?q=beauty&author=Oscar%20Wilde,80,0,0
1782353901939,92,HTTP Request,200,OK,Author Query 5-5,text,true,,263,155,9,69,http://localhost:8080/search?q=beauty&author=Oscar%20Wilde,92,0,0
1782353901882,150,HTTP Request,200,OK,Author Query 5-6,text,true,,263,155,9,69,http://localhost:8080/search?q=beauty&author=Oscar%20Wilde,150,0,1
1782353901938,115,HTTP Request,200,OK,Author Query 5-10,text,true,,263,155,9,69,http://localhost:8080/search?q=beauty&author=Oscar%20Wilde,115,0,0
1782353901974,88,HTTP Request,200,OK,Author Query 5-7,text,true,,263,155,9,69,http://localhost:8080/search?q=beauty&author=Oscar%20Wilde,88,0,0
1782353901976,86,HTTP Request,200,OK,Author Query 5-3,text,true,,263,155,9,69,http://localhost:8080/search?q=beauty&author=Oscar%20Wilde,86,0,0
1782353901975,87,HTTP Request,200,OK,Author Query 5-9,text,true,,263,155,9,69,http://localhost:8080/search?q=beauty&author=Oscar%20Wilde,87,0,0
1782353901968,117,HTTP Request,200,OK,Author Query 5-2,text,true,,263,155,9,69,http://localhost:8080/search?q=beauty&author=Oscar%20Wilde,117,0,0
1782353901970,116,HTTP Request,200,OK,Author Query 5-8,text,true,,263,155,9,69,http://localhost:8080/search?q=beauty&author=Oscar%20Wilde,116,0,0
1782353902018,168,HTTP Request,200,OK,Author Query 5-4,text,true,,263,155,9,69,http://localhost:8080/search?q=beauty&author=Oscar%20Wilde,168,0,0
1782353902062,126,HTTP Request,200,OK,Author Query 5-9,text,true,,263,155,9,69,http://localhost:8080/search?q=beauty&author=Oscar%20Wilde,126,0,0
1782353902087,101,HTTP Request,200,OK,Author Query 5-8,text,true,,263,155,9,69,http://localhost:8080/search?q=beauty&author=Oscar%20Wilde,101,0,0
1782353902062,126,HTTP Request,200,OK,Author Query 5-7,text,true,,263,155,9,69,http://localhost:8080/search?q=beauty&author=Oscar%20Wilde,126,0,0
1782353902062,126,HTTP Request,200,OK,Author Query 5-3,text,true,,263,155,9,69,http://localhost:8080/search?q=beauty&author=Oscar%20Wilde,126,0,0
1782353902031,169,HTTP Request,200,OK,Author Query 5-5,text,true,,263,155,9,69,http://localhost:8080/search?q=beauty&author=Oscar%20Wilde,169,0,0
1782353902032,168,HTTP Request,200,OK,Author Query 5-6,text,true,,263,155,9,69,http://localhost:8080/search?q=beauty&author=Oscar%20Wilde,168,0,0
1782353902053,171,HTTP Request,200,OK,Author Query 5-10,text,true,,263,155,9,69,http://localhost:8080/search?q=beauty&author=Oscar%20Wilde,171,0,0
1782353902085,180,HTTP Request,200,OK,Author Query 5-2,text,true,,263,155,9,69,http://localhost:8080/search?q=beauty&author=Oscar%20Wilde,180,0,0
1782353902200,156,HTTP Request,200,OK,Author Query 5-6,text,true,,263,155,9,69,http://localhost:8080/search?q=beauty&author=Oscar%20Wilde,156,0,0
1782353902200,157,HTTP Request,200,OK,Author Query 5-5,text,true,,263,155,9,69,http://localhost:8080/search?q=beauty&author=Oscar%20Wilde,157,0,0
1782353902188,170,HTTP Request,200,OK,Author Query 5-8,text,true,,263,155,9,69,http://localhost:8080/search?q=beauty&author=Oscar%20Wilde,170,0,0
1782353902224,146,HTTP Request,200,OK,Author Query 5-10,text,true,,263,155,9,69,http://localhost:8080/search?q=beauty&author=Oscar%20Wilde,146,0,0
1782353902188,232,HTTP Request,200,OK,Author Query 5-9,text,true,,263,155,9,69,http://localhost:8080/search?q=beauty&author=Oscar%20Wilde,232,0,0
1782353902186,235,HTTP Request,200,OK,Author Query 5-4,text,true,,263,155,9,69,http://localhost:8080/search?q=beauty&author=Oscar%20Wilde,235,0,0
1782353902188,233,HTTP Request,200,OK,Author Query 5-3,text,true,,263,155,9,69,http://localhost:8080/search?q=beauty&author=Oscar%20Wilde,233,0,0
1782353902188,250,HTTP Request,200,OK,Author Query 5-7,text,true,,263,155,9,69,http://localhost:8080/search?q=beauty&author=Oscar%20Wilde,250,0,0
1782353902266,172,HTTP Request,200,OK,Author Query 5-2,text,true,,263,155,9,69,http://localhost:8080/search?q=beauty&author=Oscar%20Wilde,172,0,0
1782353902356,102,HTTP Request,200,OK,Author Query 5-6,text,true,,263,155,9,69,http://localhost:8080/search?q=beauty&author=Oscar%20Wilde,102,0,0
1782353902357,102,HTTP Request,200,OK,Author Query 5-5,text,true,,263,155,9,69,http://localhost:8080/search?q=beauty&author=Oscar%20Wilde,102,0,0
1782353902358,107,HTTP Request,200,OK,Author Query 5-8,text,true,,263,155,9,69,http://localhost:8080/search?q=beauty&author=Oscar%20Wilde,107,0,0
1782353902371,113,HTTP Request,200,OK,Author Query 5-10,text,true,,263,155,9,69,http://localhost:8080/search?q=beauty&author=Oscar%20Wilde,113,0,0
1782353902421,129,HTTP Request,200,OK,Author Query 5-3,text,true,,263,155,9,69,http://localhost:8080/search?q=beauty&author=Oscar%20Wilde,129,0,0
1782353902459,92,HTTP Request,200,OK,Author Query 5-6,text,true,,263,155,9,69,http://localhost:8080/search?q=beauty&author=Oscar%20Wilde,92,0,0
1782353902466,85,HTTP Request,200,OK,Author Query 5-8,text,true,,263,155,9,69,http://localhost:8080/search?q=beauty&author=Oscar%20Wilde,85,0,0
1782353902420,150,HTTP Request,200,OK,Author Query 5-9,text,true,,263,155,9,69,http://localhost:8080/search?q=beauty&author=Oscar%20Wilde,150,0,0
1782353902459,172,HTTP Request,200,OK,Author Query 5-5,text,true,,263,155,9,69,http://localhost:8080/search?q=beauty&author=Oscar%20Wilde,172,0,0
1782353902438,193,HTTP Request,200,OK,Author Query 5-7,text,true,,263,155,9,69,http://localhost:8080/search?q=beauty&author=Oscar%20Wilde,193,0,0
1782353902421,211,HTTP Request,200,OK,Author Query 5-4,text,true,,263,155,9,69,http://localhost:8080/search?q=beauty&author=Oscar%20Wilde,211,0,0
1782353902484,148,HTTP Request,200,OK,Author Query 5-10,text,true,,263,155,9,69,http://localhost:8080/search?q=beauty&author=Oscar%20Wilde,148,0,0
1782353902438,194,HTTP Request,200,OK,Author Query 5-2,text,true,,263,155,9,69,http://localhost:8080/search?q=beauty&author=Oscar%20Wilde,194,0,0
1782353902552,103,HTTP Request,200,OK,Author Query 5-6,text,true,,263,155,9,69,http://localhost:8080/search?q=beauty&author=Oscar%20Wilde,103,0,0
1782353902571,89,HTTP Request,200,OK,Author Query 5-9,text,true,,263,155,9,69,http://localhost:8080/search?q=beauty&author=Oscar%20Wilde,89,0,0
1782353902551,137,HTTP Request,200,OK,Author Query 5-3,text,true,,263,155,9,69,http://localhost:8080/search?q=beauty&author=Oscar%20Wilde,137,0,0
1782353902553,141,HTTP Request,200,OK,Author Query 5-8,text,true,,263,155,9,69,http://localhost:8080/search?q=beauty&author=Oscar%20Wilde,141,0,0
1782353902632,103,HTTP Request,200,OK,Author Query 5-5,text,true,,263,155,9,69,http://localhost:8080/search?q=beauty&author=Oscar%20Wilde,103,0,0
1782353902634,107,HTTP Request,200,OK,Author Query 5-2,text,true,,263,155,9,69,http://localhost:8080/search?q=beauty&author=Oscar%20Wilde,107,0,0
1782353902633,108,HTTP Request,200,OK,Author Query 5-4,text,true,,263,155,9,69,http://localhost:8080/search?q=beauty&author=Oscar%20Wilde,108,0,0
1782353902656,91,HTTP Request,200,OK,Author Query 5-6,text,true,,263,155,9,69,http://localhost:8080/search?q=beauty&author=Oscar%20Wilde,91,0,0
1782353902633,120,HTTP Request,200,OK,Author Query 5-7,text,true,,263,155,9,69,http://localhost:8080/search?q=beauty&author=Oscar%20Wilde,120,0,0
1782353902633,144,HTTP Request,200,OK,Author Query 5-10,text,true,,263,155,9,69,http://localhost:8080/search?q=beauty&author=Oscar%20Wilde,144,0,0
1782353902694,84,HTTP Request,200,OK,Author Query 5-8,text,true,,263,155,9,69,http://localhost:8080/search?q=beauty&author=Oscar%20Wilde,84,0,0
1782353902660,119,HTTP Request,200,OK,Author Query 5-9,text,true,,263,155,9,69,http://localhost:8080/search?q=beauty&author=Oscar%20Wilde,119,0,0
1782353902688,93,HTTP Request,200,OK,Author Query 5-3,text,true,,263,155,9,69,http://localhost:8080/search?q=beauty&author=Oscar%20Wilde,93,0,0
1782353902747,75,HTTP Request,200,OK,Author Query 5-6,text,true,,263,155,9,69,http://localhost:8080/search?q=beauty&author=Oscar%20Wilde,75,0,0
1782353902735,96,HTTP Request,200,OK,Author Query 5-5,text,true,,263,155,9,69,http://localhost:8080/search?q=beauty&author=Oscar%20Wilde,96,0,0
1782353902741,120,HTTP Request,200,OK,Author Query 5-4,text,true,,263,155,9,69,http://localhost:8080/search?q=beauty&author=Oscar%20Wilde,120,0,0
1782353902781,90,HTTP Request,200,OK,Author Query 5-3,text,true,,263,155,9,69,http://localhost:8080/search?q=beauty&author=Oscar%20Wilde,90,0,0
1782353902777,100,HTTP Request,200,OK,Author Query 5-10,text,true,,263,155,9,69,http://localhost:8080/search?q=beauty&author=Oscar%20Wilde,100,0,0
1782353902754,124,HTTP Request,200,OK,Author Query 5-7,text,true,,263,155,9,69,http://localhost:8080/search?q=beauty&author=Oscar%20Wilde,124,0,0
1782353902741,138,HTTP Request,200,OK,Author Query 5-2,text,true,,263,155,9,69,http://localhost:8080/search?q=beauty&author=Oscar%20Wilde,138,0,0
1782353902779,166,HTTP Request,200,OK,Author Query 5-9,text,true,,263,155,9,69,http://localhost:8080/search?q=beauty&author=Oscar%20Wilde,166,0,0
1782353902831,115,HTTP Request,200,OK,Author Query 5-5,text,true,,263,155,9,69,http://localhost:8080/search?q=beauty&author=Oscar%20Wilde,115,0,0
1782353902778,168,HTTP Request,200,OK,Author Query 5-8,text,true,,263,155,9,69,http://localhost:8080/search?q=beauty&author=Oscar%20Wilde,168,0,0
1782353902822,124,HTTP Request,200,OK,Author Query 5-6,text,true,,263,155,9,69,http://localhost:8080/search?q=beauty&author=Oscar%20Wilde,124,0,0
1782353902861,125,HTTP Request,200,OK,Author Query 5-4,text,true,,263,155,9,69,http://localhost:8080/search?q=beauty&author=Oscar%20Wilde,125,0,0
1782353902877,109,HTTP Request,200,OK,Author Query 5-10,text,true,,263,155,9,69,http://localhost:8080/search?q=beauty&author=Oscar%20Wilde,109,0,0
1782353902879,126,HTTP Request,200,OK,Author Query 5-2,text,true,,263,155,9,69,http://localhost:8080/search?q=beauty&author=Oscar%20Wilde,126,0,0
1782353902871,152,HTTP Request,200,OK,Author Query 5-3,text,true,,263,155,9,69,http://localhost:8080/search?q=beauty&author=Oscar%20Wilde,152,0,0
1782353902947,90,HTTP Request,200,OK,Author Query 5-6,text,true,,263,155,9,69,http://localhost:8080/search?q=beauty&author=Oscar%20Wilde,90,0,0
1782353902878,159,HTTP Request,200,OK,Author Query 5-7,text,true,,263,155,9,69,http://localhost:8080/search?q=beauty&author=Oscar%20Wilde,159,0,1
1782353902946,91,HTTP Request,200,OK,Author Query 5-5,text,true,,263,155,9,69,http://localhost:8080/search?q=beauty&author=Oscar%20Wilde,91,0,0
1782353902945,148,HTTP Request,200,OK,Author Query 5-9,text,true,,263,155,9,69,http://localhost:8080/search?q=beauty&author=Oscar%20Wilde,148,0,0
1782353902946,149,HTTP Request,200,OK,Author Query 5-8,text,true,,263,155,9,69,http://localhost:8080/search?q=beauty&author=Oscar%20Wilde,149,0,0
1782353902986,126,HTTP Request,200,OK,Author Query 5-10,text,true,,263,155,9,69,http://localhost:8080/search?q=beauty&author=Oscar%20Wilde,126,0,0
1782353903037,76,HTTP Request,200,OK,Author Query 5-5,text,true,,263,155,9,69,http://localhost:8080/search?q=beauty&author=Oscar%20Wilde,75,0,0
1782353902986,129,HTTP Request,200,OK,Author Query 5-4,text,true,,263,155,9,69,http://localhost:8080/search?q=beauty&author=Oscar%20Wilde,129,0,0
1782353903024,92,HTTP Request,200,OK,Author Query 5-3,text,true,,263,155,9,69,http://localhost:8080/search?q=beauty&author=Oscar%20Wilde,92,0,0
1782353903005,114,HTTP Request,200,OK,Author Query 5-2,text,true,,263,155,9,69,http://localhost:8080/search?q=beauty&author=Oscar%20Wilde,114,0,0
1782353903037,82,HTTP Request,200,OK,Author Query 5-7,text,true,,263,155,9,69,http://localhost:8080/search?q=beauty&author=Oscar%20Wilde,82,0,0
1782353903037,93,HTTP Request,200,OK,Author Query 5-6,text,true,,263,155,9,69,http://localhost:8080/search?q=beauty&author=Oscar%20Wilde,93,0,0
1782353903113,79,HTTP Request,200,OK,Author Query 5-5,text,true,,263,155,9,69,http://localhost:8080/search?q=beauty&author=Oscar%20Wilde,79,0,0
1782353903131,61,HTTP Request,200,OK,Author Query 5-6,text,true,,263,155,9,69,http://localhost:8080/search?q=beauty&author=Oscar%20Wilde,61,0,0
1782353903116,77,HTTP Request,200,OK,Author Query 5-3,text,true,,263,155,9,69,http://localhost:8080/search?q=beauty&author=Oscar%20Wilde,77,0,0
1782353903094,99,HTTP Request,200,OK,Author Query 5-9,text,true,,263,155,9,69,http://localhost:8080/search?q=beauty&author=Oscar%20Wilde,99,0,0
1782353903115,78,HTTP Request,200,OK,Author Query 5-4,text,true,,263,155,9,69,http://localhost:8080/search?q=beauty&author=Oscar%20Wilde,78,0,0
1782353903113,82,HTTP Request,200,OK,Author Query 5-10,text,true,,263,155,9,69,http://localhost:8080/search?q=beauty&author=Oscar%20Wilde,82,0,0
1782353903095,105,HTTP Request,200,OK,Author Query 5-8,text,true,,263,155,9,69,http://localhost:8080/search?q=beauty&author=Oscar%20Wilde,105,0,0
1782353903119,93,HTTP Request,200,OK,Author Query 5-2,text,true,,263,155,9,69,http://localhost:8080/search?q=beauty&author=Oscar%20Wilde,93,0,0
1782353903119,97,HTTP Request,200,OK,Author Query 5-7,text,true,,263,155,9,69,http://localhost:8080/search?q=beauty&author=Oscar%20Wilde,97,0,0
1782353903193,64,HTTP Request,200,OK,Author Query 5-4,text,true,,263,155,9,69,http://localhost:8080/search?q=beauty&author=Oscar%20Wilde,64,0,0
1782353903193,65,HTTP Request,200,OK,Author Query 5-6,text,true,,263,155,9,69,http://localhost:8080/search?q=beauty&author=Oscar%20Wilde,65,0,0
1782353903193,65,HTTP Request,200,OK,Author Query 5-5,text,true,,263,155,9,69,http://localhost:8080/search?q=beauty&author=Oscar%20Wilde,65,0,0
1782353903193,91,HTTP Request,200,OK,Author Query 5-9,text,true,,263,155,9,69,http://localhost:8080/search?q=beauty&author=Oscar%20Wilde,91,0,0
1782353903213,72,HTTP Request,200,OK,Author Query 5-2,text,true,,263,155,9,69,http://localhost:8080/search?q=beauty&author=Oscar%20Wilde,72,0,0
1782353903193,111,HTTP Request,200,OK,Author Query 5-3,text,true,,263,155,9,69,http://localhost:8080/search?q=beauty&author=Oscar%20Wilde,111,0,0
1782353903216,89,HTTP Request,200,OK,Author Query 5-7,text,true,,263,155,9,69,http://localhost:8080/search?q=beauty&author=Oscar%20Wilde,89,0,0
1782353903195,111,HTTP Request,200,OK,Author Query 5-10,text,true,,263,155,9,69,http://localhost:8080/search?q=beauty&author=Oscar%20Wilde,111,0,0
1782353903200,123,HTTP Request,200,OK,Author Query 5-8,text,true,,263,155,9,69,http://localhost:8080/search?q=beauty&author=Oscar%20Wilde,123,0,0
1782353903258,84,HTTP Request,200,OK,Author Query 5-4,text,true,,263,155,9,69,http://localhost:8080/search?q=beauty&author=Oscar%20Wilde,84,0,0
1782353903258,91,HTTP Request,200,OK,Author Query 5-6,text,true,,263,155,9,69,http://localhost:8080/search?q=beauty&author=Oscar%20Wilde,91,0,0
1782353903284,89,HTTP Request,200,OK,Author Query 5-9,text,true,,263,155,9,69,http://localhost:8080/search?q=beauty&author=Oscar%20Wilde,89,0,0
1782353903258,115,HTTP Request,200,OK,Author Query 5-5,text,true,,263,155,9,69,http://localhost:8080/search?q=beauty&author=Oscar%20Wilde,115,0,0
1782353903306,94,HTTP Request,200,OK,Author Query 5-10,text,true,,263,155,9,69,http://localhost:8080/search?q=beauty&author=Oscar%20Wilde,94,0,0
1782353903305,111,HTTP Request,200,OK,Author Query 5-7,text,true,,263,155,9,69,http://localhost:8080/search?q=beauty&author=Oscar%20Wilde,111,0,0
1782353903304,112,HTTP Request,200,OK,Author Query 5-3,text,true,,263,155,9,69,http://localhost:8080/search?q=beauty&author=Oscar%20Wilde,112,0,0
1782353903323,94,HTTP Request,200,OK,Author Query 5-8,text,true,,263,155,9,69,http://localhost:8080/search?q=beauty&author=Oscar%20Wilde,94,0,0
1782353903285,132,HTTP Request,200,OK,Author Query 5-2,text,true,,263,155,9,69,http://localhost:8080/search?q=beauty&author=Oscar%20Wilde,132,0,0
1782353903342,75,HTTP Request,200,OK,Author Query 5-4,text,true,,263,155,9,69,http://localhost:8080/search?q=beauty&author=Oscar%20Wilde,75,0,0
1782353903350,84,HTTP Request,200,OK,Author Query 5-6,text,true,,263,155,9,69,http://localhost:8080/search?q=beauty&author=Oscar%20Wilde,84,0,0
1782353903373,66,HTTP Request,200,OK,Author Query 5-5,text,true,,263,155,9,69,http://localhost:8080/search?q=beauty&author=Oscar%20Wilde,66,0,0
1782353903373,68,HTTP Request,200,OK,Author Query 5-9,text,true,,263,155,9,69,http://localhost:8080/search?q=beauty&author=Oscar%20Wilde,68,0,0
1782353903400,101,HTTP Request,200,OK,Author Query 5-10,text,true,,263,155,9,69,http://localhost:8080/search?q=beauty&author=Oscar%20Wilde,101,0,0
1782353903417,151,HTTP Request,200,OK,Author Query 5-3,text,true,,263,155,9,69,http://localhost:8080/search?q=beauty&author=Oscar%20Wilde,151,0,0
1782353903418,151,HTTP Request,200,OK,Author Query 5-2,text,true,,263,155,9,69,http://localhost:8080/search?q=beauty&author=Oscar%20Wilde,151,0,0
1782353903417,152,HTTP Request,200,OK,Author Query 5-7,text,true,,263,155,9,69,http://localhost:8080/search?q=beauty&author=Oscar%20Wilde,152,0,0
1782353903417,152,HTTP Request,200,OK,Author Query 5-8,text,true,,263,155,9,69,http://localhost:8080/search?q=beauty&author=Oscar%20Wilde,152,0,0
1782353903418,154,HTTP Request,200,OK,Author Query 5-4,text,true,,263,155,9,69,http://localhost:8080/search?q=beauty&author=Oscar%20Wilde,154,0,0
1782353903434,139,HTTP Request,200,OK,Author Query 5-6,text,true,,263,155,9,69,http://localhost:8080/search?q=beauty&author=Oscar%20Wilde,139,0,0
1782353903441,133,HTTP Request,200,OK,Author Query 5-9,text,true,,263,155,9,69,http://localhost:8080/search?q=beauty&author=Oscar%20Wilde,133,0,0
1782353903439,135,HTTP Request,200,OK,Author Query 5-5,text,true,,263,155,9,69,http://localhost:8080/search?q=beauty&author=Oscar%20Wilde,135,0,0
1782353903502,93,HTTP Request,200,OK,Author Query 5-10,text,true,,263,155,9,69,http://localhost:8080/search?q=beauty&author=Oscar%20Wilde,93,0,0
1782353903568,104,HTTP Request,200,OK,Author Query 5-3,text,true,,263,155,9,69,http://localhost:8080/search?q=beauty&author=Oscar%20Wilde,104,0,0
1782353903569,107,HTTP Request,200,OK,Author Query 5-2,text,true,,263,155,9,69,http://localhost:8080/search?q=beauty&author=Oscar%20Wilde,107,0,0
1782353903574,102,HTTP Request,200,OK,Author Query 5-9,text,true,,263,155,9,69,http://localhost:8080/search?q=beauty&author=Oscar%20Wilde,102,0,0
1782353903574,102,HTTP Request,200,OK,Author Query 5-5,text,true,,263,155,9,69,http://localhost:8080/search?q=beauty&author=Oscar%20Wilde,102,0,0
1782353903572,104,HTTP Request,200,OK,Author Query 5-4,text,true,,263,155,9,69,http://localhost:8080/search?q=beauty&author=Oscar%20Wilde,104,0,0
1782353903574,102,HTTP Request,200,OK,Author Query 5-6,text,true,,263,155,9,69,http://localhost:8080/search?q=beauty&author=Oscar%20Wilde,102,0,0
1782353903569,113,HTTP Request,200,OK,Author Query 5-7,text,true,,263,155,9,69,http://localhost:8080/search?q=beauty&author=Oscar%20Wilde,113,0,0
1782353903570,116,HTTP Request,200,OK,Author Query 5-8,text,true,,263,155,9,69,http://localhost:8080/search?q=beauty&author=Oscar%20Wilde,116,0,0
1782353903595,107,HTTP Request,200,OK,Author Query 5-10,text,true,,263,155,9,69,http://localhost:8080/search?q=beauty&author=Oscar%20Wilde,107,0,0
1782353903672,54,HTTP Request,200,OK,Author Query 5-3,text,true,,263,155,9,69,http://localhost:8080/search?q=beauty&author=Oscar%20Wilde,54,0,0
1782353903676,63,HTTP Request,200,OK,Author Query 5-6,text,true,,263,155,9,69,http://localhost:8080/search?q=beauty&author=Oscar%20Wilde,63,0,0
1782353903676,63,HTTP Request,200,OK,Author Query 5-4,text,true,,263,155,9,69,http://localhost:8080/search?q=beauty&author=Oscar%20Wilde,63,0,0
1782353903682,57,HTTP Request,200,OK,Author Query 5-7,text,true,,263,155,9,69,http://localhost:8080/search?q=beauty&author=Oscar%20Wilde,57,0,0
1782353903676,64,HTTP Request,200,OK,Author Query 5-5,text,true,,263,155,9,69,http://localhost:8080/search?q=beauty&author=Oscar%20Wilde,64,0,0
1782353903676,65,HTTP Request,200,OK,Author Query 5-9,text,true,,263,155,9,69,http://localhost:8080/search?q=beauty&author=Oscar%20Wilde,65,0,0
1782353903676,67,HTTP Request,200,OK,Author Query 5-2,text,true,,263,155,9,69,http://localhost:8080/search?q=beauty&author=Oscar%20Wilde,67,0,0
1782353903686,65,HTTP Request,200,OK,Author Query 5-8,text,true,,263,155,9,69,http://localhost:8080/search?q=beauty&author=Oscar%20Wilde,65,0,0
1782353903702,62,HTTP Request,200,OK,Author Query 5-10,text,true,,263,155,9,69,http://localhost:8080/search?q=beauty&author=Oscar%20Wilde,62,0,0
1782353903726,53,HTTP Request,200,OK,Author Query 5-3,text,true,,263,155,9,69,http://localhost:8080/search?q=beauty&author=Oscar%20Wilde,53,0,0
1782353903743,75,HTTP Request,200,OK,Author Query 5-2,text,true,,263,155,9,69,http://localhost:8080/search?q=beauty&author=Oscar%20Wilde,75,0,0
1782353903740,81,HTTP Request,200,OK,Author Query 5-5,text,true,,263,155,9,69,http://localhost:8080/search?q=beauty&author=Oscar%20Wilde,81,0,0
1782353903751,70,HTTP Request,200,OK,Author Query 5-8,text,true,,263,155,9,69,http://localhost:8080/search?q=beauty&author=Oscar%20Wilde,70,0,0
1782353903740,82,HTTP Request,200,OK,Author Query 5-7,text,true,,263,155,9,69,http://localhost:8080/search?q=beauty&author=Oscar%20Wilde,82,0,0
1782353903764,58,HTTP Request,200,OK,Author Query 5-10,text,true,,263,155,9,69,http://localhost:8080/search?q=beauty&author=Oscar%20Wilde,58,0,0
1782353903739,83,HTTP Request,200,OK,Author Query 5-6,text,true,,263,155,9,69,http://localhost:8080/search?q=beauty&author=Oscar%20Wilde,83,0,0
1782353903741,81,HTTP Request,200,OK,Author Query 5-9,text,true,,263,155,9,69,http://localhost:8080/search?q=beauty&author=Oscar%20Wilde,81,0,0
1782353903739,84,HTTP Request,200,OK,Author Query 5-4,text,true,,263,155,9,69,http://localhost:8080/search?q=beauty&author=Oscar%20Wilde,84,0,0
1782353903779,58,HTTP Request,200,OK,Author Query 5-3,text,true,,263,155,9,69,http://localhost:8080/search?q=beauty&author=Oscar%20Wilde,58,0,0
1782353903822,52,HTTP Request,200,OK,Author Query 5-10,text,true,,263,155,9,69,http://localhost:8080/search?q=beauty&author=Oscar%20Wilde,52,0,0
1782353903823,57,HTTP Request,200,OK,Author Query 5-4,text,true,,263,155,9,69,http://localhost:8080/search?q=beauty&author=Oscar%20Wilde,57,0,0
1782353903822,60,HTTP Request,200,OK,Author Query 5-7,text,true,,263,155,9,69,http://localhost:8080/search?q=beauty&author=Oscar%20Wilde,60,0,0
1782353903822,96,HTTP Request,200,OK,Author Query 5-9,text,true,,263,155,9,69,http://localhost:8080/search?q=beauty&author=Oscar%20Wilde,96,0,0
1782353903818,101,HTTP Request,200,OK,Author Query 5-2,text,true,,263,155,9,69,http://localhost:8080/search?q=beauty&author=Oscar%20Wilde,101,0,0
1782353903821,98,HTTP Request,200,OK,Author Query 5-5,text,true,,263,155,9,69,http://localhost:8080/search?q=beauty&author=Oscar%20Wilde,98,0,0
1782353903821,99,HTTP Request,200,OK,Author Query 5-8,text,true,,263,155,9,69,http://localhost:8080/search?q=beauty&author=Oscar%20Wilde,99,0,0
1782353903822,98,HTTP Request,200,OK,Author Query 5-6,text,true,,263,155,9,69,http://localhost:8080/search?q=beauty&author=Oscar%20Wilde,98,0,0
1782353903837,83,HTTP Request,200,OK,Author Query 5-3,text,true,,263,155,9,69,http://localhost:8080/search?q=beauty&author=Oscar%20Wilde,83,0,0
1782353903882,67,HTTP Request,200,OK,Author Query 5-7,text,true,,263,155,9,69,http://localhost:8080/search?q=beauty&author=Oscar%20Wilde,67,0,0
1782353903874,75,HTTP Request,200,OK,Author Query 5-10,text,true,,263,155,9,69,http://localhost:8080/search?q=beauty&author=Oscar%20Wilde,75,0,0
1782353903880,71,HTTP Request,200,OK,Author Query 5-4,text,true,,263,155,9,68,http://localhost:8080/search?q=beauty&author=Oscar%20Wilde,71,0,0
1782353903920,59,HTTP Request,200,OK,Author Query 5-6,text,true,,263,155,9,68,http://localhost:8080/search?q=beauty&author=Oscar%20Wilde,59,0,0
1782353903920,75,HTTP Request,200,OK,Author Query 5-3,text,true,,263,155,9,68,http://localhost:8080/search?q=beauty&author=Oscar%20Wilde,75,0,0
1782353903919,78,HTTP Request,200,OK,Author Query 5-2,text,true,,263,155,9,68,http://localhost:8080/search?q=beauty&author=Oscar%20Wilde,78,0,0
1782353903918,88,HTTP Request,200,OK,Author Query 5-9,text,true,,263,155,9,68,http://localhost:8080/search?q=beauty&author=Oscar%20Wilde,88,0,0
1782353903920,93,HTTP Request,200,OK,Author Query 5-8,text,true,,263,155,9,68,http://localhost:8080/search?q=beauty&author=Oscar%20Wilde,93,0,1
1782353903920,109,HTTP Request,200,OK,Author Query 5-5,text,true,,263,155,9,68,http://localhost:8080/search?q=beauty&author=Oscar%20Wilde,109,0,0
1782353903949,81,HTTP Request,200,OK,Author Query 5-7,text,true,,263,155,9,68,http://localhost:8080/search?q=beauty&author=Oscar%20Wilde,81,0,0
1782353903951,80,HTTP Request,200,OK,Author Query 5-4,text,true,,263,155,9,68,http://localhost:8080/search?q=beauty&author=Oscar%20Wilde,80,0,0
1782353903949,83,HTTP Request,200,OK,Author Query 5-10,text,true,,263,155,9,68,http://localhost:8080/search?q=beauty&author=Oscar%20Wilde,83,0,0
1782353903979,69,HTTP Request,200,OK,Author Query 5-6,text,true,,263,155,9,68,http://localhost:8080/search?q=beauty&author=Oscar%20Wilde,69,0,0
1782353904006,79,HTTP Request,200,OK,Author Query 5-9,text,true,,263,155,9,68,http://localhost:8080/search?q=beauty&author=Oscar%20Wilde,79,0,0
1782353904013,72,HTTP Request,200,OK,Author Query 5-8,text,true,,263,155,9,68,http://localhost:8080/search?q=beauty&author=Oscar%20Wilde,72,0,0
1782353903995,90,HTTP Request,200,OK,Author Query 5-3,text,true,,263,155,9,68,http://localhost:8080/search?q=beauty&author=Oscar%20Wilde,90,0,0
1782353904030,56,HTTP Request,200,OK,Author Query 5-5,text,true,,263,155,9,68,http://localhost:8080/search?q=beauty&author=Oscar%20Wilde,56,0,0
1782353904031,55,HTTP Request,200,OK,Author Query 5-7,text,true,,263,155,9,68,http://localhost:8080/search?q=beauty&author=Oscar%20Wilde,55,0,0
1782353903998,99,HTTP Request,200,OK,Author Query 5-2,text,true,,263,155,9,68,http://localhost:8080/search?q=beauty&author=Oscar%20Wilde,99,0,0
1782353904031,67,HTTP Request,200,OK,Author Query 5-4,text,true,,263,155,9,68,http://localhost:8080/search?q=beauty&author=Oscar%20Wilde,67,0,0
1782353904048,61,HTTP Request,200,OK,Author Query 5-6,text,true,,263,155,9,68,http://localhost:8080/search?q=beauty&author=Oscar%20Wilde,61,0,0
1782353904032,85,HTTP Request,200,OK,Author Query 5-10,text,true,,263,155,9,68,http://localhost:8080/search?q=beauty&author=Oscar%20Wilde,85,0,0
1782353904085,73,HTTP Request,200,OK,Author Query 5-3,text,true,,263,155,9,68,http://localhost:8080/search?q=beauty&author=Oscar%20Wilde,73,0,0
1782353904086,75,HTTP Request,200,OK,Author Query 5-5,text,true,,263,155,9,68,http://localhost:8080/search?q=beauty&author=Oscar%20Wilde,75,0,0
1782353904085,88,HTTP Request,200,OK,Author Query 5-8,text,true,,263,155,9,68,http://localhost:8080/search?q=beauty&author=Oscar%20Wilde,88,0,0
1782353904109,77,HTTP Request,200,OK,Author Query 5-6,text,true,,263,155,9,68,http://localhost:8080/search?q=beauty&author=Oscar%20Wilde,77,0,0
1782353904117,73,HTTP Request,200,OK,Author Query 5-10,text,true,,263,155,9,68,http://localhost:8080/search?q=beauty&author=Oscar%20Wilde,73,0,0
1782353904099,97,HTTP Request,200,OK,Author Query 5-4,text,true,,263,155,9,68,http://localhost:8080/search?q=beauty&author=Oscar%20Wilde,97,0,0
1782353904097,99,HTTP Request,200,OK,Author Query 5-2,text,true,,263,155,9,68,http://localhost:8080/search?q=beauty&author=Oscar%20Wilde,99,0,0
1782353904085,112,HTTP Request,200,OK,Author Query 5-9,text,true,,263,155,9,68,http://localhost:8080/search?q=beauty&author=Oscar%20Wilde,112,0,0
1782353904086,111,HTTP Request,200,OK,Author Query 5-7,text,true,,263,155,9,68,http://localhost:8080/search?q=beauty&author=Oscar%20Wilde,111,0,0
1782353904158,54,HTTP Request,200,OK,Author Query 5-3,text,true,,263,155,9,68,http://localhost:8080/search?q=beauty&author=Oscar%20Wilde,54,0,0
1782353904161,69,HTTP Request,200,OK,Author Query 5-5,text,true,,263,155,9,68,http://localhost:8080/search?q=beauty&author=Oscar%20Wilde,69,0,0
1782353904190,62,HTTP Request,200,OK,Author Query 5-10,text,true,,263,155,9,68,http://localhost:8080/search?q=beauty&author=Oscar%20Wilde,62,0,0
1782353904186,68,HTTP Request,200,OK,Author Query 5-6,text,true,,263,155,9,68,http://localhost:8080/search?q=beauty&author=Oscar%20Wilde,68,0,0
1782353904173,90,HTTP Request,200,OK,Author Query 5-8,text,true,,263,155,9,68,http://localhost:8080/search?q=beauty&author=Oscar%20Wilde,90,0,0
1782353904196,70,HTTP Request,200,OK,Author Query 5-4,text,true,,263,155,9,68,http://localhost:8080/search?q=beauty&author=Oscar%20Wilde,70,0,0
1782353904197,70,HTTP Request,200,OK,Author Query 5-2,text,true,,263,155,9,67,http://localhost:8080/search?q=beauty&author=Oscar%20Wilde,70,0,0
1782353904197,77,HTTP Request,200,OK,Author Query 5-9,text,true,,263,155,9,67,http://localhost:8080/search?q=beauty&author=Oscar%20Wilde,77,0,0
1782353904197,79,HTTP Request,200,OK,Author Query 5-7,text,true,,263,155,9,67,http://localhost:8080/search?q=beauty&author=Oscar%20Wilde,79,0,0
1782353904213,80,HTTP Request,200,OK,Author Query 5-3,text,true,,263,155,9,67,http://localhost:8080/search?q=beauty&author=Oscar%20Wilde,80,0,0
1782353904230,85,HTTP Request,200,OK,Author Query 5-5,text,true,,263,155,9,67,http://localhost:8080/search?q=beauty&author=Oscar%20Wilde,85,0,0
1782353904254,75,HTTP Request,200,OK,Author Query 5-6,text,true,,263,155,9,67,http://localhost:8080/search?q=beauty&author=Oscar%20Wilde,75,0,0
1782353904253,77,HTTP Request,200,OK,Author Query 5-10,text,true,,263,155,9,67,http://localhost:8080/search?q=beauty&author=Oscar%20Wilde,77,0,0
1782353904266,92,HTTP Request,200,OK,Author Query 5-4,text,true,,263,155,9,67,http://localhost:8080/search?q=beauty&author=Oscar%20Wilde,92,0,0
1782353904263,95,HTTP Request,200,OK,Author Query 5-8,text,true,,263,155,9,67,http://localhost:8080/search?q=beauty&author=Oscar%20Wilde,95,0,0
1782353904276,82,HTTP Request,200,OK,Author Query 5-7,text,true,,263,155,9,67,http://localhost:8080/search?q=beauty&author=Oscar%20Wilde,82,0,0
1782353904274,90,HTTP Request,200,OK,Author Query 5-9,text,true,,263,155,9,67,http://localhost:8080/search?q=beauty&author=Oscar%20Wilde,90,0,0
1782353904293,72,HTTP Request,200,OK,Author Query 5-3,text,true,,263,155,9,67,http://localhost:8080/search?q=beauty&author=Oscar%20Wilde,72,0,0
1782353904268,116,HTTP Request,200,OK,Author Query 5-2,text,true,,263,155,9,67,http://localhost:8080/search?q=beauty&author=Oscar%20Wilde,116,0,0
1782353904330,85,HTTP Request,200,OK,Author Query 5-10,text,true,,263,155,9,67,http://localhost:8080/search?q=beauty&author=Oscar%20Wilde,85,0,0
1782353904315,107,HTTP Request,200,OK,Author Query 5-5,text,true,,263,155,9,67,http://localhost:8080/search?q=beauty&author=Oscar%20Wilde,107,0,0
1782353904358,74,HTTP Request,200,OK,Author Query 5-7,text,true,,263,155,9,67,http://localhost:8080/search?q=beauty&author=Oscar%20Wilde,74,0,0
1782353904358,78,HTTP Request,200,OK,Author Query 5-8,text,true,,263,155,9,67,http://localhost:8080/search?q=beauty&author=Oscar%20Wilde,78,0,0
1782353904358,88,HTTP Request,200,OK,Author Query 5-4,text,true,,263,155,9,67,http://localhost:8080/search?q=beauty&author=Oscar%20Wilde,88,0,0
1782353904364,82,HTTP Request,200,OK,Author Query 5-9,text,true,,263,155,9,67,http://localhost:8080/search?q=beauty&author=Oscar%20Wilde,82,0,0
1782353904365,81,HTTP Request,200,OK,Author Query 5-3,text,true,,263,155,9,67,http://localhost:8080/search?q=beauty&author=Oscar%20Wilde,81,0,0
1782353904330,117,HTTP Request,200,OK,Author Query 5-6,text,true,,263,155,9,67,http://localhost:8080/search?q=beauty&author=Oscar%20Wilde,117,0,0
1782353904417,60,HTTP Request,200,OK,Author Query 5-10,text,true,,263,155,9,67,http://localhost:8080/search?q=beauty&author=Oscar%20Wilde,60,0,0
1782353904384,99,HTTP Request,200,OK,Author Query 5-2,text,true,,263,155,9,67,http://localhost:8080/search?q=beauty&author=Oscar%20Wilde,98,0,0
1782353904446,56,HTTP Request,200,OK,Author Query 5-3,text,true,,263,155,8,66,http://localhost:8080/search?q=beauty&author=Oscar%20Wilde,56,0,0
1782353904432,70,HTTP Request,200,OK,Author Query 5-7,text,true,,263,155,8,66,http://localhost:8080/search?q=beauty&author=Oscar%20Wilde,70,0,0
1782353904436,66,HTTP Request,200,OK,Author Query 5-8,text,true,,263,155,8,66,http://localhost:8080/search?q=beauty&author=Oscar%20Wilde,66,0,0
1782353904422,85,HTTP Request,200,OK,Author Query 5-5,text,true,,263,155,8,66,http://localhost:8080/search?q=beauty&author=Oscar%20Wilde,85,0,0
1782353904446,80,HTTP Request,200,OK,Author Query 5-9,text,true,,263,155,8,66,http://localhost:8080/search?q=beauty&author=Oscar%20Wilde,80,0,0
1782353904446,80,HTTP Request,200,OK,Author Query 5-4,text,true,,263,155,8,66,http://localhost:8080/search?q=beauty&author=Oscar%20Wilde,80,0,0
1782353904447,80,HTTP Request,200,OK,Author Query 5-6,text,true,,263,155,8,66,http://localhost:8080/search?q=beauty&author=Oscar%20Wilde,80,0,0
1782353904478,66,HTTP Request,200,OK,Author Query 5-10,text,true,,263,155,8,66,http://localhost:8080/search?q=beauty&author=Oscar%20Wilde,66,0,0
1782353904502,54,HTTP Request,200,OK,Author Query 5-7,text,true,,263,155,8,66,http://localhost:8080/search?q=beauty&author=Oscar%20Wilde,54,0,0
1782353904502,80,HTTP Request,200,OK,Author Query 5-8,text,true,,263,155,8,66,http://localhost:8080/search?q=beauty&author=Oscar%20Wilde,80,0,0
1782353904527,131,HTTP Request,200,OK,Author Query 5-6,text,true,,263,155,8,66,http://localhost:8080/search?q=beauty&author=Oscar%20Wilde,131,0,0
1782353904557,101,HTTP Request,200,OK,Author Query 5-7,text,true,,263,155,8,66,http://localhost:8080/search?q=beauty&author=Oscar%20Wilde,101,0,0
1782353904526,133,HTTP Request,200,OK,Author Query 5-9,text,true,,263,155,8,66,http://localhost:8080/search?q=beauty&author=Oscar%20Wilde,133,0,0
1782353904502,157,HTTP Request,200,OK,Author Query 5-3,text,true,,263,155,8,66,http://localhost:8080/search?q=beauty&author=Oscar%20Wilde,157,0,0
1782353904526,134,HTTP Request,200,OK,Author Query 5-4,text,true,,263,155,8,66,http://localhost:8080/search?q=beauty&author=Oscar%20Wilde,134,0,0
1782353904544,120,HTTP Request,200,OK,Author Query 5-10,text,true,,263,155,8,66,http://localhost:8080/search?q=beauty&author=Oscar%20Wilde,120,0,0
1782353904508,157,HTTP Request,200,OK,Author Query 5-5,text,true,,263,155,8,66,http://localhost:8080/search?q=beauty&author=Oscar%20Wilde,157,0,0
1782353904582,110,HTTP Request,200,OK,Author Query 5-8,text,true,,263,155,8,66,http://localhost:8080/search?q=beauty&author=Oscar%20Wilde,110,0,0
1782353904660,85,HTTP Request,200,OK,Author Query 5-3,text,true,,263,155,8,66,http://localhost:8080/search?q=beauty&author=Oscar%20Wilde,85,0,0
1782353904658,89,HTTP Request,200,OK,Author Query 5-7,text,true,,263,155,8,66,http://localhost:8080/search?q=beauty&author=Oscar%20Wilde,89,0,0
1782353904665,90,HTTP Request,200,OK,Author Query 5-5,text,true,,263,155,8,66,http://localhost:8080/search?q=beauty&author=Oscar%20Wilde,90,0,0
1782353904664,126,HTTP Request,200,OK,Author Query 5-10,text,true,,263,155,8,66,http://localhost:8080/search?q=beauty&author=Oscar%20Wilde,126,0,0
1782353904659,139,HTTP Request,200,OK,Author Query 5-9,text,true,,263,155,8,66,http://localhost:8080/search?q=beauty&author=Oscar%20Wilde,139,0,0
1782353904660,138,HTTP Request,200,OK,Author Query 5-4,text,true,,263,155,8,66,http://localhost:8080/search?q=beauty&author=Oscar%20Wilde,138,0,0
1782353904658,147,HTTP Request,200,OK,Author Query 5-6,text,true,,263,155,8,66,http://localhost:8080/search?q=beauty&author=Oscar%20Wilde,147,0,0
1782353904692,114,HTTP Request,200,OK,Author Query 5-8,text,true,,263,155,8,66,http://localhost:8080/search?q=beauty&author=Oscar%20Wilde,114,0,0
1782353904745,91,HTTP Request,200,OK,Author Query 5-3,text,true,,263,155,8,66,http://localhost:8080/search?q=beauty&author=Oscar%20Wilde,91,0,0
1782353904747,89,HTTP Request,200,OK,Author Query 5-7,text,true,,263,155,8,66,http://localhost:8080/search?q=beauty&author=Oscar%20Wilde,89,0,0
1782353904755,101,HTTP Request,200,OK,Author Query 5-5,text,true,,263,155,8,66,http://localhost:8080/search?q=beauty&author=Oscar%20Wilde,101,0,0
1782353904790,113,HTTP Request,200,OK,Author Query 5-10,text,true,,263,155,8,66,http://localhost:8080/search?q=beauty&author=Oscar%20Wilde,113,0,0
1782353904798,145,HTTP Request,200,OK,Author Query 5-9,text,true,,263,155,8,66,http://localhost:8080/search?q=beauty&author=Oscar%20Wilde,145,0,0
1782353904806,137,HTTP Request,200,OK,Author Query 5-8,text,true,,263,155,8,66,http://localhost:8080/search?q=beauty&author=Oscar%20Wilde,137,0,0
1782353904836,110,HTTP Request,200,OK,Author Query 5-7,text,true,,263,155,8,66,http://localhost:8080/search?q=beauty&author=Oscar%20Wilde,110,0,0
1782353904836,110,HTTP Request,200,OK,Author Query 5-3,text,true,,263,155,8,66,http://localhost:8080/search?q=beauty&author=Oscar%20Wilde,110,0,0
1782353904856,100,HTTP Request,200,OK,Author Query 5-5,text,true,,263,155,8,66,http://localhost:8080/search?q=beauty&author=Oscar%20Wilde,100,0,0
1782353904798,159,HTTP Request,200,OK,Author Query 5-4,text,true,,263,155,8,66,http://localhost:8080/search?q=beauty&author=Oscar%20Wilde,159,0,0
1782353904805,154,HTTP Request,200,OK,Author Query 5-6,text,true,,263,155,8,66,http://localhost:8080/search?q=beauty&author=Oscar%20Wilde,154,0,0
1782353904943,89,HTTP Request,200,OK,Author Query 5-9,text,true,,263,155,8,66,http://localhost:8080/search?q=beauty&author=Oscar%20Wilde,89,0,1
1782353904904,133,HTTP Request,200,OK,Author Query 5-10,text,true,,263,155,8,66,http://localhost:8080/search?q=beauty&author=Oscar%20Wilde,133,0,0
1782353904956,125,HTTP Request,200,OK,Author Query 5-5,text,true,,263,155,8,66,http://localhost:8080/search?q=beauty&author=Oscar%20Wilde,125,0,0
1782353904946,135,HTTP Request,200,OK,Author Query 5-7,text,true,,263,155,8,66,http://localhost:8080/search?q=beauty&author=Oscar%20Wilde,135,0,0
1782353904943,138,HTTP Request,200,OK,Author Query 5-8,text,true,,263,155,8,66,http://localhost:8080/search?q=beauty&author=Oscar%20Wilde,138,0,0
1782353904959,124,HTTP Request,200,OK,Author Query 5-6,text,true,,263,155,8,66,http://localhost:8080/search?q=beauty&author=Oscar%20Wilde,124,0,0
1782353904957,127,HTTP Request,200,OK,Author Query 5-4,text,true,,263,155,8,66,http://localhost:8080/search?q=beauty&author=Oscar%20Wilde,127,0,0
1782353904946,138,HTTP Request,200,OK,Author Query 5-3,text,true,,263,155,8,66,http://localhost:8080/search?q=beauty&author=Oscar%20Wilde,138,0,0
1782353905032,123,HTTP Request,200,OK,Author Query 5-9,text,true,,263,155,8,65,http://localhost:8080/search?q=beauty&author=Oscar%20Wilde,123,0,0
1782353905037,136,HTTP Request,200,OK,Author Query 5-10,text,true,,263,155,8,65,http://localhost:8080/search?q=beauty&author=Oscar%20Wilde,136,0,0
1782353905081,94,HTTP Request,200,OK,Author Query 5-8,text,true,,263,155,8,65,http://localhost:8080/search?q=beauty&author=Oscar%20Wilde,94,0,0
1782353905083,92,HTTP Request,200,OK,Author Query 5-6,text,true,,263,155,8,65,http://localhost:8080/search?q=beauty&author=Oscar%20Wilde,92,0,0
1782353905084,110,HTTP Request,200,OK,Author Query 5-3,text,true,,263,155,8,65,http://localhost:8080/search?q=beauty&author=Oscar%20Wilde,110,0,0
1782353905081,128,HTTP Request,200,OK,Author Query 5-7,text,true,,263,155,8,65,http://localhost:8080/search?q=beauty&author=Oscar%20Wilde,128,0,0
1782353905084,126,HTTP Request,200,OK,Author Query 5-4,text,true,,263,155,8,65,http://localhost:8080/search?q=beauty&author=Oscar%20Wilde,126,0,0
1782353905081,129,HTTP Request,200,OK,Author Query 5-5,text,true,,263,155,8,65,http://localhost:8080/search?q=beauty&author=Oscar%20Wilde,129,0,0
1782353905155,73,HTTP Request,200,OK,Author Query 5-9,text,true,,263,155,8,65,http://localhost:8080/search?q=beauty&author=Oscar%20Wilde,72,0,0
1782353905173,139,HTTP Request,200,OK,Author Query 5-10,text,true,,263,155,8,65,http://localhost:8080/search?q=beauty&author=Oscar%20Wilde,139,0,0
1782353905176,138,HTTP Request,200,OK,Author Query 5-6,text,true,,263,155,8,65,http://localhost:8080/search?q=beauty&author=Oscar%20Wilde,138,0,0
1782353905176,138,HTTP Request,200,OK,Author Query 5-8,text,true,,263,155,8,65,http://localhost:8080/search?q=beauty&author=Oscar%20Wilde,138,0,0
1782353905194,140,HTTP Request,200,OK,Author Query 5-3,text,true,,263,155,8,65,http://localhost:8080/search?q=beauty&author=Oscar%20Wilde,140,0,0
1782353905210,126,HTTP Request,200,OK,Author Query 5-5,text,true,,263,155,8,65,http://localhost:8080/search?q=beauty&author=Oscar%20Wilde,126,0,0
1782353905209,141,HTTP Request,200,OK,Author Query 5-7,text,true,,263,155,8,65,http://localhost:8080/search?q=beauty&author=Oscar%20Wilde,141,0,0
1782353905228,123,HTTP Request,200,OK,Author Query 5-9,text,true,,263,155,8,65,http://localhost:8080/search?q=beauty&author=Oscar%20Wilde,123,0,0
1782353905210,141,HTTP Request,200,OK,Author Query 5-4,text,true,,263,155,8,65,http://localhost:8080/search?q=beauty&author=Oscar%20Wilde,141,0,0
1782353905334,75,HTTP Request,200,OK,Author Query 5-3,text,true,,263,155,8,65,http://localhost:8080/search?q=beauty&author=Oscar%20Wilde,75,0,0
1782353905314,98,HTTP Request,200,OK,Author Query 5-8,text,true,,263,155,8,65,http://localhost:8080/search?q=beauty&author=Oscar%20Wilde,98,0,0
1782353905314,99,HTTP Request,200,OK,Author Query 5-6,text,true,,263,155,8,65,http://localhost:8080/search?q=beauty&author=Oscar%20Wilde,99,0,0
1782353905312,101,HTTP Request,200,OK,Author Query 5-10,text,true,,263,155,8,65,http://localhost:8080/search?q=beauty&author=Oscar%20Wilde,101,0,0
1782353905351,81,HTTP Request,200,OK,Author Query 5-4,text,true,,263,155,8,65,http://localhost:8080/search?q=beauty&author=Oscar%20Wilde,81,0,0
1782353905336,97,HTTP Request,200,OK,Author Query 5-5,text,true,,263,155,8,65,http://localhost:8080/search?q=beauty&author=Oscar%20Wilde,97,0,0
1782353905351,122,HTTP Request,200,OK,Author Query 5-9,text,true,,263,155,8,65,http://localhost:8080/search?q=beauty&author=Oscar%20Wilde,122,0,0
1782353905351,125,HTTP Request,200,OK,Author Query 5-7,text,true,,263,155,8,65,http://localhost:8080/search?q=beauty&author=Oscar%20Wilde,125,0,0
1782353905412,84,HTTP Request,200,OK,Author Query 5-8,text,true,,263,155,8,65,http://localhost:8080/search?q=beauty&author=Oscar%20Wilde,84,0,0
1782353905413,86,HTTP Request,200,OK,Author Query 5-10,text,true,,263,155,8,65,http://localhost:8080/search?q=beauty&author=Oscar%20Wilde,86,0,0
1782353905409,134,HTTP Request,200,OK,Author Query 5-3,text,true,,263,155,8,65,http://localhost:8080/search?q=beauty&author=Oscar%20Wilde,134,0,0
1782353905413,130,HTTP Request,200,OK,Author Query 5-6,text,true,,263,155,8,65,http://localhost:8080/search?q=beauty&author=Oscar%20Wilde,130,0,0
1782353905433,129,HTTP Request,200,OK,Author Query 5-5,text,true,,263,155,7,64,http://localhost:8080/search?q=beauty&author=Oscar%20Wilde,129,0,0
1782353905433,129,HTTP Request,200,OK,Author Query 5-4,text,true,,263,155,7,64,http://localhost:8080/search?q=beauty&author=Oscar%20Wilde,129,0,0
1782353905473,101,HTTP Request,200,OK,Author Query 5-9,text,true,,263,155,7,64,http://localhost:8080/search?q=beauty&author=Oscar%20Wilde,101,0,0
1782353905476,98,HTTP Request,200,OK,Author Query 5-7,text,true,,263,155,7,64,http://localhost:8080/search?q=beauty&author=Oscar%20Wilde,98,0,0
1782353905496,100,HTTP Request,200,OK,Author Query 5-8,text,true,,263,155,7,64,http://localhost:8080/search?q=beauty&author=Oscar%20Wilde,100,0,0
1782353905499,105,HTTP Request,200,OK,Author Query 5-10,text,true,,263,155,7,64,http://localhost:8080/search?q=beauty&author=Oscar%20Wilde,105,0,0
1782353905544,65,HTTP Request,200,OK,Author Query 5-6,text,true,,263,155,7,64,http://localhost:8080/search?q=beauty&author=Oscar%20Wilde,65,0,0
1782353905574,79,HTTP Request,200,OK,Author Query 5-9,text,true,,263,155,7,64,http://localhost:8080/search?q=beauty&author=Oscar%20Wilde,79,0,0
1782353905574,80,HTTP Request,200,OK,Author Query 5-7,text,true,,263,155,7,64,http://localhost:8080/search?q=beauty&author=Oscar%20Wilde,80,0,0
1782353905562,103,HTTP Request,200,OK,Author Query 5-4,text,true,,263,155,7,64,http://localhost:8080/search?q=beauty&author=Oscar%20Wilde,103,0,0
1782353905562,104,HTTP Request,200,OK,Author Query 5-5,text,true,,263,155,7,64,http://localhost:8080/search?q=beauty&author=Oscar%20Wilde,104,0,0
1782353905596,70,HTTP Request,200,OK,Author Query 5-8,text,true,,263,155,7,64,http://localhost:8080/search?q=beauty&author=Oscar%20Wilde,70,0,0
1782353905604,81,HTTP Request,200,OK,Author Query 5-10,text,true,,263,155,7,64,http://localhost:8080/search?q=beauty&author=Oscar%20Wilde,81,0,0
1782353905609,88,HTTP Request,200,OK,Author Query 5-6,text,true,,263,155,7,64,http://localhost:8080/search?q=beauty&author=Oscar%20Wilde,88,0,0
1782353905653,85,HTTP Request,200,OK,Author Query 5-9,text,true,,263,155,7,64,http://localhost:8080/search?q=beauty&author=Oscar%20Wilde,85,0,0
1782353905685,60,HTTP Request,200,OK,Author Query 5-10,text,true,,263,155,7,64,http://localhost:8080/search?q=beauty&author=Oscar%20Wilde,60,0,0
1782353905654,112,HTTP Request,200,OK,Author Query 5-7,text,true,,263,155,7,64,http://localhost:8080/search?q=beauty&author=Oscar%20Wilde,112,0,0
1782353905697,80,HTTP Request,200,OK,Author Query 5-6,text,true,,263,155,7,64,http://localhost:8080/search?q=beauty&author=Oscar%20Wilde,80,0,0
1782353905666,111,HTTP Request,200,OK,Author Query 5-8,text,true,,263,155,7,64,http://localhost:8080/search?q=beauty&author=Oscar%20Wilde,111,0,0
1782353905666,122,HTTP Request,200,OK,Author Query 5-5,text,true,,263,155,7,64,http://localhost:8080/search?q=beauty&author=Oscar%20Wilde,122,0,0
1782353905666,123,HTTP Request,200,OK,Author Query 5-4,text,true,,263,155,7,64,http://localhost:8080/search?q=beauty&author=Oscar%20Wilde,123,0,0
1782353905745,73,HTTP Request,200,OK,Author Query 5-10,text,true,,263,155,7,64,http://localhost:8080/search?q=beauty&author=Oscar%20Wilde,73,0,0
1782353905739,80,HTTP Request,200,OK,Author Query 5-9,text,true,,263,155,7,64,http://localhost:8080/search?q=beauty&author=Oscar%20Wilde,80,0,0
1782353905777,69,HTTP Request,200,OK,Author Query 5-6,text,true,,263,155,7,64,http://localhost:8080/search?q=beauty&author=Oscar%20Wilde,69,0,0
1782353905778,79,HTTP Request,200,OK,Author Query 5-8,text,true,,263,155,7,64,http://localhost:8080/search?q=beauty&author=Oscar%20Wilde,79,0,0
1782353905789,74,HTTP Request,200,OK,Author Query 5-4,text,true,,263,155,7,64,http://localhost:8080/search?q=beauty&author=Oscar%20Wilde,74,0,0
1782353905766,100,HTTP Request,200,OK,Author Query 5-7,text,true,,263,155,7,64,http://localhost:8080/search?q=beauty&author=Oscar%20Wilde,100,0,0
1782353905788,78,HTTP Request,200,OK,Author Query 5-5,text,true,,263,155,7,64,http://localhost:8080/search?q=beauty&author=Oscar%20Wilde,78,0,0
1782353905819,74,HTTP Request,200,OK,Author Query 5-10,text,true,,263,155,7,63,http://localhost:8080/search?q=beauty&author=Oscar%20Wilde,74,0,1
1782353905819,79,HTTP Request,200,OK,Author Query 5-9,text,true,,263,155,7,63,http://localhost:8080/search?q=beauty&author=Oscar%20Wilde,79,0,0
1782353905857,80,HTTP Request,200,OK,Author Query 5-8,text,true,,263,155,7,63,http://localhost:8080/search?q=beauty&author=Oscar%20Wilde,80,0,0
1782353905846,107,HTTP Request,200,OK,Author Query 5-6,text,true,,263,155,7,63,http://localhost:8080/search?q=beauty&author=Oscar%20Wilde,107,0,0
1782353905866,88,HTTP Request,200,OK,Author Query 5-7,text,true,,263,155,7,63,http://localhost:8080/search?q=beauty&author=Oscar%20Wilde,88,0,0
1782353905863,98,HTTP Request,200,OK,Author Query 5-4,text,true,,263,155,7,63,http://localhost:8080/search?q=beauty&author=Oscar%20Wilde,98,0,0
1782353905898,71,HTTP Request,200,OK,Author Query 5-9,text,true,,263,155,7,63,http://localhost:8080/search?q=beauty&author=Oscar%20Wilde,70,0,0
1782353905866,128,HTTP Request,200,OK,Author Query 5-5,text,true,,263,155,7,63,http://localhost:8080/search?q=beauty&author=Oscar%20Wilde,128,0,0
1782353905893,106,HTTP Request,200,OK,Author Query 5-10,text,true,,263,155,7,63,http://localhost:8080/search?q=beauty&author=Oscar%20Wilde,106,0,0
1782353905953,79,HTTP Request,200,OK,Author Query 5-6,text,true,,263,155,7,63,http://localhost:8080/search?q=beauty&author=Oscar%20Wilde,79,0,0
1782353905961,81,HTTP Request,200,OK,Author Query 5-4,text,true,,263,155,7,63,http://localhost:8080/search?q=beauty&author=Oscar%20Wilde,81,0,0
1782353905969,86,HTTP Request,200,OK,Author Query 5-9,text,true,,263,155,7,63,http://localhost:8080/search?q=beauty&author=Oscar%20Wilde,86,0,0
1782353905937,119,HTTP Request,200,OK,Author Query 5-8,text,true,,263,155,7,63,http://localhost:8080/search?q=beauty&author=Oscar%20Wilde,118,0,0
1782353905954,102,HTTP Request,200,OK,Author Query 5-7,text,true,,263,155,7,63,http://localhost:8080/search?q=beauty&author=Oscar%20Wilde,102,0,0
1782353905994,97,HTTP Request,200,OK,Author Query 5-5,text,true,,263,155,7,63,http://localhost:8080/search?q=beauty&author=Oscar%20Wilde,97,0,0
1782353905999,99,HTTP Request,200,OK,Author Query 5-10,text,true,,263,155,7,63,http://localhost:8080/search?q=beauty&author=Oscar%20Wilde,99,0,0
1782353906032,73,HTTP Request,200,OK,Author Query 5-6,text,true,,263,155,7,63,http://localhost:8080/search?q=beauty&author=Oscar%20Wilde,73,0,0
1782353906056,68,HTTP Request,200,OK,Author Query 5-8,text,true,,263,155,7,63,http://localhost:8080/search?q=beauty&author=Oscar%20Wilde,68,0,0
1782353906056,71,HTTP Request,200,OK,Author Query 5-7,text,true,,263,155,7,63,http://localhost:8080/search?q=beauty&author=Oscar%20Wilde,71,0,0
1782353906056,71,HTTP Request,200,OK,Author Query 5-9,text,true,,263,155,7,63,http://localhost:8080/search?q=beauty&author=Oscar%20Wilde,71,0,0
1782353906042,100,HTTP Request,200,OK,Author Query 5-4,text,true,,263,155,7,63,http://localhost:8080/search?q=beauty&author=Oscar%20Wilde,100,0,0
1782353906099,84,HTTP Request,200,OK,Author Query 5-10,text,true,,263,155,7,63,http://localhost:8080/search?q=beauty&author=Oscar%20Wilde,84,0,0
1782353906105,79,HTTP Request,200,OK,Author Query 5-6,text,true,,263,155,7,63,http://localhost:8080/search?q=beauty&author=Oscar%20Wilde,79,0,0
1782353906092,93,HTTP Request,200,OK,Author Query 5-5,text,true,,263,155,7,63,http://localhost:8080/search?q=beauty&author=Oscar%20Wilde,93,0,0
1782353906128,63,HTTP Request,200,OK,Author Query 5-9,text,true,,263,155,7,63,http://localhost:8080/search?q=beauty&author=Oscar%20Wilde,63,0,0
1782353906127,70,HTTP Request,200,OK,Author Query 5-7,text,true,,263,155,7,63,http://localhost:8080/search?q=beauty&author=Oscar%20Wilde,70,0,0
1782353906124,75,HTTP Request,200,OK,Author Query 5-8,text,true,,263,155,7,63,http://localhost:8080/search?q=beauty&author=Oscar%20Wilde,75,0,0
1782353906143,68,HTTP Request,200,OK,Author Query 5-4,text,true,,263,155,7,63,http://localhost:8080/search?q=beauty&author=Oscar%20Wilde,68,0,0
1782353906184,58,HTTP Request,200,OK,Author Query 5-10,text,true,,263,155,7,63,http://localhost:8080/search?q=beauty&author=Oscar%20Wilde,58,0,0
1782353906191,59,HTTP Request,200,OK,Author Query 5-9,text,true,,263,155,7,63,http://localhost:8080/search?q=beauty&author=Oscar%20Wilde,59,0,0
1782353906185,70,HTTP Request,200,OK,Author Query 5-6,text,true,,263,155,7,63,http://localhost:8080/search?q=beauty&author=Oscar%20Wilde,70,0,0
1782353906185,74,HTTP Request,200,OK,Author Query 5-5,text,true,,263,155,7,63,http://localhost:8080/search?q=beauty&author=Oscar%20Wilde,74,0,0
1782353906198,77,HTTP Request,200,OK,Author Query 5-7,text,true,,263,155,7,63,http://localhost:8080/search?q=beauty&author=Oscar%20Wilde,77,0,0
1782353906199,89,HTTP Request,200,OK,Author Query 5-8,text,true,,263,155,7,63,http://localhost:8080/search?q=beauty&author=Oscar%20Wilde,89,0,0
1782353906212,91,HTTP Request,200,OK,Author Query 5-4,text,true,,263,155,7,63,http://localhost:8080/search?q=beauty&author=Oscar%20Wilde,91,0,0
1782353906250,60,HTTP Request,200,OK,Author Query 5-9,text,true,,263,155,7,63,http://localhost:8080/search?q=beauty&author=Oscar%20Wilde,60,0,0
1782353906242,68,HTTP Request,200,OK,Author Query 5-10,text,true,,263,155,7,63,http://localhost:8080/search?q=beauty&author=Oscar%20Wilde,68,0,0
1782353906255,72,HTTP Request,200,OK,Author Query 5-6,text,true,,263,155,7,63,http://localhost:8080/search?q=beauty&author=Oscar%20Wilde,72,0,0
1782353906259,81,HTTP Request,200,OK,Author Query 5-5,text,true,,263,155,7,63,http://localhost:8080/search?q=beauty&author=Oscar%20Wilde,81,0,0
1782353906275,92,HTTP Request,200,OK,Author Query 5-7,text,true,,263,155,7,63,http://localhost:8080/search?q=beauty&author=Oscar%20Wilde,92,0,0
1782353906289,78,HTTP Request,200,OK,Author Query 5-8,text,true,,263,155,7,63,http://localhost:8080/search?q=beauty&author=Oscar%20Wilde,78,0,0
1782353906303,82,HTTP Request,200,OK,Author Query 5-4,text,true,,263,155,7,63,http://localhost:8080/search?q=beauty&author=Oscar%20Wilde,82,0,0
1782353906310,76,HTTP Request,200,OK,Author Query 5-10,text,true,,263,155,7,63,http://localhost:8080/search?q=beauty&author=Oscar%20Wilde,76,0,0
1782353906310,76,HTTP Request,200,OK,Author Query 5-9,text,true,,263,155,7,63,http://localhost:8080/search?q=beauty&author=Oscar%20Wilde,76,0,0
1782353906327,84,HTTP Request,200,OK,Author Query 5-6,text,true,,263,155,7,63,http://localhost:8080/search?q=beauty&author=Oscar%20Wilde,84,0,0
1782353906341,93,HTTP Request,200,OK,Author Query 5-5,text,true,,263,155,7,63,http://localhost:8080/search?q=beauty&author=Oscar%20Wilde,93,0,0
1782353906367,68,HTTP Request,200,OK,Author Query 5-7,text,true,,263,155,7,63,http://localhost:8080/search?q=beauty&author=Oscar%20Wilde,68,0,0
1782353906386,63,HTTP Request,200,OK,Author Query 5-10,text,true,,263,155,7,63,http://localhost:8080/search?q=beauty&author=Oscar%20Wilde,63,0,0
1782353906386,64,HTTP Request,200,OK,Author Query 5-9,text,true,,263,155,7,63,http://localhost:8080/search?q=beauty&author=Oscar%20Wilde,64,0,0
1782353906367,90,HTTP Request,200,OK,Author Query 5-8,text,true,,263,155,7,63,http://localhost:8080/search?q=beauty&author=Oscar%20Wilde,90,0,0
1782353906385,81,HTTP Request,200,OK,Author Query 5-4,text,true,,263,155,7,63,http://localhost:8080/search?q=beauty&author=Oscar%20Wilde,81,0,0
1782353906412,88,HTTP Request,200,OK,Author Query 5-6,text,true,,263,155,6,62,http://localhost:8080/search?q=beauty&author=Oscar%20Wilde,88,0,0
1782353906436,74,HTTP Request,200,OK,Author Query 5-7,text,true,,263,155,6,62,http://localhost:8080/search?q=beauty&author=Oscar%20Wilde,74,0,0
1782353906435,91,HTTP Request,200,OK,Author Query 5-5,text,true,,263,155,6,62,http://localhost:8080/search?q=beauty&author=Oscar%20Wilde,91,0,0
1782353906458,71,HTTP Request,200,OK,Author Query 5-8,text,true,,263,155,6,62,http://localhost:8080/search?q=beauty&author=Oscar%20Wilde,71,0,0
1782353906450,101,HTTP Request,200,OK,Author Query 5-9,text,true,,263,155,6,62,http://localhost:8080/search?q=beauty&author=Oscar%20Wilde,101,0,0
1782353906450,118,HTTP Request,200,OK,Author Query 5-10,text,true,,263,155,6,62,http://localhost:8080/search?q=beauty&author=Oscar%20Wilde,118,0,0
1782353906500,118,HTTP Request,200,OK,Author Query 5-6,text,true,,263,155,6,62,http://localhost:8080/search?q=beauty&author=Oscar%20Wilde,118,0,0
1782353906529,89,HTTP Request,200,OK,Author Query 5-8,text,true,,263,155,6,62,http://localhost:8080/search?q=beauty&author=Oscar%20Wilde,89,0,0
1782353906527,102,HTTP Request,200,OK,Author Query 5-5,text,true,,263,155,6,62,http://localhost:8080/search?q=beauty&author=Oscar%20Wilde,102,0,0
1782353906510,127,HTTP Request,200,OK,Author Query 5-7,text,true,,263,155,6,62,http://localhost:8080/search?q=beauty&author=Oscar%20Wilde,127,0,0
1782353906551,96,HTTP Request,200,OK,Author Query 5-9,text,true,,263,155,6,62,http://localhost:8080/search?q=beauty&author=Oscar%20Wilde,96,0,0
1782353906568,120,HTTP Request,200,OK,Author Query 5-10,text,true,,263,155,6,61,http://localhost:8080/search?q=beauty&author=Oscar%20Wilde,120,0,0
1782353906618,72,HTTP Request,200,OK,Author Query 5-6,text,true,,263,155,6,61,http://localhost:8080/search?q=beauty&author=Oscar%20Wilde,72,0,0
1782353906618,86,HTTP Request,200,OK,Author Query 5-8,text,true,,263,155,6,61,http://localhost:8080/search?q=beauty&author=Oscar%20Wilde,86,0,0
1782353906630,96,HTTP Request,200,OK,Author Query 5-5,text,true,,263,155,6,61,http://localhost:8080/search?q=beauty&author=Oscar%20Wilde,96,0,0
1782353906647,92,HTTP Request,200,OK,Author Query 5-9,text,true,,263,155,6,61,http://localhost:8080/search?q=beauty&author=Oscar%20Wilde,92,0,0
1782353906690,61,HTTP Request,200,OK,Author Query 5-6,text,true,,263,155,6,61,http://localhost:8080/search?q=beauty&author=Oscar%20Wilde,61,0,0
1782353906688,63,HTTP Request,200,OK,Author Query 5-10,text,true,,263,155,6,61,http://localhost:8080/search?q=beauty&author=Oscar%20Wilde,63,0,0
1782353906637,114,HTTP Request,200,OK,Author Query 5-7,text,true,,263,155,6,61,http://localhost:8080/search?q=beauty&author=Oscar%20Wilde,114,0,0
1782353906705,77,HTTP Request,200,OK,Author Query 5-8,text,true,,263,155,6,61,http://localhost:8080/search?q=beauty&author=Oscar%20Wilde,77,0,0
1782353906739,75,HTTP Request,200,OK,Author Query 5-9,text,true,,263,155,6,61,http://localhost:8080/search?q=beauty&author=Oscar%20Wilde,75,0,0
1782353906726,88,HTTP Request,200,OK,Author Query 5-5,text,true,,263,155,6,61,http://localhost:8080/search?q=beauty&author=Oscar%20Wilde,88,0,0
1782353906751,63,HTTP Request,200,OK,Author Query 5-6,text,true,,263,155,6,61,http://localhost:8080/search?q=beauty&author=Oscar%20Wilde,63,0,0
1782353906751,65,HTTP Request,200,OK,Author Query 5-10,text,true,,263,155,6,61,http://localhost:8080/search?q=beauty&author=Oscar%20Wilde,65,0,0
1782353906752,83,HTTP Request,200,OK,Author Query 5-7,text,true,,263,155,6,61,http://localhost:8080/search?q=beauty&author=Oscar%20Wilde,83,0,0
1782353906782,109,HTTP Request,200,OK,Author Query 5-8,text,true,,263,155,6,61,http://localhost:8080/search?q=beauty&author=Oscar%20Wilde,109,0,0
1782353906814,77,HTTP Request,200,OK,Author Query 5-9,text,true,,263,155,6,61,http://localhost:8080/search?q=beauty&author=Oscar%20Wilde,77,0,0
1782353906814,78,HTTP Request,200,OK,Author Query 5-5,text,true,,263,155,6,61,http://localhost:8080/search?q=beauty&author=Oscar%20Wilde,78,0,0
1782353906815,79,HTTP Request,200,OK,Author Query 5-6,text,true,,263,155,6,61,http://localhost:8080/search?q=beauty&author=Oscar%20Wilde,79,0,0
1782353906816,78,HTTP Request,200,OK,Author Query 5-10,text,true,,263,155,6,61,http://localhost:8080/search?q=beauty&author=Oscar%20Wilde,78,0,0
1782353906835,96,HTTP Request,200,OK,Author Query 5-7,text,true,,263,155,6,61,http://localhost:8080/search?q=beauty&author=Oscar%20Wilde,96,0,0
1782353906891,64,HTTP Request,200,OK,Author Query 5-9,text,true,,263,155,6,61,http://localhost:8080/search?q=beauty&author=Oscar%20Wilde,64,0,0
1782353906892,64,HTTP Request,200,OK,Author Query 5-5,text,true,,263,155,6,61,http://localhost:8080/search?q=beauty&author=Oscar%20Wilde,64,0,0
1782353906894,62,HTTP Request,200,OK,Author Query 5-10,text,true,,263,155,6,61,http://localhost:8080/search?q=beauty&author=Oscar%20Wilde,62,0,0
1782353906891,66,HTTP Request,200,OK,Author Query 5-8,text,true,,263,155,6,60,http://localhost:8080/search?q=beauty&author=Oscar%20Wilde,66,0,0
1782353906894,69,HTTP Request,200,OK,Author Query 5-6,text,true,,263,155,6,60,http://localhost:8080/search?q=beauty&author=Oscar%20Wilde,69,0,0
1782353906931,111,HTTP Request,200,OK,Author Query 5-7,text,true,,263,155,6,60,http://localhost:8080/search?q=beauty&author=Oscar%20Wilde,111,0,0
1782353906956,103,HTTP Request,200,OK,Author Query 5-5,text,true,,263,155,6,59,http://localhost:8080/search?q=beauty&author=Oscar%20Wilde,103,0,0
1782353906956,110,HTTP Request,200,OK,Author Query 5-9,text,true,,263,155,6,59,http://localhost:8080/search?q=beauty&author=Oscar%20Wilde,110,0,0
1782353906957,116,HTTP Request,200,OK,Author Query 5-8,text,true,,263,155,6,59,http://localhost:8080/search?q=beauty&author=Oscar%20Wilde,116,0,0
1782353906963,114,HTTP Request,200,OK,Author Query 5-6,text,true,,263,155,6,59,http://localhost:8080/search?q=beauty&author=Oscar%20Wilde,114,0,0
1782353906956,151,HTTP Request,200,OK,Author Query 5-10,text,true,,263,155,6,59,http://localhost:8080/search?q=beauty&author=Oscar%20Wilde,151,0,0
1782353907042,85,HTTP Request,200,OK,Author Query 5-7,text,true,,263,155,6,59,http://localhost:8080/search?q=beauty&author=Oscar%20Wilde,85,0,0
1782353907059,95,HTTP Request,200,OK,Author Query 5-5,text,true,,263,155,6,59,http://localhost:8080/search?q=beauty&author=Oscar%20Wilde,95,0,0
1782353907066,89,HTTP Request,200,OK,Author Query 5-9,text,true,,263,155,6,59,http://localhost:8080/search?q=beauty&author=Oscar%20Wilde,89,0,0
1782353907078,79,HTTP Request,200,OK,Author Query 5-6,text,true,,263,155,6,59,http://localhost:8080/search?q=beauty&author=Oscar%20Wilde,79,0,0
1782353907073,84,HTTP Request,200,OK,Author Query 5-8,text,true,,263,155,6,59,http://localhost:8080/search?q=beauty&author=Oscar%20Wilde,84,0,0
1782353907107,80,HTTP Request,200,OK,Author Query 5-10,text,true,,263,155,6,59,http://localhost:8080/search?q=beauty&author=Oscar%20Wilde,80,0,0
1782353907127,94,HTTP Request,200,OK,Author Query 5-7,text,true,,263,155,6,59,http://localhost:8080/search?q=beauty&author=Oscar%20Wilde,94,0,0
1782353907157,64,HTTP Request,200,OK,Author Query 5-8,text,true,,263,155,6,59,http://localhost:8080/search?q=beauty&author=Oscar%20Wilde,64,0,0
1782353907154,102,HTTP Request,200,OK,Author Query 5-5,text,true,,263,155,6,59,http://localhost:8080/search?q=beauty&author=Oscar%20Wilde,102,0,0
1782353907157,103,HTTP Request,200,OK,Author Query 5-6,text,true,,263,155,5,58,http://localhost:8080/search?q=beauty&author=Oscar%20Wilde,103,0,0
1782353907155,108,HTTP Request,200,OK,Author Query 5-9,text,true,,263,155,5,58,http://localhost:8080/search?q=beauty&author=Oscar%20Wilde,108,0,0
1782353907187,101,HTTP Request,200,OK,Author Query 5-10,text,true,,263,155,5,58,http://localhost:8080/search?q=beauty&author=Oscar%20Wilde,101,0,0
1782353907221,80,HTTP Request,200,OK,Author Query 5-8,text,true,,263,155,5,58,http://localhost:8080/search?q=beauty&author=Oscar%20Wilde,80,0,0
1782353907221,89,HTTP Request,200,OK,Author Query 5-7,text,true,,263,155,5,58,http://localhost:8080/search?q=beauty&author=Oscar%20Wilde,89,0,0
1782353907261,61,HTTP Request,200,OK,Author Query 5-6,text,true,,263,155,5,58,http://localhost:8080/search?q=beauty&author=Oscar%20Wilde,61,0,0
1782353907263,59,HTTP Request,200,OK,Author Query 5-9,text,true,,263,155,5,58,http://localhost:8080/search?q=beauty&author=Oscar%20Wilde,59,0,0
1782353907289,67,HTTP Request,200,OK,Author Query 5-10,text,true,,263,155,5,58,http://localhost:8080/search?q=beauty&author=Oscar%20Wilde,67,0,0
1782353907310,50,HTTP Request,200,OK,Author Query 5-7,text,true,,263,155,5,58,http://localhost:8080/search?q=beauty&author=Oscar%20Wilde,50,0,0
1782353907301,71,HTTP Request,200,OK,Author Query 5-8,text,true,,263,155,5,58,http://localhost:8080/search?q=beauty&author=Oscar%20Wilde,71,0,0
1782353907322,62,HTTP Request,200,OK,Author Query 5-9,text,true,,263,155,5,58,http://localhost:8080/search?q=beauty&author=Oscar%20Wilde,62,0,0
1782353907322,63,HTTP Request,200,OK,Author Query 5-6,text,true,,263,155,5,58,http://localhost:8080/search?q=beauty&author=Oscar%20Wilde,63,0,0
1782353907356,56,HTTP Request,200,OK,Author Query 5-10,text,true,,263,155,5,58,http://localhost:8080/search?q=beauty&author=Oscar%20Wilde,56,0,0
1782353907360,59,HTTP Request,200,OK,Author Query 5-7,text,true,,263,155,5,58,http://localhost:8080/search?q=beauty&author=Oscar%20Wilde,59,0,0
1782353907385,73,HTTP Request,200,OK,Author Query 5-6,text,true,,263,155,5,58,http://localhost:8080/search?q=beauty&author=Oscar%20Wilde,73,0,0
1782353907384,75,HTTP Request,200,OK,Author Query 5-9,text,true,,263,155,5,58,http://localhost:8080/search?q=beauty&author=Oscar%20Wilde,75,0,0
1782353907372,88,HTTP Request,200,OK,Author Query 5-8,text,true,,263,155,5,58,http://localhost:8080/search?q=beauty&author=Oscar%20Wilde,88,0,0
1782353907412,55,HTTP Request,200,OK,Author Query 5-10,text,true,,263,155,5,58,http://localhost:8080/search?q=beauty&author=Oscar%20Wilde,55,0,0
1782353907419,63,HTTP Request,200,OK,Author Query 5-7,text,true,,263,155,5,58,http://localhost:8080/search?q=beauty&author=Oscar%20Wilde,63,0,0
1782353907458,75,HTTP Request,200,OK,Author Query 5-6,text,true,,263,155,5,58,http://localhost:8080/search?q=beauty&author=Oscar%20Wilde,75,0,0
1782353907459,75,HTTP Request,200,OK,Author Query 5-9,text,true,,263,155,5,58,http://localhost:8080/search?q=beauty&author=Oscar%20Wilde,75,0,0
1782353907460,79,HTTP Request,200,OK,Author Query 5-8,text,true,,263,155,5,58,http://localhost:8080/search?q=beauty&author=Oscar%20Wilde,79,0,0
1782353907467,102,HTTP Request,200,OK,Author Query 5-10,text,true,,263,155,5,58,http://localhost:8080/search?q=beauty&author=Oscar%20Wilde,102,0,0
1782353907482,125,HTTP Request,200,OK,Author Query 5-7,text,true,,263,155,5,58,http://localhost:8080/search?q=beauty&author=Oscar%20Wilde,125,0,0
1782353907540,88,HTTP Request,200,OK,Author Query 5-8,text,true,,263,155,5,57,http://localhost:8080/search?q=beauty&author=Oscar%20Wilde,88,0,0
1782353907534,95,HTTP Request,200,OK,Author Query 5-6,text,true,,263,155,5,57,http://localhost:8080/search?q=beauty&author=Oscar%20Wilde,95,0,0
1782353907535,98,HTTP Request,200,OK,Author Query 5-9,text,true,,263,155,4,56,http://localhost:8080/search?q=beauty&author=Oscar%20Wilde,98,0,0
1782353907570,106,HTTP Request,200,OK,Author Query 5-10,text,true,,263,155,4,56,http://localhost:8080/search?q=beauty&author=Oscar%20Wilde,106,0,0
1782353907611,95,HTTP Request,200,OK,Author Query 5-7,text,true,,263,155,4,56,http://localhost:8080/search?q=beauty&author=Oscar%20Wilde,95,0,0
1782353907633,85,HTTP Request,200,OK,Author Query 5-9,text,true,,263,155,4,56,http://localhost:8080/search?q=beauty&author=Oscar%20Wilde,85,0,0
1782353907629,89,HTTP Request,200,OK,Author Query 5-8,text,true,,263,155,4,56,http://localhost:8080/search?q=beauty&author=Oscar%20Wilde,89,0,0
1782353907676,101,HTTP Request,200,OK,Author Query 5-10,text,true,,263,155,4,56,http://localhost:8080/search?q=beauty&author=Oscar%20Wilde,101,0,0
1782353907706,110,HTTP Request,200,OK,Author Query 5-7,text,true,,263,155,4,56,http://localhost:8080/search?q=beauty&author=Oscar%20Wilde,110,0,0
1782353907718,116,HTTP Request,200,OK,Author Query 5-9,text,true,,263,155,4,56,http://localhost:8080/search?q=beauty&author=Oscar%20Wilde,116,0,0
1782353907777,87,HTTP Request,200,OK,Author Query 5-10,text,true,,263,155,4,56,http://localhost:8080/search?q=beauty&author=Oscar%20Wilde,87,0,0
1782353907718,152,HTTP Request,200,OK,Author Query 5-8,text,true,,263,155,4,56,http://localhost:8080/search?q=beauty&author=Oscar%20Wilde,152,0,0
1782353907816,89,HTTP Request,200,OK,Author Query 5-7,text,true,,263,155,4,55,http://localhost:8080/search?q=beauty&author=Oscar%20Wilde,89,0,0
1782353907835,86,HTTP Request,200,OK,Author Query 5-9,text,true,,263,155,4,55,http://localhost:8080/search?q=beauty&author=Oscar%20Wilde,86,0,0
1782353907865,60,HTTP Request,200,OK,Author Query 5-10,text,true,,263,155,4,55,http://localhost:8080/search?q=beauty&author=Oscar%20Wilde,60,0,0
1782353907871,83,HTTP Request,200,OK,Author Query 5-8,text,true,,263,155,4,55,http://localhost:8080/search?q=beauty&author=Oscar%20Wilde,83,0,0
1782353907905,87,HTTP Request,200,OK,Author Query 5-7,text,true,,263,155,4,55,http://localhost:8080/search?q=beauty&author=Oscar%20Wilde,87,0,0
1782353907926,71,HTTP Request,200,OK,Author Query 5-10,text,true,,263,155,4,55,http://localhost:8080/search?q=beauty&author=Oscar%20Wilde,71,0,0
1782353907921,77,HTTP Request,200,OK,Author Query 5-9,text,true,,263,155,4,55,http://localhost:8080/search?q=beauty&author=Oscar%20Wilde,77,0,0
1782353907955,64,HTTP Request,200,OK,Author Query 5-8,text,true,,263,155,4,54,http://localhost:8080/search?q=beauty&author=Oscar%20Wilde,64,0,0
1782353908019,71,HTTP Request,200,OK,Author Query 5-8,text,true,,263,155,4,54,http://localhost:8080/search?q=beauty&author=Oscar%20Wilde,71,0,0
1782353907997,93,HTTP Request,200,OK,Author Query 5-10,text,true,,263,155,4,54,http://localhost:8080/search?q=beauty&author=Oscar%20Wilde,93,0,0
1782353907998,118,HTTP Request,200,OK,Author Query 5-9,text,true,,263,155,4,54,http://localhost:8080/search?q=beauty&author=Oscar%20Wilde,118,0,0
1782353907993,132,HTTP Request,200,OK,Author Query 5-7,text,true,,263,155,4,54,http://localhost:8080/search?q=beauty&author=Oscar%20Wilde,132,0,0
1782353908090,75,HTTP Request,200,OK,Author Query 5-10,text,true,,263,155,4,54,http://localhost:8080/search?q=beauty&author=Oscar%20Wilde,75,0,0
1782353908090,75,HTTP Request,200,OK,Author Query 5-8,text,true,,263,155,4,54,http://localhost:8080/search?q=beauty&author=Oscar%20Wilde,75,0,0
1782353908125,59,HTTP Request,200,OK,Author Query 5-7,text,true,,263,155,4,54,http://localhost:8080/search?q=beauty&author=Oscar%20Wilde,59,0,0
1782353908117,78,HTTP Request,200,OK,Author Query 5-9,text,true,,263,155,4,54,http://localhost:8080/search?q=beauty&author=Oscar%20Wilde,78,0,0
1782353908165,54,HTTP Request,200,OK,Author Query 5-10,text,true,,263,155,4,54,http://localhost:8080/search?q=beauty&author=Oscar%20Wilde,54,0,0
1782353908166,56,HTTP Request,200,OK,Author Query 5-8,text,true,,263,155,4,54,http://localhost:8080/search?q=beauty&author=Oscar%20Wilde,56,0,0
1782353908184,58,HTTP Request,200,OK,Author Query 5-7,text,true,,263,155,4,54,http://localhost:8080/search?q=beauty&author=Oscar%20Wilde,58,0,0
1782353908195,51,HTTP Request,200,OK,Author Query 5-9,text,true,,263,155,4,54,http://localhost:8080/search?q=beauty&author=Oscar%20Wilde,51,0,0
1782353908222,66,HTTP Request,200,OK,Author Query 5-8,text,true,,263,155,4,54,http://localhost:8080/search?q=beauty&author=Oscar%20Wilde,66,0,0
1782353908219,79,HTTP Request,200,OK,Author Query 5-10,text,true,,263,155,4,54,http://localhost:8080/search?q=beauty&author=Oscar%20Wilde,79,0,0
1782353908242,77,HTTP Request,200,OK,Author Query 5-7,text,true,,263,155,4,54,http://localhost:8080/search?q=beauty&author=Oscar%20Wilde,77,0,0
1782353908246,85,HTTP Request,200,OK,Author Query 5-9,text,true,,263,155,4,54,http://localhost:8080/search?q=beauty&author=Oscar%20Wilde,84,0,0
1782353908288,74,HTTP Request,200,OK,Author Query 5-8,text,true,,263,155,4,54,http://localhost:8080/search?q=beauty&author=Oscar%20Wilde,74,0,0
1782353908298,71,HTTP Request,200,OK,Author Query 5-10,text,true,,263,155,4,54,http://localhost:8080/search?q=beauty&author=Oscar%20Wilde,71,0,0
1782353908319,66,HTTP Request,200,OK,Author Query 5-7,text,true,,263,155,4,54,http://localhost:8080/search?q=beauty&author=Oscar%20Wilde,66,0,0
1782353908331,72,HTTP Request,200,OK,Author Query 5-9,text,true,,263,155,4,54,http://localhost:8080/search?q=beauty&author=Oscar%20Wilde,72,0,0
1782353908362,63,HTTP Request,200,OK,Author Query 5-8,text,true,,263,155,4,54,http://localhost:8080/search?q=beauty&author=Oscar%20Wilde,63,0,0
1782353908385,63,HTTP Request,200,OK,Author Query 5-7,text,true,,263,155,4,54,http://localhost:8080/search?q=beauty&author=Oscar%20Wilde,63,0,0
1782353908369,81,HTTP Request,200,OK,Author Query 5-10,text,true,,263,155,4,54,http://localhost:8080/search?q=beauty&author=Oscar%20Wilde,81,0,0
1782353908403,133,HTTP Request,200,OK,Author Query 5-9,text,true,,263,155,4,54,http://localhost:8080/search?q=beauty&author=Oscar%20Wilde,133,0,0
1782353908448,107,HTTP Request,200,OK,Author Query 5-7,text,true,,263,155,4,54,http://localhost:8080/search?q=beauty&author=Oscar%20Wilde,107,0,0
1782353908450,106,HTTP Request,200,OK,Author Query 5-10,text,true,,263,155,4,54,http://localhost:8080/search?q=beauty&author=Oscar%20Wilde,106,0,0
1782353908425,137,HTTP Request,200,OK,Author Query 5-8,text,true,,263,155,4,54,http://localhost:8080/search?q=beauty&author=Oscar%20Wilde,137,0,0
1782353908536,91,HTTP Request,200,OK,Author Query 5-9,text,true,,263,155,4,54,http://localhost:8080/search?q=beauty&author=Oscar%20Wilde,91,0,0
1782353908556,124,HTTP Request,200,OK,Author Query 5-10,text,true,,263,155,4,54,http://localhost:8080/search?q=beauty&author=Oscar%20Wilde,124,0,0
1782353908556,125,HTTP Request,200,OK,Author Query 5-7,text,true,,263,155,4,54,http://localhost:8080/search?q=beauty&author=Oscar%20Wilde,125,0,0
1782353908562,142,HTTP Request,200,OK,Author Query 5-8,text,true,,263,155,4,54,http://localhost:8080/search?q=beauty&author=Oscar%20Wilde,142,0,0
1782353908681,92,HTTP Request,200,OK,Author Query 5-7,text,true,,263,155,4,54,http://localhost:8080/search?q=beauty&author=Oscar%20Wilde,92,0,0
1782353908628,161,HTTP Request,200,OK,Author Query 5-9,text,true,,263,155,4,54,http://localhost:8080/search?q=beauty&author=Oscar%20Wilde,161,0,0
1782353908680,110,HTTP Request,200,OK,Author Query 5-10,text,true,,263,155,4,54,http://localhost:8080/search?q=beauty&author=Oscar%20Wilde,110,0,0
1782353908704,127,HTTP Request,200,OK,Author Query 5-8,text,true,,263,155,4,53,http://localhost:8080/search?q=beauty&author=Oscar%20Wilde,127,0,0
1782353908790,95,HTTP Request,200,OK,Author Query 5-10,text,true,,263,155,4,53,http://localhost:8080/search?q=beauty&author=Oscar%20Wilde,95,0,0
1782353908789,98,HTTP Request,200,OK,Author Query 5-9,text,true,,263,155,4,53,http://localhost:8080/search?q=beauty&author=Oscar%20Wilde,97,0,0
1782353908773,130,HTTP Request,200,OK,Author Query 5-7,text,true,,263,155,4,53,http://localhost:8080/search?q=beauty&author=Oscar%20Wilde,130,0,0
1782353908885,62,HTTP Request,200,OK,Author Query 5-10,text,true,,263,155,4,53,http://localhost:8080/search?q=beauty&author=Oscar%20Wilde,62,0,0
1782353908831,117,HTTP Request,200,OK,Author Query 5-8,text,true,,263,155,4,53,http://localhost:8080/search?q=beauty&author=Oscar%20Wilde,117,0,0
1782353908887,79,HTTP Request,200,OK,Author Query 5-9,text,true,,263,155,4,53,http://localhost:8080/search?q=beauty&author=Oscar%20Wilde,79,0,0
1782353908903,117,HTTP Request,200,OK,Author Query 5-7,text,true,,263,155,4,53,http://localhost:8080/search?q=beauty&author=Oscar%20Wilde,117,0,0
1782353908948,104,HTTP Request,200,OK,Author Query 5-8,text,true,,263,155,4,53,http://localhost:8080/search?q=beauty&author=Oscar%20Wilde,104,0,0
1782353908948,134,HTTP Request,200,OK,Author Query 5-10,text,true,,263,155,3,52,http://localhost:8080/search?q=beauty&author=Oscar%20Wilde,134,0,0
1782353909020,83,HTTP Request,200,OK,Author Query 5-7,text,true,,263,155,3,52,http://localhost:8080/search?q=beauty&author=Oscar%20Wilde,83,0,0
1782353908966,171,HTTP Request,200,OK,Author Query 5-9,text,true,,263,155,2,51,http://localhost:8080/search?q=beauty&author=Oscar%20Wilde,171,0,0
1782353909082,97,HTTP Request,200,OK,Author Query 5-10,text,true,,263,155,2,51,http://localhost:8080/search?q=beauty&author=Oscar%20Wilde,97,0,0
1782353909137,91,HTTP Request,200,OK,Author Query 5-9,text,true,,263,155,2,50,http://localhost:8080/search?q=beauty&author=Oscar%20Wilde,91,0,0
1782353909179,90,HTTP Request,200,OK,Author Query 5-10,text,true,,263,155,2,50,http://localhost:8080/search?q=beauty&author=Oscar%20Wilde,90,0,0
1782353909228,99,HTTP Request,200,OK,Author Query 5-9,text,true,,263,155,2,50,http://localhost:8080/search?q=beauty&author=Oscar%20Wilde,99,0,0
1782353909269,77,HTTP Request,200,OK,Author Query 5-10,text,true,,263,155,2,50,http://localhost:8080/search?q=beauty&author=Oscar%20Wilde,77,0,0
1782353909327,88,HTTP Request,200,OK,Author Query 5-9,text,true,,263,155,2,50,http://localhost:8080/search?q=beauty&author=Oscar%20Wilde,88,0,0
1782353909346,78,HTTP Request,200,OK,Author Query 5-10,text,true,,263,155,2,49,http://localhost:8080/search?q=beauty&author=Oscar%20Wilde,78,0,0
1782353909415,64,HTTP Request,200,OK,Author Query 5-9,text,true,,263,155,2,49,http://localhost:8080/search?q=beauty&author=Oscar%20Wilde,64,0,0
1782353909424,59,HTTP Request,200,OK,Author Query 5-10,text,true,,263,155,2,49,http://localhost:8080/search?q=beauty&author=Oscar%20Wilde,59,0,0
1782353909483,56,HTTP Request,200,OK,Author Query 5-10,text,true,,263,155,2,48,http://localhost:8080/search?q=beauty&author=Oscar%20Wilde,56,0,0
1782353909479,72,HTTP Request,200,OK,Author Query 5-9,text,true,,263,155,2,48,http://localhost:8080/search?q=beauty&author=Oscar%20Wilde,72,0,0
1782353909539,88,HTTP Request,200,OK,Author Query 5-10,text,true,,263,155,2,47,http://localhost:8080/search?q=beauty&author=Oscar%20Wilde,88,0,0
1782353909551,89,HTTP Request,200,OK,Author Query 5-9,text,true,,263,155,2,47,http://localhost:8080/search?q=beauty&author=Oscar%20Wilde,89,0,0
1782353909627,56,HTTP Request,200,OK,Author Query 5-10,text,true,,263,155,2,47,http://localhost:8080/search?q=beauty&author=Oscar%20Wilde,56,0,0
1782353909640,85,HTTP Request,200,OK,Author Query 5-9,text,true,,263,155,2,47,http://localhost:8080/search?q=beauty&author=Oscar%20Wilde,85,0,0
1782353909684,78,HTTP Request,200,OK,Author Query 5-10,text,true,,263,155,2,47,http://localhost:8080/search?q=beauty&author=Oscar%20Wilde,78,0,0
1782353909725,81,HTTP Request,200,OK,Author Query 5-9,text,true,,263,155,2,46,http://localhost:8080/search?q=beauty&author=Oscar%20Wilde,81,0,0
1782353909762,53,HTTP Request,200,OK,Author Query 5-10,text,true,,263,155,2,46,http://localhost:8080/search?q=beauty&author=Oscar%20Wilde,53,0,0
1782353909815,66,HTTP Request,200,OK,Author Query 5-10,text,true,,263,155,2,45,http://localhost:8080/search?q=beauty&author=Oscar%20Wilde,66,0,0
1782353909806,137,HTTP Request,200,OK,Author Query 5-9,text,true,,263,155,2,45,http://localhost:8080/search?q=beauty&author=Oscar%20Wilde,137,0,0
1782353909881,109,HTTP Request,200,OK,Author Query 5-10,text,true,,263,155,2,45,http://localhost:8080/search?q=beauty&author=Oscar%20Wilde,109,0,0
1782353909943,136,HTTP Request,200,OK,Author Query 5-9,text,true,,263,155,1,44,http://localhost:8080/search?q=beauty&author=Oscar%20Wilde,136,0,0
1782353910079,77,HTTP Request,200,OK,Author Query 5-9,text,true,,263,155,1,43,http://localhost:8080/search?q=beauty&author=Oscar%20Wilde,77,0,0
1782353910157,99,HTTP Request,200,OK,Author Query 5-9,text,true,,263,155,1,43,http://localhost:8080/search?q=beauty&author=Oscar%20Wilde,99,0,0
1782353910256,81,HTTP Request,200,OK,Author Query 5-9,text,true,,263,155,1,42,http://localhost:8080/search?q=beauty&author=Oscar%20Wilde,81,0,0
