timeStamp,elapsed,label,responseCode,responseMessage,threadName,dataType,success,failureMessage,bytes,sentBytes,grpThreads,allThreads,URL,Latency,IdleTime,Connect
1782356318500,463,HTTP Request,200,OK,Author Query 5-1,text,true,,263,155,1,6,http://localhost:8080/search?q=beauty&author=Oscar%20Wilde,463,0,2
1782356318997,102,HTTP Request,200,OK,Author Query 5-1,text,true,,263,155,1,6,http://localhost:8080/search?q=beauty&author=Oscar%20Wilde,102,0,0
1782356319099,62,HTTP Request,200,OK,Author Query 5-1,text,true,,263,155,1,6,http://localhost:8080/search?q=beauty&author=Oscar%20Wilde,62,0,0
1782356319161,54,HTTP Request,200,OK,Author Query 5-1,text,true,,263,155,1,6,http://localhost:8080/search?q=beauty&author=Oscar%20Wilde,54,0,0
1782356319215,89,HTTP Request,200,OK,Author Query 5-1,text,true,,263,155,1,6,http://localhost:8080/search?q=beauty&author=Oscar%20Wilde,89,0,0
1782356319305,74,HTTP Request,200,OK,Author Query 5-1,text,true,,263,155,1,6,http://localhost:8080/search?q=beauty&author=Oscar%20Wilde,74,0,0
1782356319379,90,HTTP Request,200,OK,Author Query 5-1,text,true,,263,155,1,8,http://localhost:8080/search?q=beauty&author=Oscar%20Wilde,90,0,0
1782356319469,110,HTTP Request,200,OK,Author Query 5-1,text,true,,263,155,2,11,http://localhost:8080/search?q=beauty&author=Oscar%20Wilde,110,0,0
1782356319500,132,HTTP Request,200,OK,Author Query 5-2,text,true,,263,155,2,11,http://localhost:8080/search?q=beauty&author=Oscar%20Wilde,132,0,1
1782356319579,92,HTTP Request,200,OK,Author Query 5-1,text,true,,263,155,2,11,http://localhost:8080/search?q=beauty&author=Oscar%20Wilde,92,0,0
1782356319636,76,HTTP Request,200,OK,Author Query 5-2,text,true,,263,155,2,11,http://localhost:8080/search?q=beauty&author=Oscar%20Wilde,76,0,0
1782356319672,88,HTTP Request,200,OK,Author Query 5-1,text,true,,263,155,2,11,http://localhost:8080/search?q=beauty&author=Oscar%20Wilde,88,0,0
1782356319712,78,HTTP Request,200,OK,Author Query 5-2,text,true,,263,155,2,11,http://localhost:8080/search?q=beauty&author=Oscar%20Wilde,78,0,0
1782356319761,62,HTTP Request,200,OK,Author Query 5-1,text,true,,263,155,2,11,http://localhost:8080/search?q=beauty&author=Oscar%20Wilde,62,0,0
1782356319791,69,HTTP Request,200,OK,Author Query 5-2,text,true,,263,155,2,11,http://localhost:8080/search?q=beauty&author=Oscar%20Wilde,69,0,0
1782356319823,57,HTTP Request,200,OK,Author Query 5-1,text,true,,263,155,2,11,http://localhost:8080/search?q=beauty&author=Oscar%20Wilde,57,0,0
1782356319860,74,HTTP Request,200,OK,Author Query 5-2,text,true,,263,155,2,11,http://localhost:8080/search?q=beauty&author=Oscar%20Wilde,74,0,0
1782356319880,58,HTTP Request,200,OK,Author Query 5-1,text,true,,263,155,2,11,http://localhost:8080/search?q=beauty&author=Oscar%20Wilde,58,0,0
1782356319934,170,HTTP Request,200,OK,Author Query 5-2,text,true,,263,155,2,12,http://localhost:8080/search?q=beauty&author=Oscar%20Wilde,170,0,0
1782356319939,179,HTTP Request,200,OK,Author Query 5-1,text,true,,263,155,2,12,http://localhost:8080/search?q=beauty&author=Oscar%20Wilde,179,0,0
1782356320105,123,HTTP Request,200,OK,Author Query 5-2,text,true,,263,155,2,12,http://localhost:8080/search?q=beauty&author=Oscar%20Wilde,123,0,0
1782356320118,122,HTTP Request,200,OK,Author Query 5-1,text,true,,263,155,2,12,http://localhost:8080/search?q=beauty&author=Oscar%20Wilde,122,0,0
1782356320228,46,HTTP Request,200,OK,Author Query 5-2,text,true,,263,155,2,12,http://localhost:8080/search?q=beauty&author=Oscar%20Wilde,46,0,0
1782356320241,71,HTTP Request,200,OK,Author Query 5-1,text,true,,263,155,2,12,http://localhost:8080/search?q=beauty&author=Oscar%20Wilde,71,0,0
1782356320274,65,HTTP Request,200,OK,Author Query 5-2,text,true,,263,155,2,12,http://localhost:8080/search?q=beauty&author=Oscar%20Wilde,65,0,0
1782356320313,64,HTTP Request,200,OK,Author Query 5-1,text,true,,263,155,2,12,http://localhost:8080/search?q=beauty&author=Oscar%20Wilde,64,0,0
1782356320339,67,HTTP Request,200,OK,Author Query 5-2,text,true,,263,155,2,12,http://localhost:8080/search?q=beauty&author=Oscar%20Wilde,67,0,0
1782356320377,80,HTTP Request,200,OK,Author Query 5-1,text,true,,263,155,2,13,http://localhost:8080/search?q=beauty&author=Oscar%20Wilde,80,0,0
1782356320406,62,HTTP Request,200,OK,Author Query 5-2,text,true,,263,155,2,14,http://localhost:8080/search?q=beauty&author=Oscar%20Wilde,62,0,0
1782356320503,102,HTTP Request,200,OK,Author Query 5-3,text,true,,263,155,3,17,http://localhost:8080/search?q=beauty&author=Oscar%20Wilde,102,0,2
1782356320458,147,HTTP Request,200,OK,Author Query 5-1,text,true,,263,155,3,17,http://localhost:8080/search?q=beauty&author=Oscar%20Wilde,147,0,0
1782356320469,154,HTTP Request,200,OK,Author Query 5-2,text,true,,263,155,3,17,http://localhost:8080/search?q=beauty&author=Oscar%20Wilde,154,0,0
1782356320605,57,HTTP Request,200,OK,Author Query 5-1,text,true,,263,155,3,17,http://localhost:8080/search?q=beauty&author=Oscar%20Wilde,57,0,0
1782356320605,72,HTTP Request,200,OK,Author Query 5-3,text,true,,263,155,3,17,http://localhost:8080/search?q=beauty&author=Oscar%20Wilde,72,0,0
1782356320623,82,HTTP Request,200,OK,Author Query 5-2,text,true,,263,155,3,17,http://localhost:8080/search?q=beauty&author=Oscar%20Wilde,82,0,0
1782356320662,126,HTTP Request,200,OK,Author Query 5-1,text,true,,263,155,3,17,http://localhost:8080/search?q=beauty&author=Oscar%20Wilde,126,0,0
1782356320677,131,HTTP Request,200,OK,Author Query 5-3,text,true,,263,155,3,17,http://localhost:8080/search?q=beauty&author=Oscar%20Wilde,131,0,0
1782356320705,103,HTTP Request,200,OK,Author Query 5-2,text,true,,263,155,3,17,http://localhost:8080/search?q=beauty&author=Oscar%20Wilde,103,0,0
1782356320788,80,HTTP Request,200,OK,Author Query 5-1,text,true,,263,155,3,17,http://localhost:8080/search?q=beauty&author=Oscar%20Wilde,80,0,0
1782356320808,87,HTTP Request,200,OK,Author Query 5-3,text,true,,263,155,3,17,http://localhost:8080/search?q=beauty&author=Oscar%20Wilde,87,0,0
1782356320809,129,HTTP Request,200,OK,Author Query 5-2,text,true,,263,155,3,17,http://localhost:8080/search?q=beauty&author=Oscar%20Wilde,129,0,0
1782356320869,79,HTTP Request,200,OK,Author Query 5-1,text,true,,263,155,3,17,http://localhost:8080/search?q=beauty&author=Oscar%20Wilde,79,0,0
1782356320895,97,HTTP Request,200,OK,Author Query 5-3,text,true,,263,155,3,18,http://localhost:8080/search?q=beauty&author=Oscar%20Wilde,97,0,0
1782356320948,156,HTTP Request,200,OK,Author Query 5-1,text,true,,263,155,3,18,http://localhost:8080/search?q=beauty&author=Oscar%20Wilde,156,0,0
1782356320992,155,HTTP Request,200,OK,Author Query 5-3,text,true,,263,155,3,18,http://localhost:8080/search?q=beauty&author=Oscar%20Wilde,155,0,0
1782356320939,216,HTTP Request,200,OK,Author Query 5-2,text,true,,263,155,3,18,http://localhost:8080/search?q=beauty&author=Oscar%20Wilde,216,0,0
1782356321104,72,HTTP Request,200,OK,Author Query 5-1,text,true,,263,155,3,18,http://localhost:8080/search?q=beauty&author=Oscar%20Wilde,72,0,0
1782356321156,55,HTTP Request,200,OK,Author Query 5-2,text,true,,263,155,3,18,http://localhost:8080/search?q=beauty&author=Oscar%20Wilde,55,0,0
1782356321148,68,HTTP Request,200,OK,Author Query 5-3,text,true,,263,155,3,18,http://localhost:8080/search?q=beauty&author=Oscar%20Wilde,68,0,0
1782356321177,72,HTTP Request,200,OK,Author Query 5-1,text,true,,263,155,3,18,http://localhost:8080/search?q=beauty&author=Oscar%20Wilde,72,0,0
1782356321211,68,HTTP Request,200,OK,Author Query 5-2,text,true,,263,155,3,18,http://localhost:8080/search?q=beauty&author=Oscar%20Wilde,68,0,0
1782356321216,65,HTTP Request,200,OK,Author Query 5-3,text,true,,263,155,3,18,http://localhost:8080/search?q=beauty&author=Oscar%20Wilde,65,0,0
1782356321250,51,HTTP Request,200,OK,Author Query 5-1,text,true,,263,155,3,18,http://localhost:8080/search?q=beauty&author=Oscar%20Wilde,51,0,0
1782356321279,73,HTTP Request,200,OK,Author Query 5-2,text,true,,263,155,3,18,http://localhost:8080/search?q=beauty&author=Oscar%20Wilde,73,0,0
1782356321281,71,HTTP Request,200,OK,Author Query 5-3,text,true,,263,155,3,18,http://localhost:8080/search?q=beauty&author=Oscar%20Wilde,71,0,0
1782356321301,68,HTTP Request,200,OK,Author Query 5-1,text,true,,263,155,3,18,http://localhost:8080/search?q=beauty&author=Oscar%20Wilde,67,0,0
1782356321352,64,HTTP Request,200,OK,Author Query 5-2,text,true,,263,155,3,18,http://localhost:8080/search?q=beauty&author=Oscar%20Wilde,64,0,0
1782356321369,68,HTTP Request,200,OK,Author Query 5-1,text,true,,263,155,3,18,http://localhost:8080/search?q=beauty&author=Oscar%20Wilde,68,0,0
1782356321352,91,HTTP Request,200,OK,Author Query 5-3,text,true,,263,155,3,18,http://localhost:8080/search?q=beauty&author=Oscar%20Wilde,91,0,0
1782356321417,71,HTTP Request,200,OK,Author Query 5-2,text,true,,263,155,3,21,http://localhost:8080/search?q=beauty&author=Oscar%20Wilde,71,0,0
1782356321437,51,HTTP Request,200,OK,Author Query 5-1,text,true,,263,155,3,21,http://localhost:8080/search?q=beauty&author=Oscar%20Wilde,51,0,0
1782356321443,91,HTTP Request,200,OK,Author Query 5-3,text,true,,263,155,4,23,http://localhost:8080/search?q=beauty&author=Oscar%20Wilde,91,0,0
1782356321488,176,HTTP Request,200,OK,Author Query 5-2,text,true,,263,155,4,23,http://localhost:8080/search?q=beauty&author=Oscar%20Wilde,176,0,0
1782356321504,169,HTTP Request,200,OK,Author Query 5-4,text,true,,263,155,4,23,http://localhost:8080/search?q=beauty&author=Oscar%20Wilde,169,0,1
1782356321534,141,HTTP Request,200,OK,Author Query 5-3,text,true,,263,155,4,23,http://localhost:8080/search?q=beauty&author=Oscar%20Wilde,141,0,0
1782356321488,189,HTTP Request,200,OK,Author Query 5-1,text,true,,263,155,4,23,http://localhost:8080/search?q=beauty&author=Oscar%20Wilde,189,0,0
1782356321673,67,HTTP Request,200,OK,Author Query 5-4,text,true,,263,155,4,23,http://localhost:8080/search?q=beauty&author=Oscar%20Wilde,67,0,0
1782356321676,64,HTTP Request,200,OK,Author Query 5-3,text,true,,263,155,4,23,http://localhost:8080/search?q=beauty&author=Oscar%20Wilde,64,0,0
1782356321665,76,HTTP Request,200,OK,Author Query 5-2,text,true,,263,155,4,23,http://localhost:8080/search?q=beauty&author=Oscar%20Wilde,76,0,0
1782356321677,64,HTTP Request,200,OK,Author Query 5-1,text,true,,263,155,4,23,http://localhost:8080/search?q=beauty&author=Oscar%20Wilde,64,0,0
1782356321741,60,HTTP Request,200,OK,Author Query 5-1,text,true,,263,155,4,23,http://localhost:8080/search?q=beauty&author=Oscar%20Wilde,60,0,0
1782356321740,62,HTTP Request,200,OK,Author Query 5-4,text,true,,263,155,4,23,http://localhost:8080/search?q=beauty&author=Oscar%20Wilde,62,0,0
1782356321741,61,HTTP Request,200,OK,Author Query 5-3,text,true,,263,155,4,23,http://localhost:8080/search?q=beauty&author=Oscar%20Wilde,61,0,0
1782356321741,62,HTTP Request,200,OK,Author Query 5-2,text,true,,263,155,4,23,http://localhost:8080/search?q=beauty&author=Oscar%20Wilde,62,0,0
1782356321801,85,HTTP Request,200,OK,Author Query 5-1,text,true,,263,155,4,23,http://localhost:8080/search?q=beauty&author=Oscar%20Wilde,85,0,0
1782356321802,88,HTTP Request,200,OK,Author Query 5-4,text,true,,263,155,4,23,http://localhost:8080/search?q=beauty&author=Oscar%20Wilde,88,0,0
1782356321803,87,HTTP Request,200,OK,Author Query 5-2,text,true,,263,155,4,23,http://localhost:8080/search?q=beauty&author=Oscar%20Wilde,87,0,0
1782356321802,89,HTTP Request,200,OK,Author Query 5-3,text,true,,263,155,4,23,http://localhost:8080/search?q=beauty&author=Oscar%20Wilde,89,0,0
1782356321891,99,HTTP Request,200,OK,Author Query 5-3,text,true,,263,155,4,24,http://localhost:8080/search?q=beauty&author=Oscar%20Wilde,99,0,0
1782356321890,100,HTTP Request,200,OK,Author Query 5-4,text,true,,263,155,4,24,http://localhost:8080/search?q=beauty&author=Oscar%20Wilde,100,0,0
1782356321890,100,HTTP Request,200,OK,Author Query 5-2,text,true,,263,155,4,24,http://localhost:8080/search?q=beauty&author=Oscar%20Wilde,100,0,0
1782356321887,110,HTTP Request,200,OK,Author Query 5-1,text,true,,263,155,4,24,http://localhost:8080/search?q=beauty&author=Oscar%20Wilde,110,0,0
1782356321990,60,HTTP Request,200,OK,Author Query 5-4,text,true,,263,155,4,24,http://localhost:8080/search?q=beauty&author=Oscar%20Wilde,60,0,0
1782356321997,57,HTTP Request,200,OK,Author Query 5-1,text,true,,263,155,4,24,http://localhost:8080/search?q=beauty&author=Oscar%20Wilde,57,0,0
1782356321990,79,HTTP Request,200,OK,Author Query 5-2,text,true,,263,155,4,24,http://localhost:8080/search?q=beauty&author=Oscar%20Wilde,79,0,0
1782356321990,83,HTTP Request,200,OK,Author Query 5-3,text,true,,263,155,4,24,http://localhost:8080/search?q=beauty&author=Oscar%20Wilde,83,0,0
1782356322050,140,HTTP Request,200,OK,Author Query 5-4,text,true,,263,155,4,24,http://localhost:8080/search?q=beauty&author=Oscar%20Wilde,140,0,0
1782356322069,123,HTTP Request,200,OK,Author Query 5-2,text,true,,263,155,4,24,http://localhost:8080/search?q=beauty&author=Oscar%20Wilde,123,0,0
1782356322054,140,HTTP Request,200,OK,Author Query 5-1,text,true,,263,155,4,24,http://localhost:8080/search?q=beauty&author=Oscar%20Wilde,140,0,0
1782356322074,129,HTTP Request,200,OK,Author Query 5-3,text,true,,263,155,4,24,http://localhost:8080/search?q=beauty&author=Oscar%20Wilde,129,0,0
1782356322193,73,HTTP Request,200,OK,Author Query 5-2,text,true,,263,155,4,24,http://localhost:8080/search?q=beauty&author=Oscar%20Wilde,73,0,0
1782356322194,86,HTTP Request,200,OK,Author Query 5-1,text,true,,263,155,4,24,http://localhost:8080/search?q=beauty&author=Oscar%20Wilde,86,0,0
1782356322203,77,HTTP Request,200,OK,Author Query 5-3,text,true,,263,155,4,24,http://localhost:8080/search?q=beauty&author=Oscar%20Wilde,77,0,0
1782356322191,94,HTTP Request,200,OK,Author Query 5-4,text,true,,263,155,4,24,http://localhost:8080/search?q=beauty&author=Oscar%20Wilde,94,0,0
1782356322266,103,HTTP Request,200,OK,Author Query 5-2,text,true,,263,155,4,24,http://localhost:8080/search?q=beauty&author=Oscar%20Wilde,103,0,0
1782356322280,95,HTTP Request,200,OK,Author Query 5-3,text,true,,263,155,4,24,http://localhost:8080/search?q=beauty&author=Oscar%20Wilde,95,0,0
1782356322280,121,HTTP Request,200,OK,Author Query 5-1,text,true,,263,155,4,24,http://localhost:8080/search?q=beauty&author=Oscar%20Wilde,121,0,0
1782356322286,144,HTTP Request,200,OK,Author Query 5-4,text,true,,263,155,4,24,http://localhost:8080/search?q=beauty&author=Oscar%20Wilde,144,0,0
1782356322369,130,HTTP Request,200,OK,Author Query 5-2,text,true,,263,155,4,28,http://localhost:8080/search?q=beauty&author=Oscar%20Wilde,130,0,0
1782356322375,125,HTTP Request,200,OK,Author Query 5-3,text,true,,263,155,4,28,http://localhost:8080/search?q=beauty&author=Oscar%20Wilde,125,0,0
1782356322430,134,HTTP Request,200,OK,Author Query 5-4,text,true,,263,155,5,29,http://localhost:8080/search?q=beauty&author=Oscar%20Wilde,134,0,0
1782356322402,162,HTTP Request,200,OK,Author Query 5-1,text,true,,263,155,5,29,http://localhost:8080/search?q=beauty&author=Oscar%20Wilde,162,0,0
1782356322499,104,HTTP Request,200,OK,Author Query 5-2,text,true,,263,155,5,29,http://localhost:8080/search?q=beauty&author=Oscar%20Wilde,104,0,0
1782356322507,179,HTTP Request,200,OK,Author Query 5-5,text,true,,263,155,5,29,http://localhost:8080/search?q=beauty&author=Oscar%20Wilde,179,0,1
1782356322500,200,HTTP Request,200,OK,Author Query 5-3,text,true,,263,155,5,29,http://localhost:8080/search?q=beauty&author=Oscar%20Wilde,200,0,0
1782356322603,97,HTTP Request,200,OK,Author Query 5-2,text,true,,263,155,5,29,http://localhost:8080/search?q=beauty&author=Oscar%20Wilde,97,0,0
1782356322564,177,HTTP Request,200,OK,Author Query 5-4,text,true,,263,155,5,29,http://localhost:8080/search?q=beauty&author=Oscar%20Wilde,177,0,0
1782356322564,182,HTTP Request,200,OK,Author Query 5-1,text,true,,263,155,5,29,http://localhost:8080/search?q=beauty&author=Oscar%20Wilde,182,0,0
1782356322686,98,HTTP Request,200,OK,Author Query 5-5,text,true,,263,155,5,29,http://localhost:8080/search?q=beauty&author=Oscar%20Wilde,98,0,0
1782356322700,109,HTTP Request,200,OK,Author Query 5-2,text,true,,263,155,5,29,http://localhost:8080/search?q=beauty&author=Oscar%20Wilde,109,0,0
1782356322700,132,HTTP Request,200,OK,Author Query 5-3,text,true,,263,155,5,29,http://localhost:8080/search?q=beauty&author=Oscar%20Wilde,132,0,0
1782356322741,102,HTTP Request,200,OK,Author Query 5-4,text,true,,263,155,5,29,http://localhost:8080/search?q=beauty&author=Oscar%20Wilde,102,0,0
1782356322746,108,HTTP Request,200,OK,Author Query 5-1,text,true,,263,155,5,29,http://localhost:8080/search?q=beauty&author=Oscar%20Wilde,108,0,0
1782356322810,56,HTTP Request,200,OK,Author Query 5-2,text,true,,263,155,5,29,http://localhost:8080/search?q=beauty&author=Oscar%20Wilde,56,0,0
1782356322784,83,HTTP Request,200,OK,Author Query 5-5,text,true,,263,155,5,29,http://localhost:8080/search?q=beauty&author=Oscar%20Wilde,83,0,0
1782356322832,70,HTTP Request,200,OK,Author Query 5-3,text,true,,263,155,5,29,http://localhost:8080/search?q=beauty&author=Oscar%20Wilde,70,0,0
1782356322854,63,HTTP Request,200,OK,Author Query 5-1,text,true,,263,155,5,29,http://localhost:8080/search?q=beauty&author=Oscar%20Wilde,63,0,0
1782356322844,80,HTTP Request,200,OK,Author Query 5-4,text,true,,263,155,5,29,http://localhost:8080/search?q=beauty&author=Oscar%20Wilde,80,0,0
1782356322867,65,HTTP Request,200,OK,Author Query 5-2,text,true,,263,155,5,29,http://localhost:8080/search?q=beauty&author=Oscar%20Wilde,65,0,0
1782356322867,78,HTTP Request,200,OK,Author Query 5-5,text,true,,263,155,5,29,http://localhost:8080/search?q=beauty&author=Oscar%20Wilde,78,0,0
1782356322903,105,HTTP Request,200,OK,Author Query 5-3,text,true,,263,155,5,30,http://localhost:8080/search?q=beauty&author=Oscar%20Wilde,105,0,0
1782356322945,82,HTTP Request,200,OK,Author Query 5-5,text,true,,263,155,5,30,http://localhost:8080/search?q=beauty&author=Oscar%20Wilde,82,0,0
1782356322917,119,HTTP Request,200,OK,Author Query 5-1,text,true,,263,155,5,30,http://localhost:8080/search?q=beauty&author=Oscar%20Wilde,119,0,0
1782356322932,105,HTTP Request,200,OK,Author Query 5-2,text,true,,263,155,5,30,http://localhost:8080/search?q=beauty&author=Oscar%20Wilde,105,0,0
1782356322925,126,HTTP Request,200,OK,Author Query 5-4,text,true,,263,155,5,30,http://localhost:8080/search?q=beauty&author=Oscar%20Wilde,126,0,0
1782356323008,80,HTTP Request,200,OK,Author Query 5-3,text,true,,263,155,5,30,http://localhost:8080/search?q=beauty&author=Oscar%20Wilde,80,0,0
1782356323038,79,HTTP Request,200,OK,Author Query 5-2,text,true,,263,155,5,30,http://localhost:8080/search?q=beauty&author=Oscar%20Wilde,79,0,0
1782356323036,83,HTTP Request,200,OK,Author Query 5-1,text,true,,263,155,5,30,http://localhost:8080/search?q=beauty&author=Oscar%20Wilde,83,0,0
1782356323027,90,HTTP Request,200,OK,Author Query 5-5,text,true,,263,155,5,30,http://localhost:8080/search?q=beauty&author=Oscar%20Wilde,90,0,0
1782356323051,168,HTTP Request,200,OK,Author Query 5-4,text,true,,263,155,5,30,http://localhost:8080/search?q=beauty&author=Oscar%20Wilde,168,0,0
1782356323119,133,HTTP Request,200,OK,Author Query 5-2,text,true,,263,155,5,30,http://localhost:8080/search?q=beauty&author=Oscar%20Wilde,133,0,0
1782356323119,134,HTTP Request,200,OK,Author Query 5-5,text,true,,263,155,5,30,http://localhost:8080/search?q=beauty&author=Oscar%20Wilde,134,0,0
1782356323119,134,HTTP Request,200,OK,Author Query 5-1,text,true,,263,155,5,30,http://localhost:8080/search?q=beauty&author=Oscar%20Wilde,134,0,0
1782356323088,176,HTTP Request,200,OK,Author Query 5-3,text,true,,263,155,5,30,http://localhost:8080/search?q=beauty&author=Oscar%20Wilde,176,0,0
1782356323235,85,HTTP Request,200,OK,Author Query 5-4,text,true,,263,155,5,30,http://localhost:8080/search?q=beauty&author=Oscar%20Wilde,85,0,0
1782356323253,88,HTTP Request,200,OK,Author Query 5-5,text,true,,263,155,5,30,http://localhost:8080/search?q=beauty&author=Oscar%20Wilde,88,0,0
1782356323254,87,HTTP Request,200,OK,Author Query 5-1,text,true,,263,155,5,30,http://localhost:8080/search?q=beauty&author=Oscar%20Wilde,87,0,0
1782356323252,94,HTTP Request,200,OK,Author Query 5-2,text,true,,263,155,5,30,http://localhost:8080/search?q=beauty&author=Oscar%20Wilde,94,0,0
1782356323342,103,HTTP Request,200,OK,Author Query 5-1,text,true,,263,155,5,30,http://localhost:8080/search?q=beauty&author=Oscar%20Wilde,103,0,0
1782356323341,104,HTTP Request,200,OK,Author Query 5-5,text,true,,263,155,5,30,http://localhost:8080/search?q=beauty&author=Oscar%20Wilde,104,0,0
1782356323346,109,HTTP Request,200,OK,Author Query 5-2,text,true,,263,155,5,30,http://localhost:8080/search?q=beauty&author=Oscar%20Wilde,109,0,0
1782356323320,135,HTTP Request,200,OK,Author Query 5-4,text,true,,263,155,5,30,http://localhost:8080/search?q=beauty&author=Oscar%20Wilde,135,0,0
1782356323264,192,HTTP Request,200,OK,Author Query 5-3,text,true,,263,155,5,30,http://localhost:8080/search?q=beauty&author=Oscar%20Wilde,192,0,0
1782356323456,102,HTTP Request,200,OK,Author Query 5-3,text,true,,263,155,6,35,http://localhost:8080/search?q=beauty&author=Oscar%20Wilde,102,0,0
1782356323456,103,HTTP Request,200,OK,Author Query 5-4,text,true,,263,155,6,35,http://localhost:8080/search?q=beauty&author=Oscar%20Wilde,103,0,0
1782356323455,106,HTTP Request,200,OK,Author Query 5-2,text,true,,263,155,6,35,http://localhost:8080/search?q=beauty&author=Oscar%20Wilde,106,0,0
1782356323445,127,HTTP Request,200,OK,Author Query 5-1,text,true,,263,155,6,35,http://localhost:8080/search?q=beauty&author=Oscar%20Wilde,127,0,0
1782356323445,151,HTTP Request,200,OK,Author Query 5-5,text,true,,263,155,6,35,http://localhost:8080/search?q=beauty&author=Oscar%20Wilde,151,0,0
1782356323561,72,HTTP Request,200,OK,Author Query 5-2,text,true,,263,155,6,35,http://localhost:8080/search?q=beauty&author=Oscar%20Wilde,72,0,0
1782356323572,62,HTTP Request,200,OK,Author Query 5-1,text,true,,263,155,6,35,http://localhost:8080/search?q=beauty&author=Oscar%20Wilde,62,0,0
1782356323559,75,HTTP Request,200,OK,Author Query 5-3,text,true,,263,155,6,35,http://localhost:8080/search?q=beauty&author=Oscar%20Wilde,75,0,0
1782356323560,172,HTTP Request,200,OK,Author Query 5-4,text,true,,263,155,6,35,http://localhost:8080/search?q=beauty&author=Oscar%20Wilde,172,0,0
1782356323505,235,HTTP Request,200,OK,Author Query 5-6,text,true,,263,155,6,35,http://localhost:8080/search?q=beauty&author=Oscar%20Wilde,235,0,4
1782356323635,140,HTTP Request,200,OK,Author Query 5-3,text,true,,263,155,6,35,http://localhost:8080/search?q=beauty&author=Oscar%20Wilde,140,0,0
1782356323634,143,HTTP Request,200,OK,Author Query 5-2,text,true,,263,155,6,35,http://localhost:8080/search?q=beauty&author=Oscar%20Wilde,143,0,0
1782356323634,143,HTTP Request,200,OK,Author Query 5-1,text,true,,263,155,6,35,http://localhost:8080/search?q=beauty&author=Oscar%20Wilde,143,0,0
1782356323596,192,HTTP Request,200,OK,Author Query 5-5,text,true,,263,155,6,35,http://localhost:8080/search?q=beauty&author=Oscar%20Wilde,192,0,0
1782356323741,104,HTTP Request,200,OK,Author Query 5-6,text,true,,263,155,6,35,http://localhost:8080/search?q=beauty&author=Oscar%20Wilde,104,0,0
1782356323733,112,HTTP Request,200,OK,Author Query 5-4,text,true,,263,155,6,35,http://localhost:8080/search?q=beauty&author=Oscar%20Wilde,112,0,0
1782356323775,70,HTTP Request,200,OK,Author Query 5-3,text,true,,263,155,6,35,http://localhost:8080/search?q=beauty&author=Oscar%20Wilde,70,0,0
1782356323777,101,HTTP Request,200,OK,Author Query 5-2,text,true,,263,155,6,35,http://localhost:8080/search?q=beauty&author=Oscar%20Wilde,101,0,0
1782356323777,103,HTTP Request,200,OK,Author Query 5-1,text,true,,263,155,6,35,http://localhost:8080/search?q=beauty&author=Oscar%20Wilde,103,0,0
1782356323845,69,HTTP Request,200,OK,Author Query 5-6,text,true,,263,155,6,35,http://localhost:8080/search?q=beauty&author=Oscar%20Wilde,69,0,0
1782356323788,150,HTTP Request,200,OK,Author Query 5-5,text,true,,263,155,6,35,http://localhost:8080/search?q=beauty&author=Oscar%20Wilde,150,0,0
1782356323845,94,HTTP Request,200,OK,Author Query 5-4,text,true,,263,155,6,35,http://localhost:8080/search?q=beauty&author=Oscar%20Wilde,94,0,0
1782356323845,111,HTTP Request,200,OK,Author Query 5-3,text,true,,263,155,6,36,http://localhost:8080/search?q=beauty&author=Oscar%20Wilde,111,0,0
1782356323878,98,HTTP Request,200,OK,Author Query 5-2,text,true,,263,155,6,36,http://localhost:8080/search?q=beauty&author=Oscar%20Wilde,98,0,0
1782356323880,96,HTTP Request,200,OK,Author Query 5-1,text,true,,263,155,6,36,http://localhost:8080/search?q=beauty&author=Oscar%20Wilde,96,0,0
1782356323914,99,HTTP Request,200,OK,Author Query 5-6,text,true,,263,155,6,36,http://localhost:8080/search?q=beauty&author=Oscar%20Wilde,99,0,0
1782356323957,86,HTTP Request,200,OK,Author Query 5-3,text,true,,263,155,6,36,http://localhost:8080/search?q=beauty&author=Oscar%20Wilde,86,0,0
1782356323979,83,HTTP Request,200,OK,Author Query 5-2,text,true,,263,155,6,36,http://localhost:8080/search?q=beauty&author=Oscar%20Wilde,83,0,0
1782356323939,136,HTTP Request,200,OK,Author Query 5-5,text,true,,263,155,6,36,http://localhost:8080/search?q=beauty&author=Oscar%20Wilde,136,0,0
1782356323939,136,HTTP Request,200,OK,Author Query 5-4,text,true,,263,155,6,36,http://localhost:8080/search?q=beauty&author=Oscar%20Wilde,136,0,0
1782356323980,96,HTTP Request,200,OK,Author Query 5-1,text,true,,263,155,6,36,http://localhost:8080/search?q=beauty&author=Oscar%20Wilde,96,0,0
1782356324013,99,HTTP Request,200,OK,Author Query 5-6,text,true,,263,155,6,36,http://localhost:8080/search?q=beauty&author=Oscar%20Wilde,99,0,0
1782356324076,58,HTTP Request,200,OK,Author Query 5-4,text,true,,263,155,6,36,http://localhost:8080/search?q=beauty&author=Oscar%20Wilde,58,0,0
1782356324043,91,HTTP Request,200,OK,Author Query 5-3,text,true,,263,155,6,36,http://localhost:8080/search?q=beauty&author=Oscar%20Wilde,91,0,0
1782356324077,90,HTTP Request,200,OK,Author Query 5-1,text,true,,263,155,6,36,http://localhost:8080/search?q=beauty&author=Oscar%20Wilde,90,0,0
1782356324076,95,HTTP Request,200,OK,Author Query 5-5,text,true,,263,155,6,36,http://localhost:8080/search?q=beauty&author=Oscar%20Wilde,95,0,0
1782356324063,108,HTTP Request,200,OK,Author Query 5-2,text,true,,263,155,6,36,http://localhost:8080/search?q=beauty&author=Oscar%20Wilde,108,0,0
1782356324113,163,HTTP Request,200,OK,Author Query 5-6,text,true,,263,155,6,36,http://localhost:8080/search?q=beauty&author=Oscar%20Wilde,163,0,0
1782356324134,146,HTTP Request,200,OK,Author Query 5-4,text,true,,263,155,6,36,http://localhost:8080/search?q=beauty&author=Oscar%20Wilde,146,0,0
1782356324134,147,HTTP Request,200,OK,Author Query 5-3,text,true,,263,155,6,36,http://localhost:8080/search?q=beauty&author=Oscar%20Wilde,147,0,0
1782356324171,110,HTTP Request,200,OK,Author Query 5-5,text,true,,263,155,6,36,http://localhost:8080/search?q=beauty&author=Oscar%20Wilde,110,0,0
1782356324167,185,HTTP Request,200,OK,Author Query 5-1,text,true,,263,155,6,36,http://localhost:8080/search?q=beauty&author=Oscar%20Wilde,185,0,0
1782356324281,81,HTTP Request,200,OK,Author Query 5-3,text,true,,263,155,6,36,http://localhost:8080/search?q=beauty&author=Oscar%20Wilde,81,0,0
1782356324278,84,HTTP Request,200,OK,Author Query 5-6,text,true,,263,155,6,36,http://localhost:8080/search?q=beauty&author=Oscar%20Wilde,84,0,0
1782356324280,82,HTTP Request,200,OK,Author Query 5-4,text,true,,263,155,6,36,http://localhost:8080/search?q=beauty&author=Oscar%20Wilde,82,0,0
1782356324281,84,HTTP Request,200,OK,Author Query 5-5,text,true,,263,155,6,36,http://localhost:8080/search?q=beauty&author=Oscar%20Wilde,84,0,0
1782356324171,213,HTTP Request,200,OK,Author Query 5-2,text,true,,263,155,6,36,http://localhost:8080/search?q=beauty&author=Oscar%20Wilde,213,0,0
1782356324352,75,HTTP Request,200,OK,Author Query 5-1,text,true,,263,155,6,36,http://localhost:8080/search?q=beauty&author=Oscar%20Wilde,75,0,0
1782356324366,123,HTTP Request,200,OK,Author Query 5-5,text,true,,263,155,6,39,http://localhost:8080/search?q=beauty&author=Oscar%20Wilde,123,0,0
1782356324365,126,HTTP Request,200,OK,Author Query 5-6,text,true,,263,155,6,39,http://localhost:8080/search?q=beauty&author=Oscar%20Wilde,126,0,0
1782356324363,146,HTTP Request,200,OK,Author Query 5-4,text,true,,263,155,7,41,http://localhost:8080/search?q=beauty&author=Oscar%20Wilde,146,0,0
1782356324384,223,HTTP Request,200,OK,Author Query 5-2,text,true,,263,155,7,41,http://localhost:8080/search?q=beauty&author=Oscar%20Wilde,223,0,0
1782356324363,248,HTTP Request,200,OK,Author Query 5-3,text,true,,263,155,7,41,http://localhost:8080/search?q=beauty&author=Oscar%20Wilde,248,0,0
1782356324489,159,HTTP Request,200,OK,Author Query 5-5,text,true,,263,155,7,41,http://localhost:8080/search?q=beauty&author=Oscar%20Wilde,159,0,0
1782356324491,158,HTTP Request,200,OK,Author Query 5-6,text,true,,263,155,7,41,http://localhost:8080/search?q=beauty&author=Oscar%20Wilde,158,0,0
1782356324427,245,HTTP Request,200,OK,Author Query 5-1,text,true,,263,155,7,41,http://localhost:8080/search?q=beauty&author=Oscar%20Wilde,245,0,0
1782356324507,197,HTTP Request,200,OK,Author Query 5-7,text,true,,263,155,7,41,http://localhost:8080/search?q=beauty&author=Oscar%20Wilde,197,0,2
1782356324509,261,HTTP Request,200,OK,Author Query 5-4,text,true,,263,155,7,41,http://localhost:8080/search?q=beauty&author=Oscar%20Wilde,261,0,0
1782356324611,192,HTTP Request,200,OK,Author Query 5-3,text,true,,263,155,7,41,http://localhost:8080/search?q=beauty&author=Oscar%20Wilde,192,0,0
1782356324672,170,HTTP Request,200,OK,Author Query 5-1,text,true,,263,155,7,41,http://localhost:8080/search?q=beauty&author=Oscar%20Wilde,170,0,0
1782356324649,193,HTTP Request,200,OK,Author Query 5-5,text,true,,263,155,7,41,http://localhost:8080/search?q=beauty&author=Oscar%20Wilde,193,0,0
1782356324704,139,HTTP Request,200,OK,Author Query 5-7,text,true,,263,155,7,41,http://localhost:8080/search?q=beauty&author=Oscar%20Wilde,139,0,0
1782356324650,209,HTTP Request,200,OK,Author Query 5-6,text,true,,263,155,7,41,http://localhost:8080/search?q=beauty&author=Oscar%20Wilde,209,0,0
1782356324608,263,HTTP Request,200,OK,Author Query 5-2,text,true,,263,155,7,41,http://localhost:8080/search?q=beauty&author=Oscar%20Wilde,263,0,0
1782356324803,74,HTTP Request,200,OK,Author Query 5-3,text,true,,263,155,7,41,http://localhost:8080/search?q=beauty&author=Oscar%20Wilde,74,0,0
1782356324770,148,HTTP Request,200,OK,Author Query 5-4,text,true,,263,155,7,41,http://localhost:8080/search?q=beauty&author=Oscar%20Wilde,148,0,0
1782356324842,81,HTTP Request,200,OK,Author Query 5-1,text,true,,263,155,7,41,http://localhost:8080/search?q=beauty&author=Oscar%20Wilde,81,0,0
1782356324842,83,HTTP Request,200,OK,Author Query 5-5,text,true,,263,155,7,41,http://localhost:8080/search?q=beauty&author=Oscar%20Wilde,83,0,0
1782356324843,82,HTTP Request,200,OK,Author Query 5-7,text,true,,263,155,7,41,http://localhost:8080/search?q=beauty&author=Oscar%20Wilde,82,0,0
1782356324860,108,HTTP Request,200,OK,Author Query 5-6,text,true,,263,155,7,42,http://localhost:8080/search?q=beauty&author=Oscar%20Wilde,108,0,0
1782356324877,108,HTTP Request,200,OK,Author Query 5-3,text,true,,263,155,7,42,http://localhost:8080/search?q=beauty&author=Oscar%20Wilde,108,0,0
1782356324924,121,HTTP Request,200,OK,Author Query 5-1,text,true,,263,155,7,42,http://localhost:8080/search?q=beauty&author=Oscar%20Wilde,121,0,0
1782356324925,121,HTTP Request,200,OK,Author Query 5-5,text,true,,263,155,7,42,http://localhost:8080/search?q=beauty&author=Oscar%20Wilde,121,0,0
1782356324871,220,HTTP Request,200,OK,Author Query 5-2,text,true,,263,155,7,42,http://localhost:8080/search?q=beauty&author=Oscar%20Wilde,220,0,0
1782356324968,141,HTTP Request,200,OK,Author Query 5-6,text,true,,263,155,7,42,http://localhost:8080/search?q=beauty&author=Oscar%20Wilde,141,0,0
1782356324985,125,HTTP Request,200,OK,Author Query 5-3,text,true,,263,155,7,42,http://localhost:8080/search?q=beauty&author=Oscar%20Wilde,125,0,0
1782356324918,225,HTTP Request,200,OK,Author Query 5-4,text,true,,263,155,7,42,http://localhost:8080/search?q=beauty&author=Oscar%20Wilde,225,0,0
1782356324925,218,HTTP Request,200,OK,Author Query 5-7,text,true,,263,155,7,42,http://localhost:8080/search?q=beauty&author=Oscar%20Wilde,218,0,0
1782356325046,98,HTTP Request,200,OK,Author Query 5-5,text,true,,263,155,7,42,http://localhost:8080/search?q=beauty&author=Oscar%20Wilde,98,0,0
1782356325045,129,HTTP Request,200,OK,Author Query 5-1,text,true,,263,155,7,42,http://localhost:8080/search?q=beauty&author=Oscar%20Wilde,129,0,0
1782356325110,83,HTTP Request,200,OK,Author Query 5-3,text,true,,263,155,7,42,http://localhost:8080/search?q=beauty&author=Oscar%20Wilde,83,0,0
1782356325110,85,HTTP Request,200,OK,Author Query 5-6,text,true,,263,155,7,42,http://localhost:8080/search?q=beauty&author=Oscar%20Wilde,85,0,0
1782356325092,114,HTTP Request,200,OK,Author Query 5-2,text,true,,263,155,7,42,http://localhost:8080/search?q=beauty&author=Oscar%20Wilde,114,0,0
1782356325144,94,HTTP Request,200,OK,Author Query 5-5,text,true,,263,155,7,42,http://localhost:8080/search?q=beauty&author=Oscar%20Wilde,94,0,0
1782356325175,135,HTTP Request,200,OK,Author Query 5-1,text,true,,263,155,7,42,http://localhost:8080/search?q=beauty&author=Oscar%20Wilde,135,0,0
1782356325143,170,HTTP Request,200,OK,Author Query 5-7,text,true,,263,155,7,42,http://localhost:8080/search?q=beauty&author=Oscar%20Wilde,170,0,0
1782356325143,171,HTTP Request,200,OK,Author Query 5-4,text,true,,263,155,7,42,http://localhost:8080/search?q=beauty&author=Oscar%20Wilde,171,0,0
1782356325194,133,HTTP Request,200,OK,Author Query 5-3,text,true,,263,155,7,42,http://localhost:8080/search?q=beauty&author=Oscar%20Wilde,133,0,0
1782356325196,132,HTTP Request,200,OK,Author Query 5-6,text,true,,263,155,7,42,http://localhost:8080/search?q=beauty&author=Oscar%20Wilde,132,0,0
1782356325206,131,HTTP Request,200,OK,Author Query 5-2,text,true,,263,155,7,42,http://localhost:8080/search?q=beauty&author=Oscar%20Wilde,131,0,0
1782356325239,100,HTTP Request,200,OK,Author Query 5-5,text,true,,263,155,7,42,http://localhost:8080/search?q=beauty&author=Oscar%20Wilde,100,0,0
1782356325311,57,HTTP Request,200,OK,Author Query 5-1,text,true,,263,155,7,42,http://localhost:8080/search?q=beauty&author=Oscar%20Wilde,57,0,0
1782356325314,62,HTTP Request,200,OK,Author Query 5-4,text,true,,263,155,7,42,http://localhost:8080/search?q=beauty&author=Oscar%20Wilde,62,0,0
1782356325327,66,HTTP Request,200,OK,Author Query 5-3,text,true,,263,155,7,42,http://localhost:8080/search?q=beauty&author=Oscar%20Wilde,66,0,0
1782356325328,65,HTTP Request,200,OK,Author Query 5-6,text,true,,263,155,7,42,http://localhost:8080/search?q=beauty&author=Oscar%20Wilde,65,0,0
1782356325313,88,HTTP Request,200,OK,Author Query 5-7,text,true,,263,155,7,42,http://localhost:8080/search?q=beauty&author=Oscar%20Wilde,88,0,0
1782356325337,75,HTTP Request,200,OK,Author Query 5-2,text,true,,263,155,7,42,http://localhost:8080/search?q=beauty&author=Oscar%20Wilde,75,0,0
1782356325339,74,HTTP Request,200,OK,Author Query 5-5,text,true,,263,155,7,42,http://localhost:8080/search?q=beauty&author=Oscar%20Wilde,74,0,0
1782356325376,83,HTTP Request,200,OK,Author Query 5-4,text,true,,263,155,7,43,http://localhost:8080/search?q=beauty&author=Oscar%20Wilde,83,0,0
1782356325368,90,HTTP Request,200,OK,Author Query 5-1,text,true,,263,155,7,43,http://localhost:8080/search?q=beauty&author=Oscar%20Wilde,90,0,0
1782356325393,141,HTTP Request,200,OK,Author Query 5-3,text,true,,263,155,8,47,http://localhost:8080/search?q=beauty&author=Oscar%20Wilde,141,0,0
1782356325393,142,HTTP Request,200,OK,Author Query 5-6,text,true,,263,155,8,47,http://localhost:8080/search?q=beauty&author=Oscar%20Wilde,142,0,0
1782356325413,122,HTTP Request,200,OK,Author Query 5-2,text,true,,263,155,8,47,http://localhost:8080/search?q=beauty&author=Oscar%20Wilde,122,0,0
1782356325413,123,HTTP Request,200,OK,Author Query 5-5,text,true,,263,155,8,47,http://localhost:8080/search?q=beauty&author=Oscar%20Wilde,123,0,0
1782356325401,138,HTTP Request,200,OK,Author Query 5-7,text,true,,263,155,8,47,http://localhost:8080/search?q=beauty&author=Oscar%20Wilde,138,0,0
1782356325462,112,HTTP Request,200,OK,Author Query 5-1,text,true,,263,155,8,47,http://localhost:8080/search?q=beauty&author=Oscar%20Wilde,112,0,0
1782356325539,78,HTTP Request,200,OK,Author Query 5-7,text,true,,263,155,8,47,http://localhost:8080/search?q=beauty&author=Oscar%20Wilde,78,0,0
1782356325505,126,HTTP Request,200,OK,Author Query 5-8,text,true,,263,155,8,47,http://localhost:8080/search?q=beauty&author=Oscar%20Wilde,125,0,1
1782356325459,189,HTTP Request,200,OK,Author Query 5-4,text,true,,263,155,8,47,http://localhost:8080/search?q=beauty&author=Oscar%20Wilde,189,0,0
1782356325536,120,HTTP Request,200,OK,Author Query 5-5,text,true,,263,155,8,47,http://localhost:8080/search?q=beauty&author=Oscar%20Wilde,120,0,0
1782356325534,135,HTTP Request,200,OK,Author Query 5-3,text,true,,263,155,8,47,http://localhost:8080/search?q=beauty&author=Oscar%20Wilde,135,0,0
1782356325574,95,HTTP Request,200,OK,Author Query 5-1,text,true,,263,155,8,47,http://localhost:8080/search?q=beauty&author=Oscar%20Wilde,95,0,0
1782356325535,150,HTTP Request,200,OK,Author Query 5-6,text,true,,263,155,8,47,http://localhost:8080/search?q=beauty&author=Oscar%20Wilde,150,0,0
1782356325617,107,HTTP Request,200,OK,Author Query 5-7,text,true,,263,155,8,47,http://localhost:8080/search?q=beauty&author=Oscar%20Wilde,107,0,0
1782356325631,93,HTTP Request,200,OK,Author Query 5-8,text,true,,263,155,8,47,http://localhost:8080/search?q=beauty&author=Oscar%20Wilde,93,0,0
1782356325535,194,HTTP Request,200,OK,Author Query 5-2,text,true,,263,155,8,47,http://localhost:8080/search?q=beauty&author=Oscar%20Wilde,194,0,0
1782356325648,82,HTTP Request,200,OK,Author Query 5-4,text,true,,263,155,8,47,http://localhost:8080/search?q=beauty&author=Oscar%20Wilde,82,0,0
1782356325656,74,HTTP Request,200,OK,Author Query 5-5,text,true,,263,155,8,47,http://localhost:8080/search?q=beauty&author=Oscar%20Wilde,74,0,0
1782356325669,163,HTTP Request,200,OK,Author Query 5-3,text,true,,263,155,8,47,http://localhost:8080/search?q=beauty&author=Oscar%20Wilde,163,0,0
1782356325730,120,HTTP Request,200,OK,Author Query 5-2,text,true,,263,155,8,47,http://localhost:8080/search?q=beauty&author=Oscar%20Wilde,120,0,0
1782356325730,131,HTTP Request,200,OK,Author Query 5-4,text,true,,263,155,8,47,http://localhost:8080/search?q=beauty&author=Oscar%20Wilde,131,0,0
1782356325724,137,HTTP Request,200,OK,Author Query 5-8,text,true,,263,155,8,47,http://localhost:8080/search?q=beauty&author=Oscar%20Wilde,137,0,0
1782356325724,138,HTTP Request,200,OK,Author Query 5-7,text,true,,263,155,8,47,http://localhost:8080/search?q=beauty&author=Oscar%20Wilde,138,0,0
1782356325685,181,HTTP Request,200,OK,Author Query 5-6,text,true,,263,155,8,47,http://localhost:8080/search?q=beauty&author=Oscar%20Wilde,181,0,0
1782356325730,148,HTTP Request,200,OK,Author Query 5-5,text,true,,263,155,8,47,http://localhost:8080/search?q=beauty&author=Oscar%20Wilde,148,0,0
1782356325670,209,HTTP Request,200,OK,Author Query 5-1,text,true,,263,155,8,47,http://localhost:8080/search?q=beauty&author=Oscar%20Wilde,209,0,0
1782356325851,54,HTTP Request,200,OK,Author Query 5-2,text,true,,263,155,8,47,http://localhost:8080/search?q=beauty&author=Oscar%20Wilde,54,0,0
1782356325833,82,HTTP Request,200,OK,Author Query 5-3,text,true,,263,155,8,47,http://localhost:8080/search?q=beauty&author=Oscar%20Wilde,82,0,0
1782356325866,106,HTTP Request,200,OK,Author Query 5-6,text,true,,263,155,8,48,http://localhost:8080/search?q=beauty&author=Oscar%20Wilde,106,0,0
1782356325862,118,HTTP Request,200,OK,Author Query 5-7,text,true,,263,155,8,48,http://localhost:8080/search?q=beauty&author=Oscar%20Wilde,118,0,0
1782356325905,76,HTTP Request,200,OK,Author Query 5-2,text,true,,263,155,8,48,http://localhost:8080/search?q=beauty&author=Oscar%20Wilde,76,0,0
1782356325916,65,HTTP Request,200,OK,Author Query 5-3,text,true,,263,155,8,48,http://localhost:8080/search?q=beauty&author=Oscar%20Wilde,65,0,0
1782356325861,120,HTTP Request,200,OK,Author Query 5-8,text,true,,263,155,8,48,http://localhost:8080/search?q=beauty&author=Oscar%20Wilde,120,0,0
1782356325861,120,HTTP Request,200,OK,Author Query 5-4,text,true,,263,155,8,48,http://localhost:8080/search?q=beauty&author=Oscar%20Wilde,120,0,0
1782356325878,114,HTTP Request,200,OK,Author Query 5-5,text,true,,263,155,8,48,http://localhost:8080/search?q=beauty&author=Oscar%20Wilde,114,0,0
1782356325879,132,HTTP Request,200,OK,Author Query 5-1,text,true,,263,155,8,48,http://localhost:8080/search?q=beauty&author=Oscar%20Wilde,132,0,0
1782356325972,67,HTTP Request,200,OK,Author Query 5-6,text,true,,263,155,8,48,http://localhost:8080/search?q=beauty&author=Oscar%20Wilde,67,0,0
1782356325982,89,HTTP Request,200,OK,Author Query 5-8,text,true,,263,155,8,48,http://localhost:8080/search?q=beauty&author=Oscar%20Wilde,89,0,0
1782356325982,90,HTTP Request,200,OK,Author Query 5-3,text,true,,263,155,8,48,http://localhost:8080/search?q=beauty&author=Oscar%20Wilde,90,0,0
1782356325981,91,HTTP Request,200,OK,Author Query 5-2,text,true,,263,155,8,48,http://localhost:8080/search?q=beauty&author=Oscar%20Wilde,91,0,0
1782356325982,90,HTTP Request,200,OK,Author Query 5-4,text,true,,263,155,8,48,http://localhost:8080/search?q=beauty&author=Oscar%20Wilde,90,0,0
1782356325980,93,HTTP Request,200,OK,Author Query 5-7,text,true,,263,155,8,48,http://localhost:8080/search?q=beauty&author=Oscar%20Wilde,93,0,0
1782356326011,107,HTTP Request,200,OK,Author Query 5-1,text,true,,263,155,8,48,http://localhost:8080/search?q=beauty&author=Oscar%20Wilde,107,0,0
1782356325992,128,HTTP Request,200,OK,Author Query 5-5,text,true,,263,155,8,48,http://localhost:8080/search?q=beauty&author=Oscar%20Wilde,128,0,0
1782356326073,65,HTTP Request,200,OK,Author Query 5-7,text,true,,263,155,8,48,http://localhost:8080/search?q=beauty&author=Oscar%20Wilde,65,0,0
1782356326072,70,HTTP Request,200,OK,Author Query 5-2,text,true,,263,155,8,48,http://localhost:8080/search?q=beauty&author=Oscar%20Wilde,70,0,0
1782356326071,78,HTTP Request,200,OK,Author Query 5-8,text,true,,263,155,8,48,http://localhost:8080/search?q=beauty&author=Oscar%20Wilde,78,0,0
1782356326072,78,HTTP Request,200,OK,Author Query 5-4,text,true,,263,155,8,48,http://localhost:8080/search?q=beauty&author=Oscar%20Wilde,78,0,0
1782356326072,78,HTTP Request,200,OK,Author Query 5-3,text,true,,263,155,8,48,http://localhost:8080/search?q=beauty&author=Oscar%20Wilde,78,0,0
1782356326040,123,HTTP Request,200,OK,Author Query 5-6,text,true,,263,155,8,48,http://localhost:8080/search?q=beauty&author=Oscar%20Wilde,123,0,0
1782356326118,53,HTTP Request,200,OK,Author Query 5-1,text,true,,263,155,8,48,http://localhost:8080/search?q=beauty&author=Oscar%20Wilde,53,0,0
1782356326121,95,HTTP Request,200,OK,Author Query 5-5,text,true,,263,155,8,48,http://localhost:8080/search?q=beauty&author=Oscar%20Wilde,95,0,0
1782356326150,116,HTTP Request,200,OK,Author Query 5-4,text,true,,263,155,8,48,http://localhost:8080/search?q=beauty&author=Oscar%20Wilde,116,0,0
1782356326172,94,HTTP Request,200,OK,Author Query 5-1,text,true,,263,155,8,48,http://localhost:8080/search?q=beauty&author=Oscar%20Wilde,94,0,0
1782356326142,124,HTTP Request,200,OK,Author Query 5-2,text,true,,263,155,8,48,http://localhost:8080/search?q=beauty&author=Oscar%20Wilde,124,0,0
1782356326138,128,HTTP Request,200,OK,Author Query 5-7,text,true,,263,155,8,48,http://localhost:8080/search?q=beauty&author=Oscar%20Wilde,128,0,0
1782356326149,118,HTTP Request,200,OK,Author Query 5-8,text,true,,263,155,8,48,http://localhost:8080/search?q=beauty&author=Oscar%20Wilde,118,0,0
1782356326150,197,HTTP Request,200,OK,Author Query 5-3,text,true,,263,155,8,48,http://localhost:8080/search?q=beauty&author=Oscar%20Wilde,197,0,0
1782356326163,189,HTTP Request,200,OK,Author Query 5-6,text,true,,263,155,8,48,http://localhost:8080/search?q=beauty&author=Oscar%20Wilde,189,0,0
1782356326266,114,HTTP Request,200,OK,Author Query 5-7,text,true,,263,155,8,48,http://localhost:8080/search?q=beauty&author=Oscar%20Wilde,114,0,0
1782356326216,164,HTTP Request,200,OK,Author Query 5-5,text,true,,263,155,8,48,http://localhost:8080/search?q=beauty&author=Oscar%20Wilde,164,0,0
1782356326267,113,HTTP Request,200,OK,Author Query 5-8,text,true,,263,155,8,48,http://localhost:8080/search?q=beauty&author=Oscar%20Wilde,113,0,0
1782356326266,114,HTTP Request,200,OK,Author Query 5-4,text,true,,263,155,8,48,http://localhost:8080/search?q=beauty&author=Oscar%20Wilde,114,0,0
1782356326266,115,HTTP Request,200,OK,Author Query 5-2,text,true,,263,155,8,48,http://localhost:8080/search?q=beauty&author=Oscar%20Wilde,115,0,0
1782356326266,136,HTTP Request,200,OK,Author Query 5-1,text,true,,263,155,8,48,http://localhost:8080/search?q=beauty&author=Oscar%20Wilde,136,0,0
1782356326353,82,HTTP Request,200,OK,Author Query 5-6,text,true,,263,155,8,48,http://localhost:8080/search?q=beauty&author=Oscar%20Wilde,82,0,0
1782356326348,110,HTTP Request,200,OK,Author Query 5-3,text,true,,263,155,8,49,http://localhost:8080/search?q=beauty&author=Oscar%20Wilde,109,0,0
1782356326381,95,HTTP Request,200,OK,Author Query 5-2,text,true,,263,155,8,50,http://localhost:8080/search?q=beauty&author=Oscar%20Wilde,95,0,0
1782356326381,99,HTTP Request,200,OK,Author Query 5-4,text,true,,263,155,8,50,http://localhost:8080/search?q=beauty&author=Oscar%20Wilde,99,0,0
1782356326380,101,HTTP Request,200,OK,Author Query 5-7,text,true,,263,155,8,50,http://localhost:8080/search?q=beauty&author=Oscar%20Wilde,101,0,0
1782356326381,101,HTTP Request,200,OK,Author Query 5-5,text,true,,263,155,8,50,http://localhost:8080/search?q=beauty&author=Oscar%20Wilde,101,0,0
1782356326381,126,HTTP Request,200,OK,Author Query 5-8,text,true,,263,155,9,53,http://localhost:8080/search?q=beauty&author=Oscar%20Wilde,126,0,0
1782356326435,75,HTTP Request,200,OK,Author Query 5-6,text,true,,263,155,9,53,http://localhost:8080/search?q=beauty&author=Oscar%20Wilde,75,0,0
1782356326402,127,HTTP Request,200,OK,Author Query 5-1,text,true,,263,155,9,53,http://localhost:8080/search?q=beauty&author=Oscar%20Wilde,127,0,0
1782356326476,105,HTTP Request,200,OK,Author Query 5-2,text,true,,263,155,9,53,http://localhost:8080/search?q=beauty&author=Oscar%20Wilde,105,0,0
1782356326481,115,HTTP Request,200,OK,Author Query 5-7,text,true,,263,155,9,53,http://localhost:8080/search?q=beauty&author=Oscar%20Wilde,115,0,0
1782356326507,90,HTTP Request,200,OK,Author Query 5-8,text,true,,263,155,9,53,http://localhost:8080/search?q=beauty&author=Oscar%20Wilde,90,0,0
1782356326481,123,HTTP Request,200,OK,Author Query 5-4,text,true,,263,155,9,53,http://localhost:8080/search?q=beauty&author=Oscar%20Wilde,123,0,0
1782356326483,128,HTTP Request,200,OK,Author Query 5-5,text,true,,263,155,9,53,http://localhost:8080/search?q=beauty&author=Oscar%20Wilde,128,0,0
1782356326458,168,HTTP Request,200,OK,Author Query 5-3,text,true,,263,155,9,53,http://localhost:8080/search?q=beauty&author=Oscar%20Wilde,168,0,0
1782356326529,112,HTTP Request,200,OK,Author Query 5-1,text,true,,263,155,9,53,http://localhost:8080/search?q=beauty&author=Oscar%20Wilde,112,0,0
1782356326510,131,HTTP Request,200,OK,Author Query 5-6,text,true,,263,155,9,53,http://localhost:8080/search?q=beauty&author=Oscar%20Wilde,131,0,0
1782356326506,138,HTTP Request,200,OK,Author Query 5-9,text,true,,263,155,9,53,http://localhost:8080/search?q=beauty&author=Oscar%20Wilde,138,0,2
1782356326596,88,HTTP Request,200,OK,Author Query 5-7,text,true,,263,155,9,53,http://localhost:8080/search?q=beauty&author=Oscar%20Wilde,88,0,0
1782356326597,98,HTTP Request,200,OK,Author Query 5-8,text,true,,263,155,9,53,http://localhost:8080/search?q=beauty&author=Oscar%20Wilde,98,0,0
1782356326582,113,HTTP Request,200,OK,Author Query 5-2,text,true,,263,155,9,53,http://localhost:8080/search?q=beauty&author=Oscar%20Wilde,113,0,0
1782356326604,93,HTTP Request,200,OK,Author Query 5-4,text,true,,263,155,9,53,http://localhost:8080/search?q=beauty&author=Oscar%20Wilde,93,0,0
1782356326626,100,HTTP Request,200,OK,Author Query 5-3,text,true,,263,155,9,53,http://localhost:8080/search?q=beauty&author=Oscar%20Wilde,100,0,0
1782356326612,114,HTTP Request,200,OK,Author Query 5-5,text,true,,263,155,9,53,http://localhost:8080/search?q=beauty&author=Oscar%20Wilde,114,0,0
1782356326641,96,HTTP Request,200,OK,Author Query 5-6,text,true,,263,155,9,53,http://localhost:8080/search?q=beauty&author=Oscar%20Wilde,96,0,0
1782356326645,102,HTTP Request,200,OK,Author Query 5-9,text,true,,263,155,9,53,http://localhost:8080/search?q=beauty&author=Oscar%20Wilde,102,0,0
1782356326641,113,HTTP Request,200,OK,Author Query 5-1,text,true,,263,155,9,53,http://localhost:8080/search?q=beauty&author=Oscar%20Wilde,113,0,0
1782356326684,79,HTTP Request,200,OK,Author Query 5-7,text,true,,263,155,9,53,http://localhost:8080/search?q=beauty&author=Oscar%20Wilde,79,0,0
1782356326695,83,HTTP Request,200,OK,Author Query 5-8,text,true,,263,155,9,53,http://localhost:8080/search?q=beauty&author=Oscar%20Wilde,83,0,0
1782356326695,83,HTTP Request,200,OK,Author Query 5-2,text,true,,263,155,9,53,http://localhost:8080/search?q=beauty&author=Oscar%20Wilde,83,0,0
1782356326697,85,HTTP Request,200,OK,Author Query 5-4,text,true,,263,155,9,53,http://localhost:8080/search?q=beauty&author=Oscar%20Wilde,85,0,0
1782356326726,140,HTTP Request,200,OK,Author Query 5-3,text,true,,263,155,9,53,http://localhost:8080/search?q=beauty&author=Oscar%20Wilde,140,0,0
1782356326738,135,HTTP Request,200,OK,Author Query 5-6,text,true,,263,155,9,53,http://localhost:8080/search?q=beauty&author=Oscar%20Wilde,135,0,0
1782356326727,149,HTTP Request,200,OK,Author Query 5-5,text,true,,263,155,9,53,http://localhost:8080/search?q=beauty&author=Oscar%20Wilde,149,0,0
1782356326748,159,HTTP Request,200,OK,Author Query 5-9,text,true,,263,155,9,53,http://localhost:8080/search?q=beauty&author=Oscar%20Wilde,159,0,0
1782356326778,136,HTTP Request,200,OK,Author Query 5-2,text,true,,263,155,9,53,http://localhost:8080/search?q=beauty&author=Oscar%20Wilde,136,0,0
1782356326763,155,HTTP Request,200,OK,Author Query 5-7,text,true,,263,155,9,53,http://localhost:8080/search?q=beauty&author=Oscar%20Wilde,155,0,0
1782356326782,136,HTTP Request,200,OK,Author Query 5-4,text,true,,263,155,9,53,http://localhost:8080/search?q=beauty&author=Oscar%20Wilde,136,0,0
1782356326778,140,HTTP Request,200,OK,Author Query 5-8,text,true,,263,155,9,53,http://localhost:8080/search?q=beauty&author=Oscar%20Wilde,140,0,0
1782356326754,178,HTTP Request,200,OK,Author Query 5-1,text,true,,263,155,9,53,http://localhost:8080/search?q=beauty&author=Oscar%20Wilde,178,0,0
1782356326876,74,HTTP Request,200,OK,Author Query 5-5,text,true,,263,155,9,53,http://localhost:8080/search?q=beauty&author=Oscar%20Wilde,74,0,0
1782356326874,92,HTTP Request,200,OK,Author Query 5-6,text,true,,263,155,9,54,http://localhost:8080/search?q=beauty&author=Oscar%20Wilde,92,0,0
1782356326866,117,HTTP Request,200,OK,Author Query 5-3,text,true,,263,155,9,54,http://localhost:8080/search?q=beauty&author=Oscar%20Wilde,117,0,0
1782356326914,103,HTTP Request,200,OK,Author Query 5-2,text,true,,263,155,9,54,http://localhost:8080/search?q=beauty&author=Oscar%20Wilde,103,0,0
1782356326908,113,HTTP Request,200,OK,Author Query 5-9,text,true,,263,155,9,54,http://localhost:8080/search?q=beauty&author=Oscar%20Wilde,113,0,0
1782356326919,103,HTTP Request,200,OK,Author Query 5-8,text,true,,263,155,9,54,http://localhost:8080/search?q=beauty&author=Oscar%20Wilde,103,0,0
1782356326918,104,HTTP Request,200,OK,Author Query 5-4,text,true,,263,155,9,54,http://localhost:8080/search?q=beauty&author=Oscar%20Wilde,104,0,0
1782356326933,90,HTTP Request,200,OK,Author Query 5-1,text,true,,263,155,9,54,http://localhost:8080/search?q=beauty&author=Oscar%20Wilde,90,0,0
1782356326918,146,HTTP Request,200,OK,Author Query 5-7,text,true,,263,155,9,54,http://localhost:8080/search?q=beauty&author=Oscar%20Wilde,146,0,0
1782356326983,124,HTTP Request,200,OK,Author Query 5-3,text,true,,263,155,9,54,http://localhost:8080/search?q=beauty&author=Oscar%20Wilde,124,0,0
1782356327017,90,HTTP Request,200,OK,Author Query 5-2,text,true,,263,155,9,54,http://localhost:8080/search?q=beauty&author=Oscar%20Wilde,90,0,0
1782356326966,162,HTTP Request,200,OK,Author Query 5-6,text,true,,263,155,9,54,http://localhost:8080/search?q=beauty&author=Oscar%20Wilde,162,0,0
1782356327022,107,HTTP Request,200,OK,Author Query 5-8,text,true,,263,155,9,54,http://localhost:8080/search?q=beauty&author=Oscar%20Wilde,107,0,0
1782356327022,113,HTTP Request,200,OK,Author Query 5-4,text,true,,263,155,9,54,http://localhost:8080/search?q=beauty&author=Oscar%20Wilde,113,0,0
1782356327021,127,HTTP Request,200,OK,Author Query 5-9,text,true,,263,155,9,54,http://localhost:8080/search?q=beauty&author=Oscar%20Wilde,127,0,0
1782356327023,130,HTTP Request,200,OK,Author Query 5-1,text,true,,263,155,9,54,http://localhost:8080/search?q=beauty&author=Oscar%20Wilde,130,0,0
1782356326950,242,HTTP Request,200,OK,Author Query 5-5,text,true,,263,155,9,54,http://localhost:8080/search?q=beauty&author=Oscar%20Wilde,242,0,0
1782356327130,74,HTTP Request,200,OK,Author Query 5-8,text,true,,263,155,9,54,http://localhost:8080/search?q=beauty&author=Oscar%20Wilde,74,0,0
1782356327136,68,HTTP Request,200,OK,Author Query 5-4,text,true,,263,155,9,54,http://localhost:8080/search?q=beauty&author=Oscar%20Wilde,68,0,0
1782356327128,76,HTTP Request,200,OK,Author Query 5-6,text,true,,263,155,9,54,http://localhost:8080/search?q=beauty&author=Oscar%20Wilde,76,0,0
1782356327148,69,HTTP Request,200,OK,Author Query 5-9,text,true,,263,155,9,54,http://localhost:8080/search?q=beauty&author=Oscar%20Wilde,69,0,0
1782356327064,167,HTTP Request,200,OK,Author Query 5-7,text,true,,263,155,9,54,http://localhost:8080/search?q=beauty&author=Oscar%20Wilde,167,0,0
1782356327107,150,HTTP Request,200,OK,Author Query 5-2,text,true,,263,155,9,54,http://localhost:8080/search?q=beauty&author=Oscar%20Wilde,150,0,0
1782356327107,151,HTTP Request,200,OK,Author Query 5-3,text,true,,263,155,9,54,http://localhost:8080/search?q=beauty&author=Oscar%20Wilde,151,0,0
1782356327154,105,HTTP Request,200,OK,Author Query 5-1,text,true,,263,155,9,54,http://localhost:8080/search?q=beauty&author=Oscar%20Wilde,105,0,0
1782356327204,100,HTTP Request,200,OK,Author Query 5-4,text,true,,263,155,9,54,http://localhost:8080/search?q=beauty&author=Oscar%20Wilde,100,0,0
1782356327217,88,HTTP Request,200,OK,Author Query 5-9,text,true,,263,155,9,54,http://localhost:8080/search?q=beauty&author=Oscar%20Wilde,88,0,0
1782356327231,134,HTTP Request,200,OK,Author Query 5-7,text,true,,263,155,9,54,http://localhost:8080/search?q=beauty&author=Oscar%20Wilde,134,0,0
1782356327204,215,HTTP Request,200,OK,Author Query 5-8,text,true,,263,155,9,54,http://localhost:8080/search?q=beauty&author=Oscar%20Wilde,215,0,0
1782356327193,234,HTTP Request,200,OK,Author Query 5-5,text,true,,263,155,9,54,http://localhost:8080/search?q=beauty&author=Oscar%20Wilde,234,0,0
1782356327204,223,HTTP Request,200,OK,Author Query 5-6,text,true,,263,155,9,54,http://localhost:8080/search?q=beauty&author=Oscar%20Wilde,223,0,0
1782356327304,142,HTTP Request,200,OK,Author Query 5-4,text,true,,263,155,9,54,http://localhost:8080/search?q=beauty&author=Oscar%20Wilde,142,0,0
1782356327258,189,HTTP Request,200,OK,Author Query 5-2,text,true,,263,155,9,54,http://localhost:8080/search?q=beauty&author=Oscar%20Wilde,189,0,0
1782356327305,144,HTTP Request,200,OK,Author Query 5-9,text,true,,263,155,9,54,http://localhost:8080/search?q=beauty&author=Oscar%20Wilde,144,0,0
1782356327366,91,HTTP Request,200,OK,Author Query 5-7,text,true,,263,155,9,55,http://localhost:8080/search?q=beauty&author=Oscar%20Wilde,91,0,0
1782356327260,201,HTTP Request,200,OK,Author Query 5-1,text,true,,263,155,9,55,http://localhost:8080/search?q=beauty&author=Oscar%20Wilde,201,0,0
1782356327259,238,HTTP Request,200,OK,Author Query 5-3,text,true,,263,155,9,58,http://localhost:8080/search?q=beauty&author=Oscar%20Wilde,238,0,0
1782356327427,116,HTTP Request,200,OK,Author Query 5-5,text,true,,263,155,10,59,http://localhost:8080/search?q=beauty&author=Oscar%20Wilde,116,0,0
1782356327447,100,HTTP Request,200,OK,Author Query 5-2,text,true,,263,155,10,59,http://localhost:8080/search?q=beauty&author=Oscar%20Wilde,100,0,0
1782356327419,128,HTTP Request,200,OK,Author Query 5-8,text,true,,263,155,10,59,http://localhost:8080/search?q=beauty&author=Oscar%20Wilde,128,0,0
1782356327447,101,HTTP Request,200,OK,Author Query 5-4,text,true,,263,155,10,59,http://localhost:8080/search?q=beauty&author=Oscar%20Wilde,101,0,0
1782356327449,102,HTTP Request,200,OK,Author Query 5-9,text,true,,263,155,10,59,http://localhost:8080/search?q=beauty&author=Oscar%20Wilde,102,0,0
1782356327461,120,HTTP Request,200,OK,Author Query 5-1,text,true,,263,155,10,59,http://localhost:8080/search?q=beauty&author=Oscar%20Wilde,120,0,0
1782356327543,58,HTTP Request,200,OK,Author Query 5-5,text,true,,263,155,10,59,http://localhost:8080/search?q=beauty&author=Oscar%20Wilde,58,0,0
1782356327505,96,HTTP Request,200,OK,Author Query 5-10,text,true,,263,155,10,59,http://localhost:8080/search?q=beauty&author=Oscar%20Wilde,96,0,1
1782356327548,96,HTTP Request,200,OK,Author Query 5-2,text,true,,263,155,10,59,http://localhost:8080/search?q=beauty&author=Oscar%20Wilde,95,0,0
1782356327548,97,HTTP Request,200,OK,Author Query 5-8,text,true,,263,155,10,59,http://localhost:8080/search?q=beauty&author=Oscar%20Wilde,97,0,0
1782356327497,157,HTTP Request,200,OK,Author Query 5-3,text,true,,263,155,10,59,http://localhost:8080/search?q=beauty&author=Oscar%20Wilde,157,0,0
1782356327582,72,HTTP Request,200,OK,Author Query 5-1,text,true,,263,155,10,59,http://localhost:8080/search?q=beauty&author=Oscar%20Wilde,72,0,0
1782356327548,112,HTTP Request,200,OK,Author Query 5-4,text,true,,263,155,10,59,http://localhost:8080/search?q=beauty&author=Oscar%20Wilde,112,0,0
1782356327457,205,HTTP Request,200,OK,Author Query 5-7,text,true,,263,155,10,59,http://localhost:8080/search?q=beauty&author=Oscar%20Wilde,205,0,0
1782356327428,243,HTTP Request,200,OK,Author Query 5-6,text,true,,263,155,10,59,http://localhost:8080/search?q=beauty&author=Oscar%20Wilde,243,0,0
1782356327602,92,HTTP Request,200,OK,Author Query 5-10,text,true,,263,155,10,59,http://localhost:8080/search?q=beauty&author=Oscar%20Wilde,92,0,0
1782356327602,92,HTTP Request,200,OK,Author Query 5-5,text,true,,263,155,10,59,http://localhost:8080/search?q=beauty&author=Oscar%20Wilde,92,0,0
1782356327551,154,HTTP Request,200,OK,Author Query 5-9,text,true,,263,155,10,59,http://localhost:8080/search?q=beauty&author=Oscar%20Wilde,154,0,0
1782356327644,72,HTTP Request,200,OK,Author Query 5-2,text,true,,263,155,10,59,http://localhost:8080/search?q=beauty&author=Oscar%20Wilde,72,0,0
1782356327655,81,HTTP Request,200,OK,Author Query 5-1,text,true,,263,155,10,59,http://localhost:8080/search?q=beauty&author=Oscar%20Wilde,81,0,0
1782356327661,83,HTTP Request,200,OK,Author Query 5-4,text,true,,263,155,10,59,http://localhost:8080/search?q=beauty&author=Oscar%20Wilde,83,0,0
1782356327672,80,HTTP Request,200,OK,Author Query 5-6,text,true,,263,155,10,59,http://localhost:8080/search?q=beauty&author=Oscar%20Wilde,80,0,0
1782356327645,119,HTTP Request,200,OK,Author Query 5-8,text,true,,263,155,10,59,http://localhost:8080/search?q=beauty&author=Oscar%20Wilde,119,0,0
1782356327694,88,HTTP Request,200,OK,Author Query 5-10,text,true,,263,155,10,59,http://localhost:8080/search?q=beauty&author=Oscar%20Wilde,88,0,0
1782356327662,121,HTTP Request,200,OK,Author Query 5-7,text,true,,263,155,10,59,http://localhost:8080/search?q=beauty&author=Oscar%20Wilde,121,0,0
1782356327694,90,HTTP Request,200,OK,Author Query 5-5,text,true,,263,155,10,59,http://localhost:8080/search?q=beauty&author=Oscar%20Wilde,90,0,0
1782356327705,79,HTTP Request,200,OK,Author Query 5-9,text,true,,263,155,10,59,http://localhost:8080/search?q=beauty&author=Oscar%20Wilde,79,0,0
1782356327654,130,HTTP Request,200,OK,Author Query 5-3,text,true,,263,155,10,59,http://localhost:8080/search?q=beauty&author=Oscar%20Wilde,129,0,0
1782356327736,69,HTTP Request,200,OK,Author Query 5-1,text,true,,263,155,10,59,http://localhost:8080/search?q=beauty&author=Oscar%20Wilde,69,0,0
1782356327716,106,HTTP Request,200,OK,Author Query 5-2,text,true,,263,155,10,59,http://localhost:8080/search?q=beauty&author=Oscar%20Wilde,106,0,0
1782356327744,83,HTTP Request,200,OK,Author Query 5-4,text,true,,263,155,10,59,http://localhost:8080/search?q=beauty&author=Oscar%20Wilde,83,0,0
1782356327764,75,HTTP Request,200,OK,Author Query 5-8,text,true,,263,155,10,59,http://localhost:8080/search?q=beauty&author=Oscar%20Wilde,75,0,0
1782356327753,169,HTTP Request,200,OK,Author Query 5-6,text,true,,263,155,10,59,http://localhost:8080/search?q=beauty&author=Oscar%20Wilde,169,0,0
1782356327785,152,HTTP Request,200,OK,Author Query 5-3,text,true,,263,155,10,59,http://localhost:8080/search?q=beauty&author=Oscar%20Wilde,152,0,0
1782356327784,155,HTTP Request,200,OK,Author Query 5-7,text,true,,263,155,10,59,http://localhost:8080/search?q=beauty&author=Oscar%20Wilde,155,0,0
1782356327785,154,HTTP Request,200,OK,Author Query 5-5,text,true,,263,155,10,59,http://localhost:8080/search?q=beauty&author=Oscar%20Wilde,154,0,0
1782356327783,157,HTTP Request,200,OK,Author Query 5-10,text,true,,263,155,10,59,http://localhost:8080/search?q=beauty&author=Oscar%20Wilde,157,0,0
1782356327805,149,HTTP Request,200,OK,Author Query 5-1,text,true,,263,155,10,60,http://localhost:8080/search?q=beauty&author=Oscar%20Wilde,149,0,0
1782356327822,159,HTTP Request,200,OK,Author Query 5-2,text,true,,263,155,10,60,http://localhost:8080/search?q=beauty&author=Oscar%20Wilde,159,0,0
1782356327785,198,HTTP Request,200,OK,Author Query 5-9,text,true,,263,155,10,60,http://localhost:8080/search?q=beauty&author=Oscar%20Wilde,198,0,0
1782356327840,150,HTTP Request,200,OK,Author Query 5-8,text,true,,263,155,10,60,http://localhost:8080/search?q=beauty&author=Oscar%20Wilde,150,0,0
1782356327827,172,HTTP Request,200,OK,Author Query 5-4,text,true,,263,155,10,60,http://localhost:8080/search?q=beauty&author=Oscar%20Wilde,172,0,0
1782356327939,88,HTTP Request,200,OK,Author Query 5-5,text,true,,263,155,10,60,http://localhost:8080/search?q=beauty&author=Oscar%20Wilde,88,0,0
1782356327941,87,HTTP Request,200,OK,Author Query 5-10,text,true,,263,155,10,60,http://localhost:8080/search?q=beauty&author=Oscar%20Wilde,87,0,0
1782356327922,106,HTTP Request,200,OK,Author Query 5-6,text,true,,263,155,10,60,http://localhost:8080/search?q=beauty&author=Oscar%20Wilde,106,0,0
1782356327937,100,HTTP Request,200,OK,Author Query 5-3,text,true,,263,155,10,60,http://localhost:8080/search?q=beauty&author=Oscar%20Wilde,100,0,0
1782356327939,100,HTTP Request,200,OK,Author Query 5-7,text,true,,263,155,10,60,http://localhost:8080/search?q=beauty&author=Oscar%20Wilde,100,0,0
1782356327954,92,HTTP Request,200,OK,Author Query 5-1,text,true,,263,155,10,60,http://localhost:8080/search?q=beauty&author=Oscar%20Wilde,92,0,0
1782356328029,73,HTTP Request,200,OK,Author Query 5-10,text,true,,263,155,10,60,http://localhost:8080/search?q=beauty&author=Oscar%20Wilde,73,0,0
1782356328027,75,HTTP Request,200,OK,Author Query 5-5,text,true,,263,155,10,60,http://localhost:8080/search?q=beauty&author=Oscar%20Wilde,75,0,0
1782356327984,124,HTTP Request,200,OK,Author Query 5-9,text,true,,263,155,10,60,http://localhost:8080/search?q=beauty&author=Oscar%20Wilde,124,0,0
1782356328029,79,HTTP Request,200,OK,Author Query 5-6,text,true,,263,155,10,60,http://localhost:8080/search?q=beauty&author=Oscar%20Wilde,79,0,0
1782356328046,72,HTTP Request,200,OK,Author Query 5-1,text,true,,263,155,10,60,http://localhost:8080/search?q=beauty&author=Oscar%20Wilde,72,0,0
1782356328038,82,HTTP Request,200,OK,Author Query 5-3,text,true,,263,155,10,60,http://localhost:8080/search?q=beauty&author=Oscar%20Wilde,82,0,0
1782356327999,126,HTTP Request,200,OK,Author Query 5-4,text,true,,263,155,10,60,http://localhost:8080/search?q=beauty&author=Oscar%20Wilde,126,0,0
1782356327990,139,HTTP Request,200,OK,Author Query 5-8,text,true,,263,155,10,60,http://localhost:8080/search?q=beauty&author=Oscar%20Wilde,139,0,0
1782356328039,98,HTTP Request,200,OK,Author Query 5-7,text,true,,263,155,10,60,http://localhost:8080/search?q=beauty&author=Oscar%20Wilde,98,0,0
1782356327981,175,HTTP Request,200,OK,Author Query 5-2,text,true,,263,155,10,60,http://localhost:8080/search?q=beauty&author=Oscar%20Wilde,175,0,0
1782356328118,91,HTTP Request,200,OK,Author Query 5-1,text,true,,263,155,10,60,http://localhost:8080/search?q=beauty&author=Oscar%20Wilde,91,0,0
1782356328108,101,HTTP Request,200,OK,Author Query 5-9,text,true,,263,155,10,60,http://localhost:8080/search?q=beauty&author=Oscar%20Wilde,101,0,0
1782356328102,108,HTTP Request,200,OK,Author Query 5-5,text,true,,263,155,10,60,http://localhost:8080/search?q=beauty&author=Oscar%20Wilde,108,0,0
1782356328102,108,HTTP Request,200,OK,Author Query 5-10,text,true,,263,155,10,60,http://localhost:8080/search?q=beauty&author=Oscar%20Wilde,108,0,0
1782356328109,102,HTTP Request,200,OK,Author Query 5-6,text,true,,263,155,10,60,http://localhost:8080/search?q=beauty&author=Oscar%20Wilde,102,0,0
1782356328120,113,HTTP Request,200,OK,Author Query 5-3,text,true,,263,155,10,60,http://localhost:8080/search?q=beauty&author=Oscar%20Wilde,113,0,0
1782356328131,135,HTTP Request,200,OK,Author Query 5-8,text,true,,263,155,10,60,http://localhost:8080/search?q=beauty&author=Oscar%20Wilde,135,0,0
1782356328156,137,HTTP Request,200,OK,Author Query 5-2,text,true,,263,155,10,60,http://localhost:8080/search?q=beauty&author=Oscar%20Wilde,137,0,0
1782356328210,84,HTTP Request,200,OK,Author Query 5-5,text,true,,263,155,10,60,http://localhost:8080/search?q=beauty&author=Oscar%20Wilde,84,0,0
1782356328210,86,HTTP Request,200,OK,Author Query 5-9,text,true,,263,155,10,60,http://localhost:8080/search?q=beauty&author=Oscar%20Wilde,86,0,0
1782356328209,97,HTTP Request,200,OK,Author Query 5-1,text,true,,263,155,10,60,http://localhost:8080/search?q=beauty&author=Oscar%20Wilde,97,0,0
1782356328211,95,HTTP Request,200,OK,Author Query 5-6,text,true,,263,155,10,60,http://localhost:8080/search?q=beauty&author=Oscar%20Wilde,95,0,0
1782356328138,181,HTTP Request,200,OK,Author Query 5-7,text,true,,263,155,10,60,http://localhost:8080/search?q=beauty&author=Oscar%20Wilde,181,0,0
1782356328126,221,HTTP Request,200,OK,Author Query 5-4,text,true,,263,155,10,60,http://localhost:8080/search?q=beauty&author=Oscar%20Wilde,221,0,0
1782356328210,157,HTTP Request,200,OK,Author Query 5-10,text,true,,263,155,10,60,http://localhost:8080/search?q=beauty&author=Oscar%20Wilde,157,0,0
1782356328233,137,HTTP Request,200,OK,Author Query 5-3,text,true,,263,155,10,60,http://localhost:8080/search?q=beauty&author=Oscar%20Wilde,137,0,0
1782356328293,137,HTTP Request,200,OK,Author Query 5-2,text,true,,263,155,10,60,http://localhost:8080/search?q=beauty&author=Oscar%20Wilde,137,0,0
1782356328298,135,HTTP Request,200,OK,Author Query 5-9,text,true,,263,155,10,60,http://localhost:8080/search?q=beauty&author=Oscar%20Wilde,135,0,0
1782356328295,138,HTTP Request,200,OK,Author Query 5-5,text,true,,263,155,10,60,http://localhost:8080/search?q=beauty&author=Oscar%20Wilde,138,0,0
1782356328306,139,HTTP Request,200,OK,Author Query 5-1,text,true,,263,155,10,60,http://localhost:8080/search?q=beauty&author=Oscar%20Wilde,139,0,0
1782356328306,144,HTTP Request,200,OK,Author Query 5-6,text,true,,263,155,10,60,http://localhost:8080/search?q=beauty&author=Oscar%20Wilde,144,0,0
1782356328266,194,HTTP Request,200,OK,Author Query 5-8,text,true,,263,155,10,60,http://localhost:8080/search?q=beauty&author=Oscar%20Wilde,194,0,0
1782356328347,132,HTTP Request,200,OK,Author Query 5-4,text,true,,263,155,10,61,http://localhost:8080/search?q=beauty&author=Oscar%20Wilde,132,0,0
1782356328431,84,HTTP Request,200,OK,Author Query 5-2,text,true,,263,155,10,62,http://localhost:8080/search?q=beauty&author=Oscar%20Wilde,84,0,0
1782356328319,197,HTTP Request,200,OK,Author Query 5-7,text,true,,263,155,10,62,http://localhost:8080/search?q=beauty&author=Oscar%20Wilde,197,0,0
1782356328433,115,HTTP Request,200,OK,Author Query 5-5,text,true,,263,155,10,62,http://localhost:8080/search?q=beauty&author=Oscar%20Wilde,115,0,0
1782356328433,116,HTTP Request,200,OK,Author Query 5-9,text,true,,263,155,10,62,http://localhost:8080/search?q=beauty&author=Oscar%20Wilde,116,0,0
1782356328446,108,HTTP Request,200,OK,Author Query 5-1,text,true,,263,155,10,62,http://localhost:8080/search?q=beauty&author=Oscar%20Wilde,108,0,0
1782356328367,192,HTTP Request,200,OK,Author Query 5-10,text,true,,263,155,10,62,http://localhost:8080/search?q=beauty&author=Oscar%20Wilde,192,0,0
1782356328371,199,HTTP Request,200,OK,Author Query 5-3,text,true,,263,155,10,62,http://localhost:8080/search?q=beauty&author=Oscar%20Wilde,199,0,0
1782356328451,125,HTTP Request,200,OK,Author Query 5-6,text,true,,263,155,10,62,http://localhost:8080/search?q=beauty&author=Oscar%20Wilde,125,0,0
1782356328460,116,HTTP Request,200,OK,Author Query 5-8,text,true,,263,155,10,62,http://localhost:8080/search?q=beauty&author=Oscar%20Wilde,116,0,0
1782356328480,115,HTTP Request,200,OK,Author Query 5-4,text,true,,263,155,10,62,http://localhost:8080/search?q=beauty&author=Oscar%20Wilde,115,0,0
1782356328554,73,HTTP Request,200,OK,Author Query 5-1,text,true,,263,155,10,62,http://localhost:8080/search?q=beauty&author=Oscar%20Wilde,73,0,0
1782356328516,114,HTTP Request,200,OK,Author Query 5-7,text,true,,263,155,10,62,http://localhost:8080/search?q=beauty&author=Oscar%20Wilde,114,0,0
1782356328548,83,HTTP Request,200,OK,Author Query 5-5,text,true,,263,155,10,62,http://localhost:8080/search?q=beauty&author=Oscar%20Wilde,83,0,0
1782356328559,80,HTTP Request,200,OK,Author Query 5-10,text,true,,263,155,10,62,http://localhost:8080/search?q=beauty&author=Oscar%20Wilde,80,0,0
1782356328515,146,HTTP Request,200,OK,Author Query 5-2,text,true,,263,155,10,62,http://localhost:8080/search?q=beauty&author=Oscar%20Wilde,146,0,0
1782356328571,125,HTTP Request,200,OK,Author Query 5-3,text,true,,263,155,10,62,http://localhost:8080/search?q=beauty&author=Oscar%20Wilde,125,0,0
1782356328576,123,HTTP Request,200,OK,Author Query 5-6,text,true,,263,155,10,62,http://localhost:8080/search?q=beauty&author=Oscar%20Wilde,123,0,0
1782356328576,124,HTTP Request,200,OK,Author Query 5-8,text,true,,263,155,10,62,http://localhost:8080/search?q=beauty&author=Oscar%20Wilde,124,0,0
1782356328595,120,HTTP Request,200,OK,Author Query 5-4,text,true,,263,155,10,62,http://localhost:8080/search?q=beauty&author=Oscar%20Wilde,120,0,0
1782356328549,190,HTTP Request,200,OK,Author Query 5-9,text,true,,263,155,10,62,http://localhost:8080/search?q=beauty&author=Oscar%20Wilde,190,0,0
1782356328639,103,HTTP Request,200,OK,Author Query 5-10,text,true,,263,155,10,62,http://localhost:8080/search?q=beauty&author=Oscar%20Wilde,103,0,0
1782356328631,113,HTTP Request,200,OK,Author Query 5-5,text,true,,263,155,10,62,http://localhost:8080/search?q=beauty&author=Oscar%20Wilde,113,0,0
1782356328630,114,HTTP Request,200,OK,Author Query 5-7,text,true,,263,155,10,62,http://localhost:8080/search?q=beauty&author=Oscar%20Wilde,114,0,0
1782356328627,117,HTTP Request,200,OK,Author Query 5-1,text,true,,263,155,10,62,http://localhost:8080/search?q=beauty&author=Oscar%20Wilde,117,0,0
1782356328662,93,HTTP Request,200,OK,Author Query 5-2,text,true,,263,155,10,62,http://localhost:8080/search?q=beauty&author=Oscar%20Wilde,93,0,0
1782356328701,96,HTTP Request,200,OK,Author Query 5-8,text,true,,263,155,10,62,http://localhost:8080/search?q=beauty&author=Oscar%20Wilde,96,0,0
1782356328697,101,HTTP Request,200,OK,Author Query 5-3,text,true,,263,155,10,62,http://localhost:8080/search?q=beauty&author=Oscar%20Wilde,101,0,0
1782356328699,107,HTTP Request,200,OK,Author Query 5-6,text,true,,263,155,10,62,http://localhost:8080/search?q=beauty&author=Oscar%20Wilde,107,0,0
1782356328715,138,HTTP Request,200,OK,Author Query 5-4,text,true,,263,155,10,62,http://localhost:8080/search?q=beauty&author=Oscar%20Wilde,138,0,0
1782356328742,111,HTTP Request,200,OK,Author Query 5-10,text,true,,263,155,10,62,http://localhost:8080/search?q=beauty&author=Oscar%20Wilde,111,0,0
1782356328739,114,HTTP Request,200,OK,Author Query 5-9,text,true,,263,155,10,62,http://localhost:8080/search?q=beauty&author=Oscar%20Wilde,114,0,0
1782356328744,109,HTTP Request,200,OK,Author Query 5-1,text,true,,263,155,10,62,http://localhost:8080/search?q=beauty&author=Oscar%20Wilde,109,0,0
1782356328744,139,HTTP Request,200,OK,Author Query 5-7,text,true,,263,155,10,62,http://localhost:8080/search?q=beauty&author=Oscar%20Wilde,139,0,0
1782356328744,145,HTTP Request,200,OK,Author Query 5-5,text,true,,263,155,10,62,http://localhost:8080/search?q=beauty&author=Oscar%20Wilde,145,0,0
1782356328755,144,HTTP Request,200,OK,Author Query 5-2,text,true,,263,155,10,62,http://localhost:8080/search?q=beauty&author=Oscar%20Wilde,144,0,0
1782356328797,159,HTTP Request,200,OK,Author Query 5-8,text,true,,263,155,10,62,http://localhost:8080/search?q=beauty&author=Oscar%20Wilde,159,0,0
1782356328798,158,HTTP Request,200,OK,Author Query 5-3,text,true,,263,155,10,62,http://localhost:8080/search?q=beauty&author=Oscar%20Wilde,158,0,0
1782356328806,161,HTTP Request,200,OK,Author Query 5-6,text,true,,263,155,10,62,http://localhost:8080/search?q=beauty&author=Oscar%20Wilde,161,0,0
1782356328899,128,HTTP Request,200,OK,Author Query 5-2,text,true,,263,155,10,62,http://localhost:8080/search?q=beauty&author=Oscar%20Wilde,128,0,0
1782356328854,173,HTTP Request,200,OK,Author Query 5-1,text,true,,263,155,10,62,http://localhost:8080/search?q=beauty&author=Oscar%20Wilde,173,0,0
1782356328883,151,HTTP Request,200,OK,Author Query 5-7,text,true,,263,155,10,62,http://localhost:8080/search?q=beauty&author=Oscar%20Wilde,151,0,0
1782356328889,145,HTTP Request,200,OK,Author Query 5-5,text,true,,263,155,10,62,http://localhost:8080/search?q=beauty&author=Oscar%20Wilde,145,0,0
1782356328967,85,HTTP Request,200,OK,Author Query 5-6,text,true,,263,155,10,62,http://localhost:8080/search?q=beauty&author=Oscar%20Wilde,85,0,0
1782356328853,200,HTTP Request,200,OK,Author Query 5-10,text,true,,263,155,10,62,http://localhost:8080/search?q=beauty&author=Oscar%20Wilde,200,0,0
1782356328853,200,HTTP Request,200,OK,Author Query 5-4,text,true,,263,155,10,62,http://localhost:8080/search?q=beauty&author=Oscar%20Wilde,200,0,0
1782356328957,96,HTTP Request,200,OK,Author Query 5-3,text,true,,263,155,10,62,http://localhost:8080/search?q=beauty&author=Oscar%20Wilde,96,0,0
1782356328957,96,HTTP Request,200,OK,Author Query 5-8,text,true,,263,155,10,62,http://localhost:8080/search?q=beauty&author=Oscar%20Wilde,96,0,0
1782356328853,201,HTTP Request,200,OK,Author Query 5-9,text,true,,263,155,10,62,http://localhost:8080/search?q=beauty&author=Oscar%20Wilde,201,0,0
1782356329028,67,HTTP Request,200,OK,Author Query 5-2,text,true,,263,155,10,62,http://localhost:8080/search?q=beauty&author=Oscar%20Wilde,67,0,0
1782356329028,76,HTTP Request,200,OK,Author Query 5-1,text,true,,263,155,10,62,http://localhost:8080/search?q=beauty&author=Oscar%20Wilde,76,0,0
1782356329053,69,HTTP Request,200,OK,Author Query 5-10,text,true,,263,155,10,62,http://localhost:8080/search?q=beauty&author=Oscar%20Wilde,69,0,0
1782356329034,88,HTTP Request,200,OK,Author Query 5-7,text,true,,263,155,10,62,http://localhost:8080/search?q=beauty&author=Oscar%20Wilde,88,0,0
1782356329052,71,HTTP Request,200,OK,Author Query 5-6,text,true,,263,155,10,62,http://localhost:8080/search?q=beauty&author=Oscar%20Wilde,71,0,0
1782356329053,70,HTTP Request,200,OK,Author Query 5-3,text,true,,263,155,10,62,http://localhost:8080/search?q=beauty&author=Oscar%20Wilde,70,0,0
1782356329053,70,HTTP Request,200,OK,Author Query 5-8,text,true,,263,155,10,62,http://localhost:8080/search?q=beauty&author=Oscar%20Wilde,70,0,0
1782356329095,70,HTTP Request,200,OK,Author Query 5-2,text,true,,263,155,10,62,http://localhost:8080/search?q=beauty&author=Oscar%20Wilde,70,0,0
1782356329034,171,HTTP Request,200,OK,Author Query 5-5,text,true,,263,155,10,62,http://localhost:8080/search?q=beauty&author=Oscar%20Wilde,171,0,0
1782356329053,170,HTTP Request,200,OK,Author Query 5-4,text,true,,263,155,10,62,http://localhost:8080/search?q=beauty&author=Oscar%20Wilde,170,0,0
1782356329123,100,HTTP Request,200,OK,Author Query 5-8,text,true,,263,155,10,62,http://localhost:8080/search?q=beauty&author=Oscar%20Wilde,100,0,0
1782356329054,171,HTTP Request,200,OK,Author Query 5-9,text,true,,263,155,10,62,http://localhost:8080/search?q=beauty&author=Oscar%20Wilde,171,0,0
1782356329122,105,HTTP Request,200,OK,Author Query 5-7,text,true,,263,155,10,62,http://localhost:8080/search?q=beauty&author=Oscar%20Wilde,105,0,0
1782356329123,104,HTTP Request,200,OK,Author Query 5-6,text,true,,263,155,10,62,http://localhost:8080/search?q=beauty&author=Oscar%20Wilde,104,0,0
1782356329122,105,HTTP Request,200,OK,Author Query 5-10,text,true,,263,155,10,62,http://localhost:8080/search?q=beauty&author=Oscar%20Wilde,105,0,0
1782356329166,94,HTTP Request,200,OK,Author Query 5-2,text,true,,263,155,10,62,http://localhost:8080/search?q=beauty&author=Oscar%20Wilde,94,0,0
1782356329104,162,HTTP Request,200,OK,Author Query 5-1,text,true,,263,155,10,62,http://localhost:8080/search?q=beauty&author=Oscar%20Wilde,162,0,0
1782356329223,100,HTTP Request,200,OK,Author Query 5-4,text,true,,263,155,10,62,http://localhost:8080/search?q=beauty&author=Oscar%20Wilde,100,0,0
1782356329225,98,HTTP Request,200,OK,Author Query 5-9,text,true,,263,155,10,62,http://localhost:8080/search?q=beauty&author=Oscar%20Wilde,98,0,0
1782356329223,100,HTTP Request,200,OK,Author Query 5-8,text,true,,263,155,10,62,http://localhost:8080/search?q=beauty&author=Oscar%20Wilde,100,0,0
1782356329123,201,HTTP Request,200,OK,Author Query 5-3,text,true,,263,155,10,62,http://localhost:8080/search?q=beauty&author=Oscar%20Wilde,201,0,0
1782356329205,184,HTTP Request,200,OK,Author Query 5-5,text,true,,263,155,10,62,http://localhost:8080/search?q=beauty&author=Oscar%20Wilde,184,0,0
1782356329267,123,HTTP Request,200,OK,Author Query 5-1,text,true,,263,155,10,62,http://localhost:8080/search?q=beauty&author=Oscar%20Wilde,123,0,0
1782356329260,161,HTTP Request,200,OK,Author Query 5-2,text,true,,263,155,10,62,http://localhost:8080/search?q=beauty&author=Oscar%20Wilde,161,0,0
1782356329227,196,HTTP Request,200,OK,Author Query 5-10,text,true,,263,155,10,62,http://localhost:8080/search?q=beauty&author=Oscar%20Wilde,196,0,0
1782356329228,195,HTTP Request,200,OK,Author Query 5-6,text,true,,263,155,10,62,http://localhost:8080/search?q=beauty&author=Oscar%20Wilde,195,0,0
1782356329227,200,HTTP Request,200,OK,Author Query 5-7,text,true,,263,155,10,62,http://localhost:8080/search?q=beauty&author=Oscar%20Wilde,200,0,0
1782356329323,164,HTTP Request,200,OK,Author Query 5-4,text,true,,263,155,10,64,http://localhost:8080/search?q=beauty&author=Oscar%20Wilde,164,0,0
1782356329323,164,HTTP Request,200,OK,Author Query 5-9,text,true,,263,155,10,64,http://localhost:8080/search?q=beauty&author=Oscar%20Wilde,164,0,0
1782356329324,163,HTTP Request,200,OK,Author Query 5-3,text,true,,263,155,10,64,http://localhost:8080/search?q=beauty&author=Oscar%20Wilde,163,0,0
1782356329323,166,HTTP Request,200,OK,Author Query 5-8,text,true,,263,155,10,64,http://localhost:8080/search?q=beauty&author=Oscar%20Wilde,166,0,0
1782356329423,112,HTTP Request,200,OK,Author Query 5-10,text,true,,263,155,10,64,http://localhost:8080/search?q=beauty&author=Oscar%20Wilde,112,0,0
1782356329427,121,HTTP Request,200,OK,Author Query 5-7,text,true,,263,155,10,64,http://localhost:8080/search?q=beauty&author=Oscar%20Wilde,121,0,0
1782356329390,159,HTTP Request,200,OK,Author Query 5-5,text,true,,263,155,10,64,http://localhost:8080/search?q=beauty&author=Oscar%20Wilde,159,0,0
1782356329488,68,HTTP Request,200,OK,Author Query 5-9,text,true,,263,155,10,64,http://localhost:8080/search?q=beauty&author=Oscar%20Wilde,68,0,0
1782356329488,68,HTTP Request,200,OK,Author Query 5-3,text,true,,263,155,10,64,http://localhost:8080/search?q=beauty&author=Oscar%20Wilde,68,0,0
1782356329488,68,HTTP Request,200,OK,Author Query 5-4,text,true,,263,155,10,64,http://localhost:8080/search?q=beauty&author=Oscar%20Wilde,68,0,0
1782356329489,78,HTTP Request,200,OK,Author Query 5-8,text,true,,263,155,10,64,http://localhost:8080/search?q=beauty&author=Oscar%20Wilde,78,0,0
1782356329423,145,HTTP Request,200,OK,Author Query 5-6,text,true,,263,155,10,64,http://localhost:8080/search?q=beauty&author=Oscar%20Wilde,145,0,0
1782356329422,164,HTTP Request,200,OK,Author Query 5-2,text,true,,263,155,10,64,http://localhost:8080/search?q=beauty&author=Oscar%20Wilde,164,0,0
1782356329390,201,HTTP Request,200,OK,Author Query 5-1,text,true,,263,155,10,64,http://localhost:8080/search?q=beauty&author=Oscar%20Wilde,201,0,0
1782356329535,90,HTTP Request,200,OK,Author Query 5-10,text,true,,263,155,10,64,http://localhost:8080/search?q=beauty&author=Oscar%20Wilde,90,0,0
1782356329556,84,HTTP Request,200,OK,Author Query 5-9,text,true,,263,155,10,64,http://localhost:8080/search?q=beauty&author=Oscar%20Wilde,84,0,0
1782356329548,93,HTTP Request,200,OK,Author Query 5-7,text,true,,263,155,10,64,http://localhost:8080/search?q=beauty&author=Oscar%20Wilde,93,0,0
1782356329567,81,HTTP Request,200,OK,Author Query 5-8,text,true,,263,155,10,64,http://localhost:8080/search?q=beauty&author=Oscar%20Wilde,81,0,0
1782356329557,107,HTTP Request,200,OK,Author Query 5-4,text,true,,263,155,10,64,http://localhost:8080/search?q=beauty&author=Oscar%20Wilde,107,0,0
1782356329549,116,HTTP Request,200,OK,Author Query 5-5,text,true,,263,155,10,64,http://localhost:8080/search?q=beauty&author=Oscar%20Wilde,116,0,0
1782356329556,109,HTTP Request,200,OK,Author Query 5-3,text,true,,263,155,10,64,http://localhost:8080/search?q=beauty&author=Oscar%20Wilde,109,0,0
1782356329591,74,HTTP Request,200,OK,Author Query 5-1,text,true,,263,155,10,64,http://localhost:8080/search?q=beauty&author=Oscar%20Wilde,74,0,0
1782356329568,98,HTTP Request,200,OK,Author Query 5-6,text,true,,263,155,10,64,http://localhost:8080/search?q=beauty&author=Oscar%20Wilde,98,0,0
1782356329641,84,HTTP Request,200,OK,Author Query 5-7,text,true,,263,155,10,64,http://localhost:8080/search?q=beauty&author=Oscar%20Wilde,84,0,0
1782356329586,140,HTTP Request,200,OK,Author Query 5-2,text,true,,263,155,10,64,http://localhost:8080/search?q=beauty&author=Oscar%20Wilde,140,0,0
1782356329649,83,HTTP Request,200,OK,Author Query 5-8,text,true,,263,155,10,64,http://localhost:8080/search?q=beauty&author=Oscar%20Wilde,83,0,0
1782356329640,93,HTTP Request,200,OK,Author Query 5-9,text,true,,263,155,10,64,http://localhost:8080/search?q=beauty&author=Oscar%20Wilde,93,0,0
1782356329625,109,HTTP Request,200,OK,Author Query 5-10,text,true,,263,155,10,64,http://localhost:8080/search?q=beauty&author=Oscar%20Wilde,109,0,0
1782356329664,70,HTTP Request,200,OK,Author Query 5-4,text,true,,263,155,10,64,http://localhost:8080/search?q=beauty&author=Oscar%20Wilde,70,0,0
1782356329666,85,HTTP Request,200,OK,Author Query 5-1,text,true,,263,155,10,64,http://localhost:8080/search?q=beauty&author=Oscar%20Wilde,85,0,0
1782356329665,94,HTTP Request,200,OK,Author Query 5-3,text,true,,263,155,10,64,http://localhost:8080/search?q=beauty&author=Oscar%20Wilde,94,0,0
1782356329665,95,HTTP Request,200,OK,Author Query 5-5,text,true,,263,155,10,64,http://localhost:8080/search?q=beauty&author=Oscar%20Wilde,95,0,0
1782356329666,100,HTTP Request,200,OK,Author Query 5-6,text,true,,263,155,10,64,http://localhost:8080/search?q=beauty&author=Oscar%20Wilde,100,0,0
1782356329734,70,HTTP Request,200,OK,Author Query 5-10,text,true,,263,155,10,64,http://localhost:8080/search?q=beauty&author=Oscar%20Wilde,70,0,0
1782356329726,79,HTTP Request,200,OK,Author Query 5-2,text,true,,263,155,10,64,http://localhost:8080/search?q=beauty&author=Oscar%20Wilde,79,0,0
1782356329734,73,HTTP Request,200,OK,Author Query 5-9,text,true,,263,155,10,64,http://localhost:8080/search?q=beauty&author=Oscar%20Wilde,73,0,0
1782356329725,115,HTTP Request,200,OK,Author Query 5-7,text,true,,263,155,10,64,http://localhost:8080/search?q=beauty&author=Oscar%20Wilde,115,0,0
1782356329734,107,HTTP Request,200,OK,Author Query 5-4,text,true,,263,155,10,64,http://localhost:8080/search?q=beauty&author=Oscar%20Wilde,107,0,0
1782356329760,92,HTTP Request,200,OK,Author Query 5-3,text,true,,263,155,10,64,http://localhost:8080/search?q=beauty&author=Oscar%20Wilde,92,0,0
1782356329752,104,HTTP Request,200,OK,Author Query 5-1,text,true,,263,155,10,64,http://localhost:8080/search?q=beauty&author=Oscar%20Wilde,104,0,0
1782356329767,89,HTTP Request,200,OK,Author Query 5-6,text,true,,263,155,10,64,http://localhost:8080/search?q=beauty&author=Oscar%20Wilde,89,0,0
1782356329760,107,HTTP Request,200,OK,Author Query 5-5,text,true,,263,155,10,64,http://localhost:8080/search?q=beauty&author=Oscar%20Wilde,107,0,0
1782356329804,74,HTTP Request,200,OK,Author Query 5-10,text,true,,263,155,10,64,http://localhost:8080/search?q=beauty&author=Oscar%20Wilde,74,0,0
1782356329733,164,HTTP Request,200,OK,Author Query 5-8,text,true,,263,155,10,64,http://localhost:8080/search?q=beauty&author=Oscar%20Wilde,164,0,0
1782356329856,69,HTTP Request,200,OK,Author Query 5-1,text,true,,263,155,10,64,http://localhost:8080/search?q=beauty&author=Oscar%20Wilde,69,0,0
1782356329853,74,HTTP Request,200,OK,Author Query 5-3,text,true,,263,155,10,64,http://localhost:8080/search?q=beauty&author=Oscar%20Wilde,74,0,0
1782356329805,126,HTTP Request,200,OK,Author Query 5-2,text,true,,263,155,10,64,http://localhost:8080/search?q=beauty&author=Oscar%20Wilde,126,0,0
1782356329807,128,HTTP Request,200,OK,Author Query 5-9,text,true,,263,155,10,64,http://localhost:8080/search?q=beauty&author=Oscar%20Wilde,128,0,0
1782356329840,101,HTTP Request,200,OK,Author Query 5-7,text,true,,263,155,10,64,http://localhost:8080/search?q=beauty&author=Oscar%20Wilde,101,0,0
1782356329857,163,HTTP Request,200,OK,Author Query 5-6,text,true,,263,155,10,64,http://localhost:8080/search?q=beauty&author=Oscar%20Wilde,163,0,0
1782356329842,187,HTTP Request,200,OK,Author Query 5-4,text,true,,263,155,10,64,http://localhost:8080/search?q=beauty&author=Oscar%20Wilde,187,0,0
1782356329867,186,HTTP Request,200,OK,Author Query 5-5,text,true,,263,155,10,64,http://localhost:8080/search?q=beauty&author=Oscar%20Wilde,186,0,0
1782356329897,156,HTTP Request,200,OK,Author Query 5-8,text,true,,263,155,10,64,http://localhost:8080/search?q=beauty&author=Oscar%20Wilde,156,0,0
1782356329925,143,HTTP Request,200,OK,Author Query 5-1,text,true,,263,155,10,64,http://localhost:8080/search?q=beauty&author=Oscar%20Wilde,143,0,0
1782356329878,192,HTTP Request,200,OK,Author Query 5-10,text,true,,263,155,10,64,http://localhost:8080/search?q=beauty&author=Oscar%20Wilde,192,0,0
1782356329928,151,HTTP Request,200,OK,Author Query 5-3,text,true,,263,155,10,64,http://localhost:8080/search?q=beauty&author=Oscar%20Wilde,151,0,0
1782356329936,148,HTTP Request,200,OK,Author Query 5-9,text,true,,263,155,10,64,http://localhost:8080/search?q=beauty&author=Oscar%20Wilde,148,0,0
1782356329931,156,HTTP Request,200,OK,Author Query 5-2,text,true,,263,155,10,64,http://localhost:8080/search?q=beauty&author=Oscar%20Wilde,156,0,0
1782356330022,69,HTTP Request,200,OK,Author Query 5-6,text,true,,263,155,10,64,http://localhost:8080/search?q=beauty&author=Oscar%20Wilde,69,0,0
1782356329942,154,HTTP Request,200,OK,Author Query 5-7,text,true,,263,155,10,64,http://localhost:8080/search?q=beauty&author=Oscar%20Wilde,154,0,0
1782356330029,82,HTTP Request,200,OK,Author Query 5-4,text,true,,263,155,10,64,http://localhost:8080/search?q=beauty&author=Oscar%20Wilde,82,0,0
1782356330053,95,HTTP Request,200,OK,Author Query 5-5,text,true,,263,155,10,64,http://localhost:8080/search?q=beauty&author=Oscar%20Wilde,95,0,0
1782356330070,84,HTTP Request,200,OK,Author Query 5-10,text,true,,263,155,10,64,http://localhost:8080/search?q=beauty&author=Oscar%20Wilde,84,0,0
1782356330053,102,HTTP Request,200,OK,Author Query 5-8,text,true,,263,155,10,64,http://localhost:8080/search?q=beauty&author=Oscar%20Wilde,102,0,0
1782356330068,101,HTTP Request,200,OK,Author Query 5-1,text,true,,263,155,10,64,http://localhost:8080/search?q=beauty&author=Oscar%20Wilde,101,0,0
1782356330088,92,HTTP Request,200,OK,Author Query 5-2,text,true,,263,155,10,64,http://localhost:8080/search?q=beauty&author=Oscar%20Wilde,91,0,0
1782356330096,84,HTTP Request,200,OK,Author Query 5-7,text,true,,263,155,10,64,http://localhost:8080/search?q=beauty&author=Oscar%20Wilde,84,0,0
1782356330111,110,HTTP Request,200,OK,Author Query 5-4,text,true,,263,155,10,64,http://localhost:8080/search?q=beauty&author=Oscar%20Wilde,110,0,0
1782356330091,141,HTTP Request,200,OK,Author Query 5-6,text,true,,263,155,10,64,http://localhost:8080/search?q=beauty&author=Oscar%20Wilde,141,0,0
1782356330084,166,HTTP Request,200,OK,Author Query 5-9,text,true,,263,155,10,64,http://localhost:8080/search?q=beauty&author=Oscar%20Wilde,166,0,0
1782356330169,86,HTTP Request,200,OK,Author Query 5-1,text,true,,263,155,10,64,http://localhost:8080/search?q=beauty&author=Oscar%20Wilde,86,0,0
1782356330080,177,HTTP Request,200,OK,Author Query 5-3,text,true,,263,155,10,64,http://localhost:8080/search?q=beauty&author=Oscar%20Wilde,177,0,0
1782356330149,110,HTTP Request,200,OK,Author Query 5-5,text,true,,263,155,10,64,http://localhost:8080/search?q=beauty&author=Oscar%20Wilde,110,0,0
1782356330154,107,HTTP Request,200,OK,Author Query 5-10,text,true,,263,155,10,64,http://localhost:8080/search?q=beauty&author=Oscar%20Wilde,107,0,0
1782356330180,81,HTTP Request,200,OK,Author Query 5-7,text,true,,263,155,10,64,http://localhost:8080/search?q=beauty&author=Oscar%20Wilde,81,0,0
1782356330155,113,HTTP Request,200,OK,Author Query 5-8,text,true,,263,155,10,64,http://localhost:8080/search?q=beauty&author=Oscar%20Wilde,113,0,0
1782356330180,90,HTTP Request,200,OK,Author Query 5-2,text,true,,263,155,10,64,http://localhost:8080/search?q=beauty&author=Oscar%20Wilde,90,0,0
1782356330221,74,HTTP Request,200,OK,Author Query 5-4,text,true,,263,155,10,64,http://localhost:8080/search?q=beauty&author=Oscar%20Wilde,74,0,0
1782356330259,67,HTTP Request,200,OK,Author Query 5-5,text,true,,263,155,10,64,http://localhost:8080/search?q=beauty&author=Oscar%20Wilde,67,0,0
1782356330261,83,HTTP Request,200,OK,Author Query 5-10,text,true,,263,155,10,64,http://localhost:8080/search?q=beauty&author=Oscar%20Wilde,83,0,0
1782356330262,84,HTTP Request,200,OK,Author Query 5-7,text,true,,263,155,10,64,http://localhost:8080/search?q=beauty&author=Oscar%20Wilde,84,0,0
1782356330270,89,HTTP Request,200,OK,Author Query 5-2,text,true,,263,155,10,64,http://localhost:8080/search?q=beauty&author=Oscar%20Wilde,89,0,0
1782356330268,91,HTTP Request,200,OK,Author Query 5-8,text,true,,263,155,10,64,http://localhost:8080/search?q=beauty&author=Oscar%20Wilde,91,0,0
1782356330258,129,HTTP Request,200,OK,Author Query 5-3,text,true,,263,155,10,64,http://localhost:8080/search?q=beauty&author=Oscar%20Wilde,129,0,0
1782356330256,131,HTTP Request,200,OK,Author Query 5-1,text,true,,263,155,10,64,http://localhost:8080/search?q=beauty&author=Oscar%20Wilde,131,0,0
1782356330250,137,HTTP Request,200,OK,Author Query 5-9,text,true,,263,155,10,64,http://localhost:8080/search?q=beauty&author=Oscar%20Wilde,137,0,0
1782356330232,155,HTTP Request,200,OK,Author Query 5-6,text,true,,263,155,10,64,http://localhost:8080/search?q=beauty&author=Oscar%20Wilde,155,0,0
1782356330296,93,HTTP Request,200,OK,Author Query 5-4,text,true,,263,155,10,64,http://localhost:8080/search?q=beauty&author=Oscar%20Wilde,93,0,0
1782356330344,74,HTTP Request,200,OK,Author Query 5-10,text,true,,263,155,10,64,http://localhost:8080/search?q=beauty&author=Oscar%20Wilde,74,0,0
1782356330326,92,HTTP Request,200,OK,Author Query 5-5,text,true,,263,155,10,64,http://localhost:8080/search?q=beauty&author=Oscar%20Wilde,92,0,0
1782356330346,74,HTTP Request,200,OK,Author Query 5-7,text,true,,263,155,10,64,http://localhost:8080/search?q=beauty&author=Oscar%20Wilde,74,0,0
1782356330359,62,HTTP Request,200,OK,Author Query 5-8,text,true,,263,155,10,64,http://localhost:8080/search?q=beauty&author=Oscar%20Wilde,62,0,0
1782356330359,63,HTTP Request,200,OK,Author Query 5-2,text,true,,263,155,10,64,http://localhost:8080/search?q=beauty&author=Oscar%20Wilde,63,0,0
1782356330387,140,HTTP Request,200,OK,Author Query 5-3,text,true,,263,155,10,66,http://localhost:8080/search?q=beauty&author=Oscar%20Wilde,140,0,0
1782356330388,142,HTTP Request,200,OK,Author Query 5-9,text,true,,263,155,10,66,http://localhost:8080/search?q=beauty&author=Oscar%20Wilde,142,0,0
1782356330389,141,HTTP Request,200,OK,Author Query 5-4,text,true,,263,155,10,66,http://localhost:8080/search?q=beauty&author=Oscar%20Wilde,141,0,0
1782356330388,166,HTTP Request,200,OK,Author Query 5-6,text,true,,263,155,10,66,http://localhost:8080/search?q=beauty&author=Oscar%20Wilde,166,0,0
1782356330422,149,HTTP Request,200,OK,Author Query 5-2,text,true,,263,155,10,66,http://localhost:8080/search?q=beauty&author=Oscar%20Wilde,149,0,0
1782356330418,155,HTTP Request,200,OK,Author Query 5-10,text,true,,263,155,10,66,http://localhost:8080/search?q=beauty&author=Oscar%20Wilde,155,0,0
1782356330419,156,HTTP Request,200,OK,Author Query 5-5,text,true,,263,155,10,66,http://localhost:8080/search?q=beauty&author=Oscar%20Wilde,156,0,0
1782356330421,162,HTTP Request,200,OK,Author Query 5-7,text,true,,263,155,10,66,http://localhost:8080/search?q=beauty&author=Oscar%20Wilde,162,0,0
1782356330388,196,HTTP Request,200,OK,Author Query 5-1,text,true,,263,155,10,66,http://localhost:8080/search?q=beauty&author=Oscar%20Wilde,196,0,0
1782356330530,69,HTTP Request,200,OK,Author Query 5-9,text,true,,263,155,10,66,http://localhost:8080/search?q=beauty&author=Oscar%20Wilde,69,0,0
1782356330530,73,HTTP Request,200,OK,Author Query 5-4,text,true,,263,155,10,66,http://localhost:8080/search?q=beauty&author=Oscar%20Wilde,73,0,0
1782356330422,192,HTTP Request,200,OK,Author Query 5-8,text,true,,263,155,10,66,http://localhost:8080/search?q=beauty&author=Oscar%20Wilde,192,0,0
1782356330527,96,HTTP Request,200,OK,Author Query 5-3,text,true,,263,155,10,66,http://localhost:8080/search?q=beauty&author=Oscar%20Wilde,96,0,0
1782356330554,85,HTTP Request,200,OK,Author Query 5-6,text,true,,263,155,10,66,http://localhost:8080/search?q=beauty&author=Oscar%20Wilde,85,0,0
1782356330575,91,HTTP Request,200,OK,Author Query 5-5,text,true,,263,155,10,66,http://localhost:8080/search?q=beauty&author=Oscar%20Wilde,91,0,0
1782356330573,95,HTTP Request,200,OK,Author Query 5-10,text,true,,263,155,10,66,http://localhost:8080/search?q=beauty&author=Oscar%20Wilde,95,0,0
1782356330585,85,HTTP Request,200,OK,Author Query 5-1,text,true,,263,155,10,66,http://localhost:8080/search?q=beauty&author=Oscar%20Wilde,85,0,0
1782356330571,100,HTTP Request,200,OK,Author Query 5-2,text,true,,263,155,10,66,http://localhost:8080/search?q=beauty&author=Oscar%20Wilde,100,0,0
1782356330599,72,HTTP Request,200,OK,Author Query 5-9,text,true,,263,155,10,66,http://localhost:8080/search?q=beauty&author=Oscar%20Wilde,72,0,0
1782356330603,91,HTTP Request,200,OK,Author Query 5-4,text,true,,263,155,10,66,http://localhost:8080/search?q=beauty&author=Oscar%20Wilde,91,0,0
1782356330583,122,HTTP Request,200,OK,Author Query 5-7,text,true,,263,155,10,66,http://localhost:8080/search?q=beauty&author=Oscar%20Wilde,122,0,0
1782356330614,91,HTTP Request,200,OK,Author Query 5-8,text,true,,263,155,10,66,http://localhost:8080/search?q=beauty&author=Oscar%20Wilde,91,0,0
1782356330624,96,HTTP Request,200,OK,Author Query 5-3,text,true,,263,155,10,66,http://localhost:8080/search?q=beauty&author=Oscar%20Wilde,96,0,0
1782356330670,70,HTTP Request,200,OK,Author Query 5-1,text,true,,263,155,10,66,http://localhost:8080/search?q=beauty&author=Oscar%20Wilde,70,0,0
1782356330667,76,HTTP Request,200,OK,Author Query 5-5,text,true,,263,155,10,66,http://localhost:8080/search?q=beauty&author=Oscar%20Wilde,76,0,0
1782356330668,92,HTTP Request,200,OK,Author Query 5-10,text,true,,263,155,10,66,http://localhost:8080/search?q=beauty&author=Oscar%20Wilde,92,0,0
1782356330671,89,HTTP Request,200,OK,Author Query 5-2,text,true,,263,155,10,66,http://localhost:8080/search?q=beauty&author=Oscar%20Wilde,89,0,0
1782356330671,90,HTTP Request,200,OK,Author Query 5-9,text,true,,263,155,10,66,http://localhost:8080/search?q=beauty&author=Oscar%20Wilde,90,0,0
1782356330640,127,HTTP Request,200,OK,Author Query 5-6,text,true,,263,155,10,66,http://localhost:8080/search?q=beauty&author=Oscar%20Wilde,127,0,0
1782356330720,82,HTTP Request,200,OK,Author Query 5-3,text,true,,263,155,10,66,http://localhost:8080/search?q=beauty&author=Oscar%20Wilde,82,0,0
1782356330694,117,HTTP Request,200,OK,Author Query 5-4,text,true,,263,155,10,66,http://localhost:8080/search?q=beauty&author=Oscar%20Wilde,117,0,0
1782356330740,75,HTTP Request,200,OK,Author Query 5-1,text,true,,263,155,10,66,http://localhost:8080/search?q=beauty&author=Oscar%20Wilde,75,0,0
1782356330760,72,HTTP Request,200,OK,Author Query 5-10,text,true,,263,155,10,66,http://localhost:8080/search?q=beauty&author=Oscar%20Wilde,72,0,0
1782356330743,90,HTTP Request,200,OK,Author Query 5-5,text,true,,263,155,10,66,http://localhost:8080/search?q=beauty&author=Oscar%20Wilde,90,0,0
1782356330706,137,HTTP Request,200,OK,Author Query 5-8,text,true,,263,155,10,66,http://localhost:8080/search?q=beauty&author=Oscar%20Wilde,137,0,0
1782356330761,90,HTTP Request,200,OK,Author Query 5-9,text,true,,263,155,10,66,http://localhost:8080/search?q=beauty&author=Oscar%20Wilde,90,0,0
1782356330706,149,HTTP Request,200,OK,Author Query 5-7,text,true,,263,155,10,66,http://localhost:8080/search?q=beauty&author=Oscar%20Wilde,149,0,0
1782356330760,105,HTTP Request,200,OK,Author Query 5-2,text,true,,263,155,10,66,http://localhost:8080/search?q=beauty&author=Oscar%20Wilde,105,0,0
1782356330802,66,HTTP Request,200,OK,Author Query 5-3,text,true,,263,155,10,66,http://localhost:8080/search?q=beauty&author=Oscar%20Wilde,66,0,0
1782356330767,115,HTTP Request,200,OK,Author Query 5-6,text,true,,263,155,10,66,http://localhost:8080/search?q=beauty&author=Oscar%20Wilde,115,0,0
1782356330833,62,HTTP Request,200,OK,Author Query 5-10,text,true,,263,155,10,66,http://localhost:8080/search?q=beauty&author=Oscar%20Wilde,62,0,0
1782356330815,85,HTTP Request,200,OK,Author Query 5-1,text,true,,263,155,10,66,http://localhost:8080/search?q=beauty&author=Oscar%20Wilde,85,0,0
1782356330834,75,HTTP Request,200,OK,Author Query 5-5,text,true,,263,155,10,66,http://localhost:8080/search?q=beauty&author=Oscar%20Wilde,75,0,0
1782356330812,97,HTTP Request,200,OK,Author Query 5-4,text,true,,263,155,10,66,http://localhost:8080/search?q=beauty&author=Oscar%20Wilde,97,0,0
1782356330851,71,HTTP Request,200,OK,Author Query 5-9,text,true,,263,155,10,66,http://localhost:8080/search?q=beauty&author=Oscar%20Wilde,71,0,0
1782356330865,63,HTTP Request,200,OK,Author Query 5-2,text,true,,263,155,10,66,http://localhost:8080/search?q=beauty&author=Oscar%20Wilde,63,0,0
1782356330869,60,HTTP Request,200,OK,Author Query 5-3,text,true,,263,155,10,66,http://localhost:8080/search?q=beauty&author=Oscar%20Wilde,60,0,0
1782356330843,98,HTTP Request,200,OK,Author Query 5-8,text,true,,263,155,10,66,http://localhost:8080/search?q=beauty&author=Oscar%20Wilde,98,0,0
1782356330882,64,HTTP Request,200,OK,Author Query 5-6,text,true,,263,155,10,66,http://localhost:8080/search?q=beauty&author=Oscar%20Wilde,64,0,0
1782356330855,99,HTTP Request,200,OK,Author Query 5-7,text,true,,263,155,10,66,http://localhost:8080/search?q=beauty&author=Oscar%20Wilde,98,0,0
1782356330896,169,HTTP Request,200,OK,Author Query 5-10,text,true,,263,155,10,66,http://localhost:8080/search?q=beauty&author=Oscar%20Wilde,169,0,0
1782356330910,156,HTTP Request,200,OK,Author Query 5-4,text,true,,263,155,10,66,http://localhost:8080/search?q=beauty&author=Oscar%20Wilde,156,0,0
1782356330900,166,HTTP Request,200,OK,Author Query 5-1,text,true,,263,155,10,66,http://localhost:8080/search?q=beauty&author=Oscar%20Wilde,166,0,0
1782356330922,147,HTTP Request,200,OK,Author Query 5-9,text,true,,263,155,10,66,http://localhost:8080/search?q=beauty&author=Oscar%20Wilde,147,0,0
1782356330909,160,HTTP Request,200,OK,Author Query 5-5,text,true,,263,155,10,66,http://localhost:8080/search?q=beauty&author=Oscar%20Wilde,160,0,0
1782356330930,144,HTTP Request,200,OK,Author Query 5-3,text,true,,263,155,10,66,http://localhost:8080/search?q=beauty&author=Oscar%20Wilde,144,0,0
1782356330928,151,HTTP Request,200,OK,Author Query 5-2,text,true,,263,155,10,66,http://localhost:8080/search?q=beauty&author=Oscar%20Wilde,151,0,0
1782356330946,139,HTTP Request,200,OK,Author Query 5-6,text,true,,263,155,10,66,http://localhost:8080/search?q=beauty&author=Oscar%20Wilde,139,0,0
1782356330954,136,HTTP Request,200,OK,Author Query 5-7,text,true,,263,155,10,66,http://localhost:8080/search?q=beauty&author=Oscar%20Wilde,136,0,0
1782356330942,166,HTTP Request,200,OK,Author Query 5-8,text,true,,263,155,10,66,http://localhost:8080/search?q=beauty&author=Oscar%20Wilde,166,0,0
1782356331066,58,HTTP Request,200,OK,Author Query 5-10,text,true,,263,155,10,66,http://localhost:8080/search?q=beauty&author=Oscar%20Wilde,58,0,0
1782356331066,58,HTTP Request,200,OK,Author Query 5-1,text,true,,263,155,10,66,http://localhost:8080/search?q=beauty&author=Oscar%20Wilde,58,0,0
1782356331069,65,HTTP Request,200,OK,Author Query 5-9,text,true,,263,155,10,66,http://localhost:8080/search?q=beauty&author=Oscar%20Wilde,65,0,0
1782356331066,73,HTTP Request,200,OK,Author Query 5-4,text,true,,263,155,10,66,http://localhost:8080/search?q=beauty&author=Oscar%20Wilde,73,0,0
1782356331085,55,HTTP Request,200,OK,Author Query 5-6,text,true,,263,155,10,66,http://localhost:8080/search?q=beauty&author=Oscar%20Wilde,55,0,0
1782356331074,66,HTTP Request,200,OK,Author Query 5-3,text,true,,263,155,10,66,http://localhost:8080/search?q=beauty&author=Oscar%20Wilde,66,0,0
1782356331069,74,HTTP Request,200,OK,Author Query 5-5,text,true,,263,155,10,66,http://localhost:8080/search?q=beauty&author=Oscar%20Wilde,74,0,0
1782356331079,69,HTTP Request,200,OK,Author Query 5-2,text,true,,263,155,10,66,http://localhost:8080/search?q=beauty&author=Oscar%20Wilde,69,0,0
1782356331090,75,HTTP Request,200,OK,Author Query 5-7,text,true,,263,155,10,66,http://localhost:8080/search?q=beauty&author=Oscar%20Wilde,75,0,0
1782356331134,57,HTTP Request,200,OK,Author Query 5-9,text,true,,263,155,10,66,http://localhost:8080/search?q=beauty&author=Oscar%20Wilde,57,0,0
1782356331124,97,HTTP Request,200,OK,Author Query 5-1,text,true,,263,155,10,66,http://localhost:8080/search?q=beauty&author=Oscar%20Wilde,97,0,0
1782356331108,129,HTTP Request,200,OK,Author Query 5-8,text,true,,263,155,10,66,http://localhost:8080/search?q=beauty&author=Oscar%20Wilde,129,0,0
1782356331124,113,HTTP Request,200,OK,Author Query 5-10,text,true,,263,155,10,66,http://localhost:8080/search?q=beauty&author=Oscar%20Wilde,113,0,0
1782356331148,101,HTTP Request,200,OK,Author Query 5-2,text,true,,263,155,10,66,http://localhost:8080/search?q=beauty&author=Oscar%20Wilde,101,0,0
1782356331139,110,HTTP Request,200,OK,Author Query 5-4,text,true,,263,155,10,66,http://localhost:8080/search?q=beauty&author=Oscar%20Wilde,110,0,0
1782356331140,111,HTTP Request,200,OK,Author Query 5-3,text,true,,263,155,10,66,http://localhost:8080/search?q=beauty&author=Oscar%20Wilde,111,0,0
1782356331140,116,HTTP Request,200,OK,Author Query 5-6,text,true,,263,155,10,66,http://localhost:8080/search?q=beauty&author=Oscar%20Wilde,116,0,0
1782356331165,93,HTTP Request,200,OK,Author Query 5-7,text,true,,263,155,10,66,http://localhost:8080/search?q=beauty&author=Oscar%20Wilde,93,0,0
1782356331191,81,HTTP Request,200,OK,Author Query 5-9,text,true,,263,155,10,66,http://localhost:8080/search?q=beauty&author=Oscar%20Wilde,81,0,0
1782356331143,132,HTTP Request,200,OK,Author Query 5-5,text,true,,263,155,10,66,http://localhost:8080/search?q=beauty&author=Oscar%20Wilde,132,0,0
1782356331237,87,HTTP Request,200,OK,Author Query 5-8,text,true,,263,155,10,66,http://localhost:8080/search?q=beauty&author=Oscar%20Wilde,86,0,0
1782356331238,109,HTTP Request,200,OK,Author Query 5-10,text,true,,263,155,10,66,http://localhost:8080/search?q=beauty&author=Oscar%20Wilde,109,0,0
1782356331251,100,HTTP Request,200,OK,Author Query 5-3,text,true,,263,155,10,66,http://localhost:8080/search?q=beauty&author=Oscar%20Wilde,100,0,0
1782356331256,103,HTTP Request,200,OK,Author Query 5-6,text,true,,263,155,10,66,http://localhost:8080/search?q=beauty&author=Oscar%20Wilde,103,0,0
1782356331249,118,HTTP Request,200,OK,Author Query 5-2,text,true,,263,155,10,66,http://localhost:8080/search?q=beauty&author=Oscar%20Wilde,118,0,0
1782356331221,154,HTTP Request,200,OK,Author Query 5-1,text,true,,263,155,10,66,http://localhost:8080/search?q=beauty&author=Oscar%20Wilde,154,0,0
1782356331259,120,HTTP Request,200,OK,Author Query 5-7,text,true,,263,155,10,66,http://localhost:8080/search?q=beauty&author=Oscar%20Wilde,120,0,0
1782356331249,133,HTTP Request,200,OK,Author Query 5-4,text,true,,263,155,10,66,http://localhost:8080/search?q=beauty&author=Oscar%20Wilde,133,0,0
1782356331272,112,HTTP Request,200,OK,Author Query 5-9,text,true,,263,155,10,66,http://localhost:8080/search?q=beauty&author=Oscar%20Wilde,112,0,0
1782356331275,116,HTTP Request,200,OK,Author Query 5-5,text,true,,263,155,10,66,http://localhost:8080/search?q=beauty&author=Oscar%20Wilde,116,0,0
1782356331324,104,HTTP Request,200,OK,Author Query 5-8,text,true,,263,155,10,66,http://localhost:8080/search?q=beauty&author=Oscar%20Wilde,104,0,0
1782356331360,87,HTTP Request,200,OK,Author Query 5-6,text,true,,263,155,10,66,http://localhost:8080/search?q=beauty&author=Oscar%20Wilde,87,0,0
1782356331348,99,HTTP Request,200,OK,Author Query 5-10,text,true,,263,155,10,66,http://localhost:8080/search?q=beauty&author=Oscar%20Wilde,99,0,0
1782356331352,96,HTTP Request,200,OK,Author Query 5-3,text,true,,263,155,10,66,http://localhost:8080/search?q=beauty&author=Oscar%20Wilde,96,0,0
1782356331383,122,HTTP Request,200,OK,Author Query 5-4,text,true,,263,155,10,68,http://localhost:8080/search?q=beauty&author=Oscar%20Wilde,122,0,0
1782356331384,133,HTTP Request,200,OK,Author Query 5-9,text,true,,263,155,10,68,http://localhost:8080/search?q=beauty&author=Oscar%20Wilde,133,0,0
1782356331376,163,HTTP Request,200,OK,Author Query 5-1,text,true,,263,155,10,68,http://localhost:8080/search?q=beauty&author=Oscar%20Wilde,163,0,0
1782356331367,179,HTTP Request,200,OK,Author Query 5-2,text,true,,263,155,10,68,http://localhost:8080/search?q=beauty&author=Oscar%20Wilde,179,0,0
1782356331447,166,HTTP Request,200,OK,Author Query 5-10,text,true,,263,155,10,68,http://localhost:8080/search?q=beauty&author=Oscar%20Wilde,166,0,0
1782356331447,166,HTTP Request,200,OK,Author Query 5-6,text,true,,263,155,10,68,http://localhost:8080/search?q=beauty&author=Oscar%20Wilde,166,0,0
1782356331428,194,HTTP Request,200,OK,Author Query 5-8,text,true,,263,155,10,68,http://localhost:8080/search?q=beauty&author=Oscar%20Wilde,194,0,0
1782356331379,244,HTTP Request,200,OK,Author Query 5-7,text,true,,263,155,10,68,http://localhost:8080/search?q=beauty&author=Oscar%20Wilde,244,0,0
1782356331391,233,HTTP Request,200,OK,Author Query 5-5,text,true,,263,155,10,68,http://localhost:8080/search?q=beauty&author=Oscar%20Wilde,233,0,0
1782356331448,191,HTTP Request,200,OK,Author Query 5-3,text,true,,263,155,10,68,http://localhost:8080/search?q=beauty&author=Oscar%20Wilde,191,0,0
1782356331546,95,HTTP Request,200,OK,Author Query 5-2,text,true,,263,155,10,68,http://localhost:8080/search?q=beauty&author=Oscar%20Wilde,95,0,0
1782356331517,157,HTTP Request,200,OK,Author Query 5-9,text,true,,263,155,10,68,http://localhost:8080/search?q=beauty&author=Oscar%20Wilde,157,0,0
1782356331505,171,HTTP Request,200,OK,Author Query 5-4,text,true,,263,155,10,68,http://localhost:8080/search?q=beauty&author=Oscar%20Wilde,171,0,0
1782356331539,140,HTTP Request,200,OK,Author Query 5-1,text,true,,263,155,10,68,http://localhost:8080/search?q=beauty&author=Oscar%20Wilde,140,0,0
1782356331623,77,HTTP Request,200,OK,Author Query 5-8,text,true,,263,155,10,68,http://localhost:8080/search?q=beauty&author=Oscar%20Wilde,77,0,0
1782356331623,82,HTTP Request,200,OK,Author Query 5-7,text,true,,263,155,10,68,http://localhost:8080/search?q=beauty&author=Oscar%20Wilde,82,0,0
1782356331613,93,HTTP Request,200,OK,Author Query 5-10,text,true,,263,155,10,68,http://localhost:8080/search?q=beauty&author=Oscar%20Wilde,93,0,0
1782356331613,93,HTTP Request,200,OK,Author Query 5-6,text,true,,263,155,10,68,http://localhost:8080/search?q=beauty&author=Oscar%20Wilde,93,0,0
1782356331625,87,HTTP Request,200,OK,Author Query 5-5,text,true,,263,155,10,68,http://localhost:8080/search?q=beauty&author=Oscar%20Wilde,87,0,0
1782356331641,106,HTTP Request,200,OK,Author Query 5-2,text,true,,263,155,10,68,http://localhost:8080/search?q=beauty&author=Oscar%20Wilde,106,0,0
1782356331640,131,HTTP Request,200,OK,Author Query 5-3,text,true,,263,155,10,68,http://localhost:8080/search?q=beauty&author=Oscar%20Wilde,131,0,0
1782356331701,85,HTTP Request,200,OK,Author Query 5-8,text,true,,263,155,10,68,http://localhost:8080/search?q=beauty&author=Oscar%20Wilde,85,0,0
1782356331705,82,HTTP Request,200,OK,Author Query 5-7,text,true,,263,155,10,68,http://localhost:8080/search?q=beauty&author=Oscar%20Wilde,82,0,0
1782356331676,121,HTTP Request,200,OK,Author Query 5-4,text,true,,263,155,10,68,http://localhost:8080/search?q=beauty&author=Oscar%20Wilde,121,0,0
1782356331706,91,HTTP Request,200,OK,Author Query 5-6,text,true,,263,155,10,68,http://localhost:8080/search?q=beauty&author=Oscar%20Wilde,91,0,0
1782356331706,91,HTTP Request,200,OK,Author Query 5-10,text,true,,263,155,10,68,http://localhost:8080/search?q=beauty&author=Oscar%20Wilde,91,0,0
1782356331679,140,HTTP Request,200,OK,Author Query 5-1,text,true,,263,155,10,68,http://localhost:8080/search?q=beauty&author=Oscar%20Wilde,140,0,0
1782356331675,144,HTTP Request,200,OK,Author Query 5-9,text,true,,263,155,10,68,http://localhost:8080/search?q=beauty&author=Oscar%20Wilde,144,0,0
1782356331712,108,HTTP Request,200,OK,Author Query 5-5,text,true,,263,155,10,68,http://localhost:8080/search?q=beauty&author=Oscar%20Wilde,108,0,0
1782356331771,93,HTTP Request,200,OK,Author Query 5-3,text,true,,263,155,10,68,http://localhost:8080/search?q=beauty&author=Oscar%20Wilde,93,0,0
1782356331787,82,HTTP Request,200,OK,Author Query 5-8,text,true,,263,155,10,68,http://localhost:8080/search?q=beauty&author=Oscar%20Wilde,82,0,0
1782356331747,124,HTTP Request,200,OK,Author Query 5-2,text,true,,263,155,10,68,http://localhost:8080/search?q=beauty&author=Oscar%20Wilde,124,0,0
1782356331797,78,HTTP Request,200,OK,Author Query 5-4,text,true,,263,155,10,68,http://localhost:8080/search?q=beauty&author=Oscar%20Wilde,78,0,0
1782356331787,88,HTTP Request,200,OK,Author Query 5-7,text,true,,263,155,10,68,http://localhost:8080/search?q=beauty&author=Oscar%20Wilde,88,0,0
1782356331797,94,HTTP Request,200,OK,Author Query 5-6,text,true,,263,155,10,68,http://localhost:8080/search?q=beauty&author=Oscar%20Wilde,94,0,0
1782356331797,107,HTTP Request,200,OK,Author Query 5-10,text,true,,263,155,10,68,http://localhost:8080/search?q=beauty&author=Oscar%20Wilde,107,0,0
1782356331819,90,HTTP Request,200,OK,Author Query 5-1,text,true,,263,155,10,68,http://localhost:8080/search?q=beauty&author=Oscar%20Wilde,90,0,0
1782356331820,93,HTTP Request,200,OK,Author Query 5-9,text,true,,263,155,10,68,http://localhost:8080/search?q=beauty&author=Oscar%20Wilde,93,0,0
1782356331820,95,HTTP Request,200,OK,Author Query 5-5,text,true,,263,155,10,68,http://localhost:8080/search?q=beauty&author=Oscar%20Wilde,95,0,0
1782356331864,74,HTTP Request,200,OK,Author Query 5-3,text,true,,263,155,10,68,http://localhost:8080/search?q=beauty&author=Oscar%20Wilde,74,0,0
1782356331871,91,HTTP Request,200,OK,Author Query 5-2,text,true,,263,155,10,68,http://localhost:8080/search?q=beauty&author=Oscar%20Wilde,91,0,0
1782356331875,94,HTTP Request,200,OK,Author Query 5-7,text,true,,263,155,10,68,http://localhost:8080/search?q=beauty&author=Oscar%20Wilde,94,0,0
1782356331869,116,HTTP Request,200,OK,Author Query 5-8,text,true,,263,155,10,68,http://localhost:8080/search?q=beauty&author=Oscar%20Wilde,116,0,0
1782356331915,87,HTTP Request,200,OK,Author Query 5-5,text,true,,263,155,10,68,http://localhost:8080/search?q=beauty&author=Oscar%20Wilde,87,0,0
1782356331875,127,HTTP Request,200,OK,Author Query 5-4,text,true,,263,155,10,68,http://localhost:8080/search?q=beauty&author=Oscar%20Wilde,127,0,0
1782356331891,125,HTTP Request,200,OK,Author Query 5-6,text,true,,263,155,10,68,http://localhost:8080/search?q=beauty&author=Oscar%20Wilde,125,0,0
1782356331904,113,HTTP Request,200,OK,Author Query 5-10,text,true,,263,155,10,68,http://localhost:8080/search?q=beauty&author=Oscar%20Wilde,113,0,0
1782356331909,123,HTTP Request,200,OK,Author Query 5-1,text,true,,263,155,10,68,http://localhost:8080/search?q=beauty&author=Oscar%20Wilde,123,0,0
1782356331963,75,HTTP Request,200,OK,Author Query 5-2,text,true,,263,155,10,68,http://localhost:8080/search?q=beauty&author=Oscar%20Wilde,75,0,0
1782356331913,126,HTTP Request,200,OK,Author Query 5-9,text,true,,263,155,10,68,http://localhost:8080/search?q=beauty&author=Oscar%20Wilde,126,0,0
1782356331938,161,HTTP Request,200,OK,Author Query 5-3,text,true,,263,155,10,68,http://localhost:8080/search?q=beauty&author=Oscar%20Wilde,161,0,0
1782356332039,112,HTTP Request,200,OK,Author Query 5-9,text,true,,263,155,10,68,http://localhost:8080/search?q=beauty&author=Oscar%20Wilde,112,0,0
1782356331985,167,HTTP Request,200,OK,Author Query 5-8,text,true,,263,155,10,68,http://localhost:8080/search?q=beauty&author=Oscar%20Wilde,167,0,0
1782356331970,182,HTTP Request,200,OK,Author Query 5-7,text,true,,263,155,10,68,http://localhost:8080/search?q=beauty&author=Oscar%20Wilde,182,0,0
1782356332016,137,HTTP Request,200,OK,Author Query 5-6,text,true,,263,155,10,68,http://localhost:8080/search?q=beauty&author=Oscar%20Wilde,137,0,0
1782356332038,116,HTTP Request,200,OK,Author Query 5-2,text,true,,263,155,10,68,http://localhost:8080/search?q=beauty&author=Oscar%20Wilde,116,0,0
1782356332017,144,HTTP Request,200,OK,Author Query 5-10,text,true,,263,155,10,68,http://localhost:8080/search?q=beauty&author=Oscar%20Wilde,144,0,0
1782356332002,162,HTTP Request,200,OK,Author Query 5-5,text,true,,263,155,10,68,http://localhost:8080/search?q=beauty&author=Oscar%20Wilde,162,0,0
1782356332032,133,HTTP Request,200,OK,Author Query 5-1,text,true,,263,155,10,68,http://localhost:8080/search?q=beauty&author=Oscar%20Wilde,133,0,0
1782356332003,167,HTTP Request,200,OK,Author Query 5-4,text,true,,263,155,10,68,http://localhost:8080/search?q=beauty&author=Oscar%20Wilde,167,0,0
1782356332099,81,HTTP Request,200,OK,Author Query 5-3,text,true,,263,155,10,68,http://localhost:8080/search?q=beauty&author=Oscar%20Wilde,81,0,0
1782356332153,65,HTTP Request,200,OK,Author Query 5-8,text,true,,263,155,10,68,http://localhost:8080/search?q=beauty&author=Oscar%20Wilde,65,0,0
1782356332152,66,HTTP Request,200,OK,Author Query 5-7,text,true,,263,155,10,68,http://localhost:8080/search?q=beauty&author=Oscar%20Wilde,66,0,0
1782356332152,72,HTTP Request,200,OK,Author Query 5-9,text,true,,263,155,10,68,http://localhost:8080/search?q=beauty&author=Oscar%20Wilde,72,0,0
1782356332154,78,HTTP Request,200,OK,Author Query 5-6,text,true,,263,155,10,68,http://localhost:8080/search?q=beauty&author=Oscar%20Wilde,78,0,0
1782356332154,97,HTTP Request,200,OK,Author Query 5-2,text,true,,263,155,10,68,http://localhost:8080/search?q=beauty&author=Oscar%20Wilde,97,0,0
1782356332170,97,HTTP Request,200,OK,Author Query 5-4,text,true,,263,155,10,68,http://localhost:8080/search?q=beauty&author=Oscar%20Wilde,97,0,0
1782356332164,118,HTTP Request,200,OK,Author Query 5-5,text,true,,263,155,10,68,http://localhost:8080/search?q=beauty&author=Oscar%20Wilde,118,0,0
1782356332161,134,HTTP Request,200,OK,Author Query 5-10,text,true,,263,155,10,68,http://localhost:8080/search?q=beauty&author=Oscar%20Wilde,134,0,0
1782356332218,81,HTTP Request,200,OK,Author Query 5-7,text,true,,263,155,10,68,http://localhost:8080/search?q=beauty&author=Oscar%20Wilde,81,0,0
1782356332218,81,HTTP Request,200,OK,Author Query 5-8,text,true,,263,155,10,68,http://localhost:8080/search?q=beauty&author=Oscar%20Wilde,81,0,0
1782356332180,131,HTTP Request,200,OK,Author Query 5-3,text,true,,263,155,10,68,http://localhost:8080/search?q=beauty&author=Oscar%20Wilde,131,0,0
1782356332166,146,HTTP Request,200,OK,Author Query 5-1,text,true,,263,155,10,68,http://localhost:8080/search?q=beauty&author=Oscar%20Wilde,146,0,0
1782356332232,89,HTTP Request,200,OK,Author Query 5-6,text,true,,263,155,10,68,http://localhost:8080/search?q=beauty&author=Oscar%20Wilde,89,0,0
1782356332224,105,HTTP Request,200,OK,Author Query 5-9,text,true,,263,155,10,68,http://localhost:8080/search?q=beauty&author=Oscar%20Wilde,105,0,0
1782356332251,85,HTTP Request,200,OK,Author Query 5-2,text,true,,263,155,10,68,http://localhost:8080/search?q=beauty&author=Oscar%20Wilde,84,0,0
1782356332282,81,HTTP Request,200,OK,Author Query 5-5,text,true,,263,155,10,68,http://localhost:8080/search?q=beauty&author=Oscar%20Wilde,81,0,0
1782356332267,101,HTTP Request,200,OK,Author Query 5-4,text,true,,263,155,10,68,http://localhost:8080/search?q=beauty&author=Oscar%20Wilde,101,0,0
1782356332295,107,HTTP Request,200,OK,Author Query 5-10,text,true,,263,155,10,68,http://localhost:8080/search?q=beauty&author=Oscar%20Wilde,107,0,0
1782356332299,104,HTTP Request,200,OK,Author Query 5-7,text,true,,263,155,10,68,http://localhost:8080/search?q=beauty&author=Oscar%20Wilde,104,0,0
1782356332312,95,HTTP Request,200,OK,Author Query 5-1,text,true,,263,155,10,68,http://localhost:8080/search?q=beauty&author=Oscar%20Wilde,95,0,0
1782356332311,96,HTTP Request,200,OK,Author Query 5-3,text,true,,263,155,10,68,http://localhost:8080/search?q=beauty&author=Oscar%20Wilde,96,0,0
1782356332336,77,HTTP Request,200,OK,Author Query 5-2,text,true,,263,155,10,68,http://localhost:8080/search?q=beauty&author=Oscar%20Wilde,77,0,0
1782356332300,128,HTTP Request,200,OK,Author Query 5-8,text,true,,263,155,10,68,http://localhost:8080/search?q=beauty&author=Oscar%20Wilde,128,0,0
1782356332322,108,HTTP Request,200,OK,Author Query 5-6,text,true,,263,155,10,68,http://localhost:8080/search?q=beauty&author=Oscar%20Wilde,108,0,0
1782356332329,115,HTTP Request,200,OK,Author Query 5-9,text,true,,263,155,10,68,http://localhost:8080/search?q=beauty&author=Oscar%20Wilde,115,0,0
1782356332368,83,HTTP Request,200,OK,Author Query 5-4,text,true,,263,155,10,68,http://localhost:8080/search?q=beauty&author=Oscar%20Wilde,82,0,0
1782356332404,89,HTTP Request,200,OK,Author Query 5-7,text,true,,263,155,10,70,http://localhost:8080/search?q=beauty&author=Oscar%20Wilde,89,0,0
1782356332408,85,HTTP Request,200,OK,Author Query 5-3,text,true,,263,155,10,70,http://localhost:8080/search?q=beauty&author=Oscar%20Wilde,85,0,0
1782356332363,132,HTTP Request,200,OK,Author Query 5-5,text,true,,263,155,10,70,http://localhost:8080/search?q=beauty&author=Oscar%20Wilde,132,0,0
1782356332408,111,HTTP Request,200,OK,Author Query 5-1,text,true,,263,155,10,70,http://localhost:8080/search?q=beauty&author=Oscar%20Wilde,111,0,0
1782356332403,117,HTTP Request,200,OK,Author Query 5-10,text,true,,263,155,10,70,http://localhost:8080/search?q=beauty&author=Oscar%20Wilde,117,0,0
1782356332428,114,HTTP Request,200,OK,Author Query 5-8,text,true,,263,155,10,70,http://localhost:8080/search?q=beauty&author=Oscar%20Wilde,114,0,0
1782356332430,112,HTTP Request,200,OK,Author Query 5-6,text,true,,263,155,10,70,http://localhost:8080/search?q=beauty&author=Oscar%20Wilde,112,0,0
1782356332451,91,HTTP Request,200,OK,Author Query 5-4,text,true,,263,155,10,70,http://localhost:8080/search?q=beauty&author=Oscar%20Wilde,91,0,0
1782356332413,130,HTTP Request,200,OK,Author Query 5-2,text,true,,263,155,10,70,http://localhost:8080/search?q=beauty&author=Oscar%20Wilde,130,0,0
1782356332445,203,HTTP Request,200,OK,Author Query 5-9,text,true,,263,155,10,70,http://localhost:8080/search?q=beauty&author=Oscar%20Wilde,203,0,0
1782356332493,158,HTTP Request,200,OK,Author Query 5-7,text,true,,263,155,10,70,http://localhost:8080/search?q=beauty&author=Oscar%20Wilde,158,0,0
1782356332495,160,HTTP Request,200,OK,Author Query 5-5,text,true,,263,155,10,70,http://localhost:8080/search?q=beauty&author=Oscar%20Wilde,160,0,0
1782356332543,155,HTTP Request,200,OK,Author Query 5-6,text,true,,263,155,10,70,http://localhost:8080/search?q=beauty&author=Oscar%20Wilde,155,0,0
1782356332494,223,HTTP Request,200,OK,Author Query 5-3,text,true,,263,155,10,70,http://localhost:8080/search?q=beauty&author=Oscar%20Wilde,223,0,0
1782356332543,175,HTTP Request,200,OK,Author Query 5-4,text,true,,263,155,10,70,http://localhost:8080/search?q=beauty&author=Oscar%20Wilde,175,0,0
1782356332543,178,HTTP Request,200,OK,Author Query 5-2,text,true,,263,155,10,70,http://localhost:8080/search?q=beauty&author=Oscar%20Wilde,178,0,0
1782356332520,202,HTTP Request,200,OK,Author Query 5-1,text,true,,263,155,10,70,http://localhost:8080/search?q=beauty&author=Oscar%20Wilde,202,0,0
1782356332542,179,HTTP Request,200,OK,Author Query 5-8,text,true,,263,155,10,70,http://localhost:8080/search?q=beauty&author=Oscar%20Wilde,179,0,0
1782356332520,219,HTTP Request,200,OK,Author Query 5-10,text,true,,263,155,10,70,http://localhost:8080/search?q=beauty&author=Oscar%20Wilde,219,0,0
1782356332652,88,HTTP Request,200,OK,Author Query 5-7,text,true,,263,155,10,70,http://localhost:8080/search?q=beauty&author=Oscar%20Wilde,88,0,0
1782356332656,106,HTTP Request,200,OK,Author Query 5-5,text,true,,263,155,10,70,http://localhost:8080/search?q=beauty&author=Oscar%20Wilde,106,0,0
1782356332653,114,HTTP Request,200,OK,Author Query 5-9,text,true,,263,155,10,70,http://localhost:8080/search?q=beauty&author=Oscar%20Wilde,113,0,0
1782356332699,81,HTTP Request,200,OK,Author Query 5-6,text,true,,263,155,10,70,http://localhost:8080/search?q=beauty&author=Oscar%20Wilde,81,0,0
1782356332721,63,HTTP Request,200,OK,Author Query 5-2,text,true,,263,155,10,70,http://localhost:8080/search?q=beauty&author=Oscar%20Wilde,63,0,0
1782356332717,67,HTTP Request,200,OK,Author Query 5-3,text,true,,263,155,10,70,http://localhost:8080/search?q=beauty&author=Oscar%20Wilde,67,0,0
1782356332718,116,HTTP Request,200,OK,Author Query 5-4,text,true,,263,155,10,70,http://localhost:8080/search?q=beauty&author=Oscar%20Wilde,116,0,0
1782356332762,87,HTTP Request,200,OK,Author Query 5-5,text,true,,263,155,10,70,http://localhost:8080/search?q=beauty&author=Oscar%20Wilde,87,0,0
1782356332767,84,HTTP Request,200,OK,Author Query 5-9,text,true,,263,155,10,70,http://localhost:8080/search?q=beauty&author=Oscar%20Wilde,84,0,0
1782356332780,71,HTTP Request,200,OK,Author Query 5-6,text,true,,263,155,10,70,http://localhost:8080/search?q=beauty&author=Oscar%20Wilde,71,0,0
1782356332740,113,HTTP Request,200,OK,Author Query 5-10,text,true,,263,155,10,70,http://localhost:8080/search?q=beauty&author=Oscar%20Wilde,113,0,0
1782356332722,141,HTTP Request,200,OK,Author Query 5-1,text,true,,263,155,10,70,http://localhost:8080/search?q=beauty&author=Oscar%20Wilde,141,0,0
1782356332722,141,HTTP Request,200,OK,Author Query 5-8,text,true,,263,155,10,70,http://localhost:8080/search?q=beauty&author=Oscar%20Wilde,141,0,0
1782356332741,144,HTTP Request,200,OK,Author Query 5-7,text,true,,263,155,10,70,http://localhost:8080/search?q=beauty&author=Oscar%20Wilde,144,0,0
1782356332784,102,HTTP Request,200,OK,Author Query 5-2,text,true,,263,155,10,70,http://localhost:8080/search?q=beauty&author=Oscar%20Wilde,102,0,0
1782356332784,114,HTTP Request,200,OK,Author Query 5-3,text,true,,263,155,10,70,http://localhost:8080/search?q=beauty&author=Oscar%20Wilde,114,0,0
1782356332854,82,HTTP Request,200,OK,Author Query 5-10,text,true,,263,155,10,70,http://localhost:8080/search?q=beauty&author=Oscar%20Wilde,82,0,0
1782356332849,87,HTTP Request,200,OK,Author Query 5-5,text,true,,263,155,10,70,http://localhost:8080/search?q=beauty&author=Oscar%20Wilde,87,0,0
1782356332851,86,HTTP Request,200,OK,Author Query 5-6,text,true,,263,155,10,70,http://localhost:8080/search?q=beauty&author=Oscar%20Wilde,86,0,0
1782356332851,93,HTTP Request,200,OK,Author Query 5-9,text,true,,263,155,10,70,http://localhost:8080/search?q=beauty&author=Oscar%20Wilde,93,0,0
1782356332834,111,HTTP Request,200,OK,Author Query 5-4,text,true,,263,155,10,70,http://localhost:8080/search?q=beauty&author=Oscar%20Wilde,111,0,0
1782356332886,98,HTTP Request,200,OK,Author Query 5-2,text,true,,263,155,10,70,http://localhost:8080/search?q=beauty&author=Oscar%20Wilde,98,0,0
1782356332885,108,HTTP Request,200,OK,Author Query 5-7,text,true,,263,155,10,70,http://localhost:8080/search?q=beauty&author=Oscar%20Wilde,108,0,0
1782356332899,121,HTTP Request,200,OK,Author Query 5-3,text,true,,263,155,10,70,http://localhost:8080/search?q=beauty&author=Oscar%20Wilde,121,0,0
1782356332863,157,HTTP Request,200,OK,Author Query 5-1,text,true,,263,155,10,70,http://localhost:8080/search?q=beauty&author=Oscar%20Wilde,157,0,0
1782356332863,157,HTTP Request,200,OK,Author Query 5-8,text,true,,263,155,10,70,http://localhost:8080/search?q=beauty&author=Oscar%20Wilde,157,0,0
1782356332936,94,HTTP Request,200,OK,Author Query 5-10,text,true,,263,155,10,70,http://localhost:8080/search?q=beauty&author=Oscar%20Wilde,94,0,0
1782356332944,87,HTTP Request,200,OK,Author Query 5-9,text,true,,263,155,10,70,http://localhost:8080/search?q=beauty&author=Oscar%20Wilde,87,0,0
1782356332945,88,HTTP Request,200,OK,Author Query 5-4,text,true,,263,155,10,70,http://localhost:8080/search?q=beauty&author=Oscar%20Wilde,88,0,0
1782356332936,98,HTTP Request,200,OK,Author Query 5-5,text,true,,263,155,10,70,http://localhost:8080/search?q=beauty&author=Oscar%20Wilde,98,0,0
1782356332938,99,HTTP Request,200,OK,Author Query 5-6,text,true,,263,155,10,70,http://localhost:8080/search?q=beauty&author=Oscar%20Wilde,99,0,0
1782356332984,91,HTTP Request,200,OK,Author Query 5-2,text,true,,263,155,10,70,http://localhost:8080/search?q=beauty&author=Oscar%20Wilde,91,0,0
1782356332994,98,HTTP Request,200,OK,Author Query 5-7,text,true,,263,155,10,70,http://localhost:8080/search?q=beauty&author=Oscar%20Wilde,98,0,0
1782356333020,177,HTTP Request,200,OK,Author Query 5-1,text,true,,263,155,10,70,http://localhost:8080/search?q=beauty&author=Oscar%20Wilde,177,0,0
1782356333020,184,HTTP Request,200,OK,Author Query 5-3,text,true,,263,155,10,70,http://localhost:8080/search?q=beauty&author=Oscar%20Wilde,184,0,0
1782356333093,117,HTTP Request,200,OK,Author Query 5-7,text,true,,263,155,10,70,http://localhost:8080/search?q=beauty&author=Oscar%20Wilde,117,0,0
1782356333076,138,HTTP Request,200,OK,Author Query 5-2,text,true,,263,155,10,70,http://localhost:8080/search?q=beauty&author=Oscar%20Wilde,138,0,0
1782356333033,184,HTTP Request,200,OK,Author Query 5-4,text,true,,263,155,10,70,http://localhost:8080/search?q=beauty&author=Oscar%20Wilde,184,0,0
1782356333020,204,HTTP Request,200,OK,Author Query 5-8,text,true,,263,155,10,70,http://localhost:8080/search?q=beauty&author=Oscar%20Wilde,204,0,0
1782356333030,206,HTTP Request,200,OK,Author Query 5-10,text,true,,263,155,10,70,http://localhost:8080/search?q=beauty&author=Oscar%20Wilde,206,0,0
1782356333031,206,HTTP Request,200,OK,Author Query 5-9,text,true,,263,155,10,70,http://localhost:8080/search?q=beauty&author=Oscar%20Wilde,206,0,0
1782356333037,200,HTTP Request,200,OK,Author Query 5-6,text,true,,263,155,10,70,http://localhost:8080/search?q=beauty&author=Oscar%20Wilde,200,0,0
1782356333034,203,HTTP Request,200,OK,Author Query 5-5,text,true,,263,155,10,70,http://localhost:8080/search?q=beauty&author=Oscar%20Wilde,203,0,0
1782356333208,123,HTTP Request,200,OK,Author Query 5-3,text,true,,263,155,10,70,http://localhost:8080/search?q=beauty&author=Oscar%20Wilde,123,0,0
1782356333210,124,HTTP Request,200,OK,Author Query 5-7,text,true,,263,155,10,70,http://localhost:8080/search?q=beauty&author=Oscar%20Wilde,124,0,0
1782356333237,129,HTTP Request,200,OK,Author Query 5-6,text,true,,263,155,10,70,http://localhost:8080/search?q=beauty&author=Oscar%20Wilde,129,0,0
1782356333237,129,HTTP Request,200,OK,Author Query 5-9,text,true,,263,155,10,70,http://localhost:8080/search?q=beauty&author=Oscar%20Wilde,129,0,0
1782356333217,150,HTTP Request,200,OK,Author Query 5-4,text,true,,263,155,10,70,http://localhost:8080/search?q=beauty&author=Oscar%20Wilde,150,0,0
1782356333197,171,HTTP Request,200,OK,Author Query 5-1,text,true,,263,155,10,70,http://localhost:8080/search?q=beauty&author=Oscar%20Wilde,171,0,0
1782356333215,182,HTTP Request,200,OK,Author Query 5-2,text,true,,263,155,10,70,http://localhost:8080/search?q=beauty&author=Oscar%20Wilde,182,0,0
1782356333236,166,HTTP Request,200,OK,Author Query 5-10,text,true,,263,155,10,70,http://localhost:8080/search?q=beauty&author=Oscar%20Wilde,166,0,0
1782356333224,186,HTTP Request,200,OK,Author Query 5-8,text,true,,263,155,10,70,http://localhost:8080/search?q=beauty&author=Oscar%20Wilde,186,0,0
1782356333331,83,HTTP Request,200,OK,Author Query 5-3,text,true,,263,155,10,70,http://localhost:8080/search?q=beauty&author=Oscar%20Wilde,83,0,0
1782356333238,176,HTTP Request,200,OK,Author Query 5-5,text,true,,263,155,10,70,http://localhost:8080/search?q=beauty&author=Oscar%20Wilde,176,0,0
1782356333334,81,HTTP Request,200,OK,Author Query 5-7,text,true,,263,155,10,70,http://localhost:8080/search?q=beauty&author=Oscar%20Wilde,81,0,0
1782356333366,75,HTTP Request,200,OK,Author Query 5-6,text,true,,263,155,10,70,http://localhost:8080/search?q=beauty&author=Oscar%20Wilde,75,0,0
1782356333367,74,HTTP Request,200,OK,Author Query 5-4,text,true,,263,155,10,70,http://localhost:8080/search?q=beauty&author=Oscar%20Wilde,74,0,0
1782356333368,102,HTTP Request,200,OK,Author Query 5-1,text,true,,263,155,10,70,http://localhost:8080/search?q=beauty&author=Oscar%20Wilde,102,0,0
1782356333367,104,HTTP Request,200,OK,Author Query 5-9,text,true,,263,155,10,70,http://localhost:8080/search?q=beauty&author=Oscar%20Wilde,104,0,0
1782356333398,84,HTTP Request,200,OK,Author Query 5-2,text,true,,263,155,10,70,http://localhost:8080/search?q=beauty&author=Oscar%20Wilde,84,0,0
1782356333414,77,HTTP Request,200,OK,Author Query 5-3,text,true,,263,155,10,70,http://localhost:8080/search?q=beauty&author=Oscar%20Wilde,77,0,0
1782356333410,84,HTTP Request,200,OK,Author Query 5-8,text,true,,263,155,10,70,http://localhost:8080/search?q=beauty&author=Oscar%20Wilde,84,0,0
1782356333441,74,HTTP Request,200,OK,Author Query 5-4,text,true,,263,155,10,70,http://localhost:8080/search?q=beauty&author=Oscar%20Wilde,74,0,0
1782356333403,115,HTTP Request,200,OK,Author Query 5-10,text,true,,263,155,10,70,http://localhost:8080/search?q=beauty&author=Oscar%20Wilde,115,0,0
1782356333441,82,HTTP Request,200,OK,Author Query 5-6,text,true,,263,155,10,70,http://localhost:8080/search?q=beauty&author=Oscar%20Wilde,82,0,0
1782356333414,117,HTTP Request,200,OK,Author Query 5-5,text,true,,263,155,10,70,http://localhost:8080/search?q=beauty&author=Oscar%20Wilde,117,0,0
1782356333415,137,HTTP Request,200,OK,Author Query 5-7,text,true,,263,155,10,70,http://localhost:8080/search?q=beauty&author=Oscar%20Wilde,137,0,0
1782356333471,95,HTTP Request,200,OK,Author Query 5-9,text,true,,263,155,10,70,http://localhost:8080/search?q=beauty&author=Oscar%20Wilde,95,0,0
1782356333470,97,HTTP Request,200,OK,Author Query 5-1,text,true,,263,155,10,70,http://localhost:8080/search?q=beauty&author=Oscar%20Wilde,97,0,0
1782356333494,79,HTTP Request,200,OK,Author Query 5-8,text,true,,263,155,10,70,http://localhost:8080/search?q=beauty&author=Oscar%20Wilde,79,0,0
1782356333482,100,HTTP Request,200,OK,Author Query 5-2,text,true,,263,155,10,70,http://localhost:8080/search?q=beauty&author=Oscar%20Wilde,100,0,0
1782356333491,91,HTTP Request,200,OK,Author Query 5-3,text,true,,263,155,10,70,http://localhost:8080/search?q=beauty&author=Oscar%20Wilde,91,0,0
1782356333516,85,HTTP Request,200,OK,Author Query 5-4,text,true,,263,155,10,70,http://localhost:8080/search?q=beauty&author=Oscar%20Wilde,85,0,0
1782356333518,155,HTTP Request,200,OK,Author Query 5-10,text,true,,263,155,10,70,http://localhost:8080/search?q=beauty&author=Oscar%20Wilde,155,0,0
1782356333523,172,HTTP Request,200,OK,Author Query 5-6,text,true,,263,155,10,70,http://localhost:8080/search?q=beauty&author=Oscar%20Wilde,172,0,0
1782356333567,154,HTTP Request,200,OK,Author Query 5-9,text,true,,263,155,10,70,http://localhost:8080/search?q=beauty&author=Oscar%20Wilde,154,0,0
1782356333601,121,HTTP Request,200,OK,Author Query 5-4,text,true,,263,155,10,70,http://localhost:8080/search?q=beauty&author=Oscar%20Wilde,121,0,0
1782356333568,158,HTTP Request,200,OK,Author Query 5-1,text,true,,263,155,10,70,http://localhost:8080/search?q=beauty&author=Oscar%20Wilde,158,0,0
1782356333574,152,HTTP Request,200,OK,Author Query 5-8,text,true,,263,155,10,70,http://localhost:8080/search?q=beauty&author=Oscar%20Wilde,152,0,0
1782356333552,186,HTTP Request,200,OK,Author Query 5-7,text,true,,263,155,10,70,http://localhost:8080/search?q=beauty&author=Oscar%20Wilde,186,0,0
1782356333531,207,HTTP Request,200,OK,Author Query 5-5,text,true,,263,155,10,70,http://localhost:8080/search?q=beauty&author=Oscar%20Wilde,207,0,0
1782356333582,157,HTTP Request,200,OK,Author Query 5-2,text,true,,263,155,10,70,http://localhost:8080/search?q=beauty&author=Oscar%20Wilde,157,0,0
1782356333583,159,HTTP Request,200,OK,Author Query 5-3,text,true,,263,155,10,70,http://localhost:8080/search?q=beauty&author=Oscar%20Wilde,159,0,0
1782356333696,64,HTTP Request,200,OK,Author Query 5-6,text,true,,263,155,10,70,http://localhost:8080/search?q=beauty&author=Oscar%20Wilde,64,0,0
1782356333673,96,HTTP Request,200,OK,Author Query 5-10,text,true,,263,155,10,70,http://localhost:8080/search?q=beauty&author=Oscar%20Wilde,96,0,0
1782356333722,75,HTTP Request,200,OK,Author Query 5-4,text,true,,263,155,10,70,http://localhost:8080/search?q=beauty&author=Oscar%20Wilde,75,0,0
1782356333726,85,HTTP Request,200,OK,Author Query 5-8,text,true,,263,155,10,70,http://localhost:8080/search?q=beauty&author=Oscar%20Wilde,85,0,0
1782356333722,94,HTTP Request,200,OK,Author Query 5-9,text,true,,263,155,10,70,http://localhost:8080/search?q=beauty&author=Oscar%20Wilde,94,0,0
1782356333769,100,HTTP Request,200,OK,Author Query 5-10,text,true,,263,155,10,70,http://localhost:8080/search?q=beauty&author=Oscar%20Wilde,100,0,0
1782356333726,152,HTTP Request,200,OK,Author Query 5-1,text,true,,263,155,10,70,http://localhost:8080/search?q=beauty&author=Oscar%20Wilde,152,0,0
1782356333739,142,HTTP Request,200,OK,Author Query 5-5,text,true,,263,155,10,70,http://localhost:8080/search?q=beauty&author=Oscar%20Wilde,142,0,0
1782356333797,102,HTTP Request,200,OK,Author Query 5-4,text,true,,263,155,10,70,http://localhost:8080/search?q=beauty&author=Oscar%20Wilde,102,0,0
1782356333811,88,HTTP Request,200,OK,Author Query 5-8,text,true,,263,155,10,70,http://localhost:8080/search?q=beauty&author=Oscar%20Wilde,88,0,0
1782356333816,84,HTTP Request,200,OK,Author Query 5-9,text,true,,263,155,10,70,http://localhost:8080/search?q=beauty&author=Oscar%20Wilde,84,0,0
1782356333739,174,HTTP Request,200,OK,Author Query 5-2,text,true,,263,155,10,70,http://localhost:8080/search?q=beauty&author=Oscar%20Wilde,174,0,0
1782356333743,196,HTTP Request,200,OK,Author Query 5-3,text,true,,263,155,10,70,http://localhost:8080/search?q=beauty&author=Oscar%20Wilde,196,0,0
1782356333760,179,HTTP Request,200,OK,Author Query 5-6,text,true,,263,155,10,70,http://localhost:8080/search?q=beauty&author=Oscar%20Wilde,179,0,0
1782356333738,202,HTTP Request,200,OK,Author Query 5-7,text,true,,263,155,10,70,http://localhost:8080/search?q=beauty&author=Oscar%20Wilde,202,0,0
1782356333899,93,HTTP Request,200,OK,Author Query 5-8,text,true,,263,155,10,70,http://localhost:8080/search?q=beauty&author=Oscar%20Wilde,93,0,0
1782356333878,145,HTTP Request,200,OK,Author Query 5-1,text,true,,263,155,10,70,http://localhost:8080/search?q=beauty&author=Oscar%20Wilde,145,0,0
1782356333900,124,HTTP Request,200,OK,Author Query 5-9,text,true,,263,155,10,70,http://localhost:8080/search?q=beauty&author=Oscar%20Wilde,124,0,0
1782356333899,125,HTTP Request,200,OK,Author Query 5-4,text,true,,263,155,10,70,http://localhost:8080/search?q=beauty&author=Oscar%20Wilde,125,0,0
1782356333913,112,HTTP Request,200,OK,Author Query 5-2,text,true,,263,155,10,70,http://localhost:8080/search?q=beauty&author=Oscar%20Wilde,112,0,0
1782356333870,171,HTTP Request,200,OK,Author Query 5-10,text,true,,263,155,10,70,http://localhost:8080/search?q=beauty&author=Oscar%20Wilde,171,0,0
1782356333882,159,HTTP Request,200,OK,Author Query 5-5,text,true,,263,155,10,70,http://localhost:8080/search?q=beauty&author=Oscar%20Wilde,159,0,0
1782356333940,111,HTTP Request,200,OK,Author Query 5-6,text,true,,263,155,10,70,http://localhost:8080/search?q=beauty&author=Oscar%20Wilde,111,0,0
1782356333939,142,HTTP Request,200,OK,Author Query 5-3,text,true,,263,155,10,70,http://localhost:8080/search?q=beauty&author=Oscar%20Wilde,142,0,0
1782356333940,195,HTTP Request,200,OK,Author Query 5-7,text,true,,263,155,10,70,http://localhost:8080/search?q=beauty&author=Oscar%20Wilde,195,0,0
1782356334041,106,HTTP Request,200,OK,Author Query 5-10,text,true,,263,155,10,70,http://localhost:8080/search?q=beauty&author=Oscar%20Wilde,106,0,0
1782356334024,123,HTTP Request,200,OK,Author Query 5-1,text,true,,263,155,10,70,http://localhost:8080/search?q=beauty&author=Oscar%20Wilde,123,0,0
1782356334024,126,HTTP Request,200,OK,Author Query 5-4,text,true,,263,155,10,70,http://localhost:8080/search?q=beauty&author=Oscar%20Wilde,126,0,0
1782356333993,159,HTTP Request,200,OK,Author Query 5-8,text,true,,263,155,10,70,http://localhost:8080/search?q=beauty&author=Oscar%20Wilde,159,0,0
1782356334024,131,HTTP Request,200,OK,Author Query 5-9,text,true,,263,155,10,70,http://localhost:8080/search?q=beauty&author=Oscar%20Wilde,131,0,0
1782356334026,199,HTTP Request,200,OK,Author Query 5-2,text,true,,263,155,10,70,http://localhost:8080/search?q=beauty&author=Oscar%20Wilde,199,0,0
1782356334041,195,HTTP Request,200,OK,Author Query 5-5,text,true,,263,155,10,70,http://localhost:8080/search?q=beauty&author=Oscar%20Wilde,195,0,0
1782356334147,91,HTTP Request,200,OK,Author Query 5-1,text,true,,263,155,10,70,http://localhost:8080/search?q=beauty&author=Oscar%20Wilde,91,0,0
1782356334152,88,HTTP Request,200,OK,Author Query 5-8,text,true,,263,155,10,70,http://localhost:8080/search?q=beauty&author=Oscar%20Wilde,88,0,0
1782356334150,101,HTTP Request,200,OK,Author Query 5-4,text,true,,263,155,10,70,http://localhost:8080/search?q=beauty&author=Oscar%20Wilde,101,0,0
1782356334147,104,HTTP Request,200,OK,Author Query 5-10,text,true,,263,155,10,70,http://localhost:8080/search?q=beauty&author=Oscar%20Wilde,104,0,0
1782356334081,170,HTTP Request,200,OK,Author Query 5-3,text,true,,263,155,10,70,http://localhost:8080/search?q=beauty&author=Oscar%20Wilde,170,0,0
1782356334051,201,HTTP Request,200,OK,Author Query 5-6,text,true,,263,155,10,70,http://localhost:8080/search?q=beauty&author=Oscar%20Wilde,201,0,0
1782356334135,142,HTTP Request,200,OK,Author Query 5-7,text,true,,263,155,10,70,http://localhost:8080/search?q=beauty&author=Oscar%20Wilde,142,0,0
1782356334155,131,HTTP Request,200,OK,Author Query 5-9,text,true,,263,155,10,70,http://localhost:8080/search?q=beauty&author=Oscar%20Wilde,131,0,0
1782356334236,75,HTTP Request,200,OK,Author Query 5-5,text,true,,263,155,10,70,http://localhost:8080/search?q=beauty&author=Oscar%20Wilde,75,0,0
1782356334226,92,HTTP Request,200,OK,Author Query 5-2,text,true,,263,155,10,70,http://localhost:8080/search?q=beauty&author=Oscar%20Wilde,92,0,0
1782356334239,83,HTTP Request,200,OK,Author Query 5-1,text,true,,263,155,10,70,http://localhost:8080/search?q=beauty&author=Oscar%20Wilde,83,0,0
1782356334241,83,HTTP Request,200,OK,Author Query 5-8,text,true,,263,155,10,70,http://localhost:8080/search?q=beauty&author=Oscar%20Wilde,83,0,0
1782356334251,75,HTTP Request,200,OK,Author Query 5-4,text,true,,263,155,10,70,http://localhost:8080/search?q=beauty&author=Oscar%20Wilde,75,0,0
1782356334251,89,HTTP Request,200,OK,Author Query 5-10,text,true,,263,155,10,70,http://localhost:8080/search?q=beauty&author=Oscar%20Wilde,89,0,0
1782356334252,88,HTTP Request,200,OK,Author Query 5-6,text,true,,263,155,10,70,http://localhost:8080/search?q=beauty&author=Oscar%20Wilde,88,0,0
1782356334252,117,HTTP Request,200,OK,Author Query 5-3,text,true,,263,155,10,70,http://localhost:8080/search?q=beauty&author=Oscar%20Wilde,117,0,0
1782356334319,55,HTTP Request,200,OK,Author Query 5-2,text,true,,263,155,10,70,http://localhost:8080/search?q=beauty&author=Oscar%20Wilde,55,0,0
1782356334311,69,HTTP Request,200,OK,Author Query 5-5,text,true,,263,155,10,70,http://localhost:8080/search?q=beauty&author=Oscar%20Wilde,69,0,0
1782356334324,57,HTTP Request,200,OK,Author Query 5-8,text,true,,263,155,10,70,http://localhost:8080/search?q=beauty&author=Oscar%20Wilde,57,0,0
1782356334323,65,HTTP Request,200,OK,Author Query 5-1,text,true,,263,155,10,70,http://localhost:8080/search?q=beauty&author=Oscar%20Wilde,65,0,0
1782356334278,112,HTTP Request,200,OK,Author Query 5-7,text,true,,263,155,10,70,http://localhost:8080/search?q=beauty&author=Oscar%20Wilde,112,0,0
1782356334287,113,HTTP Request,200,OK,Author Query 5-9,text,true,,263,155,10,70,http://localhost:8080/search?q=beauty&author=Oscar%20Wilde,113,0,0
1782356334340,89,HTTP Request,200,OK,Author Query 5-10,text,true,,263,155,10,70,http://localhost:8080/search?q=beauty&author=Oscar%20Wilde,89,0,0
1782356334326,105,HTTP Request,200,OK,Author Query 5-4,text,true,,263,155,10,70,http://localhost:8080/search?q=beauty&author=Oscar%20Wilde,105,0,0
1782356334375,60,HTTP Request,200,OK,Author Query 5-2,text,true,,263,155,10,70,http://localhost:8080/search?q=beauty&author=Oscar%20Wilde,60,0,0
1782356334381,57,HTTP Request,200,OK,Author Query 5-5,text,true,,263,155,10,70,http://localhost:8080/search?q=beauty&author=Oscar%20Wilde,57,0,0
1782356334381,57,HTTP Request,200,OK,Author Query 5-8,text,true,,263,155,10,70,http://localhost:8080/search?q=beauty&author=Oscar%20Wilde,57,0,0
1782356334340,108,HTTP Request,200,OK,Author Query 5-6,text,true,,263,155,10,70,http://localhost:8080/search?q=beauty&author=Oscar%20Wilde,108,0,0
1782356334388,86,HTTP Request,200,OK,Author Query 5-1,text,true,,263,155,10,70,http://localhost:8080/search?q=beauty&author=Oscar%20Wilde,86,0,0
1782356334390,84,HTTP Request,200,OK,Author Query 5-7,text,true,,263,155,10,70,http://localhost:8080/search?q=beauty&author=Oscar%20Wilde,84,0,0
1782356334370,120,HTTP Request,200,OK,Author Query 5-3,text,true,,263,155,10,70,http://localhost:8080/search?q=beauty&author=Oscar%20Wilde,120,0,0
1782356334401,90,HTTP Request,200,OK,Author Query 5-9,text,true,,263,155,10,70,http://localhost:8080/search?q=beauty&author=Oscar%20Wilde,90,0,0
1782356334435,71,HTTP Request,200,OK,Author Query 5-2,text,true,,263,155,10,70,http://localhost:8080/search?q=beauty&author=Oscar%20Wilde,71,0,0
1782356334431,76,HTTP Request,200,OK,Author Query 5-4,text,true,,263,155,10,70,http://localhost:8080/search?q=beauty&author=Oscar%20Wilde,76,0,0
1782356334429,79,HTTP Request,200,OK,Author Query 5-10,text,true,,263,155,10,70,http://localhost:8080/search?q=beauty&author=Oscar%20Wilde,79,0,0
1782356334439,88,HTTP Request,200,OK,Author Query 5-5,text,true,,263,155,10,70,http://localhost:8080/search?q=beauty&author=Oscar%20Wilde,88,0,0
1782356334438,89,HTTP Request,200,OK,Author Query 5-8,text,true,,263,155,10,70,http://localhost:8080/search?q=beauty&author=Oscar%20Wilde,89,0,0
1782356334474,72,HTTP Request,200,OK,Author Query 5-7,text,true,,263,155,10,70,http://localhost:8080/search?q=beauty&author=Oscar%20Wilde,72,0,0
1782356334474,82,HTTP Request,200,OK,Author Query 5-1,text,true,,263,155,10,70,http://localhost:8080/search?q=beauty&author=Oscar%20Wilde,82,0,0
1782356334448,121,HTTP Request,200,OK,Author Query 5-6,text,true,,263,155,10,70,http://localhost:8080/search?q=beauty&author=Oscar%20Wilde,121,0,0
1782356334508,78,HTTP Request,200,OK,Author Query 5-10,text,true,,263,155,10,70,http://localhost:8080/search?q=beauty&author=Oscar%20Wilde,78,0,0
1782356334491,95,HTTP Request,200,OK,Author Query 5-9,text,true,,263,155,10,70,http://localhost:8080/search?q=beauty&author=Oscar%20Wilde,95,0,0
1782356334507,79,HTTP Request,200,OK,Author Query 5-2,text,true,,263,155,10,70,http://localhost:8080/search?q=beauty&author=Oscar%20Wilde,79,0,0
1782356334507,108,HTTP Request,200,OK,Author Query 5-4,text,true,,263,155,10,70,http://localhost:8080/search?q=beauty&author=Oscar%20Wilde,108,0,0
1782356334490,141,HTTP Request,200,OK,Author Query 5-3,text,true,,263,155,10,70,http://localhost:8080/search?q=beauty&author=Oscar%20Wilde,141,0,0
1782356334528,117,HTTP Request,200,OK,Author Query 5-5,text,true,,263,155,10,70,http://localhost:8080/search?q=beauty&author=Oscar%20Wilde,117,0,0
1782356334587,58,HTTP Request,200,OK,Author Query 5-2,text,true,,263,155,10,70,http://localhost:8080/search?q=beauty&author=Oscar%20Wilde,58,0,0
1782356334586,60,HTTP Request,200,OK,Author Query 5-10,text,true,,263,155,10,70,http://localhost:8080/search?q=beauty&author=Oscar%20Wilde,60,0,0
1782356334587,59,HTTP Request,200,OK,Author Query 5-9,text,true,,263,155,10,70,http://localhost:8080/search?q=beauty&author=Oscar%20Wilde,59,0,0
1782356334569,77,HTTP Request,200,OK,Author Query 5-6,text,true,,263,155,10,70,http://localhost:8080/search?q=beauty&author=Oscar%20Wilde,77,0,0
1782356334527,120,HTTP Request,200,OK,Author Query 5-8,text,true,,263,155,10,70,http://localhost:8080/search?q=beauty&author=Oscar%20Wilde,120,0,0
1782356334546,219,HTTP Request,200,OK,Author Query 5-7,text,true,,263,155,10,70,http://localhost:8080/search?q=beauty&author=Oscar%20Wilde,219,0,0
1782356334647,137,HTTP Request,200,OK,Author Query 5-8,text,true,,263,155,10,70,http://localhost:8080/search?q=beauty&author=Oscar%20Wilde,137,0,0
1782356334645,139,HTTP Request,200,OK,Author Query 5-5,text,true,,263,155,10,70,http://localhost:8080/search?q=beauty&author=Oscar%20Wilde,139,0,0
1782356334646,139,HTTP Request,200,OK,Author Query 5-6,text,true,,263,155,10,70,http://localhost:8080/search?q=beauty&author=Oscar%20Wilde,139,0,0
1782356334645,140,HTTP Request,200,OK,Author Query 5-2,text,true,,263,155,10,70,http://localhost:8080/search?q=beauty&author=Oscar%20Wilde,140,0,0
1782356334646,139,HTTP Request,200,OK,Author Query 5-9,text,true,,263,155,10,70,http://localhost:8080/search?q=beauty&author=Oscar%20Wilde,139,0,0
1782356334646,139,HTTP Request,200,OK,Author Query 5-10,text,true,,263,155,10,70,http://localhost:8080/search?q=beauty&author=Oscar%20Wilde,139,0,0
1782356334556,246,HTTP Request,200,OK,Author Query 5-1,text,true,,263,155,10,70,http://localhost:8080/search?q=beauty&author=Oscar%20Wilde,246,0,0
1782356334615,192,HTTP Request,200,OK,Author Query 5-4,text,true,,263,155,10,70,http://localhost:8080/search?q=beauty&author=Oscar%20Wilde,192,0,0
1782356334632,192,HTTP Request,200,OK,Author Query 5-3,text,true,,263,155,10,70,http://localhost:8080/search?q=beauty&author=Oscar%20Wilde,192,0,0
1782356334784,94,HTTP Request,200,OK,Author Query 5-5,text,true,,263,155,10,70,http://localhost:8080/search?q=beauty&author=Oscar%20Wilde,94,0,0
1782356334785,106,HTTP Request,200,OK,Author Query 5-6,text,true,,263,155,10,70,http://localhost:8080/search?q=beauty&author=Oscar%20Wilde,106,0,0
1782356334785,110,HTTP Request,200,OK,Author Query 5-9,text,true,,263,155,10,70,http://localhost:8080/search?q=beauty&author=Oscar%20Wilde,110,0,0
1782356334785,125,HTTP Request,200,OK,Author Query 5-2,text,true,,263,155,10,70,http://localhost:8080/search?q=beauty&author=Oscar%20Wilde,125,0,0
1782356334784,131,HTTP Request,200,OK,Author Query 5-8,text,true,,263,155,10,70,http://localhost:8080/search?q=beauty&author=Oscar%20Wilde,131,0,0
1782356334785,133,HTTP Request,200,OK,Author Query 5-10,text,true,,263,155,10,70,http://localhost:8080/search?q=beauty&author=Oscar%20Wilde,133,0,0
1782356334765,160,HTTP Request,200,OK,Author Query 5-7,text,true,,263,155,10,70,http://localhost:8080/search?q=beauty&author=Oscar%20Wilde,160,0,0
1782356334825,104,HTTP Request,200,OK,Author Query 5-3,text,true,,263,155,10,70,http://localhost:8080/search?q=beauty&author=Oscar%20Wilde,104,0,0
1782356334807,123,HTTP Request,200,OK,Author Query 5-4,text,true,,263,155,10,70,http://localhost:8080/search?q=beauty&author=Oscar%20Wilde,123,0,0
1782356334803,133,HTTP Request,200,OK,Author Query 5-1,text,true,,263,155,10,70,http://localhost:8080/search?q=beauty&author=Oscar%20Wilde,133,0,0
1782356334879,151,HTTP Request,200,OK,Author Query 5-5,text,true,,263,155,10,70,http://localhost:8080/search?q=beauty&author=Oscar%20Wilde,151,0,0
1782356334891,158,HTTP Request,200,OK,Author Query 5-6,text,true,,263,155,10,70,http://localhost:8080/search?q=beauty&author=Oscar%20Wilde,158,0,0
1782356334896,195,HTTP Request,200,OK,Author Query 5-9,text,true,,263,155,10,70,http://localhost:8080/search?q=beauty&author=Oscar%20Wilde,195,0,0
1782356334936,155,HTTP Request,200,OK,Author Query 5-4,text,true,,263,155,10,70,http://localhost:8080/search?q=beauty&author=Oscar%20Wilde,155,0,0
1782356334929,162,HTTP Request,200,OK,Author Query 5-3,text,true,,263,155,10,70,http://localhost:8080/search?q=beauty&author=Oscar%20Wilde,162,0,0
1782356334910,207,HTTP Request,200,OK,Author Query 5-2,text,true,,263,155,10,70,http://localhost:8080/search?q=beauty&author=Oscar%20Wilde,207,0,0
1782356334915,202,HTTP Request,200,OK,Author Query 5-8,text,true,,263,155,10,70,http://localhost:8080/search?q=beauty&author=Oscar%20Wilde,202,0,0
1782356334918,205,HTTP Request,200,OK,Author Query 5-10,text,true,,263,155,10,70,http://localhost:8080/search?q=beauty&author=Oscar%20Wilde,205,0,0
1782356335030,118,HTTP Request,200,OK,Author Query 5-5,text,true,,263,155,10,70,http://localhost:8080/search?q=beauty&author=Oscar%20Wilde,118,0,0
1782356334937,225,HTTP Request,200,OK,Author Query 5-1,text,true,,263,155,10,70,http://localhost:8080/search?q=beauty&author=Oscar%20Wilde,225,0,0
1782356334925,251,HTTP Request,200,OK,Author Query 5-7,text,true,,263,155,10,70,http://localhost:8080/search?q=beauty&author=Oscar%20Wilde,251,0,0
1782356335049,128,HTTP Request,200,OK,Author Query 5-6,text,true,,263,155,10,70,http://localhost:8080/search?q=beauty&author=Oscar%20Wilde,128,0,0
1782356335092,96,HTTP Request,200,OK,Author Query 5-9,text,true,,263,155,10,70,http://localhost:8080/search?q=beauty&author=Oscar%20Wilde,96,0,0
1782356335091,99,HTTP Request,200,OK,Author Query 5-4,text,true,,263,155,10,70,http://localhost:8080/search?q=beauty&author=Oscar%20Wilde,99,0,0
1782356335092,211,HTTP Request,200,OK,Author Query 5-3,text,true,,263,155,10,70,http://localhost:8080/search?q=beauty&author=Oscar%20Wilde,211,0,0
1782356335117,186,HTTP Request,200,OK,Author Query 5-2,text,true,,263,155,10,70,http://localhost:8080/search?q=beauty&author=Oscar%20Wilde,186,0,0
1782356335118,185,HTTP Request,200,OK,Author Query 5-8,text,true,,263,155,10,70,http://localhost:8080/search?q=beauty&author=Oscar%20Wilde,185,0,0
1782356335191,144,HTTP Request,200,OK,Author Query 5-9,text,true,,263,155,10,70,http://localhost:8080/search?q=beauty&author=Oscar%20Wilde,144,0,0
1782356335177,158,HTTP Request,200,OK,Author Query 5-7,text,true,,263,155,10,70,http://localhost:8080/search?q=beauty&author=Oscar%20Wilde,158,0,0
1782356335177,175,HTTP Request,200,OK,Author Query 5-6,text,true,,263,155,10,70,http://localhost:8080/search?q=beauty&author=Oscar%20Wilde,175,0,0
1782356335124,229,HTTP Request,200,OK,Author Query 5-10,text,true,,263,155,10,70,http://localhost:8080/search?q=beauty&author=Oscar%20Wilde,229,0,0
1782356335190,165,HTTP Request,200,OK,Author Query 5-4,text,true,,263,155,10,70,http://localhost:8080/search?q=beauty&author=Oscar%20Wilde,165,0,0
1782356335164,275,HTTP Request,200,OK,Author Query 5-1,text,true,,263,155,10,70,http://localhost:8080/search?q=beauty&author=Oscar%20Wilde,275,0,0
1782356335149,293,HTTP Request,200,OK,Author Query 5-5,text,true,,263,155,10,70,http://localhost:8080/search?q=beauty&author=Oscar%20Wilde,293,0,0
1782356335303,144,HTTP Request,200,OK,Author Query 5-8,text,true,,263,155,10,70,http://localhost:8080/search?q=beauty&author=Oscar%20Wilde,144,0,0
1782356335303,144,HTTP Request,200,OK,Author Query 5-3,text,true,,263,155,10,70,http://localhost:8080/search?q=beauty&author=Oscar%20Wilde,144,0,0
1782356335336,164,HTTP Request,200,OK,Author Query 5-7,text,true,,263,155,10,70,http://localhost:8080/search?q=beauty&author=Oscar%20Wilde,164,0,0
1782356335337,163,HTTP Request,200,OK,Author Query 5-9,text,true,,263,155,10,70,http://localhost:8080/search?q=beauty&author=Oscar%20Wilde,163,0,0
1782356335304,197,HTTP Request,200,OK,Author Query 5-2,text,true,,263,155,10,70,http://localhost:8080/search?q=beauty&author=Oscar%20Wilde,197,0,0
1782356335355,146,HTTP Request,200,OK,Author Query 5-10,text,true,,263,155,10,70,http://localhost:8080/search?q=beauty&author=Oscar%20Wilde,146,0,0
1782356335353,148,HTTP Request,200,OK,Author Query 5-6,text,true,,263,155,10,70,http://localhost:8080/search?q=beauty&author=Oscar%20Wilde,148,0,0
1782356335355,148,HTTP Request,200,OK,Author Query 5-4,text,true,,263,155,10,70,http://localhost:8080/search?q=beauty&author=Oscar%20Wilde,148,0,0
1782356335447,124,HTTP Request,200,OK,Author Query 5-8,text,true,,263,155,10,70,http://localhost:8080/search?q=beauty&author=Oscar%20Wilde,124,0,0
1782356335442,172,HTTP Request,200,OK,Author Query 5-5,text,true,,263,155,10,70,http://localhost:8080/search?q=beauty&author=Oscar%20Wilde,172,0,0
1782356335439,182,HTTP Request,200,OK,Author Query 5-1,text,true,,263,155,10,70,http://localhost:8080/search?q=beauty&author=Oscar%20Wilde,182,0,0
1782356335448,188,HTTP Request,200,OK,Author Query 5-3,text,true,,263,155,10,70,http://localhost:8080/search?q=beauty&author=Oscar%20Wilde,188,0,0
1782356335501,136,HTTP Request,200,OK,Author Query 5-10,text,true,,263,155,10,70,http://localhost:8080/search?q=beauty&author=Oscar%20Wilde,136,0,0
1782356335501,137,HTTP Request,200,OK,Author Query 5-6,text,true,,263,155,10,70,http://localhost:8080/search?q=beauty&author=Oscar%20Wilde,137,0,0
1782356335503,137,HTTP Request,200,OK,Author Query 5-4,text,true,,263,155,10,70,http://localhost:8080/search?q=beauty&author=Oscar%20Wilde,137,0,0
1782356335501,139,HTTP Request,200,OK,Author Query 5-2,text,true,,263,155,10,70,http://localhost:8080/search?q=beauty&author=Oscar%20Wilde,139,0,0
1782356335500,153,HTTP Request,200,OK,Author Query 5-9,text,true,,263,155,10,70,http://localhost:8080/search?q=beauty&author=Oscar%20Wilde,153,0,0
1782356335500,155,HTTP Request,200,OK,Author Query 5-7,text,true,,263,155,10,70,http://localhost:8080/search?q=beauty&author=Oscar%20Wilde,155,0,0
1782356335572,158,HTTP Request,200,OK,Author Query 5-8,text,true,,263,155,10,70,http://localhost:8080/search?q=beauty&author=Oscar%20Wilde,158,0,0
1782356335641,154,HTTP Request,200,OK,Author Query 5-4,text,true,,263,155,10,70,http://localhost:8080/search?q=beauty&author=Oscar%20Wilde,154,0,0
1782356335640,155,HTTP Request,200,OK,Author Query 5-2,text,true,,263,155,10,70,http://localhost:8080/search?q=beauty&author=Oscar%20Wilde,155,0,0
1782356335637,176,HTTP Request,200,OK,Author Query 5-3,text,true,,263,155,10,70,http://localhost:8080/search?q=beauty&author=Oscar%20Wilde,176,0,0
1782356335638,177,HTTP Request,200,OK,Author Query 5-10,text,true,,263,155,10,70,http://localhost:8080/search?q=beauty&author=Oscar%20Wilde,177,0,0
1782356335656,190,HTTP Request,200,OK,Author Query 5-7,text,true,,263,155,10,70,http://localhost:8080/search?q=beauty&author=Oscar%20Wilde,190,0,0
1782356335654,204,HTTP Request,200,OK,Author Query 5-9,text,true,,263,155,10,70,http://localhost:8080/search?q=beauty&author=Oscar%20Wilde,204,0,0
1782356335615,244,HTTP Request,200,OK,Author Query 5-5,text,true,,263,155,10,70,http://localhost:8080/search?q=beauty&author=Oscar%20Wilde,244,0,0
1782356335621,249,HTTP Request,200,OK,Author Query 5-1,text,true,,263,155,10,70,http://localhost:8080/search?q=beauty&author=Oscar%20Wilde,249,0,0
1782356335639,231,HTTP Request,200,OK,Author Query 5-6,text,true,,263,155,10,70,http://localhost:8080/search?q=beauty&author=Oscar%20Wilde,231,0,0
1782356335730,147,HTTP Request,200,OK,Author Query 5-8,text,true,,263,155,10,70,http://localhost:8080/search?q=beauty&author=Oscar%20Wilde,147,0,0
1782356335795,85,HTTP Request,200,OK,Author Query 5-4,text,true,,263,155,10,70,http://localhost:8080/search?q=beauty&author=Oscar%20Wilde,85,0,0
1782356335796,86,HTTP Request,200,OK,Author Query 5-2,text,true,,263,155,10,70,http://localhost:8080/search?q=beauty&author=Oscar%20Wilde,86,0,0
1782356335815,74,HTTP Request,200,OK,Author Query 5-10,text,true,,263,155,10,70,http://localhost:8080/search?q=beauty&author=Oscar%20Wilde,74,0,0
1782356335814,75,HTTP Request,200,OK,Author Query 5-3,text,true,,263,155,10,70,http://localhost:8080/search?q=beauty&author=Oscar%20Wilde,75,0,0
1782356335846,126,HTTP Request,200,OK,Author Query 5-7,text,true,,263,155,10,70,http://localhost:8080/search?q=beauty&author=Oscar%20Wilde,126,0,0
1782356335859,118,HTTP Request,200,OK,Author Query 5-9,text,true,,263,155,10,70,http://localhost:8080/search?q=beauty&author=Oscar%20Wilde,117,0,0
1782356335870,111,HTTP Request,200,OK,Author Query 5-1,text,true,,263,155,10,70,http://localhost:8080/search?q=beauty&author=Oscar%20Wilde,111,0,0
1782356335889,94,HTTP Request,200,OK,Author Query 5-3,text,true,,263,155,10,70,http://localhost:8080/search?q=beauty&author=Oscar%20Wilde,94,0,0
1782356335860,125,HTTP Request,200,OK,Author Query 5-5,text,true,,263,155,10,70,http://localhost:8080/search?q=beauty&author=Oscar%20Wilde,125,0,0
1782356335877,176,HTTP Request,200,OK,Author Query 5-8,text,true,,263,155,10,70,http://localhost:8080/search?q=beauty&author=Oscar%20Wilde,176,0,0
1782356335870,183,HTTP Request,200,OK,Author Query 5-6,text,true,,263,155,10,70,http://localhost:8080/search?q=beauty&author=Oscar%20Wilde,183,0,0
1782356335882,210,HTTP Request,200,OK,Author Query 5-2,text,true,,263,155,10,70,http://localhost:8080/search?q=beauty&author=Oscar%20Wilde,210,0,0
1782356335880,213,HTTP Request,200,OK,Author Query 5-4,text,true,,263,155,10,70,http://localhost:8080/search?q=beauty&author=Oscar%20Wilde,213,0,0
1782356335972,159,HTTP Request,200,OK,Author Query 5-7,text,true,,263,155,10,70,http://localhost:8080/search?q=beauty&author=Oscar%20Wilde,159,0,0
1782356335977,155,HTTP Request,200,OK,Author Query 5-9,text,true,,263,155,10,70,http://localhost:8080/search?q=beauty&author=Oscar%20Wilde,155,0,0
1782356335889,246,HTTP Request,200,OK,Author Query 5-10,text,true,,263,155,10,70,http://localhost:8080/search?q=beauty&author=Oscar%20Wilde,246,0,0
1782356335982,194,HTTP Request,200,OK,Author Query 5-1,text,true,,263,155,10,70,http://localhost:8080/search?q=beauty&author=Oscar%20Wilde,194,0,0
1782356335983,222,HTTP Request,200,OK,Author Query 5-3,text,true,,263,155,10,70,http://localhost:8080/search?q=beauty&author=Oscar%20Wilde,222,0,0
1782356336094,114,HTTP Request,200,OK,Author Query 5-4,text,true,,263,155,10,70,http://localhost:8080/search?q=beauty&author=Oscar%20Wilde,114,0,0
1782356336093,126,HTTP Request,200,OK,Author Query 5-2,text,true,,263,155,10,70,http://localhost:8080/search?q=beauty&author=Oscar%20Wilde,126,0,0
1782356336053,177,HTTP Request,200,OK,Author Query 5-6,text,true,,263,155,10,70,http://localhost:8080/search?q=beauty&author=Oscar%20Wilde,177,0,0
1782356335985,245,HTTP Request,200,OK,Author Query 5-5,text,true,,263,155,10,70,http://localhost:8080/search?q=beauty&author=Oscar%20Wilde,245,0,0
1782356336131,105,HTTP Request,200,OK,Author Query 5-7,text,true,,263,155,10,70,http://localhost:8080/search?q=beauty&author=Oscar%20Wilde,105,0,0
1782356336132,104,HTTP Request,200,OK,Author Query 5-9,text,true,,263,155,10,70,http://localhost:8080/search?q=beauty&author=Oscar%20Wilde,104,0,0
1782356336053,194,HTTP Request,200,OK,Author Query 5-8,text,true,,263,155,10,70,http://localhost:8080/search?q=beauty&author=Oscar%20Wilde,194,0,0
1782356336208,150,HTTP Request,200,OK,Author Query 5-4,text,true,,263,155,10,70,http://localhost:8080/search?q=beauty&author=Oscar%20Wilde,150,0,0
1782356336237,125,HTTP Request,200,OK,Author Query 5-9,text,true,,263,155,10,70,http://localhost:8080/search?q=beauty&author=Oscar%20Wilde,125,0,0
1782356336205,157,HTTP Request,200,OK,Author Query 5-3,text,true,,263,155,10,70,http://localhost:8080/search?q=beauty&author=Oscar%20Wilde,157,0,0
1782356336248,117,HTTP Request,200,OK,Author Query 5-8,text,true,,263,155,10,70,http://localhost:8080/search?q=beauty&author=Oscar%20Wilde,117,0,0
1782356336136,230,HTTP Request,200,OK,Author Query 5-10,text,true,,263,155,10,70,http://localhost:8080/search?q=beauty&author=Oscar%20Wilde,230,0,0
1782356336219,147,HTTP Request,200,OK,Author Query 5-2,text,true,,263,155,10,70,http://localhost:8080/search?q=beauty&author=Oscar%20Wilde,147,0,0
1782356336230,137,HTTP Request,200,OK,Author Query 5-6,text,true,,263,155,10,70,http://localhost:8080/search?q=beauty&author=Oscar%20Wilde,137,0,0
1782356336231,158,HTTP Request,200,OK,Author Query 5-5,text,true,,263,155,10,70,http://localhost:8080/search?q=beauty&author=Oscar%20Wilde,158,0,0
1782356336176,217,HTTP Request,200,OK,Author Query 5-1,text,true,,263,155,10,70,http://localhost:8080/search?q=beauty&author=Oscar%20Wilde,217,0,0
1782356336237,156,HTTP Request,200,OK,Author Query 5-7,text,true,,263,155,10,70,http://localhost:8080/search?q=beauty&author=Oscar%20Wilde,156,0,0
1782356336362,85,HTTP Request,200,OK,Author Query 5-9,text,true,,263,155,10,70,http://localhost:8080/search?q=beauty&author=Oscar%20Wilde,85,0,0
1782356336362,86,HTTP Request,200,OK,Author Query 5-3,text,true,,263,155,10,70,http://localhost:8080/search?q=beauty&author=Oscar%20Wilde,86,0,0
1782356336366,128,HTTP Request,200,OK,Author Query 5-2,text,true,,263,155,10,70,http://localhost:8080/search?q=beauty&author=Oscar%20Wilde,128,0,0
1782356336367,133,HTTP Request,200,OK,Author Query 5-6,text,true,,263,155,10,70,http://localhost:8080/search?q=beauty&author=Oscar%20Wilde,133,0,0
1782356336394,108,HTTP Request,200,OK,Author Query 5-7,text,true,,263,155,10,70,http://localhost:8080/search?q=beauty&author=Oscar%20Wilde,108,0,0
1782356336389,133,HTTP Request,200,OK,Author Query 5-5,text,true,,263,155,10,70,http://localhost:8080/search?q=beauty&author=Oscar%20Wilde,133,0,0
1782356336365,159,HTTP Request,200,OK,Author Query 5-8,text,true,,263,155,10,70,http://localhost:8080/search?q=beauty&author=Oscar%20Wilde,158,0,0
1782356336449,76,HTTP Request,200,OK,Author Query 5-3,text,true,,263,155,10,70,http://localhost:8080/search?q=beauty&author=Oscar%20Wilde,76,0,0
1782356336393,151,HTTP Request,200,OK,Author Query 5-1,text,true,,263,155,10,70,http://localhost:8080/search?q=beauty&author=Oscar%20Wilde,151,0,0
1782356336495,83,HTTP Request,200,OK,Author Query 5-2,text,true,,263,155,10,70,http://localhost:8080/search?q=beauty&author=Oscar%20Wilde,83,0,0
1782356336502,76,HTTP Request,200,OK,Author Query 5-7,text,true,,263,155,10,70,http://localhost:8080/search?q=beauty&author=Oscar%20Wilde,76,0,0
1782356336500,79,HTTP Request,200,OK,Author Query 5-6,text,true,,263,155,10,70,http://localhost:8080/search?q=beauty&author=Oscar%20Wilde,79,0,0
1782356336366,213,HTTP Request,200,OK,Author Query 5-10,text,true,,263,155,10,70,http://localhost:8080/search?q=beauty&author=Oscar%20Wilde,213,0,0
1782356336360,223,HTTP Request,200,OK,Author Query 5-4,text,true,,263,155,10,70,http://localhost:8080/search?q=beauty&author=Oscar%20Wilde,223,0,0
1782356336526,75,HTTP Request,200,OK,Author Query 5-3,text,true,,263,155,10,70,http://localhost:8080/search?q=beauty&author=Oscar%20Wilde,75,0,0
1782356336447,154,HTTP Request,200,OK,Author Query 5-9,text,true,,263,155,10,70,http://localhost:8080/search?q=beauty&author=Oscar%20Wilde,154,0,0
1782356336544,75,HTTP Request,200,OK,Author Query 5-1,text,true,,263,155,10,70,http://localhost:8080/search?q=beauty&author=Oscar%20Wilde,75,0,0
1782356336578,67,HTTP Request,200,OK,Author Query 5-7,text,true,,263,155,10,70,http://localhost:8080/search?q=beauty&author=Oscar%20Wilde,67,0,0
1782356336522,124,HTTP Request,200,OK,Author Query 5-5,text,true,,263,155,10,70,http://localhost:8080/search?q=beauty&author=Oscar%20Wilde,124,0,0
1782356336524,133,HTTP Request,200,OK,Author Query 5-8,text,true,,263,155,10,70,http://localhost:8080/search?q=beauty&author=Oscar%20Wilde,133,0,0
1782356336579,78,HTTP Request,200,OK,Author Query 5-10,text,true,,263,155,10,70,http://localhost:8080/search?q=beauty&author=Oscar%20Wilde,78,0,0
1782356336583,75,HTTP Request,200,OK,Author Query 5-4,text,true,,263,155,10,70,http://localhost:8080/search?q=beauty&author=Oscar%20Wilde,75,0,0
1782356336578,90,HTTP Request,200,OK,Author Query 5-2,text,true,,263,155,10,70,http://localhost:8080/search?q=beauty&author=Oscar%20Wilde,90,0,0
1782356336601,68,HTTP Request,200,OK,Author Query 5-3,text,true,,263,155,10,70,http://localhost:8080/search?q=beauty&author=Oscar%20Wilde,68,0,0
1782356336601,68,HTTP Request,200,OK,Author Query 5-9,text,true,,263,155,10,70,http://localhost:8080/search?q=beauty&author=Oscar%20Wilde,68,0,0
1782356336580,106,HTTP Request,200,OK,Author Query 5-6,text,true,,263,155,10,70,http://localhost:8080/search?q=beauty&author=Oscar%20Wilde,106,0,0
1782356336619,93,HTTP Request,200,OK,Author Query 5-1,text,true,,263,155,10,70,http://localhost:8080/search?q=beauty&author=Oscar%20Wilde,93,0,0
1782356336658,79,HTTP Request,200,OK,Author Query 5-4,text,true,,263,155,10,70,http://localhost:8080/search?q=beauty&author=Oscar%20Wilde,79,0,0
1782356336657,80,HTTP Request,200,OK,Author Query 5-10,text,true,,263,155,10,70,http://localhost:8080/search?q=beauty&author=Oscar%20Wilde,80,0,0
1782356336645,93,HTTP Request,200,OK,Author Query 5-7,text,true,,263,155,10,70,http://localhost:8080/search?q=beauty&author=Oscar%20Wilde,93,0,0
1782356336669,75,HTTP Request,200,OK,Author Query 5-3,text,true,,263,155,10,70,http://localhost:8080/search?q=beauty&author=Oscar%20Wilde,75,0,0
1782356336669,161,HTTP Request,200,OK,Author Query 5-9,text,true,,263,155,10,70,http://localhost:8080/search?q=beauty&author=Oscar%20Wilde,161,0,0
1782356336686,161,HTTP Request,200,OK,Author Query 5-6,text,true,,263,155,10,70,http://localhost:8080/search?q=beauty&author=Oscar%20Wilde,161,0,0
1782356336648,211,HTTP Request,200,OK,Author Query 5-5,text,true,,263,155,10,70,http://localhost:8080/search?q=beauty&author=Oscar%20Wilde,211,0,0
1782356336668,192,HTTP Request,200,OK,Author Query 5-2,text,true,,263,155,10,70,http://localhost:8080/search?q=beauty&author=Oscar%20Wilde,192,0,0
1782356336657,204,HTTP Request,200,OK,Author Query 5-8,text,true,,263,155,10,70,http://localhost:8080/search?q=beauty&author=Oscar%20Wilde,204,0,0
1782356336739,131,HTTP Request,200,OK,Author Query 5-7,text,true,,263,155,10,70,http://localhost:8080/search?q=beauty&author=Oscar%20Wilde,131,0,0
1782356336713,158,HTTP Request,200,OK,Author Query 5-1,text,true,,263,155,10,70,http://localhost:8080/search?q=beauty&author=Oscar%20Wilde,157,0,0
1782356336737,134,HTTP Request,200,OK,Author Query 5-4,text,true,,263,155,10,70,http://localhost:8080/search?q=beauty&author=Oscar%20Wilde,134,0,0
1782356336738,134,HTTP Request,200,OK,Author Query 5-10,text,true,,263,155,10,70,http://localhost:8080/search?q=beauty&author=Oscar%20Wilde,134,0,0
1782356336744,128,HTTP Request,200,OK,Author Query 5-3,text,true,,263,155,10,70,http://localhost:8080/search?q=beauty&author=Oscar%20Wilde,128,0,0
1782356336870,115,HTTP Request,200,OK,Author Query 5-7,text,true,,263,155,10,70,http://localhost:8080/search?q=beauty&author=Oscar%20Wilde,115,0,0
1782356336862,124,HTTP Request,200,OK,Author Query 5-8,text,true,,263,155,10,70,http://localhost:8080/search?q=beauty&author=Oscar%20Wilde,124,0,0
1782356336860,136,HTTP Request,200,OK,Author Query 5-5,text,true,,263,155,10,70,http://localhost:8080/search?q=beauty&author=Oscar%20Wilde,136,0,0
1782356336872,127,HTTP Request,200,OK,Author Query 5-1,text,true,,263,155,10,70,http://localhost:8080/search?q=beauty&author=Oscar%20Wilde,127,0,0
1782356336848,151,HTTP Request,200,OK,Author Query 5-6,text,true,,263,155,10,70,http://localhost:8080/search?q=beauty&author=Oscar%20Wilde,151,0,0
1782356336872,127,HTTP Request,200,OK,Author Query 5-3,text,true,,263,155,10,70,http://localhost:8080/search?q=beauty&author=Oscar%20Wilde,127,0,0
1782356336861,142,HTTP Request,200,OK,Author Query 5-2,text,true,,263,155,10,70,http://localhost:8080/search?q=beauty&author=Oscar%20Wilde,142,0,0
1782356336872,132,HTTP Request,200,OK,Author Query 5-4,text,true,,263,155,10,70,http://localhost:8080/search?q=beauty&author=Oscar%20Wilde,132,0,0
1782356336836,169,HTTP Request,200,OK,Author Query 5-9,text,true,,263,155,10,70,http://localhost:8080/search?q=beauty&author=Oscar%20Wilde,167,0,0
1782356336872,165,HTTP Request,200,OK,Author Query 5-10,text,true,,263,155,10,70,http://localhost:8080/search?q=beauty&author=Oscar%20Wilde,165,0,0
1782356336985,86,HTTP Request,200,OK,Author Query 5-7,text,true,,263,155,10,70,http://localhost:8080/search?q=beauty&author=Oscar%20Wilde,86,0,0
1782356336987,112,HTTP Request,200,OK,Author Query 5-8,text,true,,263,155,10,70,http://localhost:8080/search?q=beauty&author=Oscar%20Wilde,112,0,0
1782356337004,97,HTTP Request,200,OK,Author Query 5-4,text,true,,263,155,10,70,http://localhost:8080/search?q=beauty&author=Oscar%20Wilde,97,0,0
1782356336996,110,HTTP Request,200,OK,Author Query 5-5,text,true,,263,155,10,70,http://localhost:8080/search?q=beauty&author=Oscar%20Wilde,110,0,0
1782356337003,103,HTTP Request,200,OK,Author Query 5-2,text,true,,263,155,10,70,http://localhost:8080/search?q=beauty&author=Oscar%20Wilde,103,0,0
1782356336999,111,HTTP Request,200,OK,Author Query 5-6,text,true,,263,155,10,70,http://localhost:8080/search?q=beauty&author=Oscar%20Wilde,111,0,0
1782356337005,117,HTTP Request,200,OK,Author Query 5-9,text,true,,263,155,10,70,http://localhost:8080/search?q=beauty&author=Oscar%20Wilde,117,0,0
1782356336999,139,HTTP Request,200,OK,Author Query 5-1,text,true,,263,155,10,70,http://localhost:8080/search?q=beauty&author=Oscar%20Wilde,139,0,0
1782356337000,139,HTTP Request,200,OK,Author Query 5-3,text,true,,263,155,10,70,http://localhost:8080/search?q=beauty&author=Oscar%20Wilde,139,0,0
1782356337072,86,HTTP Request,200,OK,Author Query 5-7,text,true,,263,155,10,70,http://localhost:8080/search?q=beauty&author=Oscar%20Wilde,86,0,0
1782356337037,122,HTTP Request,200,OK,Author Query 5-10,text,true,,263,155,10,70,http://localhost:8080/search?q=beauty&author=Oscar%20Wilde,121,0,0
1782356337099,97,HTTP Request,200,OK,Author Query 5-8,text,true,,263,155,10,70,http://localhost:8080/search?q=beauty&author=Oscar%20Wilde,97,0,0
1782356337107,89,HTTP Request,200,OK,Author Query 5-5,text,true,,263,155,10,70,http://localhost:8080/search?q=beauty&author=Oscar%20Wilde,89,0,0
1782356337106,90,HTTP Request,200,OK,Author Query 5-2,text,true,,263,155,10,70,http://localhost:8080/search?q=beauty&author=Oscar%20Wilde,90,0,0
1782356337101,96,HTTP Request,200,OK,Author Query 5-4,text,true,,263,155,10,70,http://localhost:8080/search?q=beauty&author=Oscar%20Wilde,96,0,0
1782356337110,99,HTTP Request,200,OK,Author Query 5-6,text,true,,263,155,10,70,http://localhost:8080/search?q=beauty&author=Oscar%20Wilde,99,0,0
1782356337123,154,HTTP Request,200,OK,Author Query 5-9,text,true,,263,155,10,70,http://localhost:8080/search?q=beauty&author=Oscar%20Wilde,154,0,0
1782356337139,158,HTTP Request,200,OK,Author Query 5-1,text,true,,263,155,10,70,http://localhost:8080/search?q=beauty&author=Oscar%20Wilde,158,0,0
1782356337139,163,HTTP Request,200,OK,Author Query 5-3,text,true,,263,155,10,70,http://localhost:8080/search?q=beauty&author=Oscar%20Wilde,163,0,0
1782356337159,242,HTTP Request,200,OK,Author Query 5-10,text,true,,263,155,10,70,http://localhost:8080/search?q=beauty&author=Oscar%20Wilde,242,0,0
1782356337197,209,HTTP Request,200,OK,Author Query 5-4,text,true,,263,155,10,70,http://localhost:8080/search?q=beauty&author=Oscar%20Wilde,209,0,0
1782356337197,209,HTTP Request,200,OK,Author Query 5-5,text,true,,263,155,10,70,http://localhost:8080/search?q=beauty&author=Oscar%20Wilde,209,0,0
1782356337197,210,HTTP Request,200,OK,Author Query 5-8,text,true,,263,155,10,70,http://localhost:8080/search?q=beauty&author=Oscar%20Wilde,210,0,0
1782356337158,249,HTTP Request,200,OK,Author Query 5-7,text,true,,263,155,10,70,http://localhost:8080/search?q=beauty&author=Oscar%20Wilde,249,0,0
1782356337197,212,HTTP Request,200,OK,Author Query 5-2,text,true,,263,155,10,70,http://localhost:8080/search?q=beauty&author=Oscar%20Wilde,212,0,0
1782356337210,210,HTTP Request,200,OK,Author Query 5-6,text,true,,263,155,10,70,http://localhost:8080/search?q=beauty&author=Oscar%20Wilde,210,0,0
1782356337303,136,HTTP Request,200,OK,Author Query 5-3,text,true,,263,155,10,70,http://localhost:8080/search?q=beauty&author=Oscar%20Wilde,136,0,0
1782356337277,205,HTTP Request,200,OK,Author Query 5-9,text,true,,263,155,10,70,http://localhost:8080/search?q=beauty&author=Oscar%20Wilde,205,0,0
1782356337407,121,HTTP Request,200,OK,Author Query 5-4,text,true,,263,155,10,70,http://localhost:8080/search?q=beauty&author=Oscar%20Wilde,121,0,0
1782356337402,127,HTTP Request,200,OK,Author Query 5-10,text,true,,263,155,10,70,http://localhost:8080/search?q=beauty&author=Oscar%20Wilde,127,0,0
1782356337298,231,HTTP Request,200,OK,Author Query 5-1,text,true,,263,155,10,70,http://localhost:8080/search?q=beauty&author=Oscar%20Wilde,231,0,0
1782356337411,118,HTTP Request,200,OK,Author Query 5-2,text,true,,263,155,10,70,http://localhost:8080/search?q=beauty&author=Oscar%20Wilde,118,0,0
1782356337420,128,HTTP Request,200,OK,Author Query 5-6,text,true,,263,155,10,70,http://localhost:8080/search?q=beauty&author=Oscar%20Wilde,128,0,0
1782356337406,142,HTTP Request,200,OK,Author Query 5-5,text,true,,263,155,10,70,http://localhost:8080/search?q=beauty&author=Oscar%20Wilde,142,0,0
1782356337440,115,HTTP Request,200,OK,Author Query 5-3,text,true,,263,155,10,70,http://localhost:8080/search?q=beauty&author=Oscar%20Wilde,115,0,0
1782356337408,149,HTTP Request,200,OK,Author Query 5-8,text,true,,263,155,10,70,http://localhost:8080/search?q=beauty&author=Oscar%20Wilde,149,0,0
1782356337408,169,HTTP Request,200,OK,Author Query 5-7,text,true,,263,155,10,70,http://localhost:8080/search?q=beauty&author=Oscar%20Wilde,169,0,0
1782356337529,96,HTTP Request,200,OK,Author Query 5-1,text,true,,263,155,10,70,http://localhost:8080/search?q=beauty&author=Oscar%20Wilde,96,0,0
1782356337529,99,HTTP Request,200,OK,Author Query 5-4,text,true,,263,155,10,70,http://localhost:8080/search?q=beauty&author=Oscar%20Wilde,99,0,0
1782356337529,105,HTTP Request,200,OK,Author Query 5-2,text,true,,263,155,10,70,http://localhost:8080/search?q=beauty&author=Oscar%20Wilde,105,0,0
1782356337548,87,HTTP Request,200,OK,Author Query 5-6,text,true,,263,155,10,70,http://localhost:8080/search?q=beauty&author=Oscar%20Wilde,87,0,0
1782356337548,87,HTTP Request,200,OK,Author Query 5-5,text,true,,263,155,10,70,http://localhost:8080/search?q=beauty&author=Oscar%20Wilde,87,0,0
1782356337557,80,HTTP Request,200,OK,Author Query 5-8,text,true,,263,155,10,70,http://localhost:8080/search?q=beauty&author=Oscar%20Wilde,80,0,0
1782356337482,168,HTTP Request,200,OK,Author Query 5-9,text,true,,263,155,10,70,http://localhost:8080/search?q=beauty&author=Oscar%20Wilde,168,0,0
1782356337555,99,HTTP Request,200,OK,Author Query 5-3,text,true,,263,155,10,70,http://localhost:8080/search?q=beauty&author=Oscar%20Wilde,99,0,0
1782356337529,163,HTTP Request,200,OK,Author Query 5-10,text,true,,263,155,10,70,http://localhost:8080/search?q=beauty&author=Oscar%20Wilde,163,0,0
1782356337577,125,HTTP Request,200,OK,Author Query 5-7,text,true,,263,155,10,70,http://localhost:8080/search?q=beauty&author=Oscar%20Wilde,125,0,0
1782356337634,91,HTTP Request,200,OK,Author Query 5-2,text,true,,263,155,10,70,http://localhost:8080/search?q=beauty&author=Oscar%20Wilde,91,0,0
1782356337629,108,HTTP Request,200,OK,Author Query 5-4,text,true,,263,155,10,70,http://localhost:8080/search?q=beauty&author=Oscar%20Wilde,108,0,0
1782356337626,112,HTTP Request,200,OK,Author Query 5-1,text,true,,263,155,10,70,http://localhost:8080/search?q=beauty&author=Oscar%20Wilde,112,0,0
1782356337635,104,HTTP Request,200,OK,Author Query 5-6,text,true,,263,155,10,70,http://localhost:8080/search?q=beauty&author=Oscar%20Wilde,104,0,0
1782356337636,103,HTTP Request,200,OK,Author Query 5-5,text,true,,263,155,10,70,http://localhost:8080/search?q=beauty&author=Oscar%20Wilde,103,0,0
1782356337637,117,HTTP Request,200,OK,Author Query 5-8,text,true,,263,155,10,70,http://localhost:8080/search?q=beauty&author=Oscar%20Wilde,117,0,0
1782356337651,151,HTTP Request,200,OK,Author Query 5-9,text,true,,263,155,10,70,http://localhost:8080/search?q=beauty&author=Oscar%20Wilde,151,0,0
1782356337739,148,HTTP Request,200,OK,Author Query 5-5,text,true,,263,155,10,70,http://localhost:8080/search?q=beauty&author=Oscar%20Wilde,148,0,0
1782356337726,162,HTTP Request,200,OK,Author Query 5-2,text,true,,263,155,10,70,http://localhost:8080/search?q=beauty&author=Oscar%20Wilde,162,0,0
1782356337739,149,HTTP Request,200,OK,Author Query 5-6,text,true,,263,155,10,70,http://localhost:8080/search?q=beauty&author=Oscar%20Wilde,149,0,0
1782356337738,151,HTTP Request,200,OK,Author Query 5-1,text,true,,263,155,10,70,http://localhost:8080/search?q=beauty&author=Oscar%20Wilde,151,0,0
1782356337738,151,HTTP Request,200,OK,Author Query 5-4,text,true,,263,155,10,70,http://localhost:8080/search?q=beauty&author=Oscar%20Wilde,151,0,0
1782356337693,209,HTTP Request,200,OK,Author Query 5-10,text,true,,263,155,10,70,http://localhost:8080/search?q=beauty&author=Oscar%20Wilde,209,0,0
1782356337655,249,HTTP Request,200,OK,Author Query 5-3,text,true,,263,155,10,70,http://localhost:8080/search?q=beauty&author=Oscar%20Wilde,249,0,0
1782356337703,204,HTTP Request,200,OK,Author Query 5-7,text,true,,263,155,10,70,http://localhost:8080/search?q=beauty&author=Oscar%20Wilde,204,0,0
1782356337887,84,HTTP Request,200,OK,Author Query 5-5,text,true,,263,155,10,70,http://localhost:8080/search?q=beauty&author=Oscar%20Wilde,84,0,0
1782356337890,92,HTTP Request,200,OK,Author Query 5-4,text,true,,263,155,10,70,http://localhost:8080/search?q=beauty&author=Oscar%20Wilde,92,0,0
1782356337754,228,HTTP Request,200,OK,Author Query 5-8,text,true,,263,155,10,70,http://localhost:8080/search?q=beauty&author=Oscar%20Wilde,228,0,0
1782356337888,95,HTTP Request,200,OK,Author Query 5-2,text,true,,263,155,10,70,http://localhost:8080/search?q=beauty&author=Oscar%20Wilde,95,0,0
1782356337802,182,HTTP Request,200,OK,Author Query 5-9,text,true,,263,155,10,70,http://localhost:8080/search?q=beauty&author=Oscar%20Wilde,182,0,0
1782356337908,81,HTTP Request,200,OK,Author Query 5-7,text,true,,263,155,10,70,http://localhost:8080/search?q=beauty&author=Oscar%20Wilde,81,0,0
1782356337889,101,HTTP Request,200,OK,Author Query 5-6,text,true,,263,155,10,70,http://localhost:8080/search?q=beauty&author=Oscar%20Wilde,101,0,0
1782356337889,136,HTTP Request,200,OK,Author Query 5-1,text,true,,263,155,10,70,http://localhost:8080/search?q=beauty&author=Oscar%20Wilde,136,0,0
1782356337904,149,HTTP Request,200,OK,Author Query 5-3,text,true,,263,155,10,70,http://localhost:8080/search?q=beauty&author=Oscar%20Wilde,149,0,0
1782356337904,185,HTTP Request,200,OK,Author Query 5-10,text,true,,263,155,10,70,http://localhost:8080/search?q=beauty&author=Oscar%20Wilde,185,0,0
1782356337982,134,HTTP Request,200,OK,Author Query 5-8,text,true,,263,155,10,70,http://localhost:8080/search?q=beauty&author=Oscar%20Wilde,134,0,0
1782356338025,110,HTTP Request,200,OK,Author Query 5-1,text,true,,263,155,10,70,http://localhost:8080/search?q=beauty&author=Oscar%20Wilde,110,0,0
1782356337982,155,HTTP Request,200,OK,Author Query 5-4,text,true,,263,155,10,70,http://localhost:8080/search?q=beauty&author=Oscar%20Wilde,155,0,0
1782356337990,148,HTTP Request,200,OK,Author Query 5-7,text,true,,263,155,10,70,http://localhost:8080/search?q=beauty&author=Oscar%20Wilde,148,0,0
1782356337991,169,HTTP Request,200,OK,Author Query 5-6,text,true,,263,155,10,70,http://localhost:8080/search?q=beauty&author=Oscar%20Wilde,169,0,0
1782356337983,177,HTTP Request,200,OK,Author Query 5-2,text,true,,263,155,10,70,http://localhost:8080/search?q=beauty&author=Oscar%20Wilde,177,0,0
1782356337985,175,HTTP Request,200,OK,Author Query 5-9,text,true,,263,155,10,70,http://localhost:8080/search?q=beauty&author=Oscar%20Wilde,175,0,0
1782356337971,190,HTTP Request,200,OK,Author Query 5-5,text,true,,263,155,10,70,http://localhost:8080/search?q=beauty&author=Oscar%20Wilde,190,0,0
1782356338089,98,HTTP Request,200,OK,Author Query 5-10,text,true,,263,155,10,70,http://localhost:8080/search?q=beauty&author=Oscar%20Wilde,98,0,0
1782356338053,165,HTTP Request,200,OK,Author Query 5-3,text,true,,263,155,10,70,http://localhost:8080/search?q=beauty&author=Oscar%20Wilde,165,0,0
1782356338117,125,HTTP Request,200,OK,Author Query 5-8,text,true,,263,155,10,70,http://localhost:8080/search?q=beauty&author=Oscar%20Wilde,125,0,0
1782356338161,118,HTTP Request,200,OK,Author Query 5-9,text,true,,263,155,10,70,http://localhost:8080/search?q=beauty&author=Oscar%20Wilde,118,0,0
1782356338135,146,HTTP Request,200,OK,Author Query 5-1,text,true,,263,155,10,70,http://localhost:8080/search?q=beauty&author=Oscar%20Wilde,146,0,0
1782356338138,235,HTTP Request,200,OK,Author Query 5-7,text,true,,263,155,10,70,http://localhost:8080/search?q=beauty&author=Oscar%20Wilde,235,0,0
1782356338137,244,HTTP Request,200,OK,Author Query 5-4,text,true,,263,155,10,70,http://localhost:8080/search?q=beauty&author=Oscar%20Wilde,244,0,0
1782356338161,259,HTTP Request,200,OK,Author Query 5-6,text,true,,263,155,10,70,http://localhost:8080/search?q=beauty&author=Oscar%20Wilde,259,0,0
1782356338243,219,HTTP Request,200,OK,Author Query 5-8,text,true,,263,155,10,70,http://localhost:8080/search?q=beauty&author=Oscar%20Wilde,219,0,0
1782356338280,182,HTTP Request,200,OK,Author Query 5-9,text,true,,263,155,10,70,http://localhost:8080/search?q=beauty&author=Oscar%20Wilde,182,0,0
1782356338281,198,HTTP Request,200,OK,Author Query 5-1,text,true,,263,155,10,70,http://localhost:8080/search?q=beauty&author=Oscar%20Wilde,198,0,0
1782356338187,300,HTTP Request,200,OK,Author Query 5-10,text,true,,263,155,10,70,http://localhost:8080/search?q=beauty&author=Oscar%20Wilde,300,0,0
1782356338161,326,HTTP Request,200,OK,Author Query 5-2,text,true,,263,155,10,70,http://localhost:8080/search?q=beauty&author=Oscar%20Wilde,326,0,0
1782356338162,327,HTTP Request,200,OK,Author Query 5-5,text,true,,263,155,10,70,http://localhost:8080/search?q=beauty&author=Oscar%20Wilde,327,0,0
1782356338219,280,HTTP Request,200,OK,Author Query 5-3,text,true,,263,155,10,70,http://localhost:8080/search?q=beauty&author=Oscar%20Wilde,280,0,0
1782356338421,139,HTTP Request,200,OK,Author Query 5-6,text,true,,263,155,10,70,http://localhost:8080/search?q=beauty&author=Oscar%20Wilde,139,0,0
1782356338382,234,HTTP Request,200,OK,Author Query 5-4,text,true,,263,155,10,70,http://localhost:8080/search?q=beauty&author=Oscar%20Wilde,234,0,0
1782356338499,142,HTTP Request,200,OK,Author Query 5-3,text,true,,263,155,10,70,http://localhost:8080/search?q=beauty&author=Oscar%20Wilde,142,0,0
1782356338374,298,HTTP Request,200,OK,Author Query 5-7,text,true,,263,155,10,70,http://localhost:8080/search?q=beauty&author=Oscar%20Wilde,298,0,0
1782356338463,236,HTTP Request,200,OK,Author Query 5-9,text,true,,263,155,10,70,http://localhost:8080/search?q=beauty&author=Oscar%20Wilde,236,0,0
1782356338560,159,HTTP Request,200,OK,Author Query 5-6,text,true,,263,155,10,70,http://localhost:8080/search?q=beauty&author=Oscar%20Wilde,159,0,0
1782356338490,231,HTTP Request,200,OK,Author Query 5-5,text,true,,263,155,10,70,http://localhost:8080/search?q=beauty&author=Oscar%20Wilde,231,0,0
1782356338488,233,HTTP Request,200,OK,Author Query 5-10,text,true,,263,155,10,70,http://localhost:8080/search?q=beauty&author=Oscar%20Wilde,233,0,0
1782356338488,234,HTTP Request,200,OK,Author Query 5-2,text,true,,263,155,10,70,http://localhost:8080/search?q=beauty&author=Oscar%20Wilde,234,0,0
1782356338462,260,HTTP Request,200,OK,Author Query 5-8,text,true,,263,155,10,70,http://localhost:8080/search?q=beauty&author=Oscar%20Wilde,260,0,0
1782356338480,316,HTTP Request,200,OK,Author Query 5-1,text,true,,263,155,10,70,http://localhost:8080/search?q=beauty&author=Oscar%20Wilde,316,0,0
1782356338641,167,HTTP Request,200,OK,Author Query 5-3,text,true,,263,155,10,70,http://localhost:8080/search?q=beauty&author=Oscar%20Wilde,167,0,0
1782356338673,248,HTTP Request,200,OK,Author Query 5-7,text,true,,263,155,10,70,http://localhost:8080/search?q=beauty&author=Oscar%20Wilde,248,0,0
1782356338700,224,HTTP Request,200,OK,Author Query 5-9,text,true,,263,155,10,70,http://localhost:8080/search?q=beauty&author=Oscar%20Wilde,224,0,0
1782356338617,354,HTTP Request,200,OK,Author Query 5-4,text,true,,263,155,10,70,http://localhost:8080/search?q=beauty&author=Oscar%20Wilde,354,0,0
1782356338722,251,HTTP Request,200,OK,Author Query 5-2,text,true,,263,155,10,70,http://localhost:8080/search?q=beauty&author=Oscar%20Wilde,251,0,0
1782356338722,252,HTTP Request,200,OK,Author Query 5-10,text,true,,263,155,10,70,http://localhost:8080/search?q=beauty&author=Oscar%20Wilde,252,0,0
1782356338722,252,HTTP Request,200,OK,Author Query 5-8,text,true,,263,155,10,70,http://localhost:8080/search?q=beauty&author=Oscar%20Wilde,252,0,0
1782356338720,293,HTTP Request,200,OK,Author Query 5-6,text,true,,263,155,10,70,http://localhost:8080/search?q=beauty&author=Oscar%20Wilde,293,0,0
1782356338721,292,HTTP Request,200,OK,Author Query 5-5,text,true,,263,155,10,70,http://localhost:8080/search?q=beauty&author=Oscar%20Wilde,292,0,0
1782356338922,128,HTTP Request,200,OK,Author Query 5-7,text,true,,263,155,10,70,http://localhost:8080/search?q=beauty&author=Oscar%20Wilde,128,0,0
1782356338809,242,HTTP Request,200,OK,Author Query 5-3,text,true,,263,155,10,70,http://localhost:8080/search?q=beauty&author=Oscar%20Wilde,242,0,0
1782356338925,126,HTTP Request,200,OK,Author Query 5-9,text,true,,263,155,10,70,http://localhost:8080/search?q=beauty&author=Oscar%20Wilde,126,0,0
1782356338975,132,HTTP Request,200,OK,Author Query 5-8,text,true,,263,155,10,70,http://localhost:8080/search?q=beauty&author=Oscar%20Wilde,132,0,0
1782356338796,328,HTTP Request,200,OK,Author Query 5-1,text,true,,263,155,10,70,http://localhost:8080/search?q=beauty&author=Oscar%20Wilde,328,0,0
1782356338972,169,HTTP Request,200,OK,Author Query 5-4,text,true,,263,155,10,70,http://localhost:8080/search?q=beauty&author=Oscar%20Wilde,169,0,0
1782356339014,141,HTTP Request,200,OK,Author Query 5-5,text,true,,263,155,10,70,http://localhost:8080/search?q=beauty&author=Oscar%20Wilde,141,0,0
1782356338973,182,HTTP Request,200,OK,Author Query 5-2,text,true,,263,155,10,70,http://localhost:8080/search?q=beauty&author=Oscar%20Wilde,182,0,0
1782356339051,118,HTTP Request,200,OK,Author Query 5-3,text,true,,263,155,10,70,http://localhost:8080/search?q=beauty&author=Oscar%20Wilde,118,0,0
1782356339051,119,HTTP Request,200,OK,Author Query 5-9,text,true,,263,155,10,70,http://localhost:8080/search?q=beauty&author=Oscar%20Wilde,119,0,0
1782356339050,123,HTTP Request,200,OK,Author Query 5-7,text,true,,263,155,10,70,http://localhost:8080/search?q=beauty&author=Oscar%20Wilde,123,0,0
1782356338974,225,HTTP Request,200,OK,Author Query 5-10,text,true,,263,155,10,70,http://localhost:8080/search?q=beauty&author=Oscar%20Wilde,225,0,0
1782356339013,187,HTTP Request,200,OK,Author Query 5-6,text,true,,263,155,10,70,http://localhost:8080/search?q=beauty&author=Oscar%20Wilde,187,0,0
1782356339156,110,HTTP Request,200,OK,Author Query 5-2,text,true,,263,155,10,70,http://localhost:8080/search?q=beauty&author=Oscar%20Wilde,110,0,0
1782356339155,112,HTTP Request,200,OK,Author Query 5-5,text,true,,263,155,10,70,http://localhost:8080/search?q=beauty&author=Oscar%20Wilde,112,0,0
1782356339169,99,HTTP Request,200,OK,Author Query 5-3,text,true,,263,155,10,70,http://localhost:8080/search?q=beauty&author=Oscar%20Wilde,99,0,0
1782356339171,101,HTTP Request,200,OK,Author Query 5-9,text,true,,263,155,10,70,http://localhost:8080/search?q=beauty&author=Oscar%20Wilde,101,0,0
1782356339199,102,HTTP Request,200,OK,Author Query 5-10,text,true,,263,155,10,70,http://localhost:8080/search?q=beauty&author=Oscar%20Wilde,102,0,0
1782356339107,205,HTTP Request,200,OK,Author Query 5-8,text,true,,263,155,10,70,http://localhost:8080/search?q=beauty&author=Oscar%20Wilde,205,0,0
1782356339141,171,HTTP Request,200,OK,Author Query 5-4,text,true,,263,155,10,70,http://localhost:8080/search?q=beauty&author=Oscar%20Wilde,171,0,0
1782356339173,156,HTTP Request,200,OK,Author Query 5-7,text,true,,263,155,10,70,http://localhost:8080/search?q=beauty&author=Oscar%20Wilde,156,0,0
1782356339125,215,HTTP Request,200,OK,Author Query 5-1,text,true,,263,155,10,70,http://localhost:8080/search?q=beauty&author=Oscar%20Wilde,215,0,0
1782356339200,161,HTTP Request,200,OK,Author Query 5-6,text,true,,263,155,10,70,http://localhost:8080/search?q=beauty&author=Oscar%20Wilde,161,0,0
1782356339272,89,HTTP Request,200,OK,Author Query 5-9,text,true,,263,155,10,70,http://localhost:8080/search?q=beauty&author=Oscar%20Wilde,89,0,0
1782356339268,188,HTTP Request,200,OK,Author Query 5-3,text,true,,263,155,10,70,http://localhost:8080/search?q=beauty&author=Oscar%20Wilde,188,0,0
1782356339268,189,HTTP Request,200,OK,Author Query 5-5,text,true,,263,155,10,70,http://localhost:8080/search?q=beauty&author=Oscar%20Wilde,189,0,0
1782356339302,179,HTTP Request,200,OK,Author Query 5-10,text,true,,263,155,10,70,http://localhost:8080/search?q=beauty&author=Oscar%20Wilde,179,0,0
1782356339267,216,HTTP Request,200,OK,Author Query 5-2,text,true,,263,155,10,70,http://localhost:8080/search?q=beauty&author=Oscar%20Wilde,216,0,0
1782356339361,133,HTTP Request,200,OK,Author Query 5-9,text,true,,263,155,10,70,http://localhost:8080/search?q=beauty&author=Oscar%20Wilde,133,0,0
1782356339312,191,HTTP Request,200,OK,Author Query 5-4,text,true,,263,155,10,70,http://localhost:8080/search?q=beauty&author=Oscar%20Wilde,191,0,0
1782356339341,167,HTTP Request,200,OK,Author Query 5-1,text,true,,263,155,10,70,http://localhost:8080/search?q=beauty&author=Oscar%20Wilde,167,0,0
1782356339361,157,HTTP Request,200,OK,Author Query 5-6,text,true,,263,155,10,70,http://localhost:8080/search?q=beauty&author=Oscar%20Wilde,157,0,0
1782356339312,226,HTTP Request,200,OK,Author Query 5-8,text,true,,263,155,10,70,http://localhost:8080/search?q=beauty&author=Oscar%20Wilde,226,0,0
1782356339330,228,HTTP Request,200,OK,Author Query 5-7,text,true,,263,155,10,70,http://localhost:8080/search?q=beauty&author=Oscar%20Wilde,228,0,0
1782356339457,102,HTTP Request,200,OK,Author Query 5-3,text,true,,263,155,10,70,http://localhost:8080/search?q=beauty&author=Oscar%20Wilde,102,0,0
1782356339457,103,HTTP Request,200,OK,Author Query 5-5,text,true,,263,155,10,70,http://localhost:8080/search?q=beauty&author=Oscar%20Wilde,103,0,0
1782356339494,71,HTTP Request,200,OK,Author Query 5-9,text,true,,263,155,10,70,http://localhost:8080/search?q=beauty&author=Oscar%20Wilde,71,0,0
1782356339482,83,HTTP Request,200,OK,Author Query 5-10,text,true,,263,155,10,70,http://localhost:8080/search?q=beauty&author=Oscar%20Wilde,83,0,0
1782356339504,82,HTTP Request,200,OK,Author Query 5-4,text,true,,263,155,10,70,http://localhost:8080/search?q=beauty&author=Oscar%20Wilde,82,0,0
1782356339509,78,HTTP Request,200,OK,Author Query 5-1,text,true,,263,155,10,70,http://localhost:8080/search?q=beauty&author=Oscar%20Wilde,78,0,0
1782356339483,117,HTTP Request,200,OK,Author Query 5-2,text,true,,263,155,10,70,http://localhost:8080/search?q=beauty&author=Oscar%20Wilde,117,0,0
1782356339559,74,HTTP Request,200,OK,Author Query 5-3,text,true,,263,155,10,70,http://localhost:8080/search?q=beauty&author=Oscar%20Wilde,74,0,0
1782356339518,115,HTTP Request,200,OK,Author Query 5-6,text,true,,263,155,10,70,http://localhost:8080/search?q=beauty&author=Oscar%20Wilde,115,0,0
1782356339539,111,HTTP Request,200,OK,Author Query 5-8,text,true,,263,155,10,70,http://localhost:8080/search?q=beauty&author=Oscar%20Wilde,111,0,0
1782356339586,105,HTTP Request,200,OK,Author Query 5-4,text,true,,263,155,10,70,http://localhost:8080/search?q=beauty&author=Oscar%20Wilde,105,0,0
1782356339588,110,HTTP Request,200,OK,Author Query 5-1,text,true,,263,155,10,70,http://localhost:8080/search?q=beauty&author=Oscar%20Wilde,110,0,0
1782356339600,100,HTTP Request,200,OK,Author Query 5-2,text,true,,263,155,10,70,http://localhost:8080/search?q=beauty&author=Oscar%20Wilde,100,0,0
1782356339565,147,HTTP Request,200,OK,Author Query 5-9,text,true,,263,155,10,70,http://localhost:8080/search?q=beauty&author=Oscar%20Wilde,147,0,0
1782356339633,79,HTTP Request,200,OK,Author Query 5-6,text,true,,263,155,10,70,http://localhost:8080/search?q=beauty&author=Oscar%20Wilde,79,0,0
1782356339633,89,HTTP Request,200,OK,Author Query 5-3,text,true,,263,155,10,70,http://localhost:8080/search?q=beauty&author=Oscar%20Wilde,89,0,0
1782356339558,184,HTTP Request,200,OK,Author Query 5-7,text,true,,263,155,10,70,http://localhost:8080/search?q=beauty&author=Oscar%20Wilde,184,0,0
1782356339565,181,HTTP Request,200,OK,Author Query 5-10,text,true,,263,155,10,70,http://localhost:8080/search?q=beauty&author=Oscar%20Wilde,181,0,0
1782356339560,191,HTTP Request,200,OK,Author Query 5-5,text,true,,263,155,10,70,http://localhost:8080/search?q=beauty&author=Oscar%20Wilde,191,0,0
1782356339650,116,HTTP Request,200,OK,Author Query 5-8,text,true,,263,155,10,70,http://localhost:8080/search?q=beauty&author=Oscar%20Wilde,116,0,0
1782356339691,101,HTTP Request,200,OK,Author Query 5-4,text,true,,263,155,10,70,http://localhost:8080/search?q=beauty&author=Oscar%20Wilde,101,0,0
1782356339712,86,HTTP Request,200,OK,Author Query 5-9,text,true,,263,155,10,70,http://localhost:8080/search?q=beauty&author=Oscar%20Wilde,86,0,0
1782356339700,98,HTTP Request,200,OK,Author Query 5-2,text,true,,263,155,10,70,http://localhost:8080/search?q=beauty&author=Oscar%20Wilde,98,0,0
1782356339699,103,HTTP Request,200,OK,Author Query 5-1,text,true,,263,155,10,70,http://localhost:8080/search?q=beauty&author=Oscar%20Wilde,103,0,0
1782356339712,92,HTTP Request,200,OK,Author Query 5-6,text,true,,263,155,10,70,http://localhost:8080/search?q=beauty&author=Oscar%20Wilde,92,0,0
1782356339723,96,HTTP Request,200,OK,Author Query 5-3,text,true,,263,155,10,70,http://localhost:8080/search?q=beauty&author=Oscar%20Wilde,96,0,0
1782356339752,68,HTTP Request,200,OK,Author Query 5-5,text,true,,263,155,10,70,http://localhost:8080/search?q=beauty&author=Oscar%20Wilde,68,0,0
1782356339766,88,HTTP Request,200,OK,Author Query 5-8,text,true,,263,155,10,70,http://localhost:8080/search?q=beauty&author=Oscar%20Wilde,88,0,0
1782356339793,71,HTTP Request,200,OK,Author Query 5-4,text,true,,263,155,10,70,http://localhost:8080/search?q=beauty&author=Oscar%20Wilde,71,0,0
1782356339747,118,HTTP Request,200,OK,Author Query 5-10,text,true,,263,155,10,70,http://localhost:8080/search?q=beauty&author=Oscar%20Wilde,118,0,0
1782356339798,72,HTTP Request,200,OK,Author Query 5-2,text,true,,263,155,10,70,http://localhost:8080/search?q=beauty&author=Oscar%20Wilde,72,0,0
1782356339742,131,HTTP Request,200,OK,Author Query 5-7,text,true,,263,155,10,70,http://localhost:8080/search?q=beauty&author=Oscar%20Wilde,131,0,0
1782356339820,78,HTTP Request,200,OK,Author Query 5-3,text,true,,263,155,10,70,http://localhost:8080/search?q=beauty&author=Oscar%20Wilde,78,0,0
1782356339821,153,HTTP Request,200,OK,Author Query 5-5,text,true,,263,155,10,70,http://localhost:8080/search?q=beauty&author=Oscar%20Wilde,153,0,0
1782356339798,191,HTTP Request,200,OK,Author Query 5-9,text,true,,263,155,10,70,http://localhost:8080/search?q=beauty&author=Oscar%20Wilde,191,0,0
1782356339802,189,HTTP Request,200,OK,Author Query 5-1,text,true,,263,155,10,70,http://localhost:8080/search?q=beauty&author=Oscar%20Wilde,189,0,0
1782356339805,187,HTTP Request,200,OK,Author Query 5-6,text,true,,263,155,10,70,http://localhost:8080/search?q=beauty&author=Oscar%20Wilde,187,0,0
1782356339866,172,HTTP Request,200,OK,Author Query 5-10,text,true,,263,155,10,70,http://localhost:8080/search?q=beauty&author=Oscar%20Wilde,172,0,0
1782356339898,142,HTTP Request,200,OK,Author Query 5-3,text,true,,263,155,10,70,http://localhost:8080/search?q=beauty&author=Oscar%20Wilde,142,0,0
1782356339865,177,HTTP Request,200,OK,Author Query 5-4,text,true,,263,155,10,70,http://localhost:8080/search?q=beauty&author=Oscar%20Wilde,177,0,0
1782356339854,188,HTTP Request,200,OK,Author Query 5-8,text,true,,263,155,10,70,http://localhost:8080/search?q=beauty&author=Oscar%20Wilde,188,0,0
1782356339873,173,HTTP Request,200,OK,Author Query 5-7,text,true,,263,155,10,70,http://localhost:8080/search?q=beauty&author=Oscar%20Wilde,173,0,0
1782356339870,179,HTTP Request,200,OK,Author Query 5-2,text,true,,263,155,10,70,http://localhost:8080/search?q=beauty&author=Oscar%20Wilde,179,0,0
1782356339975,95,HTTP Request,200,OK,Author Query 5-5,text,true,,263,155,10,70,http://localhost:8080/search?q=beauty&author=Oscar%20Wilde,95,0,0
1782356339992,86,HTTP Request,200,OK,Author Query 5-6,text,true,,263,155,10,70,http://localhost:8080/search?q=beauty&author=Oscar%20Wilde,86,0,0
1782356339990,106,HTTP Request,200,OK,Author Query 5-9,text,true,,263,155,10,70,http://localhost:8080/search?q=beauty&author=Oscar%20Wilde,106,0,0
1782356339995,106,HTTP Request,200,OK,Author Query 5-1,text,true,,263,155,10,70,http://localhost:8080/search?q=beauty&author=Oscar%20Wilde,106,0,0
1782356340038,88,HTTP Request,200,OK,Author Query 5-10,text,true,,263,155,10,70,http://localhost:8080/search?q=beauty&author=Oscar%20Wilde,88,0,0
1782356340040,97,HTTP Request,200,OK,Author Query 5-3,text,true,,263,155,10,70,http://localhost:8080/search?q=beauty&author=Oscar%20Wilde,97,0,0
1782356340042,97,HTTP Request,200,OK,Author Query 5-4,text,true,,263,155,10,70,http://localhost:8080/search?q=beauty&author=Oscar%20Wilde,97,0,0
1782356340042,97,HTTP Request,200,OK,Author Query 5-8,text,true,,263,155,10,70,http://localhost:8080/search?q=beauty&author=Oscar%20Wilde,97,0,0
1782356340049,113,HTTP Request,200,OK,Author Query 5-2,text,true,,263,155,10,70,http://localhost:8080/search?q=beauty&author=Oscar%20Wilde,113,0,0
1782356340047,123,HTTP Request,200,OK,Author Query 5-7,text,true,,263,155,10,70,http://localhost:8080/search?q=beauty&author=Oscar%20Wilde,123,0,0
1782356340070,102,HTTP Request,200,OK,Author Query 5-5,text,true,,263,155,10,70,http://localhost:8080/search?q=beauty&author=Oscar%20Wilde,102,0,0
1782356340101,91,HTTP Request,200,OK,Author Query 5-1,text,true,,263,155,10,70,http://localhost:8080/search?q=beauty&author=Oscar%20Wilde,91,0,0
1782356340078,124,HTTP Request,200,OK,Author Query 5-6,text,true,,263,155,10,70,http://localhost:8080/search?q=beauty&author=Oscar%20Wilde,124,0,0
1782356340097,106,HTTP Request,200,OK,Author Query 5-9,text,true,,263,155,10,70,http://localhost:8080/search?q=beauty&author=Oscar%20Wilde,105,0,0
1782356340127,101,HTTP Request,200,OK,Author Query 5-10,text,true,,263,155,10,70,http://localhost:8080/search?q=beauty&author=Oscar%20Wilde,101,0,0
1782356340139,115,HTTP Request,200,OK,Author Query 5-4,text,true,,263,155,10,70,http://localhost:8080/search?q=beauty&author=Oscar%20Wilde,115,0,0
1782356340138,116,HTTP Request,200,OK,Author Query 5-3,text,true,,263,155,10,70,http://localhost:8080/search?q=beauty&author=Oscar%20Wilde,116,0,0
1782356340139,116,HTTP Request,200,OK,Author Query 5-8,text,true,,263,155,10,70,http://localhost:8080/search?q=beauty&author=Oscar%20Wilde,116,0,0
1782356340202,97,HTTP Request,200,OK,Author Query 5-6,text,true,,263,155,10,70,http://localhost:8080/search?q=beauty&author=Oscar%20Wilde,97,0,0
1782356340203,129,HTTP Request,200,OK,Author Query 5-9,text,true,,263,155,10,70,http://localhost:8080/search?q=beauty&author=Oscar%20Wilde,129,0,0
1782356340170,164,HTTP Request,200,OK,Author Query 5-7,text,true,,263,155,10,70,http://localhost:8080/search?q=beauty&author=Oscar%20Wilde,164,0,0
1782356340172,162,HTTP Request,200,OK,Author Query 5-5,text,true,,263,155,10,70,http://localhost:8080/search?q=beauty&author=Oscar%20Wilde,162,0,0
1782356340163,172,HTTP Request,200,OK,Author Query 5-2,text,true,,263,155,10,70,http://localhost:8080/search?q=beauty&author=Oscar%20Wilde,172,0,0
1782356340228,153,HTTP Request,200,OK,Author Query 5-10,text,true,,263,155,10,70,http://localhost:8080/search?q=beauty&author=Oscar%20Wilde,153,0,0
1782356340192,196,HTTP Request,200,OK,Author Query 5-1,text,true,,263,155,10,70,http://localhost:8080/search?q=beauty&author=Oscar%20Wilde,196,0,0
1782356340299,133,HTTP Request,200,OK,Author Query 5-6,text,true,,263,155,10,70,http://localhost:8080/search?q=beauty&author=Oscar%20Wilde,133,0,0
1782356340255,179,HTTP Request,200,OK,Author Query 5-4,text,true,,263,155,10,70,http://localhost:8080/search?q=beauty&author=Oscar%20Wilde,179,0,0
1782356340335,133,HTTP Request,200,OK,Author Query 5-2,text,true,,263,155,10,70,http://localhost:8080/search?q=beauty&author=Oscar%20Wilde,133,0,0
1782356340334,156,HTTP Request,200,OK,Author Query 5-5,text,true,,263,155,10,70,http://localhost:8080/search?q=beauty&author=Oscar%20Wilde,156,0,0
1782356340255,240,HTTP Request,200,OK,Author Query 5-3,text,true,,263,155,10,70,http://localhost:8080/search?q=beauty&author=Oscar%20Wilde,240,0,0
1782356340256,240,HTTP Request,200,OK,Author Query 5-8,text,true,,263,155,10,70,http://localhost:8080/search?q=beauty&author=Oscar%20Wilde,240,0,0
1782356340332,199,HTTP Request,200,OK,Author Query 5-9,text,true,,263,155,10,70,http://localhost:8080/search?q=beauty&author=Oscar%20Wilde,199,0,0
1782356340381,208,HTTP Request,200,OK,Author Query 5-10,text,true,,263,155,10,70,http://localhost:8080/search?q=beauty&author=Oscar%20Wilde,208,0,0
1782356340334,274,HTTP Request,200,OK,Author Query 5-7,text,true,,263,155,10,70,http://localhost:8080/search?q=beauty&author=Oscar%20Wilde,274,0,0
1782356340433,175,HTTP Request,200,OK,Author Query 5-6,text,true,,263,155,10,70,http://localhost:8080/search?q=beauty&author=Oscar%20Wilde,175,0,0
1782356340389,219,HTTP Request,200,OK,Author Query 5-1,text,true,,263,155,10,70,http://localhost:8080/search?q=beauty&author=Oscar%20Wilde,219,0,0
1782356340435,174,HTTP Request,200,OK,Author Query 5-4,text,true,,263,155,10,70,http://localhost:8080/search?q=beauty&author=Oscar%20Wilde,174,0,0
1782356340469,140,HTTP Request,200,OK,Author Query 5-2,text,true,,263,155,10,70,http://localhost:8080/search?q=beauty&author=Oscar%20Wilde,140,0,0
1782356340491,180,HTTP Request,200,OK,Author Query 5-5,text,true,,263,155,10,70,http://localhost:8080/search?q=beauty&author=Oscar%20Wilde,180,0,0
1782356340496,186,HTTP Request,200,OK,Author Query 5-8,text,true,,263,155,10,70,http://localhost:8080/search?q=beauty&author=Oscar%20Wilde,186,0,0
1782356340589,118,HTTP Request,200,OK,Author Query 5-10,text,true,,263,155,10,70,http://localhost:8080/search?q=beauty&author=Oscar%20Wilde,118,0,0
1782356340609,106,HTTP Request,200,OK,Author Query 5-4,text,true,,263,155,10,70,http://localhost:8080/search?q=beauty&author=Oscar%20Wilde,106,0,0
1782356340608,131,HTTP Request,200,OK,Author Query 5-1,text,true,,263,155,10,70,http://localhost:8080/search?q=beauty&author=Oscar%20Wilde,131,0,0
1782356340496,247,HTTP Request,200,OK,Author Query 5-3,text,true,,263,155,10,70,http://localhost:8080/search?q=beauty&author=Oscar%20Wilde,247,0,0
1782356340532,211,HTTP Request,200,OK,Author Query 5-9,text,true,,263,155,10,70,http://localhost:8080/search?q=beauty&author=Oscar%20Wilde,211,0,0
1782356340708,78,HTTP Request,200,OK,Author Query 5-10,text,true,,263,155,10,70,http://localhost:8080/search?q=beauty&author=Oscar%20Wilde,78,0,0
1782356340609,224,HTTP Request,200,OK,Author Query 5-2,text,true,,263,155,10,70,http://localhost:8080/search?q=beauty&author=Oscar%20Wilde,224,0,0
1782356340608,226,HTTP Request,200,OK,Author Query 5-7,text,true,,263,155,10,70,http://localhost:8080/search?q=beauty&author=Oscar%20Wilde,226,0,0
1782356340608,241,HTTP Request,200,OK,Author Query 5-6,text,true,,263,155,10,70,http://localhost:8080/search?q=beauty&author=Oscar%20Wilde,241,0,0
1782356340672,198,HTTP Request,200,OK,Author Query 5-5,text,true,,263,155,10,70,http://localhost:8080/search?q=beauty&author=Oscar%20Wilde,198,0,0
1782356340682,222,HTTP Request,200,OK,Author Query 5-8,text,true,,263,155,10,70,http://localhost:8080/search?q=beauty&author=Oscar%20Wilde,222,0,0
1782356340743,176,HTTP Request,200,OK,Author Query 5-3,text,true,,263,155,10,70,http://localhost:8080/search?q=beauty&author=Oscar%20Wilde,176,0,0
1782356340740,181,HTTP Request,200,OK,Author Query 5-1,text,true,,263,155,10,70,http://localhost:8080/search?q=beauty&author=Oscar%20Wilde,181,0,0
1782356340715,208,HTTP Request,200,OK,Author Query 5-4,text,true,,263,155,10,70,http://localhost:8080/search?q=beauty&author=Oscar%20Wilde,208,0,0
1782356340744,179,HTTP Request,200,OK,Author Query 5-9,text,true,,263,155,10,70,http://localhost:8080/search?q=beauty&author=Oscar%20Wilde,179,0,0
1782356340786,255,HTTP Request,200,OK,Author Query 5-10,text,true,,263,155,10,70,http://localhost:8080/search?q=beauty&author=Oscar%20Wilde,255,0,0
1782356340834,235,HTTP Request,200,OK,Author Query 5-7,text,true,,263,155,10,70,http://localhost:8080/search?q=beauty&author=Oscar%20Wilde,235,0,0
1782356340833,240,HTTP Request,200,OK,Author Query 5-2,text,true,,263,155,10,70,http://localhost:8080/search?q=beauty&author=Oscar%20Wilde,240,0,0
1782356340850,228,HTTP Request,200,OK,Author Query 5-6,text,true,,263,155,10,70,http://localhost:8080/search?q=beauty&author=Oscar%20Wilde,228,0,0
1782356340923,252,HTTP Request,200,OK,Author Query 5-9,text,true,,263,155,10,70,http://localhost:8080/search?q=beauty&author=Oscar%20Wilde,252,0,0
1782356340919,260,HTTP Request,200,OK,Author Query 5-3,text,true,,263,155,10,70,http://localhost:8080/search?q=beauty&author=Oscar%20Wilde,260,0,0
1782356340923,256,HTTP Request,200,OK,Author Query 5-4,text,true,,263,155,10,70,http://localhost:8080/search?q=beauty&author=Oscar%20Wilde,256,0,0
1782356340923,257,HTTP Request,200,OK,Author Query 5-1,text,true,,263,155,10,70,http://localhost:8080/search?q=beauty&author=Oscar%20Wilde,257,0,0
1782356340905,280,HTTP Request,200,OK,Author Query 5-8,text,true,,263,155,10,70,http://localhost:8080/search?q=beauty&author=Oscar%20Wilde,280,0,0
1782356340870,320,HTTP Request,200,OK,Author Query 5-5,text,true,,263,155,10,70,http://localhost:8080/search?q=beauty&author=Oscar%20Wilde,320,0,0
1782356341042,205,HTTP Request,200,OK,Author Query 5-10,text,true,,263,155,10,70,http://localhost:8080/search?q=beauty&author=Oscar%20Wilde,205,0,0
1782356341078,224,HTTP Request,200,OK,Author Query 5-6,text,true,,263,155,10,70,http://localhost:8080/search?q=beauty&author=Oscar%20Wilde,224,0,0
1782356341073,260,HTTP Request,200,OK,Author Query 5-2,text,true,,263,155,10,70,http://localhost:8080/search?q=beauty&author=Oscar%20Wilde,260,0,0
1782356341179,156,HTTP Request,200,OK,Author Query 5-3,text,true,,263,155,10,70,http://localhost:8080/search?q=beauty&author=Oscar%20Wilde,156,0,0
1782356341069,279,HTTP Request,200,OK,Author Query 5-7,text,true,,263,155,10,70,http://localhost:8080/search?q=beauty&author=Oscar%20Wilde,279,0,0
1782356341179,239,HTTP Request,200,OK,Author Query 5-4,text,true,,263,155,10,70,http://localhost:8080/search?q=beauty&author=Oscar%20Wilde,239,0,0
1782356341175,243,HTTP Request,200,OK,Author Query 5-9,text,true,,263,155,10,70,http://localhost:8080/search?q=beauty&author=Oscar%20Wilde,243,0,0
1782356341180,238,HTTP Request,200,OK,Author Query 5-1,text,true,,263,155,10,70,http://localhost:8080/search?q=beauty&author=Oscar%20Wilde,238,0,0
1782356341185,237,HTTP Request,200,OK,Author Query 5-8,text,true,,263,155,10,70,http://localhost:8080/search?q=beauty&author=Oscar%20Wilde,237,0,0
1782356341335,152,HTTP Request,200,OK,Author Query 5-3,text,true,,263,155,10,70,http://localhost:8080/search?q=beauty&author=Oscar%20Wilde,152,0,0
1782356341190,351,HTTP Request,200,OK,Author Query 5-5,text,true,,263,155,10,70,http://localhost:8080/search?q=beauty&author=Oscar%20Wilde,351,0,0
1782356341248,298,HTTP Request,200,OK,Author Query 5-10,text,true,,263,155,10,70,http://localhost:8080/search?q=beauty&author=Oscar%20Wilde,298,0,0
1782356341348,214,HTTP Request,200,OK,Author Query 5-7,text,true,,263,155,10,70,http://localhost:8080/search?q=beauty&author=Oscar%20Wilde,214,0,0
1782356341303,330,HTTP Request,200,OK,Author Query 5-6,text,true,,263,155,10,70,http://localhost:8080/search?q=beauty&author=Oscar%20Wilde,330,0,0
1782356341334,299,HTTP Request,200,OK,Author Query 5-2,text,true,,263,155,10,70,http://localhost:8080/search?q=beauty&author=Oscar%20Wilde,299,0,0
1782356341418,239,HTTP Request,200,OK,Author Query 5-9,text,true,,263,155,10,70,http://localhost:8080/search?q=beauty&author=Oscar%20Wilde,239,0,0
1782356341418,240,HTTP Request,200,OK,Author Query 5-4,text,true,,263,155,10,70,http://localhost:8080/search?q=beauty&author=Oscar%20Wilde,240,0,0
1782356341487,174,HTTP Request,200,OK,Author Query 5-3,text,true,,263,155,10,70,http://localhost:8080/search?q=beauty&author=Oscar%20Wilde,174,0,0
1782356341423,239,HTTP Request,200,OK,Author Query 5-8,text,true,,263,155,10,70,http://localhost:8080/search?q=beauty&author=Oscar%20Wilde,239,0,0
1782356341419,243,HTTP Request,200,OK,Author Query 5-1,text,true,,263,155,10,70,http://localhost:8080/search?q=beauty&author=Oscar%20Wilde,243,0,0
1782356341633,121,HTTP Request,200,OK,Author Query 5-6,text,true,,263,155,10,70,http://localhost:8080/search?q=beauty&author=Oscar%20Wilde,121,0,0
1782356341657,148,HTTP Request,200,OK,Author Query 5-9,text,true,,263,155,10,70,http://localhost:8080/search?q=beauty&author=Oscar%20Wilde,148,0,0
1782356341662,162,HTTP Request,200,OK,Author Query 5-8,text,true,,263,155,10,70,http://localhost:8080/search?q=beauty&author=Oscar%20Wilde,162,0,0
1782356341658,166,HTTP Request,200,OK,Author Query 5-4,text,true,,263,155,10,70,http://localhost:8080/search?q=beauty&author=Oscar%20Wilde,166,0,0
1782356341662,163,HTTP Request,200,OK,Author Query 5-3,text,true,,263,155,10,70,http://localhost:8080/search?q=beauty&author=Oscar%20Wilde,163,0,0
1782356341663,165,HTTP Request,200,OK,Author Query 5-1,text,true,,263,155,10,70,http://localhost:8080/search?q=beauty&author=Oscar%20Wilde,165,0,0
1782356341547,297,HTTP Request,200,OK,Author Query 5-10,text,true,,263,155,10,70,http://localhost:8080/search?q=beauty&author=Oscar%20Wilde,297,0,0
1782356341562,284,HTTP Request,200,OK,Author Query 5-7,text,true,,263,155,10,70,http://localhost:8080/search?q=beauty&author=Oscar%20Wilde,284,0,0
1782356341541,307,HTTP Request,200,OK,Author Query 5-5,text,true,,263,155,10,70,http://localhost:8080/search?q=beauty&author=Oscar%20Wilde,307,0,0
1782356341633,222,HTTP Request,200,OK,Author Query 5-2,text,true,,263,155,10,70,http://localhost:8080/search?q=beauty&author=Oscar%20Wilde,222,0,0
1782356341756,153,HTTP Request,200,OK,Author Query 5-6,text,true,,263,155,10,70,http://localhost:8080/search?q=beauty&author=Oscar%20Wilde,153,0,0
1782356341825,100,HTTP Request,200,OK,Author Query 5-3,text,true,,263,155,10,70,http://localhost:8080/search?q=beauty&author=Oscar%20Wilde,100,0,0
1782356341846,129,HTTP Request,200,OK,Author Query 5-7,text,true,,263,155,10,70,http://localhost:8080/search?q=beauty&author=Oscar%20Wilde,129,0,0
1782356341845,153,HTTP Request,200,OK,Author Query 5-10,text,true,,263,155,10,70,http://localhost:8080/search?q=beauty&author=Oscar%20Wilde,153,0,0
1782356341805,244,HTTP Request,200,OK,Author Query 5-9,text,true,,263,155,10,70,http://localhost:8080/search?q=beauty&author=Oscar%20Wilde,244,0,0
1782356341848,202,HTTP Request,200,OK,Author Query 5-5,text,true,,263,155,10,70,http://localhost:8080/search?q=beauty&author=Oscar%20Wilde,202,0,0
1782356341824,240,HTTP Request,200,OK,Author Query 5-4,text,true,,263,155,10,70,http://localhost:8080/search?q=beauty&author=Oscar%20Wilde,240,0,0
1782356341856,209,HTTP Request,200,OK,Author Query 5-2,text,true,,263,155,10,70,http://localhost:8080/search?q=beauty&author=Oscar%20Wilde,209,0,0
1782356341824,242,HTTP Request,200,OK,Author Query 5-8,text,true,,263,155,10,70,http://localhost:8080/search?q=beauty&author=Oscar%20Wilde,242,0,0
1782356341829,243,HTTP Request,200,OK,Author Query 5-1,text,true,,263,155,10,70,http://localhost:8080/search?q=beauty&author=Oscar%20Wilde,243,0,0
1782356341910,201,HTTP Request,200,OK,Author Query 5-6,text,true,,263,155,10,70,http://localhost:8080/search?q=beauty&author=Oscar%20Wilde,201,0,0
1782356341975,184,HTTP Request,200,OK,Author Query 5-7,text,true,,263,155,10,70,http://localhost:8080/search?q=beauty&author=Oscar%20Wilde,184,0,0
1782356341999,163,HTTP Request,200,OK,Author Query 5-10,text,true,,263,155,10,70,http://localhost:8080/search?q=beauty&author=Oscar%20Wilde,163,0,0
1782356342049,132,HTTP Request,200,OK,Author Query 5-9,text,true,,263,155,10,70,http://localhost:8080/search?q=beauty&author=Oscar%20Wilde,132,0,0
1782356342072,182,HTTP Request,200,OK,Author Query 5-1,text,true,,263,155,10,70,http://localhost:8080/search?q=beauty&author=Oscar%20Wilde,182,0,0
1782356342111,145,HTTP Request,200,OK,Author Query 5-6,text,true,,263,155,10,70,http://localhost:8080/search?q=beauty&author=Oscar%20Wilde,145,0,0
1782356342050,217,HTTP Request,200,OK,Author Query 5-5,text,true,,263,155,10,70,http://localhost:8080/search?q=beauty&author=Oscar%20Wilde,217,0,0
1782356342066,203,HTTP Request,200,OK,Author Query 5-2,text,true,,263,155,10,70,http://localhost:8080/search?q=beauty&author=Oscar%20Wilde,203,0,0
1782356341925,344,HTTP Request,200,OK,Author Query 5-3,text,true,,263,155,10,70,http://localhost:8080/search?q=beauty&author=Oscar%20Wilde,344,0,0
1782356342160,141,HTTP Request,200,OK,Author Query 5-7,text,true,,263,155,10,70,http://localhost:8080/search?q=beauty&author=Oscar%20Wilde,141,0,0
1782356342162,141,HTTP Request,200,OK,Author Query 5-10,text,true,,263,155,10,70,http://localhost:8080/search?q=beauty&author=Oscar%20Wilde,141,0,0
1782356342065,243,HTTP Request,200,OK,Author Query 5-4,text,true,,263,155,10,70,http://localhost:8080/search?q=beauty&author=Oscar%20Wilde,243,0,0
1782356342066,243,HTTP Request,200,OK,Author Query 5-8,text,true,,263,155,10,70,http://localhost:8080/search?q=beauty&author=Oscar%20Wilde,243,0,0
1782356342182,127,HTTP Request,200,OK,Author Query 5-9,text,true,,263,155,10,70,http://localhost:8080/search?q=beauty&author=Oscar%20Wilde,127,0,0
1782356342256,170,HTTP Request,200,OK,Author Query 5-6,text,true,,263,155,10,70,http://localhost:8080/search?q=beauty&author=Oscar%20Wilde,170,0,0
1782356342270,158,HTTP Request,200,OK,Author Query 5-3,text,true,,263,155,10,70,http://localhost:8080/search?q=beauty&author=Oscar%20Wilde,158,0,0
1782356342267,162,HTTP Request,200,OK,Author Query 5-5,text,true,,263,155,10,70,http://localhost:8080/search?q=beauty&author=Oscar%20Wilde,162,0,0
1782356342303,188,HTTP Request,200,OK,Author Query 5-10,text,true,,263,155,10,70,http://localhost:8080/search?q=beauty&author=Oscar%20Wilde,188,0,0
1782356342309,187,HTTP Request,200,OK,Author Query 5-8,text,true,,263,155,10,70,http://localhost:8080/search?q=beauty&author=Oscar%20Wilde,187,0,0
1782356342301,200,HTTP Request,200,OK,Author Query 5-7,text,true,,263,155,10,70,http://localhost:8080/search?q=beauty&author=Oscar%20Wilde,200,0,0
1782356342255,271,HTTP Request,200,OK,Author Query 5-1,text,true,,263,155,10,70,http://localhost:8080/search?q=beauty&author=Oscar%20Wilde,271,0,0
1782356342270,354,HTTP Request,200,OK,Author Query 5-2,text,true,,263,155,10,70,http://localhost:8080/search?q=beauty&author=Oscar%20Wilde,354,0,0
1782356342308,348,HTTP Request,200,OK,Author Query 5-4,text,true,,263,155,10,70,http://localhost:8080/search?q=beauty&author=Oscar%20Wilde,348,0,0
1782356342309,347,HTTP Request,200,OK,Author Query 5-9,text,true,,263,155,10,70,http://localhost:8080/search?q=beauty&author=Oscar%20Wilde,347,0,0
1782356342501,187,HTTP Request,200,OK,Author Query 5-7,text,true,,263,155,10,70,http://localhost:8080/search?q=beauty&author=Oscar%20Wilde,187,0,0
1782356342492,201,HTTP Request,200,OK,Author Query 5-10,text,true,,263,155,10,70,http://localhost:8080/search?q=beauty&author=Oscar%20Wilde,201,0,0
1782356342528,167,HTTP Request,200,OK,Author Query 5-1,text,true,,263,155,10,70,http://localhost:8080/search?q=beauty&author=Oscar%20Wilde,167,0,0
1782356342499,198,HTTP Request,200,OK,Author Query 5-8,text,true,,263,155,10,70,http://localhost:8080/search?q=beauty&author=Oscar%20Wilde,198,0,0
1782356342429,289,HTTP Request,200,OK,Author Query 5-3,text,true,,263,155,10,70,http://localhost:8080/search?q=beauty&author=Oscar%20Wilde,289,0,0
1782356342427,445,HTTP Request,200,OK,Author Query 5-6,text,true,,263,155,10,70,http://localhost:8080/search?q=beauty&author=Oscar%20Wilde,445,0,0
1782356342430,448,HTTP Request,200,OK,Author Query 5-5,text,true,,263,155,10,70,http://localhost:8080/search?q=beauty&author=Oscar%20Wilde,448,0,0
1782356342624,282,HTTP Request,200,OK,Author Query 5-2,text,true,,263,155,10,70,http://localhost:8080/search?q=beauty&author=Oscar%20Wilde,282,0,0
1782356342688,259,HTTP Request,200,OK,Author Query 5-7,text,true,,263,155,10,70,http://localhost:8080/search?q=beauty&author=Oscar%20Wilde,259,0,0
1782356342694,256,HTTP Request,200,OK,Author Query 5-10,text,true,,263,155,10,70,http://localhost:8080/search?q=beauty&author=Oscar%20Wilde,256,0,0
1782356342695,274,HTTP Request,200,OK,Author Query 5-1,text,true,,263,155,10,70,http://localhost:8080/search?q=beauty&author=Oscar%20Wilde,274,0,0
1782356342718,254,HTTP Request,200,OK,Author Query 5-3,text,true,,263,155,10,70,http://localhost:8080/search?q=beauty&author=Oscar%20Wilde,254,0,0
1782356342656,340,HTTP Request,200,OK,Author Query 5-4,text,true,,263,155,10,70,http://localhost:8080/search?q=beauty&author=Oscar%20Wilde,340,0,0
1782356342657,339,HTTP Request,200,OK,Author Query 5-9,text,true,,263,155,10,70,http://localhost:8080/search?q=beauty&author=Oscar%20Wilde,339,0,0
1782356342697,315,HTTP Request,200,OK,Author Query 5-8,text,true,,263,155,10,70,http://localhost:8080/search?q=beauty&author=Oscar%20Wilde,315,0,0
1782356342878,236,HTTP Request,200,OK,Author Query 5-5,text,true,,263,155,10,70,http://localhost:8080/search?q=beauty&author=Oscar%20Wilde,236,0,0
1782356342873,250,HTTP Request,200,OK,Author Query 5-6,text,true,,263,155,10,70,http://localhost:8080/search?q=beauty&author=Oscar%20Wilde,250,0,0
1782356342950,179,HTTP Request,200,OK,Author Query 5-10,text,true,,263,155,10,70,http://localhost:8080/search?q=beauty&author=Oscar%20Wilde,179,0,0
1782356342970,217,HTTP Request,200,OK,Author Query 5-1,text,true,,263,155,10,70,http://localhost:8080/search?q=beauty&author=Oscar%20Wilde,217,0,0
1782356342972,223,HTTP Request,200,OK,Author Query 5-3,text,true,,263,155,10,70,http://localhost:8080/search?q=beauty&author=Oscar%20Wilde,223,0,0
1782356342947,249,HTTP Request,200,OK,Author Query 5-7,text,true,,263,155,10,70,http://localhost:8080/search?q=beauty&author=Oscar%20Wilde,249,0,0
1782356342906,302,HTTP Request,200,OK,Author Query 5-2,text,true,,263,155,10,70,http://localhost:8080/search?q=beauty&author=Oscar%20Wilde,302,0,0
1782356342996,266,HTTP Request,200,OK,Author Query 5-9,text,true,,263,155,10,70,http://localhost:8080/search?q=beauty&author=Oscar%20Wilde,266,0,0
1782356343013,257,HTTP Request,200,OK,Author Query 5-8,text,true,,263,155,10,70,http://localhost:8080/search?q=beauty&author=Oscar%20Wilde,257,0,0
1782356342996,310,HTTP Request,200,OK,Author Query 5-4,text,true,,263,155,10,70,http://localhost:8080/search?q=beauty&author=Oscar%20Wilde,310,0,0
1782356343115,218,HTTP Request,200,OK,Author Query 5-5,text,true,,263,155,10,70,http://localhost:8080/search?q=beauty&author=Oscar%20Wilde,218,0,0
1782356343196,139,HTTP Request,200,OK,Author Query 5-7,text,true,,263,155,10,70,http://localhost:8080/search?q=beauty&author=Oscar%20Wilde,139,0,0
1782356343125,225,HTTP Request,200,OK,Author Query 5-6,text,true,,263,155,10,70,http://localhost:8080/search?q=beauty&author=Oscar%20Wilde,225,0,0
1782356343129,223,HTTP Request,200,OK,Author Query 5-10,text,true,,263,155,10,70,http://localhost:8080/search?q=beauty&author=Oscar%20Wilde,223,0,0
1782356343195,160,HTTP Request,200,OK,Author Query 5-3,text,true,,263,155,10,70,http://localhost:8080/search?q=beauty&author=Oscar%20Wilde,160,0,0
1782356343208,147,HTTP Request,200,OK,Author Query 5-2,text,true,,263,155,10,70,http://localhost:8080/search?q=beauty&author=Oscar%20Wilde,147,0,0
1782356343187,172,HTTP Request,200,OK,Author Query 5-1,text,true,,263,155,10,70,http://localhost:8080/search?q=beauty&author=Oscar%20Wilde,172,0,0
1782356343270,133,HTTP Request,200,OK,Author Query 5-8,text,true,,263,155,10,70,http://localhost:8080/search?q=beauty&author=Oscar%20Wilde,133,0,0
1782356343263,141,HTTP Request,200,OK,Author Query 5-9,text,true,,263,155,10,70,http://localhost:8080/search?q=beauty&author=Oscar%20Wilde,141,0,0
1782356343350,84,HTTP Request,200,OK,Author Query 5-6,text,true,,263,155,10,70,http://localhost:8080/search?q=beauty&author=Oscar%20Wilde,84,0,0
1782356343335,101,HTTP Request,200,OK,Author Query 5-7,text,true,,263,155,10,70,http://localhost:8080/search?q=beauty&author=Oscar%20Wilde,101,0,0
1782356343353,83,HTTP Request,200,OK,Author Query 5-10,text,true,,263,155,10,70,http://localhost:8080/search?q=beauty&author=Oscar%20Wilde,83,0,0
1782356343334,103,HTTP Request,200,OK,Author Query 5-5,text,true,,263,155,10,70,http://localhost:8080/search?q=beauty&author=Oscar%20Wilde,103,0,0
1782356343355,82,HTTP Request,200,OK,Author Query 5-3,text,true,,263,155,10,70,http://localhost:8080/search?q=beauty&author=Oscar%20Wilde,82,0,0
1782356343306,179,HTTP Request,200,OK,Author Query 5-4,text,true,,263,155,10,70,http://localhost:8080/search?q=beauty&author=Oscar%20Wilde,179,0,0
1782356343404,150,HTTP Request,200,OK,Author Query 5-9,text,true,,263,155,10,70,http://localhost:8080/search?q=beauty&author=Oscar%20Wilde,150,0,0
1782356343403,153,HTTP Request,200,OK,Author Query 5-8,text,true,,263,155,10,70,http://localhost:8080/search?q=beauty&author=Oscar%20Wilde,153,0,0
1782356343435,189,HTTP Request,200,OK,Author Query 5-6,text,true,,263,155,10,70,http://localhost:8080/search?q=beauty&author=Oscar%20Wilde,189,0,0
1782356343360,276,HTTP Request,200,OK,Author Query 5-1,text,true,,263,155,10,70,http://localhost:8080/search?q=beauty&author=Oscar%20Wilde,276,0,0
1782356343356,290,HTTP Request,200,OK,Author Query 5-2,text,true,,263,155,10,70,http://localhost:8080/search?q=beauty&author=Oscar%20Wilde,290,0,0
1782356343436,270,HTTP Request,200,OK,Author Query 5-7,text,true,,263,155,10,70,http://localhost:8080/search?q=beauty&author=Oscar%20Wilde,270,0,0
1782356343437,271,HTTP Request,200,OK,Author Query 5-3,text,true,,263,155,10,70,http://localhost:8080/search?q=beauty&author=Oscar%20Wilde,271,0,0
1782356343436,273,HTTP Request,200,OK,Author Query 5-10,text,true,,263,155,10,70,http://localhost:8080/search?q=beauty&author=Oscar%20Wilde,273,0,0
1782356343437,272,HTTP Request,200,OK,Author Query 5-5,text,true,,263,155,10,70,http://localhost:8080/search?q=beauty&author=Oscar%20Wilde,272,0,0
1782356343485,224,HTTP Request,200,OK,Author Query 5-4,text,true,,263,155,10,70,http://localhost:8080/search?q=beauty&author=Oscar%20Wilde,224,0,0
1782356343624,116,HTTP Request,200,OK,Author Query 5-6,text,true,,263,155,10,70,http://localhost:8080/search?q=beauty&author=Oscar%20Wilde,116,0,0
1782356343556,184,HTTP Request,200,OK,Author Query 5-8,text,true,,263,155,10,70,http://localhost:8080/search?q=beauty&author=Oscar%20Wilde,184,0,0
1782356343555,302,HTTP Request,200,OK,Author Query 5-9,text,true,,263,155,10,70,http://localhost:8080/search?q=beauty&author=Oscar%20Wilde,302,0,0
1782356343709,152,HTTP Request,200,OK,Author Query 5-10,text,true,,263,155,10,70,http://localhost:8080/search?q=beauty&author=Oscar%20Wilde,152,0,0
1782356343709,153,HTTP Request,200,OK,Author Query 5-5,text,true,,263,155,10,70,http://localhost:8080/search?q=beauty&author=Oscar%20Wilde,153,0,0
1782356343709,155,HTTP Request,200,OK,Author Query 5-4,text,true,,263,155,10,70,http://localhost:8080/search?q=beauty&author=Oscar%20Wilde,155,0,0
1782356343646,228,HTTP Request,200,OK,Author Query 5-2,text,true,,263,155,10,70,http://localhost:8080/search?q=beauty&author=Oscar%20Wilde,228,0,0
1782356343636,241,HTTP Request,200,OK,Author Query 5-1,text,true,,263,155,10,70,http://localhost:8080/search?q=beauty&author=Oscar%20Wilde,241,0,0
1782356343709,213,HTTP Request,200,OK,Author Query 5-3,text,true,,263,155,10,70,http://localhost:8080/search?q=beauty&author=Oscar%20Wilde,213,0,0
1782356343740,182,HTTP Request,200,OK,Author Query 5-6,text,true,,263,155,10,70,http://localhost:8080/search?q=beauty&author=Oscar%20Wilde,182,0,0
1782356343707,215,HTTP Request,200,OK,Author Query 5-7,text,true,,263,155,10,70,http://localhost:8080/search?q=beauty&author=Oscar%20Wilde,215,0,0
1782356343740,184,HTTP Request,200,OK,Author Query 5-8,text,true,,263,155,10,70,http://localhost:8080/search?q=beauty&author=Oscar%20Wilde,184,0,0
1782356343864,101,HTTP Request,200,OK,Author Query 5-4,text,true,,263,155,10,70,http://localhost:8080/search?q=beauty&author=Oscar%20Wilde,101,0,0
1782356343857,158,HTTP Request,200,OK,Author Query 5-9,text,true,,263,155,10,70,http://localhost:8080/search?q=beauty&author=Oscar%20Wilde,158,0,0
1782356343874,160,HTTP Request,200,OK,Author Query 5-2,text,true,,263,155,10,70,http://localhost:8080/search?q=beauty&author=Oscar%20Wilde,160,0,0
1782356343877,159,HTTP Request,200,OK,Author Query 5-1,text,true,,263,155,10,70,http://localhost:8080/search?q=beauty&author=Oscar%20Wilde,159,0,0
1782356343922,166,HTTP Request,200,OK,Author Query 5-7,text,true,,263,155,10,70,http://localhost:8080/search?q=beauty&author=Oscar%20Wilde,166,0,0
1782356343922,166,HTTP Request,200,OK,Author Query 5-3,text,true,,263,155,10,70,http://localhost:8080/search?q=beauty&author=Oscar%20Wilde,166,0,0
1782356343922,167,HTTP Request,200,OK,Author Query 5-6,text,true,,263,155,10,70,http://localhost:8080/search?q=beauty&author=Oscar%20Wilde,167,0,0
1782356343924,165,HTTP Request,200,OK,Author Query 5-8,text,true,,263,155,10,70,http://localhost:8080/search?q=beauty&author=Oscar%20Wilde,165,0,0
1782356343966,162,HTTP Request,200,OK,Author Query 5-4,text,true,,263,155,10,70,http://localhost:8080/search?q=beauty&author=Oscar%20Wilde,162,0,0
1782356343862,268,HTTP Request,200,OK,Author Query 5-5,text,true,,263,155,10,70,http://localhost:8080/search?q=beauty&author=Oscar%20Wilde,268,0,0
1782356343862,269,HTTP Request,200,OK,Author Query 5-10,text,true,,263,155,10,70,http://localhost:8080/search?q=beauty&author=Oscar%20Wilde,269,0,0
1782356344015,121,HTTP Request,200,OK,Author Query 5-9,text,true,,263,155,10,70,http://localhost:8080/search?q=beauty&author=Oscar%20Wilde,121,0,0
1782356344036,210,HTTP Request,200,OK,Author Query 5-1,text,true,,263,155,10,70,http://localhost:8080/search?q=beauty&author=Oscar%20Wilde,210,0,0
1782356344131,138,HTTP Request,200,OK,Author Query 5-5,text,true,,263,155,10,70,http://localhost:8080/search?q=beauty&author=Oscar%20Wilde,138,0,0
1782356344089,180,HTTP Request,200,OK,Author Query 5-6,text,true,,263,155,10,70,http://localhost:8080/search?q=beauty&author=Oscar%20Wilde,180,0,0
1782356344136,133,HTTP Request,200,OK,Author Query 5-9,text,true,,263,155,10,70,http://localhost:8080/search?q=beauty&author=Oscar%20Wilde,133,0,0
1782356344090,184,HTTP Request,200,OK,Author Query 5-8,text,true,,263,155,10,70,http://localhost:8080/search?q=beauty&author=Oscar%20Wilde,184,0,0
1782356344088,187,HTTP Request,200,OK,Author Query 5-3,text,true,,263,155,10,70,http://localhost:8080/search?q=beauty&author=Oscar%20Wilde,187,0,0
1782356344131,145,HTTP Request,200,OK,Author Query 5-10,text,true,,263,155,10,70,http://localhost:8080/search?q=beauty&author=Oscar%20Wilde,145,0,0
1782356344088,189,HTTP Request,200,OK,Author Query 5-7,text,true,,263,155,10,70,http://localhost:8080/search?q=beauty&author=Oscar%20Wilde,189,0,0
1782356344034,243,HTTP Request,200,OK,Author Query 5-2,text,true,,263,155,10,70,http://localhost:8080/search?q=beauty&author=Oscar%20Wilde,243,0,0
1782356344128,161,HTTP Request,200,OK,Author Query 5-4,text,true,,263,155,10,70,http://localhost:8080/search?q=beauty&author=Oscar%20Wilde,161,0,0
1782356344246,109,HTTP Request,200,OK,Author Query 5-1,text,true,,263,155,10,70,http://localhost:8080/search?q=beauty&author=Oscar%20Wilde,109,0,0
1782356344269,160,HTTP Request,200,OK,Author Query 5-6,text,true,,263,155,10,70,http://localhost:8080/search?q=beauty&author=Oscar%20Wilde,160,0,0
1782356344275,156,HTTP Request,200,OK,Author Query 5-8,text,true,,263,155,10,70,http://localhost:8080/search?q=beauty&author=Oscar%20Wilde,156,0,0
1782356344276,156,HTTP Request,200,OK,Author Query 5-10,text,true,,263,155,10,70,http://localhost:8080/search?q=beauty&author=Oscar%20Wilde,156,0,0
1782356344289,146,HTTP Request,200,OK,Author Query 5-4,text,true,,263,155,10,70,http://localhost:8080/search?q=beauty&author=Oscar%20Wilde,146,0,0
1782356344269,166,HTTP Request,200,OK,Author Query 5-5,text,true,,263,155,10,70,http://localhost:8080/search?q=beauty&author=Oscar%20Wilde,166,0,0
1782356344270,169,HTTP Request,200,OK,Author Query 5-9,text,true,,263,155,10,70,http://localhost:8080/search?q=beauty&author=Oscar%20Wilde,169,0,0
1782356344277,162,HTTP Request,200,OK,Author Query 5-7,text,true,,263,155,10,70,http://localhost:8080/search?q=beauty&author=Oscar%20Wilde,162,0,0
1782356344277,181,HTTP Request,200,OK,Author Query 5-2,text,true,,263,155,10,70,http://localhost:8080/search?q=beauty&author=Oscar%20Wilde,181,0,0
1782356344275,183,HTTP Request,200,OK,Author Query 5-3,text,true,,263,155,10,70,http://localhost:8080/search?q=beauty&author=Oscar%20Wilde,183,0,0
1782356344355,114,HTTP Request,200,OK,Author Query 5-1,text,true,,263,155,10,70,http://localhost:8080/search?q=beauty&author=Oscar%20Wilde,114,0,0
1782356344431,106,HTTP Request,200,OK,Author Query 5-8,text,true,,263,155,10,70,http://localhost:8080/search?q=beauty&author=Oscar%20Wilde,106,0,0
1782356344432,105,HTTP Request,200,OK,Author Query 5-10,text,true,,263,155,10,70,http://localhost:8080/search?q=beauty&author=Oscar%20Wilde,105,0,0
1782356344435,108,HTTP Request,200,OK,Author Query 5-5,text,true,,263,155,10,70,http://localhost:8080/search?q=beauty&author=Oscar%20Wilde,108,0,0
1782356344435,109,HTTP Request,200,OK,Author Query 5-4,text,true,,263,155,10,70,http://localhost:8080/search?q=beauty&author=Oscar%20Wilde,109,0,0
1782356344430,114,HTTP Request,200,OK,Author Query 5-6,text,true,,263,155,10,70,http://localhost:8080/search?q=beauty&author=Oscar%20Wilde,114,0,0
1782356344440,104,HTTP Request,200,OK,Author Query 5-9,text,true,,263,155,10,70,http://localhost:8080/search?q=beauty&author=Oscar%20Wilde,104,0,0
1782356344458,94,HTTP Request,200,OK,Author Query 5-3,text,true,,263,155,10,70,http://localhost:8080/search?q=beauty&author=Oscar%20Wilde,94,0,0
1782356344458,94,HTTP Request,200,OK,Author Query 5-2,text,true,,263,155,10,70,http://localhost:8080/search?q=beauty&author=Oscar%20Wilde,94,0,0
1782356344470,109,HTTP Request,200,OK,Author Query 5-1,text,true,,263,155,10,70,http://localhost:8080/search?q=beauty&author=Oscar%20Wilde,109,0,0
1782356344439,158,HTTP Request,200,OK,Author Query 5-7,text,true,,263,155,10,70,http://localhost:8080/search?q=beauty&author=Oscar%20Wilde,158,0,0
1782356344537,157,HTTP Request,200,OK,Author Query 5-8,text,true,,263,155,10,70,http://localhost:8080/search?q=beauty&author=Oscar%20Wilde,157,0,0
1782356344538,184,HTTP Request,200,OK,Author Query 5-10,text,true,,263,155,10,70,http://localhost:8080/search?q=beauty&author=Oscar%20Wilde,184,0,0
1782356344544,181,HTTP Request,200,OK,Author Query 5-6,text,true,,263,155,10,70,http://localhost:8080/search?q=beauty&author=Oscar%20Wilde,181,0,0
1782356344544,186,HTTP Request,200,OK,Author Query 5-4,text,true,,263,155,10,70,http://localhost:8080/search?q=beauty&author=Oscar%20Wilde,186,0,0
1782356344543,187,HTTP Request,200,OK,Author Query 5-5,text,true,,263,155,10,70,http://localhost:8080/search?q=beauty&author=Oscar%20Wilde,187,0,0
1782356344544,222,HTTP Request,200,OK,Author Query 5-9,text,true,,263,155,10,70,http://localhost:8080/search?q=beauty&author=Oscar%20Wilde,222,0,0
1782356344580,189,HTTP Request,200,OK,Author Query 5-1,text,true,,263,155,10,70,http://localhost:8080/search?q=beauty&author=Oscar%20Wilde,189,0,0
1782356344552,217,HTTP Request,200,OK,Author Query 5-3,text,true,,263,155,10,70,http://localhost:8080/search?q=beauty&author=Oscar%20Wilde,217,0,0
1782356344695,117,HTTP Request,200,OK,Author Query 5-8,text,true,,263,155,10,70,http://localhost:8080/search?q=beauty&author=Oscar%20Wilde,117,0,0
1782356344723,148,HTTP Request,200,OK,Author Query 5-10,text,true,,263,155,10,70,http://localhost:8080/search?q=beauty&author=Oscar%20Wilde,148,0,0
1782356344553,318,HTTP Request,200,OK,Author Query 5-2,text,true,,263,155,10,70,http://localhost:8080/search?q=beauty&author=Oscar%20Wilde,318,0,0
1782356344597,274,HTTP Request,200,OK,Author Query 5-7,text,true,,263,155,10,70,http://localhost:8080/search?q=beauty&author=Oscar%20Wilde,274,0,0
1782356344731,146,HTTP Request,200,OK,Author Query 5-5,text,true,,263,155,10,70,http://localhost:8080/search?q=beauty&author=Oscar%20Wilde,146,0,0
1782356344726,151,HTTP Request,200,OK,Author Query 5-6,text,true,,263,155,10,70,http://localhost:8080/search?q=beauty&author=Oscar%20Wilde,151,0,0
1782356344769,150,HTTP Request,200,OK,Author Query 5-1,text,true,,263,155,10,70,http://localhost:8080/search?q=beauty&author=Oscar%20Wilde,150,0,0
1782356344730,190,HTTP Request,200,OK,Author Query 5-4,text,true,,263,155,10,70,http://localhost:8080/search?q=beauty&author=Oscar%20Wilde,190,0,0
1782356344767,168,HTTP Request,200,OK,Author Query 5-9,text,true,,263,155,10,70,http://localhost:8080/search?q=beauty&author=Oscar%20Wilde,168,0,0
1782356344770,165,HTTP Request,200,OK,Author Query 5-3,text,true,,263,155,10,70,http://localhost:8080/search?q=beauty&author=Oscar%20Wilde,165,0,0
1782356344871,180,HTTP Request,200,OK,Author Query 5-2,text,true,,263,155,10,70,http://localhost:8080/search?q=beauty&author=Oscar%20Wilde,180,0,0
1782356344812,268,HTTP Request,200,OK,Author Query 5-8,text,true,,263,155,10,70,http://localhost:8080/search?q=beauty&author=Oscar%20Wilde,268,0,0
1782356344877,204,HTTP Request,200,OK,Author Query 5-6,text,true,,263,155,10,70,http://localhost:8080/search?q=beauty&author=Oscar%20Wilde,204,0,0
1782356344871,211,HTTP Request,200,OK,Author Query 5-10,text,true,,263,155,10,70,http://localhost:8080/search?q=beauty&author=Oscar%20Wilde,211,0,0
1782356344877,205,HTTP Request,200,OK,Author Query 5-5,text,true,,263,155,10,70,http://localhost:8080/search?q=beauty&author=Oscar%20Wilde,205,0,0
1782356344935,149,HTTP Request,200,OK,Author Query 5-9,text,true,,263,155,10,70,http://localhost:8080/search?q=beauty&author=Oscar%20Wilde,149,0,0
1782356344872,220,HTTP Request,200,OK,Author Query 5-7,text,true,,263,155,10,70,http://localhost:8080/search?q=beauty&author=Oscar%20Wilde,220,0,0
1782356344920,175,HTTP Request,200,OK,Author Query 5-4,text,true,,263,155,10,70,http://localhost:8080/search?q=beauty&author=Oscar%20Wilde,175,0,0
1782356345082,185,HTTP Request,200,OK,Author Query 5-10,text,true,,263,155,10,70,http://localhost:8080/search?q=beauty&author=Oscar%20Wilde,185,0,0
1782356344919,414,HTTP Request,200,OK,Author Query 5-1,text,true,,263,155,10,70,http://localhost:8080/search?q=beauty&author=Oscar%20Wilde,414,0,0
1782356345051,285,HTTP Request,200,OK,Author Query 5-2,text,true,,263,155,10,70,http://localhost:8080/search?q=beauty&author=Oscar%20Wilde,285,0,0
1782356344935,431,HTTP Request,200,OK,Author Query 5-3,text,true,,263,155,10,70,http://localhost:8080/search?q=beauty&author=Oscar%20Wilde,431,0,0
1782356345095,271,HTTP Request,200,OK,Author Query 5-4,text,true,,263,155,10,70,http://localhost:8080/search?q=beauty&author=Oscar%20Wilde,271,0,0
1782356345082,287,HTTP Request,200,OK,Author Query 5-5,text,true,,263,155,10,70,http://localhost:8080/search?q=beauty&author=Oscar%20Wilde,287,0,0
1782356345268,123,HTTP Request,200,OK,Author Query 5-10,text,true,,263,155,10,70,http://localhost:8080/search?q=beauty&author=Oscar%20Wilde,123,0,0
1782356345080,312,HTTP Request,200,OK,Author Query 5-8,text,true,,263,155,10,70,http://localhost:8080/search?q=beauty&author=Oscar%20Wilde,312,0,0
1782356345093,312,HTTP Request,200,OK,Author Query 5-7,text,true,,263,155,10,70,http://localhost:8080/search?q=beauty&author=Oscar%20Wilde,312,0,0
1782356345082,325,HTTP Request,200,OK,Author Query 5-6,text,true,,263,155,10,70,http://localhost:8080/search?q=beauty&author=Oscar%20Wilde,325,0,0
1782356345085,323,HTTP Request,200,OK,Author Query 5-9,text,true,,263,155,10,70,http://localhost:8080/search?q=beauty&author=Oscar%20Wilde,323,0,0
1782356345366,137,HTTP Request,200,OK,Author Query 5-3,text,true,,263,155,10,70,http://localhost:8080/search?q=beauty&author=Oscar%20Wilde,137,0,0
1782356345369,173,HTTP Request,200,OK,Author Query 5-5,text,true,,263,155,10,70,http://localhost:8080/search?q=beauty&author=Oscar%20Wilde,173,0,0
1782356345367,177,HTTP Request,200,OK,Author Query 5-4,text,true,,263,155,10,70,http://localhost:8080/search?q=beauty&author=Oscar%20Wilde,177,0,0
1782356345336,269,HTTP Request,200,OK,Author Query 5-2,text,true,,263,155,10,70,http://localhost:8080/search?q=beauty&author=Oscar%20Wilde,269,0,0
1782356345333,288,HTTP Request,200,OK,Author Query 5-1,text,true,,263,155,10,70,http://localhost:8080/search?q=beauty&author=Oscar%20Wilde,288,0,0
1782356345407,234,HTTP Request,200,OK,Author Query 5-6,text,true,,263,155,10,70,http://localhost:8080/search?q=beauty&author=Oscar%20Wilde,234,0,0
1782356345391,250,HTTP Request,200,OK,Author Query 5-10,text,true,,263,155,10,70,http://localhost:8080/search?q=beauty&author=Oscar%20Wilde,250,0,0
1782356345392,249,HTTP Request,200,OK,Author Query 5-8,text,true,,263,155,10,70,http://localhost:8080/search?q=beauty&author=Oscar%20Wilde,249,0,0
1782356345503,139,HTTP Request,200,OK,Author Query 5-3,text,true,,263,155,10,70,http://localhost:8080/search?q=beauty&author=Oscar%20Wilde,139,0,0
1782356345409,234,HTTP Request,200,OK,Author Query 5-9,text,true,,263,155,10,70,http://localhost:8080/search?q=beauty&author=Oscar%20Wilde,234,0,0
1782356345406,244,HTTP Request,200,OK,Author Query 5-7,text,true,,263,155,10,70,http://localhost:8080/search?q=beauty&author=Oscar%20Wilde,244,0,0
1782356345544,145,HTTP Request,200,OK,Author Query 5-4,text,true,,263,155,10,70,http://localhost:8080/search?q=beauty&author=Oscar%20Wilde,145,0,0
1782356345542,150,HTTP Request,200,OK,Author Query 5-5,text,true,,263,155,10,70,http://localhost:8080/search?q=beauty&author=Oscar%20Wilde,150,0,0
1782356345692,129,HTTP Request,200,OK,Author Query 5-5,text,true,,263,155,10,70,http://localhost:8080/search?q=beauty&author=Oscar%20Wilde,129,0,0
1782356345643,184,HTTP Request,200,OK,Author Query 5-9,text,true,,263,155,10,70,http://localhost:8080/search?q=beauty&author=Oscar%20Wilde,184,0,0
1782356345689,139,HTTP Request,200,OK,Author Query 5-4,text,true,,263,155,10,70,http://localhost:8080/search?q=beauty&author=Oscar%20Wilde,139,0,0
1782356345621,223,HTTP Request,200,OK,Author Query 5-1,text,true,,263,155,10,70,http://localhost:8080/search?q=beauty&author=Oscar%20Wilde,223,0,0
1782356345605,239,HTTP Request,200,OK,Author Query 5-2,text,true,,263,155,10,70,http://localhost:8080/search?q=beauty&author=Oscar%20Wilde,239,0,0
1782356345642,242,HTTP Request,200,OK,Author Query 5-10,text,true,,263,155,10,70,http://localhost:8080/search?q=beauty&author=Oscar%20Wilde,242,0,0
1782356345642,242,HTTP Request,200,OK,Author Query 5-3,text,true,,263,155,10,70,http://localhost:8080/search?q=beauty&author=Oscar%20Wilde,242,0,0
1782356345641,268,HTTP Request,200,OK,Author Query 5-6,text,true,,263,155,10,70,http://localhost:8080/search?q=beauty&author=Oscar%20Wilde,268,0,0
1782356345642,270,HTTP Request,200,OK,Author Query 5-8,text,true,,263,155,10,70,http://localhost:8080/search?q=beauty&author=Oscar%20Wilde,270,0,0
1782356345651,278,HTTP Request,200,OK,Author Query 5-7,text,true,,263,155,10,70,http://localhost:8080/search?q=beauty&author=Oscar%20Wilde,278,0,0
1782356345827,125,HTTP Request,200,OK,Author Query 5-9,text,true,,263,155,10,70,http://localhost:8080/search?q=beauty&author=Oscar%20Wilde,125,0,0
1782356345822,131,HTTP Request,200,OK,Author Query 5-5,text,true,,263,155,10,70,http://localhost:8080/search?q=beauty&author=Oscar%20Wilde,131,0,0
1782356345828,135,HTTP Request,200,OK,Author Query 5-4,text,true,,263,155,10,70,http://localhost:8080/search?q=beauty&author=Oscar%20Wilde,135,0,0
1782356345884,105,HTTP Request,200,OK,Author Query 5-10,text,true,,263,155,10,70,http://localhost:8080/search?q=beauty&author=Oscar%20Wilde,105,0,0
1782356345929,208,HTTP Request,200,OK,Author Query 5-7,text,true,,263,155,10,70,http://localhost:8080/search?q=beauty&author=Oscar%20Wilde,208,0,0
1782356345953,196,HTTP Request,200,OK,Author Query 5-5,text,true,,263,155,10,70,http://localhost:8080/search?q=beauty&author=Oscar%20Wilde,196,0,0
1782356345964,185,HTTP Request,200,OK,Author Query 5-4,text,true,,263,155,10,70,http://localhost:8080/search?q=beauty&author=Oscar%20Wilde,185,0,0
1782356345952,197,HTTP Request,200,OK,Author Query 5-9,text,true,,263,155,10,70,http://localhost:8080/search?q=beauty&author=Oscar%20Wilde,197,0,0
1782356345884,285,HTTP Request,200,OK,Author Query 5-3,text,true,,263,155,10,70,http://localhost:8080/search?q=beauty&author=Oscar%20Wilde,285,0,0
1782356345845,326,HTTP Request,200,OK,Author Query 5-2,text,true,,263,155,10,70,http://localhost:8080/search?q=beauty&author=Oscar%20Wilde,326,0,0
1782356345844,329,HTTP Request,200,OK,Author Query 5-1,text,true,,263,155,10,70,http://localhost:8080/search?q=beauty&author=Oscar%20Wilde,329,0,0
1782356345989,227,HTTP Request,200,OK,Author Query 5-10,text,true,,263,155,10,70,http://localhost:8080/search?q=beauty&author=Oscar%20Wilde,227,0,0
1782356345913,303,HTTP Request,200,OK,Author Query 5-8,text,true,,263,155,10,70,http://localhost:8080/search?q=beauty&author=Oscar%20Wilde,303,0,0
1782356345909,326,HTTP Request,200,OK,Author Query 5-6,text,true,,263,155,10,70,http://localhost:8080/search?q=beauty&author=Oscar%20Wilde,326,0,0
1782356346149,223,HTTP Request,200,OK,Author Query 5-4,text,true,,263,155,10,70,http://localhost:8080/search?q=beauty&author=Oscar%20Wilde,223,0,0
1782356346174,256,HTTP Request,200,OK,Author Query 5-1,text,true,,263,155,10,70,http://localhost:8080/search?q=beauty&author=Oscar%20Wilde,255,0,0
1782356346149,281,HTTP Request,200,OK,Author Query 5-5,text,true,,263,155,10,70,http://localhost:8080/search?q=beauty&author=Oscar%20Wilde,280,0,0
1782356346149,289,HTTP Request,200,OK,Author Query 5-9,text,true,,263,155,10,70,http://localhost:8080/search?q=beauty&author=Oscar%20Wilde,289,0,0
1782356346235,204,HTTP Request,200,OK,Author Query 5-6,text,true,,263,155,10,70,http://localhost:8080/search?q=beauty&author=Oscar%20Wilde,204,0,0
1782356346171,268,HTTP Request,200,OK,Author Query 5-2,text,true,,263,155,10,70,http://localhost:8080/search?q=beauty&author=Oscar%20Wilde,268,0,0
1782356346169,271,HTTP Request,200,OK,Author Query 5-3,text,true,,263,155,10,70,http://localhost:8080/search?q=beauty&author=Oscar%20Wilde,271,0,0
1782356346137,303,HTTP Request,200,OK,Author Query 5-7,text,true,,263,155,10,70,http://localhost:8080/search?q=beauty&author=Oscar%20Wilde,303,0,0
1782356346216,289,HTTP Request,200,OK,Author Query 5-10,text,true,,263,155,10,70,http://localhost:8080/search?q=beauty&author=Oscar%20Wilde,289,0,0
1782356346216,299,HTTP Request,200,OK,Author Query 5-8,text,true,,263,155,10,70,http://localhost:8080/search?q=beauty&author=Oscar%20Wilde,299,0,0
1782356346373,206,HTTP Request,200,OK,Author Query 5-4,text,true,,263,155,10,70,http://localhost:8080/search?q=beauty&author=Oscar%20Wilde,206,0,0
1782356346430,152,HTTP Request,200,OK,Author Query 5-5,text,true,,263,155,10,70,http://localhost:8080/search?q=beauty&author=Oscar%20Wilde,152,0,0
1782356346440,149,HTTP Request,200,OK,Author Query 5-3,text,true,,263,155,10,70,http://localhost:8080/search?q=beauty&author=Oscar%20Wilde,149,0,0
1782356346430,159,HTTP Request,200,OK,Author Query 5-1,text,true,,263,155,10,70,http://localhost:8080/search?q=beauty&author=Oscar%20Wilde,159,0,0
1782356346440,311,HTTP Request,200,OK,Author Query 5-2,text,true,,263,155,10,70,http://localhost:8080/search?q=beauty&author=Oscar%20Wilde,311,0,0
1782356346582,170,HTTP Request,200,OK,Author Query 5-5,text,true,,263,155,10,70,http://localhost:8080/search?q=beauty&author=Oscar%20Wilde,170,0,0
1782356346580,173,HTTP Request,200,OK,Author Query 5-4,text,true,,263,155,10,70,http://localhost:8080/search?q=beauty&author=Oscar%20Wilde,173,0,0
1782356346439,317,HTTP Request,200,OK,Author Query 5-9,text,true,,263,155,10,70,http://localhost:8080/search?q=beauty&author=Oscar%20Wilde,317,0,0
1782356346441,343,HTTP Request,200,OK,Author Query 5-7,text,true,,263,155,10,70,http://localhost:8080/search?q=beauty&author=Oscar%20Wilde,343,0,0
1782356346589,195,HTTP Request,200,OK,Author Query 5-1,text,true,,263,155,10,70,http://localhost:8080/search?q=beauty&author=Oscar%20Wilde,195,0,0
1782356346516,269,HTTP Request,200,OK,Author Query 5-8,text,true,,263,155,10,70,http://localhost:8080/search?q=beauty&author=Oscar%20Wilde,269,0,0
1782356346505,283,HTTP Request,200,OK,Author Query 5-10,text,true,,263,155,10,70,http://localhost:8080/search?q=beauty&author=Oscar%20Wilde,283,0,0
1782356346439,350,HTTP Request,200,OK,Author Query 5-6,text,true,,263,155,10,70,http://localhost:8080/search?q=beauty&author=Oscar%20Wilde,350,0,0
1782356346589,202,HTTP Request,200,OK,Author Query 5-3,text,true,,263,155,10,70,http://localhost:8080/search?q=beauty&author=Oscar%20Wilde,202,0,0
1782356346752,92,HTTP Request,200,OK,Author Query 5-5,text,true,,263,155,10,70,http://localhost:8080/search?q=beauty&author=Oscar%20Wilde,92,0,0
1782356346754,91,HTTP Request,200,OK,Author Query 5-4,text,true,,263,155,10,70,http://localhost:8080/search?q=beauty&author=Oscar%20Wilde,91,0,0
1782356346756,118,HTTP Request,200,OK,Author Query 5-9,text,true,,263,155,10,70,http://localhost:8080/search?q=beauty&author=Oscar%20Wilde,118,0,0
1782356346751,151,HTTP Request,200,OK,Author Query 5-2,text,true,,263,155,10,70,http://localhost:8080/search?q=beauty&author=Oscar%20Wilde,151,0,0
1782356346783,143,HTTP Request,200,OK,Author Query 5-7,text,true,,263,155,10,70,http://localhost:8080/search?q=beauty&author=Oscar%20Wilde,143,0,0
1782356346790,148,HTTP Request,200,OK,Author Query 5-3,text,true,,263,155,10,70,http://localhost:8080/search?q=beauty&author=Oscar%20Wilde,148,0,0
1782356346783,160,HTTP Request,200,OK,Author Query 5-1,text,true,,263,155,10,70,http://localhost:8080/search?q=beauty&author=Oscar%20Wilde,160,0,0
1782356346843,113,HTTP Request,200,OK,Author Query 5-5,text,true,,263,155,10,70,http://localhost:8080/search?q=beauty&author=Oscar%20Wilde,113,0,0
1782356346785,195,HTTP Request,200,OK,Author Query 5-8,text,true,,263,155,10,70,http://localhost:8080/search?q=beauty&author=Oscar%20Wilde,195,0,0
1782356346787,198,HTTP Request,200,OK,Author Query 5-10,text,true,,263,155,10,70,http://localhost:8080/search?q=beauty&author=Oscar%20Wilde,198,0,0
1782356346788,215,HTTP Request,200,OK,Author Query 5-6,text,true,,263,155,10,70,http://localhost:8080/search?q=beauty&author=Oscar%20Wilde,215,0,0
1782356346844,159,HTTP Request,200,OK,Author Query 5-4,text,true,,263,155,10,70,http://localhost:8080/search?q=beauty&author=Oscar%20Wilde,159,0,0
1782356346902,123,HTTP Request,200,OK,Author Query 5-2,text,true,,263,155,10,70,http://localhost:8080/search?q=beauty&author=Oscar%20Wilde,123,0,0
1782356346874,154,HTTP Request,200,OK,Author Query 5-9,text,true,,263,155,10,70,http://localhost:8080/search?q=beauty&author=Oscar%20Wilde,154,0,0
1782356346943,123,HTTP Request,200,OK,Author Query 5-1,text,true,,263,155,10,70,http://localhost:8080/search?q=beauty&author=Oscar%20Wilde,123,0,0
1782356346938,129,HTTP Request,200,OK,Author Query 5-3,text,true,,263,155,10,70,http://localhost:8080/search?q=beauty&author=Oscar%20Wilde,129,0,0
1782356346957,134,HTTP Request,200,OK,Author Query 5-5,text,true,,263,155,10,70,http://localhost:8080/search?q=beauty&author=Oscar%20Wilde,134,0,0
1782356347003,157,HTTP Request,200,OK,Author Query 5-4,text,true,,263,155,10,70,http://localhost:8080/search?q=beauty&author=Oscar%20Wilde,157,0,0
1782356346926,252,HTTP Request,200,OK,Author Query 5-7,text,true,,263,155,10,70,http://localhost:8080/search?q=beauty&author=Oscar%20Wilde,252,0,0
1782356347028,156,HTTP Request,200,OK,Author Query 5-9,text,true,,263,155,10,70,http://localhost:8080/search?q=beauty&author=Oscar%20Wilde,156,0,0
1782356347091,130,HTTP Request,200,OK,Author Query 5-5,text,true,,263,155,10,70,http://localhost:8080/search?q=beauty&author=Oscar%20Wilde,130,0,0
1782356347067,154,HTTP Request,200,OK,Author Query 5-1,text,true,,263,155,10,70,http://localhost:8080/search?q=beauty&author=Oscar%20Wilde,154,0,0
1782356347067,157,HTTP Request,200,OK,Author Query 5-3,text,true,,263,155,10,70,http://localhost:8080/search?q=beauty&author=Oscar%20Wilde,157,0,0
1782356347003,268,HTTP Request,200,OK,Author Query 5-6,text,true,,263,155,10,70,http://localhost:8080/search?q=beauty&author=Oscar%20Wilde,268,0,0
1782356346980,293,HTTP Request,200,OK,Author Query 5-8,text,true,,263,155,10,70,http://localhost:8080/search?q=beauty&author=Oscar%20Wilde,293,0,0
1782356347025,249,HTTP Request,200,OK,Author Query 5-2,text,true,,263,155,10,70,http://localhost:8080/search?q=beauty&author=Oscar%20Wilde,249,0,0
1782356346986,289,HTTP Request,200,OK,Author Query 5-10,text,true,,263,155,10,70,http://localhost:8080/search?q=beauty&author=Oscar%20Wilde,289,0,0
1782356347222,242,HTTP Request,200,OK,Author Query 5-1,text,true,,263,155,10,70,http://localhost:8080/search?q=beauty&author=Oscar%20Wilde,242,0,0
1782356347179,285,HTTP Request,200,OK,Author Query 5-7,text,true,,263,155,10,70,http://localhost:8080/search?q=beauty&author=Oscar%20Wilde,285,0,0
1782356347184,282,HTTP Request,200,OK,Author Query 5-9,text,true,,263,155,10,70,http://localhost:8080/search?q=beauty&author=Oscar%20Wilde,281,0,0
1782356347221,255,HTTP Request,200,OK,Author Query 5-5,text,true,,263,155,10,70,http://localhost:8080/search?q=beauty&author=Oscar%20Wilde,255,0,0
1782356347271,207,HTTP Request,200,OK,Author Query 5-6,text,true,,263,155,10,70,http://localhost:8080/search?q=beauty&author=Oscar%20Wilde,207,0,0
1782356347224,255,HTTP Request,200,OK,Author Query 5-3,text,true,,263,155,10,70,http://localhost:8080/search?q=beauty&author=Oscar%20Wilde,255,0,0
1782356347273,207,HTTP Request,200,OK,Author Query 5-8,text,true,,263,155,10,70,http://localhost:8080/search?q=beauty&author=Oscar%20Wilde,207,0,0
1782356347276,235,HTTP Request,200,OK,Author Query 5-10,text,true,,263,155,10,70,http://localhost:8080/search?q=beauty&author=Oscar%20Wilde,235,0,0
1782356347160,352,HTTP Request,200,OK,Author Query 5-4,text,true,,263,155,10,70,http://localhost:8080/search?q=beauty&author=Oscar%20Wilde,352,0,0
1782356347274,297,HTTP Request,200,OK,Author Query 5-2,text,true,,263,155,10,70,http://localhost:8080/search?q=beauty&author=Oscar%20Wilde,297,0,0
1782356347464,114,HTTP Request,200,OK,Author Query 5-7,text,true,,263,155,10,70,http://localhost:8080/search?q=beauty&author=Oscar%20Wilde,114,0,0
1782356347465,113,HTTP Request,200,OK,Author Query 5-1,text,true,,263,155,10,70,http://localhost:8080/search?q=beauty&author=Oscar%20Wilde,113,0,0
1782356347480,133,HTTP Request,200,OK,Author Query 5-8,text,true,,263,155,10,70,http://localhost:8080/search?q=beauty&author=Oscar%20Wilde,133,0,0
1782356347479,134,HTTP Request,200,OK,Author Query 5-3,text,true,,263,155,10,70,http://localhost:8080/search?q=beauty&author=Oscar%20Wilde,134,0,0
1782356347474,140,HTTP Request,200,OK,Author Query 5-9,text,true,,263,155,10,70,http://localhost:8080/search?q=beauty&author=Oscar%20Wilde,140,0,0
1782356347479,135,HTTP Request,200,OK,Author Query 5-6,text,true,,263,155,10,70,http://localhost:8080/search?q=beauty&author=Oscar%20Wilde,135,0,0
1782356347476,138,HTTP Request,200,OK,Author Query 5-5,text,true,,263,155,10,70,http://localhost:8080/search?q=beauty&author=Oscar%20Wilde,138,0,0
1782356347512,203,HTTP Request,200,OK,Author Query 5-4,text,true,,263,155,10,70,http://localhost:8080/search?q=beauty&author=Oscar%20Wilde,203,0,0
1782356347614,165,HTTP Request,200,OK,Author Query 5-3,text,true,,263,155,10,70,http://localhost:8080/search?q=beauty&author=Oscar%20Wilde,165,0,0
1782356347614,165,HTTP Request,200,OK,Author Query 5-9,text,true,,263,155,10,70,http://localhost:8080/search?q=beauty&author=Oscar%20Wilde,165,0,0
1782356347613,166,HTTP Request,200,OK,Author Query 5-8,text,true,,263,155,10,70,http://localhost:8080/search?q=beauty&author=Oscar%20Wilde,166,0,0
1782356347579,201,HTTP Request,200,OK,Author Query 5-1,text,true,,263,155,10,70,http://localhost:8080/search?q=beauty&author=Oscar%20Wilde,201,0,0
1782356347615,173,HTTP Request,200,OK,Author Query 5-6,text,true,,263,155,10,70,http://localhost:8080/search?q=beauty&author=Oscar%20Wilde,173,0,0
1782356347511,361,HTTP Request,200,OK,Author Query 5-10,text,true,,263,155,10,70,http://localhost:8080/search?q=beauty&author=Oscar%20Wilde,361,0,0
1782356347578,342,HTTP Request,200,OK,Author Query 5-7,text,true,,263,155,10,70,http://localhost:8080/search?q=beauty&author=Oscar%20Wilde,342,0,0
1782356347780,144,HTTP Request,200,OK,Author Query 5-1,text,true,,263,155,10,70,http://localhost:8080/search?q=beauty&author=Oscar%20Wilde,144,0,0
1782356347780,151,HTTP Request,200,OK,Author Query 5-8,text,true,,263,155,10,70,http://localhost:8080/search?q=beauty&author=Oscar%20Wilde,151,0,0
1782356347779,153,HTTP Request,200,OK,Author Query 5-9,text,true,,263,155,10,70,http://localhost:8080/search?q=beauty&author=Oscar%20Wilde,153,0,0
1782356347779,159,HTTP Request,200,OK,Author Query 5-3,text,true,,263,155,10,70,http://localhost:8080/search?q=beauty&author=Oscar%20Wilde,159,0,0
1782356347788,150,HTTP Request,200,OK,Author Query 5-6,text,true,,263,155,10,70,http://localhost:8080/search?q=beauty&author=Oscar%20Wilde,150,0,0
1782356347615,387,HTTP Request,200,OK,Author Query 5-5,text,true,,263,155,10,70,http://localhost:8080/search?q=beauty&author=Oscar%20Wilde,387,0,0
1782356347571,455,HTTP Request,200,OK,Author Query 5-2,text,true,,263,155,10,70,http://localhost:8080/search?q=beauty&author=Oscar%20Wilde,454,0,0
1782356347716,311,HTTP Request,200,OK,Author Query 5-4,text,true,,263,155,10,70,http://localhost:8080/search?q=beauty&author=Oscar%20Wilde,311,0,0
1782356347938,128,HTTP Request,200,OK,Author Query 5-3,text,true,,263,155,10,70,http://localhost:8080/search?q=beauty&author=Oscar%20Wilde,128,0,0
1782356347924,142,HTTP Request,200,OK,Author Query 5-1,text,true,,263,155,10,70,http://localhost:8080/search?q=beauty&author=Oscar%20Wilde,142,0,0
1782356347932,135,HTTP Request,200,OK,Author Query 5-9,text,true,,263,155,10,70,http://localhost:8080/search?q=beauty&author=Oscar%20Wilde,135,0,0
1782356347921,146,HTTP Request,200,OK,Author Query 5-7,text,true,,263,155,10,70,http://localhost:8080/search?q=beauty&author=Oscar%20Wilde,146,0,0
1782356347932,135,HTTP Request,200,OK,Author Query 5-8,text,true,,263,155,10,70,http://localhost:8080/search?q=beauty&author=Oscar%20Wilde,135,0,0
1782356347872,259,HTTP Request,200,OK,Author Query 5-10,text,true,,263,155,10,70,http://localhost:8080/search?q=beauty&author=Oscar%20Wilde,259,0,0
1782356347938,193,HTTP Request,200,OK,Author Query 5-6,text,true,,263,155,10,70,http://localhost:8080/search?q=beauty&author=Oscar%20Wilde,193,0,0
1782356348028,131,HTTP Request,200,OK,Author Query 5-4,text,true,,263,155,10,70,http://localhost:8080/search?q=beauty&author=Oscar%20Wilde,131,0,0
1782356348067,92,HTTP Request,200,OK,Author Query 5-7,text,true,,263,155,10,70,http://localhost:8080/search?q=beauty&author=Oscar%20Wilde,92,0,0
1782356348066,93,HTTP Request,200,OK,Author Query 5-1,text,true,,263,155,10,70,http://localhost:8080/search?q=beauty&author=Oscar%20Wilde,93,0,0
1782356348067,123,HTTP Request,200,OK,Author Query 5-9,text,true,,263,155,10,70,http://localhost:8080/search?q=beauty&author=Oscar%20Wilde,123,0,0
1782356348067,124,HTTP Request,200,OK,Author Query 5-8,text,true,,263,155,10,70,http://localhost:8080/search?q=beauty&author=Oscar%20Wilde,124,0,0
1782356348002,225,HTTP Request,200,OK,Author Query 5-5,text,true,,263,155,10,70,http://localhost:8080/search?q=beauty&author=Oscar%20Wilde,225,0,0
1782356348026,202,HTTP Request,200,OK,Author Query 5-2,text,true,,263,155,10,70,http://localhost:8080/search?q=beauty&author=Oscar%20Wilde,202,0,0
1782356348066,172,HTTP Request,200,OK,Author Query 5-3,text,true,,263,155,10,70,http://localhost:8080/search?q=beauty&author=Oscar%20Wilde,172,0,0
1782356348160,114,HTTP Request,200,OK,Author Query 5-1,text,true,,263,155,10,70,http://localhost:8080/search?q=beauty&author=Oscar%20Wilde,114,0,0
1782356348160,125,HTTP Request,200,OK,Author Query 5-7,text,true,,263,155,10,70,http://localhost:8080/search?q=beauty&author=Oscar%20Wilde,125,0,0
1782356348160,126,HTTP Request,200,OK,Author Query 5-4,text,true,,263,155,10,70,http://localhost:8080/search?q=beauty&author=Oscar%20Wilde,126,0,0
1782356348191,121,HTTP Request,200,OK,Author Query 5-8,text,true,,263,155,10,70,http://localhost:8080/search?q=beauty&author=Oscar%20Wilde,121,0,0
1782356348190,125,HTTP Request,200,OK,Author Query 5-9,text,true,,263,155,10,70,http://localhost:8080/search?q=beauty&author=Oscar%20Wilde,125,0,0
1782356348131,225,HTTP Request,200,OK,Author Query 5-10,text,true,,263,155,10,70,http://localhost:8080/search?q=beauty&author=Oscar%20Wilde,225,0,0
1782356348131,309,HTTP Request,200,OK,Author Query 5-6,text,true,,263,155,10,70,http://localhost:8080/search?q=beauty&author=Oscar%20Wilde,309,0,0
1782356348238,246,HTTP Request,200,OK,Author Query 5-3,text,true,,263,155,10,70,http://localhost:8080/search?q=beauty&author=Oscar%20Wilde,246,0,0
1782356348286,198,HTTP Request,200,OK,Author Query 5-4,text,true,,263,155,10,70,http://localhost:8080/search?q=beauty&author=Oscar%20Wilde,198,0,0
1782356348315,172,HTTP Request,200,OK,Author Query 5-9,text,true,,263,155,10,70,http://localhost:8080/search?q=beauty&author=Oscar%20Wilde,172,0,0
1782356348276,211,HTTP Request,200,OK,Author Query 5-1,text,true,,263,155,10,70,http://localhost:8080/search?q=beauty&author=Oscar%20Wilde,211,0,0
1782356348313,176,HTTP Request,200,OK,Author Query 5-8,text,true,,263,155,10,70,http://localhost:8080/search?q=beauty&author=Oscar%20Wilde,176,0,0
1782356348228,286,HTTP Request,200,OK,Author Query 5-5,text,true,,263,155,10,70,http://localhost:8080/search?q=beauty&author=Oscar%20Wilde,286,0,0
1782356348286,269,HTTP Request,200,OK,Author Query 5-7,text,true,,263,155,10,70,http://localhost:8080/search?q=beauty&author=Oscar%20Wilde,269,0,0
1782356348228,346,HTTP Request,200,OK,Author Query 5-2,text,true,,263,155,10,70,http://localhost:8080/search?q=beauty&author=Oscar%20Wilde,346,0,0
1782356348514,121,HTTP Request,200,OK,Author Query 5-5,text,true,,263,155,10,70,http://localhost:8080/search?q=beauty&author=Oscar%20Wilde,121,0,0
1782356348484,163,HTTP Request,200,OK,Author Query 5-3,text,true,,263,155,10,70,http://localhost:8080/search?q=beauty&author=Oscar%20Wilde,163,0,0
1782356348357,292,HTTP Request,200,OK,Author Query 5-10,text,true,,263,155,10,70,http://localhost:8080/search?q=beauty&author=Oscar%20Wilde,292,0,0
1782356348487,162,HTTP Request,200,OK,Author Query 5-1,text,true,,263,155,10,70,http://localhost:8080/search?q=beauty&author=Oscar%20Wilde,162,0,0
1782356348484,165,HTTP Request,200,OK,Author Query 5-4,text,true,,263,155,10,70,http://localhost:8080/search?q=beauty&author=Oscar%20Wilde,165,0,0
1782356348491,159,HTTP Request,200,OK,Author Query 5-8,text,true,,263,155,10,70,http://localhost:8080/search?q=beauty&author=Oscar%20Wilde,159,0,0
1782356348487,163,HTTP Request,200,OK,Author Query 5-9,text,true,,263,155,10,70,http://localhost:8080/search?q=beauty&author=Oscar%20Wilde,163,0,0
1782356348440,234,HTTP Request,200,OK,Author Query 5-6,text,true,,263,155,10,70,http://localhost:8080/search?q=beauty&author=Oscar%20Wilde,234,0,0
1782356348555,171,HTTP Request,200,OK,Author Query 5-7,text,true,,263,155,10,70,http://localhost:8080/search?q=beauty&author=Oscar%20Wilde,171,0,0
1782356348649,133,HTTP Request,200,OK,Author Query 5-10,text,true,,263,155,10,70,http://localhost:8080/search?q=beauty&author=Oscar%20Wilde,133,0,0
1782356348647,137,HTTP Request,200,OK,Author Query 5-3,text,true,,263,155,10,70,http://localhost:8080/search?q=beauty&author=Oscar%20Wilde,137,0,0
1782356348650,138,HTTP Request,200,OK,Author Query 5-8,text,true,,263,155,10,70,http://localhost:8080/search?q=beauty&author=Oscar%20Wilde,138,0,0
1782356348649,140,HTTP Request,200,OK,Author Query 5-1,text,true,,263,155,10,70,http://localhost:8080/search?q=beauty&author=Oscar%20Wilde,140,0,0
1782356348650,140,HTTP Request,200,OK,Author Query 5-9,text,true,,263,155,10,70,http://localhost:8080/search?q=beauty&author=Oscar%20Wilde,140,0,0
1782356348649,154,HTTP Request,200,OK,Author Query 5-4,text,true,,263,155,10,70,http://localhost:8080/search?q=beauty&author=Oscar%20Wilde,154,0,0
1782356348635,168,HTTP Request,200,OK,Author Query 5-5,text,true,,263,155,10,70,http://localhost:8080/search?q=beauty&author=Oscar%20Wilde,168,0,0
1782356348575,251,HTTP Request,200,OK,Author Query 5-2,text,true,,263,155,10,70,http://localhost:8080/search?q=beauty&author=Oscar%20Wilde,251,0,0
1782356348675,248,HTTP Request,200,OK,Author Query 5-6,text,true,,263,155,10,70,http://localhost:8080/search?q=beauty&author=Oscar%20Wilde,248,0,0
1782356348790,207,HTTP Request,200,OK,Author Query 5-1,text,true,,263,155,10,70,http://localhost:8080/search?q=beauty&author=Oscar%20Wilde,207,0,0
1782356348827,261,HTTP Request,200,OK,Author Query 5-2,text,true,,263,155,10,70,http://localhost:8080/search?q=beauty&author=Oscar%20Wilde,261,0,0
1782356348804,284,HTTP Request,200,OK,Author Query 5-4,text,true,,263,155,10,70,http://localhost:8080/search?q=beauty&author=Oscar%20Wilde,284,0,0
1782356348789,299,HTTP Request,200,OK,Author Query 5-8,text,true,,263,155,10,70,http://localhost:8080/search?q=beauty&author=Oscar%20Wilde,299,0,0
1782356348726,362,HTTP Request,200,OK,Author Query 5-7,text,true,,263,155,10,70,http://localhost:8080/search?q=beauty&author=Oscar%20Wilde,362,0,0
1782356348804,284,HTTP Request,200,OK,Author Query 5-5,text,true,,263,155,10,70,http://localhost:8080/search?q=beauty&author=Oscar%20Wilde,284,0,0
1782356348784,305,HTTP Request,200,OK,Author Query 5-3,text,true,,263,155,10,70,http://localhost:8080/search?q=beauty&author=Oscar%20Wilde,305,0,0
1782356348791,298,HTTP Request,200,OK,Author Query 5-9,text,true,,263,155,10,70,http://localhost:8080/search?q=beauty&author=Oscar%20Wilde,298,0,0
1782356348783,306,HTTP Request,200,OK,Author Query 5-10,text,true,,263,155,10,70,http://localhost:8080/search?q=beauty&author=Oscar%20Wilde,306,0,0
1782356348923,251,HTTP Request,200,OK,Author Query 5-6,text,true,,263,155,10,70,http://localhost:8080/search?q=beauty&author=Oscar%20Wilde,251,0,0
1782356348998,186,HTTP Request,200,OK,Author Query 5-1,text,true,,263,155,10,70,http://localhost:8080/search?q=beauty&author=Oscar%20Wilde,186,0,0
1782356349088,112,HTTP Request,200,OK,Author Query 5-2,text,true,,263,155,10,70,http://localhost:8080/search?q=beauty&author=Oscar%20Wilde,112,0,0
1782356349088,114,HTTP Request,200,OK,Author Query 5-8,text,true,,263,155,10,70,http://localhost:8080/search?q=beauty&author=Oscar%20Wilde,114,0,0
1782356349089,169,HTTP Request,200,OK,Author Query 5-3,text,true,,263,155,10,70,http://localhost:8080/search?q=beauty&author=Oscar%20Wilde,169,0,0
1782356349088,178,HTTP Request,200,OK,Author Query 5-4,text,true,,263,155,10,70,http://localhost:8080/search?q=beauty&author=Oscar%20Wilde,178,0,0
1782356349089,190,HTTP Request,200,OK,Author Query 5-7,text,true,,263,155,10,70,http://localhost:8080/search?q=beauty&author=Oscar%20Wilde,190,0,0
1782356349089,192,HTTP Request,200,OK,Author Query 5-5,text,true,,263,155,10,70,http://localhost:8080/search?q=beauty&author=Oscar%20Wilde,192,0,0
1782356349089,286,HTTP Request,200,OK,Author Query 5-10,text,true,,263,155,10,70,http://localhost:8080/search?q=beauty&author=Oscar%20Wilde,286,0,0
1782356349089,288,HTTP Request,200,OK,Author Query 5-9,text,true,,263,155,10,70,http://localhost:8080/search?q=beauty&author=Oscar%20Wilde,288,0,0
1782356349202,250,HTTP Request,200,OK,Author Query 5-8,text,true,,263,155,10,70,http://localhost:8080/search?q=beauty&author=Oscar%20Wilde,250,0,0
1782356349201,284,HTTP Request,200,OK,Author Query 5-2,text,true,,263,155,10,70,http://localhost:8080/search?q=beauty&author=Oscar%20Wilde,284,0,0
1782356349174,337,HTTP Request,200,OK,Author Query 5-6,text,true,,263,155,10,70,http://localhost:8080/search?q=beauty&author=Oscar%20Wilde,337,0,0
1782356349258,273,HTTP Request,200,OK,Author Query 5-3,text,true,,263,155,10,70,http://localhost:8080/search?q=beauty&author=Oscar%20Wilde,273,0,0
1782356349185,353,HTTP Request,200,OK,Author Query 5-1,text,true,,263,155,10,70,http://localhost:8080/search?q=beauty&author=Oscar%20Wilde,353,0,0
1782356349282,258,HTTP Request,200,OK,Author Query 5-5,text,true,,263,155,10,70,http://localhost:8080/search?q=beauty&author=Oscar%20Wilde,258,0,0
1782356349266,311,HTTP Request,200,OK,Author Query 5-4,text,true,,263,155,10,70,http://localhost:8080/search?q=beauty&author=Oscar%20Wilde,311,0,0
1782356349485,143,HTTP Request,200,OK,Author Query 5-2,text,true,,263,155,10,70,http://localhost:8080/search?q=beauty&author=Oscar%20Wilde,143,0,0
1782356349452,214,HTTP Request,200,OK,Author Query 5-8,text,true,,263,155,10,70,http://localhost:8080/search?q=beauty&author=Oscar%20Wilde,214,0,0
1782356349532,163,HTTP Request,200,OK,Author Query 5-3,text,true,,263,155,10,70,http://localhost:8080/search?q=beauty&author=Oscar%20Wilde,163,0,0
1782356349538,157,HTTP Request,200,OK,Author Query 5-1,text,true,,263,155,10,70,http://localhost:8080/search?q=beauty&author=Oscar%20Wilde,157,0,0
1782356349279,426,HTTP Request,200,OK,Author Query 5-7,text,true,,263,155,10,70,http://localhost:8080/search?q=beauty&author=Oscar%20Wilde,426,0,0
1782356349540,165,HTTP Request,200,OK,Author Query 5-5,text,true,,263,155,10,70,http://localhost:8080/search?q=beauty&author=Oscar%20Wilde,165,0,0
1782356349375,331,HTTP Request,200,OK,Author Query 5-10,text,true,,263,155,10,70,http://localhost:8080/search?q=beauty&author=Oscar%20Wilde,331,0,0
1782356349378,328,HTTP Request,200,OK,Author Query 5-9,text,true,,263,155,10,70,http://localhost:8080/search?q=beauty&author=Oscar%20Wilde,328,0,0
1782356349577,140,HTTP Request,200,OK,Author Query 5-4,text,true,,263,155,10,70,http://localhost:8080/search?q=beauty&author=Oscar%20Wilde,140,0,0
1782356349629,114,HTTP Request,200,OK,Author Query 5-2,text,true,,263,155,10,70,http://localhost:8080/search?q=beauty&author=Oscar%20Wilde,114,0,0
1782356349511,239,HTTP Request,200,OK,Author Query 5-6,text,true,,263,155,10,70,http://localhost:8080/search?q=beauty&author=Oscar%20Wilde,239,0,0
1782356349695,103,HTTP Request,200,OK,Author Query 5-3,text,true,,263,155,10,70,http://localhost:8080/search?q=beauty&author=Oscar%20Wilde,103,0,0
1782356349705,146,HTTP Request,200,OK,Author Query 5-5,text,true,,263,155,10,70,http://localhost:8080/search?q=beauty&author=Oscar%20Wilde,146,0,0
1782356349706,157,HTTP Request,200,OK,Author Query 5-10,text,true,,263,155,10,70,http://localhost:8080/search?q=beauty&author=Oscar%20Wilde,157,0,0
1782356349695,169,HTTP Request,200,OK,Author Query 5-1,text,true,,263,155,10,70,http://localhost:8080/search?q=beauty&author=Oscar%20Wilde,169,0,0
1782356349667,201,HTTP Request,200,OK,Author Query 5-8,text,true,,263,155,10,70,http://localhost:8080/search?q=beauty&author=Oscar%20Wilde,201,0,0
1782356349706,181,HTTP Request,200,OK,Author Query 5-9,text,true,,263,155,10,70,http://localhost:8080/search?q=beauty&author=Oscar%20Wilde,181,0,0
1782356349743,145,HTTP Request,200,OK,Author Query 5-2,text,true,,263,155,10,70,http://localhost:8080/search?q=beauty&author=Oscar%20Wilde,145,0,0
1782356349750,183,HTTP Request,200,OK,Author Query 5-6,text,true,,263,155,10,70,http://localhost:8080/search?q=beauty&author=Oscar%20Wilde,183,0,0
1782356349705,240,HTTP Request,200,OK,Author Query 5-7,text,true,,263,155,10,70,http://localhost:8080/search?q=beauty&author=Oscar%20Wilde,240,0,0
1782356349888,109,HTTP Request,200,OK,Author Query 5-9,text,true,,263,155,10,70,http://localhost:8080/search?q=beauty&author=Oscar%20Wilde,109,0,0
1782356349890,112,HTTP Request,200,OK,Author Query 5-2,text,true,,263,155,10,70,http://localhost:8080/search?q=beauty&author=Oscar%20Wilde,112,0,0
1782356349852,151,HTTP Request,200,OK,Author Query 5-5,text,true,,263,155,10,70,http://localhost:8080/search?q=beauty&author=Oscar%20Wilde,151,0,0
1782356349798,205,HTTP Request,200,OK,Author Query 5-3,text,true,,263,155,10,70,http://localhost:8080/search?q=beauty&author=Oscar%20Wilde,205,0,0
1782356349718,301,HTTP Request,200,OK,Author Query 5-4,text,true,,263,155,10,70,http://localhost:8080/search?q=beauty&author=Oscar%20Wilde,301,0,0
1782356349863,159,HTTP Request,200,OK,Author Query 5-10,text,true,,263,155,10,70,http://localhost:8080/search?q=beauty&author=Oscar%20Wilde,159,0,0
1782356349945,79,HTTP Request,200,OK,Author Query 5-7,text,true,,263,155,10,70,http://localhost:8080/search?q=beauty&author=Oscar%20Wilde,79,0,0
1782356349869,174,HTTP Request,200,OK,Author Query 5-8,text,true,,263,155,10,70,http://localhost:8080/search?q=beauty&author=Oscar%20Wilde,174,0,0
1782356349864,181,HTTP Request,200,OK,Author Query 5-1,text,true,,263,155,10,70,http://localhost:8080/search?q=beauty&author=Oscar%20Wilde,181,0,0
1782356349933,146,HTTP Request,200,OK,Author Query 5-6,text,true,,263,155,10,70,http://localhost:8080/search?q=beauty&author=Oscar%20Wilde,146,0,0
1782356350003,127,HTTP Request,200,OK,Author Query 5-2,text,true,,263,155,10,70,http://localhost:8080/search?q=beauty&author=Oscar%20Wilde,127,0,0
1782356350019,111,HTTP Request,200,OK,Author Query 5-4,text,true,,263,155,10,70,http://localhost:8080/search?q=beauty&author=Oscar%20Wilde,111,0,0
1782356350003,159,HTTP Request,200,OK,Author Query 5-5,text,true,,263,155,10,70,http://localhost:8080/search?q=beauty&author=Oscar%20Wilde,159,0,0
1782356349998,165,HTTP Request,200,OK,Author Query 5-9,text,true,,263,155,10,70,http://localhost:8080/search?q=beauty&author=Oscar%20Wilde,165,0,0
1782356350003,160,HTTP Request,200,OK,Author Query 5-3,text,true,,263,155,10,70,http://localhost:8080/search?q=beauty&author=Oscar%20Wilde,160,0,0
1782356350024,140,HTTP Request,200,OK,Author Query 5-7,text,true,,263,155,10,70,http://localhost:8080/search?q=beauty&author=Oscar%20Wilde,140,0,0
1782356350023,184,HTTP Request,200,OK,Author Query 5-10,text,true,,263,155,10,70,http://localhost:8080/search?q=beauty&author=Oscar%20Wilde,184,0,0
1782356350079,187,HTTP Request,200,OK,Author Query 5-6,text,true,,263,155,10,70,http://localhost:8080/search?q=beauty&author=Oscar%20Wilde,187,0,0
1782356350130,186,HTTP Request,200,OK,Author Query 5-2,text,true,,263,155,10,70,http://localhost:8080/search?q=beauty&author=Oscar%20Wilde,186,0,0
1782356350130,443,HTTP Request,200,OK,Author Query 5-4,text,true,,263,155,10,70,http://localhost:8080/search?q=beauty&author=Oscar%20Wilde,443,0,0
1782356350207,515,HTTP Request,200,OK,Author Query 5-10,text,true,,263,155,10,70,http://localhost:8080/search?q=beauty&author=Oscar%20Wilde,515,0,0
1782356350045,693,HTTP Request,200,OK,Author Query 5-1,text,true,,263,155,10,70,http://localhost:8080/search?q=beauty&author=Oscar%20Wilde,693,0,0
1782356350266,486,HTTP Request,200,OK,Author Query 5-6,text,true,,263,155,10,70,http://localhost:8080/search?q=beauty&author=Oscar%20Wilde,486,0,0
1782356350044,711,HTTP Request,200,OK,Author Query 5-8,text,true,,263,155,10,70,http://localhost:8080/search?q=beauty&author=Oscar%20Wilde,711,0,0
1782356350162,600,HTTP Request,200,OK,Author Query 5-5,text,true,,263,155,10,70,http://localhost:8080/search?q=beauty&author=Oscar%20Wilde,600,0,0
1782356350164,599,HTTP Request,200,OK,Author Query 5-3,text,true,,263,155,10,70,http://localhost:8080/search?q=beauty&author=Oscar%20Wilde,599,0,0
1782356350164,619,HTTP Request,200,OK,Author Query 5-7,text,true,,263,155,10,70,http://localhost:8080/search?q=beauty&author=Oscar%20Wilde,619,0,0
1782356350163,653,HTTP Request,200,OK,Author Query 5-9,text,true,,263,155,10,70,http://localhost:8080/search?q=beauty&author=Oscar%20Wilde,653,0,0
1782356350318,499,HTTP Request,200,OK,Author Query 5-2,text,true,,263,155,10,70,http://localhost:8080/search?q=beauty&author=Oscar%20Wilde,499,0,0
1782356350573,249,HTTP Request,200,OK,Author Query 5-4,text,true,,263,155,10,70,http://localhost:8080/search?q=beauty&author=Oscar%20Wilde,249,0,0
1782356350739,104,HTTP Request,200,OK,Author Query 5-1,text,true,,263,155,10,70,http://localhost:8080/search?q=beauty&author=Oscar%20Wilde,104,0,0
1782356350755,88,HTTP Request,200,OK,Author Query 5-8,text,true,,263,155,10,70,http://localhost:8080/search?q=beauty&author=Oscar%20Wilde,88,0,0
1782356350817,88,HTTP Request,200,OK,Author Query 5-9,text,true,,263,155,10,70,http://localhost:8080/search?q=beauty&author=Oscar%20Wilde,88,0,0
1782356350752,186,HTTP Request,200,OK,Author Query 5-6,text,true,,263,155,10,70,http://localhost:8080/search?q=beauty&author=Oscar%20Wilde,186,0,0
1782356350763,175,HTTP Request,200,OK,Author Query 5-3,text,true,,263,155,10,70,http://localhost:8080/search?q=beauty&author=Oscar%20Wilde,175,0,0
1782356350783,156,HTTP Request,200,OK,Author Query 5-7,text,true,,263,155,10,70,http://localhost:8080/search?q=beauty&author=Oscar%20Wilde,156,0,0
1782356350763,177,HTTP Request,200,OK,Author Query 5-5,text,true,,263,155,10,70,http://localhost:8080/search?q=beauty&author=Oscar%20Wilde,176,0,0
1782356350723,228,HTTP Request,200,OK,Author Query 5-10,text,true,,263,155,10,70,http://localhost:8080/search?q=beauty&author=Oscar%20Wilde,228,0,0
1782356350822,129,HTTP Request,200,OK,Author Query 5-4,text,true,,263,155,10,70,http://localhost:8080/search?q=beauty&author=Oscar%20Wilde,129,0,0
1782356350817,145,HTTP Request,200,OK,Author Query 5-2,text,true,,263,155,10,70,http://localhost:8080/search?q=beauty&author=Oscar%20Wilde,145,0,0
1782356350843,179,HTTP Request,200,OK,Author Query 5-1,text,true,,263,155,10,70,http://localhost:8080/search?q=beauty&author=Oscar%20Wilde,179,0,0
1782356350843,185,HTTP Request,200,OK,Author Query 5-8,text,true,,263,155,10,70,http://localhost:8080/search?q=beauty&author=Oscar%20Wilde,185,0,0
1782356350905,123,HTTP Request,200,OK,Author Query 5-9,text,true,,263,155,10,70,http://localhost:8080/search?q=beauty&author=Oscar%20Wilde,123,0,0
1782356350938,134,HTTP Request,200,OK,Author Query 5-6,text,true,,263,155,10,70,http://localhost:8080/search?q=beauty&author=Oscar%20Wilde,134,0,0
1782356350940,141,HTTP Request,200,OK,Author Query 5-5,text,true,,263,155,10,70,http://localhost:8080/search?q=beauty&author=Oscar%20Wilde,141,0,0
1782356350938,143,HTTP Request,200,OK,Author Query 5-3,text,true,,263,155,10,70,http://localhost:8080/search?q=beauty&author=Oscar%20Wilde,143,0,0
1782356350939,143,HTTP Request,200,OK,Author Query 5-7,text,true,,263,155,10,70,http://localhost:8080/search?q=beauty&author=Oscar%20Wilde,143,0,0
1782356350951,159,HTTP Request,200,OK,Author Query 5-10,text,true,,263,155,10,70,http://localhost:8080/search?q=beauty&author=Oscar%20Wilde,159,0,0
1782356351023,91,HTTP Request,200,OK,Author Query 5-1,text,true,,263,155,10,70,http://localhost:8080/search?q=beauty&author=Oscar%20Wilde,91,0,0
1782356351028,92,HTTP Request,200,OK,Author Query 5-8,text,true,,263,155,10,70,http://localhost:8080/search?q=beauty&author=Oscar%20Wilde,92,0,0
1782356351028,92,HTTP Request,200,OK,Author Query 5-9,text,true,,263,155,10,70,http://localhost:8080/search?q=beauty&author=Oscar%20Wilde,92,0,0
1782356350952,191,HTTP Request,200,OK,Author Query 5-4,text,true,,263,155,10,70,http://localhost:8080/search?q=beauty&author=Oscar%20Wilde,191,0,0
1782356350962,182,HTTP Request,200,OK,Author Query 5-2,text,true,,263,155,10,70,http://localhost:8080/search?q=beauty&author=Oscar%20Wilde,182,0,0
1782356351081,137,HTTP Request,200,OK,Author Query 5-5,text,true,,263,155,10,70,http://localhost:8080/search?q=beauty&author=Oscar%20Wilde,137,0,0
1782356351110,132,HTTP Request,200,OK,Author Query 5-10,text,true,,263,155,10,70,http://localhost:8080/search?q=beauty&author=Oscar%20Wilde,132,0,0
1782356351114,128,HTTP Request,200,OK,Author Query 5-1,text,true,,263,155,10,70,http://localhost:8080/search?q=beauty&author=Oscar%20Wilde,128,0,0
1782356351082,162,HTTP Request,200,OK,Author Query 5-7,text,true,,263,155,10,70,http://localhost:8080/search?q=beauty&author=Oscar%20Wilde,162,0,0
1782356351072,188,HTTP Request,200,OK,Author Query 5-6,text,true,,263,155,10,70,http://localhost:8080/search?q=beauty&author=Oscar%20Wilde,188,0,0
1782356351081,196,HTTP Request,200,OK,Author Query 5-3,text,true,,263,155,10,70,http://localhost:8080/search?q=beauty&author=Oscar%20Wilde,196,0,0
1782356351144,134,HTTP Request,200,OK,Author Query 5-4,text,true,,263,155,10,70,http://localhost:8080/search?q=beauty&author=Oscar%20Wilde,134,0,0
1782356351145,133,HTTP Request,200,OK,Author Query 5-2,text,true,,263,155,10,70,http://localhost:8080/search?q=beauty&author=Oscar%20Wilde,133,0,0
1782356351121,183,HTTP Request,200,OK,Author Query 5-8,text,true,,263,155,10,70,http://localhost:8080/search?q=beauty&author=Oscar%20Wilde,183,0,0
1782356351218,88,HTTP Request,200,OK,Author Query 5-5,text,true,,263,155,10,70,http://localhost:8080/search?q=beauty&author=Oscar%20Wilde,88,0,0
1782356351121,185,HTTP Request,200,OK,Author Query 5-9,text,true,,263,155,10,70,http://localhost:8080/search?q=beauty&author=Oscar%20Wilde,185,0,0
1782356351242,66,HTTP Request,200,OK,Author Query 5-10,text,true,,263,155,10,70,http://localhost:8080/search?q=beauty&author=Oscar%20Wilde,66,0,0
1782356351242,71,HTTP Request,200,OK,Author Query 5-1,text,true,,263,155,10,70,http://localhost:8080/search?q=beauty&author=Oscar%20Wilde,71,0,0
1782356351244,97,HTTP Request,200,OK,Author Query 5-7,text,true,,263,155,10,70,http://localhost:8080/search?q=beauty&author=Oscar%20Wilde,97,0,0
1782356351278,100,HTTP Request,200,OK,Author Query 5-4,text,true,,263,155,10,70,http://localhost:8080/search?q=beauty&author=Oscar%20Wilde,100,0,0
1782356351277,101,HTTP Request,200,OK,Author Query 5-3,text,true,,263,155,10,70,http://localhost:8080/search?q=beauty&author=Oscar%20Wilde,101,0,0
1782356351260,139,HTTP Request,200,OK,Author Query 5-6,text,true,,263,155,10,70,http://localhost:8080/search?q=beauty&author=Oscar%20Wilde,139,0,0
1782356351306,107,HTTP Request,200,OK,Author Query 5-5,text,true,,263,155,10,70,http://localhost:8080/search?q=beauty&author=Oscar%20Wilde,107,0,0
1782356351305,109,HTTP Request,200,OK,Author Query 5-8,text,true,,263,155,10,70,http://localhost:8080/search?q=beauty&author=Oscar%20Wilde,109,0,0
1782356351308,108,HTTP Request,200,OK,Author Query 5-10,text,true,,263,155,10,70,http://localhost:8080/search?q=beauty&author=Oscar%20Wilde,108,0,0
1782356351342,74,HTTP Request,200,OK,Author Query 5-7,text,true,,263,155,10,70,http://localhost:8080/search?q=beauty&author=Oscar%20Wilde,74,0,0
1782356351306,110,HTTP Request,200,OK,Author Query 5-9,text,true,,263,155,10,70,http://localhost:8080/search?q=beauty&author=Oscar%20Wilde,110,0,0
1782356351314,102,HTTP Request,200,OK,Author Query 5-1,text,true,,263,155,10,70,http://localhost:8080/search?q=beauty&author=Oscar%20Wilde,102,0,0
1782356351278,152,HTTP Request,200,OK,Author Query 5-2,text,true,,263,155,10,70,http://localhost:8080/search?q=beauty&author=Oscar%20Wilde,152,0,0
1782356351431,120,HTTP Request,200,OK,Author Query 5-2,text,true,,263,155,10,70,http://localhost:8080/search?q=beauty&author=Oscar%20Wilde,120,0,0
1782356351416,146,HTTP Request,200,OK,Author Query 5-7,text,true,,263,155,10,70,http://localhost:8080/search?q=beauty&author=Oscar%20Wilde,146,0,0
1782356351379,184,HTTP Request,200,OK,Author Query 5-3,text,true,,263,155,10,70,http://localhost:8080/search?q=beauty&author=Oscar%20Wilde,184,0,0
1782356351379,184,HTTP Request,200,OK,Author Query 5-4,text,true,,263,155,10,70,http://localhost:8080/search?q=beauty&author=Oscar%20Wilde,184,0,0
1782356351400,164,HTTP Request,200,OK,Author Query 5-6,text,true,,263,155,10,70,http://localhost:8080/search?q=beauty&author=Oscar%20Wilde,164,0,0
1782356351416,148,HTTP Request,200,OK,Author Query 5-9,text,true,,263,155,10,70,http://localhost:8080/search?q=beauty&author=Oscar%20Wilde,148,0,0
1782356351413,152,HTTP Request,200,OK,Author Query 5-5,text,true,,263,155,10,70,http://localhost:8080/search?q=beauty&author=Oscar%20Wilde,152,0,0
1782356351414,151,HTTP Request,200,OK,Author Query 5-8,text,true,,263,155,10,70,http://localhost:8080/search?q=beauty&author=Oscar%20Wilde,151,0,0
1782356351416,150,HTTP Request,200,OK,Author Query 5-10,text,true,,263,155,10,70,http://localhost:8080/search?q=beauty&author=Oscar%20Wilde,150,0,0
1782356351417,149,HTTP Request,200,OK,Author Query 5-1,text,true,,263,155,10,70,http://localhost:8080/search?q=beauty&author=Oscar%20Wilde,149,0,0
1782356351552,88,HTTP Request,200,OK,Author Query 5-2,text,true,,263,155,10,70,http://localhost:8080/search?q=beauty&author=Oscar%20Wilde,88,0,0
1782356351564,109,HTTP Request,200,OK,Author Query 5-4,text,true,,263,155,10,70,http://localhost:8080/search?q=beauty&author=Oscar%20Wilde,109,0,0
1782356351566,157,HTTP Request,200,OK,Author Query 5-1,text,true,,263,155,10,70,http://localhost:8080/search?q=beauty&author=Oscar%20Wilde,157,0,0
1782356351564,160,HTTP Request,200,OK,Author Query 5-6,text,true,,263,155,10,70,http://localhost:8080/search?q=beauty&author=Oscar%20Wilde,160,0,0
1782356351565,159,HTTP Request,200,OK,Author Query 5-9,text,true,,263,155,10,70,http://localhost:8080/search?q=beauty&author=Oscar%20Wilde,159,0,0
1782356351565,162,HTTP Request,200,OK,Author Query 5-8,text,true,,263,155,10,70,http://localhost:8080/search?q=beauty&author=Oscar%20Wilde,162,0,0
1782356351640,114,HTTP Request,200,OK,Author Query 5-2,text,true,,263,155,10,70,http://localhost:8080/search?q=beauty&author=Oscar%20Wilde,114,0,0
1782356351564,191,HTTP Request,200,OK,Author Query 5-3,text,true,,263,155,10,70,http://localhost:8080/search?q=beauty&author=Oscar%20Wilde,191,0,0
1782356351562,193,HTTP Request,200,OK,Author Query 5-7,text,true,,263,155,10,70,http://localhost:8080/search?q=beauty&author=Oscar%20Wilde,193,0,0
1782356351565,193,HTTP Request,200,OK,Author Query 5-5,text,true,,263,155,10,70,http://localhost:8080/search?q=beauty&author=Oscar%20Wilde,193,0,0
1782356351566,192,HTTP Request,200,OK,Author Query 5-10,text,true,,263,155,10,70,http://localhost:8080/search?q=beauty&author=Oscar%20Wilde,192,0,0
1782356351674,89,HTTP Request,200,OK,Author Query 5-4,text,true,,263,155,10,70,http://localhost:8080/search?q=beauty&author=Oscar%20Wilde,89,0,0
1782356351724,139,HTTP Request,200,OK,Author Query 5-6,text,true,,263,155,10,70,http://localhost:8080/search?q=beauty&author=Oscar%20Wilde,139,0,0
1782356351725,138,HTTP Request,200,OK,Author Query 5-9,text,true,,263,155,10,70,http://localhost:8080/search?q=beauty&author=Oscar%20Wilde,138,0,0
1782356351727,136,HTTP Request,200,OK,Author Query 5-8,text,true,,263,155,10,70,http://localhost:8080/search?q=beauty&author=Oscar%20Wilde,136,0,0
1782356351724,139,HTTP Request,200,OK,Author Query 5-1,text,true,,263,155,10,70,http://localhost:8080/search?q=beauty&author=Oscar%20Wilde,139,0,0
1782356351758,125,HTTP Request,200,OK,Author Query 5-5,text,true,,263,155,10,70,http://localhost:8080/search?q=beauty&author=Oscar%20Wilde,125,0,0
1782356351755,149,HTTP Request,200,OK,Author Query 5-3,text,true,,263,155,10,70,http://localhost:8080/search?q=beauty&author=Oscar%20Wilde,149,0,0
1782356351754,150,HTTP Request,200,OK,Author Query 5-2,text,true,,263,155,10,70,http://localhost:8080/search?q=beauty&author=Oscar%20Wilde,150,0,0
1782356351755,168,HTTP Request,200,OK,Author Query 5-7,text,true,,263,155,10,70,http://localhost:8080/search?q=beauty&author=Oscar%20Wilde,168,0,0
1782356351758,192,HTTP Request,200,OK,Author Query 5-10,text,true,,263,155,10,70,http://localhost:8080/search?q=beauty&author=Oscar%20Wilde,192,0,0
1782356351763,195,HTTP Request,200,OK,Author Query 5-4,text,true,,263,155,10,70,http://localhost:8080/search?q=beauty&author=Oscar%20Wilde,195,0,0
1782356351864,103,HTTP Request,200,OK,Author Query 5-6,text,true,,263,155,10,70,http://localhost:8080/search?q=beauty&author=Oscar%20Wilde,103,0,0
1782356351864,103,HTTP Request,200,OK,Author Query 5-9,text,true,,263,155,10,70,http://localhost:8080/search?q=beauty&author=Oscar%20Wilde,103,0,0
1782356351864,103,HTTP Request,200,OK,Author Query 5-1,text,true,,263,155,10,70,http://localhost:8080/search?q=beauty&author=Oscar%20Wilde,103,0,0
1782356351864,167,HTTP Request,200,OK,Author Query 5-8,text,true,,263,155,10,70,http://localhost:8080/search?q=beauty&author=Oscar%20Wilde,167,0,0
1782356351905,202,HTTP Request,200,OK,Author Query 5-3,text,true,,263,155,10,70,http://localhost:8080/search?q=beauty&author=Oscar%20Wilde,202,0,0
1782356351886,221,HTTP Request,200,OK,Author Query 5-5,text,true,,263,155,10,70,http://localhost:8080/search?q=beauty&author=Oscar%20Wilde,221,0,0
1782356351967,141,HTTP Request,200,OK,Author Query 5-9,text,true,,263,155,10,70,http://localhost:8080/search?q=beauty&author=Oscar%20Wilde,141,0,0
1782356351967,141,HTTP Request,200,OK,Author Query 5-1,text,true,,263,155,10,70,http://localhost:8080/search?q=beauty&author=Oscar%20Wilde,141,0,0
1782356351967,144,HTTP Request,200,OK,Author Query 5-6,text,true,,263,155,10,70,http://localhost:8080/search?q=beauty&author=Oscar%20Wilde,144,0,0
1782356352032,97,HTTP Request,200,OK,Author Query 5-8,text,true,,263,155,10,70,http://localhost:8080/search?q=beauty&author=Oscar%20Wilde,97,0,0
1782356351960,240,HTTP Request,200,OK,Author Query 5-4,text,true,,263,155,10,70,http://localhost:8080/search?q=beauty&author=Oscar%20Wilde,240,0,0
1782356352109,142,HTTP Request,200,OK,Author Query 5-5,text,true,,263,155,10,70,http://localhost:8080/search?q=beauty&author=Oscar%20Wilde,142,0,0
1782356352108,144,HTTP Request,200,OK,Author Query 5-1,text,true,,263,155,10,70,http://localhost:8080/search?q=beauty&author=Oscar%20Wilde,144,0,0
1782356352107,145,HTTP Request,200,OK,Author Query 5-3,text,true,,263,155,10,70,http://localhost:8080/search?q=beauty&author=Oscar%20Wilde,145,0,0
1782356352108,145,HTTP Request,200,OK,Author Query 5-9,text,true,,263,155,10,70,http://localhost:8080/search?q=beauty&author=Oscar%20Wilde,145,0,0
1782356351925,328,HTTP Request,200,OK,Author Query 5-7,text,true,,263,155,10,70,http://localhost:8080/search?q=beauty&author=Oscar%20Wilde,328,0,0
1782356352112,141,HTTP Request,200,OK,Author Query 5-6,text,true,,263,155,10,70,http://localhost:8080/search?q=beauty&author=Oscar%20Wilde,141,0,0
1782356351906,348,HTTP Request,200,OK,Author Query 5-2,text,true,,263,155,10,70,http://localhost:8080/search?q=beauty&author=Oscar%20Wilde,348,0,0
1782356351952,302,HTTP Request,200,OK,Author Query 5-10,text,true,,263,155,10,70,http://localhost:8080/search?q=beauty&author=Oscar%20Wilde,302,0,0
1782356352130,144,HTTP Request,200,OK,Author Query 5-8,text,true,,263,155,10,70,http://localhost:8080/search?q=beauty&author=Oscar%20Wilde,144,0,0
1782356352253,139,HTTP Request,200,OK,Author Query 5-7,text,true,,263,155,10,70,http://localhost:8080/search?q=beauty&author=Oscar%20Wilde,139,0,0
1782356352203,190,HTTP Request,200,OK,Author Query 5-4,text,true,,263,155,10,70,http://localhost:8080/search?q=beauty&author=Oscar%20Wilde,190,0,0
1782356352254,157,HTTP Request,200,OK,Author Query 5-10,text,true,,263,155,10,70,http://localhost:8080/search?q=beauty&author=Oscar%20Wilde,157,0,0
1782356352275,136,HTTP Request,200,OK,Author Query 5-8,text,true,,263,155,10,70,http://localhost:8080/search?q=beauty&author=Oscar%20Wilde,136,0,0
1782356352254,158,HTTP Request,200,OK,Author Query 5-2,text,true,,263,155,10,70,http://localhost:8080/search?q=beauty&author=Oscar%20Wilde,158,0,0
1782356352252,160,HTTP Request,200,OK,Author Query 5-5,text,true,,263,155,10,70,http://localhost:8080/search?q=beauty&author=Oscar%20Wilde,160,0,0
1782356352252,160,HTTP Request,200,OK,Author Query 5-3,text,true,,263,155,10,70,http://localhost:8080/search?q=beauty&author=Oscar%20Wilde,160,0,0
1782356352253,201,HTTP Request,200,OK,Author Query 5-9,text,true,,263,155,10,70,http://localhost:8080/search?q=beauty&author=Oscar%20Wilde,201,0,0
1782356352253,208,HTTP Request,200,OK,Author Query 5-6,text,true,,263,155,10,70,http://localhost:8080/search?q=beauty&author=Oscar%20Wilde,207,0,0
1782356352252,209,HTTP Request,200,OK,Author Query 5-1,text,true,,263,155,10,70,http://localhost:8080/search?q=beauty&author=Oscar%20Wilde,209,0,0
1782356352392,95,HTTP Request,200,OK,Author Query 5-7,text,true,,263,155,10,70,http://localhost:8080/search?q=beauty&author=Oscar%20Wilde,95,0,0
1782356352393,168,HTTP Request,200,OK,Author Query 5-4,text,true,,263,155,10,70,http://localhost:8080/search?q=beauty&author=Oscar%20Wilde,168,0,0
1782356352461,160,HTTP Request,200,OK,Author Query 5-6,text,true,,263,155,10,70,http://localhost:8080/search?q=beauty&author=Oscar%20Wilde,160,0,0
1782356352411,214,HTTP Request,200,OK,Author Query 5-10,text,true,,263,155,10,70,http://localhost:8080/search?q=beauty&author=Oscar%20Wilde,214,0,0
1782356352487,140,HTTP Request,200,OK,Author Query 5-7,text,true,,263,155,10,70,http://localhost:8080/search?q=beauty&author=Oscar%20Wilde,140,0,0
1782356352412,216,HTTP Request,200,OK,Author Query 5-3,text,true,,263,155,10,70,http://localhost:8080/search?q=beauty&author=Oscar%20Wilde,216,0,0
1782356352412,218,HTTP Request,200,OK,Author Query 5-2,text,true,,263,155,10,70,http://localhost:8080/search?q=beauty&author=Oscar%20Wilde,218,0,0
1782356352455,175,HTTP Request,200,OK,Author Query 5-9,text,true,,263,155,10,70,http://localhost:8080/search?q=beauty&author=Oscar%20Wilde,175,0,0
1782356352412,229,HTTP Request,200,OK,Author Query 5-8,text,true,,263,155,10,70,http://localhost:8080/search?q=beauty&author=Oscar%20Wilde,229,0,0
1782356352412,230,HTTP Request,200,OK,Author Query 5-5,text,true,,263,155,10,70,http://localhost:8080/search?q=beauty&author=Oscar%20Wilde,230,0,0
1782356352462,180,HTTP Request,200,OK,Author Query 5-1,text,true,,263,155,10,70,http://localhost:8080/search?q=beauty&author=Oscar%20Wilde,180,0,0
1782356352561,105,HTTP Request,200,OK,Author Query 5-4,text,true,,263,155,10,70,http://localhost:8080/search?q=beauty&author=Oscar%20Wilde,105,0,0
1782356352628,125,HTTP Request,200,OK,Author Query 5-7,text,true,,263,155,10,70,http://localhost:8080/search?q=beauty&author=Oscar%20Wilde,125,0,0
1782356352622,132,HTTP Request,200,OK,Author Query 5-6,text,true,,263,155,10,70,http://localhost:8080/search?q=beauty&author=Oscar%20Wilde,132,0,0
1782356352630,124,HTTP Request,200,OK,Author Query 5-2,text,true,,263,155,10,70,http://localhost:8080/search?q=beauty&author=Oscar%20Wilde,124,0,0
1782356352625,130,HTTP Request,200,OK,Author Query 5-10,text,true,,263,155,10,70,http://localhost:8080/search?q=beauty&author=Oscar%20Wilde,130,0,0
1782356352667,89,HTTP Request,200,OK,Author Query 5-4,text,true,,263,155,10,70,http://localhost:8080/search?q=beauty&author=Oscar%20Wilde,89,0,0
1782356352641,116,HTTP Request,200,OK,Author Query 5-8,text,true,,263,155,10,70,http://localhost:8080/search?q=beauty&author=Oscar%20Wilde,116,0,0
1782356352642,115,HTTP Request,200,OK,Author Query 5-1,text,true,,263,155,10,70,http://localhost:8080/search?q=beauty&author=Oscar%20Wilde,115,0,0
1782356352628,129,HTTP Request,200,OK,Author Query 5-3,text,true,,263,155,10,70,http://localhost:8080/search?q=beauty&author=Oscar%20Wilde,129,0,0
1782356352631,155,HTTP Request,200,OK,Author Query 5-9,text,true,,263,155,10,70,http://localhost:8080/search?q=beauty&author=Oscar%20Wilde,155,0,0
1782356352642,194,HTTP Request,200,OK,Author Query 5-5,text,true,,263,155,10,70,http://localhost:8080/search?q=beauty&author=Oscar%20Wilde,194,0,0
1782356352753,103,HTTP Request,200,OK,Author Query 5-7,text,true,,263,155,10,70,http://localhost:8080/search?q=beauty&author=Oscar%20Wilde,103,0,0
1782356352755,103,HTTP Request,200,OK,Author Query 5-10,text,true,,263,155,10,70,http://localhost:8080/search?q=beauty&author=Oscar%20Wilde,103,0,0
1782356352754,105,HTTP Request,200,OK,Author Query 5-2,text,true,,263,155,10,70,http://localhost:8080/search?q=beauty&author=Oscar%20Wilde,105,0,0
1782356352757,103,HTTP Request,200,OK,Author Query 5-1,text,true,,263,155,10,70,http://localhost:8080/search?q=beauty&author=Oscar%20Wilde,103,0,0
1782356352757,120,HTTP Request,200,OK,Author Query 5-3,text,true,,263,155,10,70,http://localhost:8080/search?q=beauty&author=Oscar%20Wilde,120,0,0
1782356352757,120,HTTP Request,200,OK,Author Query 5-8,text,true,,263,155,10,70,http://localhost:8080/search?q=beauty&author=Oscar%20Wilde,120,0,0
1782356352754,123,HTTP Request,200,OK,Author Query 5-6,text,true,,263,155,10,70,http://localhost:8080/search?q=beauty&author=Oscar%20Wilde,123,0,0
1782356352756,124,HTTP Request,200,OK,Author Query 5-4,text,true,,263,155,10,70,http://localhost:8080/search?q=beauty&author=Oscar%20Wilde,124,0,0
1782356352786,164,HTTP Request,200,OK,Author Query 5-9,text,true,,263,155,10,70,http://localhost:8080/search?q=beauty&author=Oscar%20Wilde,164,0,0
1782356352858,110,HTTP Request,200,OK,Author Query 5-10,text,true,,263,155,10,70,http://localhost:8080/search?q=beauty&author=Oscar%20Wilde,110,0,0
1782356352860,109,HTTP Request,200,OK,Author Query 5-1,text,true,,263,155,10,70,http://localhost:8080/search?q=beauty&author=Oscar%20Wilde,109,0,0
1782356352877,97,HTTP Request,200,OK,Author Query 5-8,text,true,,263,155,10,70,http://localhost:8080/search?q=beauty&author=Oscar%20Wilde,97,0,0
1782356352877,98,HTTP Request,200,OK,Author Query 5-3,text,true,,263,155,10,70,http://localhost:8080/search?q=beauty&author=Oscar%20Wilde,98,0,0
1782356352877,99,HTTP Request,200,OK,Author Query 5-6,text,true,,263,155,10,70,http://localhost:8080/search?q=beauty&author=Oscar%20Wilde,99,0,0
1782356352880,97,HTTP Request,200,OK,Author Query 5-4,text,true,,263,155,10,70,http://localhost:8080/search?q=beauty&author=Oscar%20Wilde,97,0,0
1782356352836,155,HTTP Request,200,OK,Author Query 5-5,text,true,,263,155,10,70,http://localhost:8080/search?q=beauty&author=Oscar%20Wilde,155,0,0
1782356352857,156,HTTP Request,200,OK,Author Query 5-7,text,true,,263,155,10,70,http://localhost:8080/search?q=beauty&author=Oscar%20Wilde,156,0,0
1782356352860,153,HTTP Request,200,OK,Author Query 5-2,text,true,,263,155,10,70,http://localhost:8080/search?q=beauty&author=Oscar%20Wilde,153,0,0
1782356352969,180,HTTP Request,200,OK,Author Query 5-1,text,true,,263,155,10,70,http://localhost:8080/search?q=beauty&author=Oscar%20Wilde,180,0,0
1782356352978,176,HTTP Request,200,OK,Author Query 5-4,text,true,,263,155,10,70,http://localhost:8080/search?q=beauty&author=Oscar%20Wilde,176,0,0
1782356353013,147,HTTP Request,200,OK,Author Query 5-2,text,true,,263,155,10,70,http://localhost:8080/search?q=beauty&author=Oscar%20Wilde,147,0,0
1782356352976,188,HTTP Request,200,OK,Author Query 5-6,text,true,,263,155,10,70,http://localhost:8080/search?q=beauty&author=Oscar%20Wilde,188,0,0
1782356352969,196,HTTP Request,200,OK,Author Query 5-10,text,true,,263,155,10,70,http://localhost:8080/search?q=beauty&author=Oscar%20Wilde,196,0,0
1782356352991,199,HTTP Request,200,OK,Author Query 5-5,text,true,,263,155,10,70,http://localhost:8080/search?q=beauty&author=Oscar%20Wilde,199,0,0
1782356352974,217,HTTP Request,200,OK,Author Query 5-8,text,true,,263,155,10,70,http://localhost:8080/search?q=beauty&author=Oscar%20Wilde,217,0,0
1782356352950,246,HTTP Request,200,OK,Author Query 5-9,text,true,,263,155,10,70,http://localhost:8080/search?q=beauty&author=Oscar%20Wilde,246,0,0
1782356353013,183,HTTP Request,200,OK,Author Query 5-7,text,true,,263,155,10,70,http://localhost:8080/search?q=beauty&author=Oscar%20Wilde,183,0,0
1782356352975,221,HTTP Request,200,OK,Author Query 5-3,text,true,,263,155,10,70,http://localhost:8080/search?q=beauty&author=Oscar%20Wilde,221,0,0
1782356353152,164,HTTP Request,200,OK,Author Query 5-1,text,true,,263,155,10,70,http://localhost:8080/search?q=beauty&author=Oscar%20Wilde,164,0,0
1782356353165,172,HTTP Request,200,OK,Author Query 5-6,text,true,,263,155,10,70,http://localhost:8080/search?q=beauty&author=Oscar%20Wilde,172,0,0
1782356353161,183,HTTP Request,200,OK,Author Query 5-2,text,true,,263,155,10,70,http://localhost:8080/search?q=beauty&author=Oscar%20Wilde,183,0,0
1782356353155,202,HTTP Request,200,OK,Author Query 5-4,text,true,,263,155,10,70,http://localhost:8080/search?q=beauty&author=Oscar%20Wilde,202,0,0
1782356353191,173,HTTP Request,200,OK,Author Query 5-8,text,true,,263,155,10,70,http://localhost:8080/search?q=beauty&author=Oscar%20Wilde,173,0,0
1782356353166,209,HTTP Request,200,OK,Author Query 5-10,text,true,,263,155,10,70,http://localhost:8080/search?q=beauty&author=Oscar%20Wilde,209,0,0
1782356353190,190,HTTP Request,200,OK,Author Query 5-5,text,true,,263,155,10,70,http://localhost:8080/search?q=beauty&author=Oscar%20Wilde,190,0,0
1782356353196,257,HTTP Request,200,OK,Author Query 5-9,text,true,,263,155,10,70,http://localhost:8080/search?q=beauty&author=Oscar%20Wilde,257,0,0
1782356353197,259,HTTP Request,200,OK,Author Query 5-7,text,true,,263,155,10,70,http://localhost:8080/search?q=beauty&author=Oscar%20Wilde,259,0,0
1782356353197,261,HTTP Request,200,OK,Author Query 5-3,text,true,,263,155,10,70,http://localhost:8080/search?q=beauty&author=Oscar%20Wilde,261,0,0
1782356353344,179,HTTP Request,200,OK,Author Query 5-2,text,true,,263,155,10,70,http://localhost:8080/search?q=beauty&author=Oscar%20Wilde,179,0,0
1782356353317,207,HTTP Request,200,OK,Author Query 5-1,text,true,,263,155,10,70,http://localhost:8080/search?q=beauty&author=Oscar%20Wilde,207,0,0
1782356353357,168,HTTP Request,200,OK,Author Query 5-4,text,true,,263,155,10,70,http://localhost:8080/search?q=beauty&author=Oscar%20Wilde,168,0,0
1782356353380,145,HTTP Request,200,OK,Author Query 5-5,text,true,,263,155,10,70,http://localhost:8080/search?q=beauty&author=Oscar%20Wilde,145,0,0
1782356353338,192,HTTP Request,200,OK,Author Query 5-6,text,true,,263,155,10,70,http://localhost:8080/search?q=beauty&author=Oscar%20Wilde,192,0,0
1782356353366,166,HTTP Request,200,OK,Author Query 5-8,text,true,,263,155,10,70,http://localhost:8080/search?q=beauty&author=Oscar%20Wilde,166,0,0
1782356353377,272,HTTP Request,200,OK,Author Query 5-10,text,true,,263,155,10,70,http://localhost:8080/search?q=beauty&author=Oscar%20Wilde,272,0,0
1782356353525,145,HTTP Request,200,OK,Author Query 5-4,text,true,,263,155,10,70,http://localhost:8080/search?q=beauty&author=Oscar%20Wilde,145,0,0
1782356353531,143,HTTP Request,200,OK,Author Query 5-6,text,true,,263,155,10,70,http://localhost:8080/search?q=beauty&author=Oscar%20Wilde,143,0,0
1782356353523,168,HTTP Request,200,OK,Author Query 5-2,text,true,,263,155,10,70,http://localhost:8080/search?q=beauty&author=Oscar%20Wilde,168,0,0
1782356353525,168,HTTP Request,200,OK,Author Query 5-1,text,true,,263,155,10,70,http://localhost:8080/search?q=beauty&author=Oscar%20Wilde,168,0,0
1782356353526,170,HTTP Request,200,OK,Author Query 5-5,text,true,,263,155,10,70,http://localhost:8080/search?q=beauty&author=Oscar%20Wilde,170,0,0
1782356353532,171,HTTP Request,200,OK,Author Query 5-8,text,true,,263,155,10,70,http://localhost:8080/search?q=beauty&author=Oscar%20Wilde,171,0,0
1782356353456,254,HTTP Request,200,OK,Author Query 5-7,text,true,,263,155,10,70,http://localhost:8080/search?q=beauty&author=Oscar%20Wilde,254,0,0
1782356353459,266,HTTP Request,200,OK,Author Query 5-3,text,true,,263,155,10,70,http://localhost:8080/search?q=beauty&author=Oscar%20Wilde,266,0,0
1782356353454,297,HTTP Request,200,OK,Author Query 5-9,text,true,,263,155,10,70,http://localhost:8080/search?q=beauty&author=Oscar%20Wilde,297,0,0
1782356353649,102,HTTP Request,200,OK,Author Query 5-10,text,true,,263,155,10,70,http://localhost:8080/search?q=beauty&author=Oscar%20Wilde,102,0,0
1782356353674,132,HTTP Request,200,OK,Author Query 5-6,text,true,,263,155,10,70,http://localhost:8080/search?q=beauty&author=Oscar%20Wilde,132,0,0
1782356353670,136,HTTP Request,200,OK,Author Query 5-4,text,true,,263,155,10,70,http://localhost:8080/search?q=beauty&author=Oscar%20Wilde,136,0,0
1782356353693,167,HTTP Request,200,OK,Author Query 5-1,text,true,,263,155,10,70,http://localhost:8080/search?q=beauty&author=Oscar%20Wilde,167,0,0
1782356353696,164,HTTP Request,200,OK,Author Query 5-5,text,true,,263,155,10,70,http://localhost:8080/search?q=beauty&author=Oscar%20Wilde,164,0,0
1782356353691,172,HTTP Request,200,OK,Author Query 5-2,text,true,,263,155,10,70,http://localhost:8080/search?q=beauty&author=Oscar%20Wilde,172,0,0
1782356353710,172,HTTP Request,200,OK,Author Query 5-7,text,true,,263,155,10,70,http://localhost:8080/search?q=beauty&author=Oscar%20Wilde,172,0,0
1782356353752,193,HTTP Request,200,OK,Author Query 5-10,text,true,,263,155,10,70,http://localhost:8080/search?q=beauty&author=Oscar%20Wilde,193,0,0
1782356353703,243,HTTP Request,200,OK,Author Query 5-8,text,true,,263,155,10,70,http://localhost:8080/search?q=beauty&author=Oscar%20Wilde,243,0,0
1782356353806,146,HTTP Request,200,OK,Author Query 5-6,text,true,,263,155,10,70,http://localhost:8080/search?q=beauty&author=Oscar%20Wilde,146,0,0
1782356353807,145,HTTP Request,200,OK,Author Query 5-4,text,true,,263,155,10,70,http://localhost:8080/search?q=beauty&author=Oscar%20Wilde,145,0,0
1782356353726,256,HTTP Request,200,OK,Author Query 5-3,text,true,,263,155,10,70,http://localhost:8080/search?q=beauty&author=Oscar%20Wilde,256,0,0
1782356353751,231,HTTP Request,200,OK,Author Query 5-9,text,true,,263,155,10,70,http://localhost:8080/search?q=beauty&author=Oscar%20Wilde,231,0,0
1782356353860,148,HTTP Request,200,OK,Author Query 5-5,text,true,,263,155,10,70,http://localhost:8080/search?q=beauty&author=Oscar%20Wilde,148,0,0
1782356353860,148,HTTP Request,200,OK,Author Query 5-1,text,true,,263,155,10,70,http://localhost:8080/search?q=beauty&author=Oscar%20Wilde,148,0,0
1782356353863,152,HTTP Request,200,OK,Author Query 5-2,text,true,,263,155,10,70,http://localhost:8080/search?q=beauty&author=Oscar%20Wilde,152,0,0
1782356353952,115,HTTP Request,200,OK,Author Query 5-6,text,true,,263,155,10,70,http://localhost:8080/search?q=beauty&author=Oscar%20Wilde,115,0,0
1782356353983,84,HTTP Request,200,OK,Author Query 5-9,text,true,,263,155,10,70,http://localhost:8080/search?q=beauty&author=Oscar%20Wilde,84,0,0
1782356353945,126,HTTP Request,200,OK,Author Query 5-10,text,true,,263,155,10,70,http://localhost:8080/search?q=beauty&author=Oscar%20Wilde,125,0,0
1782356353952,120,HTTP Request,200,OK,Author Query 5-4,text,true,,263,155,10,70,http://localhost:8080/search?q=beauty&author=Oscar%20Wilde,120,0,0
1782356353947,212,HTTP Request,200,OK,Author Query 5-8,text,true,,263,155,10,70,http://localhost:8080/search?q=beauty&author=Oscar%20Wilde,212,0,0
1782356353883,276,HTTP Request,200,OK,Author Query 5-7,text,true,,263,155,10,70,http://localhost:8080/search?q=beauty&author=Oscar%20Wilde,276,0,0
1782356354067,125,HTTP Request,200,OK,Author Query 5-6,text,true,,263,155,10,70,http://localhost:8080/search?q=beauty&author=Oscar%20Wilde,125,0,0
1782356354008,191,HTTP Request,200,OK,Author Query 5-5,text,true,,263,155,10,70,http://localhost:8080/search?q=beauty&author=Oscar%20Wilde,191,0,0
1782356354067,143,HTTP Request,200,OK,Author Query 5-9,text,true,,263,155,10,70,http://localhost:8080/search?q=beauty&author=Oscar%20Wilde,143,0,0
1782356354016,194,HTTP Request,200,OK,Author Query 5-2,text,true,,263,155,10,70,http://localhost:8080/search?q=beauty&author=Oscar%20Wilde,194,0,0
1782356354008,203,HTTP Request,200,OK,Author Query 5-1,text,true,,263,155,10,70,http://localhost:8080/search?q=beauty&author=Oscar%20Wilde,203,0,0
1782356354072,162,HTTP Request,200,OK,Author Query 5-4,text,true,,263,155,10,70,http://localhost:8080/search?q=beauty&author=Oscar%20Wilde,162,0,0
1782356354071,165,HTTP Request,200,OK,Author Query 5-10,text,true,,263,155,10,70,http://localhost:8080/search?q=beauty&author=Oscar%20Wilde,165,0,0
1782356353982,256,HTTP Request,200,OK,Author Query 5-3,text,true,,263,155,10,70,http://localhost:8080/search?q=beauty&author=Oscar%20Wilde,256,0,0
1782356354166,110,HTTP Request,200,OK,Author Query 5-7,text,true,,263,155,10,70,http://localhost:8080/search?q=beauty&author=Oscar%20Wilde,109,0,0
1782356354193,108,HTTP Request,200,OK,Author Query 5-6,text,true,,263,155,10,70,http://localhost:8080/search?q=beauty&author=Oscar%20Wilde,108,0,0
1782356354159,157,HTTP Request,200,OK,Author Query 5-8,text,true,,263,155,10,70,http://localhost:8080/search?q=beauty&author=Oscar%20Wilde,157,0,0
1782356354238,80,HTTP Request,200,OK,Author Query 5-3,text,true,,263,155,10,70,http://localhost:8080/search?q=beauty&author=Oscar%20Wilde,80,0,0
1782356354199,160,HTTP Request,200,OK,Author Query 5-5,text,true,,263,155,10,70,http://localhost:8080/search?q=beauty&author=Oscar%20Wilde,160,0,0
1782356354211,190,HTTP Request,200,OK,Author Query 5-9,text,true,,263,155,10,70,http://localhost:8080/search?q=beauty&author=Oscar%20Wilde,190,0,0
1782356354211,191,HTTP Request,200,OK,Author Query 5-2,text,true,,263,155,10,70,http://localhost:8080/search?q=beauty&author=Oscar%20Wilde,191,0,0
1782356354235,167,HTTP Request,200,OK,Author Query 5-4,text,true,,263,155,10,70,http://localhost:8080/search?q=beauty&author=Oscar%20Wilde,167,0,0
1782356354319,109,HTTP Request,200,OK,Author Query 5-3,text,true,,263,155,10,70,http://localhost:8080/search?q=beauty&author=Oscar%20Wilde,109,0,0
1782356354301,128,HTTP Request,200,OK,Author Query 5-6,text,true,,263,155,10,70,http://localhost:8080/search?q=beauty&author=Oscar%20Wilde,128,0,0
1782356354317,118,HTTP Request,200,OK,Author Query 5-8,text,true,,263,155,10,70,http://localhost:8080/search?q=beauty&author=Oscar%20Wilde,118,0,0
1782356354359,100,HTTP Request,200,OK,Author Query 5-5,text,true,,263,155,10,70,http://localhost:8080/search?q=beauty&author=Oscar%20Wilde,100,0,0
1782356354276,187,HTTP Request,200,OK,Author Query 5-7,text,true,,263,155,10,70,http://localhost:8080/search?q=beauty&author=Oscar%20Wilde,187,0,0
1782356354237,226,HTTP Request,200,OK,Author Query 5-10,text,true,,263,155,10,70,http://localhost:8080/search?q=beauty&author=Oscar%20Wilde,226,0,0
1782356354211,267,HTTP Request,200,OK,Author Query 5-1,text,true,,263,155,10,70,http://localhost:8080/search?q=beauty&author=Oscar%20Wilde,267,0,0
1782356354430,77,HTTP Request,200,OK,Author Query 5-6,text,true,,263,155,10,70,http://localhost:8080/search?q=beauty&author=Oscar%20Wilde,77,0,0
1782356354402,105,HTTP Request,200,OK,Author Query 5-4,text,true,,263,155,10,70,http://localhost:8080/search?q=beauty&author=Oscar%20Wilde,105,0,0
1782356354436,147,HTTP Request,200,OK,Author Query 5-8,text,true,,263,155,10,70,http://localhost:8080/search?q=beauty&author=Oscar%20Wilde,147,0,0
1782356354429,155,HTTP Request,200,OK,Author Query 5-3,text,true,,263,155,10,70,http://localhost:8080/search?q=beauty&author=Oscar%20Wilde,155,0,0
1782356354463,130,HTTP Request,200,OK,Author Query 5-10,text,true,,263,155,10,70,http://localhost:8080/search?q=beauty&author=Oscar%20Wilde,130,0,0
1782356354401,194,HTTP Request,200,OK,Author Query 5-9,text,true,,263,155,10,70,http://localhost:8080/search?q=beauty&author=Oscar%20Wilde,194,0,0
1782356354459,205,HTTP Request,200,OK,Author Query 5-5,text,true,,263,155,10,70,http://localhost:8080/search?q=beauty&author=Oscar%20Wilde,205,0,0
1782356354402,262,HTTP Request,200,OK,Author Query 5-2,text,true,,263,155,10,70,http://localhost:8080/search?q=beauty&author=Oscar%20Wilde,262,0,0
1782356354464,251,HTTP Request,200,OK,Author Query 5-7,text,true,,263,155,10,70,http://localhost:8080/search?q=beauty&author=Oscar%20Wilde,251,0,0
1782356354507,220,HTTP Request,200,OK,Author Query 5-6,text,true,,263,155,10,70,http://localhost:8080/search?q=beauty&author=Oscar%20Wilde,220,0,0
1782356354595,134,HTTP Request,200,OK,Author Query 5-9,text,true,,263,155,10,70,http://localhost:8080/search?q=beauty&author=Oscar%20Wilde,134,0,0
1782356354507,222,HTTP Request,200,OK,Author Query 5-4,text,true,,263,155,10,70,http://localhost:8080/search?q=beauty&author=Oscar%20Wilde,222,0,0
1782356354585,144,HTTP Request,200,OK,Author Query 5-3,text,true,,263,155,10,70,http://localhost:8080/search?q=beauty&author=Oscar%20Wilde,144,0,0
1782356354583,146,HTTP Request,200,OK,Author Query 5-8,text,true,,263,155,10,70,http://localhost:8080/search?q=beauty&author=Oscar%20Wilde,146,0,0
1782356354593,136,HTTP Request,200,OK,Author Query 5-10,text,true,,263,155,10,70,http://localhost:8080/search?q=beauty&author=Oscar%20Wilde,136,0,0
1782356354478,302,HTTP Request,200,OK,Author Query 5-1,text,true,,263,155,10,70,http://localhost:8080/search?q=beauty&author=Oscar%20Wilde,302,0,0
1782356354715,83,HTTP Request,200,OK,Author Query 5-7,text,true,,263,155,10,70,http://localhost:8080/search?q=beauty&author=Oscar%20Wilde,83,0,0
1782356354665,141,HTTP Request,200,OK,Author Query 5-2,text,true,,263,155,10,70,http://localhost:8080/search?q=beauty&author=Oscar%20Wilde,141,0,0
1782356354664,144,HTTP Request,200,OK,Author Query 5-5,text,true,,263,155,10,70,http://localhost:8080/search?q=beauty&author=Oscar%20Wilde,144,0,0
1782356354729,172,HTTP Request,200,OK,Author Query 5-9,text,true,,263,155,10,70,http://localhost:8080/search?q=beauty&author=Oscar%20Wilde,172,0,0
1782356354727,174,HTTP Request,200,OK,Author Query 5-6,text,true,,263,155,10,70,http://localhost:8080/search?q=beauty&author=Oscar%20Wilde,174,0,0
1782356354729,173,HTTP Request,200,OK,Author Query 5-4,text,true,,263,155,10,70,http://localhost:8080/search?q=beauty&author=Oscar%20Wilde,173,0,0
1782356354729,174,HTTP Request,200,OK,Author Query 5-8,text,true,,263,155,10,70,http://localhost:8080/search?q=beauty&author=Oscar%20Wilde,174,0,0
1782356354729,178,HTTP Request,200,OK,Author Query 5-3,text,true,,263,155,10,70,http://localhost:8080/search?q=beauty&author=Oscar%20Wilde,178,0,0
1782356354780,155,HTTP Request,200,OK,Author Query 5-1,text,true,,263,155,10,70,http://localhost:8080/search?q=beauty&author=Oscar%20Wilde,155,0,0
1782356354729,206,HTTP Request,200,OK,Author Query 5-10,text,true,,263,155,10,70,http://localhost:8080/search?q=beauty&author=Oscar%20Wilde,206,0,0
1782356354806,186,HTTP Request,200,OK,Author Query 5-2,text,true,,263,155,10,70,http://localhost:8080/search?q=beauty&author=Oscar%20Wilde,186,0,0
1782356354907,115,HTTP Request,200,OK,Author Query 5-3,text,true,,263,155,10,70,http://localhost:8080/search?q=beauty&author=Oscar%20Wilde,115,0,0
1782356354901,121,HTTP Request,200,OK,Author Query 5-6,text,true,,263,155,10,70,http://localhost:8080/search?q=beauty&author=Oscar%20Wilde,121,0,0
1782356354799,225,HTTP Request,200,OK,Author Query 5-7,text,true,,263,155,10,70,http://localhost:8080/search?q=beauty&author=Oscar%20Wilde,225,0,0
1782356354901,141,HTTP Request,200,OK,Author Query 5-9,text,true,,263,155,10,70,http://localhost:8080/search?q=beauty&author=Oscar%20Wilde,141,0,0
1782356354936,133,HTTP Request,200,OK,Author Query 5-1,text,true,,263,155,10,70,http://localhost:8080/search?q=beauty&author=Oscar%20Wilde,133,0,0
1782356354903,167,HTTP Request,200,OK,Author Query 5-4,text,true,,263,155,10,70,http://localhost:8080/search?q=beauty&author=Oscar%20Wilde,167,0,0
1782356354903,171,HTTP Request,200,OK,Author Query 5-8,text,true,,263,155,10,70,http://localhost:8080/search?q=beauty&author=Oscar%20Wilde,171,0,0
1782356354808,321,HTTP Request,200,OK,Author Query 5-5,text,true,,263,155,10,70,http://localhost:8080/search?q=beauty&author=Oscar%20Wilde,321,0,0
1782356354936,276,HTTP Request,200,OK,Author Query 5-10,text,true,,263,155,10,70,http://localhost:8080/search?q=beauty&author=Oscar%20Wilde,276,0,0
1782356355024,270,HTTP Request,200,OK,Author Query 5-7,text,true,,263,155,10,70,http://localhost:8080/search?q=beauty&author=Oscar%20Wilde,270,0,0
1782356355023,272,HTTP Request,200,OK,Author Query 5-6,text,true,,263,155,10,70,http://localhost:8080/search?q=beauty&author=Oscar%20Wilde,272,0,0
1782356355042,253,HTTP Request,200,OK,Author Query 5-9,text,true,,263,155,10,70,http://localhost:8080/search?q=beauty&author=Oscar%20Wilde,253,0,0
1782356355130,166,HTTP Request,200,OK,Author Query 5-5,text,true,,263,155,10,70,http://localhost:8080/search?q=beauty&author=Oscar%20Wilde,166,0,0
1782356355022,277,HTTP Request,200,OK,Author Query 5-3,text,true,,263,155,10,70,http://localhost:8080/search?q=beauty&author=Oscar%20Wilde,277,0,0
1782356355075,290,HTTP Request,200,OK,Author Query 5-8,text,true,,263,155,10,70,http://localhost:8080/search?q=beauty&author=Oscar%20Wilde,290,0,0
1782356355069,297,HTTP Request,200,OK,Author Query 5-1,text,true,,263,155,10,70,http://localhost:8080/search?q=beauty&author=Oscar%20Wilde,297,0,0
1782356354993,374,HTTP Request,200,OK,Author Query 5-2,text,true,,263,155,10,70,http://localhost:8080/search?q=beauty&author=Oscar%20Wilde,374,0,0
1782356355070,299,HTTP Request,200,OK,Author Query 5-4,text,true,,263,155,10,70,http://localhost:8080/search?q=beauty&author=Oscar%20Wilde,299,0,0
1782356355297,145,HTTP Request,200,OK,Author Query 5-7,text,true,,263,155,10,70,http://localhost:8080/search?q=beauty&author=Oscar%20Wilde,145,0,0
1782356355295,182,HTTP Request,200,OK,Author Query 5-6,text,true,,263,155,10,70,http://localhost:8080/search?q=beauty&author=Oscar%20Wilde,182,0,0
1782356355296,187,HTTP Request,200,OK,Author Query 5-9,text,true,,263,155,10,70,http://localhost:8080/search?q=beauty&author=Oscar%20Wilde,187,0,0
1782356355212,339,HTTP Request,200,OK,Author Query 5-10,text,true,,263,155,10,70,http://localhost:8080/search?q=beauty&author=Oscar%20Wilde,339,0,0
1782356355299,256,HTTP Request,200,OK,Author Query 5-3,text,true,,263,155,10,70,http://localhost:8080/search?q=beauty&author=Oscar%20Wilde,256,0,0
1782356355296,276,HTTP Request,200,OK,Author Query 5-5,text,true,,263,155,10,70,http://localhost:8080/search?q=beauty&author=Oscar%20Wilde,276,0,0
1782356355369,254,HTTP Request,200,OK,Author Query 5-4,text,true,,263,155,10,70,http://localhost:8080/search?q=beauty&author=Oscar%20Wilde,254,0,0
1782356355367,258,HTTP Request,200,OK,Author Query 5-1,text,true,,263,155,10,70,http://localhost:8080/search?q=beauty&author=Oscar%20Wilde,258,0,0
1782356355443,184,HTTP Request,200,OK,Author Query 5-7,text,true,,263,155,10,70,http://localhost:8080/search?q=beauty&author=Oscar%20Wilde,184,0,0
1782356355374,321,HTTP Request,200,OK,Author Query 5-2,text,true,,263,155,10,70,http://localhost:8080/search?q=beauty&author=Oscar%20Wilde,321,0,0
1782356355478,240,HTTP Request,200,OK,Author Query 5-6,text,true,,263,155,10,70,http://localhost:8080/search?q=beauty&author=Oscar%20Wilde,240,0,0
1782356355483,243,HTTP Request,200,OK,Author Query 5-9,text,true,,263,155,10,70,http://localhost:8080/search?q=beauty&author=Oscar%20Wilde,243,0,0
1782356355366,377,HTTP Request,200,OK,Author Query 5-8,text,true,,263,155,10,70,http://localhost:8080/search?q=beauty&author=Oscar%20Wilde,377,0,0
1782356355552,233,HTTP Request,200,OK,Author Query 5-10,text,true,,263,155,10,70,http://localhost:8080/search?q=beauty&author=Oscar%20Wilde,233,0,0
1782356355627,159,HTTP Request,200,OK,Author Query 5-7,text,true,,263,155,10,70,http://localhost:8080/search?q=beauty&author=Oscar%20Wilde,159,0,0
1782356355624,181,HTTP Request,200,OK,Author Query 5-4,text,true,,263,155,10,70,http://localhost:8080/search?q=beauty&author=Oscar%20Wilde,181,0,0
1782356355627,180,HTTP Request,200,OK,Author Query 5-1,text,true,,263,155,10,70,http://localhost:8080/search?q=beauty&author=Oscar%20Wilde,180,0,0
1782356355555,332,HTTP Request,200,OK,Author Query 5-3,text,true,,263,155,10,70,http://localhost:8080/search?q=beauty&author=Oscar%20Wilde,332,0,0
1782356355572,319,HTTP Request,200,OK,Author Query 5-5,text,true,,263,155,10,70,http://localhost:8080/search?q=beauty&author=Oscar%20Wilde,319,0,0
1782356355786,218,HTTP Request,200,OK,Author Query 5-7,text,true,,263,155,10,70,http://localhost:8080/search?q=beauty&author=Oscar%20Wilde,218,0,0
1782356355785,230,HTTP Request,200,OK,Author Query 5-10,text,true,,263,155,10,70,http://localhost:8080/search?q=beauty&author=Oscar%20Wilde,230,0,0
1782356355807,213,HTTP Request,200,OK,Author Query 5-1,text,true,,263,155,10,70,http://localhost:8080/search?q=beauty&author=Oscar%20Wilde,213,0,0
1782356355695,337,HTTP Request,200,OK,Author Query 5-2,text,true,,263,155,10,70,http://localhost:8080/search?q=beauty&author=Oscar%20Wilde,337,0,0
1782356355718,320,HTTP Request,200,OK,Author Query 5-6,text,true,,263,155,10,70,http://localhost:8080/search?q=beauty&author=Oscar%20Wilde,320,0,0
1782356355744,295,HTTP Request,200,OK,Author Query 5-8,text,true,,263,155,10,70,http://localhost:8080/search?q=beauty&author=Oscar%20Wilde,295,0,0
1782356355726,313,HTTP Request,200,OK,Author Query 5-9,text,true,,263,155,10,70,http://localhost:8080/search?q=beauty&author=Oscar%20Wilde,313,0,0
1782356355887,164,HTTP Request,200,OK,Author Query 5-3,text,true,,263,155,10,70,http://localhost:8080/search?q=beauty&author=Oscar%20Wilde,164,0,0
1782356355805,282,HTTP Request,200,OK,Author Query 5-4,text,true,,263,155,10,70,http://localhost:8080/search?q=beauty&author=Oscar%20Wilde,282,0,0
1782356356005,210,HTTP Request,200,OK,Author Query 5-7,text,true,,263,155,10,70,http://localhost:8080/search?q=beauty&author=Oscar%20Wilde,210,0,0
1782356356021,194,HTTP Request,200,OK,Author Query 5-1,text,true,,263,155,10,70,http://localhost:8080/search?q=beauty&author=Oscar%20Wilde,194,0,0
1782356355892,381,HTTP Request,200,OK,Author Query 5-5,text,true,,263,155,10,70,http://localhost:8080/search?q=beauty&author=Oscar%20Wilde,381,0,0
1782356356015,289,HTTP Request,200,OK,Author Query 5-10,text,true,,263,155,10,70,http://localhost:8080/search?q=beauty&author=Oscar%20Wilde,289,0,0
1782356356039,265,HTTP Request,200,OK,Author Query 5-9,text,true,,263,155,10,70,http://localhost:8080/search?q=beauty&author=Oscar%20Wilde,265,0,0
1782356356087,218,HTTP Request,200,OK,Author Query 5-4,text,true,,263,155,10,70,http://localhost:8080/search?q=beauty&author=Oscar%20Wilde,218,0,0
1782356356052,255,HTTP Request,200,OK,Author Query 5-3,text,true,,263,155,10,70,http://localhost:8080/search?q=beauty&author=Oscar%20Wilde,255,0,0
1782356356040,268,HTTP Request,200,OK,Author Query 5-8,text,true,,263,155,10,70,http://localhost:8080/search?q=beauty&author=Oscar%20Wilde,268,0,0
1782356356215,107,HTTP Request,200,OK,Author Query 5-7,text,true,,263,155,10,70,http://localhost:8080/search?q=beauty&author=Oscar%20Wilde,107,0,0
1782356356038,286,HTTP Request,200,OK,Author Query 5-6,text,true,,263,155,10,70,http://localhost:8080/search?q=beauty&author=Oscar%20Wilde,286,0,0
1782356356215,114,HTTP Request,200,OK,Author Query 5-1,text,true,,263,155,10,70,http://localhost:8080/search?q=beauty&author=Oscar%20Wilde,114,0,0
1782356356032,411,HTTP Request,200,OK,Author Query 5-2,text,true,,263,155,10,70,http://localhost:8080/search?q=beauty&author=Oscar%20Wilde,411,0,0
1782356356330,169,HTTP Request,200,OK,Author Query 5-1,text,true,,263,155,10,70,http://localhost:8080/search?q=beauty&author=Oscar%20Wilde,169,0,0
1782356356307,192,HTTP Request,200,OK,Author Query 5-3,text,true,,263,155,10,70,http://localhost:8080/search?q=beauty&author=Oscar%20Wilde,192,0,0
1782356356324,176,HTTP Request,200,OK,Author Query 5-6,text,true,,263,155,10,70,http://localhost:8080/search?q=beauty&author=Oscar%20Wilde,176,0,0
1782356356305,197,HTTP Request,200,OK,Author Query 5-4,text,true,,263,155,10,70,http://localhost:8080/search?q=beauty&author=Oscar%20Wilde,197,0,0
1782356356308,195,HTTP Request,200,OK,Author Query 5-8,text,true,,263,155,10,70,http://localhost:8080/search?q=beauty&author=Oscar%20Wilde,195,0,0
1782356356273,247,HTTP Request,200,OK,Author Query 5-5,text,true,,263,155,10,70,http://localhost:8080/search?q=beauty&author=Oscar%20Wilde,247,0,0
1782356356305,290,HTTP Request,200,OK,Author Query 5-9,text,true,,263,155,10,70,http://localhost:8080/search?q=beauty&author=Oscar%20Wilde,290,0,0
1782356356305,290,HTTP Request,200,OK,Author Query 5-10,text,true,,263,155,10,70,http://localhost:8080/search?q=beauty&author=Oscar%20Wilde,290,0,0
1782356356444,171,HTTP Request,200,OK,Author Query 5-2,text,true,,263,155,10,70,http://localhost:8080/search?q=beauty&author=Oscar%20Wilde,171,0,0
1782356356499,118,HTTP Request,200,OK,Author Query 5-3,text,true,,263,155,10,70,http://localhost:8080/search?q=beauty&author=Oscar%20Wilde,118,0,0
1782356356323,295,HTTP Request,200,OK,Author Query 5-7,text,true,,263,155,10,70,http://localhost:8080/search?q=beauty&author=Oscar%20Wilde,295,0,0
1782356356502,119,HTTP Request,200,OK,Author Query 5-4,text,true,,263,155,10,70,http://localhost:8080/search?q=beauty&author=Oscar%20Wilde,119,0,0
1782356356595,82,HTTP Request,200,OK,Author Query 5-10,text,true,,263,155,10,70,http://localhost:8080/search?q=beauty&author=Oscar%20Wilde,82,0,0
1782356356501,241,HTTP Request,200,OK,Author Query 5-6,text,true,,263,155,10,70,http://localhost:8080/search?q=beauty&author=Oscar%20Wilde,241,0,0
1782356356595,155,HTTP Request,200,OK,Author Query 5-9,text,true,,263,155,10,70,http://localhost:8080/search?q=beauty&author=Oscar%20Wilde,155,0,0
1782356356615,153,HTTP Request,200,OK,Author Query 5-2,text,true,,263,155,10,70,http://localhost:8080/search?q=beauty&author=Oscar%20Wilde,153,0,0
1782356356503,265,HTTP Request,200,OK,Author Query 5-8,text,true,,263,155,10,70,http://localhost:8080/search?q=beauty&author=Oscar%20Wilde,265,0,0
1782356356499,269,HTTP Request,200,OK,Author Query 5-1,text,true,,263,155,10,70,http://localhost:8080/search?q=beauty&author=Oscar%20Wilde,269,0,0
1782356356618,156,HTTP Request,200,OK,Author Query 5-7,text,true,,263,155,10,70,http://localhost:8080/search?q=beauty&author=Oscar%20Wilde,156,0,0
1782356356617,159,HTTP Request,200,OK,Author Query 5-3,text,true,,263,155,10,70,http://localhost:8080/search?q=beauty&author=Oscar%20Wilde,159,0,0
1782356356520,258,HTTP Request,200,OK,Author Query 5-5,text,true,,263,155,10,70,http://localhost:8080/search?q=beauty&author=Oscar%20Wilde,258,0,0
1782356356677,132,HTTP Request,200,OK,Author Query 5-10,text,true,,263,155,10,70,http://localhost:8080/search?q=beauty&author=Oscar%20Wilde,132,0,0
1782356356622,212,HTTP Request,200,OK,Author Query 5-4,text,true,,263,155,10,70,http://localhost:8080/search?q=beauty&author=Oscar%20Wilde,212,0,0
1782356356750,98,HTTP Request,200,OK,Author Query 5-9,text,true,,263,155,10,70,http://localhost:8080/search?q=beauty&author=Oscar%20Wilde,98,0,0
1782356356742,115,HTTP Request,200,OK,Author Query 5-6,text,true,,263,155,10,70,http://localhost:8080/search?q=beauty&author=Oscar%20Wilde,115,0,0
1782356356769,102,HTTP Request,200,OK,Author Query 5-1,text,true,,263,155,10,70,http://localhost:8080/search?q=beauty&author=Oscar%20Wilde,102,0,0
1782356356769,102,HTTP Request,200,OK,Author Query 5-2,text,true,,263,155,10,70,http://localhost:8080/search?q=beauty&author=Oscar%20Wilde,102,0,0
1782356356777,94,HTTP Request,200,OK,Author Query 5-5,text,true,,263,155,10,70,http://localhost:8080/search?q=beauty&author=Oscar%20Wilde,94,0,0
1782356356769,105,HTTP Request,200,OK,Author Query 5-8,text,true,,263,155,10,70,http://localhost:8080/search?q=beauty&author=Oscar%20Wilde,105,0,0
1782356356773,99,HTTP Request,200,OK,Author Query 5-7,text,true,,263,155,10,70,http://localhost:8080/search?q=beauty&author=Oscar%20Wilde,99,0,0
1782356356775,117,HTTP Request,200,OK,Author Query 5-3,text,true,,263,155,10,70,http://localhost:8080/search?q=beauty&author=Oscar%20Wilde,117,0,0
1782356356807,102,HTTP Request,200,OK,Author Query 5-10,text,true,,263,155,10,70,http://localhost:8080/search?q=beauty&author=Oscar%20Wilde,102,0,0
1782356356833,111,HTTP Request,200,OK,Author Query 5-4,text,true,,263,155,10,70,http://localhost:8080/search?q=beauty&author=Oscar%20Wilde,111,0,0
1782356356872,102,HTTP Request,200,OK,Author Query 5-7,text,true,,263,155,10,70,http://localhost:8080/search?q=beauty&author=Oscar%20Wilde,102,0,0
1782356356872,102,HTTP Request,200,OK,Author Query 5-5,text,true,,263,155,10,70,http://localhost:8080/search?q=beauty&author=Oscar%20Wilde,102,0,0
1782356356855,120,HTTP Request,200,OK,Author Query 5-6,text,true,,263,155,10,70,http://localhost:8080/search?q=beauty&author=Oscar%20Wilde,120,0,0
1782356356870,105,HTTP Request,200,OK,Author Query 5-2,text,true,,263,155,10,70,http://localhost:8080/search?q=beauty&author=Oscar%20Wilde,105,0,0
1782356356870,108,HTTP Request,200,OK,Author Query 5-1,text,true,,263,155,10,70,http://localhost:8080/search?q=beauty&author=Oscar%20Wilde,108,0,0
1782356356872,106,HTTP Request,200,OK,Author Query 5-8,text,true,,263,155,10,70,http://localhost:8080/search?q=beauty&author=Oscar%20Wilde,106,0,0
1782356356846,145,HTTP Request,200,OK,Author Query 5-9,text,true,,263,155,10,70,http://localhost:8080/search?q=beauty&author=Oscar%20Wilde,145,0,0
1782356356909,117,HTTP Request,200,OK,Author Query 5-10,text,true,,263,155,10,70,http://localhost:8080/search?q=beauty&author=Oscar%20Wilde,117,0,0
1782356356893,141,HTTP Request,200,OK,Author Query 5-3,text,true,,263,155,10,70,http://localhost:8080/search?q=beauty&author=Oscar%20Wilde,141,0,0
1782356356977,112,HTTP Request,200,OK,Author Query 5-5,text,true,,263,155,10,70,http://localhost:8080/search?q=beauty&author=Oscar%20Wilde,112,0,0
1782356356976,114,HTTP Request,200,OK,Author Query 5-6,text,true,,263,155,10,70,http://localhost:8080/search?q=beauty&author=Oscar%20Wilde,114,0,0
1782356356975,118,HTTP Request,200,OK,Author Query 5-7,text,true,,263,155,10,70,http://localhost:8080/search?q=beauty&author=Oscar%20Wilde,118,0,0
1782356356976,118,HTTP Request,200,OK,Author Query 5-2,text,true,,263,155,10,70,http://localhost:8080/search?q=beauty&author=Oscar%20Wilde,118,0,0
1782356356945,165,HTTP Request,200,OK,Author Query 5-4,text,true,,263,155,10,70,http://localhost:8080/search?q=beauty&author=Oscar%20Wilde,165,0,0
1782356356978,133,HTTP Request,200,OK,Author Query 5-8,text,true,,263,155,10,70,http://localhost:8080/search?q=beauty&author=Oscar%20Wilde,133,0,0
1782356356992,129,HTTP Request,200,OK,Author Query 5-9,text,true,,263,155,10,70,http://localhost:8080/search?q=beauty&author=Oscar%20Wilde,129,0,0
1782356356978,176,HTTP Request,200,OK,Author Query 5-1,text,true,,263,155,10,70,http://localhost:8080/search?q=beauty&author=Oscar%20Wilde,176,0,0
1782356357034,159,HTTP Request,200,OK,Author Query 5-3,text,true,,263,155,10,70,http://localhost:8080/search?q=beauty&author=Oscar%20Wilde,158,0,0
1782356357090,147,HTTP Request,200,OK,Author Query 5-6,text,true,,263,155,10,70,http://localhost:8080/search?q=beauty&author=Oscar%20Wilde,147,0,0
1782356357089,151,HTTP Request,200,OK,Author Query 5-5,text,true,,263,155,10,70,http://localhost:8080/search?q=beauty&author=Oscar%20Wilde,151,0,0
1782356357027,259,HTTP Request,200,OK,Author Query 5-10,text,true,,263,155,10,70,http://localhost:8080/search?q=beauty&author=Oscar%20Wilde,259,0,0
1782356357237,89,HTTP Request,200,OK,Author Query 5-6,text,true,,263,155,10,70,http://localhost:8080/search?q=beauty&author=Oscar%20Wilde,89,0,0
1782356357112,214,HTTP Request,200,OK,Author Query 5-8,text,true,,263,155,10,70,http://localhost:8080/search?q=beauty&author=Oscar%20Wilde,214,0,0
1782356357241,85,HTTP Request,200,OK,Author Query 5-5,text,true,,263,155,10,70,http://localhost:8080/search?q=beauty&author=Oscar%20Wilde,85,0,0
1782356357110,224,HTTP Request,200,OK,Author Query 5-4,text,true,,263,155,10,70,http://localhost:8080/search?q=beauty&author=Oscar%20Wilde,224,0,0
1782356357155,227,HTTP Request,200,OK,Author Query 5-1,text,true,,263,155,10,70,http://localhost:8080/search?q=beauty&author=Oscar%20Wilde,227,0,0
1782356357094,291,HTTP Request,200,OK,Author Query 5-2,text,true,,263,155,10,70,http://localhost:8080/search?q=beauty&author=Oscar%20Wilde,291,0,0
1782356357094,291,HTTP Request,200,OK,Author Query 5-7,text,true,,263,155,10,70,http://localhost:8080/search?q=beauty&author=Oscar%20Wilde,291,0,0
1782356357193,198,HTTP Request,200,OK,Author Query 5-3,text,true,,263,155,10,70,http://localhost:8080/search?q=beauty&author=Oscar%20Wilde,198,0,0
1782356357121,271,HTTP Request,200,OK,Author Query 5-9,text,true,,263,155,10,70,http://localhost:8080/search?q=beauty&author=Oscar%20Wilde,270,0,0
1782356357287,115,HTTP Request,200,OK,Author Query 5-10,text,true,,263,155,10,70,http://localhost:8080/search?q=beauty&author=Oscar%20Wilde,115,0,0
1782356357326,121,HTTP Request,200,OK,Author Query 5-8,text,true,,263,155,10,70,http://localhost:8080/search?q=beauty&author=Oscar%20Wilde,121,0,0
1782356357334,113,HTTP Request,200,OK,Author Query 5-4,text,true,,263,155,10,70,http://localhost:8080/search?q=beauty&author=Oscar%20Wilde,113,0,0
1782356357326,123,HTTP Request,200,OK,Author Query 5-5,text,true,,263,155,10,70,http://localhost:8080/search?q=beauty&author=Oscar%20Wilde,123,0,0
1782356357326,130,HTTP Request,200,OK,Author Query 5-6,text,true,,263,155,10,70,http://localhost:8080/search?q=beauty&author=Oscar%20Wilde,130,0,0
1782356357403,86,HTTP Request,200,OK,Author Query 5-10,text,true,,263,155,10,70,http://localhost:8080/search?q=beauty&author=Oscar%20Wilde,86,0,0
1782356357383,107,HTTP Request,200,OK,Author Query 5-1,text,true,,263,155,10,70,http://localhost:8080/search?q=beauty&author=Oscar%20Wilde,107,0,0
1782356357392,118,HTTP Request,200,OK,Author Query 5-9,text,true,,263,155,10,70,http://localhost:8080/search?q=beauty&author=Oscar%20Wilde,118,0,0
1782356357392,125,HTTP Request,200,OK,Author Query 5-3,text,true,,263,155,10,70,http://localhost:8080/search?q=beauty&author=Oscar%20Wilde,125,0,0
1782356357386,133,HTTP Request,200,OK,Author Query 5-2,text,true,,263,155,10,70,http://localhost:8080/search?q=beauty&author=Oscar%20Wilde,133,0,0
1782356357386,134,HTTP Request,200,OK,Author Query 5-7,text,true,,263,155,10,70,http://localhost:8080/search?q=beauty&author=Oscar%20Wilde,134,0,0
1782356357447,107,HTTP Request,200,OK,Author Query 5-4,text,true,,263,155,10,70,http://localhost:8080/search?q=beauty&author=Oscar%20Wilde,107,0,0
1782356357450,111,HTTP Request,200,OK,Author Query 5-5,text,true,,263,155,10,70,http://localhost:8080/search?q=beauty&author=Oscar%20Wilde,111,0,0
1782356357456,106,HTTP Request,200,OK,Author Query 5-6,text,true,,263,155,10,70,http://localhost:8080/search?q=beauty&author=Oscar%20Wilde,106,0,0
1782356357447,124,HTTP Request,200,OK,Author Query 5-8,text,true,,263,155,10,70,http://localhost:8080/search?q=beauty&author=Oscar%20Wilde,124,0,0
1782356357489,89,HTTP Request,200,OK,Author Query 5-10,text,true,,263,155,10,70,http://localhost:8080/search?q=beauty&author=Oscar%20Wilde,89,0,0
1782356357490,131,HTTP Request,200,OK,Author Query 5-1,text,true,,263,155,10,70,http://localhost:8080/search?q=beauty&author=Oscar%20Wilde,131,0,0
1782356357517,112,HTTP Request,200,OK,Author Query 5-3,text,true,,263,155,10,70,http://localhost:8080/search?q=beauty&author=Oscar%20Wilde,112,0,0
1782356357510,135,HTTP Request,200,OK,Author Query 5-9,text,true,,263,155,10,70,http://localhost:8080/search?q=beauty&author=Oscar%20Wilde,135,0,0
1782356357519,188,HTTP Request,200,OK,Author Query 5-2,text,true,,263,155,10,70,http://localhost:8080/search?q=beauty&author=Oscar%20Wilde,188,0,0
1782356357562,145,HTTP Request,200,OK,Author Query 5-6,text,true,,263,155,10,70,http://localhost:8080/search?q=beauty&author=Oscar%20Wilde,145,0,0
1782356357556,155,HTTP Request,200,OK,Author Query 5-4,text,true,,263,155,10,70,http://localhost:8080/search?q=beauty&author=Oscar%20Wilde,155,0,0
1782356357562,149,HTTP Request,200,OK,Author Query 5-5,text,true,,263,155,10,70,http://localhost:8080/search?q=beauty&author=Oscar%20Wilde,149,0,0
1782356357571,141,HTTP Request,200,OK,Author Query 5-8,text,true,,263,155,10,70,http://localhost:8080/search?q=beauty&author=Oscar%20Wilde,141,0,0
1782356357520,200,HTTP Request,200,OK,Author Query 5-7,text,true,,263,155,10,70,http://localhost:8080/search?q=beauty&author=Oscar%20Wilde,200,0,0
1782356357579,150,HTTP Request,200,OK,Author Query 5-10,text,true,,263,155,10,70,http://localhost:8080/search?q=beauty&author=Oscar%20Wilde,150,0,0
1782356357621,191,HTTP Request,200,OK,Author Query 5-1,text,true,,263,155,10,70,http://localhost:8080/search?q=beauty&author=Oscar%20Wilde,191,0,0
1782356357645,182,HTTP Request,200,OK,Author Query 5-9,text,true,,263,155,10,70,http://localhost:8080/search?q=beauty&author=Oscar%20Wilde,182,0,0
1782356357712,130,HTTP Request,200,OK,Author Query 5-8,text,true,,263,155,10,70,http://localhost:8080/search?q=beauty&author=Oscar%20Wilde,130,0,0
1782356357720,128,HTTP Request,200,OK,Author Query 5-7,text,true,,263,155,10,70,http://localhost:8080/search?q=beauty&author=Oscar%20Wilde,128,0,0
1782356357707,143,HTTP Request,200,OK,Author Query 5-2,text,true,,263,155,10,70,http://localhost:8080/search?q=beauty&author=Oscar%20Wilde,143,0,0
1782356357711,139,HTTP Request,200,OK,Author Query 5-4,text,true,,263,155,10,70,http://localhost:8080/search?q=beauty&author=Oscar%20Wilde,139,0,0
1782356357630,227,HTTP Request,200,OK,Author Query 5-3,text,true,,263,155,10,70,http://localhost:8080/search?q=beauty&author=Oscar%20Wilde,227,0,0
1782356357729,129,HTTP Request,200,OK,Author Query 5-10,text,true,,263,155,10,70,http://localhost:8080/search?q=beauty&author=Oscar%20Wilde,129,0,0
1782356357712,191,HTTP Request,200,OK,Author Query 5-5,text,true,,263,155,10,70,http://localhost:8080/search?q=beauty&author=Oscar%20Wilde,191,0,0
1782356357707,202,HTTP Request,200,OK,Author Query 5-6,text,true,,263,155,10,70,http://localhost:8080/search?q=beauty&author=Oscar%20Wilde,202,0,0
1782356357827,123,HTTP Request,200,OK,Author Query 5-9,text,true,,263,155,10,70,http://localhost:8080/search?q=beauty&author=Oscar%20Wilde,123,0,0
1782356357813,147,HTTP Request,200,OK,Author Query 5-1,text,true,,263,155,10,70,http://localhost:8080/search?q=beauty&author=Oscar%20Wilde,147,0,0
1782356357842,119,HTTP Request,200,OK,Author Query 5-8,text,true,,263,155,10,70,http://localhost:8080/search?q=beauty&author=Oscar%20Wilde,119,0,0
1782356357851,122,HTTP Request,200,OK,Author Query 5-4,text,true,,263,155,10,70,http://localhost:8080/search?q=beauty&author=Oscar%20Wilde,122,0,0
1782356357850,144,HTTP Request,200,OK,Author Query 5-2,text,true,,263,155,10,70,http://localhost:8080/search?q=beauty&author=Oscar%20Wilde,144,0,0
1782356357849,147,HTTP Request,200,OK,Author Query 5-7,text,true,,263,155,10,70,http://localhost:8080/search?q=beauty&author=Oscar%20Wilde,147,0,0
1782356357858,156,HTTP Request,200,OK,Author Query 5-10,text,true,,263,155,10,70,http://localhost:8080/search?q=beauty&author=Oscar%20Wilde,156,0,0
1782356357857,157,HTTP Request,200,OK,Author Query 5-3,text,true,,263,155,10,70,http://localhost:8080/search?q=beauty&author=Oscar%20Wilde,157,0,0
1782356357950,106,HTTP Request,200,OK,Author Query 5-9,text,true,,263,155,10,70,http://localhost:8080/search?q=beauty&author=Oscar%20Wilde,105,0,0
1782356357910,147,HTTP Request,200,OK,Author Query 5-6,text,true,,263,155,10,70,http://localhost:8080/search?q=beauty&author=Oscar%20Wilde,147,0,0
1782356357903,156,HTTP Request,200,OK,Author Query 5-5,text,true,,263,155,10,70,http://localhost:8080/search?q=beauty&author=Oscar%20Wilde,156,0,0
1782356357961,99,HTTP Request,200,OK,Author Query 5-8,text,true,,263,155,10,70,http://localhost:8080/search?q=beauty&author=Oscar%20Wilde,99,0,0
1782356357961,99,HTTP Request,200,OK,Author Query 5-1,text,true,,263,155,10,70,http://localhost:8080/search?q=beauty&author=Oscar%20Wilde,99,0,0
1782356357974,105,HTTP Request,200,OK,Author Query 5-4,text,true,,263,155,10,70,http://localhost:8080/search?q=beauty&author=Oscar%20Wilde,105,0,0
1782356357994,92,HTTP Request,200,OK,Author Query 5-2,text,true,,263,155,10,70,http://localhost:8080/search?q=beauty&author=Oscar%20Wilde,92,0,0
1782356358015,78,HTTP Request,200,OK,Author Query 5-10,text,true,,263,155,10,70,http://localhost:8080/search?q=beauty&author=Oscar%20Wilde,78,0,0
1782356357996,98,HTTP Request,200,OK,Author Query 5-7,text,true,,263,155,10,70,http://localhost:8080/search?q=beauty&author=Oscar%20Wilde,98,0,0
1782356358015,118,HTTP Request,200,OK,Author Query 5-3,text,true,,263,155,10,70,http://localhost:8080/search?q=beauty&author=Oscar%20Wilde,117,0,0
1782356358056,88,HTTP Request,200,OK,Author Query 5-9,text,true,,263,155,10,70,http://localhost:8080/search?q=beauty&author=Oscar%20Wilde,88,0,0
1782356358061,83,HTTP Request,200,OK,Author Query 5-8,text,true,,263,155,10,70,http://localhost:8080/search?q=beauty&author=Oscar%20Wilde,83,0,0
1782356358061,90,HTTP Request,200,OK,Author Query 5-1,text,true,,263,155,10,70,http://localhost:8080/search?q=beauty&author=Oscar%20Wilde,90,0,0
1782356358057,126,HTTP Request,200,OK,Author Query 5-6,text,true,,263,155,10,70,http://localhost:8080/search?q=beauty&author=Oscar%20Wilde,126,0,0
1782356358060,124,HTTP Request,200,OK,Author Query 5-5,text,true,,263,155,10,70,http://localhost:8080/search?q=beauty&author=Oscar%20Wilde,124,0,0
1782356358086,102,HTTP Request,200,OK,Author Query 5-2,text,true,,263,155,10,70,http://localhost:8080/search?q=beauty&author=Oscar%20Wilde,102,0,0
1782356358079,109,HTTP Request,200,OK,Author Query 5-4,text,true,,263,155,10,70,http://localhost:8080/search?q=beauty&author=Oscar%20Wilde,109,0,0
1782356358095,98,HTTP Request,200,OK,Author Query 5-7,text,true,,263,155,10,70,http://localhost:8080/search?q=beauty&author=Oscar%20Wilde,98,0,0
1782356358144,128,HTTP Request,200,OK,Author Query 5-8,text,true,,263,155,10,70,http://localhost:8080/search?q=beauty&author=Oscar%20Wilde,128,0,0
1782356358133,139,HTTP Request,200,OK,Author Query 5-3,text,true,,263,155,10,70,http://localhost:8080/search?q=beauty&author=Oscar%20Wilde,139,0,0
1782356358094,257,HTTP Request,200,OK,Author Query 5-10,text,true,,263,155,10,70,http://localhost:8080/search?q=beauty&author=Oscar%20Wilde,257,0,0
1782356358151,211,HTTP Request,200,OK,Author Query 5-1,text,true,,263,155,10,70,http://localhost:8080/search?q=beauty&author=Oscar%20Wilde,211,0,0
1782356358144,221,HTTP Request,200,OK,Author Query 5-9,text,true,,263,155,10,70,http://localhost:8080/search?q=beauty&author=Oscar%20Wilde,221,0,0
1782356358184,216,HTTP Request,200,OK,Author Query 5-5,text,true,,263,155,10,70,http://localhost:8080/search?q=beauty&author=Oscar%20Wilde,216,0,0
1782356358189,216,HTTP Request,200,OK,Author Query 5-4,text,true,,263,155,10,70,http://localhost:8080/search?q=beauty&author=Oscar%20Wilde,216,0,0
1782356358183,234,HTTP Request,200,OK,Author Query 5-6,text,true,,263,155,10,70,http://localhost:8080/search?q=beauty&author=Oscar%20Wilde,234,0,0
1782356358272,146,HTTP Request,200,OK,Author Query 5-8,text,true,,263,155,10,70,http://localhost:8080/search?q=beauty&author=Oscar%20Wilde,146,0,0
1782356358273,154,HTTP Request,200,OK,Author Query 5-3,text,true,,263,155,10,70,http://localhost:8080/search?q=beauty&author=Oscar%20Wilde,154,0,0
1782356358194,239,HTTP Request,200,OK,Author Query 5-7,text,true,,263,155,10,70,http://localhost:8080/search?q=beauty&author=Oscar%20Wilde,239,0,0
1782356358188,246,HTTP Request,200,OK,Author Query 5-2,text,true,,263,155,10,70,http://localhost:8080/search?q=beauty&author=Oscar%20Wilde,246,0,0
1782356358351,101,HTTP Request,200,OK,Author Query 5-10,text,true,,263,155,10,70,http://localhost:8080/search?q=beauty&author=Oscar%20Wilde,101,0,0
1782356358365,109,HTTP Request,200,OK,Author Query 5-9,text,true,,263,155,10,70,http://localhost:8080/search?q=beauty&author=Oscar%20Wilde,109,0,0
1782356358362,122,HTTP Request,200,OK,Author Query 5-1,text,true,,263,155,10,70,http://localhost:8080/search?q=beauty&author=Oscar%20Wilde,122,0,0
1782356358417,116,HTTP Request,200,OK,Author Query 5-6,text,true,,263,155,10,70,http://localhost:8080/search?q=beauty&author=Oscar%20Wilde,116,0,0
1782356358452,82,HTTP Request,200,OK,Author Query 5-10,text,true,,263,155,10,70,http://localhost:8080/search?q=beauty&author=Oscar%20Wilde,82,0,0
1782356358405,129,HTTP Request,200,OK,Author Query 5-4,text,true,,263,155,10,70,http://localhost:8080/search?q=beauty&author=Oscar%20Wilde,129,0,0
1782356358401,133,HTTP Request,200,OK,Author Query 5-5,text,true,,263,155,10,70,http://localhost:8080/search?q=beauty&author=Oscar%20Wilde,133,0,0
1782356358428,106,HTTP Request,200,OK,Author Query 5-3,text,true,,263,155,10,70,http://localhost:8080/search?q=beauty&author=Oscar%20Wilde,106,0,0
1782356358434,113,HTTP Request,200,OK,Author Query 5-7,text,true,,263,155,10,70,http://localhost:8080/search?q=beauty&author=Oscar%20Wilde,113,0,0
1782356358418,181,HTTP Request,200,OK,Author Query 5-8,text,true,,263,155,10,70,http://localhost:8080/search?q=beauty&author=Oscar%20Wilde,181,0,0
1782356358435,199,HTTP Request,200,OK,Author Query 5-2,text,true,,263,155,10,70,http://localhost:8080/search?q=beauty&author=Oscar%20Wilde,199,0,0
1782356358475,159,HTTP Request,200,OK,Author Query 5-9,text,true,,263,155,10,70,http://localhost:8080/search?q=beauty&author=Oscar%20Wilde,159,0,0
1782356358485,164,HTTP Request,200,OK,Author Query 5-1,text,true,,263,155,10,70,http://localhost:8080/search?q=beauty&author=Oscar%20Wilde,164,0,0
1782356358534,119,HTTP Request,200,OK,Author Query 5-10,text,true,,263,155,10,70,http://localhost:8080/search?q=beauty&author=Oscar%20Wilde,119,0,0
1782356358534,128,HTTP Request,200,OK,Author Query 5-5,text,true,,263,155,10,70,http://localhost:8080/search?q=beauty&author=Oscar%20Wilde,128,0,0
1782356358533,134,HTTP Request,200,OK,Author Query 5-6,text,true,,263,155,10,70,http://localhost:8080/search?q=beauty&author=Oscar%20Wilde,134,0,0
1782356358534,138,HTTP Request,200,OK,Author Query 5-4,text,true,,263,155,10,70,http://localhost:8080/search?q=beauty&author=Oscar%20Wilde,138,0,0
1782356358534,139,HTTP Request,200,OK,Author Query 5-3,text,true,,263,155,10,70,http://localhost:8080/search?q=beauty&author=Oscar%20Wilde,139,0,0
1782356358547,126,HTTP Request,200,OK,Author Query 5-7,text,true,,263,155,10,70,http://localhost:8080/search?q=beauty&author=Oscar%20Wilde,126,0,0
1782356358634,157,HTTP Request,200,OK,Author Query 5-9,text,true,,263,155,10,70,http://localhost:8080/search?q=beauty&author=Oscar%20Wilde,157,0,0
1782356358654,162,HTTP Request,200,OK,Author Query 5-10,text,true,,263,155,10,70,http://localhost:8080/search?q=beauty&author=Oscar%20Wilde,162,0,0
1782356358673,143,HTTP Request,200,OK,Author Query 5-7,text,true,,263,155,10,70,http://localhost:8080/search?q=beauty&author=Oscar%20Wilde,143,0,0
1782356358663,156,HTTP Request,200,OK,Author Query 5-5,text,true,,263,155,10,70,http://localhost:8080/search?q=beauty&author=Oscar%20Wilde,156,0,0
1782356358673,146,HTTP Request,200,OK,Author Query 5-4,text,true,,263,155,10,70,http://localhost:8080/search?q=beauty&author=Oscar%20Wilde,146,0,0
1782356358667,153,HTTP Request,200,OK,Author Query 5-6,text,true,,263,155,10,70,http://localhost:8080/search?q=beauty&author=Oscar%20Wilde,153,0,0
1782356358673,148,HTTP Request,200,OK,Author Query 5-3,text,true,,263,155,10,70,http://localhost:8080/search?q=beauty&author=Oscar%20Wilde,148,0,0
1782356358634,208,HTTP Request,200,OK,Author Query 5-2,text,true,,263,155,10,70,http://localhost:8080/search?q=beauty&author=Oscar%20Wilde,208,0,0
1782356358600,242,HTTP Request,200,OK,Author Query 5-8,text,true,,263,155,10,70,http://localhost:8080/search?q=beauty&author=Oscar%20Wilde,242,0,0
1782356358650,239,HTTP Request,200,OK,Author Query 5-1,text,true,,263,155,10,70,http://localhost:8080/search?q=beauty&author=Oscar%20Wilde,239,0,0
1782356358816,118,HTTP Request,200,OK,Author Query 5-10,text,true,,263,155,10,70,http://localhost:8080/search?q=beauty&author=Oscar%20Wilde,118,0,0
1782356358792,114,HTTP Request,200,OK,Author Query 5-9,text,true,,263,155,10,70,http://localhost:8080/search?q=beauty&author=Oscar%20Wilde,114,0,0
1782356358819,134,HTTP Request,200,OK,Author Query 5-4,text,true,,263,155,10,70,http://localhost:8080/search?q=beauty&author=Oscar%20Wilde,134,0,0
1782356358817,138,HTTP Request,200,OK,Author Query 5-7,text,true,,263,155,10,70,http://localhost:8080/search?q=beauty&author=Oscar%20Wilde,138,0,0
1782356358819,138,HTTP Request,200,OK,Author Query 5-5,text,true,,263,155,10,70,http://localhost:8080/search?q=beauty&author=Oscar%20Wilde,138,0,0
1782356358820,142,HTTP Request,200,OK,Author Query 5-6,text,true,,263,155,10,70,http://localhost:8080/search?q=beauty&author=Oscar%20Wilde,142,0,0
1782356358821,143,HTTP Request,200,OK,Author Query 5-3,text,true,,263,155,10,70,http://localhost:8080/search?q=beauty&author=Oscar%20Wilde,143,0,0
1782356358842,122,HTTP Request,200,OK,Author Query 5-8,text,true,,263,155,10,70,http://localhost:8080/search?q=beauty&author=Oscar%20Wilde,122,0,0
1782356358843,173,HTTP Request,200,OK,Author Query 5-2,text,true,,263,155,10,70,http://localhost:8080/search?q=beauty&author=Oscar%20Wilde,173,0,0
1782356358934,151,HTTP Request,200,OK,Author Query 5-10,text,true,,263,155,10,70,http://localhost:8080/search?q=beauty&author=Oscar%20Wilde,151,0,0
1782356358954,168,HTTP Request,200,OK,Author Query 5-4,text,true,,263,155,10,70,http://localhost:8080/search?q=beauty&author=Oscar%20Wilde,168,0,0
1782356358958,164,HTTP Request,200,OK,Author Query 5-5,text,true,,263,155,10,70,http://localhost:8080/search?q=beauty&author=Oscar%20Wilde,164,0,0
1782356358964,160,HTTP Request,200,OK,Author Query 5-8,text,true,,263,155,10,70,http://localhost:8080/search?q=beauty&author=Oscar%20Wilde,160,0,0
1782356358963,170,HTTP Request,200,OK,Author Query 5-6,text,true,,263,155,10,70,http://localhost:8080/search?q=beauty&author=Oscar%20Wilde,170,0,0
1782356358956,180,HTTP Request,200,OK,Author Query 5-7,text,true,,263,155,10,70,http://localhost:8080/search?q=beauty&author=Oscar%20Wilde,180,0,0
1782356358964,173,HTTP Request,200,OK,Author Query 5-3,text,true,,263,155,10,70,http://localhost:8080/search?q=beauty&author=Oscar%20Wilde,173,0,0
1782356358936,204,HTTP Request,200,OK,Author Query 5-9,text,true,,263,155,10,70,http://localhost:8080/search?q=beauty&author=Oscar%20Wilde,204,0,0
1782356358889,256,HTTP Request,200,OK,Author Query 5-1,text,true,,263,155,10,70,http://localhost:8080/search?q=beauty&author=Oscar%20Wilde,256,0,0
1782356359016,144,HTTP Request,200,OK,Author Query 5-2,text,true,,263,155,10,70,http://localhost:8080/search?q=beauty&author=Oscar%20Wilde,144,0,0
1782356359085,98,HTTP Request,200,OK,Author Query 5-10,text,true,,263,155,10,70,http://localhost:8080/search?q=beauty&author=Oscar%20Wilde,98,0,0
1782356359122,122,HTTP Request,200,OK,Author Query 5-4,text,true,,263,155,10,70,http://localhost:8080/search?q=beauty&author=Oscar%20Wilde,122,0,0
1782356359137,114,HTTP Request,200,OK,Author Query 5-3,text,true,,263,155,10,70,http://localhost:8080/search?q=beauty&author=Oscar%20Wilde,114,0,0
1782356359124,127,HTTP Request,200,OK,Author Query 5-8,text,true,,263,155,10,70,http://localhost:8080/search?q=beauty&author=Oscar%20Wilde,127,0,0
1782356359133,133,HTTP Request,200,OK,Author Query 5-6,text,true,,263,155,10,70,http://localhost:8080/search?q=beauty&author=Oscar%20Wilde,133,0,0
1782356359122,146,HTTP Request,200,OK,Author Query 5-5,text,true,,263,155,10,70,http://localhost:8080/search?q=beauty&author=Oscar%20Wilde,146,0,0
1782356359141,129,HTTP Request,200,OK,Author Query 5-9,text,true,,263,155,10,70,http://localhost:8080/search?q=beauty&author=Oscar%20Wilde,129,0,0
1782356359183,90,HTTP Request,200,OK,Author Query 5-10,text,true,,263,155,10,70,http://localhost:8080/search?q=beauty&author=Oscar%20Wilde,90,0,0
1782356359136,143,HTTP Request,200,OK,Author Query 5-7,text,true,,263,155,10,70,http://localhost:8080/search?q=beauty&author=Oscar%20Wilde,143,0,0
1782356359160,120,HTTP Request,200,OK,Author Query 5-2,text,true,,263,155,10,70,http://localhost:8080/search?q=beauty&author=Oscar%20Wilde,120,0,0
1782356359145,135,HTTP Request,200,OK,Author Query 5-1,text,true,,263,155,10,70,http://localhost:8080/search?q=beauty&author=Oscar%20Wilde,135,0,0
1782356359251,143,HTTP Request,200,OK,Author Query 5-3,text,true,,263,155,10,70,http://localhost:8080/search?q=beauty&author=Oscar%20Wilde,143,0,0
1782356359251,143,HTTP Request,200,OK,Author Query 5-8,text,true,,263,155,10,70,http://localhost:8080/search?q=beauty&author=Oscar%20Wilde,143,0,0
1782356359244,151,HTTP Request,200,OK,Author Query 5-4,text,true,,263,155,10,70,http://localhost:8080/search?q=beauty&author=Oscar%20Wilde,151,0,0
1782356359268,127,HTTP Request,200,OK,Author Query 5-5,text,true,,263,155,10,70,http://localhost:8080/search?q=beauty&author=Oscar%20Wilde,127,0,0
1782356359267,129,HTTP Request,200,OK,Author Query 5-6,text,true,,263,155,10,70,http://localhost:8080/search?q=beauty&author=Oscar%20Wilde,129,0,0
1782356359270,126,HTTP Request,200,OK,Author Query 5-9,text,true,,263,155,10,70,http://localhost:8080/search?q=beauty&author=Oscar%20Wilde,126,0,0
1782356359280,136,HTTP Request,200,OK,Author Query 5-7,text,true,,263,155,10,70,http://localhost:8080/search?q=beauty&author=Oscar%20Wilde,136,0,0
1782356359273,154,HTTP Request,200,OK,Author Query 5-10,text,true,,263,155,10,70,http://localhost:8080/search?q=beauty&author=Oscar%20Wilde,154,0,0
1782356359280,176,HTTP Request,200,OK,Author Query 5-2,text,true,,263,155,10,70,http://localhost:8080/search?q=beauty&author=Oscar%20Wilde,176,0,0
1782356359280,176,HTTP Request,200,OK,Author Query 5-1,text,true,,263,155,10,70,http://localhost:8080/search?q=beauty&author=Oscar%20Wilde,176,0,0
1782356359395,126,HTTP Request,200,OK,Author Query 5-5,text,true,,263,155,10,70,http://localhost:8080/search?q=beauty&author=Oscar%20Wilde,126,0,0
1782356359396,125,HTTP Request,200,OK,Author Query 5-9,text,true,,263,155,10,70,http://localhost:8080/search?q=beauty&author=Oscar%20Wilde,125,0,0
1782356359394,127,HTTP Request,200,OK,Author Query 5-3,text,true,,263,155,10,70,http://localhost:8080/search?q=beauty&author=Oscar%20Wilde,127,0,0
1782356359394,127,HTTP Request,200,OK,Author Query 5-8,text,true,,263,155,10,70,http://localhost:8080/search?q=beauty&author=Oscar%20Wilde,127,0,0
1782356359396,125,HTTP Request,200,OK,Author Query 5-6,text,true,,263,155,10,70,http://localhost:8080/search?q=beauty&author=Oscar%20Wilde,125,0,0
1782356359395,126,HTTP Request,200,OK,Author Query 5-4,text,true,,263,155,10,70,http://localhost:8080/search?q=beauty&author=Oscar%20Wilde,126,0,0
1782356359416,208,HTTP Request,200,OK,Author Query 5-7,text,true,,263,155,10,70,http://localhost:8080/search?q=beauty&author=Oscar%20Wilde,208,0,0
1782356359427,211,HTTP Request,200,OK,Author Query 5-10,text,true,,263,155,10,70,http://localhost:8080/search?q=beauty&author=Oscar%20Wilde,211,0,0
1782356359521,146,HTTP Request,200,OK,Author Query 5-9,text,true,,263,155,10,70,http://localhost:8080/search?q=beauty&author=Oscar%20Wilde,146,0,0
1782356359521,147,HTTP Request,200,OK,Author Query 5-3,text,true,,263,155,10,70,http://localhost:8080/search?q=beauty&author=Oscar%20Wilde,147,0,0
1782356359521,147,HTTP Request,200,OK,Author Query 5-6,text,true,,263,155,10,70,http://localhost:8080/search?q=beauty&author=Oscar%20Wilde,147,0,0
1782356359521,147,HTTP Request,200,OK,Author Query 5-4,text,true,,263,155,10,70,http://localhost:8080/search?q=beauty&author=Oscar%20Wilde,147,0,0
1782356359521,147,HTTP Request,200,OK,Author Query 5-8,text,true,,263,155,10,70,http://localhost:8080/search?q=beauty&author=Oscar%20Wilde,147,0,0
1782356359521,147,HTTP Request,200,OK,Author Query 5-5,text,true,,263,155,10,70,http://localhost:8080/search?q=beauty&author=Oscar%20Wilde,147,0,0
1782356359457,240,HTTP Request,200,OK,Author Query 5-1,text,true,,263,155,10,70,http://localhost:8080/search?q=beauty&author=Oscar%20Wilde,240,0,0
1782356359456,254,HTTP Request,200,OK,Author Query 5-2,text,true,,263,155,10,70,http://localhost:8080/search?q=beauty&author=Oscar%20Wilde,254,0,0
1782356359638,119,HTTP Request,200,OK,Author Query 5-10,text,true,,263,155,10,70,http://localhost:8080/search?q=beauty&author=Oscar%20Wilde,119,0,0
1782356359668,90,HTTP Request,200,OK,Author Query 5-4,text,true,,263,155,10,70,http://localhost:8080/search?q=beauty&author=Oscar%20Wilde,90,0,0
1782356359624,137,HTTP Request,200,OK,Author Query 5-7,text,true,,263,155,10,70,http://localhost:8080/search?q=beauty&author=Oscar%20Wilde,137,0,0
1782356359668,126,HTTP Request,200,OK,Author Query 5-3,text,true,,263,155,10,70,http://localhost:8080/search?q=beauty&author=Oscar%20Wilde,126,0,0
1782356359668,128,HTTP Request,200,OK,Author Query 5-6,text,true,,263,155,10,70,http://localhost:8080/search?q=beauty&author=Oscar%20Wilde,128,0,0
1782356359667,134,HTTP Request,200,OK,Author Query 5-9,text,true,,263,155,10,70,http://localhost:8080/search?q=beauty&author=Oscar%20Wilde,134,0,0
1782356359668,133,HTTP Request,200,OK,Author Query 5-8,text,true,,263,155,10,70,http://localhost:8080/search?q=beauty&author=Oscar%20Wilde,133,0,0
1782356359669,153,HTTP Request,200,OK,Author Query 5-5,text,true,,263,155,10,70,http://localhost:8080/search?q=beauty&author=Oscar%20Wilde,153,0,0
1782356359758,98,HTTP Request,200,OK,Author Query 5-4,text,true,,263,155,10,70,http://localhost:8080/search?q=beauty&author=Oscar%20Wilde,98,0,0
1782356359757,100,HTTP Request,200,OK,Author Query 5-10,text,true,,263,155,10,70,http://localhost:8080/search?q=beauty&author=Oscar%20Wilde,100,0,0
1782356359762,95,HTTP Request,200,OK,Author Query 5-7,text,true,,263,155,10,70,http://localhost:8080/search?q=beauty&author=Oscar%20Wilde,95,0,0
1782356359796,70,HTTP Request,200,OK,Author Query 5-6,text,true,,263,155,10,70,http://localhost:8080/search?q=beauty&author=Oscar%20Wilde,70,0,0
1782356359697,170,HTTP Request,200,OK,Author Query 5-1,text,true,,263,155,10,70,http://localhost:8080/search?q=beauty&author=Oscar%20Wilde,170,0,0
1782356359794,73,HTTP Request,200,OK,Author Query 5-3,text,true,,263,155,10,70,http://localhost:8080/search?q=beauty&author=Oscar%20Wilde,73,0,0
1782356359710,175,HTTP Request,200,OK,Author Query 5-2,text,true,,263,155,10,70,http://localhost:8080/search?q=beauty&author=Oscar%20Wilde,175,0,0
1782356359801,101,HTTP Request,200,OK,Author Query 5-8,text,true,,263,155,10,70,http://localhost:8080/search?q=beauty&author=Oscar%20Wilde,101,0,0
1782356359801,101,HTTP Request,200,OK,Author Query 5-9,text,true,,263,155,10,70,http://localhost:8080/search?q=beauty&author=Oscar%20Wilde,101,0,0
1782356359822,82,HTTP Request,200,OK,Author Query 5-5,text,true,,263,155,10,70,http://localhost:8080/search?q=beauty&author=Oscar%20Wilde,82,0,0
1782356359857,121,HTTP Request,200,OK,Author Query 5-10,text,true,,263,155,10,70,http://localhost:8080/search?q=beauty&author=Oscar%20Wilde,121,0,0
1782356359856,122,HTTP Request,200,OK,Author Query 5-4,text,true,,263,155,10,70,http://localhost:8080/search?q=beauty&author=Oscar%20Wilde,122,0,0
1782356359866,114,HTTP Request,200,OK,Author Query 5-6,text,true,,263,155,10,70,http://localhost:8080/search?q=beauty&author=Oscar%20Wilde,114,0,0
1782356359857,123,HTTP Request,200,OK,Author Query 5-7,text,true,,263,155,10,70,http://localhost:8080/search?q=beauty&author=Oscar%20Wilde,123,0,0
1782356359867,114,HTTP Request,200,OK,Author Query 5-3,text,true,,263,155,10,70,http://localhost:8080/search?q=beauty&author=Oscar%20Wilde,114,0,0
1782356359867,114,HTTP Request,200,OK,Author Query 5-1,text,true,,263,155,10,70,http://localhost:8080/search?q=beauty&author=Oscar%20Wilde,114,0,0
1782356359902,89,HTTP Request,200,OK,Author Query 5-8,text,true,,263,155,10,70,http://localhost:8080/search?q=beauty&author=Oscar%20Wilde,89,0,0
1782356359902,90,HTTP Request,200,OK,Author Query 5-9,text,true,,263,155,10,70,http://localhost:8080/search?q=beauty&author=Oscar%20Wilde,90,0,0
1782356359904,106,HTTP Request,200,OK,Author Query 5-5,text,true,,263,155,10,70,http://localhost:8080/search?q=beauty&author=Oscar%20Wilde,106,0,0
1782356359885,126,HTTP Request,200,OK,Author Query 5-2,text,true,,263,155,10,70,http://localhost:8080/search?q=beauty&author=Oscar%20Wilde,126,0,0
1782356359980,140,HTTP Request,200,OK,Author Query 5-6,text,true,,263,155,10,70,http://localhost:8080/search?q=beauty&author=Oscar%20Wilde,140,0,0
1782356359979,141,HTTP Request,200,OK,Author Query 5-10,text,true,,263,155,10,70,http://localhost:8080/search?q=beauty&author=Oscar%20Wilde,141,0,0
1782356360010,133,HTTP Request,200,OK,Author Query 5-5,text,true,,263,155,10,70,http://localhost:8080/search?q=beauty&author=Oscar%20Wilde,133,0,0
1782356359981,162,HTTP Request,200,OK,Author Query 5-1,text,true,,263,155,10,70,http://localhost:8080/search?q=beauty&author=Oscar%20Wilde,162,0,0
1782356359981,162,HTTP Request,200,OK,Author Query 5-3,text,true,,263,155,10,70,http://localhost:8080/search?q=beauty&author=Oscar%20Wilde,162,0,0
1782356359979,165,HTTP Request,200,OK,Author Query 5-4,text,true,,263,155,10,70,http://localhost:8080/search?q=beauty&author=Oscar%20Wilde,165,0,0
1782356359992,161,HTTP Request,200,OK,Author Query 5-9,text,true,,263,155,10,70,http://localhost:8080/search?q=beauty&author=Oscar%20Wilde,161,0,0
1782356359992,165,HTTP Request,200,OK,Author Query 5-8,text,true,,263,155,10,70,http://localhost:8080/search?q=beauty&author=Oscar%20Wilde,165,0,0
1782356360011,146,HTTP Request,200,OK,Author Query 5-2,text,true,,263,155,10,70,http://localhost:8080/search?q=beauty&author=Oscar%20Wilde,146,0,0
1782356359980,177,HTTP Request,200,OK,Author Query 5-7,text,true,,263,155,10,70,http://localhost:8080/search?q=beauty&author=Oscar%20Wilde,177,0,0
1782356360121,71,HTTP Request,200,OK,Author Query 5-10,text,true,,263,155,10,70,http://localhost:8080/search?q=beauty&author=Oscar%20Wilde,71,0,0
1782356360120,79,HTTP Request,200,OK,Author Query 5-6,text,true,,263,155,10,70,http://localhost:8080/search?q=beauty&author=Oscar%20Wilde,79,0,0
1782356360143,74,HTTP Request,200,OK,Author Query 5-5,text,true,,263,155,10,70,http://localhost:8080/search?q=beauty&author=Oscar%20Wilde,74,0,0
1782356360145,78,HTTP Request,200,OK,Author Query 5-4,text,true,,263,155,10,70,http://localhost:8080/search?q=beauty&author=Oscar%20Wilde,78,0,0
1782356360143,95,HTTP Request,200,OK,Author Query 5-1,text,true,,263,155,10,70,http://localhost:8080/search?q=beauty&author=Oscar%20Wilde,95,0,0
1782356360157,86,HTTP Request,200,OK,Author Query 5-7,text,true,,263,155,10,70,http://localhost:8080/search?q=beauty&author=Oscar%20Wilde,86,0,0
1782356360154,90,HTTP Request,200,OK,Author Query 5-9,text,true,,263,155,10,70,http://localhost:8080/search?q=beauty&author=Oscar%20Wilde,90,0,0
1782356360143,112,HTTP Request,200,OK,Author Query 5-3,text,true,,263,155,10,70,http://localhost:8080/search?q=beauty&author=Oscar%20Wilde,112,0,0
1782356360157,116,HTTP Request,200,OK,Author Query 5-2,text,true,,263,155,10,70,http://localhost:8080/search?q=beauty&author=Oscar%20Wilde,116,0,0
1782356360157,116,HTTP Request,200,OK,Author Query 5-8,text,true,,263,155,10,70,http://localhost:8080/search?q=beauty&author=Oscar%20Wilde,116,0,0
1782356360192,81,HTTP Request,200,OK,Author Query 5-10,text,true,,263,155,10,70,http://localhost:8080/search?q=beauty&author=Oscar%20Wilde,81,0,0
1782356360199,75,HTTP Request,200,OK,Author Query 5-6,text,true,,263,155,10,70,http://localhost:8080/search?q=beauty&author=Oscar%20Wilde,75,0,0
1782356360224,88,HTTP Request,200,OK,Author Query 5-4,text,true,,263,155,10,70,http://localhost:8080/search?q=beauty&author=Oscar%20Wilde,88,0,0
1782356360217,95,HTTP Request,200,OK,Author Query 5-5,text,true,,263,155,10,70,http://localhost:8080/search?q=beauty&author=Oscar%20Wilde,95,0,0
1782356360244,82,HTTP Request,200,OK,Author Query 5-9,text,true,,263,155,10,70,http://localhost:8080/search?q=beauty&author=Oscar%20Wilde,82,0,0
1782356360238,98,HTTP Request,200,OK,Author Query 5-1,text,true,,263,155,10,70,http://localhost:8080/search?q=beauty&author=Oscar%20Wilde,98,0,0
1782356360244,135,HTTP Request,200,OK,Author Query 5-7,text,true,,263,155,10,70,http://localhost:8080/search?q=beauty&author=Oscar%20Wilde,135,0,0
1782356360255,126,HTTP Request,200,OK,Author Query 5-3,text,true,,263,155,10,70,http://localhost:8080/search?q=beauty&author=Oscar%20Wilde,126,0,0
1782356360273,107,HTTP Request,200,OK,Author Query 5-8,text,true,,263,155,10,70,http://localhost:8080/search?q=beauty&author=Oscar%20Wilde,107,0,0
1782356360273,118,HTTP Request,200,OK,Author Query 5-2,text,true,,263,155,10,70,http://localhost:8080/search?q=beauty&author=Oscar%20Wilde,118,0,0
1782356360274,118,HTTP Request,200,OK,Author Query 5-6,text,true,,263,155,10,70,http://localhost:8080/search?q=beauty&author=Oscar%20Wilde,118,0,0
1782356360312,81,HTTP Request,200,OK,Author Query 5-4,text,true,,263,155,10,70,http://localhost:8080/search?q=beauty&author=Oscar%20Wilde,81,0,0
1782356360312,81,HTTP Request,200,OK,Author Query 5-5,text,true,,263,155,10,70,http://localhost:8080/search?q=beauty&author=Oscar%20Wilde,81,0,0
1782356360273,125,HTTP Request,200,OK,Author Query 5-10,text,true,,263,155,10,70,http://localhost:8080/search?q=beauty&author=Oscar%20Wilde,125,0,0
1782356360326,104,HTTP Request,200,OK,Author Query 5-9,text,true,,263,155,10,70,http://localhost:8080/search?q=beauty&author=Oscar%20Wilde,104,0,0
1782356360336,123,HTTP Request,200,OK,Author Query 5-1,text,true,,263,155,10,70,http://localhost:8080/search?q=beauty&author=Oscar%20Wilde,123,0,0
1782356360381,96,HTTP Request,200,OK,Author Query 5-3,text,true,,263,155,10,70,http://localhost:8080/search?q=beauty&author=Oscar%20Wilde,96,0,0
1782356360381,96,HTTP Request,200,OK,Author Query 5-8,text,true,,263,155,10,70,http://localhost:8080/search?q=beauty&author=Oscar%20Wilde,96,0,0
1782356360430,66,HTTP Request,200,OK,Author Query 5-9,text,true,,263,155,10,70,http://localhost:8080/search?q=beauty&author=Oscar%20Wilde,66,0,0
1782356360392,120,HTTP Request,200,OK,Author Query 5-6,text,true,,263,155,10,70,http://localhost:8080/search?q=beauty&author=Oscar%20Wilde,120,0,0
1782356360399,114,HTTP Request,200,OK,Author Query 5-10,text,true,,263,155,10,70,http://localhost:8080/search?q=beauty&author=Oscar%20Wilde,114,0,0
1782356360391,124,HTTP Request,200,OK,Author Query 5-2,text,true,,263,155,10,70,http://localhost:8080/search?q=beauty&author=Oscar%20Wilde,124,0,0
1782356360393,128,HTTP Request,200,OK,Author Query 5-5,text,true,,263,155,10,70,http://localhost:8080/search?q=beauty&author=Oscar%20Wilde,128,0,0
1782356360393,130,HTTP Request,200,OK,Author Query 5-4,text,true,,263,155,10,70,http://localhost:8080/search?q=beauty&author=Oscar%20Wilde,130,0,0
1782356360379,146,HTTP Request,200,OK,Author Query 5-7,text,true,,263,155,10,70,http://localhost:8080/search?q=beauty&author=Oscar%20Wilde,146,0,0
1782356360459,97,HTTP Request,200,OK,Author Query 5-1,text,true,,263,155,10,70,http://localhost:8080/search?q=beauty&author=Oscar%20Wilde,97,0,0
1782356360477,150,HTTP Request,200,OK,Author Query 5-8,text,true,,263,155,10,70,http://localhost:8080/search?q=beauty&author=Oscar%20Wilde,150,0,0
1782356360496,142,HTTP Request,200,OK,Author Query 5-9,text,true,,263,155,10,70,http://localhost:8080/search?q=beauty&author=Oscar%20Wilde,142,0,0
1782356360477,176,HTTP Request,200,OK,Author Query 5-3,text,true,,263,155,10,70,http://localhost:8080/search?q=beauty&author=Oscar%20Wilde,176,0,0
1782356360515,153,HTTP Request,200,OK,Author Query 5-2,text,true,,263,155,10,70,http://localhost:8080/search?q=beauty&author=Oscar%20Wilde,153,0,0
1782356360523,148,HTTP Request,200,OK,Author Query 5-4,text,true,,263,155,10,70,http://localhost:8080/search?q=beauty&author=Oscar%20Wilde,148,0,0
1782356360512,166,HTTP Request,200,OK,Author Query 5-6,text,true,,263,155,10,70,http://localhost:8080/search?q=beauty&author=Oscar%20Wilde,166,0,0
1782356360513,165,HTTP Request,200,OK,Author Query 5-10,text,true,,263,155,10,70,http://localhost:8080/search?q=beauty&author=Oscar%20Wilde,165,0,0
1782356360556,123,HTTP Request,200,OK,Author Query 5-1,text,true,,263,155,10,70,http://localhost:8080/search?q=beauty&author=Oscar%20Wilde,123,0,0
1782356360639,87,HTTP Request,200,OK,Author Query 5-9,text,true,,263,155,10,70,http://localhost:8080/search?q=beauty&author=Oscar%20Wilde,87,0,0
1782356360525,204,HTTP Request,200,OK,Author Query 5-7,text,true,,263,155,10,70,http://localhost:8080/search?q=beauty&author=Oscar%20Wilde,204,0,0
1782356360628,107,HTTP Request,200,OK,Author Query 5-8,text,true,,263,155,10,70,http://localhost:8080/search?q=beauty&author=Oscar%20Wilde,107,0,0
1782356360521,216,HTTP Request,200,OK,Author Query 5-5,text,true,,263,155,10,70,http://localhost:8080/search?q=beauty&author=Oscar%20Wilde,216,0,0
1782356360678,71,HTTP Request,200,OK,Author Query 5-6,text,true,,263,155,10,70,http://localhost:8080/search?q=beauty&author=Oscar%20Wilde,71,0,0
1782356360671,80,HTTP Request,200,OK,Author Query 5-4,text,true,,263,155,10,70,http://localhost:8080/search?q=beauty&author=Oscar%20Wilde,80,0,0
1782356360679,72,HTTP Request,200,OK,Author Query 5-10,text,true,,263,155,10,70,http://localhost:8080/search?q=beauty&author=Oscar%20Wilde,72,0,0
1782356360653,99,HTTP Request,200,OK,Author Query 5-3,text,true,,263,155,10,70,http://localhost:8080/search?q=beauty&author=Oscar%20Wilde,99,0,0
1782356360679,75,HTTP Request,200,OK,Author Query 5-1,text,true,,263,155,10,70,http://localhost:8080/search?q=beauty&author=Oscar%20Wilde,75,0,0
1782356360669,85,HTTP Request,200,OK,Author Query 5-2,text,true,,263,155,10,70,http://localhost:8080/search?q=beauty&author=Oscar%20Wilde,85,0,0
1782356360729,99,HTTP Request,200,OK,Author Query 5-7,text,true,,263,155,10,70,http://localhost:8080/search?q=beauty&author=Oscar%20Wilde,99,0,0
1782356360751,95,HTTP Request,200,OK,Author Query 5-4,text,true,,263,155,10,70,http://localhost:8080/search?q=beauty&author=Oscar%20Wilde,95,0,0
1782356360751,95,HTTP Request,200,OK,Author Query 5-10,text,true,,263,155,10,70,http://localhost:8080/search?q=beauty&author=Oscar%20Wilde,95,0,0
1782356360752,97,HTTP Request,200,OK,Author Query 5-3,text,true,,263,155,10,70,http://localhost:8080/search?q=beauty&author=Oscar%20Wilde,97,0,0
1782356360749,101,HTTP Request,200,OK,Author Query 5-6,text,true,,263,155,10,70,http://localhost:8080/search?q=beauty&author=Oscar%20Wilde,101,0,0
1782356360754,97,HTTP Request,200,OK,Author Query 5-2,text,true,,263,155,10,70,http://localhost:8080/search?q=beauty&author=Oscar%20Wilde,97,0,0
1782356360754,97,HTTP Request,200,OK,Author Query 5-1,text,true,,263,155,10,70,http://localhost:8080/search?q=beauty&author=Oscar%20Wilde,97,0,0
1782356360726,125,HTTP Request,200,OK,Author Query 5-9,text,true,,263,155,10,70,http://localhost:8080/search?q=beauty&author=Oscar%20Wilde,125,0,0
1782356360737,129,HTTP Request,200,OK,Author Query 5-5,text,true,,263,155,10,70,http://localhost:8080/search?q=beauty&author=Oscar%20Wilde,129,0,0
1782356360736,143,HTTP Request,200,OK,Author Query 5-8,text,true,,263,155,10,70,http://localhost:8080/search?q=beauty&author=Oscar%20Wilde,143,0,0
1782356360847,94,HTTP Request,200,OK,Author Query 5-10,text,true,,263,155,10,70,http://localhost:8080/search?q=beauty&author=Oscar%20Wilde,94,0,0
1782356360846,105,HTTP Request,200,OK,Author Query 5-4,text,true,,263,155,10,70,http://localhost:8080/search?q=beauty&author=Oscar%20Wilde,105,0,0
1782356360851,100,HTTP Request,200,OK,Author Query 5-2,text,true,,263,155,10,70,http://localhost:8080/search?q=beauty&author=Oscar%20Wilde,100,0,0
1782356360850,101,HTTP Request,200,OK,Author Query 5-6,text,true,,263,155,10,70,http://localhost:8080/search?q=beauty&author=Oscar%20Wilde,101,0,0
1782356360828,124,HTTP Request,200,OK,Author Query 5-7,text,true,,263,155,10,70,http://localhost:8080/search?q=beauty&author=Oscar%20Wilde,124,0,0
1782356360866,88,HTTP Request,200,OK,Author Query 5-5,text,true,,263,155,10,70,http://localhost:8080/search?q=beauty&author=Oscar%20Wilde,88,0,0
1782356360851,103,HTTP Request,200,OK,Author Query 5-1,text,true,,263,155,10,70,http://localhost:8080/search?q=beauty&author=Oscar%20Wilde,103,0,0
1782356360849,107,HTTP Request,200,OK,Author Query 5-3,text,true,,263,155,10,70,http://localhost:8080/search?q=beauty&author=Oscar%20Wilde,107,0,0
1782356360851,153,HTTP Request,200,OK,Author Query 5-9,text,true,,263,155,10,70,http://localhost:8080/search?q=beauty&author=Oscar%20Wilde,153,0,0
1782356360941,91,HTTP Request,200,OK,Author Query 5-10,text,true,,263,155,10,70,http://localhost:8080/search?q=beauty&author=Oscar%20Wilde,91,0,0
1782356360951,82,HTTP Request,200,OK,Author Query 5-4,text,true,,263,155,10,70,http://localhost:8080/search?q=beauty&author=Oscar%20Wilde,82,0,0
1782356360880,162,HTTP Request,200,OK,Author Query 5-8,text,true,,263,155,10,70,http://localhost:8080/search?q=beauty&author=Oscar%20Wilde,162,0,0
1782356360954,104,HTTP Request,200,OK,Author Query 5-1,text,true,,263,155,10,70,http://localhost:8080/search?q=beauty&author=Oscar%20Wilde,104,0,0
1782356360951,127,HTTP Request,200,OK,Author Query 5-2,text,true,,263,155,10,70,http://localhost:8080/search?q=beauty&author=Oscar%20Wilde,127,0,0
1782356360952,127,HTTP Request,200,OK,Author Query 5-7,text,true,,263,155,10,70,http://localhost:8080/search?q=beauty&author=Oscar%20Wilde,127,0,0
1782356360951,128,HTTP Request,200,OK,Author Query 5-6,text,true,,263,155,10,70,http://localhost:8080/search?q=beauty&author=Oscar%20Wilde,128,0,0
1782356360954,125,HTTP Request,200,OK,Author Query 5-5,text,true,,263,155,10,70,http://localhost:8080/search?q=beauty&author=Oscar%20Wilde,125,0,0
1782356361004,97,HTTP Request,200,OK,Author Query 5-9,text,true,,263,155,10,70,http://localhost:8080/search?q=beauty&author=Oscar%20Wilde,97,0,0
1782356360956,147,HTTP Request,200,OK,Author Query 5-3,text,true,,263,155,10,70,http://localhost:8080/search?q=beauty&author=Oscar%20Wilde,147,0,0
1782356361079,137,HTTP Request,200,OK,Author Query 5-6,text,true,,263,155,10,70,http://localhost:8080/search?q=beauty&author=Oscar%20Wilde,136,0,0
1782356361101,116,HTTP Request,200,OK,Author Query 5-9,text,true,,263,155,10,70,http://localhost:8080/search?q=beauty&author=Oscar%20Wilde,116,0,0
1782356361042,192,HTTP Request,200,OK,Author Query 5-8,text,true,,263,155,10,70,http://localhost:8080/search?q=beauty&author=Oscar%20Wilde,192,0,0
1782356361058,189,HTTP Request,200,OK,Author Query 5-1,text,true,,263,155,10,70,http://localhost:8080/search?q=beauty&author=Oscar%20Wilde,189,0,0
1782356361079,175,HTTP Request,200,OK,Author Query 5-7,text,true,,263,155,10,70,http://localhost:8080/search?q=beauty&author=Oscar%20Wilde,175,0,0
1782356361079,175,HTTP Request,200,OK,Author Query 5-5,text,true,,263,155,10,70,http://localhost:8080/search?q=beauty&author=Oscar%20Wilde,175,0,0
1782356361033,221,HTTP Request,200,OK,Author Query 5-4,text,true,,263,155,10,70,http://localhost:8080/search?q=beauty&author=Oscar%20Wilde,221,0,0
1782356361032,222,HTTP Request,200,OK,Author Query 5-10,text,true,,263,155,10,70,http://localhost:8080/search?q=beauty&author=Oscar%20Wilde,222,0,0
1782356361103,151,HTTP Request,200,OK,Author Query 5-3,text,true,,263,155,10,70,http://localhost:8080/search?q=beauty&author=Oscar%20Wilde,151,0,0
1782356361079,182,HTTP Request,200,OK,Author Query 5-2,text,true,,263,155,10,70,http://localhost:8080/search?q=beauty&author=Oscar%20Wilde,182,0,0
1782356361216,89,HTTP Request,200,OK,Author Query 5-6,text,true,,263,155,10,70,http://localhost:8080/search?q=beauty&author=Oscar%20Wilde,89,0,0
1782356361217,93,HTTP Request,200,OK,Author Query 5-9,text,true,,263,155,10,70,http://localhost:8080/search?q=beauty&author=Oscar%20Wilde,93,0,0
1782356361234,89,HTTP Request,200,OK,Author Query 5-8,text,true,,263,155,10,70,http://localhost:8080/search?q=beauty&author=Oscar%20Wilde,89,0,0
1782356361254,132,HTTP Request,200,OK,Author Query 5-7,text,true,,263,155,10,70,http://localhost:8080/search?q=beauty&author=Oscar%20Wilde,132,0,0
1782356361254,134,HTTP Request,200,OK,Author Query 5-10,text,true,,263,155,10,70,http://localhost:8080/search?q=beauty&author=Oscar%20Wilde,134,0,0
1782356361254,134,HTTP Request,200,OK,Author Query 5-3,text,true,,263,155,10,70,http://localhost:8080/search?q=beauty&author=Oscar%20Wilde,134,0,0
1782356361254,134,HTTP Request,200,OK,Author Query 5-4,text,true,,263,155,10,70,http://localhost:8080/search?q=beauty&author=Oscar%20Wilde,134,0,0
1782356361247,141,HTTP Request,200,OK,Author Query 5-1,text,true,,263,155,10,70,http://localhost:8080/search?q=beauty&author=Oscar%20Wilde,141,0,0
1782356361254,135,HTTP Request,200,OK,Author Query 5-5,text,true,,263,155,10,70,http://localhost:8080/search?q=beauty&author=Oscar%20Wilde,135,0,0
1782356361261,128,HTTP Request,200,OK,Author Query 5-2,text,true,,263,155,10,70,http://localhost:8080/search?q=beauty&author=Oscar%20Wilde,128,0,0
1782356361306,111,HTTP Request,200,OK,Author Query 5-6,text,true,,263,155,10,70,http://localhost:8080/search?q=beauty&author=Oscar%20Wilde,111,0,0
1782356361323,148,HTTP Request,200,OK,Author Query 5-8,text,true,,263,155,10,70,http://localhost:8080/search?q=beauty&author=Oscar%20Wilde,148,0,0
1782356361310,162,HTTP Request,200,OK,Author Query 5-9,text,true,,263,155,10,70,http://localhost:8080/search?q=beauty&author=Oscar%20Wilde,162,0,0
1782356361388,150,HTTP Request,200,OK,Author Query 5-4,text,true,,263,155,10,70,http://localhost:8080/search?q=beauty&author=Oscar%20Wilde,150,0,0
1782356361389,161,HTTP Request,200,OK,Author Query 5-5,text,true,,263,155,10,70,http://localhost:8080/search?q=beauty&author=Oscar%20Wilde,161,0,0
1782356361388,187,HTTP Request,200,OK,Author Query 5-10,text,true,,263,155,10,70,http://localhost:8080/search?q=beauty&author=Oscar%20Wilde,187,0,0
1782356361387,191,HTTP Request,200,OK,Author Query 5-7,text,true,,263,155,10,70,http://localhost:8080/search?q=beauty&author=Oscar%20Wilde,191,0,0
1782356361388,193,HTTP Request,200,OK,Author Query 5-3,text,true,,263,155,10,70,http://localhost:8080/search?q=beauty&author=Oscar%20Wilde,193,0,0
1782356361389,192,HTTP Request,200,OK,Author Query 5-2,text,true,,263,155,10,70,http://localhost:8080/search?q=beauty&author=Oscar%20Wilde,192,0,0
1782356361472,110,HTTP Request,200,OK,Author Query 5-9,text,true,,263,155,10,70,http://localhost:8080/search?q=beauty&author=Oscar%20Wilde,110,0,0
1782356361471,112,HTTP Request,200,OK,Author Query 5-8,text,true,,263,155,10,70,http://localhost:8080/search?q=beauty&author=Oscar%20Wilde,112,0,0
1782356361388,209,HTTP Request,200,OK,Author Query 5-1,text,true,,263,155,10,70,http://localhost:8080/search?q=beauty&author=Oscar%20Wilde,209,0,0
1782356361417,201,HTTP Request,200,OK,Author Query 5-6,text,true,,263,155,10,70,http://localhost:8080/search?q=beauty&author=Oscar%20Wilde,201,0,0
1782356361582,154,HTTP Request,200,OK,Author Query 5-9,text,true,,263,155,10,70,http://localhost:8080/search?q=beauty&author=Oscar%20Wilde,154,0,0
1782356361578,158,HTTP Request,200,OK,Author Query 5-7,text,true,,263,155,10,70,http://localhost:8080/search?q=beauty&author=Oscar%20Wilde,158,0,0
1782356361582,155,HTTP Request,200,OK,Author Query 5-2,text,true,,263,155,10,70,http://localhost:8080/search?q=beauty&author=Oscar%20Wilde,155,0,0
1782356361584,184,HTTP Request,200,OK,Author Query 5-8,text,true,,263,155,10,70,http://localhost:8080/search?q=beauty&author=Oscar%20Wilde,184,0,0
1782356361550,220,HTTP Request,200,OK,Author Query 5-5,text,true,,263,155,10,70,http://localhost:8080/search?q=beauty&author=Oscar%20Wilde,220,0,0
1782356361576,196,HTTP Request,200,OK,Author Query 5-10,text,true,,263,155,10,70,http://localhost:8080/search?q=beauty&author=Oscar%20Wilde,196,0,0
1782356361581,192,HTTP Request,200,OK,Author Query 5-3,text,true,,263,155,10,70,http://localhost:8080/search?q=beauty&author=Oscar%20Wilde,192,0,0
1782356361539,234,HTTP Request,200,OK,Author Query 5-4,text,true,,263,155,10,70,http://localhost:8080/search?q=beauty&author=Oscar%20Wilde,234,0,0
1782356361597,176,HTTP Request,200,OK,Author Query 5-1,text,true,,263,155,10,70,http://localhost:8080/search?q=beauty&author=Oscar%20Wilde,176,0,0
1782356361618,160,HTTP Request,200,OK,Author Query 5-6,text,true,,263,155,10,70,http://localhost:8080/search?q=beauty&author=Oscar%20Wilde,160,0,0
1782356361736,88,HTTP Request,200,OK,Author Query 5-9,text,true,,263,155,10,70,http://localhost:8080/search?q=beauty&author=Oscar%20Wilde,88,0,0
1782356361737,88,HTTP Request,200,OK,Author Query 5-2,text,true,,263,155,10,70,http://localhost:8080/search?q=beauty&author=Oscar%20Wilde,88,0,0
1782356361773,87,HTTP Request,200,OK,Author Query 5-4,text,true,,263,155,10,70,http://localhost:8080/search?q=beauty&author=Oscar%20Wilde,87,0,0
1782356361770,90,HTTP Request,200,OK,Author Query 5-5,text,true,,263,155,10,70,http://localhost:8080/search?q=beauty&author=Oscar%20Wilde,90,0,0
1782356361773,88,HTTP Request,200,OK,Author Query 5-10,text,true,,263,155,10,70,http://localhost:8080/search?q=beauty&author=Oscar%20Wilde,88,0,0
1782356361768,97,HTTP Request,200,OK,Author Query 5-8,text,true,,263,155,10,70,http://localhost:8080/search?q=beauty&author=Oscar%20Wilde,97,0,0
1782356361778,108,HTTP Request,200,OK,Author Query 5-6,text,true,,263,155,10,70,http://localhost:8080/search?q=beauty&author=Oscar%20Wilde,108,0,0
1782356361736,159,HTTP Request,200,OK,Author Query 5-7,text,true,,263,155,10,70,http://localhost:8080/search?q=beauty&author=Oscar%20Wilde,159,0,0
1782356361827,85,HTTP Request,200,OK,Author Query 5-2,text,true,,263,155,10,70,http://localhost:8080/search?q=beauty&author=Oscar%20Wilde,85,0,0
1782356361826,86,HTTP Request,200,OK,Author Query 5-9,text,true,,263,155,10,70,http://localhost:8080/search?q=beauty&author=Oscar%20Wilde,86,0,0
1782356361773,160,HTTP Request,200,OK,Author Query 5-3,text,true,,263,155,10,70,http://localhost:8080/search?q=beauty&author=Oscar%20Wilde,160,0,0
1782356361773,161,HTTP Request,200,OK,Author Query 5-1,text,true,,263,155,10,70,http://localhost:8080/search?q=beauty&author=Oscar%20Wilde,161,0,0
1782356361862,126,HTTP Request,200,OK,Author Query 5-5,text,true,,263,155,10,70,http://localhost:8080/search?q=beauty&author=Oscar%20Wilde,126,0,0
1782356361868,122,HTTP Request,200,OK,Author Query 5-8,text,true,,263,155,10,70,http://localhost:8080/search?q=beauty&author=Oscar%20Wilde,122,0,0
1782356361912,88,HTTP Request,200,OK,Author Query 5-9,text,true,,263,155,10,70,http://localhost:8080/search?q=beauty&author=Oscar%20Wilde,88,0,0
1782356361936,79,HTTP Request,200,OK,Author Query 5-1,text,true,,263,155,10,70,http://localhost:8080/search?q=beauty&author=Oscar%20Wilde,79,0,0
1782356361888,148,HTTP Request,200,OK,Author Query 5-6,text,true,,263,155,10,70,http://localhost:8080/search?q=beauty&author=Oscar%20Wilde,148,0,0
1782356361863,173,HTTP Request,200,OK,Author Query 5-10,text,true,,263,155,10,70,http://localhost:8080/search?q=beauty&author=Oscar%20Wilde,173,0,0
1782356361862,175,HTTP Request,200,OK,Author Query 5-4,text,true,,263,155,10,70,http://localhost:8080/search?q=beauty&author=Oscar%20Wilde,175,0,0
1782356361897,141,HTTP Request,200,OK,Author Query 5-7,text,true,,263,155,10,70,http://localhost:8080/search?q=beauty&author=Oscar%20Wilde,141,0,0
1782356361912,139,HTTP Request,200,OK,Author Query 5-2,text,true,,263,155,10,70,http://localhost:8080/search?q=beauty&author=Oscar%20Wilde,139,0,0
1782356361990,86,HTTP Request,200,OK,Author Query 5-8,text,true,,263,155,10,70,http://localhost:8080/search?q=beauty&author=Oscar%20Wilde,86,0,0
1782356361989,87,HTTP Request,200,OK,Author Query 5-5,text,true,,263,155,10,70,http://localhost:8080/search?q=beauty&author=Oscar%20Wilde,87,0,0
1782356361935,149,HTTP Request,200,OK,Author Query 5-3,text,true,,263,155,10,70,http://localhost:8080/search?q=beauty&author=Oscar%20Wilde,149,0,0
1782356362001,97,HTTP Request,200,OK,Author Query 5-9,text,true,,263,155,10,70,http://localhost:8080/search?q=beauty&author=Oscar%20Wilde,97,0,0
1782356362015,83,HTTP Request,200,OK,Author Query 5-1,text,true,,263,155,10,70,http://localhost:8080/search?q=beauty&author=Oscar%20Wilde,83,0,0
1782356362051,88,HTTP Request,200,OK,Author Query 5-2,text,true,,263,155,10,70,http://localhost:8080/search?q=beauty&author=Oscar%20Wilde,88,0,0
1782356362036,169,HTTP Request,200,OK,Author Query 5-10,text,true,,263,155,10,70,http://localhost:8080/search?q=beauty&author=Oscar%20Wilde,169,0,0
1782356362036,185,HTTP Request,200,OK,Author Query 5-6,text,true,,263,155,10,70,http://localhost:8080/search?q=beauty&author=Oscar%20Wilde,185,0,0
1782356362037,184,HTTP Request,200,OK,Author Query 5-4,text,true,,263,155,10,70,http://localhost:8080/search?q=beauty&author=Oscar%20Wilde,184,0,0
1782356362038,192,HTTP Request,200,OK,Author Query 5-7,text,true,,263,155,10,70,http://localhost:8080/search?q=beauty&author=Oscar%20Wilde,192,0,0
1782356362139,96,HTTP Request,200,OK,Author Query 5-2,text,true,,263,155,10,70,http://localhost:8080/search?q=beauty&author=Oscar%20Wilde,96,0,0
1782356362098,163,HTTP Request,200,OK,Author Query 5-1,text,true,,263,155,10,70,http://localhost:8080/search?q=beauty&author=Oscar%20Wilde,163,0,0
1782356362077,186,HTTP Request,200,OK,Author Query 5-5,text,true,,263,155,10,70,http://localhost:8080/search?q=beauty&author=Oscar%20Wilde,186,0,0
1782356362084,180,HTTP Request,200,OK,Author Query 5-3,text,true,,263,155,10,70,http://localhost:8080/search?q=beauty&author=Oscar%20Wilde,180,0,0
1782356362076,191,HTTP Request,200,OK,Author Query 5-8,text,true,,263,155,10,70,http://localhost:8080/search?q=beauty&author=Oscar%20Wilde,191,0,0
1782356362206,77,HTTP Request,200,OK,Author Query 5-10,text,true,,263,155,10,70,http://localhost:8080/search?q=beauty&author=Oscar%20Wilde,77,0,0
1782356362098,187,HTTP Request,200,OK,Author Query 5-9,text,true,,263,155,10,70,http://localhost:8080/search?q=beauty&author=Oscar%20Wilde,187,0,0
1782356362221,79,HTTP Request,200,OK,Author Query 5-4,text,true,,263,155,10,70,http://localhost:8080/search?q=beauty&author=Oscar%20Wilde,79,0,0
1782356362221,82,HTTP Request,200,OK,Author Query 5-6,text,true,,263,155,10,70,http://localhost:8080/search?q=beauty&author=Oscar%20Wilde,82,0,0
1782356362235,96,HTTP Request,200,OK,Author Query 5-2,text,true,,263,155,10,70,http://localhost:8080/search?q=beauty&author=Oscar%20Wilde,96,0,0
1782356362230,101,HTTP Request,200,OK,Author Query 5-7,text,true,,263,155,10,70,http://localhost:8080/search?q=beauty&author=Oscar%20Wilde,101,0,0
1782356362262,75,HTTP Request,200,OK,Author Query 5-1,text,true,,263,155,10,70,http://localhost:8080/search?q=beauty&author=Oscar%20Wilde,75,0,0
1782356362264,74,HTTP Request,200,OK,Author Query 5-5,text,true,,263,155,10,70,http://localhost:8080/search?q=beauty&author=Oscar%20Wilde,74,0,0
1782356362265,91,HTTP Request,200,OK,Author Query 5-3,text,true,,263,155,10,70,http://localhost:8080/search?q=beauty&author=Oscar%20Wilde,91,0,0
1782356362285,72,HTTP Request,200,OK,Author Query 5-9,text,true,,263,155,10,70,http://localhost:8080/search?q=beauty&author=Oscar%20Wilde,72,0,0
1782356362283,75,HTTP Request,200,OK,Author Query 5-10,text,true,,263,155,10,70,http://localhost:8080/search?q=beauty&author=Oscar%20Wilde,75,0,0
1782356362303,84,HTTP Request,200,OK,Author Query 5-6,text,true,,263,155,10,70,http://localhost:8080/search?q=beauty&author=Oscar%20Wilde,84,0,0
1782356362300,90,HTTP Request,200,OK,Author Query 5-4,text,true,,263,155,10,70,http://localhost:8080/search?q=beauty&author=Oscar%20Wilde,90,0,0
1782356362267,123,HTTP Request,200,OK,Author Query 5-8,text,true,,263,155,10,70,http://localhost:8080/search?q=beauty&author=Oscar%20Wilde,123,0,0
1782356362331,91,HTTP Request,200,OK,Author Query 5-7,text,true,,263,155,10,70,http://localhost:8080/search?q=beauty&author=Oscar%20Wilde,91,0,0
1782356362338,85,HTTP Request,200,OK,Author Query 5-1,text,true,,263,155,10,70,http://localhost:8080/search?q=beauty&author=Oscar%20Wilde,85,0,0
1782356362358,66,HTTP Request,200,OK,Author Query 5-10,text,true,,263,155,10,70,http://localhost:8080/search?q=beauty&author=Oscar%20Wilde,66,0,0
1782356362357,67,HTTP Request,200,OK,Author Query 5-9,text,true,,263,155,10,70,http://localhost:8080/search?q=beauty&author=Oscar%20Wilde,67,0,0
1782356362356,71,HTTP Request,200,OK,Author Query 5-3,text,true,,263,155,10,70,http://localhost:8080/search?q=beauty&author=Oscar%20Wilde,71,0,0
1782356362338,98,HTTP Request,200,OK,Author Query 5-5,text,true,,263,155,10,70,http://localhost:8080/search?q=beauty&author=Oscar%20Wilde,98,0,0
1782356362331,113,HTTP Request,200,OK,Author Query 5-2,text,true,,263,155,10,70,http://localhost:8080/search?q=beauty&author=Oscar%20Wilde,113,0,0
1782356362390,64,HTTP Request,200,OK,Author Query 5-8,text,true,,263,155,10,70,http://localhost:8080/search?q=beauty&author=Oscar%20Wilde,64,0,0
1782356362390,72,HTTP Request,200,OK,Author Query 5-4,text,true,,263,155,10,70,http://localhost:8080/search?q=beauty&author=Oscar%20Wilde,72,0,0
1782356362388,74,HTTP Request,200,OK,Author Query 5-6,text,true,,263,155,10,70,http://localhost:8080/search?q=beauty&author=Oscar%20Wilde,74,0,0
1782356362422,52,HTTP Request,200,OK,Author Query 5-7,text,true,,263,155,10,70,http://localhost:8080/search?q=beauty&author=Oscar%20Wilde,52,0,0
1782356362424,92,HTTP Request,200,OK,Author Query 5-1,text,true,,263,155,10,70,http://localhost:8080/search?q=beauty&author=Oscar%20Wilde,92,0,0
1782356362424,92,HTTP Request,200,OK,Author Query 5-9,text,true,,263,155,10,70,http://localhost:8080/search?q=beauty&author=Oscar%20Wilde,92,0,0
1782356362445,72,HTTP Request,200,OK,Author Query 5-2,text,true,,263,155,10,70,http://localhost:8080/search?q=beauty&author=Oscar%20Wilde,72,0,0
1782356362436,81,HTTP Request,200,OK,Author Query 5-5,text,true,,263,155,10,70,http://localhost:8080/search?q=beauty&author=Oscar%20Wilde,81,0,0
1782356362424,95,HTTP Request,200,OK,Author Query 5-10,text,true,,263,155,10,70,http://localhost:8080/search?q=beauty&author=Oscar%20Wilde,95,0,0
1782356362428,91,HTTP Request,200,OK,Author Query 5-3,text,true,,263,155,10,70,http://localhost:8080/search?q=beauty&author=Oscar%20Wilde,91,0,0
1782356362454,89,HTTP Request,200,OK,Author Query 5-8,text,true,,263,155,10,70,http://localhost:8080/search?q=beauty&author=Oscar%20Wilde,89,0,0
1782356362462,85,HTTP Request,200,OK,Author Query 5-6,text,true,,263,155,10,70,http://localhost:8080/search?q=beauty&author=Oscar%20Wilde,85,0,0
1782356362474,76,HTTP Request,200,OK,Author Query 5-7,text,true,,263,155,10,70,http://localhost:8080/search?q=beauty&author=Oscar%20Wilde,76,0,0
1782356362462,88,HTTP Request,200,OK,Author Query 5-4,text,true,,263,155,10,70,http://localhost:8080/search?q=beauty&author=Oscar%20Wilde,88,0,0
1782356362517,68,HTTP Request,200,OK,Author Query 5-5,text,true,,263,155,10,70,http://localhost:8080/search?q=beauty&author=Oscar%20Wilde,68,0,0
1782356362517,73,HTTP Request,200,OK,Author Query 5-9,text,true,,263,155,10,70,http://localhost:8080/search?q=beauty&author=Oscar%20Wilde,73,0,0
1782356362517,84,HTTP Request,200,OK,Author Query 5-2,text,true,,263,155,10,70,http://localhost:8080/search?q=beauty&author=Oscar%20Wilde,84,0,0
1782356362519,83,HTTP Request,200,OK,Author Query 5-10,text,true,,263,155,10,70,http://localhost:8080/search?q=beauty&author=Oscar%20Wilde,83,0,0
1782356362516,87,HTTP Request,200,OK,Author Query 5-1,text,true,,263,155,10,70,http://localhost:8080/search?q=beauty&author=Oscar%20Wilde,87,0,0
1782356362519,88,HTTP Request,200,OK,Author Query 5-3,text,true,,263,155,10,70,http://localhost:8080/search?q=beauty&author=Oscar%20Wilde,88,0,0
1782356362544,98,HTTP Request,200,OK,Author Query 5-8,text,true,,263,155,10,70,http://localhost:8080/search?q=beauty&author=Oscar%20Wilde,98,0,0
1782356362550,99,HTTP Request,200,OK,Author Query 5-4,text,true,,263,155,10,70,http://localhost:8080/search?q=beauty&author=Oscar%20Wilde,99,0,0
1782356362547,104,HTTP Request,200,OK,Author Query 5-6,text,true,,263,155,10,70,http://localhost:8080/search?q=beauty&author=Oscar%20Wilde,104,0,0
1782356362550,101,HTTP Request,200,OK,Author Query 5-7,text,true,,263,155,10,70,http://localhost:8080/search?q=beauty&author=Oscar%20Wilde,101,0,0
1782356362586,143,HTTP Request,200,OK,Author Query 5-5,text,true,,263,155,10,70,http://localhost:8080/search?q=beauty&author=Oscar%20Wilde,143,0,0
1782356362590,167,HTTP Request,200,OK,Author Query 5-9,text,true,,263,155,10,70,http://localhost:8080/search?q=beauty&author=Oscar%20Wilde,167,0,0
1782356362603,154,HTTP Request,200,OK,Author Query 5-1,text,true,,263,155,10,70,http://localhost:8080/search?q=beauty&author=Oscar%20Wilde,154,0,0
1782356362651,120,HTTP Request,200,OK,Author Query 5-6,text,true,,263,155,10,70,http://localhost:8080/search?q=beauty&author=Oscar%20Wilde,120,0,0
1782356362643,129,HTTP Request,200,OK,Author Query 5-8,text,true,,263,155,10,70,http://localhost:8080/search?q=beauty&author=Oscar%20Wilde,129,0,0
1782356362607,171,HTTP Request,200,OK,Author Query 5-3,text,true,,263,155,10,70,http://localhost:8080/search?q=beauty&author=Oscar%20Wilde,171,0,0
1782356362601,177,HTTP Request,200,OK,Author Query 5-2,text,true,,263,155,10,70,http://localhost:8080/search?q=beauty&author=Oscar%20Wilde,177,0,0
1782356362602,177,HTTP Request,200,OK,Author Query 5-10,text,true,,263,155,10,70,http://localhost:8080/search?q=beauty&author=Oscar%20Wilde,177,0,0
1782356362649,141,HTTP Request,200,OK,Author Query 5-4,text,true,,263,155,10,70,http://localhost:8080/search?q=beauty&author=Oscar%20Wilde,141,0,0
1782356362652,139,HTTP Request,200,OK,Author Query 5-7,text,true,,263,155,10,70,http://localhost:8080/search?q=beauty&author=Oscar%20Wilde,139,0,0
1782356362729,67,HTTP Request,200,OK,Author Query 5-5,text,true,,263,155,10,70,http://localhost:8080/search?q=beauty&author=Oscar%20Wilde,67,0,0
1782356362757,54,HTTP Request,200,OK,Author Query 5-1,text,true,,263,155,10,70,http://localhost:8080/search?q=beauty&author=Oscar%20Wilde,54,0,0
1782356362772,65,HTTP Request,200,OK,Author Query 5-8,text,true,,263,155,10,70,http://localhost:8080/search?q=beauty&author=Oscar%20Wilde,65,0,0
1782356362757,84,HTTP Request,200,OK,Author Query 5-9,text,true,,263,155,10,70,http://localhost:8080/search?q=beauty&author=Oscar%20Wilde,84,0,0
1782356362772,97,HTTP Request,200,OK,Author Query 5-6,text,true,,263,155,10,70,http://localhost:8080/search?q=beauty&author=Oscar%20Wilde,97,0,0
1782356362796,75,HTTP Request,200,OK,Author Query 5-5,text,true,,263,155,10,70,http://localhost:8080/search?q=beauty&author=Oscar%20Wilde,75,0,0
1782356362791,83,HTTP Request,200,OK,Author Query 5-7,text,true,,263,155,10,70,http://localhost:8080/search?q=beauty&author=Oscar%20Wilde,83,0,0
1782356362811,79,HTTP Request,200,OK,Author Query 5-1,text,true,,263,155,10,70,http://localhost:8080/search?q=beauty&author=Oscar%20Wilde,79,0,0
1782356362779,112,HTTP Request,200,OK,Author Query 5-10,text,true,,263,155,10,70,http://localhost:8080/search?q=beauty&author=Oscar%20Wilde,112,0,0
1782356362779,113,HTTP Request,200,OK,Author Query 5-2,text,true,,263,155,10,70,http://localhost:8080/search?q=beauty&author=Oscar%20Wilde,113,0,0
1782356362779,113,HTTP Request,200,OK,Author Query 5-3,text,true,,263,155,10,70,http://localhost:8080/search?q=beauty&author=Oscar%20Wilde,113,0,0
1782356362790,119,HTTP Request,200,OK,Author Query 5-4,text,true,,263,155,10,70,http://localhost:8080/search?q=beauty&author=Oscar%20Wilde,119,0,0
1782356362841,82,HTTP Request,200,OK,Author Query 5-9,text,true,,263,155,10,70,http://localhost:8080/search?q=beauty&author=Oscar%20Wilde,82,0,0
1782356362837,86,HTTP Request,200,OK,Author Query 5-8,text,true,,263,155,10,70,http://localhost:8080/search?q=beauty&author=Oscar%20Wilde,86,0,0
1782356362870,67,HTTP Request,200,OK,Author Query 5-6,text,true,,263,155,10,70,http://localhost:8080/search?q=beauty&author=Oscar%20Wilde,67,0,0
1782356362874,63,HTTP Request,200,OK,Author Query 5-7,text,true,,263,155,10,70,http://localhost:8080/search?q=beauty&author=Oscar%20Wilde,63,0,0
1782356362871,86,HTTP Request,200,OK,Author Query 5-5,text,true,,263,155,10,70,http://localhost:8080/search?q=beauty&author=Oscar%20Wilde,86,0,0
1782356362890,114,HTTP Request,200,OK,Author Query 5-1,text,true,,263,155,10,70,http://localhost:8080/search?q=beauty&author=Oscar%20Wilde,114,0,0
1782356362891,114,HTTP Request,200,OK,Author Query 5-10,text,true,,263,155,10,70,http://localhost:8080/search?q=beauty&author=Oscar%20Wilde,114,0,0
1782356362892,114,HTTP Request,200,OK,Author Query 5-2,text,true,,263,155,10,70,http://localhost:8080/search?q=beauty&author=Oscar%20Wilde,114,0,0
1782356362924,95,HTTP Request,200,OK,Author Query 5-8,text,true,,263,155,10,70,http://localhost:8080/search?q=beauty&author=Oscar%20Wilde,95,0,0
1782356362923,96,HTTP Request,200,OK,Author Query 5-9,text,true,,263,155,10,70,http://localhost:8080/search?q=beauty&author=Oscar%20Wilde,96,0,0
1782356362909,123,HTTP Request,200,OK,Author Query 5-4,text,true,,263,155,10,70,http://localhost:8080/search?q=beauty&author=Oscar%20Wilde,123,0,0
1782356362892,140,HTTP Request,200,OK,Author Query 5-3,text,true,,263,155,10,70,http://localhost:8080/search?q=beauty&author=Oscar%20Wilde,140,0,0
1782356362937,101,HTTP Request,200,OK,Author Query 5-6,text,true,,263,155,10,70,http://localhost:8080/search?q=beauty&author=Oscar%20Wilde,101,0,0
1782356362937,101,HTTP Request,200,OK,Author Query 5-7,text,true,,263,155,10,70,http://localhost:8080/search?q=beauty&author=Oscar%20Wilde,101,0,0
1782356362957,87,HTTP Request,200,OK,Author Query 5-5,text,true,,263,155,10,70,http://localhost:8080/search?q=beauty&author=Oscar%20Wilde,87,0,0
1782356363019,63,HTTP Request,200,OK,Author Query 5-8,text,true,,263,155,10,70,http://localhost:8080/search?q=beauty&author=Oscar%20Wilde,63,0,0
1782356363004,78,HTTP Request,200,OK,Author Query 5-1,text,true,,263,155,10,70,http://localhost:8080/search?q=beauty&author=Oscar%20Wilde,78,0,0
1782356363005,78,HTTP Request,200,OK,Author Query 5-10,text,true,,263,155,10,70,http://localhost:8080/search?q=beauty&author=Oscar%20Wilde,78,0,0
1782356363032,64,HTTP Request,200,OK,Author Query 5-3,text,true,,263,155,10,70,http://localhost:8080/search?q=beauty&author=Oscar%20Wilde,64,0,0
1782356363019,94,HTTP Request,200,OK,Author Query 5-9,text,true,,263,155,10,70,http://localhost:8080/search?q=beauty&author=Oscar%20Wilde,94,0,0
1782356363006,108,HTTP Request,200,OK,Author Query 5-2,text,true,,263,155,10,70,http://localhost:8080/search?q=beauty&author=Oscar%20Wilde,108,0,0
1782356363032,84,HTTP Request,200,OK,Author Query 5-4,text,true,,263,155,10,70,http://localhost:8080/search?q=beauty&author=Oscar%20Wilde,84,0,0
1782356363038,93,HTTP Request,200,OK,Author Query 5-7,text,true,,263,155,10,70,http://localhost:8080/search?q=beauty&author=Oscar%20Wilde,93,0,0
1782356363044,90,HTTP Request,200,OK,Author Query 5-5,text,true,,263,155,10,70,http://localhost:8080/search?q=beauty&author=Oscar%20Wilde,90,0,0
1782356363082,57,HTTP Request,200,OK,Author Query 5-1,text,true,,263,155,10,70,http://localhost:8080/search?q=beauty&author=Oscar%20Wilde,57,0,0
1782356363082,94,HTTP Request,200,OK,Author Query 5-8,text,true,,263,155,10,70,http://localhost:8080/search?q=beauty&author=Oscar%20Wilde,94,0,0
1782356363038,138,HTTP Request,200,OK,Author Query 5-6,text,true,,263,155,10,70,http://localhost:8080/search?q=beauty&author=Oscar%20Wilde,138,0,0
1782356363097,87,HTTP Request,200,OK,Author Query 5-3,text,true,,263,155,10,70,http://localhost:8080/search?q=beauty&author=Oscar%20Wilde,87,0,0
1782356363083,101,HTTP Request,200,OK,Author Query 5-10,text,true,,263,155,10,70,http://localhost:8080/search?q=beauty&author=Oscar%20Wilde,101,0,0
1782356363116,68,HTTP Request,200,OK,Author Query 5-4,text,true,,263,155,10,70,http://localhost:8080/search?q=beauty&author=Oscar%20Wilde,68,0,0
1782356363113,180,HTTP Request,200,OK,Author Query 5-9,text,true,,263,155,10,70,http://localhost:8080/search?q=beauty&author=Oscar%20Wilde,180,0,0
1782356363114,179,HTTP Request,200,OK,Author Query 5-2,text,true,,263,155,10,70,http://localhost:8080/search?q=beauty&author=Oscar%20Wilde,179,0,0
1782356363176,140,HTTP Request,200,OK,Author Query 5-8,text,true,,263,155,10,70,http://localhost:8080/search?q=beauty&author=Oscar%20Wilde,140,0,0
1782356363139,177,HTTP Request,200,OK,Author Query 5-1,text,true,,263,155,10,70,http://localhost:8080/search?q=beauty&author=Oscar%20Wilde,177,0,0
1782356363184,133,HTTP Request,200,OK,Author Query 5-10,text,true,,263,155,10,70,http://localhost:8080/search?q=beauty&author=Oscar%20Wilde,133,0,0
1782356363176,143,HTTP Request,200,OK,Author Query 5-6,text,true,,263,155,10,70,http://localhost:8080/search?q=beauty&author=Oscar%20Wilde,143,0,0
1782356363134,196,HTTP Request,200,OK,Author Query 5-5,text,true,,263,155,10,70,http://localhost:8080/search?q=beauty&author=Oscar%20Wilde,196,0,0
1782356363131,203,HTTP Request,200,OK,Author Query 5-7,text,true,,263,155,10,70,http://localhost:8080/search?q=beauty&author=Oscar%20Wilde,203,0,0
1782356363184,153,HTTP Request,200,OK,Author Query 5-3,text,true,,263,155,10,70,http://localhost:8080/search?q=beauty&author=Oscar%20Wilde,153,0,0
1782356363184,170,HTTP Request,200,OK,Author Query 5-4,text,true,,263,155,10,70,http://localhost:8080/search?q=beauty&author=Oscar%20Wilde,170,0,0
1782356363317,105,HTTP Request,200,OK,Author Query 5-10,text,true,,263,155,10,70,http://localhost:8080/search?q=beauty&author=Oscar%20Wilde,105,0,0
1782356363319,103,HTTP Request,200,OK,Author Query 5-6,text,true,,263,155,10,70,http://localhost:8080/search?q=beauty&author=Oscar%20Wilde,103,0,0
1782356363316,115,HTTP Request,200,OK,Author Query 5-1,text,true,,263,155,10,70,http://localhost:8080/search?q=beauty&author=Oscar%20Wilde,115,0,0
1782356363331,114,HTTP Request,200,OK,Author Query 5-5,text,true,,263,155,10,70,http://localhost:8080/search?q=beauty&author=Oscar%20Wilde,114,0,0
1782356363334,118,HTTP Request,200,OK,Author Query 5-7,text,true,,263,155,10,70,http://localhost:8080/search?q=beauty&author=Oscar%20Wilde,118,0,0
1782356363316,137,HTTP Request,200,OK,Author Query 5-8,text,true,,263,155,10,70,http://localhost:8080/search?q=beauty&author=Oscar%20Wilde,137,0,0
1782356363293,172,HTTP Request,200,OK,Author Query 5-9,text,true,,263,155,10,70,http://localhost:8080/search?q=beauty&author=Oscar%20Wilde,172,0,0
1782356363294,171,HTTP Request,200,OK,Author Query 5-2,text,true,,263,155,10,70,http://localhost:8080/search?q=beauty&author=Oscar%20Wilde,171,0,0
1782356363337,159,HTTP Request,200,OK,Author Query 5-3,text,true,,263,155,10,70,http://localhost:8080/search?q=beauty&author=Oscar%20Wilde,159,0,0
1782356363354,162,HTTP Request,200,OK,Author Query 5-4,text,true,,263,155,10,70,http://localhost:8080/search?q=beauty&author=Oscar%20Wilde,162,0,0
1782356363431,123,HTTP Request,200,OK,Author Query 5-1,text,true,,263,155,10,70,http://localhost:8080/search?q=beauty&author=Oscar%20Wilde,123,0,0
1782356363465,103,HTTP Request,200,OK,Author Query 5-9,text,true,,263,155,10,70,http://localhost:8080/search?q=beauty&author=Oscar%20Wilde,103,0,0
1782356363465,105,HTTP Request,200,OK,Author Query 5-2,text,true,,263,155,10,70,http://localhost:8080/search?q=beauty&author=Oscar%20Wilde,105,0,0
1782356363445,131,HTTP Request,200,OK,Author Query 5-5,text,true,,263,155,10,70,http://localhost:8080/search?q=beauty&author=Oscar%20Wilde,131,0,0
1782356363452,125,HTTP Request,200,OK,Author Query 5-7,text,true,,263,155,10,70,http://localhost:8080/search?q=beauty&author=Oscar%20Wilde,125,0,0
1782356363422,160,HTTP Request,200,OK,Author Query 5-10,text,true,,263,155,10,70,http://localhost:8080/search?q=beauty&author=Oscar%20Wilde,160,0,0
1782356363453,129,HTTP Request,200,OK,Author Query 5-8,text,true,,263,155,10,70,http://localhost:8080/search?q=beauty&author=Oscar%20Wilde,129,0,0
1782356363422,189,HTTP Request,200,OK,Author Query 5-6,text,true,,263,155,10,70,http://localhost:8080/search?q=beauty&author=Oscar%20Wilde,189,0,0
1782356363496,142,HTTP Request,200,OK,Author Query 5-3,text,true,,263,155,10,70,http://localhost:8080/search?q=beauty&author=Oscar%20Wilde,142,0,0
1782356363516,137,HTTP Request,200,OK,Author Query 5-4,text,true,,263,155,10,70,http://localhost:8080/search?q=beauty&author=Oscar%20Wilde,137,0,0
1782356363568,101,HTTP Request,200,OK,Author Query 5-9,text,true,,263,155,10,70,http://localhost:8080/search?q=beauty&author=Oscar%20Wilde,101,0,0
1782356363570,101,HTTP Request,200,OK,Author Query 5-2,text,true,,263,155,10,70,http://localhost:8080/search?q=beauty&author=Oscar%20Wilde,101,0,0
1782356363582,89,HTTP Request,200,OK,Author Query 5-8,text,true,,263,155,10,70,http://localhost:8080/search?q=beauty&author=Oscar%20Wilde,89,0,0
1782356363554,118,HTTP Request,200,OK,Author Query 5-1,text,true,,263,155,10,70,http://localhost:8080/search?q=beauty&author=Oscar%20Wilde,118,0,0
1782356363582,123,HTTP Request,200,OK,Author Query 5-10,text,true,,263,155,10,70,http://localhost:8080/search?q=beauty&author=Oscar%20Wilde,123,0,0
1782356363578,203,HTTP Request,200,OK,Author Query 5-7,text,true,,263,155,10,70,http://localhost:8080/search?q=beauty&author=Oscar%20Wilde,203,0,0
1782356363576,205,HTTP Request,200,OK,Author Query 5-5,text,true,,263,155,10,70,http://localhost:8080/search?q=beauty&author=Oscar%20Wilde,205,0,0
1782356363612,193,HTTP Request,200,OK,Author Query 5-6,text,true,,263,155,10,70,http://localhost:8080/search?q=beauty&author=Oscar%20Wilde,193,0,0
1782356363638,173,HTTP Request,200,OK,Author Query 5-3,text,true,,263,155,10,70,http://localhost:8080/search?q=beauty&author=Oscar%20Wilde,173,0,0
1782356363669,172,HTTP Request,200,OK,Author Query 5-9,text,true,,263,155,10,70,http://localhost:8080/search?q=beauty&author=Oscar%20Wilde,172,0,0
1782356363671,170,HTTP Request,200,OK,Author Query 5-8,text,true,,263,155,10,70,http://localhost:8080/search?q=beauty&author=Oscar%20Wilde,170,0,0
1782356363705,138,HTTP Request,200,OK,Author Query 5-10,text,true,,263,155,10,70,http://localhost:8080/search?q=beauty&author=Oscar%20Wilde,138,0,0
1782356363653,192,HTTP Request,200,OK,Author Query 5-4,text,true,,263,155,10,70,http://localhost:8080/search?q=beauty&author=Oscar%20Wilde,192,0,0
1782356363671,174,HTTP Request,200,OK,Author Query 5-2,text,true,,263,155,10,70,http://localhost:8080/search?q=beauty&author=Oscar%20Wilde,174,0,0
1782356363672,174,HTTP Request,200,OK,Author Query 5-1,text,true,,263,155,10,70,http://localhost:8080/search?q=beauty&author=Oscar%20Wilde,174,0,0
1782356363781,100,HTTP Request,200,OK,Author Query 5-7,text,true,,263,155,10,70,http://localhost:8080/search?q=beauty&author=Oscar%20Wilde,100,0,0
1782356363811,81,HTTP Request,200,OK,Author Query 5-3,text,true,,263,155,10,70,http://localhost:8080/search?q=beauty&author=Oscar%20Wilde,81,0,0
1782356363806,86,HTTP Request,200,OK,Author Query 5-6,text,true,,263,155,10,70,http://localhost:8080/search?q=beauty&author=Oscar%20Wilde,86,0,0
1782356363781,113,HTTP Request,200,OK,Author Query 5-5,text,true,,263,155,10,70,http://localhost:8080/search?q=beauty&author=Oscar%20Wilde,113,0,0
1782356363841,64,HTTP Request,200,OK,Author Query 5-8,text,true,,263,155,10,70,http://localhost:8080/search?q=beauty&author=Oscar%20Wilde,64,0,0
1782356363843,70,HTTP Request,200,OK,Author Query 5-10,text,true,,263,155,10,70,http://localhost:8080/search?q=beauty&author=Oscar%20Wilde,70,0,0
1782356363845,95,HTTP Request,200,OK,Author Query 5-2,text,true,,263,155,10,70,http://localhost:8080/search?q=beauty&author=Oscar%20Wilde,95,0,0
1782356363841,99,HTTP Request,200,OK,Author Query 5-9,text,true,,263,155,10,70,http://localhost:8080/search?q=beauty&author=Oscar%20Wilde,99,0,0
1782356363845,112,HTTP Request,200,OK,Author Query 5-4,text,true,,263,155,10,70,http://localhost:8080/search?q=beauty&author=Oscar%20Wilde,112,0,0
1782356363847,110,HTTP Request,200,OK,Author Query 5-1,text,true,,263,155,10,70,http://localhost:8080/search?q=beauty&author=Oscar%20Wilde,110,0,0
1782356363894,70,HTTP Request,200,OK,Author Query 5-5,text,true,,263,155,10,70,http://localhost:8080/search?q=beauty&author=Oscar%20Wilde,70,0,0
1782356363881,89,HTTP Request,200,OK,Author Query 5-7,text,true,,263,155,10,70,http://localhost:8080/search?q=beauty&author=Oscar%20Wilde,89,0,0
1782356363905,74,HTTP Request,200,OK,Author Query 5-8,text,true,,263,155,10,70,http://localhost:8080/search?q=beauty&author=Oscar%20Wilde,74,0,0
1782356363892,97,HTTP Request,200,OK,Author Query 5-6,text,true,,263,155,10,70,http://localhost:8080/search?q=beauty&author=Oscar%20Wilde,97,0,0
1782356363892,97,HTTP Request,200,OK,Author Query 5-3,text,true,,263,155,10,70,http://localhost:8080/search?q=beauty&author=Oscar%20Wilde,97,0,0
1782356363913,83,HTTP Request,200,OK,Author Query 5-10,text,true,,263,155,10,70,http://localhost:8080/search?q=beauty&author=Oscar%20Wilde,83,0,0
1782356363958,71,HTTP Request,200,OK,Author Query 5-4,text,true,,263,155,10,70,http://localhost:8080/search?q=beauty&author=Oscar%20Wilde,71,0,0
1782356363940,90,HTTP Request,200,OK,Author Query 5-2,text,true,,263,155,10,70,http://localhost:8080/search?q=beauty&author=Oscar%20Wilde,90,0,0
1782356363958,97,HTTP Request,200,OK,Author Query 5-1,text,true,,263,155,10,70,http://localhost:8080/search?q=beauty&author=Oscar%20Wilde,97,0,0
1782356363940,116,HTTP Request,200,OK,Author Query 5-9,text,true,,263,155,10,70,http://localhost:8080/search?q=beauty&author=Oscar%20Wilde,116,0,0
1782356363979,89,HTTP Request,200,OK,Author Query 5-8,text,true,,263,155,10,70,http://localhost:8080/search?q=beauty&author=Oscar%20Wilde,89,0,0
1782356363970,98,HTTP Request,200,OK,Author Query 5-7,text,true,,263,155,10,70,http://localhost:8080/search?q=beauty&author=Oscar%20Wilde,98,0,0
1782356363989,107,HTTP Request,200,OK,Author Query 5-3,text,true,,263,155,10,70,http://localhost:8080/search?q=beauty&author=Oscar%20Wilde,107,0,0
1782356364030,71,HTTP Request,200,OK,Author Query 5-2,text,true,,263,155,10,70,http://localhost:8080/search?q=beauty&author=Oscar%20Wilde,71,0,0
1782356363964,145,HTTP Request,200,OK,Author Query 5-5,text,true,,263,155,10,70,http://localhost:8080/search?q=beauty&author=Oscar%20Wilde,145,0,0
1782356363989,123,HTTP Request,200,OK,Author Query 5-6,text,true,,263,155,10,70,http://localhost:8080/search?q=beauty&author=Oscar%20Wilde,123,0,0
1782356364029,89,HTTP Request,200,OK,Author Query 5-4,text,true,,263,155,10,70,http://localhost:8080/search?q=beauty&author=Oscar%20Wilde,89,0,0
1782356363996,122,HTTP Request,200,OK,Author Query 5-10,text,true,,263,155,10,70,http://localhost:8080/search?q=beauty&author=Oscar%20Wilde,122,0,0
1782356364056,80,HTTP Request,200,OK,Author Query 5-9,text,true,,263,155,10,70,http://localhost:8080/search?q=beauty&author=Oscar%20Wilde,80,0,0
1782356364055,87,HTTP Request,200,OK,Author Query 5-1,text,true,,263,155,10,70,http://localhost:8080/search?q=beauty&author=Oscar%20Wilde,87,0,0
1782356364068,83,HTTP Request,200,OK,Author Query 5-7,text,true,,263,155,10,70,http://localhost:8080/search?q=beauty&author=Oscar%20Wilde,83,0,0
1782356364068,92,HTTP Request,200,OK,Author Query 5-8,text,true,,263,155,10,70,http://localhost:8080/search?q=beauty&author=Oscar%20Wilde,92,0,0
1782356364097,82,HTTP Request,200,OK,Author Query 5-3,text,true,,263,155,10,70,http://localhost:8080/search?q=beauty&author=Oscar%20Wilde,82,0,0
1782356364101,89,HTTP Request,200,OK,Author Query 5-2,text,true,,263,155,10,70,http://localhost:8080/search?q=beauty&author=Oscar%20Wilde,89,0,0
1782356364110,89,HTTP Request,200,OK,Author Query 5-5,text,true,,263,155,10,70,http://localhost:8080/search?q=beauty&author=Oscar%20Wilde,89,0,0
1782356364118,108,HTTP Request,200,OK,Author Query 5-10,text,true,,263,155,10,70,http://localhost:8080/search?q=beauty&author=Oscar%20Wilde,108,0,0
1782356364118,117,HTTP Request,200,OK,Author Query 5-4,text,true,,263,155,10,70,http://localhost:8080/search?q=beauty&author=Oscar%20Wilde,117,0,0
1782356364160,85,HTTP Request,200,OK,Author Query 5-8,text,true,,263,155,10,70,http://localhost:8080/search?q=beauty&author=Oscar%20Wilde,85,0,0
1782356364142,103,HTTP Request,200,OK,Author Query 5-1,text,true,,263,155,10,70,http://localhost:8080/search?q=beauty&author=Oscar%20Wilde,103,0,0
1782356364151,98,HTTP Request,200,OK,Author Query 5-7,text,true,,263,155,10,70,http://localhost:8080/search?q=beauty&author=Oscar%20Wilde,98,0,0
1782356364136,166,HTTP Request,200,OK,Author Query 5-9,text,true,,263,155,10,70,http://localhost:8080/search?q=beauty&author=Oscar%20Wilde,166,0,0
1782356364112,289,HTTP Request,200,OK,Author Query 5-6,text,true,,263,155,10,70,http://localhost:8080/search?q=beauty&author=Oscar%20Wilde,289,0,0
1782356364199,232,HTTP Request,200,OK,Author Query 5-5,text,true,,263,155,10,70,http://localhost:8080/search?q=beauty&author=Oscar%20Wilde,232,0,0
1782356364237,203,HTTP Request,200,OK,Author Query 5-4,text,true,,263,155,10,70,http://localhost:8080/search?q=beauty&author=Oscar%20Wilde,203,0,0
1782356364179,276,HTTP Request,200,OK,Author Query 5-3,text,true,,263,155,10,70,http://localhost:8080/search?q=beauty&author=Oscar%20Wilde,276,0,0
1782356364245,220,HTTP Request,200,OK,Author Query 5-8,text,true,,263,155,10,70,http://localhost:8080/search?q=beauty&author=Oscar%20Wilde,220,0,0
1782356364227,240,HTTP Request,200,OK,Author Query 5-10,text,true,,263,155,10,70,http://localhost:8080/search?q=beauty&author=Oscar%20Wilde,239,0,0
1782356364190,278,HTTP Request,200,OK,Author Query 5-2,text,true,,263,155,10,70,http://localhost:8080/search?q=beauty&author=Oscar%20Wilde,278,0,0
1782356364245,239,HTTP Request,200,OK,Author Query 5-1,text,true,,263,155,10,70,http://localhost:8080/search?q=beauty&author=Oscar%20Wilde,239,0,0
1782356364249,245,HTTP Request,200,OK,Author Query 5-7,text,true,,263,155,10,70,http://localhost:8080/search?q=beauty&author=Oscar%20Wilde,245,0,0
1782356364302,195,HTTP Request,200,OK,Author Query 5-9,text,true,,263,155,10,70,http://localhost:8080/search?q=beauty&author=Oscar%20Wilde,195,0,0
1782356364402,101,HTTP Request,200,OK,Author Query 5-6,text,true,,263,155,10,70,http://localhost:8080/search?q=beauty&author=Oscar%20Wilde,101,0,0
1782356364431,117,HTTP Request,200,OK,Author Query 5-5,text,true,,263,155,10,70,http://localhost:8080/search?q=beauty&author=Oscar%20Wilde,117,0,0
1782356364455,96,HTTP Request,200,OK,Author Query 5-3,text,true,,263,155,10,70,http://localhost:8080/search?q=beauty&author=Oscar%20Wilde,95,0,0
1782356364440,116,HTTP Request,200,OK,Author Query 5-4,text,true,,263,155,10,70,http://localhost:8080/search?q=beauty&author=Oscar%20Wilde,116,0,0
1782356364497,137,HTTP Request,200,OK,Author Query 5-9,text,true,,263,155,10,70,http://localhost:8080/search?q=beauty&author=Oscar%20Wilde,137,0,0
1782356364468,169,HTTP Request,200,OK,Author Query 5-2,text,true,,263,155,10,70,http://localhost:8080/search?q=beauty&author=Oscar%20Wilde,169,0,0
1782356364551,106,HTTP Request,200,OK,Author Query 5-3,text,true,,263,155,10,70,http://localhost:8080/search?q=beauty&author=Oscar%20Wilde,106,0,0
1782356364494,164,HTTP Request,200,OK,Author Query 5-7,text,true,,263,155,10,70,http://localhost:8080/search?q=beauty&author=Oscar%20Wilde,164,0,0
1782356364484,193,HTTP Request,200,OK,Author Query 5-1,text,true,,263,155,10,70,http://localhost:8080/search?q=beauty&author=Oscar%20Wilde,193,0,0
1782356364556,127,HTTP Request,200,OK,Author Query 5-4,text,true,,263,155,10,70,http://localhost:8080/search?q=beauty&author=Oscar%20Wilde,127,0,0
1782356364548,136,HTTP Request,200,OK,Author Query 5-5,text,true,,263,155,10,70,http://localhost:8080/search?q=beauty&author=Oscar%20Wilde,136,0,0
1782356364467,217,HTTP Request,200,OK,Author Query 5-10,text,true,,263,155,10,70,http://localhost:8080/search?q=beauty&author=Oscar%20Wilde,217,0,0
1782356364466,218,HTTP Request,200,OK,Author Query 5-8,text,true,,263,155,10,70,http://localhost:8080/search?q=beauty&author=Oscar%20Wilde,218,0,0
1782356364503,198,HTTP Request,200,OK,Author Query 5-6,text,true,,263,155,10,70,http://localhost:8080/search?q=beauty&author=Oscar%20Wilde,198,0,0
1782356364658,129,HTTP Request,200,OK,Author Query 5-3,text,true,,263,155,10,70,http://localhost:8080/search?q=beauty&author=Oscar%20Wilde,129,0,0
1782356364658,131,HTTP Request,200,OK,Author Query 5-7,text,true,,263,155,10,70,http://localhost:8080/search?q=beauty&author=Oscar%20Wilde,131,0,0
1782356364684,156,HTTP Request,200,OK,Author Query 5-10,text,true,,263,155,10,70,http://localhost:8080/search?q=beauty&author=Oscar%20Wilde,156,0,0
1782356364683,190,HTTP Request,200,OK,Author Query 5-4,text,true,,263,155,10,70,http://localhost:8080/search?q=beauty&author=Oscar%20Wilde,190,0,0
1782356364685,225,HTTP Request,200,OK,Author Query 5-8,text,true,,263,155,10,70,http://localhost:8080/search?q=beauty&author=Oscar%20Wilde,225,0,0
1782356364635,276,HTTP Request,200,OK,Author Query 5-9,text,true,,263,155,10,70,http://localhost:8080/search?q=beauty&author=Oscar%20Wilde,276,0,0
1782356364638,290,HTTP Request,200,OK,Author Query 5-2,text,true,,263,155,10,70,http://localhost:8080/search?q=beauty&author=Oscar%20Wilde,290,0,0
1782356364789,148,HTTP Request,200,OK,Author Query 5-7,text,true,,263,155,10,70,http://localhost:8080/search?q=beauty&author=Oscar%20Wilde,148,0,0
1782356364677,265,HTTP Request,200,OK,Author Query 5-1,text,true,,263,155,10,70,http://localhost:8080/search?q=beauty&author=Oscar%20Wilde,265,0,0
1782356364788,157,HTTP Request,200,OK,Author Query 5-3,text,true,,263,155,10,70,http://localhost:8080/search?q=beauty&author=Oscar%20Wilde,157,0,0
1782356364684,261,HTTP Request,200,OK,Author Query 5-5,text,true,,263,155,10,70,http://localhost:8080/search?q=beauty&author=Oscar%20Wilde,261,0,0
1782356364702,253,HTTP Request,200,OK,Author Query 5-6,text,true,,263,155,10,70,http://localhost:8080/search?q=beauty&author=Oscar%20Wilde,253,0,0
1782356364841,118,HTTP Request,200,OK,Author Query 5-10,text,true,,263,155,10,70,http://localhost:8080/search?q=beauty&author=Oscar%20Wilde,118,0,0
1782356364911,110,HTTP Request,200,OK,Author Query 5-8,text,true,,263,155,10,70,http://localhost:8080/search?q=beauty&author=Oscar%20Wilde,110,0,0
1782356364942,91,HTTP Request,200,OK,Author Query 5-1,text,true,,263,155,10,70,http://localhost:8080/search?q=beauty&author=Oscar%20Wilde,91,0,0
1782356364928,108,HTTP Request,200,OK,Author Query 5-2,text,true,,263,155,10,70,http://localhost:8080/search?q=beauty&author=Oscar%20Wilde,108,0,0
1782356364945,95,HTTP Request,200,OK,Author Query 5-5,text,true,,263,155,10,70,http://localhost:8080/search?q=beauty&author=Oscar%20Wilde,95,0,0
1782356364937,104,HTTP Request,200,OK,Author Query 5-7,text,true,,263,155,10,70,http://localhost:8080/search?q=beauty&author=Oscar%20Wilde,104,0,0
1782356364945,103,HTTP Request,200,OK,Author Query 5-3,text,true,,263,155,10,70,http://localhost:8080/search?q=beauty&author=Oscar%20Wilde,103,0,0
1782356364960,95,HTTP Request,200,OK,Author Query 5-10,text,true,,263,155,10,70,http://localhost:8080/search?q=beauty&author=Oscar%20Wilde,95,0,0
1782356364912,154,HTTP Request,200,OK,Author Query 5-9,text,true,,263,155,10,70,http://localhost:8080/search?q=beauty&author=Oscar%20Wilde,154,0,0
1782356364873,194,HTTP Request,200,OK,Author Query 5-4,text,true,,263,155,10,70,http://localhost:8080/search?q=beauty&author=Oscar%20Wilde,194,0,0
1782356364956,127,HTTP Request,200,OK,Author Query 5-6,text,true,,263,155,10,70,http://localhost:8080/search?q=beauty&author=Oscar%20Wilde,127,0,0
1782356365021,73,HTTP Request,200,OK,Author Query 5-8,text,true,,263,155,10,70,http://localhost:8080/search?q=beauty&author=Oscar%20Wilde,73,0,0
1782356365040,90,HTTP Request,200,OK,Author Query 5-5,text,true,,263,155,10,70,http://localhost:8080/search?q=beauty&author=Oscar%20Wilde,90,0,0
1782356365055,76,HTTP Request,200,OK,Author Query 5-10,text,true,,263,155,10,70,http://localhost:8080/search?q=beauty&author=Oscar%20Wilde,76,0,0
1782356365033,99,HTTP Request,200,OK,Author Query 5-1,text,true,,263,155,10,70,http://localhost:8080/search?q=beauty&author=Oscar%20Wilde,99,0,0
1782356365037,105,HTTP Request,200,OK,Author Query 5-2,text,true,,263,155,10,70,http://localhost:8080/search?q=beauty&author=Oscar%20Wilde,105,0,0
1782356365041,103,HTTP Request,200,OK,Author Query 5-7,text,true,,263,155,10,70,http://localhost:8080/search?q=beauty&author=Oscar%20Wilde,103,0,0
1782356365048,115,HTTP Request,200,OK,Author Query 5-3,text,true,,263,155,10,70,http://localhost:8080/search?q=beauty&author=Oscar%20Wilde,115,0,0
1782356365132,80,HTTP Request,200,OK,Author Query 5-10,text,true,,263,155,10,70,http://localhost:8080/search?q=beauty&author=Oscar%20Wilde,80,0,0
1782356365131,82,HTTP Request,200,OK,Author Query 5-5,text,true,,263,155,10,70,http://localhost:8080/search?q=beauty&author=Oscar%20Wilde,82,0,0
1782356365132,81,HTTP Request,200,OK,Author Query 5-1,text,true,,263,155,10,70,http://localhost:8080/search?q=beauty&author=Oscar%20Wilde,81,0,0
1782356365083,137,HTTP Request,200,OK,Author Query 5-6,text,true,,263,155,10,70,http://localhost:8080/search?q=beauty&author=Oscar%20Wilde,137,0,0
1782356365067,153,HTTP Request,200,OK,Author Query 5-9,text,true,,263,155,10,70,http://localhost:8080/search?q=beauty&author=Oscar%20Wilde,153,0,0
1782356365095,126,HTTP Request,200,OK,Author Query 5-8,text,true,,263,155,10,70,http://localhost:8080/search?q=beauty&author=Oscar%20Wilde,126,0,0
1782356365144,101,HTTP Request,200,OK,Author Query 5-7,text,true,,263,155,10,70,http://localhost:8080/search?q=beauty&author=Oscar%20Wilde,101,0,0
1782356365142,107,HTTP Request,200,OK,Author Query 5-2,text,true,,263,155,10,70,http://localhost:8080/search?q=beauty&author=Oscar%20Wilde,107,0,0
1782356365067,192,HTTP Request,200,OK,Author Query 5-4,text,true,,263,155,10,70,http://localhost:8080/search?q=beauty&author=Oscar%20Wilde,192,0,0
1782356365163,104,HTTP Request,200,OK,Author Query 5-3,text,true,,263,155,10,70,http://localhost:8080/search?q=beauty&author=Oscar%20Wilde,104,0,0
1782356365246,158,HTTP Request,200,OK,Author Query 5-7,text,true,,263,155,10,70,http://localhost:8080/search?q=beauty&author=Oscar%20Wilde,158,0,0
1782356365221,184,HTTP Request,200,OK,Author Query 5-9,text,true,,263,155,10,70,http://localhost:8080/search?q=beauty&author=Oscar%20Wilde,184,0,0
1782356365220,186,HTTP Request,200,OK,Author Query 5-6,text,true,,263,155,10,70,http://localhost:8080/search?q=beauty&author=Oscar%20Wilde,186,0,0
1782356365213,194,HTTP Request,200,OK,Author Query 5-1,text,true,,263,155,10,70,http://localhost:8080/search?q=beauty&author=Oscar%20Wilde,194,0,0
1782356365213,195,HTTP Request,200,OK,Author Query 5-10,text,true,,263,155,10,70,http://localhost:8080/search?q=beauty&author=Oscar%20Wilde,195,0,0
1782356365221,187,HTTP Request,200,OK,Author Query 5-8,text,true,,263,155,10,70,http://localhost:8080/search?q=beauty&author=Oscar%20Wilde,187,0,0
1782356365250,159,HTTP Request,200,OK,Author Query 5-2,text,true,,263,155,10,70,http://localhost:8080/search?q=beauty&author=Oscar%20Wilde,159,0,0
1782356365268,155,HTTP Request,200,OK,Author Query 5-3,text,true,,263,155,10,70,http://localhost:8080/search?q=beauty&author=Oscar%20Wilde,155,0,0
1782356365213,211,HTTP Request,200,OK,Author Query 5-5,text,true,,263,155,10,70,http://localhost:8080/search?q=beauty&author=Oscar%20Wilde,211,0,0
1782356365259,178,HTTP Request,200,OK,Author Query 5-4,text,true,,263,155,10,70,http://localhost:8080/search?q=beauty&author=Oscar%20Wilde,178,0,0
1782356365408,72,HTTP Request,200,OK,Author Query 5-8,text,true,,263,155,10,70,http://localhost:8080/search?q=beauty&author=Oscar%20Wilde,72,0,0
1782356365408,72,HTTP Request,200,OK,Author Query 5-1,text,true,,263,155,10,70,http://localhost:8080/search?q=beauty&author=Oscar%20Wilde,72,0,0
1782356365405,76,HTTP Request,200,OK,Author Query 5-9,text,true,,263,155,10,70,http://localhost:8080/search?q=beauty&author=Oscar%20Wilde,76,0,0
1782356365408,73,HTTP Request,200,OK,Author Query 5-10,text,true,,263,155,10,70,http://localhost:8080/search?q=beauty&author=Oscar%20Wilde,73,0,0
1782356365406,76,HTTP Request,200,OK,Author Query 5-6,text,true,,263,155,10,70,http://localhost:8080/search?q=beauty&author=Oscar%20Wilde,76,0,0
1782356365424,61,HTTP Request,200,OK,Author Query 5-3,text,true,,263,155,10,70,http://localhost:8080/search?q=beauty&author=Oscar%20Wilde,61,0,0
1782356365409,76,HTTP Request,200,OK,Author Query 5-2,text,true,,263,155,10,70,http://localhost:8080/search?q=beauty&author=Oscar%20Wilde,76,0,0
1782356365405,81,HTTP Request,200,OK,Author Query 5-7,text,true,,263,155,10,70,http://localhost:8080/search?q=beauty&author=Oscar%20Wilde,81,0,0
1782356365438,100,HTTP Request,200,OK,Author Query 5-4,text,true,,263,155,10,70,http://localhost:8080/search?q=beauty&author=Oscar%20Wilde,100,0,0
1782356365424,128,HTTP Request,200,OK,Author Query 5-5,text,true,,263,155,10,70,http://localhost:8080/search?q=beauty&author=Oscar%20Wilde,128,0,0
1782356365480,72,HTTP Request,200,OK,Author Query 5-8,text,true,,263,155,10,70,http://localhost:8080/search?q=beauty&author=Oscar%20Wilde,72,0,0
1782356365481,71,HTTP Request,200,OK,Author Query 5-10,text,true,,263,155,10,70,http://localhost:8080/search?q=beauty&author=Oscar%20Wilde,71,0,0
1782356365481,77,HTTP Request,200,OK,Author Query 5-9,text,true,,263,155,10,70,http://localhost:8080/search?q=beauty&author=Oscar%20Wilde,77,0,0
1782356365482,76,HTTP Request,200,OK,Author Query 5-6,text,true,,263,155,10,70,http://localhost:8080/search?q=beauty&author=Oscar%20Wilde,76,0,0
1782356365486,73,HTTP Request,200,OK,Author Query 5-7,text,true,,263,155,10,70,http://localhost:8080/search?q=beauty&author=Oscar%20Wilde,73,0,0
1782356365480,80,HTTP Request,200,OK,Author Query 5-1,text,true,,263,155,10,70,http://localhost:8080/search?q=beauty&author=Oscar%20Wilde,80,0,0
1782356365486,75,HTTP Request,200,OK,Author Query 5-2,text,true,,263,155,10,70,http://localhost:8080/search?q=beauty&author=Oscar%20Wilde,75,0,0
1782356365486,107,HTTP Request,200,OK,Author Query 5-3,text,true,,263,155,10,70,http://localhost:8080/search?q=beauty&author=Oscar%20Wilde,107,0,0
1782356365552,122,HTTP Request,200,OK,Author Query 5-10,text,true,,263,155,10,70,http://localhost:8080/search?q=beauty&author=Oscar%20Wilde,122,0,0
1782356365552,139,HTTP Request,200,OK,Author Query 5-5,text,true,,263,155,10,70,http://localhost:8080/search?q=beauty&author=Oscar%20Wilde,139,0,0
1782356365593,98,HTTP Request,200,OK,Author Query 5-3,text,true,,263,155,10,70,http://localhost:8080/search?q=beauty&author=Oscar%20Wilde,98,0,0
1782356365538,166,HTTP Request,200,OK,Author Query 5-4,text,true,,263,155,10,70,http://localhost:8080/search?q=beauty&author=Oscar%20Wilde,166,0,0
1782356365552,156,HTTP Request,200,OK,Author Query 5-8,text,true,,263,155,10,70,http://localhost:8080/search?q=beauty&author=Oscar%20Wilde,156,0,0
1782356365560,158,HTTP Request,200,OK,Author Query 5-1,text,true,,263,155,10,70,http://localhost:8080/search?q=beauty&author=Oscar%20Wilde,158,0,0
1782356365558,165,HTTP Request,200,OK,Author Query 5-9,text,true,,263,155,10,70,http://localhost:8080/search?q=beauty&author=Oscar%20Wilde,165,0,0
1782356365559,182,HTTP Request,200,OK,Author Query 5-7,text,true,,263,155,10,70,http://localhost:8080/search?q=beauty&author=Oscar%20Wilde,182,0,0
1782356365561,181,HTTP Request,200,OK,Author Query 5-2,text,true,,263,155,10,70,http://localhost:8080/search?q=beauty&author=Oscar%20Wilde,181,0,0
1782356365558,184,HTTP Request,200,OK,Author Query 5-6,text,true,,263,155,10,70,http://localhost:8080/search?q=beauty&author=Oscar%20Wilde,184,0,0
1782356365674,102,HTTP Request,200,OK,Author Query 5-10,text,true,,263,155,10,70,http://localhost:8080/search?q=beauty&author=Oscar%20Wilde,102,0,0
1782356365691,104,HTTP Request,200,OK,Author Query 5-5,text,true,,263,155,10,70,http://localhost:8080/search?q=beauty&author=Oscar%20Wilde,104,0,0
1782356365704,96,HTTP Request,200,OK,Author Query 5-4,text,true,,263,155,10,70,http://localhost:8080/search?q=beauty&author=Oscar%20Wilde,96,0,0
1782356365708,95,HTTP Request,200,OK,Author Query 5-8,text,true,,263,155,10,70,http://localhost:8080/search?q=beauty&author=Oscar%20Wilde,95,0,0
1782356365742,135,HTTP Request,200,OK,Author Query 5-7,text,true,,263,155,10,70,http://localhost:8080/search?q=beauty&author=Oscar%20Wilde,135,0,0
1782356365742,139,HTTP Request,200,OK,Author Query 5-6,text,true,,263,155,10,70,http://localhost:8080/search?q=beauty&author=Oscar%20Wilde,139,0,0
1782356365723,164,HTTP Request,200,OK,Author Query 5-9,text,true,,263,155,10,70,http://localhost:8080/search?q=beauty&author=Oscar%20Wilde,164,0,0
1782356365719,171,HTTP Request,200,OK,Author Query 5-1,text,true,,263,155,10,70,http://localhost:8080/search?q=beauty&author=Oscar%20Wilde,171,0,0
1782356365742,149,HTTP Request,200,OK,Author Query 5-2,text,true,,263,155,10,70,http://localhost:8080/search?q=beauty&author=Oscar%20Wilde,149,0,0
1782356365691,203,HTTP Request,200,OK,Author Query 5-3,text,true,,263,155,10,70,http://localhost:8080/search?q=beauty&author=Oscar%20Wilde,203,0,0
1782356365795,110,HTTP Request,200,OK,Author Query 5-5,text,true,,263,155,10,70,http://localhost:8080/search?q=beauty&author=Oscar%20Wilde,110,0,0
1782356365776,129,HTTP Request,200,OK,Author Query 5-10,text,true,,263,155,10,70,http://localhost:8080/search?q=beauty&author=Oscar%20Wilde,129,0,0
1782356365801,120,HTTP Request,200,OK,Author Query 5-4,text,true,,263,155,10,70,http://localhost:8080/search?q=beauty&author=Oscar%20Wilde,120,0,0
1782356365804,134,HTTP Request,200,OK,Author Query 5-8,text,true,,263,155,10,70,http://localhost:8080/search?q=beauty&author=Oscar%20Wilde,134,0,0
1782356365877,71,HTTP Request,200,OK,Author Query 5-7,text,true,,263,155,10,70,http://localhost:8080/search?q=beauty&author=Oscar%20Wilde,71,0,0
1782356365882,79,HTTP Request,200,OK,Author Query 5-6,text,true,,263,155,10,70,http://localhost:8080/search?q=beauty&author=Oscar%20Wilde,79,0,0
1782356365891,75,HTTP Request,200,OK,Author Query 5-2,text,true,,263,155,10,70,http://localhost:8080/search?q=beauty&author=Oscar%20Wilde,75,0,0
1782356365887,79,HTTP Request,200,OK,Author Query 5-9,text,true,,263,155,10,70,http://localhost:8080/search?q=beauty&author=Oscar%20Wilde,79,0,0
1782356365890,76,HTTP Request,200,OK,Author Query 5-1,text,true,,263,155,10,70,http://localhost:8080/search?q=beauty&author=Oscar%20Wilde,76,0,0
1782356365894,80,HTTP Request,200,OK,Author Query 5-3,text,true,,263,155,10,70,http://localhost:8080/search?q=beauty&author=Oscar%20Wilde,79,0,0
1782356365905,79,HTTP Request,200,OK,Author Query 5-10,text,true,,263,155,10,70,http://localhost:8080/search?q=beauty&author=Oscar%20Wilde,79,0,0
1782356365905,79,HTTP Request,200,OK,Author Query 5-5,text,true,,263,155,10,70,http://localhost:8080/search?q=beauty&author=Oscar%20Wilde,79,0,0
1782356365939,79,HTTP Request,200,OK,Author Query 5-8,text,true,,263,155,10,70,http://localhost:8080/search?q=beauty&author=Oscar%20Wilde,79,0,0
1782356365948,71,HTTP Request,200,OK,Author Query 5-7,text,true,,263,155,10,70,http://localhost:8080/search?q=beauty&author=Oscar%20Wilde,71,0,0
1782356365922,97,HTTP Request,200,OK,Author Query 5-4,text,true,,263,155,10,70,http://localhost:8080/search?q=beauty&author=Oscar%20Wilde,97,0,0
1782356365961,65,HTTP Request,200,OK,Author Query 5-6,text,true,,263,155,10,70,http://localhost:8080/search?q=beauty&author=Oscar%20Wilde,65,0,0
1782356365966,77,HTTP Request,200,OK,Author Query 5-9,text,true,,263,155,10,70,http://localhost:8080/search?q=beauty&author=Oscar%20Wilde,77,0,0
1782356365966,82,HTTP Request,200,OK,Author Query 5-1,text,true,,263,155,10,70,http://localhost:8080/search?q=beauty&author=Oscar%20Wilde,82,0,0
1782356365974,75,HTTP Request,200,OK,Author Query 5-3,text,true,,263,155,10,70,http://localhost:8080/search?q=beauty&author=Oscar%20Wilde,75,0,0
1782356365984,79,HTTP Request,200,OK,Author Query 5-10,text,true,,263,155,10,70,http://localhost:8080/search?q=beauty&author=Oscar%20Wilde,79,0,0
1782356365966,109,HTTP Request,200,OK,Author Query 5-2,text,true,,263,155,10,70,http://localhost:8080/search?q=beauty&author=Oscar%20Wilde,109,0,0
1782356365984,91,HTTP Request,200,OK,Author Query 5-5,text,true,,263,155,10,70,http://localhost:8080/search?q=beauty&author=Oscar%20Wilde,91,0,0
1782356366019,82,HTTP Request,200,OK,Author Query 5-4,text,true,,263,155,10,70,http://localhost:8080/search?q=beauty&author=Oscar%20Wilde,82,0,0
1782356366019,84,HTTP Request,200,OK,Author Query 5-7,text,true,,263,155,10,70,http://localhost:8080/search?q=beauty&author=Oscar%20Wilde,84,0,0
1782356366019,94,HTTP Request,200,OK,Author Query 5-8,text,true,,263,155,10,70,http://localhost:8080/search?q=beauty&author=Oscar%20Wilde,94,0,0
1782356366026,108,HTTP Request,200,OK,Author Query 5-6,text,true,,263,155,10,70,http://localhost:8080/search?q=beauty&author=Oscar%20Wilde,108,0,0
1782356366043,105,HTTP Request,200,OK,Author Query 5-9,text,true,,263,155,10,70,http://localhost:8080/search?q=beauty&author=Oscar%20Wilde,105,0,0
1782356366049,104,HTTP Request,200,OK,Author Query 5-1,text,true,,263,155,10,70,http://localhost:8080/search?q=beauty&author=Oscar%20Wilde,104,0,0
1782356366063,102,HTTP Request,200,OK,Author Query 5-10,text,true,,263,155,10,70,http://localhost:8080/search?q=beauty&author=Oscar%20Wilde,102,0,0
1782356366050,131,HTTP Request,200,OK,Author Query 5-3,text,true,,263,155,10,70,http://localhost:8080/search?q=beauty&author=Oscar%20Wilde,131,0,0
1782356366102,87,HTTP Request,200,OK,Author Query 5-4,text,true,,263,155,10,70,http://localhost:8080/search?q=beauty&author=Oscar%20Wilde,87,0,0
1782356366104,85,HTTP Request,200,OK,Author Query 5-7,text,true,,263,155,10,70,http://localhost:8080/search?q=beauty&author=Oscar%20Wilde,85,0,0
1782356366075,136,HTTP Request,200,OK,Author Query 5-5,text,true,,263,155,10,70,http://localhost:8080/search?q=beauty&author=Oscar%20Wilde,136,0,0
1782356366075,143,HTTP Request,200,OK,Author Query 5-2,text,true,,263,155,10,70,http://localhost:8080/search?q=beauty&author=Oscar%20Wilde,143,0,0
1782356366113,111,HTTP Request,200,OK,Author Query 5-8,text,true,,263,155,10,70,http://localhost:8080/search?q=beauty&author=Oscar%20Wilde,111,0,0
1782356366134,106,HTTP Request,200,OK,Author Query 5-6,text,true,,263,155,10,70,http://localhost:8080/search?q=beauty&author=Oscar%20Wilde,106,0,0
1782356366165,90,HTTP Request,200,OK,Author Query 5-10,text,true,,263,155,10,70,http://localhost:8080/search?q=beauty&author=Oscar%20Wilde,90,0,0
1782356366189,68,HTTP Request,200,OK,Author Query 5-4,text,true,,263,155,10,70,http://localhost:8080/search?q=beauty&author=Oscar%20Wilde,68,0,0
1782356366148,125,HTTP Request,200,OK,Author Query 5-9,text,true,,263,155,10,70,http://localhost:8080/search?q=beauty&author=Oscar%20Wilde,125,0,0
1782356366153,125,HTTP Request,200,OK,Author Query 5-1,text,true,,263,155,10,70,http://localhost:8080/search?q=beauty&author=Oscar%20Wilde,125,0,0
1782356366189,101,HTTP Request,200,OK,Author Query 5-7,text,true,,263,155,10,70,http://localhost:8080/search?q=beauty&author=Oscar%20Wilde,101,0,0
1782356366219,83,HTTP Request,200,OK,Author Query 5-2,text,true,,263,155,10,70,http://localhost:8080/search?q=beauty&author=Oscar%20Wilde,83,0,0
1782356366212,93,HTTP Request,200,OK,Author Query 5-5,text,true,,263,155,10,70,http://localhost:8080/search?q=beauty&author=Oscar%20Wilde,93,0,0
1782356366181,130,HTTP Request,200,OK,Author Query 5-3,text,true,,263,155,10,70,http://localhost:8080/search?q=beauty&author=Oscar%20Wilde,130,0,0
1782356366224,87,HTTP Request,200,OK,Author Query 5-8,text,true,,263,155,10,70,http://localhost:8080/search?q=beauty&author=Oscar%20Wilde,87,0,0
1782356366255,65,HTTP Request,200,OK,Author Query 5-10,text,true,,263,155,10,70,http://localhost:8080/search?q=beauty&author=Oscar%20Wilde,65,0,0
1782356366257,64,HTTP Request,200,OK,Author Query 5-4,text,true,,263,155,10,70,http://localhost:8080/search?q=beauty&author=Oscar%20Wilde,64,0,0
1782356366240,156,HTTP Request,200,OK,Author Query 5-6,text,true,,263,155,10,70,http://localhost:8080/search?q=beauty&author=Oscar%20Wilde,156,0,0
1782356366274,145,HTTP Request,200,OK,Author Query 5-9,text,true,,263,155,10,70,http://localhost:8080/search?q=beauty&author=Oscar%20Wilde,145,0,0
1782356366322,107,HTTP Request,200,OK,Author Query 5-4,text,true,,263,155,10,70,http://localhost:8080/search?q=beauty&author=Oscar%20Wilde,107,0,0
1782356366302,131,HTTP Request,200,OK,Author Query 5-2,text,true,,263,155,10,70,http://localhost:8080/search?q=beauty&author=Oscar%20Wilde,131,0,0
1782356366290,144,HTTP Request,200,OK,Author Query 5-7,text,true,,263,155,10,70,http://localhost:8080/search?q=beauty&author=Oscar%20Wilde,144,0,0
1782356366320,118,HTTP Request,200,OK,Author Query 5-10,text,true,,263,155,10,70,http://localhost:8080/search?q=beauty&author=Oscar%20Wilde,118,0,0
1782356366279,168,HTTP Request,200,OK,Author Query 5-1,text,true,,263,155,10,70,http://localhost:8080/search?q=beauty&author=Oscar%20Wilde,168,0,0
1782356366305,142,HTTP Request,200,OK,Author Query 5-5,text,true,,263,155,10,70,http://localhost:8080/search?q=beauty&author=Oscar%20Wilde,142,0,0
1782356366396,53,HTTP Request,200,OK,Author Query 5-6,text,true,,263,155,10,70,http://localhost:8080/search?q=beauty&author=Oscar%20Wilde,53,0,0
1782356366311,139,HTTP Request,200,OK,Author Query 5-3,text,true,,263,155,10,70,http://localhost:8080/search?q=beauty&author=Oscar%20Wilde,139,0,0
1782356366311,139,HTTP Request,200,OK,Author Query 5-8,text,true,,263,155,10,70,http://localhost:8080/search?q=beauty&author=Oscar%20Wilde,139,0,0
1782356366419,57,HTTP Request,200,OK,Author Query 5-9,text,true,,263,155,10,70,http://localhost:8080/search?q=beauty&author=Oscar%20Wilde,57,0,0
1782356366435,53,HTTP Request,200,OK,Author Query 5-7,text,true,,263,155,10,70,http://localhost:8080/search?q=beauty&author=Oscar%20Wilde,53,0,0
1782356366429,77,HTTP Request,200,OK,Author Query 5-4,text,true,,263,155,10,70,http://localhost:8080/search?q=beauty&author=Oscar%20Wilde,77,0,0
1782356366447,63,HTTP Request,200,OK,Author Query 5-5,text,true,,263,155,10,70,http://localhost:8080/search?q=beauty&author=Oscar%20Wilde,63,0,0
1782356366450,71,HTTP Request,200,OK,Author Query 5-3,text,true,,263,155,10,70,http://localhost:8080/search?q=beauty&author=Oscar%20Wilde,71,0,0
1782356366449,74,HTTP Request,200,OK,Author Query 5-6,text,true,,263,155,10,70,http://localhost:8080/search?q=beauty&author=Oscar%20Wilde,74,0,0
1782356366438,85,HTTP Request,200,OK,Author Query 5-10,text,true,,263,155,10,70,http://localhost:8080/search?q=beauty&author=Oscar%20Wilde,85,0,0
1782356366433,91,HTTP Request,200,OK,Author Query 5-2,text,true,,263,155,10,70,http://localhost:8080/search?q=beauty&author=Oscar%20Wilde,91,0,0
1782356366447,77,HTTP Request,200,OK,Author Query 5-1,text,true,,263,155,10,70,http://localhost:8080/search?q=beauty&author=Oscar%20Wilde,77,0,0
1782356366450,74,HTTP Request,200,OK,Author Query 5-8,text,true,,263,155,10,70,http://localhost:8080/search?q=beauty&author=Oscar%20Wilde,74,0,0
1782356366488,62,HTTP Request,200,OK,Author Query 5-7,text,true,,263,155,10,70,http://localhost:8080/search?q=beauty&author=Oscar%20Wilde,62,0,0
1782356366476,82,HTTP Request,200,OK,Author Query 5-9,text,true,,263,155,10,70,http://localhost:8080/search?q=beauty&author=Oscar%20Wilde,82,0,0
1782356366506,66,HTTP Request,200,OK,Author Query 5-4,text,true,,263,155,10,70,http://localhost:8080/search?q=beauty&author=Oscar%20Wilde,66,0,0
1782356366523,59,HTTP Request,200,OK,Author Query 5-6,text,true,,263,155,10,70,http://localhost:8080/search?q=beauty&author=Oscar%20Wilde,59,0,0
1782356366525,59,HTTP Request,200,OK,Author Query 5-8,text,true,,263,155,10,70,http://localhost:8080/search?q=beauty&author=Oscar%20Wilde,59,0,0
1782356366524,60,HTTP Request,200,OK,Author Query 5-2,text,true,,263,155,10,70,http://localhost:8080/search?q=beauty&author=Oscar%20Wilde,60,0,0
1782356366511,73,HTTP Request,200,OK,Author Query 5-5,text,true,,263,155,10,70,http://localhost:8080/search?q=beauty&author=Oscar%20Wilde,73,0,0
1782356366524,68,HTTP Request,200,OK,Author Query 5-1,text,true,,263,155,10,70,http://localhost:8080/search?q=beauty&author=Oscar%20Wilde,68,0,0
1782356366522,70,HTTP Request,200,OK,Author Query 5-3,text,true,,263,155,10,70,http://localhost:8080/search?q=beauty&author=Oscar%20Wilde,70,0,0
1782356366523,73,HTTP Request,200,OK,Author Query 5-10,text,true,,263,155,10,70,http://localhost:8080/search?q=beauty&author=Oscar%20Wilde,73,0,0
1782356366550,61,HTTP Request,200,OK,Author Query 5-7,text,true,,263,155,10,70,http://localhost:8080/search?q=beauty&author=Oscar%20Wilde,61,0,0
1782356366558,59,HTTP Request,200,OK,Author Query 5-9,text,true,,263,155,10,70,http://localhost:8080/search?q=beauty&author=Oscar%20Wilde,59,0,0
1782356366572,71,HTTP Request,200,OK,Author Query 5-4,text,true,,263,155,10,70,http://localhost:8080/search?q=beauty&author=Oscar%20Wilde,71,0,0
1782356366583,61,HTTP Request,200,OK,Author Query 5-6,text,true,,263,155,10,70,http://localhost:8080/search?q=beauty&author=Oscar%20Wilde,61,0,0
1782356366584,63,HTTP Request,200,OK,Author Query 5-2,text,true,,263,155,10,70,http://localhost:8080/search?q=beauty&author=Oscar%20Wilde,63,0,0
1782356366584,65,HTTP Request,200,OK,Author Query 5-8,text,true,,263,155,10,70,http://localhost:8080/search?q=beauty&author=Oscar%20Wilde,65,0,0
1782356366584,65,HTTP Request,200,OK,Author Query 5-5,text,true,,263,155,10,70,http://localhost:8080/search?q=beauty&author=Oscar%20Wilde,65,0,0
1782356366593,72,HTTP Request,200,OK,Author Query 5-3,text,true,,263,155,10,70,http://localhost:8080/search?q=beauty&author=Oscar%20Wilde,72,0,0
1782356366593,72,HTTP Request,200,OK,Author Query 5-1,text,true,,263,155,10,70,http://localhost:8080/search?q=beauty&author=Oscar%20Wilde,72,0,0
1782356366597,81,HTTP Request,200,OK,Author Query 5-10,text,true,,263,155,10,70,http://localhost:8080/search?q=beauty&author=Oscar%20Wilde,81,0,0
1782356366612,100,HTTP Request,200,OK,Author Query 5-7,text,true,,263,155,10,70,http://localhost:8080/search?q=beauty&author=Oscar%20Wilde,100,0,0
1782356366618,95,HTTP Request,200,OK,Author Query 5-9,text,true,,263,155,10,70,http://localhost:8080/search?q=beauty&author=Oscar%20Wilde,95,0,0
1782356366649,67,HTTP Request,200,OK,Author Query 5-5,text,true,,263,155,10,70,http://localhost:8080/search?q=beauty&author=Oscar%20Wilde,67,0,0
1782356366648,68,HTTP Request,200,OK,Author Query 5-2,text,true,,263,155,10,70,http://localhost:8080/search?q=beauty&author=Oscar%20Wilde,68,0,0
1782356366643,79,HTTP Request,200,OK,Author Query 5-4,text,true,,263,155,10,70,http://localhost:8080/search?q=beauty&author=Oscar%20Wilde,79,0,0
1782356366649,73,HTTP Request,200,OK,Author Query 5-8,text,true,,263,155,10,70,http://localhost:8080/search?q=beauty&author=Oscar%20Wilde,73,0,0
1782356366644,93,HTTP Request,200,OK,Author Query 5-6,text,true,,263,155,10,70,http://localhost:8080/search?q=beauty&author=Oscar%20Wilde,93,0,0
1782356366665,78,HTTP Request,200,OK,Author Query 5-3,text,true,,263,155,10,70,http://localhost:8080/search?q=beauty&author=Oscar%20Wilde,78,0,0
1782356366665,79,HTTP Request,200,OK,Author Query 5-1,text,true,,263,155,10,70,http://localhost:8080/search?q=beauty&author=Oscar%20Wilde,79,0,0
1782356366678,68,HTTP Request,200,OK,Author Query 5-10,text,true,,263,155,10,70,http://localhost:8080/search?q=beauty&author=Oscar%20Wilde,68,0,0
1782356366717,60,HTTP Request,200,OK,Author Query 5-5,text,true,,263,155,10,70,http://localhost:8080/search?q=beauty&author=Oscar%20Wilde,60,0,0
1782356366717,75,HTTP Request,200,OK,Author Query 5-2,text,true,,263,155,10,70,http://localhost:8080/search?q=beauty&author=Oscar%20Wilde,75,0,0
1782356366743,55,HTTP Request,200,OK,Author Query 5-3,text,true,,263,155,10,70,http://localhost:8080/search?q=beauty&author=Oscar%20Wilde,55,0,0
1782356366744,58,HTTP Request,200,OK,Author Query 5-1,text,true,,263,155,10,70,http://localhost:8080/search?q=beauty&author=Oscar%20Wilde,58,0,0
1782356366737,65,HTTP Request,200,OK,Author Query 5-6,text,true,,263,155,10,70,http://localhost:8080/search?q=beauty&author=Oscar%20Wilde,65,0,0
1782356366713,116,HTTP Request,200,OK,Author Query 5-7,text,true,,263,155,10,70,http://localhost:8080/search?q=beauty&author=Oscar%20Wilde,116,0,0
1782356366722,107,HTTP Request,200,OK,Author Query 5-4,text,true,,263,155,10,70,http://localhost:8080/search?q=beauty&author=Oscar%20Wilde,107,0,0
1782356366722,113,HTTP Request,200,OK,Author Query 5-8,text,true,,263,155,10,70,http://localhost:8080/search?q=beauty&author=Oscar%20Wilde,113,0,0
1782356366713,124,HTTP Request,200,OK,Author Query 5-9,text,true,,263,155,10,70,http://localhost:8080/search?q=beauty&author=Oscar%20Wilde,124,0,0
1782356366778,63,HTTP Request,200,OK,Author Query 5-5,text,true,,263,155,10,70,http://localhost:8080/search?q=beauty&author=Oscar%20Wilde,63,0,0
1782356366746,98,HTTP Request,200,OK,Author Query 5-10,text,true,,263,155,10,70,http://localhost:8080/search?q=beauty&author=Oscar%20Wilde,98,0,0
1782356366792,151,HTTP Request,200,OK,Author Query 5-2,text,true,,263,155,10,70,http://localhost:8080/search?q=beauty&author=Oscar%20Wilde,151,0,0
1782356366829,126,HTTP Request,200,OK,Author Query 5-7,text,true,,263,155,10,70,http://localhost:8080/search?q=beauty&author=Oscar%20Wilde,126,0,0
1782356366829,126,HTTP Request,200,OK,Author Query 5-4,text,true,,263,155,10,70,http://localhost:8080/search?q=beauty&author=Oscar%20Wilde,126,0,0
1782356366802,161,HTTP Request,200,OK,Author Query 5-6,text,true,,263,155,10,70,http://localhost:8080/search?q=beauty&author=Oscar%20Wilde,161,0,0
1782356366836,132,HTTP Request,200,OK,Author Query 5-8,text,true,,263,155,10,70,http://localhost:8080/search?q=beauty&author=Oscar%20Wilde,132,0,0
1782356366798,170,HTTP Request,200,OK,Author Query 5-3,text,true,,263,155,10,70,http://localhost:8080/search?q=beauty&author=Oscar%20Wilde,170,0,0
1782356366841,127,HTTP Request,200,OK,Author Query 5-5,text,true,,263,155,10,70,http://localhost:8080/search?q=beauty&author=Oscar%20Wilde,127,0,0
1782356366844,127,HTTP Request,200,OK,Author Query 5-10,text,true,,263,155,10,70,http://localhost:8080/search?q=beauty&author=Oscar%20Wilde,127,0,0
1782356366802,216,HTTP Request,200,OK,Author Query 5-1,text,true,,263,155,10,70,http://localhost:8080/search?q=beauty&author=Oscar%20Wilde,216,0,0
1782356366837,181,HTTP Request,200,OK,Author Query 5-9,text,true,,263,155,10,70,http://localhost:8080/search?q=beauty&author=Oscar%20Wilde,181,0,0
1782356366955,81,HTTP Request,200,OK,Author Query 5-4,text,true,,263,155,10,70,http://localhost:8080/search?q=beauty&author=Oscar%20Wilde,81,0,0
1782356366955,82,HTTP Request,200,OK,Author Query 5-7,text,true,,263,155,10,70,http://localhost:8080/search?q=beauty&author=Oscar%20Wilde,82,0,0
1782356366968,69,HTTP Request,200,OK,Author Query 5-5,text,true,,263,155,10,70,http://localhost:8080/search?q=beauty&author=Oscar%20Wilde,69,0,0
1782356366943,97,HTTP Request,200,OK,Author Query 5-2,text,true,,263,155,10,70,http://localhost:8080/search?q=beauty&author=Oscar%20Wilde,97,0,0
1782356366968,77,HTTP Request,200,OK,Author Query 5-8,text,true,,263,155,10,70,http://localhost:8080/search?q=beauty&author=Oscar%20Wilde,77,0,0
1782356366963,87,HTTP Request,200,OK,Author Query 5-6,text,true,,263,155,10,70,http://localhost:8080/search?q=beauty&author=Oscar%20Wilde,87,0,0
1782356366971,79,HTTP Request,200,OK,Author Query 5-10,text,true,,263,155,10,70,http://localhost:8080/search?q=beauty&author=Oscar%20Wilde,79,0,0
1782356366968,88,HTTP Request,200,OK,Author Query 5-3,text,true,,263,155,10,70,http://localhost:8080/search?q=beauty&author=Oscar%20Wilde,88,0,0
1782356367018,79,HTTP Request,200,OK,Author Query 5-9,text,true,,263,155,10,70,http://localhost:8080/search?q=beauty&author=Oscar%20Wilde,79,0,0
1782356367018,81,HTTP Request,200,OK,Author Query 5-1,text,true,,263,155,10,70,http://localhost:8080/search?q=beauty&author=Oscar%20Wilde,81,0,0
1782356367038,76,HTTP Request,200,OK,Author Query 5-5,text,true,,263,155,10,70,http://localhost:8080/search?q=beauty&author=Oscar%20Wilde,76,0,0
1782356367036,78,HTTP Request,200,OK,Author Query 5-4,text,true,,263,155,10,70,http://localhost:8080/search?q=beauty&author=Oscar%20Wilde,78,0,0
1782356367037,78,HTTP Request,200,OK,Author Query 5-7,text,true,,263,155,10,70,http://localhost:8080/search?q=beauty&author=Oscar%20Wilde,77,0,0
1782356367040,97,HTTP Request,200,OK,Author Query 5-2,text,true,,263,155,10,70,http://localhost:8080/search?q=beauty&author=Oscar%20Wilde,97,0,0
1782356367045,92,HTTP Request,200,OK,Author Query 5-8,text,true,,263,155,10,70,http://localhost:8080/search?q=beauty&author=Oscar%20Wilde,92,0,0
1782356367051,86,HTTP Request,200,OK,Author Query 5-10,text,true,,263,155,10,70,http://localhost:8080/search?q=beauty&author=Oscar%20Wilde,86,0,0
1782356367057,86,HTTP Request,200,OK,Author Query 5-3,text,true,,263,155,10,70,http://localhost:8080/search?q=beauty&author=Oscar%20Wilde,86,0,0
1782356367050,100,HTTP Request,200,OK,Author Query 5-6,text,true,,263,155,10,70,http://localhost:8080/search?q=beauty&author=Oscar%20Wilde,100,0,0
1782356367099,80,HTTP Request,200,OK,Author Query 5-1,text,true,,263,155,10,70,http://localhost:8080/search?q=beauty&author=Oscar%20Wilde,80,0,0
1782356367097,83,HTTP Request,200,OK,Author Query 5-9,text,true,,263,155,10,70,http://localhost:8080/search?q=beauty&author=Oscar%20Wilde,83,0,0
1782356367114,85,HTTP Request,200,OK,Author Query 5-4,text,true,,263,155,10,70,http://localhost:8080/search?q=beauty&author=Oscar%20Wilde,85,0,0
1782356367137,63,HTTP Request,200,OK,Author Query 5-10,text,true,,263,155,10,70,http://localhost:8080/search?q=beauty&author=Oscar%20Wilde,63,0,0
1782356367114,90,HTTP Request,200,OK,Author Query 5-5,text,true,,263,155,10,70,http://localhost:8080/search?q=beauty&author=Oscar%20Wilde,90,0,0
1782356367115,97,HTTP Request,200,OK,Author Query 5-7,text,true,,263,155,10,70,http://localhost:8080/search?q=beauty&author=Oscar%20Wilde,97,0,0
1782356367137,85,HTTP Request,200,OK,Author Query 5-2,text,true,,263,155,10,70,http://localhost:8080/search?q=beauty&author=Oscar%20Wilde,85,0,0
1782356367143,80,HTTP Request,200,OK,Author Query 5-3,text,true,,263,155,10,70,http://localhost:8080/search?q=beauty&author=Oscar%20Wilde,80,0,0
1782356367137,87,HTTP Request,200,OK,Author Query 5-8,text,true,,263,155,10,70,http://localhost:8080/search?q=beauty&author=Oscar%20Wilde,87,0,0
1782356367150,74,HTTP Request,200,OK,Author Query 5-6,text,true,,263,155,10,70,http://localhost:8080/search?q=beauty&author=Oscar%20Wilde,74,0,0
1782356367180,63,HTTP Request,200,OK,Author Query 5-1,text,true,,263,155,10,70,http://localhost:8080/search?q=beauty&author=Oscar%20Wilde,63,0,0
1782356367199,64,HTTP Request,200,OK,Author Query 5-4,text,true,,263,155,10,70,http://localhost:8080/search?q=beauty&author=Oscar%20Wilde,64,0,0
1782356367181,93,HTTP Request,200,OK,Author Query 5-9,text,true,,263,155,10,70,http://localhost:8080/search?q=beauty&author=Oscar%20Wilde,93,0,0
1782356367200,74,HTTP Request,200,OK,Author Query 5-10,text,true,,263,155,10,70,http://localhost:8080/search?q=beauty&author=Oscar%20Wilde,74,0,0
1782356367212,78,HTTP Request,200,OK,Author Query 5-7,text,true,,263,155,10,70,http://localhost:8080/search?q=beauty&author=Oscar%20Wilde,78,0,0
1782356367204,86,HTTP Request,200,OK,Author Query 5-5,text,true,,263,155,10,70,http://localhost:8080/search?q=beauty&author=Oscar%20Wilde,86,0,0
1782356367222,79,HTTP Request,200,OK,Author Query 5-2,text,true,,263,155,10,70,http://localhost:8080/search?q=beauty&author=Oscar%20Wilde,79,0,0
1782356367224,90,HTTP Request,200,OK,Author Query 5-6,text,true,,263,155,10,70,http://localhost:8080/search?q=beauty&author=Oscar%20Wilde,90,0,0
1782356367274,72,HTTP Request,200,OK,Author Query 5-10,text,true,,263,155,10,70,http://localhost:8080/search?q=beauty&author=Oscar%20Wilde,72,0,0
1782356367224,123,HTTP Request,200,OK,Author Query 5-8,text,true,,263,155,10,70,http://localhost:8080/search?q=beauty&author=Oscar%20Wilde,123,0,0
1782356367243,104,HTTP Request,200,OK,Author Query 5-1,text,true,,263,155,10,70,http://localhost:8080/search?q=beauty&author=Oscar%20Wilde,104,0,0
1782356367223,135,HTTP Request,200,OK,Author Query 5-3,text,true,,263,155,10,70,http://localhost:8080/search?q=beauty&author=Oscar%20Wilde,135,0,0
1782356367274,85,HTTP Request,200,OK,Author Query 5-9,text,true,,263,155,10,70,http://localhost:8080/search?q=beauty&author=Oscar%20Wilde,85,0,0
1782356367291,72,HTTP Request,200,OK,Author Query 5-7,text,true,,263,155,10,70,http://localhost:8080/search?q=beauty&author=Oscar%20Wilde,72,0,0
1782356367291,75,HTTP Request,200,OK,Author Query 5-5,text,true,,263,155,10,70,http://localhost:8080/search?q=beauty&author=Oscar%20Wilde,75,0,0
1782356367301,145,HTTP Request,200,OK,Author Query 5-2,text,true,,263,155,10,70,http://localhost:8080/search?q=beauty&author=Oscar%20Wilde,145,0,0
1782356367264,189,HTTP Request,200,OK,Author Query 5-4,text,true,,263,155,10,70,http://localhost:8080/search?q=beauty&author=Oscar%20Wilde,189,0,0
1782356367314,142,HTTP Request,200,OK,Author Query 5-6,text,true,,263,155,10,70,http://localhost:8080/search?q=beauty&author=Oscar%20Wilde,142,0,0
1782356367347,132,HTTP Request,200,OK,Author Query 5-1,text,true,,263,155,10,70,http://localhost:8080/search?q=beauty&author=Oscar%20Wilde,132,0,0
1782356367346,135,HTTP Request,200,OK,Author Query 5-10,text,true,,263,155,10,70,http://localhost:8080/search?q=beauty&author=Oscar%20Wilde,135,0,0
1782356367347,137,HTTP Request,200,OK,Author Query 5-8,text,true,,263,155,10,70,http://localhost:8080/search?q=beauty&author=Oscar%20Wilde,137,0,0
1782356367359,134,HTTP Request,200,OK,Author Query 5-9,text,true,,263,155,10,70,http://localhost:8080/search?q=beauty&author=Oscar%20Wilde,134,0,0
1782356367358,136,HTTP Request,200,OK,Author Query 5-3,text,true,,263,155,10,70,http://localhost:8080/search?q=beauty&author=Oscar%20Wilde,136,0,0
1782356367363,131,HTTP Request,200,OK,Author Query 5-7,text,true,,263,155,10,70,http://localhost:8080/search?q=beauty&author=Oscar%20Wilde,131,0,0
1782356367366,131,HTTP Request,200,OK,Author Query 5-5,text,true,,263,155,10,70,http://localhost:8080/search?q=beauty&author=Oscar%20Wilde,131,0,0
1782356367454,53,HTTP Request,200,OK,Author Query 5-4,text,true,,263,155,10,70,http://localhost:8080/search?q=beauty&author=Oscar%20Wilde,53,0,0
1782356367446,67,HTTP Request,200,OK,Author Query 5-2,text,true,,263,155,10,70,http://localhost:8080/search?q=beauty&author=Oscar%20Wilde,67,0,0
1782356367456,61,HTTP Request,200,OK,Author Query 5-6,text,true,,263,155,10,70,http://localhost:8080/search?q=beauty&author=Oscar%20Wilde,61,0,0
1782356367481,63,HTTP Request,200,OK,Author Query 5-10,text,true,,263,155,10,70,http://localhost:8080/search?q=beauty&author=Oscar%20Wilde,63,0,0
1782356367484,70,HTTP Request,200,OK,Author Query 5-8,text,true,,263,155,10,70,http://localhost:8080/search?q=beauty&author=Oscar%20Wilde,70,0,0
1782356367479,77,HTTP Request,200,OK,Author Query 5-1,text,true,,263,155,10,70,http://localhost:8080/search?q=beauty&author=Oscar%20Wilde,77,0,0
1782356367497,67,HTTP Request,200,OK,Author Query 5-5,text,true,,263,155,10,70,http://localhost:8080/search?q=beauty&author=Oscar%20Wilde,67,0,0
1782356367495,71,HTTP Request,200,OK,Author Query 5-7,text,true,,263,155,10,70,http://localhost:8080/search?q=beauty&author=Oscar%20Wilde,71,0,0
1782356367493,78,HTTP Request,200,OK,Author Query 5-9,text,true,,263,155,10,70,http://localhost:8080/search?q=beauty&author=Oscar%20Wilde,78,0,0
1782356367494,79,HTTP Request,200,OK,Author Query 5-3,text,true,,263,155,10,70,http://localhost:8080/search?q=beauty&author=Oscar%20Wilde,79,0,0
1782356367517,76,HTTP Request,200,OK,Author Query 5-6,text,true,,263,155,10,70,http://localhost:8080/search?q=beauty&author=Oscar%20Wilde,76,0,0
1782356367513,81,HTTP Request,200,OK,Author Query 5-2,text,true,,263,155,10,70,http://localhost:8080/search?q=beauty&author=Oscar%20Wilde,81,0,0
1782356367507,88,HTTP Request,200,OK,Author Query 5-4,text,true,,263,155,10,70,http://localhost:8080/search?q=beauty&author=Oscar%20Wilde,88,0,0
1782356367565,60,HTTP Request,200,OK,Author Query 5-5,text,true,,263,155,10,70,http://localhost:8080/search?q=beauty&author=Oscar%20Wilde,60,0,0
1782356367556,75,HTTP Request,200,OK,Author Query 5-1,text,true,,263,155,10,70,http://localhost:8080/search?q=beauty&author=Oscar%20Wilde,75,0,0
1782356367554,77,HTTP Request,200,OK,Author Query 5-8,text,true,,263,155,10,70,http://localhost:8080/search?q=beauty&author=Oscar%20Wilde,77,0,0
1782356367544,88,HTTP Request,200,OK,Author Query 5-10,text,true,,263,155,10,70,http://localhost:8080/search?q=beauty&author=Oscar%20Wilde,88,0,0
1782356367566,67,HTTP Request,200,OK,Author Query 5-7,text,true,,263,155,10,70,http://localhost:8080/search?q=beauty&author=Oscar%20Wilde,67,0,0
1782356367571,87,HTTP Request,200,OK,Author Query 5-9,text,true,,263,155,10,70,http://localhost:8080/search?q=beauty&author=Oscar%20Wilde,87,0,0
1782356367573,92,HTTP Request,200,OK,Author Query 5-3,text,true,,263,155,10,70,http://localhost:8080/search?q=beauty&author=Oscar%20Wilde,92,0,0
1782356367594,72,HTTP Request,200,OK,Author Query 5-2,text,true,,263,155,10,70,http://localhost:8080/search?q=beauty&author=Oscar%20Wilde,72,0,0
1782356367593,73,HTTP Request,200,OK,Author Query 5-6,text,true,,263,155,10,70,http://localhost:8080/search?q=beauty&author=Oscar%20Wilde,73,0,0
1782356367595,74,HTTP Request,200,OK,Author Query 5-4,text,true,,263,155,10,70,http://localhost:8080/search?q=beauty&author=Oscar%20Wilde,74,0,0
1782356367626,58,HTTP Request,200,OK,Author Query 5-5,text,true,,263,155,10,70,http://localhost:8080/search?q=beauty&author=Oscar%20Wilde,58,0,0
1782356367631,58,HTTP Request,200,OK,Author Query 5-8,text,true,,263,155,10,70,http://localhost:8080/search?q=beauty&author=Oscar%20Wilde,58,0,0
1782356367633,56,HTTP Request,200,OK,Author Query 5-7,text,true,,263,155,10,70,http://localhost:8080/search?q=beauty&author=Oscar%20Wilde,56,0,0
1782356367633,68,HTTP Request,200,OK,Author Query 5-10,text,true,,263,155,10,70,http://localhost:8080/search?q=beauty&author=Oscar%20Wilde,68,0,0
1782356367631,70,HTTP Request,200,OK,Author Query 5-1,text,true,,263,155,10,70,http://localhost:8080/search?q=beauty&author=Oscar%20Wilde,70,0,0
1782356367658,72,HTTP Request,200,OK,Author Query 5-9,text,true,,263,155,10,70,http://localhost:8080/search?q=beauty&author=Oscar%20Wilde,72,0,0
1782356367666,68,HTTP Request,200,OK,Author Query 5-6,text,true,,263,155,10,70,http://localhost:8080/search?q=beauty&author=Oscar%20Wilde,68,0,0
1782356367665,98,HTTP Request,200,OK,Author Query 5-3,text,true,,263,155,10,70,http://localhost:8080/search?q=beauty&author=Oscar%20Wilde,98,0,0
1782356367666,97,HTTP Request,200,OK,Author Query 5-2,text,true,,263,155,10,70,http://localhost:8080/search?q=beauty&author=Oscar%20Wilde,97,0,0
1782356367689,80,HTTP Request,200,OK,Author Query 5-8,text,true,,263,155,10,70,http://localhost:8080/search?q=beauty&author=Oscar%20Wilde,80,0,0
1782356367689,82,HTTP Request,200,OK,Author Query 5-7,text,true,,263,155,10,70,http://localhost:8080/search?q=beauty&author=Oscar%20Wilde,82,0,0
1782356367684,87,HTTP Request,200,OK,Author Query 5-5,text,true,,263,155,10,70,http://localhost:8080/search?q=beauty&author=Oscar%20Wilde,87,0,0
1782356367670,119,HTTP Request,200,OK,Author Query 5-4,text,true,,263,155,10,70,http://localhost:8080/search?q=beauty&author=Oscar%20Wilde,119,0,0
1782356367701,92,HTTP Request,200,OK,Author Query 5-1,text,true,,263,155,10,70,http://localhost:8080/search?q=beauty&author=Oscar%20Wilde,92,0,0
1782356367701,92,HTTP Request,200,OK,Author Query 5-10,text,true,,263,155,10,70,http://localhost:8080/search?q=beauty&author=Oscar%20Wilde,92,0,0
1782356367730,91,HTTP Request,200,OK,Author Query 5-9,text,true,,263,155,10,70,http://localhost:8080/search?q=beauty&author=Oscar%20Wilde,91,0,0
1782356367735,106,HTTP Request,200,OK,Author Query 5-6,text,true,,263,155,10,70,http://localhost:8080/search?q=beauty&author=Oscar%20Wilde,106,0,0
1782356367763,97,HTTP Request,200,OK,Author Query 5-3,text,true,,263,155,10,70,http://localhost:8080/search?q=beauty&author=Oscar%20Wilde,97,0,0
1782356367763,97,HTTP Request,200,OK,Author Query 5-2,text,true,,263,155,10,70,http://localhost:8080/search?q=beauty&author=Oscar%20Wilde,97,0,0
1782356367789,81,HTTP Request,200,OK,Author Query 5-4,text,true,,263,155,10,70,http://localhost:8080/search?q=beauty&author=Oscar%20Wilde,81,0,0
1782356367793,77,HTTP Request,200,OK,Author Query 5-1,text,true,,263,155,10,70,http://localhost:8080/search?q=beauty&author=Oscar%20Wilde,77,0,0
1782356367794,82,HTTP Request,200,OK,Author Query 5-10,text,true,,263,155,10,70,http://localhost:8080/search?q=beauty&author=Oscar%20Wilde,82,0,0
1782356367769,115,HTTP Request,200,OK,Author Query 5-8,text,true,,263,155,10,70,http://localhost:8080/search?q=beauty&author=Oscar%20Wilde,115,0,0
1782356367771,127,HTTP Request,200,OK,Author Query 5-7,text,true,,263,155,10,70,http://localhost:8080/search?q=beauty&author=Oscar%20Wilde,127,0,0
1782356367772,127,HTTP Request,200,OK,Author Query 5-5,text,true,,263,155,10,70,http://localhost:8080/search?q=beauty&author=Oscar%20Wilde,127,0,0
1782356367841,144,HTTP Request,200,OK,Author Query 5-6,text,true,,263,155,10,70,http://localhost:8080/search?q=beauty&author=Oscar%20Wilde,144,0,0
1782356367822,167,HTTP Request,200,OK,Author Query 5-9,text,true,,263,155,10,70,http://localhost:8080/search?q=beauty&author=Oscar%20Wilde,167,0,0
1782356367876,133,HTTP Request,200,OK,Author Query 5-10,text,true,,263,155,10,70,http://localhost:8080/search?q=beauty&author=Oscar%20Wilde,133,0,0
1782356367860,149,HTTP Request,200,OK,Author Query 5-2,text,true,,263,155,10,70,http://localhost:8080/search?q=beauty&author=Oscar%20Wilde,149,0,0
1782356367860,150,HTTP Request,200,OK,Author Query 5-3,text,true,,263,155,10,70,http://localhost:8080/search?q=beauty&author=Oscar%20Wilde,150,0,0
1782356367884,126,HTTP Request,200,OK,Author Query 5-8,text,true,,263,155,10,70,http://localhost:8080/search?q=beauty&author=Oscar%20Wilde,126,0,0
1782356367870,140,HTTP Request,200,OK,Author Query 5-4,text,true,,263,155,10,70,http://localhost:8080/search?q=beauty&author=Oscar%20Wilde,140,0,0
1782356367899,111,HTTP Request,200,OK,Author Query 5-5,text,true,,263,155,10,70,http://localhost:8080/search?q=beauty&author=Oscar%20Wilde,111,0,0
1782356367898,114,HTTP Request,200,OK,Author Query 5-7,text,true,,263,155,10,70,http://localhost:8080/search?q=beauty&author=Oscar%20Wilde,114,0,0
1782356367870,157,HTTP Request,200,OK,Author Query 5-1,text,true,,263,155,10,70,http://localhost:8080/search?q=beauty&author=Oscar%20Wilde,157,0,0
1782356367986,71,HTTP Request,200,OK,Author Query 5-6,text,true,,263,155,10,70,http://localhost:8080/search?q=beauty&author=Oscar%20Wilde,71,0,0
1782356368010,63,HTTP Request,200,OK,Author Query 5-10,text,true,,263,155,10,70,http://localhost:8080/search?q=beauty&author=Oscar%20Wilde,63,0,0
1782356367989,85,HTTP Request,200,OK,Author Query 5-9,text,true,,263,155,10,70,http://localhost:8080/search?q=beauty&author=Oscar%20Wilde,85,0,0
1782356368010,69,HTTP Request,200,OK,Author Query 5-5,text,true,,263,155,10,70,http://localhost:8080/search?q=beauty&author=Oscar%20Wilde,69,0,0
1782356368010,70,HTTP Request,200,OK,Author Query 5-4,text,true,,263,155,10,70,http://localhost:8080/search?q=beauty&author=Oscar%20Wilde,70,0,0
1782356368010,70,HTTP Request,200,OK,Author Query 5-2,text,true,,263,155,10,70,http://localhost:8080/search?q=beauty&author=Oscar%20Wilde,70,0,0
1782356368010,70,HTTP Request,200,OK,Author Query 5-8,text,true,,263,155,10,70,http://localhost:8080/search?q=beauty&author=Oscar%20Wilde,70,0,0
1782356368010,89,HTTP Request,200,OK,Author Query 5-3,text,true,,263,155,10,70,http://localhost:8080/search?q=beauty&author=Oscar%20Wilde,89,0,0
1782356368012,94,HTTP Request,200,OK,Author Query 5-7,text,true,,263,155,10,70,http://localhost:8080/search?q=beauty&author=Oscar%20Wilde,94,0,0
1782356368027,121,HTTP Request,200,OK,Author Query 5-1,text,true,,263,155,10,70,http://localhost:8080/search?q=beauty&author=Oscar%20Wilde,121,0,0
1782356368057,94,HTTP Request,200,OK,Author Query 5-6,text,true,,263,155,10,70,http://localhost:8080/search?q=beauty&author=Oscar%20Wilde,94,0,0
1782356368073,79,HTTP Request,200,OK,Author Query 5-10,text,true,,263,155,10,70,http://localhost:8080/search?q=beauty&author=Oscar%20Wilde,79,0,0
1782356368074,100,HTTP Request,200,OK,Author Query 5-9,text,true,,263,155,10,70,http://localhost:8080/search?q=beauty&author=Oscar%20Wilde,100,0,0
1782356368080,96,HTTP Request,200,OK,Author Query 5-2,text,true,,263,155,10,70,http://localhost:8080/search?q=beauty&author=Oscar%20Wilde,96,0,0
1782356368080,96,HTTP Request,200,OK,Author Query 5-4,text,true,,263,155,10,70,http://localhost:8080/search?q=beauty&author=Oscar%20Wilde,96,0,0
1782356368080,97,HTTP Request,200,OK,Author Query 5-5,text,true,,263,155,10,70,http://localhost:8080/search?q=beauty&author=Oscar%20Wilde,97,0,0
1782356368080,102,HTTP Request,200,OK,Author Query 5-8,text,true,,263,155,10,70,http://localhost:8080/search?q=beauty&author=Oscar%20Wilde,102,0,0
1782356368099,84,HTTP Request,200,OK,Author Query 5-3,text,true,,263,155,10,70,http://localhost:8080/search?q=beauty&author=Oscar%20Wilde,84,0,0
1782356368106,92,HTTP Request,200,OK,Author Query 5-7,text,true,,263,155,10,70,http://localhost:8080/search?q=beauty&author=Oscar%20Wilde,92,0,0
1782356368152,82,HTTP Request,200,OK,Author Query 5-10,text,true,,263,155,10,70,http://localhost:8080/search?q=beauty&author=Oscar%20Wilde,82,0,0
1782356368151,86,HTTP Request,200,OK,Author Query 5-6,text,true,,263,155,10,70,http://localhost:8080/search?q=beauty&author=Oscar%20Wilde,86,0,0
1782356368149,89,HTTP Request,200,OK,Author Query 5-1,text,true,,263,155,10,70,http://localhost:8080/search?q=beauty&author=Oscar%20Wilde,89,0,0
1782356368176,87,HTTP Request,200,OK,Author Query 5-2,text,true,,263,155,10,70,http://localhost:8080/search?q=beauty&author=Oscar%20Wilde,87,0,0
1782356368177,86,HTTP Request,200,OK,Author Query 5-5,text,true,,263,155,10,70,http://localhost:8080/search?q=beauty&author=Oscar%20Wilde,86,0,0
1782356368198,69,HTTP Request,200,OK,Author Query 5-7,text,true,,263,155,10,70,http://localhost:8080/search?q=beauty&author=Oscar%20Wilde,69,0,0
1782356368182,86,HTTP Request,200,OK,Author Query 5-8,text,true,,263,155,10,70,http://localhost:8080/search?q=beauty&author=Oscar%20Wilde,86,0,0
1782356368177,100,HTTP Request,200,OK,Author Query 5-4,text,true,,263,155,10,70,http://localhost:8080/search?q=beauty&author=Oscar%20Wilde,100,0,0
1782356368183,102,HTTP Request,200,OK,Author Query 5-3,text,true,,263,155,10,70,http://localhost:8080/search?q=beauty&author=Oscar%20Wilde,102,0,0
1782356368174,139,HTTP Request,200,OK,Author Query 5-9,text,true,,263,155,10,70,http://localhost:8080/search?q=beauty&author=Oscar%20Wilde,139,0,0
1782356368235,82,HTTP Request,200,OK,Author Query 5-10,text,true,,263,155,10,70,http://localhost:8080/search?q=beauty&author=Oscar%20Wilde,82,0,0
1782356368263,67,HTTP Request,200,OK,Author Query 5-2,text,true,,263,155,10,70,http://localhost:8080/search?q=beauty&author=Oscar%20Wilde,67,0,0
1782356368264,66,HTTP Request,200,OK,Author Query 5-5,text,true,,263,155,10,70,http://localhost:8080/search?q=beauty&author=Oscar%20Wilde,66,0,0
1782356368238,106,HTTP Request,200,OK,Author Query 5-1,text,true,,263,155,10,70,http://localhost:8080/search?q=beauty&author=Oscar%20Wilde,106,0,0
1782356368268,83,HTTP Request,200,OK,Author Query 5-8,text,true,,263,155,10,70,http://localhost:8080/search?q=beauty&author=Oscar%20Wilde,83,0,0
1782356368267,85,HTTP Request,200,OK,Author Query 5-7,text,true,,263,155,10,70,http://localhost:8080/search?q=beauty&author=Oscar%20Wilde,85,0,0
1782356368237,116,HTTP Request,200,OK,Author Query 5-6,text,true,,263,155,10,70,http://localhost:8080/search?q=beauty&author=Oscar%20Wilde,116,0,0
1782356368285,87,HTTP Request,200,OK,Author Query 5-3,text,true,,263,155,10,70,http://localhost:8080/search?q=beauty&author=Oscar%20Wilde,87,0,0
1782356368313,71,HTTP Request,200,OK,Author Query 5-9,text,true,,263,155,10,70,http://localhost:8080/search?q=beauty&author=Oscar%20Wilde,71,0,0
1782356368277,107,HTTP Request,200,OK,Author Query 5-4,text,true,,263,155,10,70,http://localhost:8080/search?q=beauty&author=Oscar%20Wilde,107,0,0
1782356368317,67,HTTP Request,200,OK,Author Query 5-10,text,true,,263,155,10,70,http://localhost:8080/search?q=beauty&author=Oscar%20Wilde,67,0,0
1782356368330,55,HTTP Request,200,OK,Author Query 5-2,text,true,,263,155,10,70,http://localhost:8080/search?q=beauty&author=Oscar%20Wilde,55,0,0
1782356368344,75,HTTP Request,200,OK,Author Query 5-1,text,true,,263,155,10,70,http://localhost:8080/search?q=beauty&author=Oscar%20Wilde,75,0,0
1782356368330,90,HTTP Request,200,OK,Author Query 5-5,text,true,,263,155,10,70,http://localhost:8080/search?q=beauty&author=Oscar%20Wilde,90,0,0
1782356368352,144,HTTP Request,200,OK,Author Query 5-7,text,true,,263,155,10,70,http://localhost:8080/search?q=beauty&author=Oscar%20Wilde,144,0,0
1782356368351,145,HTTP Request,200,OK,Author Query 5-8,text,true,,263,155,10,70,http://localhost:8080/search?q=beauty&author=Oscar%20Wilde,145,0,0
1782356368353,159,HTTP Request,200,OK,Author Query 5-6,text,true,,263,155,10,70,http://localhost:8080/search?q=beauty&author=Oscar%20Wilde,159,0,0
1782356368421,111,HTTP Request,200,OK,Author Query 5-5,text,true,,263,155,10,70,http://localhost:8080/search?q=beauty&author=Oscar%20Wilde,111,0,0
1782356368372,160,HTTP Request,200,OK,Author Query 5-3,text,true,,263,155,10,70,http://localhost:8080/search?q=beauty&author=Oscar%20Wilde,160,0,0
1782356368385,154,HTTP Request,200,OK,Author Query 5-10,text,true,,263,155,10,70,http://localhost:8080/search?q=beauty&author=Oscar%20Wilde,154,0,0
1782356368384,155,HTTP Request,200,OK,Author Query 5-9,text,true,,263,155,10,70,http://localhost:8080/search?q=beauty&author=Oscar%20Wilde,155,0,0
1782356368385,155,HTTP Request,200,OK,Author Query 5-2,text,true,,263,155,10,70,http://localhost:8080/search?q=beauty&author=Oscar%20Wilde,155,0,0
1782356368384,156,HTTP Request,200,OK,Author Query 5-4,text,true,,263,155,10,70,http://localhost:8080/search?q=beauty&author=Oscar%20Wilde,156,0,0
1782356368419,122,HTTP Request,200,OK,Author Query 5-1,text,true,,263,155,10,70,http://localhost:8080/search?q=beauty&author=Oscar%20Wilde,122,0,0
1782356368497,65,HTTP Request,200,OK,Author Query 5-8,text,true,,263,155,10,70,http://localhost:8080/search?q=beauty&author=Oscar%20Wilde,65,0,0
1782356368497,80,HTTP Request,200,OK,Author Query 5-7,text,true,,263,155,10,70,http://localhost:8080/search?q=beauty&author=Oscar%20Wilde,80,0,0
1782356368540,61,HTTP Request,200,OK,Author Query 5-2,text,true,,263,155,10,70,http://localhost:8080/search?q=beauty&author=Oscar%20Wilde,61,0,0
1782356368512,93,HTTP Request,200,OK,Author Query 5-6,text,true,,263,155,10,70,http://localhost:8080/search?q=beauty&author=Oscar%20Wilde,93,0,0
1782356368541,67,HTTP Request,200,OK,Author Query 5-4,text,true,,263,155,10,70,http://localhost:8080/search?q=beauty&author=Oscar%20Wilde,67,0,0
1782356368540,68,HTTP Request,200,OK,Author Query 5-9,text,true,,263,155,10,70,http://localhost:8080/search?q=beauty&author=Oscar%20Wilde,68,0,0
1782356368532,76,HTTP Request,200,OK,Author Query 5-5,text,true,,263,155,10,70,http://localhost:8080/search?q=beauty&author=Oscar%20Wilde,76,0,0
1782356368532,77,HTTP Request,200,OK,Author Query 5-3,text,true,,263,155,10,70,http://localhost:8080/search?q=beauty&author=Oscar%20Wilde,77,0,0
1782356368539,70,HTTP Request,200,OK,Author Query 5-10,text,true,,263,155,10,70,http://localhost:8080/search?q=beauty&author=Oscar%20Wilde,70,0,0
1782356368563,72,HTTP Request,200,OK,Author Query 5-8,text,true,,263,155,10,70,http://localhost:8080/search?q=beauty&author=Oscar%20Wilde,72,0,0
1782356368541,94,HTTP Request,200,OK,Author Query 5-1,text,true,,263,155,10,70,http://localhost:8080/search?q=beauty&author=Oscar%20Wilde,94,0,0
1782356368578,83,HTTP Request,200,OK,Author Query 5-7,text,true,,263,155,10,70,http://localhost:8080/search?q=beauty&author=Oscar%20Wilde,83,0,0
1782356368606,64,HTTP Request,200,OK,Author Query 5-6,text,true,,263,155,10,70,http://localhost:8080/search?q=beauty&author=Oscar%20Wilde,64,0,0
1782356368602,68,HTTP Request,200,OK,Author Query 5-2,text,true,,263,155,10,70,http://localhost:8080/search?q=beauty&author=Oscar%20Wilde,68,0,0
1782356368608,73,HTTP Request,200,OK,Author Query 5-5,text,true,,263,155,10,70,http://localhost:8080/search?q=beauty&author=Oscar%20Wilde,73,0,0
1782356368609,79,HTTP Request,200,OK,Author Query 5-10,text,true,,263,155,10,70,http://localhost:8080/search?q=beauty&author=Oscar%20Wilde,79,0,0
1782356368608,84,HTTP Request,200,OK,Author Query 5-9,text,true,,263,155,10,70,http://localhost:8080/search?q=beauty&author=Oscar%20Wilde,84,0,0
1782356368608,84,HTTP Request,200,OK,Author Query 5-4,text,true,,263,155,10,70,http://localhost:8080/search?q=beauty&author=Oscar%20Wilde,84,0,0
1782356368609,83,HTTP Request,200,OK,Author Query 5-3,text,true,,263,155,10,70,http://localhost:8080/search?q=beauty&author=Oscar%20Wilde,83,0,0
1782356368635,103,HTTP Request,200,OK,Author Query 5-1,text,true,,263,155,10,70,http://localhost:8080/search?q=beauty&author=Oscar%20Wilde,103,0,0
1782356368635,103,HTTP Request,200,OK,Author Query 5-8,text,true,,263,155,10,70,http://localhost:8080/search?q=beauty&author=Oscar%20Wilde,103,0,0
1782356368670,83,HTTP Request,200,OK,Author Query 5-2,text,true,,263,155,10,70,http://localhost:8080/search?q=beauty&author=Oscar%20Wilde,83,0,0
1782356368661,92,HTTP Request,200,OK,Author Query 5-7,text,true,,263,155,10,70,http://localhost:8080/search?q=beauty&author=Oscar%20Wilde,92,0,0
1782356368670,92,HTTP Request,200,OK,Author Query 5-6,text,true,,263,155,10,70,http://localhost:8080/search?q=beauty&author=Oscar%20Wilde,92,0,0
1782356368689,73,HTTP Request,200,OK,Author Query 5-10,text,true,,263,155,10,70,http://localhost:8080/search?q=beauty&author=Oscar%20Wilde,73,0,0
1782356368692,82,HTTP Request,200,OK,Author Query 5-9,text,true,,263,155,10,70,http://localhost:8080/search?q=beauty&author=Oscar%20Wilde,82,0,0
1782356368692,94,HTTP Request,200,OK,Author Query 5-3,text,true,,263,155,10,70,http://localhost:8080/search?q=beauty&author=Oscar%20Wilde,94,0,0
1782356368692,94,HTTP Request,200,OK,Author Query 5-4,text,true,,263,155,10,70,http://localhost:8080/search?q=beauty&author=Oscar%20Wilde,94,0,0
1782356368681,105,HTTP Request,200,OK,Author Query 5-5,text,true,,263,155,10,70,http://localhost:8080/search?q=beauty&author=Oscar%20Wilde,105,0,0
1782356368753,61,HTTP Request,200,OK,Author Query 5-2,text,true,,263,155,10,70,http://localhost:8080/search?q=beauty&author=Oscar%20Wilde,61,0,0
1782356368738,76,HTTP Request,200,OK,Author Query 5-8,text,true,,263,155,10,70,http://localhost:8080/search?q=beauty&author=Oscar%20Wilde,76,0,0
1782356368753,64,HTTP Request,200,OK,Author Query 5-7,text,true,,263,155,10,70,http://localhost:8080/search?q=beauty&author=Oscar%20Wilde,64,0,0
1782356368738,80,HTTP Request,200,OK,Author Query 5-1,text,true,,263,155,10,70,http://localhost:8080/search?q=beauty&author=Oscar%20Wilde,80,0,0
1782356368762,73,HTTP Request,200,OK,Author Query 5-6,text,true,,263,155,10,70,http://localhost:8080/search?q=beauty&author=Oscar%20Wilde,73,0,0
1782356368762,89,HTTP Request,200,OK,Author Query 5-10,text,true,,263,155,10,70,http://localhost:8080/search?q=beauty&author=Oscar%20Wilde,89,0,0
1782356368774,91,HTTP Request,200,OK,Author Query 5-9,text,true,,263,155,10,70,http://localhost:8080/search?q=beauty&author=Oscar%20Wilde,91,0,0
1782356368786,81,HTTP Request,200,OK,Author Query 5-5,text,true,,263,155,10,70,http://localhost:8080/search?q=beauty&author=Oscar%20Wilde,81,0,0
1782356368786,104,HTTP Request,200,OK,Author Query 5-3,text,true,,263,155,10,70,http://localhost:8080/search?q=beauty&author=Oscar%20Wilde,104,0,0
1782356368817,74,HTTP Request,200,OK,Author Query 5-7,text,true,,263,155,10,70,http://localhost:8080/search?q=beauty&author=Oscar%20Wilde,74,0,0
1782356368814,77,HTTP Request,200,OK,Author Query 5-2,text,true,,263,155,10,70,http://localhost:8080/search?q=beauty&author=Oscar%20Wilde,77,0,0
1782356368786,106,HTTP Request,200,OK,Author Query 5-4,text,true,,263,155,10,70,http://localhost:8080/search?q=beauty&author=Oscar%20Wilde,106,0,0
1782356368815,77,HTTP Request,200,OK,Author Query 5-8,text,true,,263,155,10,70,http://localhost:8080/search?q=beauty&author=Oscar%20Wilde,77,0,0
1782356368818,76,HTTP Request,200,OK,Author Query 5-1,text,true,,263,155,10,70,http://localhost:8080/search?q=beauty&author=Oscar%20Wilde,76,0,0
1782356368866,64,HTTP Request,200,OK,Author Query 5-9,text,true,,263,155,10,70,http://localhost:8080/search?q=beauty&author=Oscar%20Wilde,64,0,0
1782356368836,104,HTTP Request,200,OK,Author Query 5-6,text,true,,263,155,10,70,http://localhost:8080/search?q=beauty&author=Oscar%20Wilde,104,0,0
1782356368851,89,HTTP Request,200,OK,Author Query 5-10,text,true,,263,155,10,70,http://localhost:8080/search?q=beauty&author=Oscar%20Wilde,89,0,0
1782356368867,81,HTTP Request,200,OK,Author Query 5-5,text,true,,263,155,10,70,http://localhost:8080/search?q=beauty&author=Oscar%20Wilde,81,0,0
1782356368892,158,HTTP Request,200,OK,Author Query 5-8,text,true,,263,155,10,70,http://localhost:8080/search?q=beauty&author=Oscar%20Wilde,158,0,0
1782356368940,145,HTTP Request,200,OK,Author Query 5-10,text,true,,263,155,10,70,http://localhost:8080/search?q=beauty&author=Oscar%20Wilde,145,0,0
1782356368890,201,HTTP Request,200,OK,Author Query 5-3,text,true,,263,155,10,70,http://localhost:8080/search?q=beauty&author=Oscar%20Wilde,201,0,0
1782356368892,199,HTTP Request,200,OK,Author Query 5-4,text,true,,263,155,10,70,http://localhost:8080/search?q=beauty&author=Oscar%20Wilde,199,0,0
1782356368891,200,HTTP Request,200,OK,Author Query 5-7,text,true,,263,155,10,70,http://localhost:8080/search?q=beauty&author=Oscar%20Wilde,200,0,0
1782356368894,198,HTTP Request,200,OK,Author Query 5-1,text,true,,263,155,10,70,http://localhost:8080/search?q=beauty&author=Oscar%20Wilde,198,0,0
1782356368930,177,HTTP Request,200,OK,Author Query 5-9,text,true,,263,155,10,70,http://localhost:8080/search?q=beauty&author=Oscar%20Wilde,177,0,0
1782356368891,216,HTTP Request,200,OK,Author Query 5-2,text,true,,263,155,10,70,http://localhost:8080/search?q=beauty&author=Oscar%20Wilde,216,0,0
1782356368949,179,HTTP Request,200,OK,Author Query 5-5,text,true,,263,155,10,70,http://localhost:8080/search?q=beauty&author=Oscar%20Wilde,179,0,0
1782356368940,188,HTTP Request,200,OK,Author Query 5-6,text,true,,263,155,10,70,http://localhost:8080/search?q=beauty&author=Oscar%20Wilde,188,0,0
1782356369050,84,HTTP Request,200,OK,Author Query 5-8,text,true,,263,155,10,70,http://localhost:8080/search?q=beauty&author=Oscar%20Wilde,84,0,0
1782356369091,79,HTTP Request,200,OK,Author Query 5-7,text,true,,263,155,10,70,http://localhost:8080/search?q=beauty&author=Oscar%20Wilde,79,0,0
1782356369091,79,HTTP Request,200,OK,Author Query 5-4,text,true,,263,155,10,70,http://localhost:8080/search?q=beauty&author=Oscar%20Wilde,79,0,0
1782356369092,92,HTTP Request,200,OK,Author Query 5-1,text,true,,263,155,10,70,http://localhost:8080/search?q=beauty&author=Oscar%20Wilde,92,0,0
1782356369135,114,HTTP Request,200,OK,Author Query 5-8,text,true,,263,155,10,70,http://localhost:8080/search?q=beauty&author=Oscar%20Wilde,114,0,0
1782356369170,112,HTTP Request,200,OK,Author Query 5-7,text,true,,263,155,10,70,http://localhost:8080/search?q=beauty&author=Oscar%20Wilde,112,0,0
1782356369091,205,HTTP Request,200,OK,Author Query 5-3,text,true,,263,155,10,70,http://localhost:8080/search?q=beauty&author=Oscar%20Wilde,205,0,0
1782356369107,190,HTTP Request,200,OK,Author Query 5-9,text,true,,263,155,10,70,http://localhost:8080/search?q=beauty&author=Oscar%20Wilde,190,0,0
1782356369170,127,HTTP Request,200,OK,Author Query 5-4,text,true,,263,155,10,70,http://localhost:8080/search?q=beauty&author=Oscar%20Wilde,127,0,0
1782356369129,169,HTTP Request,200,OK,Author Query 5-5,text,true,,263,155,10,70,http://localhost:8080/search?q=beauty&author=Oscar%20Wilde,169,0,0
1782356369129,195,HTTP Request,200,OK,Author Query 5-6,text,true,,263,155,10,70,http://localhost:8080/search?q=beauty&author=Oscar%20Wilde,195,0,0
1782356369085,239,HTTP Request,200,OK,Author Query 5-10,text,true,,263,155,10,70,http://localhost:8080/search?q=beauty&author=Oscar%20Wilde,239,0,0
1782356369107,251,HTTP Request,200,OK,Author Query 5-2,text,true,,263,155,10,70,http://localhost:8080/search?q=beauty&author=Oscar%20Wilde,251,0,0
1782356369296,100,HTTP Request,200,OK,Author Query 5-3,text,true,,263,155,10,70,http://localhost:8080/search?q=beauty&author=Oscar%20Wilde,100,0,0
1782356369185,218,HTTP Request,200,OK,Author Query 5-1,text,true,,263,155,10,70,http://localhost:8080/search?q=beauty&author=Oscar%20Wilde,218,0,0
1782356369297,106,HTTP Request,200,OK,Author Query 5-4,text,true,,263,155,10,70,http://localhost:8080/search?q=beauty&author=Oscar%20Wilde,106,0,0
1782356369297,108,HTTP Request,200,OK,Author Query 5-9,text,true,,263,155,10,70,http://localhost:8080/search?q=beauty&author=Oscar%20Wilde,108,0,0
1782356369298,109,HTTP Request,200,OK,Author Query 5-5,text,true,,263,155,10,70,http://localhost:8080/search?q=beauty&author=Oscar%20Wilde,109,0,0
1782356369282,125,HTTP Request,200,OK,Author Query 5-7,text,true,,263,155,10,70,http://localhost:8080/search?q=beauty&author=Oscar%20Wilde,125,0,0
1782356369324,94,HTTP Request,200,OK,Author Query 5-6,text,true,,263,155,10,70,http://localhost:8080/search?q=beauty&author=Oscar%20Wilde,94,0,0
1782356369324,94,HTTP Request,200,OK,Author Query 5-10,text,true,,263,155,10,70,http://localhost:8080/search?q=beauty&author=Oscar%20Wilde,94,0,0
1782356369249,197,HTTP Request,200,OK,Author Query 5-8,text,true,,263,155,10,70,http://localhost:8080/search?q=beauty&author=Oscar%20Wilde,197,0,0
1782356369358,130,HTTP Request,200,OK,Author Query 5-2,text,true,,263,155,10,70,http://localhost:8080/search?q=beauty&author=Oscar%20Wilde,130,0,0
1782356369403,102,HTTP Request,200,OK,Author Query 5-1,text,true,,263,155,10,70,http://localhost:8080/search?q=beauty&author=Oscar%20Wilde,102,0,0
1782356369397,108,HTTP Request,200,OK,Author Query 5-3,text,true,,263,155,10,70,http://localhost:8080/search?q=beauty&author=Oscar%20Wilde,108,0,0
1782356369404,102,HTTP Request,200,OK,Author Query 5-4,text,true,,263,155,10,70,http://localhost:8080/search?q=beauty&author=Oscar%20Wilde,102,0,0
1782356369407,192,HTTP Request,200,OK,Author Query 5-5,text,true,,263,155,10,70,http://localhost:8080/search?q=beauty&author=Oscar%20Wilde,192,0,0
1782356369407,192,HTTP Request,200,OK,Author Query 5-7,text,true,,263,155,10,70,http://localhost:8080/search?q=beauty&author=Oscar%20Wilde,192,0,0
1782356369405,202,HTTP Request,200,OK,Author Query 5-9,text,true,,263,155,10,70,http://localhost:8080/search?q=beauty&author=Oscar%20Wilde,202,0,0
1782356369506,112,HTTP Request,200,OK,Author Query 5-4,text,true,,263,155,10,70,http://localhost:8080/search?q=beauty&author=Oscar%20Wilde,112,0,0
1782356369418,201,HTTP Request,200,OK,Author Query 5-10,text,true,,263,155,10,70,http://localhost:8080/search?q=beauty&author=Oscar%20Wilde,201,0,0
1782356369505,115,HTTP Request,200,OK,Author Query 5-3,text,true,,263,155,10,70,http://localhost:8080/search?q=beauty&author=Oscar%20Wilde,115,0,0
1782356369488,149,HTTP Request,200,OK,Author Query 5-2,text,true,,263,155,10,70,http://localhost:8080/search?q=beauty&author=Oscar%20Wilde,149,0,0
1782356369505,132,HTTP Request,200,OK,Author Query 5-1,text,true,,263,155,10,70,http://localhost:8080/search?q=beauty&author=Oscar%20Wilde,132,0,0
1782356369447,224,HTTP Request,200,OK,Author Query 5-8,text,true,,263,155,10,70,http://localhost:8080/search?q=beauty&author=Oscar%20Wilde,224,0,0
1782356369418,298,HTTP Request,200,OK,Author Query 5-6,text,true,,263,155,10,70,http://localhost:8080/search?q=beauty&author=Oscar%20Wilde,298,0,0
1782356369607,131,HTTP Request,200,OK,Author Query 5-9,text,true,,263,155,10,70,http://localhost:8080/search?q=beauty&author=Oscar%20Wilde,131,0,0
1782356369619,122,HTTP Request,200,OK,Author Query 5-10,text,true,,263,155,10,70,http://localhost:8080/search?q=beauty&author=Oscar%20Wilde,122,0,0
1782356369638,114,HTTP Request,200,OK,Author Query 5-1,text,true,,263,155,10,70,http://localhost:8080/search?q=beauty&author=Oscar%20Wilde,114,0,0
1782356369619,134,HTTP Request,200,OK,Author Query 5-4,text,true,,263,155,10,70,http://localhost:8080/search?q=beauty&author=Oscar%20Wilde,134,0,0
1782356369671,111,HTTP Request,200,OK,Author Query 5-8,text,true,,263,155,10,70,http://localhost:8080/search?q=beauty&author=Oscar%20Wilde,111,0,0
1782356369620,170,HTTP Request,200,OK,Author Query 5-3,text,true,,263,155,10,70,http://localhost:8080/search?q=beauty&author=Oscar%20Wilde,170,0,0
1782356369599,198,HTTP Request,200,OK,Author Query 5-5,text,true,,263,155,10,70,http://localhost:8080/search?q=beauty&author=Oscar%20Wilde,198,0,0
1782356369599,199,HTTP Request,200,OK,Author Query 5-7,text,true,,263,155,10,70,http://localhost:8080/search?q=beauty&author=Oscar%20Wilde,199,0,0
1782356369739,86,HTTP Request,200,OK,Author Query 5-9,text,true,,263,155,10,70,http://localhost:8080/search?q=beauty&author=Oscar%20Wilde,86,0,0
1782356369742,84,HTTP Request,200,OK,Author Query 5-10,text,true,,263,155,10,70,http://localhost:8080/search?q=beauty&author=Oscar%20Wilde,84,0,0
1782356369717,109,HTTP Request,200,OK,Author Query 5-6,text,true,,263,155,10,70,http://localhost:8080/search?q=beauty&author=Oscar%20Wilde,109,0,0
1782356369637,430,HTTP Request,200,OK,Author Query 5-2,text,true,,263,155,10,70,http://localhost:8080/search?q=beauty&author=Oscar%20Wilde,430,0,0
1782356369753,319,HTTP Request,200,OK,Author Query 5-1,text,true,,263,155,10,70,http://localhost:8080/search?q=beauty&author=Oscar%20Wilde,319,0,0
1782356369782,291,HTTP Request,200,OK,Author Query 5-8,text,true,,263,155,10,70,http://localhost:8080/search?q=beauty&author=Oscar%20Wilde,291,0,0
1782356369754,319,HTTP Request,200,OK,Author Query 5-4,text,true,,263,155,10,70,http://localhost:8080/search?q=beauty&author=Oscar%20Wilde,319,0,0
1782356369826,306,HTTP Request,200,OK,Author Query 5-10,text,true,,263,155,10,70,http://localhost:8080/search?q=beauty&author=Oscar%20Wilde,306,0,0
1782356369826,306,HTTP Request,200,OK,Author Query 5-9,text,true,,263,155,10,70,http://localhost:8080/search?q=beauty&author=Oscar%20Wilde,306,0,0
1782356369826,373,HTTP Request,200,OK,Author Query 5-6,text,true,,263,155,10,70,http://localhost:8080/search?q=beauty&author=Oscar%20Wilde,373,0,0
1782356369790,409,HTTP Request,200,OK,Author Query 5-3,text,true,,263,155,10,70,http://localhost:8080/search?q=beauty&author=Oscar%20Wilde,409,0,0
1782356369798,403,HTTP Request,200,OK,Author Query 5-7,text,true,,263,155,10,70,http://localhost:8080/search?q=beauty&author=Oscar%20Wilde,403,0,0
1782356369797,404,HTTP Request,200,OK,Author Query 5-5,text,true,,263,155,10,70,http://localhost:8080/search?q=beauty&author=Oscar%20Wilde,404,0,0
1782356370068,171,HTTP Request,200,OK,Author Query 5-2,text,true,,263,155,10,70,http://localhost:8080/search?q=beauty&author=Oscar%20Wilde,171,0,0
1782356370073,173,HTTP Request,200,OK,Author Query 5-8,text,true,,263,155,10,70,http://localhost:8080/search?q=beauty&author=Oscar%20Wilde,173,0,0
1782356370133,153,HTTP Request,200,OK,Author Query 5-9,text,true,,263,155,10,70,http://localhost:8080/search?q=beauty&author=Oscar%20Wilde,153,0,0
1782356370073,270,HTTP Request,200,OK,Author Query 5-4,text,true,,263,155,10,70,http://localhost:8080/search?q=beauty&author=Oscar%20Wilde,270,0,0
1782356370072,272,HTTP Request,200,OK,Author Query 5-1,text,true,,263,155,10,70,http://localhost:8080/search?q=beauty&author=Oscar%20Wilde,272,0,0
1782356370199,151,HTTP Request,200,OK,Author Query 5-3,text,true,,263,155,10,70,http://localhost:8080/search?q=beauty&author=Oscar%20Wilde,151,0,0
1782356370133,224,HTTP Request,200,OK,Author Query 5-10,text,true,,263,155,10,70,http://localhost:8080/search?q=beauty&author=Oscar%20Wilde,224,0,0
1782356370202,178,HTTP Request,200,OK,Author Query 5-5,text,true,,263,155,10,70,http://localhost:8080/search?q=beauty&author=Oscar%20Wilde,178,0,0
1782356370199,183,HTTP Request,200,OK,Author Query 5-6,text,true,,263,155,10,70,http://localhost:8080/search?q=beauty&author=Oscar%20Wilde,183,0,0
1782356370201,183,HTTP Request,200,OK,Author Query 5-7,text,true,,263,155,10,70,http://localhost:8080/search?q=beauty&author=Oscar%20Wilde,183,0,0
1782356370247,144,HTTP Request,200,OK,Author Query 5-8,text,true,,263,155,10,70,http://localhost:8080/search?q=beauty&author=Oscar%20Wilde,144,0,0
1782356370239,158,HTTP Request,200,OK,Author Query 5-2,text,true,,263,155,10,70,http://localhost:8080/search?q=beauty&author=Oscar%20Wilde,158,0,0
1782356370343,123,HTTP Request,200,OK,Author Query 5-4,text,true,,263,155,10,70,http://localhost:8080/search?q=beauty&author=Oscar%20Wilde,123,0,0
1782356370357,123,HTTP Request,200,OK,Author Query 5-10,text,true,,263,155,10,70,http://localhost:8080/search?q=beauty&author=Oscar%20Wilde,123,0,0
1782356370344,137,HTTP Request,200,OK,Author Query 5-1,text,true,,263,155,10,70,http://localhost:8080/search?q=beauty&author=Oscar%20Wilde,137,0,0
1782356370350,135,HTTP Request,200,OK,Author Query 5-3,text,true,,263,155,10,70,http://localhost:8080/search?q=beauty&author=Oscar%20Wilde,135,0,0
1782356370286,200,HTTP Request,200,OK,Author Query 5-9,text,true,,263,155,10,70,http://localhost:8080/search?q=beauty&author=Oscar%20Wilde,200,0,0
1782356370384,102,HTTP Request,200,OK,Author Query 5-7,text,true,,263,155,10,70,http://localhost:8080/search?q=beauty&author=Oscar%20Wilde,102,0,0
1782356370391,115,HTTP Request,200,OK,Author Query 5-8,text,true,,263,155,10,70,http://localhost:8080/search?q=beauty&author=Oscar%20Wilde,115,0,0
1782356370380,137,HTTP Request,200,OK,Author Query 5-5,text,true,,263,155,10,70,http://localhost:8080/search?q=beauty&author=Oscar%20Wilde,137,0,0
1782356370397,120,HTTP Request,200,OK,Author Query 5-2,text,true,,263,155,10,70,http://localhost:8080/search?q=beauty&author=Oscar%20Wilde,120,0,0
1782356370382,147,HTTP Request,200,OK,Author Query 5-6,text,true,,263,155,10,70,http://localhost:8080/search?q=beauty&author=Oscar%20Wilde,147,0,0
1782356370529,118,HTTP Request,200,OK,Author Query 5-6,text,true,,263,155,10,70,http://localhost:8080/search?q=beauty&author=Oscar%20Wilde,118,0,0
1782356370517,134,HTTP Request,200,OK,Author Query 5-5,text,true,,263,155,10,70,http://localhost:8080/search?q=beauty&author=Oscar%20Wilde,134,0,0
1782356370466,185,HTTP Request,200,OK,Author Query 5-4,text,true,,263,155,10,70,http://localhost:8080/search?q=beauty&author=Oscar%20Wilde,185,0,0
1782356370481,189,HTTP Request,200,OK,Author Query 5-10,text,true,,263,155,10,70,http://localhost:8080/search?q=beauty&author=Oscar%20Wilde,189,0,0
1782356370517,153,HTTP Request,200,OK,Author Query 5-2,text,true,,263,155,10,70,http://localhost:8080/search?q=beauty&author=Oscar%20Wilde,153,0,0
1782356370506,164,HTTP Request,200,OK,Author Query 5-8,text,true,,263,155,10,70,http://localhost:8080/search?q=beauty&author=Oscar%20Wilde,164,0,0
1782356370481,200,HTTP Request,200,OK,Author Query 5-1,text,true,,263,155,10,70,http://localhost:8080/search?q=beauty&author=Oscar%20Wilde,200,0,0
1782356370487,194,HTTP Request,200,OK,Author Query 5-7,text,true,,263,155,10,70,http://localhost:8080/search?q=beauty&author=Oscar%20Wilde,194,0,0
1782356370485,196,HTTP Request,200,OK,Author Query 5-3,text,true,,263,155,10,70,http://localhost:8080/search?q=beauty&author=Oscar%20Wilde,196,0,0
1782356370486,209,HTTP Request,200,OK,Author Query 5-9,text,true,,263,155,10,70,http://localhost:8080/search?q=beauty&author=Oscar%20Wilde,209,0,0
1782356370648,97,HTTP Request,200,OK,Author Query 5-6,text,true,,263,155,10,70,http://localhost:8080/search?q=beauty&author=Oscar%20Wilde,97,0,0
1782356370652,114,HTTP Request,200,OK,Author Query 5-4,text,true,,263,155,10,70,http://localhost:8080/search?q=beauty&author=Oscar%20Wilde,114,0,0
1782356370651,117,HTTP Request,200,OK,Author Query 5-5,text,true,,263,155,10,70,http://localhost:8080/search?q=beauty&author=Oscar%20Wilde,117,0,0
1782356370681,117,HTTP Request,200,OK,Author Query 5-1,text,true,,263,155,10,70,http://localhost:8080/search?q=beauty&author=Oscar%20Wilde,117,0,0
1782356370681,119,HTTP Request,200,OK,Author Query 5-3,text,true,,263,155,10,70,http://localhost:8080/search?q=beauty&author=Oscar%20Wilde,119,0,0
1782356370670,131,HTTP Request,200,OK,Author Query 5-10,text,true,,263,155,10,70,http://localhost:8080/search?q=beauty&author=Oscar%20Wilde,131,0,0
1782356370670,150,HTTP Request,200,OK,Author Query 5-2,text,true,,263,155,10,70,http://localhost:8080/search?q=beauty&author=Oscar%20Wilde,150,0,0
1782356370670,175,HTTP Request,200,OK,Author Query 5-8,text,true,,263,155,10,70,http://localhost:8080/search?q=beauty&author=Oscar%20Wilde,175,0,0
1782356370681,182,HTTP Request,200,OK,Author Query 5-7,text,true,,263,155,10,70,http://localhost:8080/search?q=beauty&author=Oscar%20Wilde,182,0,0
1782356370745,129,HTTP Request,200,OK,Author Query 5-6,text,true,,263,155,10,70,http://localhost:8080/search?q=beauty&author=Oscar%20Wilde,129,0,0
1782356370695,191,HTTP Request,200,OK,Author Query 5-9,text,true,,263,155,10,70,http://localhost:8080/search?q=beauty&author=Oscar%20Wilde,191,0,0
1782356370798,120,HTTP Request,200,OK,Author Query 5-1,text,true,,263,155,10,70,http://localhost:8080/search?q=beauty&author=Oscar%20Wilde,120,0,0
1782356370766,153,HTTP Request,200,OK,Author Query 5-4,text,true,,263,155,10,70,http://localhost:8080/search?q=beauty&author=Oscar%20Wilde,153,0,0
1782356370769,151,HTTP Request,200,OK,Author Query 5-5,text,true,,263,155,10,70,http://localhost:8080/search?q=beauty&author=Oscar%20Wilde,151,0,0
1782356370820,109,HTTP Request,200,OK,Author Query 5-2,text,true,,263,155,10,70,http://localhost:8080/search?q=beauty&author=Oscar%20Wilde,109,0,0
1782356370845,100,HTTP Request,200,OK,Author Query 5-8,text,true,,263,155,10,70,http://localhost:8080/search?q=beauty&author=Oscar%20Wilde,100,0,0
1782356370863,83,HTTP Request,200,OK,Author Query 5-7,text,true,,263,155,10,70,http://localhost:8080/search?q=beauty&author=Oscar%20Wilde,83,0,0
1782356370801,154,HTTP Request,200,OK,Author Query 5-3,text,true,,263,155,10,70,http://localhost:8080/search?q=beauty&author=Oscar%20Wilde,154,0,0
1782356370801,155,HTTP Request,200,OK,Author Query 5-10,text,true,,263,155,10,70,http://localhost:8080/search?q=beauty&author=Oscar%20Wilde,155,0,0
1782356370874,123,HTTP Request,200,OK,Author Query 5-6,text,true,,263,155,10,70,http://localhost:8080/search?q=beauty&author=Oscar%20Wilde,123,0,0
1782356370887,126,HTTP Request,200,OK,Author Query 5-9,text,true,,263,155,10,70,http://localhost:8080/search?q=beauty&author=Oscar%20Wilde,126,0,0
1782356370920,108,HTTP Request,200,OK,Author Query 5-5,text,true,,263,155,10,70,http://localhost:8080/search?q=beauty&author=Oscar%20Wilde,108,0,0
1782356370919,109,HTTP Request,200,OK,Author Query 5-4,text,true,,263,155,10,70,http://localhost:8080/search?q=beauty&author=Oscar%20Wilde,109,0,0
1782356370945,86,HTTP Request,200,OK,Author Query 5-8,text,true,,263,155,10,70,http://localhost:8080/search?q=beauty&author=Oscar%20Wilde,86,0,0
1782356370956,102,HTTP Request,200,OK,Author Query 5-10,text,true,,263,155,10,70,http://localhost:8080/search?q=beauty&author=Oscar%20Wilde,102,0,0
1782356370919,144,HTTP Request,200,OK,Author Query 5-1,text,true,,263,155,10,70,http://localhost:8080/search?q=beauty&author=Oscar%20Wilde,144,0,0
1782356370929,142,HTTP Request,200,OK,Author Query 5-2,text,true,,263,155,10,70,http://localhost:8080/search?q=beauty&author=Oscar%20Wilde,142,0,0
1782356370955,116,HTTP Request,200,OK,Author Query 5-3,text,true,,263,155,10,70,http://localhost:8080/search?q=beauty&author=Oscar%20Wilde,116,0,0
1782356370946,179,HTTP Request,200,OK,Author Query 5-7,text,true,,263,155,10,70,http://localhost:8080/search?q=beauty&author=Oscar%20Wilde,179,0,0
1782356371031,181,HTTP Request,200,OK,Author Query 5-8,text,true,,263,155,10,70,http://localhost:8080/search?q=beauty&author=Oscar%20Wilde,181,0,0
1782356371028,184,HTTP Request,200,OK,Author Query 5-5,text,true,,263,155,10,70,http://localhost:8080/search?q=beauty&author=Oscar%20Wilde,184,0,0
1782356371071,142,HTTP Request,200,OK,Author Query 5-3,text,true,,263,155,10,70,http://localhost:8080/search?q=beauty&author=Oscar%20Wilde,142,0,0
1782356371063,150,HTTP Request,200,OK,Author Query 5-1,text,true,,263,155,10,70,http://localhost:8080/search?q=beauty&author=Oscar%20Wilde,150,0,0
1782356371014,215,HTTP Request,200,OK,Author Query 5-9,text,true,,263,155,10,70,http://localhost:8080/search?q=beauty&author=Oscar%20Wilde,215,0,0
1782356371029,214,HTTP Request,200,OK,Author Query 5-4,text,true,,263,155,10,70,http://localhost:8080/search?q=beauty&author=Oscar%20Wilde,214,0,0
1782356370997,246,HTTP Request,200,OK,Author Query 5-6,text,true,,263,155,10,70,http://localhost:8080/search?q=beauty&author=Oscar%20Wilde,246,0,0
1782356371071,185,HTTP Request,200,OK,Author Query 5-2,text,true,,263,155,10,70,http://localhost:8080/search?q=beauty&author=Oscar%20Wilde,185,0,0
1782356371058,199,HTTP Request,200,OK,Author Query 5-10,text,true,,263,155,10,70,http://localhost:8080/search?q=beauty&author=Oscar%20Wilde,199,0,0
1782356371126,175,HTTP Request,200,OK,Author Query 5-7,text,true,,263,155,10,70,http://localhost:8080/search?q=beauty&author=Oscar%20Wilde,175,0,0
1782356371213,170,HTTP Request,200,OK,Author Query 5-3,text,true,,263,155,10,70,http://localhost:8080/search?q=beauty&author=Oscar%20Wilde,170,0,0
1782356371213,182,HTTP Request,200,OK,Author Query 5-5,text,true,,263,155,10,70,http://localhost:8080/search?q=beauty&author=Oscar%20Wilde,182,0,0
1782356371212,199,HTTP Request,200,OK,Author Query 5-8,text,true,,263,155,10,70,http://localhost:8080/search?q=beauty&author=Oscar%20Wilde,199,0,0
1782356371243,169,HTTP Request,200,OK,Author Query 5-6,text,true,,263,155,10,70,http://localhost:8080/search?q=beauty&author=Oscar%20Wilde,169,0,0
1782356371257,158,HTTP Request,200,OK,Author Query 5-10,text,true,,263,155,10,70,http://localhost:8080/search?q=beauty&author=Oscar%20Wilde,158,0,0
1782356371243,181,HTTP Request,200,OK,Author Query 5-4,text,true,,263,155,10,70,http://localhost:8080/search?q=beauty&author=Oscar%20Wilde,181,0,0
1782356371301,124,HTTP Request,200,OK,Author Query 5-7,text,true,,263,155,10,70,http://localhost:8080/search?q=beauty&author=Oscar%20Wilde,124,0,0
1782356371213,221,HTTP Request,200,OK,Author Query 5-1,text,true,,263,155,10,70,http://localhost:8080/search?q=beauty&author=Oscar%20Wilde,221,0,0
1782356371229,222,HTTP Request,200,OK,Author Query 5-9,text,true,,263,155,10,70,http://localhost:8080/search?q=beauty&author=Oscar%20Wilde,222,0,0
1782356371256,213,HTTP Request,200,OK,Author Query 5-2,text,true,,263,155,10,70,http://localhost:8080/search?q=beauty&author=Oscar%20Wilde,213,0,0
1782356371383,124,HTTP Request,200,OK,Author Query 5-3,text,true,,263,155,10,70,http://localhost:8080/search?q=beauty&author=Oscar%20Wilde,124,0,0
1782356371411,96,HTTP Request,200,OK,Author Query 5-8,text,true,,263,155,10,70,http://localhost:8080/search?q=beauty&author=Oscar%20Wilde,96,0,0
1782356371412,95,HTTP Request,200,OK,Author Query 5-6,text,true,,263,155,10,70,http://localhost:8080/search?q=beauty&author=Oscar%20Wilde,95,0,0
1782356371424,88,HTTP Request,200,OK,Author Query 5-4,text,true,,263,155,10,70,http://localhost:8080/search?q=beauty&author=Oscar%20Wilde,88,0,0
1782356371395,128,HTTP Request,200,OK,Author Query 5-5,text,true,,263,155,10,70,http://localhost:8080/search?q=beauty&author=Oscar%20Wilde,128,0,0
1782356371415,136,HTTP Request,200,OK,Author Query 5-10,text,true,,263,155,10,70,http://localhost:8080/search?q=beauty&author=Oscar%20Wilde,136,0,0
1782356371426,136,HTTP Request,200,OK,Author Query 5-7,text,true,,263,155,10,70,http://localhost:8080/search?q=beauty&author=Oscar%20Wilde,136,0,0
1782356371435,127,HTTP Request,200,OK,Author Query 5-1,text,true,,263,155,10,70,http://localhost:8080/search?q=beauty&author=Oscar%20Wilde,127,0,0
1782356371451,122,HTTP Request,200,OK,Author Query 5-9,text,true,,263,155,10,70,http://localhost:8080/search?q=beauty&author=Oscar%20Wilde,122,0,0
1782356371507,139,HTTP Request,200,OK,Author Query 5-8,text,true,,263,155,10,70,http://localhost:8080/search?q=beauty&author=Oscar%20Wilde,139,0,0
1782356371507,140,HTTP Request,200,OK,Author Query 5-3,text,true,,263,155,10,70,http://localhost:8080/search?q=beauty&author=Oscar%20Wilde,140,0,0
1782356371508,157,HTTP Request,200,OK,Author Query 5-6,text,true,,263,155,10,70,http://localhost:8080/search?q=beauty&author=Oscar%20Wilde,157,0,0
1782356371512,153,HTTP Request,200,OK,Author Query 5-4,text,true,,263,155,10,70,http://localhost:8080/search?q=beauty&author=Oscar%20Wilde,153,0,0
1782356371470,205,HTTP Request,200,OK,Author Query 5-2,text,true,,263,155,10,70,http://localhost:8080/search?q=beauty&author=Oscar%20Wilde,205,0,0
1782356371523,155,HTTP Request,200,OK,Author Query 5-5,text,true,,263,155,10,70,http://localhost:8080/search?q=beauty&author=Oscar%20Wilde,155,0,0
1782356371562,128,HTTP Request,200,OK,Author Query 5-1,text,true,,263,155,10,70,http://localhost:8080/search?q=beauty&author=Oscar%20Wilde,128,0,0
1782356371562,129,HTTP Request,200,OK,Author Query 5-7,text,true,,263,155,10,70,http://localhost:8080/search?q=beauty&author=Oscar%20Wilde,129,0,0
1782356371551,164,HTTP Request,200,OK,Author Query 5-10,text,true,,263,155,10,70,http://localhost:8080/search?q=beauty&author=Oscar%20Wilde,164,0,0
1782356371574,150,HTTP Request,200,OK,Author Query 5-9,text,true,,263,155,10,70,http://localhost:8080/search?q=beauty&author=Oscar%20Wilde,150,0,0
1782356371647,77,HTTP Request,200,OK,Author Query 5-8,text,true,,263,155,10,70,http://localhost:8080/search?q=beauty&author=Oscar%20Wilde,77,0,0
1782356371647,78,HTTP Request,200,OK,Author Query 5-3,text,true,,263,155,10,70,http://localhost:8080/search?q=beauty&author=Oscar%20Wilde,78,0,0
1782356371665,81,HTTP Request,200,OK,Author Query 5-6,text,true,,263,155,10,70,http://localhost:8080/search?q=beauty&author=Oscar%20Wilde,81,0,0
1782356371675,76,HTTP Request,200,OK,Author Query 5-2,text,true,,263,155,10,70,http://localhost:8080/search?q=beauty&author=Oscar%20Wilde,76,0,0
1782356371690,61,HTTP Request,200,OK,Author Query 5-1,text,true,,263,155,10,70,http://localhost:8080/search?q=beauty&author=Oscar%20Wilde,61,0,0
1782356371666,90,HTTP Request,200,OK,Author Query 5-4,text,true,,263,155,10,70,http://localhost:8080/search?q=beauty&author=Oscar%20Wilde,90,0,0
1782356371679,86,HTTP Request,200,OK,Author Query 5-5,text,true,,263,155,10,70,http://localhost:8080/search?q=beauty&author=Oscar%20Wilde,86,0,0
1782356371691,75,HTTP Request,200,OK,Author Query 5-7,text,true,,263,155,10,70,http://localhost:8080/search?q=beauty&author=Oscar%20Wilde,75,0,0
1782356371724,82,HTTP Request,200,OK,Author Query 5-9,text,true,,263,155,10,70,http://localhost:8080/search?q=beauty&author=Oscar%20Wilde,82,0,0
1782356371725,88,HTTP Request,200,OK,Author Query 5-3,text,true,,263,155,10,70,http://localhost:8080/search?q=beauty&author=Oscar%20Wilde,88,0,0
1782356371751,62,HTTP Request,200,OK,Author Query 5-2,text,true,,263,155,10,70,http://localhost:8080/search?q=beauty&author=Oscar%20Wilde,62,0,0
1782356371746,68,HTTP Request,200,OK,Author Query 5-6,text,true,,263,155,10,70,http://localhost:8080/search?q=beauty&author=Oscar%20Wilde,68,0,0
1782356371756,65,HTTP Request,200,OK,Author Query 5-4,text,true,,263,155,10,70,http://localhost:8080/search?q=beauty&author=Oscar%20Wilde,65,0,0
1782356371766,57,HTTP Request,200,OK,Author Query 5-7,text,true,,263,155,10,70,http://localhost:8080/search?q=beauty&author=Oscar%20Wilde,57,0,0
1782356371715,112,HTTP Request,200,OK,Author Query 5-10,text,true,,263,155,10,70,http://localhost:8080/search?q=beauty&author=Oscar%20Wilde,112,0,0
1782356371724,117,HTTP Request,200,OK,Author Query 5-8,text,true,,263,155,10,70,http://localhost:8080/search?q=beauty&author=Oscar%20Wilde,117,0,0
1782356371751,101,HTTP Request,200,OK,Author Query 5-1,text,true,,263,155,10,70,http://localhost:8080/search?q=beauty&author=Oscar%20Wilde,101,0,0
1782356371765,87,HTTP Request,200,OK,Author Query 5-5,text,true,,263,155,10,70,http://localhost:8080/search?q=beauty&author=Oscar%20Wilde,87,0,0
1782356371806,70,HTTP Request,200,OK,Author Query 5-9,text,true,,263,155,10,70,http://localhost:8080/search?q=beauty&author=Oscar%20Wilde,70,0,0
1782356371813,63,HTTP Request,200,OK,Author Query 5-3,text,true,,263,155,10,70,http://localhost:8080/search?q=beauty&author=Oscar%20Wilde,63,0,0
1782356371821,72,HTTP Request,200,OK,Author Query 5-4,text,true,,263,155,10,70,http://localhost:8080/search?q=beauty&author=Oscar%20Wilde,72,0,0
1782356371813,80,HTTP Request,200,OK,Author Query 5-2,text,true,,263,155,10,70,http://localhost:8080/search?q=beauty&author=Oscar%20Wilde,80,0,0
1782356371814,80,HTTP Request,200,OK,Author Query 5-6,text,true,,263,155,10,70,http://localhost:8080/search?q=beauty&author=Oscar%20Wilde,80,0,0
1782356371828,93,HTTP Request,200,OK,Author Query 5-10,text,true,,263,155,10,70,http://localhost:8080/search?q=beauty&author=Oscar%20Wilde,93,0,0
1782356371823,99,HTTP Request,200,OK,Author Query 5-7,text,true,,263,155,10,70,http://localhost:8080/search?q=beauty&author=Oscar%20Wilde,99,0,0
1782356371841,82,HTTP Request,200,OK,Author Query 5-8,text,true,,263,155,10,70,http://localhost:8080/search?q=beauty&author=Oscar%20Wilde,82,0,0
1782356371852,71,HTTP Request,200,OK,Author Query 5-1,text,true,,263,155,10,70,http://localhost:8080/search?q=beauty&author=Oscar%20Wilde,71,0,0
1782356371876,68,HTTP Request,200,OK,Author Query 5-3,text,true,,263,155,10,70,http://localhost:8080/search?q=beauty&author=Oscar%20Wilde,68,0,0
1782356371876,68,HTTP Request,200,OK,Author Query 5-9,text,true,,263,155,10,70,http://localhost:8080/search?q=beauty&author=Oscar%20Wilde,68,0,0
1782356371893,71,HTTP Request,200,OK,Author Query 5-4,text,true,,263,155,10,70,http://localhost:8080/search?q=beauty&author=Oscar%20Wilde,71,0,0
1782356371893,72,HTTP Request,200,OK,Author Query 5-2,text,true,,263,155,10,70,http://localhost:8080/search?q=beauty&author=Oscar%20Wilde,72,0,0
1782356371852,126,HTTP Request,200,OK,Author Query 5-5,text,true,,263,155,10,70,http://localhost:8080/search?q=beauty&author=Oscar%20Wilde,126,0,0
1782356371894,84,HTTP Request,200,OK,Author Query 5-6,text,true,,263,155,10,70,http://localhost:8080/search?q=beauty&author=Oscar%20Wilde,84,0,0
1782356371923,84,HTTP Request,200,OK,Author Query 5-8,text,true,,263,155,10,70,http://localhost:8080/search?q=beauty&author=Oscar%20Wilde,84,0,0
1782356371921,94,HTTP Request,200,OK,Author Query 5-10,text,true,,263,155,10,70,http://localhost:8080/search?q=beauty&author=Oscar%20Wilde,94,0,0
1782356371923,92,HTTP Request,200,OK,Author Query 5-1,text,true,,263,155,10,70,http://localhost:8080/search?q=beauty&author=Oscar%20Wilde,92,0,0
1782356371922,103,HTTP Request,200,OK,Author Query 5-7,text,true,,263,155,10,70,http://localhost:8080/search?q=beauty&author=Oscar%20Wilde,103,0,0
1782356371944,93,HTTP Request,200,OK,Author Query 5-3,text,true,,263,155,10,70,http://localhost:8080/search?q=beauty&author=Oscar%20Wilde,93,0,0
1782356371944,96,HTTP Request,200,OK,Author Query 5-9,text,true,,263,155,10,70,http://localhost:8080/search?q=beauty&author=Oscar%20Wilde,96,0,0
1782356371964,86,HTTP Request,200,OK,Author Query 5-4,text,true,,263,155,10,70,http://localhost:8080/search?q=beauty&author=Oscar%20Wilde,86,0,0
1782356371965,93,HTTP Request,200,OK,Author Query 5-2,text,true,,263,155,10,70,http://localhost:8080/search?q=beauty&author=Oscar%20Wilde,93,0,0
1782356371979,90,HTTP Request,200,OK,Author Query 5-6,text,true,,263,155,10,70,http://localhost:8080/search?q=beauty&author=Oscar%20Wilde,90,0,0
1782356372007,70,HTTP Request,200,OK,Author Query 5-8,text,true,,263,155,10,70,http://localhost:8080/search?q=beauty&author=Oscar%20Wilde,70,0,0
1782356372015,72,HTTP Request,200,OK,Author Query 5-10,text,true,,263,155,10,70,http://localhost:8080/search?q=beauty&author=Oscar%20Wilde,72,0,0
1782356371978,123,HTTP Request,200,OK,Author Query 5-5,text,true,,263,155,10,70,http://localhost:8080/search?q=beauty&author=Oscar%20Wilde,123,0,0
1782356372025,161,HTTP Request,200,OK,Author Query 5-7,text,true,,263,155,10,70,http://localhost:8080/search?q=beauty&author=Oscar%20Wilde,161,0,0
1782356372015,178,HTTP Request,200,OK,Author Query 5-1,text,true,,263,155,10,70,http://localhost:8080/search?q=beauty&author=Oscar%20Wilde,178,0,0
1782356372037,156,HTTP Request,200,OK,Author Query 5-3,text,true,,263,155,10,70,http://localhost:8080/search?q=beauty&author=Oscar%20Wilde,156,0,0
1782356372050,159,HTTP Request,200,OK,Author Query 5-4,text,true,,263,155,10,70,http://localhost:8080/search?q=beauty&author=Oscar%20Wilde,159,0,0
1782356372069,158,HTTP Request,200,OK,Author Query 5-6,text,true,,263,155,10,70,http://localhost:8080/search?q=beauty&author=Oscar%20Wilde,158,0,0
1782356372059,173,HTTP Request,200,OK,Author Query 5-2,text,true,,263,155,10,70,http://localhost:8080/search?q=beauty&author=Oscar%20Wilde,173,0,0
1782356372077,162,HTTP Request,200,OK,Author Query 5-8,text,true,,263,155,10,70,http://localhost:8080/search?q=beauty&author=Oscar%20Wilde,162,0,0
1782356372087,156,HTTP Request,200,OK,Author Query 5-10,text,true,,263,155,10,70,http://localhost:8080/search?q=beauty&author=Oscar%20Wilde,156,0,0
1782356372041,203,HTTP Request,200,OK,Author Query 5-9,text,true,,263,155,10,70,http://localhost:8080/search?q=beauty&author=Oscar%20Wilde,203,0,0
1782356372101,153,HTTP Request,200,OK,Author Query 5-5,text,true,,263,155,10,70,http://localhost:8080/search?q=beauty&author=Oscar%20Wilde,153,0,0
1782356372193,81,HTTP Request,200,OK,Author Query 5-3,text,true,,263,155,10,70,http://localhost:8080/search?q=beauty&author=Oscar%20Wilde,81,0,0
1782356372193,81,HTTP Request,200,OK,Author Query 5-1,text,true,,263,155,10,70,http://localhost:8080/search?q=beauty&author=Oscar%20Wilde,81,0,0
1782356372186,88,HTTP Request,200,OK,Author Query 5-7,text,true,,263,155,10,70,http://localhost:8080/search?q=beauty&author=Oscar%20Wilde,88,0,0
1782356372209,79,HTTP Request,200,OK,Author Query 5-4,text,true,,263,155,10,70,http://localhost:8080/search?q=beauty&author=Oscar%20Wilde,79,0,0
1782356372227,83,HTTP Request,200,OK,Author Query 5-6,text,true,,263,155,10,70,http://localhost:8080/search?q=beauty&author=Oscar%20Wilde,83,0,0
1782356372243,100,HTTP Request,200,OK,Author Query 5-10,text,true,,263,155,10,70,http://localhost:8080/search?q=beauty&author=Oscar%20Wilde,100,0,0
1782356372274,69,HTTP Request,200,OK,Author Query 5-3,text,true,,263,155,10,70,http://localhost:8080/search?q=beauty&author=Oscar%20Wilde,69,0,0
1782356372239,107,HTTP Request,200,OK,Author Query 5-8,text,true,,263,155,10,70,http://localhost:8080/search?q=beauty&author=Oscar%20Wilde,107,0,0
1782356372232,132,HTTP Request,200,OK,Author Query 5-2,text,true,,263,155,10,70,http://localhost:8080/search?q=beauty&author=Oscar%20Wilde,132,0,0
1782356372244,121,HTTP Request,200,OK,Author Query 5-9,text,true,,263,155,10,70,http://localhost:8080/search?q=beauty&author=Oscar%20Wilde,121,0,0
1782356372254,111,HTTP Request,200,OK,Author Query 5-5,text,true,,263,155,10,70,http://localhost:8080/search?q=beauty&author=Oscar%20Wilde,111,0,0
1782356372274,95,HTTP Request,200,OK,Author Query 5-7,text,true,,263,155,10,70,http://localhost:8080/search?q=beauty&author=Oscar%20Wilde,95,0,0
1782356372310,74,HTTP Request,200,OK,Author Query 5-6,text,true,,263,155,10,70,http://localhost:8080/search?q=beauty&author=Oscar%20Wilde,74,0,0
1782356372288,110,HTTP Request,200,OK,Author Query 5-4,text,true,,263,155,10,70,http://localhost:8080/search?q=beauty&author=Oscar%20Wilde,110,0,0
1782356372274,130,HTTP Request,200,OK,Author Query 5-1,text,true,,263,155,10,70,http://localhost:8080/search?q=beauty&author=Oscar%20Wilde,130,0,0
1782356372343,90,HTTP Request,200,OK,Author Query 5-10,text,true,,263,155,10,70,http://localhost:8080/search?q=beauty&author=Oscar%20Wilde,90,0,0
1782356372344,91,HTTP Request,200,OK,Author Query 5-3,text,true,,263,155,10,70,http://localhost:8080/search?q=beauty&author=Oscar%20Wilde,91,0,0
1782356372385,80,HTTP Request,200,OK,Author Query 5-6,text,true,,263,155,10,70,http://localhost:8080/search?q=beauty&author=Oscar%20Wilde,80,0,0
1782356372369,99,HTTP Request,200,OK,Author Query 5-7,text,true,,263,155,10,70,http://localhost:8080/search?q=beauty&author=Oscar%20Wilde,99,0,0
1782356372365,103,HTTP Request,200,OK,Author Query 5-2,text,true,,263,155,10,70,http://localhost:8080/search?q=beauty&author=Oscar%20Wilde,103,0,0
1782356372365,103,HTTP Request,200,OK,Author Query 5-9,text,true,,263,155,10,70,http://localhost:8080/search?q=beauty&author=Oscar%20Wilde,103,0,0
1782356372365,104,HTTP Request,200,OK,Author Query 5-5,text,true,,263,155,10,70,http://localhost:8080/search?q=beauty&author=Oscar%20Wilde,103,0,0
1782356372346,123,HTTP Request,200,OK,Author Query 5-8,text,true,,263,155,10,70,http://localhost:8080/search?q=beauty&author=Oscar%20Wilde,123,0,0
1782356372404,81,HTTP Request,200,OK,Author Query 5-1,text,true,,263,155,10,70,http://localhost:8080/search?q=beauty&author=Oscar%20Wilde,81,0,0
1782356372398,110,HTTP Request,200,OK,Author Query 5-4,text,true,,263,155,10,70,http://localhost:8080/search?q=beauty&author=Oscar%20Wilde,110,0,0
1782356372435,75,HTTP Request,200,OK,Author Query 5-3,text,true,,263,155,10,70,http://localhost:8080/search?q=beauty&author=Oscar%20Wilde,75,0,0
1782356372434,87,HTTP Request,200,OK,Author Query 5-10,text,true,,263,155,10,70,http://localhost:8080/search?q=beauty&author=Oscar%20Wilde,87,0,0
1782356372465,75,HTTP Request,200,OK,Author Query 5-6,text,true,,263,155,10,70,http://localhost:8080/search?q=beauty&author=Oscar%20Wilde,75,0,0
1782356372469,72,HTTP Request,200,OK,Author Query 5-5,text,true,,263,155,10,70,http://localhost:8080/search?q=beauty&author=Oscar%20Wilde,72,0,0
1782356372468,86,HTTP Request,200,OK,Author Query 5-9,text,true,,263,155,10,70,http://localhost:8080/search?q=beauty&author=Oscar%20Wilde,86,0,0
1782356372469,145,HTTP Request,200,OK,Author Query 5-8,text,true,,263,155,10,70,http://localhost:8080/search?q=beauty&author=Oscar%20Wilde,145,0,0
1782356372541,73,HTTP Request,200,OK,Author Query 5-5,text,true,,263,155,10,70,http://localhost:8080/search?q=beauty&author=Oscar%20Wilde,73,0,0
1782356372508,106,HTTP Request,200,OK,Author Query 5-4,text,true,,263,155,10,70,http://localhost:8080/search?q=beauty&author=Oscar%20Wilde,106,0,0
1782356372468,148,HTTP Request,200,OK,Author Query 5-2,text,true,,263,155,10,70,http://localhost:8080/search?q=beauty&author=Oscar%20Wilde,148,0,0
1782356372485,131,HTTP Request,200,OK,Author Query 5-1,text,true,,263,155,10,70,http://localhost:8080/search?q=beauty&author=Oscar%20Wilde,131,0,0
1782356372511,105,HTTP Request,200,OK,Author Query 5-3,text,true,,263,155,10,70,http://localhost:8080/search?q=beauty&author=Oscar%20Wilde,105,0,0
1782356372540,77,HTTP Request,200,OK,Author Query 5-6,text,true,,263,155,10,70,http://localhost:8080/search?q=beauty&author=Oscar%20Wilde,77,0,0
1782356372468,149,HTTP Request,200,OK,Author Query 5-7,text,true,,263,155,10,70,http://localhost:8080/search?q=beauty&author=Oscar%20Wilde,149,0,0
1782356372522,203,HTTP Request,200,OK,Author Query 5-10,text,true,,263,155,10,70,http://localhost:8080/search?q=beauty&author=Oscar%20Wilde,203,0,0
1782356372615,135,HTTP Request,200,OK,Author Query 5-4,text,true,,263,155,10,70,http://localhost:8080/search?q=beauty&author=Oscar%20Wilde,135,0,0
1782356372617,134,HTTP Request,200,OK,Author Query 5-3,text,true,,263,155,10,70,http://localhost:8080/search?q=beauty&author=Oscar%20Wilde,134,0,0
1782356372614,137,HTTP Request,200,OK,Author Query 5-8,text,true,,263,155,10,70,http://localhost:8080/search?q=beauty&author=Oscar%20Wilde,137,0,0
1782356372617,135,HTTP Request,200,OK,Author Query 5-1,text,true,,263,155,10,70,http://localhost:8080/search?q=beauty&author=Oscar%20Wilde,135,0,0
1782356372617,136,HTTP Request,200,OK,Author Query 5-6,text,true,,263,155,10,70,http://localhost:8080/search?q=beauty&author=Oscar%20Wilde,136,0,0
1782356372616,166,HTTP Request,200,OK,Author Query 5-2,text,true,,263,155,10,70,http://localhost:8080/search?q=beauty&author=Oscar%20Wilde,166,0,0
1782356372554,230,HTTP Request,200,OK,Author Query 5-9,text,true,,263,155,10,70,http://localhost:8080/search?q=beauty&author=Oscar%20Wilde,230,0,0
1782356372614,171,HTTP Request,200,OK,Author Query 5-5,text,true,,263,155,10,70,http://localhost:8080/search?q=beauty&author=Oscar%20Wilde,171,0,0
1782356372617,181,HTTP Request,200,OK,Author Query 5-7,text,true,,263,155,10,70,http://localhost:8080/search?q=beauty&author=Oscar%20Wilde,181,0,0
1782356372726,84,HTTP Request,200,OK,Author Query 5-10,text,true,,263,155,10,70,http://localhost:8080/search?q=beauty&author=Oscar%20Wilde,84,0,0
1782356372752,66,HTTP Request,200,OK,Author Query 5-1,text,true,,263,155,10,70,http://localhost:8080/search?q=beauty&author=Oscar%20Wilde,66,0,0
1782356372750,90,HTTP Request,200,OK,Author Query 5-4,text,true,,263,155,10,70,http://localhost:8080/search?q=beauty&author=Oscar%20Wilde,90,0,0
1782356372753,87,HTTP Request,200,OK,Author Query 5-6,text,true,,263,155,10,70,http://localhost:8080/search?q=beauty&author=Oscar%20Wilde,87,0,0
1782356372751,89,HTTP Request,200,OK,Author Query 5-8,text,true,,263,155,10,70,http://localhost:8080/search?q=beauty&author=Oscar%20Wilde,89,0,0
1782356372751,93,HTTP Request,200,OK,Author Query 5-3,text,true,,263,155,10,70,http://localhost:8080/search?q=beauty&author=Oscar%20Wilde,92,0,0
1782356372840,66,HTTP Request,200,OK,Author Query 5-4,text,true,,263,155,10,70,http://localhost:8080/search?q=beauty&author=Oscar%20Wilde,66,0,0
1782356372783,133,HTTP Request,200,OK,Author Query 5-2,text,true,,263,155,10,70,http://localhost:8080/search?q=beauty&author=Oscar%20Wilde,133,0,0
1782356372784,133,HTTP Request,200,OK,Author Query 5-9,text,true,,263,155,10,70,http://localhost:8080/search?q=beauty&author=Oscar%20Wilde,133,0,0
1782356372786,136,HTTP Request,200,OK,Author Query 5-5,text,true,,263,155,10,70,http://localhost:8080/search?q=beauty&author=Oscar%20Wilde,136,0,0
1782356372840,82,HTTP Request,200,OK,Author Query 5-8,text,true,,263,155,10,70,http://localhost:8080/search?q=beauty&author=Oscar%20Wilde,82,0,0
1782356372840,83,HTTP Request,200,OK,Author Query 5-6,text,true,,263,155,10,70,http://localhost:8080/search?q=beauty&author=Oscar%20Wilde,83,0,0
1782356372846,80,HTTP Request,200,OK,Author Query 5-3,text,true,,263,155,10,70,http://localhost:8080/search?q=beauty&author=Oscar%20Wilde,80,0,0
1782356372810,129,HTTP Request,200,OK,Author Query 5-10,text,true,,263,155,10,70,http://localhost:8080/search?q=beauty&author=Oscar%20Wilde,129,0,0
1782356372798,141,HTTP Request,200,OK,Author Query 5-7,text,true,,263,155,10,70,http://localhost:8080/search?q=beauty&author=Oscar%20Wilde,141,0,0
1782356372818,125,HTTP Request,200,OK,Author Query 5-1,text,true,,263,155,10,70,http://localhost:8080/search?q=beauty&author=Oscar%20Wilde,125,0,0
1782356372906,104,HTTP Request,200,OK,Author Query 5-4,text,true,,263,155,10,70,http://localhost:8080/search?q=beauty&author=Oscar%20Wilde,104,0,0
1782356372923,90,HTTP Request,200,OK,Author Query 5-6,text,true,,263,155,10,70,http://localhost:8080/search?q=beauty&author=Oscar%20Wilde,90,0,0
1782356372926,87,HTTP Request,200,OK,Author Query 5-3,text,true,,263,155,10,70,http://localhost:8080/search?q=beauty&author=Oscar%20Wilde,87,0,0
1782356372922,91,HTTP Request,200,OK,Author Query 5-8,text,true,,263,155,10,70,http://localhost:8080/search?q=beauty&author=Oscar%20Wilde,91,0,0
1782356372916,104,HTTP Request,200,OK,Author Query 5-2,text,true,,263,155,10,70,http://localhost:8080/search?q=beauty&author=Oscar%20Wilde,104,0,0
1782356372917,107,HTTP Request,200,OK,Author Query 5-9,text,true,,263,155,10,70,http://localhost:8080/search?q=beauty&author=Oscar%20Wilde,107,0,0
1782356372922,114,HTTP Request,200,OK,Author Query 5-5,text,true,,263,155,10,70,http://localhost:8080/search?q=beauty&author=Oscar%20Wilde,114,0,0
1782356372939,109,HTTP Request,200,OK,Author Query 5-10,text,true,,263,155,10,70,http://localhost:8080/search?q=beauty&author=Oscar%20Wilde,109,0,0
1782356372943,105,HTTP Request,200,OK,Author Query 5-1,text,true,,263,155,10,70,http://localhost:8080/search?q=beauty&author=Oscar%20Wilde,105,0,0
1782356372939,110,HTTP Request,200,OK,Author Query 5-7,text,true,,263,155,10,70,http://localhost:8080/search?q=beauty&author=Oscar%20Wilde,110,0,0
1782356373013,77,HTTP Request,200,OK,Author Query 5-6,text,true,,263,155,10,70,http://localhost:8080/search?q=beauty&author=Oscar%20Wilde,77,0,0
1782356373010,83,HTTP Request,200,OK,Author Query 5-4,text,true,,263,155,10,70,http://localhost:8080/search?q=beauty&author=Oscar%20Wilde,83,0,0
1782356373020,83,HTTP Request,200,OK,Author Query 5-2,text,true,,263,155,10,70,http://localhost:8080/search?q=beauty&author=Oscar%20Wilde,83,0,0
1782356373013,93,HTTP Request,200,OK,Author Query 5-3,text,true,,263,155,10,70,http://localhost:8080/search?q=beauty&author=Oscar%20Wilde,93,0,0
1782356373013,94,HTTP Request,200,OK,Author Query 5-8,text,true,,263,155,10,70,http://localhost:8080/search?q=beauty&author=Oscar%20Wilde,94,0,0
1782356373024,89,HTTP Request,200,OK,Author Query 5-9,text,true,,263,155,10,70,http://localhost:8080/search?q=beauty&author=Oscar%20Wilde,89,0,0
1782356373049,71,HTTP Request,200,OK,Author Query 5-7,text,true,,263,155,10,70,http://localhost:8080/search?q=beauty&author=Oscar%20Wilde,71,0,0
1782356373048,95,HTTP Request,200,OK,Author Query 5-1,text,true,,263,155,10,70,http://localhost:8080/search?q=beauty&author=Oscar%20Wilde,95,0,0
1782356373048,95,HTTP Request,200,OK,Author Query 5-10,text,true,,263,155,10,70,http://localhost:8080/search?q=beauty&author=Oscar%20Wilde,95,0,0
1782356373036,107,HTTP Request,200,OK,Author Query 5-5,text,true,,263,155,10,70,http://localhost:8080/search?q=beauty&author=Oscar%20Wilde,107,0,0
1782356373090,151,HTTP Request,200,OK,Author Query 5-6,text,true,,263,155,10,70,http://localhost:8080/search?q=beauty&author=Oscar%20Wilde,151,0,0
1782356373113,143,HTTP Request,200,OK,Author Query 5-9,text,true,,263,155,10,70,http://localhost:8080/search?q=beauty&author=Oscar%20Wilde,143,0,0
1782356373107,150,HTTP Request,200,OK,Author Query 5-8,text,true,,263,155,10,70,http://localhost:8080/search?q=beauty&author=Oscar%20Wilde,150,0,0
1782356373121,137,HTTP Request,200,OK,Author Query 5-7,text,true,,263,155,10,70,http://localhost:8080/search?q=beauty&author=Oscar%20Wilde,137,0,0
1782356373103,167,HTTP Request,200,OK,Author Query 5-2,text,true,,263,155,10,70,http://localhost:8080/search?q=beauty&author=Oscar%20Wilde,167,0,0
1782356373143,128,HTTP Request,200,OK,Author Query 5-1,text,true,,263,155,10,70,http://localhost:8080/search?q=beauty&author=Oscar%20Wilde,128,0,0
1782356373143,139,HTTP Request,200,OK,Author Query 5-10,text,true,,263,155,10,70,http://localhost:8080/search?q=beauty&author=Oscar%20Wilde,139,0,0
1782356373143,141,HTTP Request,200,OK,Author Query 5-5,text,true,,263,155,10,70,http://localhost:8080/search?q=beauty&author=Oscar%20Wilde,141,0,0
1782356373106,186,HTTP Request,200,OK,Author Query 5-3,text,true,,263,155,10,70,http://localhost:8080/search?q=beauty&author=Oscar%20Wilde,186,0,0
1782356373093,200,HTTP Request,200,OK,Author Query 5-4,text,true,,263,155,10,70,http://localhost:8080/search?q=beauty&author=Oscar%20Wilde,200,0,0
1782356373257,55,HTTP Request,200,OK,Author Query 5-8,text,true,,263,155,10,70,http://localhost:8080/search?q=beauty&author=Oscar%20Wilde,55,0,0
1782356373241,84,HTTP Request,200,OK,Author Query 5-6,text,true,,263,155,10,70,http://localhost:8080/search?q=beauty&author=Oscar%20Wilde,84,0,0
1782356373258,80,HTTP Request,200,OK,Author Query 5-7,text,true,,263,155,10,70,http://localhost:8080/search?q=beauty&author=Oscar%20Wilde,80,0,0
1782356373257,81,HTTP Request,200,OK,Author Query 5-9,text,true,,263,155,10,70,http://localhost:8080/search?q=beauty&author=Oscar%20Wilde,81,0,0
1782356373274,65,HTTP Request,200,OK,Author Query 5-1,text,true,,263,155,10,70,http://localhost:8080/search?q=beauty&author=Oscar%20Wilde,65,0,0
1782356373270,86,HTTP Request,200,OK,Author Query 5-2,text,true,,263,155,10,70,http://localhost:8080/search?q=beauty&author=Oscar%20Wilde,86,0,0
1782356373284,82,HTTP Request,200,OK,Author Query 5-5,text,true,,263,155,10,70,http://localhost:8080/search?q=beauty&author=Oscar%20Wilde,82,0,0
1782356373282,85,HTTP Request,200,OK,Author Query 5-10,text,true,,263,155,10,70,http://localhost:8080/search?q=beauty&author=Oscar%20Wilde,85,0,0
1782356373293,88,HTTP Request,200,OK,Author Query 5-4,text,true,,263,155,10,70,http://localhost:8080/search?q=beauty&author=Oscar%20Wilde,88,0,0
1782356373292,89,HTTP Request,200,OK,Author Query 5-3,text,true,,263,155,10,70,http://localhost:8080/search?q=beauty&author=Oscar%20Wilde,89,0,0
1782356373312,82,HTTP Request,200,OK,Author Query 5-8,text,true,,263,155,10,70,http://localhost:8080/search?q=beauty&author=Oscar%20Wilde,82,0,0
1782356373338,79,HTTP Request,200,OK,Author Query 5-9,text,true,,263,155,10,70,http://localhost:8080/search?q=beauty&author=Oscar%20Wilde,79,0,0
1782356373338,81,HTTP Request,200,OK,Author Query 5-7,text,true,,263,155,10,70,http://localhost:8080/search?q=beauty&author=Oscar%20Wilde,81,0,0
1782356373325,110,HTTP Request,200,OK,Author Query 5-6,text,true,,263,155,10,70,http://localhost:8080/search?q=beauty&author=Oscar%20Wilde,110,0,0
1782356373339,109,HTTP Request,200,OK,Author Query 5-1,text,true,,263,155,10,70,http://localhost:8080/search?q=beauty&author=Oscar%20Wilde,109,0,0
1782356373356,97,HTTP Request,200,OK,Author Query 5-2,text,true,,263,155,10,70,http://localhost:8080/search?q=beauty&author=Oscar%20Wilde,97,0,0
1782356373367,87,HTTP Request,200,OK,Author Query 5-5,text,true,,263,155,10,70,http://localhost:8080/search?q=beauty&author=Oscar%20Wilde,87,0,0
1782356373382,73,HTTP Request,200,OK,Author Query 5-4,text,true,,263,155,10,70,http://localhost:8080/search?q=beauty&author=Oscar%20Wilde,73,0,0
1782356373382,81,HTTP Request,200,OK,Author Query 5-3,text,true,,263,155,10,70,http://localhost:8080/search?q=beauty&author=Oscar%20Wilde,81,0,0
1782356373367,104,HTTP Request,200,OK,Author Query 5-10,text,true,,263,155,10,70,http://localhost:8080/search?q=beauty&author=Oscar%20Wilde,104,0,0
1782356373394,96,HTTP Request,200,OK,Author Query 5-8,text,true,,263,155,10,70,http://localhost:8080/search?q=beauty&author=Oscar%20Wilde,96,0,0
1782356373448,72,HTTP Request,200,OK,Author Query 5-1,text,true,,263,155,10,70,http://localhost:8080/search?q=beauty&author=Oscar%20Wilde,72,0,0
1782356373435,110,HTTP Request,200,OK,Author Query 5-6,text,true,,263,155,10,70,http://localhost:8080/search?q=beauty&author=Oscar%20Wilde,110,0,0
1782356373454,93,HTTP Request,200,OK,Author Query 5-2,text,true,,263,155,10,70,http://localhost:8080/search?q=beauty&author=Oscar%20Wilde,93,0,0
1782356373419,129,HTTP Request,200,OK,Author Query 5-7,text,true,,263,155,10,70,http://localhost:8080/search?q=beauty&author=Oscar%20Wilde,129,0,0
1782356373417,144,HTTP Request,200,OK,Author Query 5-9,text,true,,263,155,10,70,http://localhost:8080/search?q=beauty&author=Oscar%20Wilde,144,0,0
1782356373463,99,HTTP Request,200,OK,Author Query 5-3,text,true,,263,155,10,70,http://localhost:8080/search?q=beauty&author=Oscar%20Wilde,99,0,0
1782356373456,113,HTTP Request,200,OK,Author Query 5-4,text,true,,263,155,10,70,http://localhost:8080/search?q=beauty&author=Oscar%20Wilde,113,0,0
1782356373471,106,HTTP Request,200,OK,Author Query 5-10,text,true,,263,155,10,70,http://localhost:8080/search?q=beauty&author=Oscar%20Wilde,106,0,0
1782356373490,88,HTTP Request,200,OK,Author Query 5-8,text,true,,263,155,10,70,http://localhost:8080/search?q=beauty&author=Oscar%20Wilde,88,0,0
1782356373454,124,HTTP Request,200,OK,Author Query 5-5,text,true,,263,155,10,70,http://localhost:8080/search?q=beauty&author=Oscar%20Wilde,124,0,0
1782356373520,58,HTTP Request,200,OK,Author Query 5-1,text,true,,263,155,10,70,http://localhost:8080/search?q=beauty&author=Oscar%20Wilde,58,0,0
1782356373545,64,HTTP Request,200,OK,Author Query 5-6,text,true,,263,155,10,70,http://localhost:8080/search?q=beauty&author=Oscar%20Wilde,64,0,0
1782356373569,70,HTTP Request,200,OK,Author Query 5-4,text,true,,263,155,10,70,http://localhost:8080/search?q=beauty&author=Oscar%20Wilde,70,0,0
1782356373561,94,HTTP Request,200,OK,Author Query 5-9,text,true,,263,155,10,70,http://localhost:8080/search?q=beauty&author=Oscar%20Wilde,94,0,0
1782356373577,78,HTTP Request,200,OK,Author Query 5-10,text,true,,263,155,10,70,http://localhost:8080/search?q=beauty&author=Oscar%20Wilde,78,0,0
1782356373548,107,HTTP Request,200,OK,Author Query 5-7,text,true,,263,155,10,70,http://localhost:8080/search?q=beauty&author=Oscar%20Wilde,107,0,0
1782356373562,94,HTTP Request,200,OK,Author Query 5-3,text,true,,263,155,10,70,http://localhost:8080/search?q=beauty&author=Oscar%20Wilde,94,0,0
1782356373579,77,HTTP Request,200,OK,Author Query 5-8,text,true,,263,155,10,70,http://localhost:8080/search?q=beauty&author=Oscar%20Wilde,77,0,0
1782356373579,79,HTTP Request,200,OK,Author Query 5-1,text,true,,263,155,10,70,http://localhost:8080/search?q=beauty&author=Oscar%20Wilde,79,0,0
1782356373547,112,HTTP Request,200,OK,Author Query 5-2,text,true,,263,155,10,70,http://localhost:8080/search?q=beauty&author=Oscar%20Wilde,112,0,0
1782356373579,85,HTTP Request,200,OK,Author Query 5-5,text,true,,263,155,10,70,http://localhost:8080/search?q=beauty&author=Oscar%20Wilde,85,0,0
1782356373609,153,HTTP Request,200,OK,Author Query 5-6,text,true,,263,155,10,70,http://localhost:8080/search?q=beauty&author=Oscar%20Wilde,153,0,0
1782356373656,151,HTTP Request,200,OK,Author Query 5-9,text,true,,263,155,10,70,http://localhost:8080/search?q=beauty&author=Oscar%20Wilde,151,0,0
1782356373656,151,HTTP Request,200,OK,Author Query 5-7,text,true,,263,155,10,70,http://localhost:8080/search?q=beauty&author=Oscar%20Wilde,151,0,0
1782356373659,151,HTTP Request,200,OK,Author Query 5-2,text,true,,263,155,10,70,http://localhost:8080/search?q=beauty&author=Oscar%20Wilde,151,0,0
1782356373656,158,HTTP Request,200,OK,Author Query 5-3,text,true,,263,155,10,70,http://localhost:8080/search?q=beauty&author=Oscar%20Wilde,158,0,0
1782356373639,175,HTTP Request,200,OK,Author Query 5-4,text,true,,263,155,10,70,http://localhost:8080/search?q=beauty&author=Oscar%20Wilde,175,0,0
1782356373658,156,HTTP Request,200,OK,Author Query 5-1,text,true,,263,155,10,70,http://localhost:8080/search?q=beauty&author=Oscar%20Wilde,156,0,0
1782356373656,160,HTTP Request,200,OK,Author Query 5-10,text,true,,263,155,10,70,http://localhost:8080/search?q=beauty&author=Oscar%20Wilde,160,0,0
1782356373664,152,HTTP Request,200,OK,Author Query 5-5,text,true,,263,155,10,70,http://localhost:8080/search?q=beauty&author=Oscar%20Wilde,152,0,0
1782356373656,160,HTTP Request,200,OK,Author Query 5-8,text,true,,263,155,10,70,http://localhost:8080/search?q=beauty&author=Oscar%20Wilde,160,0,0
1782356373763,77,HTTP Request,200,OK,Author Query 5-6,text,true,,263,155,10,70,http://localhost:8080/search?q=beauty&author=Oscar%20Wilde,77,0,0
1782356373816,89,HTTP Request,200,OK,Author Query 5-10,text,true,,263,155,10,70,http://localhost:8080/search?q=beauty&author=Oscar%20Wilde,89,0,0
1782356373814,100,HTTP Request,200,OK,Author Query 5-1,text,true,,263,155,10,70,http://localhost:8080/search?q=beauty&author=Oscar%20Wilde,100,0,0
1782356373816,98,HTTP Request,200,OK,Author Query 5-5,text,true,,263,155,10,70,http://localhost:8080/search?q=beauty&author=Oscar%20Wilde,98,0,0
1782356373807,112,HTTP Request,200,OK,Author Query 5-9,text,true,,263,155,10,70,http://localhost:8080/search?q=beauty&author=Oscar%20Wilde,112,0,0
1782356373840,100,HTTP Request,200,OK,Author Query 5-6,text,true,,263,155,10,70,http://localhost:8080/search?q=beauty&author=Oscar%20Wilde,100,0,0
1782356373808,139,HTTP Request,200,OK,Author Query 5-7,text,true,,263,155,10,70,http://localhost:8080/search?q=beauty&author=Oscar%20Wilde,139,0,0
1782356373810,142,HTTP Request,200,OK,Author Query 5-2,text,true,,263,155,10,70,http://localhost:8080/search?q=beauty&author=Oscar%20Wilde,142,0,0
1782356373814,140,HTTP Request,200,OK,Author Query 5-3,text,true,,263,155,10,70,http://localhost:8080/search?q=beauty&author=Oscar%20Wilde,140,0,0
1782356373814,144,HTTP Request,200,OK,Author Query 5-4,text,true,,263,155,10,70,http://localhost:8080/search?q=beauty&author=Oscar%20Wilde,144,0,0
1782356373816,148,HTTP Request,200,OK,Author Query 5-8,text,true,,263,155,10,70,http://localhost:8080/search?q=beauty&author=Oscar%20Wilde,148,0,0
1782356373905,60,HTTP Request,200,OK,Author Query 5-10,text,true,,263,155,10,70,http://localhost:8080/search?q=beauty&author=Oscar%20Wilde,60,0,0
1782356373919,81,HTTP Request,200,OK,Author Query 5-9,text,true,,263,155,10,70,http://localhost:8080/search?q=beauty&author=Oscar%20Wilde,81,0,0
1782356373914,97,HTTP Request,200,OK,Author Query 5-5,text,true,,263,155,10,70,http://localhost:8080/search?q=beauty&author=Oscar%20Wilde,97,0,0
1782356373914,100,HTTP Request,200,OK,Author Query 5-1,text,true,,263,155,10,70,http://localhost:8080/search?q=beauty&author=Oscar%20Wilde,100,0,0
1782356373966,69,HTTP Request,200,OK,Author Query 5-10,text,true,,263,155,10,70,http://localhost:8080/search?q=beauty&author=Oscar%20Wilde,69,0,0
1782356373964,76,HTTP Request,200,OK,Author Query 5-8,text,true,,263,155,10,70,http://localhost:8080/search?q=beauty&author=Oscar%20Wilde,76,0,0
1782356373940,127,HTTP Request,200,OK,Author Query 5-6,text,true,,263,155,10,70,http://localhost:8080/search?q=beauty&author=Oscar%20Wilde,127,0,0
1782356373954,124,HTTP Request,200,OK,Author Query 5-3,text,true,,263,155,10,70,http://localhost:8080/search?q=beauty&author=Oscar%20Wilde,124,0,0
1782356374000,79,HTTP Request,200,OK,Author Query 5-9,text,true,,263,155,10,70,http://localhost:8080/search?q=beauty&author=Oscar%20Wilde,79,0,0
1782356373959,120,HTTP Request,200,OK,Author Query 5-4,text,true,,263,155,10,70,http://localhost:8080/search?q=beauty&author=Oscar%20Wilde,120,0,0
1782356373952,137,HTTP Request,200,OK,Author Query 5-2,text,true,,263,155,10,70,http://localhost:8080/search?q=beauty&author=Oscar%20Wilde,137,0,0
1782356374012,78,HTTP Request,200,OK,Author Query 5-5,text,true,,263,155,10,70,http://localhost:8080/search?q=beauty&author=Oscar%20Wilde,78,0,0
1782356374015,86,HTTP Request,200,OK,Author Query 5-1,text,true,,263,155,10,70,http://localhost:8080/search?q=beauty&author=Oscar%20Wilde,86,0,0
1782356373948,167,HTTP Request,200,OK,Author Query 5-7,text,true,,263,155,10,70,http://localhost:8080/search?q=beauty&author=Oscar%20Wilde,167,0,0
1782356374040,82,HTTP Request,200,OK,Author Query 5-8,text,true,,263,155,10,70,http://localhost:8080/search?q=beauty&author=Oscar%20Wilde,82,0,0
1782356374035,88,HTTP Request,200,OK,Author Query 5-10,text,true,,263,155,10,70,http://localhost:8080/search?q=beauty&author=Oscar%20Wilde,88,0,0
1782356374079,81,HTTP Request,200,OK,Author Query 5-4,text,true,,263,155,10,70,http://localhost:8080/search?q=beauty&author=Oscar%20Wilde,81,0,0
1782356374067,104,HTTP Request,200,OK,Author Query 5-6,text,true,,263,155,10,70,http://localhost:8080/search?q=beauty&author=Oscar%20Wilde,104,0,0
1782356374090,105,HTTP Request,200,OK,Author Query 5-2,text,true,,263,155,10,70,http://localhost:8080/search?q=beauty&author=Oscar%20Wilde,105,0,0
1782356374079,116,HTTP Request,200,OK,Author Query 5-9,text,true,,263,155,10,70,http://localhost:8080/search?q=beauty&author=Oscar%20Wilde,116,0,0
1782356374090,109,HTTP Request,200,OK,Author Query 5-5,text,true,,263,155,10,70,http://localhost:8080/search?q=beauty&author=Oscar%20Wilde,109,0,0
1782356374115,85,HTTP Request,200,OK,Author Query 5-7,text,true,,263,155,10,70,http://localhost:8080/search?q=beauty&author=Oscar%20Wilde,85,0,0
1782356374101,100,HTTP Request,200,OK,Author Query 5-1,text,true,,263,155,10,70,http://localhost:8080/search?q=beauty&author=Oscar%20Wilde,100,0,0
1782356374079,134,HTTP Request,200,OK,Author Query 5-3,text,true,,263,155,10,70,http://localhost:8080/search?q=beauty&author=Oscar%20Wilde,134,0,0
1782356374124,159,HTTP Request,200,OK,Author Query 5-10,text,true,,263,155,10,70,http://localhost:8080/search?q=beauty&author=Oscar%20Wilde,159,0,0
1782356374122,161,HTTP Request,200,OK,Author Query 5-8,text,true,,263,155,10,70,http://localhost:8080/search?q=beauty&author=Oscar%20Wilde,161,0,0
1782356374196,123,HTTP Request,200,OK,Author Query 5-9,text,true,,263,155,10,70,http://localhost:8080/search?q=beauty&author=Oscar%20Wilde,123,0,0
1782356374200,124,HTTP Request,200,OK,Author Query 5-7,text,true,,263,155,10,70,http://localhost:8080/search?q=beauty&author=Oscar%20Wilde,124,0,0
1782356374195,131,HTTP Request,200,OK,Author Query 5-2,text,true,,263,155,10,70,http://localhost:8080/search?q=beauty&author=Oscar%20Wilde,131,0,0
1782356374160,169,HTTP Request,200,OK,Author Query 5-4,text,true,,263,155,10,70,http://localhost:8080/search?q=beauty&author=Oscar%20Wilde,169,0,0
1782356374171,161,HTTP Request,200,OK,Author Query 5-6,text,true,,263,155,10,70,http://localhost:8080/search?q=beauty&author=Oscar%20Wilde,161,0,0
1782356374201,133,HTTP Request,200,OK,Author Query 5-1,text,true,,263,155,10,70,http://localhost:8080/search?q=beauty&author=Oscar%20Wilde,133,0,0
1782356374283,69,HTTP Request,200,OK,Author Query 5-10,text,true,,263,155,10,70,http://localhost:8080/search?q=beauty&author=Oscar%20Wilde,69,0,0
1782356374199,153,HTTP Request,200,OK,Author Query 5-5,text,true,,263,155,10,70,http://localhost:8080/search?q=beauty&author=Oscar%20Wilde,153,0,0
1782356374213,162,HTTP Request,200,OK,Author Query 5-3,text,true,,263,155,10,70,http://localhost:8080/search?q=beauty&author=Oscar%20Wilde,162,0,0
1782356374283,95,HTTP Request,200,OK,Author Query 5-8,text,true,,263,155,10,70,http://localhost:8080/search?q=beauty&author=Oscar%20Wilde,95,0,0
1782356374320,86,HTTP Request,200,OK,Author Query 5-9,text,true,,263,155,10,70,http://localhost:8080/search?q=beauty&author=Oscar%20Wilde,86,0,0
1782356374326,82,HTTP Request,200,OK,Author Query 5-2,text,true,,263,155,10,70,http://localhost:8080/search?q=beauty&author=Oscar%20Wilde,82,0,0
1782356374324,95,HTTP Request,200,OK,Author Query 5-7,text,true,,263,155,10,70,http://localhost:8080/search?q=beauty&author=Oscar%20Wilde,95,0,0
1782356374330,122,HTTP Request,200,OK,Author Query 5-4,text,true,,263,155,10,70,http://localhost:8080/search?q=beauty&author=Oscar%20Wilde,122,0,0
1782356374335,117,HTTP Request,200,OK,Author Query 5-1,text,true,,263,155,10,70,http://localhost:8080/search?q=beauty&author=Oscar%20Wilde,117,0,0
1782356374332,132,HTTP Request,200,OK,Author Query 5-6,text,true,,263,155,10,70,http://localhost:8080/search?q=beauty&author=Oscar%20Wilde,132,0,0
1782356374378,120,HTTP Request,200,OK,Author Query 5-8,text,true,,263,155,10,70,http://localhost:8080/search?q=beauty&author=Oscar%20Wilde,120,0,0
1782356374406,121,HTTP Request,200,OK,Author Query 5-9,text,true,,263,155,10,70,http://localhost:8080/search?q=beauty&author=Oscar%20Wilde,121,0,0
1782356374352,175,HTTP Request,200,OK,Author Query 5-10,text,true,,263,155,10,70,http://localhost:8080/search?q=beauty&author=Oscar%20Wilde,175,0,0
1782356374352,177,HTTP Request,200,OK,Author Query 5-5,text,true,,263,155,10,70,http://localhost:8080/search?q=beauty&author=Oscar%20Wilde,177,0,0
1782356374408,125,HTTP Request,200,OK,Author Query 5-2,text,true,,263,155,10,70,http://localhost:8080/search?q=beauty&author=Oscar%20Wilde,125,0,0
1782356374375,168,HTTP Request,200,OK,Author Query 5-3,text,true,,263,155,10,70,http://localhost:8080/search?q=beauty&author=Oscar%20Wilde,168,0,0
1782356374420,130,HTTP Request,200,OK,Author Query 5-7,text,true,,263,155,10,70,http://localhost:8080/search?q=beauty&author=Oscar%20Wilde,130,0,0
1782356374452,113,HTTP Request,200,OK,Author Query 5-4,text,true,,263,155,10,70,http://localhost:8080/search?q=beauty&author=Oscar%20Wilde,113,0,0
1782356374465,100,HTTP Request,200,OK,Author Query 5-6,text,true,,263,155,10,70,http://localhost:8080/search?q=beauty&author=Oscar%20Wilde,100,0,0
1782356374498,101,HTTP Request,200,OK,Author Query 5-8,text,true,,263,155,10,70,http://localhost:8080/search?q=beauty&author=Oscar%20Wilde,101,0,0
1782356374452,148,HTTP Request,200,OK,Author Query 5-1,text,true,,263,155,10,70,http://localhost:8080/search?q=beauty&author=Oscar%20Wilde,148,0,0
1782356374527,98,HTTP Request,200,OK,Author Query 5-9,text,true,,263,155,10,70,http://localhost:8080/search?q=beauty&author=Oscar%20Wilde,98,0,0
1782356374527,98,HTTP Request,200,OK,Author Query 5-10,text,true,,263,155,10,70,http://localhost:8080/search?q=beauty&author=Oscar%20Wilde,98,0,0
1782356374533,97,HTTP Request,200,OK,Author Query 5-2,text,true,,263,155,10,70,http://localhost:8080/search?q=beauty&author=Oscar%20Wilde,97,0,0
1782356374565,83,HTTP Request,200,OK,Author Query 5-4,text,true,,263,155,10,70,http://localhost:8080/search?q=beauty&author=Oscar%20Wilde,83,0,0
1782356374543,112,HTTP Request,200,OK,Author Query 5-3,text,true,,263,155,10,70,http://localhost:8080/search?q=beauty&author=Oscar%20Wilde,112,0,0
1782356374550,113,HTTP Request,200,OK,Author Query 5-7,text,true,,263,155,10,70,http://localhost:8080/search?q=beauty&author=Oscar%20Wilde,113,0,0
1782356374599,84,HTTP Request,200,OK,Author Query 5-8,text,true,,263,155,10,70,http://localhost:8080/search?q=beauty&author=Oscar%20Wilde,84,0,0
1782356374529,164,HTTP Request,200,OK,Author Query 5-5,text,true,,263,155,10,70,http://localhost:8080/search?q=beauty&author=Oscar%20Wilde,164,0,0
1782356374565,137,HTTP Request,200,OK,Author Query 5-6,text,true,,263,155,10,70,http://localhost:8080/search?q=beauty&author=Oscar%20Wilde,137,0,0
1782356374601,112,HTTP Request,200,OK,Author Query 5-1,text,true,,263,155,10,70,http://localhost:8080/search?q=beauty&author=Oscar%20Wilde,112,0,0
1782356374626,98,HTTP Request,200,OK,Author Query 5-9,text,true,,263,155,10,70,http://localhost:8080/search?q=beauty&author=Oscar%20Wilde,98,0,0
1782356374626,204,HTTP Request,200,OK,Author Query 5-10,text,true,,263,155,10,70,http://localhost:8080/search?q=beauty&author=Oscar%20Wilde,204,0,0
1782356374630,202,HTTP Request,200,OK,Author Query 5-2,text,true,,263,155,10,70,http://localhost:8080/search?q=beauty&author=Oscar%20Wilde,202,0,0
1782356374684,159,HTTP Request,200,OK,Author Query 5-8,text,true,,263,155,10,70,http://localhost:8080/search?q=beauty&author=Oscar%20Wilde,159,0,0
1782356374663,180,HTTP Request,200,OK,Author Query 5-7,text,true,,263,155,10,70,http://localhost:8080/search?q=beauty&author=Oscar%20Wilde,180,0,0
1782356374724,120,HTTP Request,200,OK,Author Query 5-9,text,true,,263,155,10,70,http://localhost:8080/search?q=beauty&author=Oscar%20Wilde,120,0,0
1782356374655,189,HTTP Request,200,OK,Author Query 5-3,text,true,,263,155,10,70,http://localhost:8080/search?q=beauty&author=Oscar%20Wilde,189,0,0
1782356374714,130,HTTP Request,200,OK,Author Query 5-1,text,true,,263,155,10,70,http://localhost:8080/search?q=beauty&author=Oscar%20Wilde,130,0,0
1782356374693,164,HTTP Request,200,OK,Author Query 5-5,text,true,,263,155,10,70,http://localhost:8080/search?q=beauty&author=Oscar%20Wilde,164,0,0
1782356374648,230,HTTP Request,200,OK,Author Query 5-4,text,true,,263,155,10,70,http://localhost:8080/search?q=beauty&author=Oscar%20Wilde,230,0,0
1782356374702,177,HTTP Request,200,OK,Author Query 5-6,text,true,,263,155,10,70,http://localhost:8080/search?q=beauty&author=Oscar%20Wilde,177,0,0
1782356374833,86,HTTP Request,200,OK,Author Query 5-2,text,true,,263,155,10,70,http://localhost:8080/search?q=beauty&author=Oscar%20Wilde,86,0,0
1782356374831,90,HTTP Request,200,OK,Author Query 5-10,text,true,,263,155,10,70,http://localhost:8080/search?q=beauty&author=Oscar%20Wilde,90,0,0
1782356374844,86,HTTP Request,200,OK,Author Query 5-1,text,true,,263,155,10,70,http://localhost:8080/search?q=beauty&author=Oscar%20Wilde,86,0,0
1782356374844,86,HTTP Request,200,OK,Author Query 5-3,text,true,,263,155,10,70,http://localhost:8080/search?q=beauty&author=Oscar%20Wilde,86,0,0
1782356374844,86,HTTP Request,200,OK,Author Query 5-7,text,true,,263,155,10,70,http://localhost:8080/search?q=beauty&author=Oscar%20Wilde,86,0,0
1782356374843,87,HTTP Request,200,OK,Author Query 5-8,text,true,,263,155,10,70,http://localhost:8080/search?q=beauty&author=Oscar%20Wilde,87,0,0
1782356374844,88,HTTP Request,200,OK,Author Query 5-9,text,true,,263,155,10,70,http://localhost:8080/search?q=beauty&author=Oscar%20Wilde,88,0,0
1782356374857,134,HTTP Request,200,OK,Author Query 5-5,text,true,,263,155,10,70,http://localhost:8080/search?q=beauty&author=Oscar%20Wilde,134,0,0
1782356374919,75,HTTP Request,200,OK,Author Query 5-2,text,true,,263,155,10,70,http://localhost:8080/search?q=beauty&author=Oscar%20Wilde,75,0,0
1782356374922,74,HTTP Request,200,OK,Author Query 5-10,text,true,,263,155,10,70,http://localhost:8080/search?q=beauty&author=Oscar%20Wilde,74,0,0
1782356374879,125,HTTP Request,200,OK,Author Query 5-6,text,true,,263,155,10,70,http://localhost:8080/search?q=beauty&author=Oscar%20Wilde,125,0,0
1782356374878,128,HTTP Request,200,OK,Author Query 5-4,text,true,,263,155,10,70,http://localhost:8080/search?q=beauty&author=Oscar%20Wilde,128,0,0
1782356374930,96,HTTP Request,200,OK,Author Query 5-3,text,true,,263,155,10,70,http://localhost:8080/search?q=beauty&author=Oscar%20Wilde,96,0,0
1782356374930,96,HTTP Request,200,OK,Author Query 5-7,text,true,,263,155,10,70,http://localhost:8080/search?q=beauty&author=Oscar%20Wilde,96,0,0
1782356374930,102,HTTP Request,200,OK,Author Query 5-1,text,true,,263,155,10,70,http://localhost:8080/search?q=beauty&author=Oscar%20Wilde,102,0,0
1782356374930,115,HTTP Request,200,OK,Author Query 5-8,text,true,,263,155,10,70,http://localhost:8080/search?q=beauty&author=Oscar%20Wilde,115,0,0
1782356374932,113,HTTP Request,200,OK,Author Query 5-9,text,true,,263,155,10,70,http://localhost:8080/search?q=beauty&author=Oscar%20Wilde,113,0,0
1782356375026,88,HTTP Request,200,OK,Author Query 5-3,text,true,,263,155,10,70,http://localhost:8080/search?q=beauty&author=Oscar%20Wilde,88,0,0
1782356375032,82,HTTP Request,200,OK,Author Query 5-1,text,true,,263,155,10,70,http://localhost:8080/search?q=beauty&author=Oscar%20Wilde,82,0,0
1782356375026,95,HTTP Request,200,OK,Author Query 5-7,text,true,,263,155,10,70,http://localhost:8080/search?q=beauty&author=Oscar%20Wilde,95,0,0
1782356375007,114,HTTP Request,200,OK,Author Query 5-4,text,true,,263,155,10,70,http://localhost:8080/search?q=beauty&author=Oscar%20Wilde,114,0,0
1782356374991,136,HTTP Request,200,OK,Author Query 5-5,text,true,,263,155,10,70,http://localhost:8080/search?q=beauty&author=Oscar%20Wilde,136,0,0
1782356374996,131,HTTP Request,200,OK,Author Query 5-10,text,true,,263,155,10,70,http://localhost:8080/search?q=beauty&author=Oscar%20Wilde,131,0,0
1782356375004,123,HTTP Request,200,OK,Author Query 5-6,text,true,,263,155,10,70,http://localhost:8080/search?q=beauty&author=Oscar%20Wilde,123,0,0
1782356374994,136,HTTP Request,200,OK,Author Query 5-2,text,true,,263,155,10,70,http://localhost:8080/search?q=beauty&author=Oscar%20Wilde,136,0,0
1782356375045,100,HTTP Request,200,OK,Author Query 5-8,text,true,,263,155,10,70,http://localhost:8080/search?q=beauty&author=Oscar%20Wilde,100,0,0
1782356375045,117,HTTP Request,200,OK,Author Query 5-9,text,true,,263,155,10,70,http://localhost:8080/search?q=beauty&author=Oscar%20Wilde,117,0,0
1782356375122,75,HTTP Request,200,OK,Author Query 5-4,text,true,,263,155,10,70,http://localhost:8080/search?q=beauty&author=Oscar%20Wilde,75,0,0
1782356375114,87,HTTP Request,200,OK,Author Query 5-1,text,true,,263,155,10,70,http://localhost:8080/search?q=beauty&author=Oscar%20Wilde,87,0,0
1782356375121,81,HTTP Request,200,OK,Author Query 5-7,text,true,,263,155,10,70,http://localhost:8080/search?q=beauty&author=Oscar%20Wilde,81,0,0
1782356375114,94,HTTP Request,200,OK,Author Query 5-3,text,true,,263,155,10,70,http://localhost:8080/search?q=beauty&author=Oscar%20Wilde,94,0,0
1782356375127,93,HTTP Request,200,OK,Author Query 5-5,text,true,,263,155,10,70,http://localhost:8080/search?q=beauty&author=Oscar%20Wilde,93,0,0
1782356375128,94,HTTP Request,200,OK,Author Query 5-6,text,true,,263,155,10,70,http://localhost:8080/search?q=beauty&author=Oscar%20Wilde,94,0,0
1782356375127,107,HTTP Request,200,OK,Author Query 5-10,text,true,,263,155,10,70,http://localhost:8080/search?q=beauty&author=Oscar%20Wilde,107,0,0
1782356375146,103,HTTP Request,200,OK,Author Query 5-8,text,true,,263,155,10,70,http://localhost:8080/search?q=beauty&author=Oscar%20Wilde,103,0,0
1782356375130,178,HTTP Request,200,OK,Author Query 5-2,text,true,,263,155,10,70,http://localhost:8080/search?q=beauty&author=Oscar%20Wilde,178,0,0
1782356375162,176,HTTP Request,200,OK,Author Query 5-9,text,true,,263,155,10,70,http://localhost:8080/search?q=beauty&author=Oscar%20Wilde,176,0,0
1782356375223,143,HTTP Request,200,OK,Author Query 5-6,text,true,,263,155,10,70,http://localhost:8080/search?q=beauty&author=Oscar%20Wilde,143,0,0
1782356375202,164,HTTP Request,200,OK,Author Query 5-7,text,true,,263,155,10,70,http://localhost:8080/search?q=beauty&author=Oscar%20Wilde,164,0,0
1782356375201,165,HTTP Request,200,OK,Author Query 5-1,text,true,,263,155,10,70,http://localhost:8080/search?q=beauty&author=Oscar%20Wilde,165,0,0
1782356375234,133,HTTP Request,200,OK,Author Query 5-10,text,true,,263,155,10,70,http://localhost:8080/search?q=beauty&author=Oscar%20Wilde,133,0,0
1782356375208,159,HTTP Request,200,OK,Author Query 5-3,text,true,,263,155,10,70,http://localhost:8080/search?q=beauty&author=Oscar%20Wilde,159,0,0
1782356375220,148,HTTP Request,200,OK,Author Query 5-5,text,true,,263,155,10,70,http://localhost:8080/search?q=beauty&author=Oscar%20Wilde,148,0,0
1782356375249,124,HTTP Request,200,OK,Author Query 5-8,text,true,,263,155,10,70,http://localhost:8080/search?q=beauty&author=Oscar%20Wilde,124,0,0
1782356375197,176,HTTP Request,200,OK,Author Query 5-4,text,true,,263,155,10,70,http://localhost:8080/search?q=beauty&author=Oscar%20Wilde,176,0,0
1782356375309,70,HTTP Request,200,OK,Author Query 5-2,text,true,,263,155,10,70,http://localhost:8080/search?q=beauty&author=Oscar%20Wilde,70,0,0
1782356375339,89,HTTP Request,200,OK,Author Query 5-9,text,true,,263,155,10,70,http://localhost:8080/search?q=beauty&author=Oscar%20Wilde,89,0,0
1782356375367,85,HTTP Request,200,OK,Author Query 5-10,text,true,,263,155,10,70,http://localhost:8080/search?q=beauty&author=Oscar%20Wilde,85,0,0
1782356375368,85,HTTP Request,200,OK,Author Query 5-3,text,true,,263,155,10,70,http://localhost:8080/search?q=beauty&author=Oscar%20Wilde,85,0,0
1782356375373,89,HTTP Request,200,OK,Author Query 5-8,text,true,,263,155,10,70,http://localhost:8080/search?q=beauty&author=Oscar%20Wilde,89,0,0
1782356375367,96,HTTP Request,200,OK,Author Query 5-7,text,true,,263,155,10,70,http://localhost:8080/search?q=beauty&author=Oscar%20Wilde,96,0,0
1782356375368,101,HTTP Request,200,OK,Author Query 5-5,text,true,,263,155,10,70,http://localhost:8080/search?q=beauty&author=Oscar%20Wilde,101,0,0
1782356375367,103,HTTP Request,200,OK,Author Query 5-1,text,true,,263,155,10,70,http://localhost:8080/search?q=beauty&author=Oscar%20Wilde,103,0,0
1782356375373,97,HTTP Request,200,OK,Author Query 5-4,text,true,,263,155,10,70,http://localhost:8080/search?q=beauty&author=Oscar%20Wilde,97,0,0
1782356375366,104,HTTP Request,200,OK,Author Query 5-6,text,true,,263,155,10,70,http://localhost:8080/search?q=beauty&author=Oscar%20Wilde,104,0,0
1782356375381,95,HTTP Request,200,OK,Author Query 5-2,text,true,,263,155,10,70,http://localhost:8080/search?q=beauty&author=Oscar%20Wilde,95,0,0
1782356375452,64,HTTP Request,200,OK,Author Query 5-10,text,true,,263,155,10,70,http://localhost:8080/search?q=beauty&author=Oscar%20Wilde,64,0,0
1782356375453,64,HTTP Request,200,OK,Author Query 5-3,text,true,,263,155,10,70,http://localhost:8080/search?q=beauty&author=Oscar%20Wilde,64,0,0
1782356375428,89,HTTP Request,200,OK,Author Query 5-9,text,true,,263,155,10,70,http://localhost:8080/search?q=beauty&author=Oscar%20Wilde,89,0,0
1782356375470,85,HTTP Request,200,OK,Author Query 5-6,text,true,,263,155,10,70,http://localhost:8080/search?q=beauty&author=Oscar%20Wilde,85,0,0
1782356375470,85,HTTP Request,200,OK,Author Query 5-5,text,true,,263,155,10,70,http://localhost:8080/search?q=beauty&author=Oscar%20Wilde,85,0,0
1782356375462,93,HTTP Request,200,OK,Author Query 5-8,text,true,,263,155,10,70,http://localhost:8080/search?q=beauty&author=Oscar%20Wilde,93,0,0
1782356375463,104,HTTP Request,200,OK,Author Query 5-7,text,true,,263,155,10,70,http://localhost:8080/search?q=beauty&author=Oscar%20Wilde,104,0,0
1782356375470,127,HTTP Request,200,OK,Author Query 5-4,text,true,,263,155,10,70,http://localhost:8080/search?q=beauty&author=Oscar%20Wilde,127,0,0
1782356375517,83,HTTP Request,200,OK,Author Query 5-3,text,true,,263,155,10,70,http://localhost:8080/search?q=beauty&author=Oscar%20Wilde,83,0,0
1782356375476,129,HTTP Request,200,OK,Author Query 5-2,text,true,,263,155,10,70,http://localhost:8080/search?q=beauty&author=Oscar%20Wilde,129,0,0
1782356375470,136,HTTP Request,200,OK,Author Query 5-1,text,true,,263,155,10,70,http://localhost:8080/search?q=beauty&author=Oscar%20Wilde,136,0,0
1782356375518,92,HTTP Request,200,OK,Author Query 5-9,text,true,,263,155,10,70,http://localhost:8080/search?q=beauty&author=Oscar%20Wilde,92,0,0
1782356375516,94,HTTP Request,200,OK,Author Query 5-10,text,true,,263,155,10,70,http://localhost:8080/search?q=beauty&author=Oscar%20Wilde,94,0,0
1782356375555,87,HTTP Request,200,OK,Author Query 5-5,text,true,,263,155,10,70,http://localhost:8080/search?q=beauty&author=Oscar%20Wilde,87,0,0
1782356375555,87,HTTP Request,200,OK,Author Query 5-6,text,true,,263,155,10,70,http://localhost:8080/search?q=beauty&author=Oscar%20Wilde,87,0,0
1782356375555,87,HTTP Request,200,OK,Author Query 5-8,text,true,,263,155,10,70,http://localhost:8080/search?q=beauty&author=Oscar%20Wilde,87,0,0
1782356375567,78,HTTP Request,200,OK,Author Query 5-7,text,true,,263,155,10,70,http://localhost:8080/search?q=beauty&author=Oscar%20Wilde,78,0,0
1782356375598,61,HTTP Request,200,OK,Author Query 5-4,text,true,,263,155,10,70,http://localhost:8080/search?q=beauty&author=Oscar%20Wilde,61,0,0
1782356375606,54,HTTP Request,200,OK,Author Query 5-1,text,true,,263,155,10,70,http://localhost:8080/search?q=beauty&author=Oscar%20Wilde,54,0,0
1782356375600,60,HTTP Request,200,OK,Author Query 5-3,text,true,,263,155,10,70,http://localhost:8080/search?q=beauty&author=Oscar%20Wilde,60,0,0
1782356375610,74,HTTP Request,200,OK,Author Query 5-9,text,true,,263,155,10,70,http://localhost:8080/search?q=beauty&author=Oscar%20Wilde,74,0,0
1782356375605,81,HTTP Request,200,OK,Author Query 5-2,text,true,,263,155,10,70,http://localhost:8080/search?q=beauty&author=Oscar%20Wilde,81,0,0
1782356375610,90,HTTP Request,200,OK,Author Query 5-10,text,true,,263,155,10,70,http://localhost:8080/search?q=beauty&author=Oscar%20Wilde,90,0,0
1782356375642,74,HTTP Request,200,OK,Author Query 5-5,text,true,,263,155,10,70,http://localhost:8080/search?q=beauty&author=Oscar%20Wilde,74,0,0
1782356375643,80,HTTP Request,200,OK,Author Query 5-8,text,true,,263,155,10,70,http://localhost:8080/search?q=beauty&author=Oscar%20Wilde,80,0,0
1782356375642,81,HTTP Request,200,OK,Author Query 5-6,text,true,,263,155,10,70,http://localhost:8080/search?q=beauty&author=Oscar%20Wilde,81,0,0
1782356375660,76,HTTP Request,200,OK,Author Query 5-3,text,true,,263,155,10,70,http://localhost:8080/search?q=beauty&author=Oscar%20Wilde,76,0,0
1782356375645,96,HTTP Request,200,OK,Author Query 5-7,text,true,,263,155,10,70,http://localhost:8080/search?q=beauty&author=Oscar%20Wilde,96,0,0
1782356375660,92,HTTP Request,200,OK,Author Query 5-4,text,true,,263,155,10,70,http://localhost:8080/search?q=beauty&author=Oscar%20Wilde,92,0,0
1782356375684,68,HTTP Request,200,OK,Author Query 5-9,text,true,,263,155,10,70,http://localhost:8080/search?q=beauty&author=Oscar%20Wilde,68,0,0
1782356375660,92,HTTP Request,200,OK,Author Query 5-1,text,true,,263,155,10,70,http://localhost:8080/search?q=beauty&author=Oscar%20Wilde,92,0,0
1782356375701,149,HTTP Request,200,OK,Author Query 5-10,text,true,,263,155,10,70,http://localhost:8080/search?q=beauty&author=Oscar%20Wilde,149,0,0
1782356375687,177,HTTP Request,200,OK,Author Query 5-2,text,true,,263,155,10,70,http://localhost:8080/search?q=beauty&author=Oscar%20Wilde,177,0,0
1782356375716,160,HTTP Request,200,OK,Author Query 5-5,text,true,,263,155,10,70,http://localhost:8080/search?q=beauty&author=Oscar%20Wilde,160,0,0
1782356375723,163,HTTP Request,200,OK,Author Query 5-6,text,true,,263,155,10,70,http://localhost:8080/search?q=beauty&author=Oscar%20Wilde,163,0,0
1782356375723,167,HTTP Request,200,OK,Author Query 5-8,text,true,,263,155,10,70,http://localhost:8080/search?q=beauty&author=Oscar%20Wilde,167,0,0
1782356375752,140,HTTP Request,200,OK,Author Query 5-4,text,true,,263,155,10,70,http://localhost:8080/search?q=beauty&author=Oscar%20Wilde,140,0,0
1782356375752,145,HTTP Request,200,OK,Author Query 5-1,text,true,,263,155,10,70,http://localhost:8080/search?q=beauty&author=Oscar%20Wilde,145,0,0
1782356375741,158,HTTP Request,200,OK,Author Query 5-7,text,true,,263,155,10,70,http://localhost:8080/search?q=beauty&author=Oscar%20Wilde,158,0,0
1782356375752,149,HTTP Request,200,OK,Author Query 5-9,text,true,,263,155,10,70,http://localhost:8080/search?q=beauty&author=Oscar%20Wilde,149,0,0
1782356375737,165,HTTP Request,200,OK,Author Query 5-3,text,true,,263,155,10,70,http://localhost:8080/search?q=beauty&author=Oscar%20Wilde,165,0,0
1782356375851,80,HTTP Request,200,OK,Author Query 5-10,text,true,,263,155,10,70,http://localhost:8080/search?q=beauty&author=Oscar%20Wilde,80,0,0
1782356375864,70,HTTP Request,200,OK,Author Query 5-2,text,true,,263,155,10,70,http://localhost:8080/search?q=beauty&author=Oscar%20Wilde,70,0,0
1782356375876,63,HTTP Request,200,OK,Author Query 5-5,text,true,,263,155,10,70,http://localhost:8080/search?q=beauty&author=Oscar%20Wilde,63,0,0
1782356375887,74,HTTP Request,200,OK,Author Query 5-6,text,true,,263,155,10,70,http://localhost:8080/search?q=beauty&author=Oscar%20Wilde,74,0,0
1782356375890,71,HTTP Request,200,OK,Author Query 5-8,text,true,,263,155,10,70,http://localhost:8080/search?q=beauty&author=Oscar%20Wilde,71,0,0
1782356375892,86,HTTP Request,200,OK,Author Query 5-4,text,true,,263,155,10,70,http://localhost:8080/search?q=beauty&author=Oscar%20Wilde,86,0,0
1782356375899,80,HTTP Request,200,OK,Author Query 5-7,text,true,,263,155,10,70,http://localhost:8080/search?q=beauty&author=Oscar%20Wilde,80,0,0
1782356375897,83,HTTP Request,200,OK,Author Query 5-1,text,true,,263,155,10,70,http://localhost:8080/search?q=beauty&author=Oscar%20Wilde,83,0,0
1782356375939,80,HTTP Request,200,OK,Author Query 5-5,text,true,,263,155,10,70,http://localhost:8080/search?q=beauty&author=Oscar%20Wilde,80,0,0
1782356375902,118,HTTP Request,200,OK,Author Query 5-9,text,true,,263,155,10,70,http://localhost:8080/search?q=beauty&author=Oscar%20Wilde,118,0,0
1782356375902,133,HTTP Request,200,OK,Author Query 5-3,text,true,,263,155,10,70,http://localhost:8080/search?q=beauty&author=Oscar%20Wilde,133,0,0
1782356375934,106,HTTP Request,200,OK,Author Query 5-2,text,true,,263,155,10,70,http://localhost:8080/search?q=beauty&author=Oscar%20Wilde,106,0,0
1782356375978,69,HTTP Request,200,OK,Author Query 5-4,text,true,,263,155,10,70,http://localhost:8080/search?q=beauty&author=Oscar%20Wilde,69,0,0
1782356375961,86,HTTP Request,200,OK,Author Query 5-6,text,true,,263,155,10,70,http://localhost:8080/search?q=beauty&author=Oscar%20Wilde,86,0,0
1782356375932,116,HTTP Request,200,OK,Author Query 5-10,text,true,,263,155,10,70,http://localhost:8080/search?q=beauty&author=Oscar%20Wilde,116,0,0
1782356375962,87,HTTP Request,200,OK,Author Query 5-8,text,true,,263,155,10,70,http://localhost:8080/search?q=beauty&author=Oscar%20Wilde,87,0,0
1782356375981,80,HTTP Request,200,OK,Author Query 5-1,text,true,,263,155,10,70,http://localhost:8080/search?q=beauty&author=Oscar%20Wilde,80,0,0
1782356375979,83,HTTP Request,200,OK,Author Query 5-7,text,true,,263,155,10,70,http://localhost:8080/search?q=beauty&author=Oscar%20Wilde,83,0,0
1782356376048,70,HTTP Request,200,OK,Author Query 5-10,text,true,,263,155,10,70,http://localhost:8080/search?q=beauty&author=Oscar%20Wilde,70,0,0
1782356376040,80,HTTP Request,200,OK,Author Query 5-2,text,true,,263,155,10,70,http://localhost:8080/search?q=beauty&author=Oscar%20Wilde,80,0,0
1782356376021,115,HTTP Request,200,OK,Author Query 5-9,text,true,,263,155,10,70,http://localhost:8080/search?q=beauty&author=Oscar%20Wilde,115,0,0
1782356376020,118,HTTP Request,200,OK,Author Query 5-5,text,true,,263,155,10,70,http://localhost:8080/search?q=beauty&author=Oscar%20Wilde,118,0,0
1782356376050,108,HTTP Request,200,OK,Author Query 5-8,text,true,,263,155,10,70,http://localhost:8080/search?q=beauty&author=Oscar%20Wilde,108,0,0
1782356376035,135,HTTP Request,200,OK,Author Query 5-3,text,true,,263,155,10,70,http://localhost:8080/search?q=beauty&author=Oscar%20Wilde,135,0,0
1782356376047,136,HTTP Request,200,OK,Author Query 5-6,text,true,,263,155,10,70,http://localhost:8080/search?q=beauty&author=Oscar%20Wilde,136,0,0
1782356376062,126,HTTP Request,200,OK,Author Query 5-7,text,true,,263,155,10,70,http://localhost:8080/search?q=beauty&author=Oscar%20Wilde,126,0,0
1782356376062,133,HTTP Request,200,OK,Author Query 5-1,text,true,,263,155,10,70,http://localhost:8080/search?q=beauty&author=Oscar%20Wilde,133,0,0
1782356376119,79,HTTP Request,200,OK,Author Query 5-10,text,true,,263,155,10,70,http://localhost:8080/search?q=beauty&author=Oscar%20Wilde,79,0,0
1782356376120,79,HTTP Request,200,OK,Author Query 5-2,text,true,,263,155,10,70,http://localhost:8080/search?q=beauty&author=Oscar%20Wilde,79,0,0
1782356376047,157,HTTP Request,200,OK,Author Query 5-4,text,true,,263,155,10,70,http://localhost:8080/search?q=beauty&author=Oscar%20Wilde,157,0,0
1782356376138,105,HTTP Request,200,OK,Author Query 5-5,text,true,,263,155,10,70,http://localhost:8080/search?q=beauty&author=Oscar%20Wilde,105,0,0
1782356376136,112,HTTP Request,200,OK,Author Query 5-9,text,true,,263,155,10,70,http://localhost:8080/search?q=beauty&author=Oscar%20Wilde,112,0,0
1782356376158,92,HTTP Request,200,OK,Author Query 5-8,text,true,,263,155,10,70,http://localhost:8080/search?q=beauty&author=Oscar%20Wilde,92,0,0
1782356376183,67,HTTP Request,200,OK,Author Query 5-6,text,true,,263,155,10,70,http://localhost:8080/search?q=beauty&author=Oscar%20Wilde,67,0,0
1782356376170,103,HTTP Request,200,OK,Author Query 5-3,text,true,,263,155,10,70,http://localhost:8080/search?q=beauty&author=Oscar%20Wilde,103,0,0
1782356376188,96,HTTP Request,200,OK,Author Query 5-7,text,true,,263,155,10,70,http://localhost:8080/search?q=beauty&author=Oscar%20Wilde,96,0,0
1782356376200,84,HTTP Request,200,OK,Author Query 5-2,text,true,,263,155,10,70,http://localhost:8080/search?q=beauty&author=Oscar%20Wilde,84,0,0
1782356376198,180,HTTP Request,200,OK,Author Query 5-10,text,true,,263,155,10,70,http://localhost:8080/search?q=beauty&author=Oscar%20Wilde,180,0,0
1782356376204,175,HTTP Request,200,OK,Author Query 5-4,text,true,,263,155,10,70,http://localhost:8080/search?q=beauty&author=Oscar%20Wilde,175,0,0
1782356376195,197,HTTP Request,200,OK,Author Query 5-1,text,true,,263,155,10,70,http://localhost:8080/search?q=beauty&author=Oscar%20Wilde,197,0,0
1782356376248,151,HTTP Request,200,OK,Author Query 5-9,text,true,,263,155,10,70,http://localhost:8080/search?q=beauty&author=Oscar%20Wilde,151,0,0
1782356376284,134,HTTP Request,200,OK,Author Query 5-2,text,true,,263,155,10,70,http://localhost:8080/search?q=beauty&author=Oscar%20Wilde,134,0,0
1782356376273,149,HTTP Request,200,OK,Author Query 5-3,text,true,,263,155,10,70,http://localhost:8080/search?q=beauty&author=Oscar%20Wilde,149,0,0
1782356376244,179,HTTP Request,200,OK,Author Query 5-5,text,true,,263,155,10,70,http://localhost:8080/search?q=beauty&author=Oscar%20Wilde,179,0,0
1782356376284,140,HTTP Request,200,OK,Author Query 5-7,text,true,,263,155,10,70,http://localhost:8080/search?q=beauty&author=Oscar%20Wilde,140,0,0
1782356376251,174,HTTP Request,200,OK,Author Query 5-6,text,true,,263,155,10,70,http://localhost:8080/search?q=beauty&author=Oscar%20Wilde,174,0,0
1782356376250,175,HTTP Request,200,OK,Author Query 5-8,text,true,,263,155,10,70,http://localhost:8080/search?q=beauty&author=Oscar%20Wilde,175,0,0
1782356376379,74,HTTP Request,200,OK,Author Query 5-4,text,true,,263,155,10,70,http://localhost:8080/search?q=beauty&author=Oscar%20Wilde,74,0,0
1782356376392,61,HTTP Request,200,OK,Author Query 5-1,text,true,,263,155,10,70,http://localhost:8080/search?q=beauty&author=Oscar%20Wilde,61,0,0
1782356376378,78,HTTP Request,200,OK,Author Query 5-10,text,true,,263,155,10,70,http://localhost:8080/search?q=beauty&author=Oscar%20Wilde,78,0,0
1782356376399,90,HTTP Request,200,OK,Author Query 5-9,text,true,,263,155,10,70,http://localhost:8080/search?q=beauty&author=Oscar%20Wilde,90,0,0
1782356376418,78,HTTP Request,200,OK,Author Query 5-2,text,true,,263,155,10,70,http://localhost:8080/search?q=beauty&author=Oscar%20Wilde,78,0,0
1782356376425,73,HTTP Request,200,OK,Author Query 5-8,text,true,,263,155,10,70,http://localhost:8080/search?q=beauty&author=Oscar%20Wilde,73,0,0
1782356376422,78,HTTP Request,200,OK,Author Query 5-3,text,true,,263,155,10,70,http://localhost:8080/search?q=beauty&author=Oscar%20Wilde,78,0,0
1782356376423,97,HTTP Request,200,OK,Author Query 5-5,text,true,,263,155,10,70,http://localhost:8080/search?q=beauty&author=Oscar%20Wilde,97,0,0
1782356376424,96,HTTP Request,200,OK,Author Query 5-7,text,true,,263,155,10,70,http://localhost:8080/search?q=beauty&author=Oscar%20Wilde,96,0,0
1782356376425,117,HTTP Request,200,OK,Author Query 5-6,text,true,,263,155,10,70,http://localhost:8080/search?q=beauty&author=Oscar%20Wilde,117,0,0
1782356376453,99,HTTP Request,200,OK,Author Query 5-1,text,true,,263,155,10,70,http://localhost:8080/search?q=beauty&author=Oscar%20Wilde,99,0,0
1782356376489,70,HTTP Request,200,OK,Author Query 5-9,text,true,,263,155,10,70,http://localhost:8080/search?q=beauty&author=Oscar%20Wilde,70,0,0
1782356376457,108,HTTP Request,200,OK,Author Query 5-10,text,true,,263,155,10,70,http://localhost:8080/search?q=beauty&author=Oscar%20Wilde,108,0,0
1782356376453,133,HTTP Request,200,OK,Author Query 5-4,text,true,,263,155,10,70,http://localhost:8080/search?q=beauty&author=Oscar%20Wilde,133,0,0
1782356376496,92,HTTP Request,200,OK,Author Query 5-2,text,true,,263,155,10,70,http://localhost:8080/search?q=beauty&author=Oscar%20Wilde,92,0,0
1782356376520,75,HTTP Request,200,OK,Author Query 5-7,text,true,,263,155,10,70,http://localhost:8080/search?q=beauty&author=Oscar%20Wilde,75,0,0
1782356376520,77,HTTP Request,200,OK,Author Query 5-5,text,true,,263,155,10,70,http://localhost:8080/search?q=beauty&author=Oscar%20Wilde,77,0,0
1782356376500,97,HTTP Request,200,OK,Author Query 5-3,text,true,,263,155,10,70,http://localhost:8080/search?q=beauty&author=Oscar%20Wilde,97,0,0
1782356376499,100,HTTP Request,200,OK,Author Query 5-8,text,true,,263,155,10,70,http://localhost:8080/search?q=beauty&author=Oscar%20Wilde,100,0,0
1782356376542,99,HTTP Request,200,OK,Author Query 5-6,text,true,,263,155,10,70,http://localhost:8080/search?q=beauty&author=Oscar%20Wilde,99,0,0
1782356376552,93,HTTP Request,200,OK,Author Query 5-1,text,true,,263,155,10,70,http://localhost:8080/search?q=beauty&author=Oscar%20Wilde,93,0,0
1782356376566,80,HTTP Request,200,OK,Author Query 5-10,text,true,,263,155,10,70,http://localhost:8080/search?q=beauty&author=Oscar%20Wilde,80,0,0
1782356376559,91,HTTP Request,200,OK,Author Query 5-9,text,true,,263,155,10,70,http://localhost:8080/search?q=beauty&author=Oscar%20Wilde,91,0,0
1782356376588,66,HTTP Request,200,OK,Author Query 5-2,text,true,,263,155,10,70,http://localhost:8080/search?q=beauty&author=Oscar%20Wilde,66,0,0
1782356376587,68,HTTP Request,200,OK,Author Query 5-4,text,true,,263,155,10,70,http://localhost:8080/search?q=beauty&author=Oscar%20Wilde,68,0,0
1782356376597,78,HTTP Request,200,OK,Author Query 5-5,text,true,,263,155,10,70,http://localhost:8080/search?q=beauty&author=Oscar%20Wilde,78,0,0
1782356376597,78,HTTP Request,200,OK,Author Query 5-3,text,true,,263,155,10,70,http://localhost:8080/search?q=beauty&author=Oscar%20Wilde,78,0,0
1782356376599,76,HTTP Request,200,OK,Author Query 5-8,text,true,,263,155,10,70,http://localhost:8080/search?q=beauty&author=Oscar%20Wilde,76,0,0
1782356376595,84,HTTP Request,200,OK,Author Query 5-7,text,true,,263,155,10,70,http://localhost:8080/search?q=beauty&author=Oscar%20Wilde,84,0,0
1782356376655,57,HTTP Request,200,OK,Author Query 5-4,text,true,,263,155,10,70,http://localhost:8080/search?q=beauty&author=Oscar%20Wilde,57,0,0
1782356376654,58,HTTP Request,200,OK,Author Query 5-2,text,true,,263,155,10,70,http://localhost:8080/search?q=beauty&author=Oscar%20Wilde,58,0,0
1782356376675,60,HTTP Request,200,OK,Author Query 5-8,text,true,,263,155,10,70,http://localhost:8080/search?q=beauty&author=Oscar%20Wilde,60,0,0
1782356376675,60,HTTP Request,200,OK,Author Query 5-3,text,true,,263,155,10,70,http://localhost:8080/search?q=beauty&author=Oscar%20Wilde,60,0,0
1782356376645,91,HTTP Request,200,OK,Author Query 5-1,text,true,,263,155,10,70,http://localhost:8080/search?q=beauty&author=Oscar%20Wilde,90,0,0
1782356376675,61,HTTP Request,200,OK,Author Query 5-5,text,true,,263,155,10,70,http://localhost:8080/search?q=beauty&author=Oscar%20Wilde,61,0,0
1782356376641,106,HTTP Request,200,OK,Author Query 5-6,text,true,,263,155,10,70,http://localhost:8080/search?q=beauty&author=Oscar%20Wilde,106,0,0
1782356376679,74,HTTP Request,200,OK,Author Query 5-7,text,true,,263,155,10,70,http://localhost:8080/search?q=beauty&author=Oscar%20Wilde,74,0,0
1782356376651,108,HTTP Request,200,OK,Author Query 5-9,text,true,,263,155,10,70,http://localhost:8080/search?q=beauty&author=Oscar%20Wilde,108,0,0
1782356376646,113,HTTP Request,200,OK,Author Query 5-10,text,true,,263,155,10,70,http://localhost:8080/search?q=beauty&author=Oscar%20Wilde,113,0,0
1782356376712,59,HTTP Request,200,OK,Author Query 5-2,text,true,,263,155,10,70,http://localhost:8080/search?q=beauty&author=Oscar%20Wilde,59,0,0
1782356376712,75,HTTP Request,200,OK,Author Query 5-4,text,true,,263,155,10,70,http://localhost:8080/search?q=beauty&author=Oscar%20Wilde,75,0,0
1782356376736,71,HTTP Request,200,OK,Author Query 5-3,text,true,,263,155,10,70,http://localhost:8080/search?q=beauty&author=Oscar%20Wilde,71,0,0
1782356376759,139,HTTP Request,200,OK,Author Query 5-10,text,true,,263,155,10,70,http://localhost:8080/search?q=beauty&author=Oscar%20Wilde,139,0,0
1782356376754,144,HTTP Request,200,OK,Author Query 5-7,text,true,,263,155,10,70,http://localhost:8080/search?q=beauty&author=Oscar%20Wilde,144,0,0
1782356376736,170,HTTP Request,200,OK,Author Query 5-1,text,true,,263,155,10,70,http://localhost:8080/search?q=beauty&author=Oscar%20Wilde,170,0,0
1782356376736,170,HTTP Request,200,OK,Author Query 5-5,text,true,,263,155,10,70,http://localhost:8080/search?q=beauty&author=Oscar%20Wilde,170,0,0
1782356376736,172,HTTP Request,200,OK,Author Query 5-8,text,true,,263,155,10,70,http://localhost:8080/search?q=beauty&author=Oscar%20Wilde,172,0,0
1782356376759,149,HTTP Request,200,OK,Author Query 5-9,text,true,,263,155,10,70,http://localhost:8080/search?q=beauty&author=Oscar%20Wilde,149,0,0
1782356376747,161,HTTP Request,200,OK,Author Query 5-6,text,true,,263,155,10,70,http://localhost:8080/search?q=beauty&author=Oscar%20Wilde,161,0,0
1782356376787,158,HTTP Request,200,OK,Author Query 5-4,text,true,,263,155,10,70,http://localhost:8080/search?q=beauty&author=Oscar%20Wilde,158,0,0
1782356376771,175,HTTP Request,200,OK,Author Query 5-2,text,true,,263,155,10,70,http://localhost:8080/search?q=beauty&author=Oscar%20Wilde,175,0,0
1782356376807,141,HTTP Request,200,OK,Author Query 5-3,text,true,,263,155,10,70,http://localhost:8080/search?q=beauty&author=Oscar%20Wilde,141,0,0
1782356376906,60,HTTP Request,200,OK,Author Query 5-1,text,true,,263,155,10,70,http://localhost:8080/search?q=beauty&author=Oscar%20Wilde,60,0,0
1782356376906,60,HTTP Request,200,OK,Author Query 5-5,text,true,,263,155,10,70,http://localhost:8080/search?q=beauty&author=Oscar%20Wilde,60,0,0
1782356376908,63,HTTP Request,200,OK,Author Query 5-9,text,true,,263,155,10,70,http://localhost:8080/search?q=beauty&author=Oscar%20Wilde,63,0,0
1782356376908,71,HTTP Request,200,OK,Author Query 5-8,text,true,,263,155,10,70,http://localhost:8080/search?q=beauty&author=Oscar%20Wilde,71,0,0
1782356376909,76,HTTP Request,200,OK,Author Query 5-6,text,true,,263,155,10,70,http://localhost:8080/search?q=beauty&author=Oscar%20Wilde,76,0,0
1782356376898,110,HTTP Request,200,OK,Author Query 5-7,text,true,,263,155,10,70,http://localhost:8080/search?q=beauty&author=Oscar%20Wilde,110,0,0
1782356376898,110,HTTP Request,200,OK,Author Query 5-10,text,true,,263,155,10,70,http://localhost:8080/search?q=beauty&author=Oscar%20Wilde,110,0,0
1782356376945,77,HTTP Request,200,OK,Author Query 5-4,text,true,,263,155,10,70,http://localhost:8080/search?q=beauty&author=Oscar%20Wilde,77,0,0
1782356376946,77,HTTP Request,200,OK,Author Query 5-2,text,true,,263,155,10,70,http://localhost:8080/search?q=beauty&author=Oscar%20Wilde,77,0,0
1782356376948,86,HTTP Request,200,OK,Author Query 5-3,text,true,,263,155,10,70,http://localhost:8080/search?q=beauty&author=Oscar%20Wilde,86,0,0
1782356376966,68,HTTP Request,200,OK,Author Query 5-1,text,true,,263,155,10,70,http://localhost:8080/search?q=beauty&author=Oscar%20Wilde,68,0,0
1782356376966,69,HTTP Request,200,OK,Author Query 5-5,text,true,,263,155,10,70,http://localhost:8080/search?q=beauty&author=Oscar%20Wilde,69,0,0
1782356376980,77,HTTP Request,200,OK,Author Query 5-8,text,true,,263,155,10,70,http://localhost:8080/search?q=beauty&author=Oscar%20Wilde,77,0,0
1782356376985,80,HTTP Request,200,OK,Author Query 5-6,text,true,,263,155,10,70,http://localhost:8080/search?q=beauty&author=Oscar%20Wilde,80,0,0
1782356376972,94,HTTP Request,200,OK,Author Query 5-9,text,true,,263,155,10,70,http://localhost:8080/search?q=beauty&author=Oscar%20Wilde,94,0,0
1782356377008,69,HTTP Request,200,OK,Author Query 5-7,text,true,,263,155,10,70,http://localhost:8080/search?q=beauty&author=Oscar%20Wilde,69,0,0
1782356377008,69,HTTP Request,200,OK,Author Query 5-10,text,true,,263,155,10,70,http://localhost:8080/search?q=beauty&author=Oscar%20Wilde,69,0,0
1782356377023,70,HTTP Request,200,OK,Author Query 5-4,text,true,,263,155,10,70,http://localhost:8080/search?q=beauty&author=Oscar%20Wilde,70,0,0
1782356377023,83,HTTP Request,200,OK,Author Query 5-2,text,true,,263,155,10,70,http://localhost:8080/search?q=beauty&author=Oscar%20Wilde,83,0,0
1782356377034,79,HTTP Request,200,OK,Author Query 5-1,text,true,,263,155,10,70,http://localhost:8080/search?q=beauty&author=Oscar%20Wilde,79,0,0
1782356377034,85,HTTP Request,200,OK,Author Query 5-3,text,true,,263,155,10,70,http://localhost:8080/search?q=beauty&author=Oscar%20Wilde,85,0,0
1782356377036,84,HTTP Request,200,OK,Author Query 5-5,text,true,,263,155,10,70,http://localhost:8080/search?q=beauty&author=Oscar%20Wilde,84,0,0
1782356377057,80,HTTP Request,200,OK,Author Query 5-8,text,true,,263,155,10,70,http://localhost:8080/search?q=beauty&author=Oscar%20Wilde,80,0,0
1782356377066,72,HTTP Request,200,OK,Author Query 5-9,text,true,,263,155,10,70,http://localhost:8080/search?q=beauty&author=Oscar%20Wilde,72,0,0
1782356377065,74,HTTP Request,200,OK,Author Query 5-6,text,true,,263,155,10,70,http://localhost:8080/search?q=beauty&author=Oscar%20Wilde,74,0,0
1782356377093,88,HTTP Request,200,OK,Author Query 5-4,text,true,,263,155,10,70,http://localhost:8080/search?q=beauty&author=Oscar%20Wilde,88,0,0
1782356377077,115,HTTP Request,200,OK,Author Query 5-7,text,true,,263,155,10,70,http://localhost:8080/search?q=beauty&author=Oscar%20Wilde,115,0,0
1782356377077,115,HTTP Request,200,OK,Author Query 5-10,text,true,,263,155,10,70,http://localhost:8080/search?q=beauty&author=Oscar%20Wilde,115,0,0
1782356377119,113,HTTP Request,200,OK,Author Query 5-3,text,true,,263,155,10,70,http://localhost:8080/search?q=beauty&author=Oscar%20Wilde,113,0,0
1782356377138,94,HTTP Request,200,OK,Author Query 5-9,text,true,,263,155,10,70,http://localhost:8080/search?q=beauty&author=Oscar%20Wilde,94,0,0
1782356377137,96,HTTP Request,200,OK,Author Query 5-8,text,true,,263,155,10,70,http://localhost:8080/search?q=beauty&author=Oscar%20Wilde,96,0,0
1782356377106,139,HTTP Request,200,OK,Author Query 5-2,text,true,,263,155,10,70,http://localhost:8080/search?q=beauty&author=Oscar%20Wilde,139,0,0
1782356377113,145,HTTP Request,200,OK,Author Query 5-1,text,true,,263,155,10,70,http://localhost:8080/search?q=beauty&author=Oscar%20Wilde,145,0,0
1782356377139,120,HTTP Request,200,OK,Author Query 5-6,text,true,,263,155,10,70,http://localhost:8080/search?q=beauty&author=Oscar%20Wilde,120,0,0
1782356377120,149,HTTP Request,200,OK,Author Query 5-5,text,true,,263,155,10,70,http://localhost:8080/search?q=beauty&author=Oscar%20Wilde,149,0,0
1782356377181,93,HTTP Request,200,OK,Author Query 5-4,text,true,,263,155,10,70,http://localhost:8080/search?q=beauty&author=Oscar%20Wilde,93,0,0
1782356377232,115,HTTP Request,200,OK,Author Query 5-9,text,true,,263,155,10,70,http://localhost:8080/search?q=beauty&author=Oscar%20Wilde,115,0,0
1782356377259,88,HTTP Request,200,OK,Author Query 5-6,text,true,,263,155,10,70,http://localhost:8080/search?q=beauty&author=Oscar%20Wilde,88,0,0
1782356377233,122,HTTP Request,200,OK,Author Query 5-8,text,true,,263,155,10,70,http://localhost:8080/search?q=beauty&author=Oscar%20Wilde,122,0,0
1782356377192,228,HTTP Request,200,OK,Author Query 5-10,text,true,,263,155,10,70,http://localhost:8080/search?q=beauty&author=Oscar%20Wilde,227,0,0
1782356377258,163,HTTP Request,200,OK,Author Query 5-1,text,true,,263,155,10,70,http://localhost:8080/search?q=beauty&author=Oscar%20Wilde,163,0,0
1782356377245,180,HTTP Request,200,OK,Author Query 5-2,text,true,,263,155,10,70,http://localhost:8080/search?q=beauty&author=Oscar%20Wilde,180,0,0
1782356377192,242,HTTP Request,200,OK,Author Query 5-7,text,true,,263,155,10,70,http://localhost:8080/search?q=beauty&author=Oscar%20Wilde,242,0,0
1782356377232,203,HTTP Request,200,OK,Author Query 5-3,text,true,,263,155,10,70,http://localhost:8080/search?q=beauty&author=Oscar%20Wilde,203,0,0
1782356377347,101,HTTP Request,200,OK,Author Query 5-6,text,true,,263,155,10,70,http://localhost:8080/search?q=beauty&author=Oscar%20Wilde,101,0,0
1782356377355,98,HTTP Request,200,OK,Author Query 5-8,text,true,,263,155,10,70,http://localhost:8080/search?q=beauty&author=Oscar%20Wilde,98,0,0
1782356377347,108,HTTP Request,200,OK,Author Query 5-9,text,true,,263,155,10,70,http://localhost:8080/search?q=beauty&author=Oscar%20Wilde,108,0,0
1782356377275,192,HTTP Request,200,OK,Author Query 5-4,text,true,,263,155,10,70,http://localhost:8080/search?q=beauty&author=Oscar%20Wilde,192,0,0
1782356377269,200,HTTP Request,200,OK,Author Query 5-5,text,true,,263,155,10,70,http://localhost:8080/search?q=beauty&author=Oscar%20Wilde,200,0,0
1782356377425,66,HTTP Request,200,OK,Author Query 5-2,text,true,,263,155,10,70,http://localhost:8080/search?q=beauty&author=Oscar%20Wilde,66,0,0
1782356377421,71,HTTP Request,200,OK,Author Query 5-1,text,true,,263,155,10,70,http://localhost:8080/search?q=beauty&author=Oscar%20Wilde,71,0,0
1782356377420,72,HTTP Request,200,OK,Author Query 5-10,text,true,,263,155,10,70,http://localhost:8080/search?q=beauty&author=Oscar%20Wilde,72,0,0
1782356377448,63,HTTP Request,200,OK,Author Query 5-6,text,true,,263,155,10,70,http://localhost:8080/search?q=beauty&author=Oscar%20Wilde,63,0,0
1782356377435,80,HTTP Request,200,OK,Author Query 5-3,text,true,,263,155,10,70,http://localhost:8080/search?q=beauty&author=Oscar%20Wilde,80,0,0
1782356377453,63,HTTP Request,200,OK,Author Query 5-8,text,true,,263,155,10,70,http://localhost:8080/search?q=beauty&author=Oscar%20Wilde,63,0,0
1782356377455,77,HTTP Request,200,OK,Author Query 5-9,text,true,,263,155,10,70,http://localhost:8080/search?q=beauty&author=Oscar%20Wilde,77,0,0
1782356377434,99,HTTP Request,200,OK,Author Query 5-7,text,true,,263,155,10,70,http://localhost:8080/search?q=beauty&author=Oscar%20Wilde,99,0,0
1782356377469,83,HTTP Request,200,OK,Author Query 5-5,text,true,,263,155,10,70,http://localhost:8080/search?q=beauty&author=Oscar%20Wilde,83,0,0
1782356377467,87,HTTP Request,200,OK,Author Query 5-4,text,true,,263,155,10,70,http://localhost:8080/search?q=beauty&author=Oscar%20Wilde,87,0,0
1782356377492,62,HTTP Request,200,OK,Author Query 5-2,text,true,,263,155,10,70,http://localhost:8080/search?q=beauty&author=Oscar%20Wilde,62,0,0
1782356377492,62,HTTP Request,200,OK,Author Query 5-10,text,true,,263,155,10,70,http://localhost:8080/search?q=beauty&author=Oscar%20Wilde,62,0,0
1782356377492,75,HTTP Request,200,OK,Author Query 5-1,text,true,,263,155,10,70,http://localhost:8080/search?q=beauty&author=Oscar%20Wilde,75,0,0
1782356377517,73,HTTP Request,200,OK,Author Query 5-8,text,true,,263,155,10,70,http://localhost:8080/search?q=beauty&author=Oscar%20Wilde,73,0,0
1782356377515,75,HTTP Request,200,OK,Author Query 5-3,text,true,,263,155,10,70,http://localhost:8080/search?q=beauty&author=Oscar%20Wilde,75,0,0
1782356377511,79,HTTP Request,200,OK,Author Query 5-6,text,true,,263,155,10,70,http://localhost:8080/search?q=beauty&author=Oscar%20Wilde,79,0,0
1782356377532,88,HTTP Request,200,OK,Author Query 5-9,text,true,,263,155,10,70,http://localhost:8080/search?q=beauty&author=Oscar%20Wilde,88,0,0
1782356377534,87,HTTP Request,200,OK,Author Query 5-7,text,true,,263,155,10,70,http://localhost:8080/search?q=beauty&author=Oscar%20Wilde,87,0,0
1782356377554,85,HTTP Request,200,OK,Author Query 5-4,text,true,,263,155,10,70,http://localhost:8080/search?q=beauty&author=Oscar%20Wilde,85,0,0
1782356377552,87,HTTP Request,200,OK,Author Query 5-5,text,true,,263,155,10,70,http://localhost:8080/search?q=beauty&author=Oscar%20Wilde,87,0,0
1782356377554,100,HTTP Request,200,OK,Author Query 5-2,text,true,,263,155,10,70,http://localhost:8080/search?q=beauty&author=Oscar%20Wilde,100,0,0
1782356377568,95,HTTP Request,200,OK,Author Query 5-1,text,true,,263,155,10,70,http://localhost:8080/search?q=beauty&author=Oscar%20Wilde,95,0,0
1782356377554,110,HTTP Request,200,OK,Author Query 5-10,text,true,,263,155,10,70,http://localhost:8080/search?q=beauty&author=Oscar%20Wilde,110,0,0
1782356377590,113,HTTP Request,200,OK,Author Query 5-6,text,true,,263,155,10,70,http://localhost:8080/search?q=beauty&author=Oscar%20Wilde,113,0,0
1782356377590,128,HTTP Request,200,OK,Author Query 5-8,text,true,,263,155,10,70,http://localhost:8080/search?q=beauty&author=Oscar%20Wilde,128,0,0
1782356377590,138,HTTP Request,200,OK,Author Query 5-3,text,true,,263,155,10,70,http://localhost:8080/search?q=beauty&author=Oscar%20Wilde,138,0,0
1782356377621,107,HTTP Request,200,OK,Author Query 5-7,text,true,,263,155,10,70,http://localhost:8080/search?q=beauty&author=Oscar%20Wilde,107,0,0
1782356377639,112,HTTP Request,200,OK,Author Query 5-4,text,true,,263,155,10,70,http://localhost:8080/search?q=beauty&author=Oscar%20Wilde,112,0,0
1782356377620,131,HTTP Request,200,OK,Author Query 5-9,text,true,,263,155,10,70,http://localhost:8080/search?q=beauty&author=Oscar%20Wilde,131,0,0
1782356377639,127,HTTP Request,200,OK,Author Query 5-5,text,true,,263,155,10,70,http://localhost:8080/search?q=beauty&author=Oscar%20Wilde,127,0,0
1782356377654,118,HTTP Request,200,OK,Author Query 5-2,text,true,,263,155,10,70,http://localhost:8080/search?q=beauty&author=Oscar%20Wilde,118,0,0
1782356377664,113,HTTP Request,200,OK,Author Query 5-10,text,true,,263,155,10,70,http://localhost:8080/search?q=beauty&author=Oscar%20Wilde,113,0,0
1782356377703,92,HTTP Request,200,OK,Author Query 5-6,text,true,,263,155,10,70,http://localhost:8080/search?q=beauty&author=Oscar%20Wilde,92,0,0
1782356377663,133,HTTP Request,200,OK,Author Query 5-1,text,true,,263,155,10,70,http://localhost:8080/search?q=beauty&author=Oscar%20Wilde,133,0,0
1782356377718,105,HTTP Request,200,OK,Author Query 5-8,text,true,,263,155,10,70,http://localhost:8080/search?q=beauty&author=Oscar%20Wilde,105,0,0
1782356377728,99,HTTP Request,200,OK,Author Query 5-7,text,true,,263,155,10,70,http://localhost:8080/search?q=beauty&author=Oscar%20Wilde,99,0,0
1782356377728,100,HTTP Request,200,OK,Author Query 5-3,text,true,,263,155,10,70,http://localhost:8080/search?q=beauty&author=Oscar%20Wilde,100,0,0
1782356377751,101,HTTP Request,200,OK,Author Query 5-9,text,true,,263,155,10,70,http://localhost:8080/search?q=beauty&author=Oscar%20Wilde,101,0,0
1782356377751,101,HTTP Request,200,OK,Author Query 5-4,text,true,,263,155,10,70,http://localhost:8080/search?q=beauty&author=Oscar%20Wilde,101,0,0
1782356377796,150,HTTP Request,200,OK,Author Query 5-6,text,true,,263,155,10,70,http://localhost:8080/search?q=beauty&author=Oscar%20Wilde,150,0,0
1782356377796,152,HTTP Request,200,OK,Author Query 5-1,text,true,,263,155,10,70,http://localhost:8080/search?q=beauty&author=Oscar%20Wilde,152,0,0
1782356377766,194,HTTP Request,200,OK,Author Query 5-5,text,true,,263,155,10,70,http://localhost:8080/search?q=beauty&author=Oscar%20Wilde,194,0,0
1782356377777,208,HTTP Request,200,OK,Author Query 5-10,text,true,,263,155,10,70,http://localhost:8080/search?q=beauty&author=Oscar%20Wilde,208,0,0
1782356377772,213,HTTP Request,200,OK,Author Query 5-2,text,true,,263,155,10,70,http://localhost:8080/search?q=beauty&author=Oscar%20Wilde,213,0,0
1782356377823,163,HTTP Request,200,OK,Author Query 5-8,text,true,,263,155,10,70,http://localhost:8080/search?q=beauty&author=Oscar%20Wilde,163,0,0
1782356377853,158,HTTP Request,200,OK,Author Query 5-9,text,true,,263,155,10,70,http://localhost:8080/search?q=beauty&author=Oscar%20Wilde,158,0,0
1782356377852,162,HTTP Request,200,OK,Author Query 5-4,text,true,,263,155,10,70,http://localhost:8080/search?q=beauty&author=Oscar%20Wilde,162,0,0
1782356377947,88,HTTP Request,200,OK,Author Query 5-6,text,true,,263,155,10,70,http://localhost:8080/search?q=beauty&author=Oscar%20Wilde,88,0,0
1782356377828,208,HTTP Request,200,OK,Author Query 5-3,text,true,,263,155,10,70,http://localhost:8080/search?q=beauty&author=Oscar%20Wilde,208,0,0
1782356377827,209,HTTP Request,200,OK,Author Query 5-7,text,true,,263,155,10,70,http://localhost:8080/search?q=beauty&author=Oscar%20Wilde,209,0,0
1782356377949,90,HTTP Request,200,OK,Author Query 5-1,text,true,,263,155,10,70,http://localhost:8080/search?q=beauty&author=Oscar%20Wilde,90,0,0
1782356377987,109,HTTP Request,200,OK,Author Query 5-8,text,true,,263,155,10,70,http://localhost:8080/search?q=beauty&author=Oscar%20Wilde,109,0,0
1782356377961,141,HTTP Request,200,OK,Author Query 5-5,text,true,,263,155,10,70,http://localhost:8080/search?q=beauty&author=Oscar%20Wilde,141,0,0
1782356377985,119,HTTP Request,200,OK,Author Query 5-2,text,true,,263,155,10,70,http://localhost:8080/search?q=beauty&author=Oscar%20Wilde,119,0,0
1782356378014,93,HTTP Request,200,OK,Author Query 5-4,text,true,,263,155,10,70,http://localhost:8080/search?q=beauty&author=Oscar%20Wilde,93,0,0
1782356378011,96,HTTP Request,200,OK,Author Query 5-9,text,true,,263,155,10,70,http://localhost:8080/search?q=beauty&author=Oscar%20Wilde,96,0,0
1782356377985,123,HTTP Request,200,OK,Author Query 5-10,text,true,,263,155,10,70,http://localhost:8080/search?q=beauty&author=Oscar%20Wilde,123,0,0
1782356378035,99,HTTP Request,200,OK,Author Query 5-6,text,true,,263,155,10,70,http://localhost:8080/search?q=beauty&author=Oscar%20Wilde,99,0,0
1782356378036,98,HTTP Request,200,OK,Author Query 5-3,text,true,,263,155,10,70,http://localhost:8080/search?q=beauty&author=Oscar%20Wilde,98,0,0
1782356378039,100,HTTP Request,200,OK,Author Query 5-1,text,true,,263,155,10,70,http://localhost:8080/search?q=beauty&author=Oscar%20Wilde,100,0,0
1782356378037,109,HTTP Request,200,OK,Author Query 5-7,text,true,,263,155,10,70,http://localhost:8080/search?q=beauty&author=Oscar%20Wilde,109,0,0
1782356378097,74,HTTP Request,200,OK,Author Query 5-8,text,true,,263,155,10,70,http://localhost:8080/search?q=beauty&author=Oscar%20Wilde,74,0,0
1782356378105,71,HTTP Request,200,OK,Author Query 5-2,text,true,,263,155,10,70,http://localhost:8080/search?q=beauty&author=Oscar%20Wilde,71,0,0
1782356378103,73,HTTP Request,200,OK,Author Query 5-5,text,true,,263,155,10,70,http://localhost:8080/search?q=beauty&author=Oscar%20Wilde,73,0,0
1782356378107,86,HTTP Request,200,OK,Author Query 5-4,text,true,,263,155,10,70,http://localhost:8080/search?q=beauty&author=Oscar%20Wilde,86,0,0
1782356378108,85,HTTP Request,200,OK,Author Query 5-10,text,true,,263,155,10,70,http://localhost:8080/search?q=beauty&author=Oscar%20Wilde,85,0,0
1782356378107,87,HTTP Request,200,OK,Author Query 5-9,text,true,,263,155,10,70,http://localhost:8080/search?q=beauty&author=Oscar%20Wilde,87,0,0
1782356378140,242,HTTP Request,200,OK,Author Query 5-1,text,true,,263,155,10,70,http://localhost:8080/search?q=beauty&author=Oscar%20Wilde,242,0,0
1782356378134,248,HTTP Request,200,OK,Author Query 5-3,text,true,,263,155,10,70,http://localhost:8080/search?q=beauty&author=Oscar%20Wilde,248,0,0
1782356378172,220,HTTP Request,200,OK,Author Query 5-8,text,true,,263,155,10,70,http://localhost:8080/search?q=beauty&author=Oscar%20Wilde,220,0,0
1782356378176,216,HTTP Request,200,OK,Author Query 5-5,text,true,,263,155,10,70,http://localhost:8080/search?q=beauty&author=Oscar%20Wilde,216,0,0
1782356378176,216,HTTP Request,200,OK,Author Query 5-2,text,true,,263,155,10,70,http://localhost:8080/search?q=beauty&author=Oscar%20Wilde,216,0,0
1782356378146,270,HTTP Request,200,OK,Author Query 5-7,text,true,,263,155,10,70,http://localhost:8080/search?q=beauty&author=Oscar%20Wilde,270,0,0
1782356378134,282,HTTP Request,200,OK,Author Query 5-6,text,true,,263,155,10,70,http://localhost:8080/search?q=beauty&author=Oscar%20Wilde,282,0,0
1782356378193,233,HTTP Request,200,OK,Author Query 5-10,text,true,,263,155,10,70,http://localhost:8080/search?q=beauty&author=Oscar%20Wilde,233,0,0
1782356378195,288,HTTP Request,200,OK,Author Query 5-9,text,true,,263,155,10,70,http://localhost:8080/search?q=beauty&author=Oscar%20Wilde,288,0,0
1782356378193,290,HTTP Request,200,OK,Author Query 5-4,text,true,,263,155,10,70,http://localhost:8080/search?q=beauty&author=Oscar%20Wilde,290,0,0
1782356378383,127,HTTP Request,200,OK,Author Query 5-3,text,true,,263,155,10,70,http://localhost:8080/search?q=beauty&author=Oscar%20Wilde,127,0,0
1782356378382,131,HTTP Request,200,OK,Author Query 5-1,text,true,,263,155,10,70,http://localhost:8080/search?q=beauty&author=Oscar%20Wilde,131,0,0
1782356378416,97,HTTP Request,200,OK,Author Query 5-6,text,true,,263,155,10,70,http://localhost:8080/search?q=beauty&author=Oscar%20Wilde,97,0,0
1782356378392,124,HTTP Request,200,OK,Author Query 5-8,text,true,,263,155,10,70,http://localhost:8080/search?q=beauty&author=Oscar%20Wilde,124,0,0
1782356378416,100,HTTP Request,200,OK,Author Query 5-7,text,true,,263,155,10,70,http://localhost:8080/search?q=beauty&author=Oscar%20Wilde,100,0,0
1782356378393,139,HTTP Request,200,OK,Author Query 5-5,text,true,,263,155,10,70,http://localhost:8080/search?q=beauty&author=Oscar%20Wilde,139,0,0
1782356378393,157,HTTP Request,200,OK,Author Query 5-2,text,true,,263,155,10,70,http://localhost:8080/search?q=beauty&author=Oscar%20Wilde,157,0,0
1782356378426,150,HTTP Request,200,OK,Author Query 5-10,text,true,,263,155,10,70,http://localhost:8080/search?q=beauty&author=Oscar%20Wilde,150,0,0
1782356378514,91,HTTP Request,200,OK,Author Query 5-6,text,true,,263,155,10,70,http://localhost:8080/search?q=beauty&author=Oscar%20Wilde,91,0,0
1782356378484,124,HTTP Request,200,OK,Author Query 5-4,text,true,,263,155,10,70,http://localhost:8080/search?q=beauty&author=Oscar%20Wilde,124,0,0
1782356378516,102,HTTP Request,200,OK,Author Query 5-8,text,true,,263,155,10,70,http://localhost:8080/search?q=beauty&author=Oscar%20Wilde,102,0,0
1782356378512,106,HTTP Request,200,OK,Author Query 5-3,text,true,,263,155,10,70,http://localhost:8080/search?q=beauty&author=Oscar%20Wilde,106,0,0
1782356378484,134,HTTP Request,200,OK,Author Query 5-9,text,true,,263,155,10,70,http://localhost:8080/search?q=beauty&author=Oscar%20Wilde,134,0,0
1782356378516,115,HTTP Request,200,OK,Author Query 5-7,text,true,,263,155,10,70,http://localhost:8080/search?q=beauty&author=Oscar%20Wilde,115,0,0
1782356378513,119,HTTP Request,200,OK,Author Query 5-1,text,true,,263,155,10,70,http://localhost:8080/search?q=beauty&author=Oscar%20Wilde,119,0,13
1782356378532,101,HTTP Request,200,OK,Author Query 5-5,text,true,,263,155,10,70,http://localhost:8080/search?q=beauty&author=Oscar%20Wilde,101,0,0
1782356378550,105,HTTP Request,200,OK,Author Query 5-2,text,true,,263,155,10,70,http://localhost:8080/search?q=beauty&author=Oscar%20Wilde,105,0,0
1782356378576,112,HTTP Request,200,OK,Author Query 5-10,text,true,,263,155,10,70,http://localhost:8080/search?q=beauty&author=Oscar%20Wilde,112,0,0
1782356378605,84,HTTP Request,200,OK,Author Query 5-6,text,true,,263,155,10,70,http://localhost:8080/search?q=beauty&author=Oscar%20Wilde,84,0,0
1782356378618,78,HTTP Request,200,OK,Author Query 5-9,text,true,,263,155,10,70,http://localhost:8080/search?q=beauty&author=Oscar%20Wilde,78,0,0
1782356378618,78,HTTP Request,200,OK,Author Query 5-8,text,true,,263,155,10,70,http://localhost:8080/search?q=beauty&author=Oscar%20Wilde,78,0,0
1782356378618,78,HTTP Request,200,OK,Author Query 5-3,text,true,,263,155,10,70,http://localhost:8080/search?q=beauty&author=Oscar%20Wilde,78,0,0
1782356378609,122,HTTP Request,200,OK,Author Query 5-4,text,true,,263,155,10,70,http://localhost:8080/search?q=beauty&author=Oscar%20Wilde,122,0,0
1782356378631,103,HTTP Request,200,OK,Author Query 5-7,text,true,,263,155,10,70,http://localhost:8080/search?q=beauty&author=Oscar%20Wilde,103,0,0
1782356378632,102,HTTP Request,200,OK,Author Query 5-1,text,true,,263,155,10,70,http://localhost:8080/search?q=beauty&author=Oscar%20Wilde,102,0,0
1782356378633,105,HTTP Request,200,OK,Author Query 5-5,text,true,,263,155,10,70,http://localhost:8080/search?q=beauty&author=Oscar%20Wilde,105,0,0
1782356378655,108,HTTP Request,200,OK,Author Query 5-2,text,true,,263,155,10,70,http://localhost:8080/search?q=beauty&author=Oscar%20Wilde,108,0,0
1782356378696,69,HTTP Request,200,OK,Author Query 5-9,text,true,,263,155,10,70,http://localhost:8080/search?q=beauty&author=Oscar%20Wilde,69,0,0
1782356378696,83,HTTP Request,200,OK,Author Query 5-3,text,true,,263,155,10,70,http://localhost:8080/search?q=beauty&author=Oscar%20Wilde,83,0,0
1782356378688,91,HTTP Request,200,OK,Author Query 5-10,text,true,,263,155,10,70,http://localhost:8080/search?q=beauty&author=Oscar%20Wilde,91,0,0
1782356378696,83,HTTP Request,200,OK,Author Query 5-8,text,true,,263,155,10,70,http://localhost:8080/search?q=beauty&author=Oscar%20Wilde,83,0,0
1782356378689,97,HTTP Request,200,OK,Author Query 5-6,text,true,,263,155,10,70,http://localhost:8080/search?q=beauty&author=Oscar%20Wilde,97,0,0
1782356378734,68,HTTP Request,200,OK,Author Query 5-7,text,true,,263,155,10,70,http://localhost:8080/search?q=beauty&author=Oscar%20Wilde,68,0,0
1782356378732,84,HTTP Request,200,OK,Author Query 5-4,text,true,,263,155,10,70,http://localhost:8080/search?q=beauty&author=Oscar%20Wilde,84,0,0
1782356378734,92,HTTP Request,200,OK,Author Query 5-1,text,true,,263,155,10,70,http://localhost:8080/search?q=beauty&author=Oscar%20Wilde,92,0,0
1782356378765,73,HTTP Request,200,OK,Author Query 5-9,text,true,,263,155,10,70,http://localhost:8080/search?q=beauty&author=Oscar%20Wilde,73,0,0
1782356378763,75,HTTP Request,200,OK,Author Query 5-2,text,true,,263,155,10,70,http://localhost:8080/search?q=beauty&author=Oscar%20Wilde,75,0,0
1782356378738,104,HTTP Request,200,OK,Author Query 5-5,text,true,,263,155,10,70,http://localhost:8080/search?q=beauty&author=Oscar%20Wilde,104,0,0
1782356378779,91,HTTP Request,200,OK,Author Query 5-10,text,true,,263,155,10,70,http://localhost:8080/search?q=beauty&author=Oscar%20Wilde,91,0,0
1782356378802,69,HTTP Request,200,OK,Author Query 5-7,text,true,,263,155,10,70,http://localhost:8080/search?q=beauty&author=Oscar%20Wilde,69,0,0
1782356378816,56,HTTP Request,200,OK,Author Query 5-4,text,true,,263,155,10,70,http://localhost:8080/search?q=beauty&author=Oscar%20Wilde,56,0,0
1782356378779,114,HTTP Request,200,OK,Author Query 5-3,text,true,,263,155,10,70,http://localhost:8080/search?q=beauty&author=Oscar%20Wilde,114,0,0
1782356378826,76,HTTP Request,200,OK,Author Query 5-1,text,true,,263,155,10,70,http://localhost:8080/search?q=beauty&author=Oscar%20Wilde,76,0,0
1782356378786,190,HTTP Request,200,OK,Author Query 5-6,text,true,,263,155,10,70,http://localhost:8080/search?q=beauty&author=Oscar%20Wilde,190,0,0
1782356378780,196,HTTP Request,200,OK,Author Query 5-8,text,true,,263,155,10,70,http://localhost:8080/search?q=beauty&author=Oscar%20Wilde,196,0,0
1782356378842,152,HTTP Request,200,OK,Author Query 5-5,text,true,,263,155,10,70,http://localhost:8080/search?q=beauty&author=Oscar%20Wilde,152,0,0
1782356378838,161,HTTP Request,200,OK,Author Query 5-9,text,true,,263,155,10,70,http://localhost:8080/search?q=beauty&author=Oscar%20Wilde,161,0,0
1782356378839,163,HTTP Request,200,OK,Author Query 5-2,text,true,,263,155,10,70,http://localhost:8080/search?q=beauty&author=Oscar%20Wilde,163,0,0
1782356378872,147,HTTP Request,200,OK,Author Query 5-7,text,true,,263,155,10,70,http://localhost:8080/search?q=beauty&author=Oscar%20Wilde,147,0,0
1782356378870,150,HTTP Request,200,OK,Author Query 5-10,text,true,,263,155,10,70,http://localhost:8080/search?q=beauty&author=Oscar%20Wilde,150,0,0
1782356378903,125,HTTP Request,200,OK,Author Query 5-1,text,true,,263,155,10,70,http://localhost:8080/search?q=beauty&author=Oscar%20Wilde,125,0,0
1782356378894,147,HTTP Request,200,OK,Author Query 5-3,text,true,,263,155,10,70,http://localhost:8080/search?q=beauty&author=Oscar%20Wilde,147,0,0
1782356378872,169,HTTP Request,200,OK,Author Query 5-4,text,true,,263,155,10,70,http://localhost:8080/search?q=beauty&author=Oscar%20Wilde,169,0,0
1782356378976,82,HTTP Request,200,OK,Author Query 5-6,text,true,,263,155,10,70,http://localhost:8080/search?q=beauty&author=Oscar%20Wilde,82,0,0
1782356378976,82,HTTP Request,200,OK,Author Query 5-8,text,true,,263,155,10,70,http://localhost:8080/search?q=beauty&author=Oscar%20Wilde,82,0,0
1782356378999,67,HTTP Request,200,OK,Author Query 5-9,text,true,,263,155,10,70,http://localhost:8080/search?q=beauty&author=Oscar%20Wilde,67,0,0
1782356378994,72,HTTP Request,200,OK,Author Query 5-5,text,true,,263,155,10,70,http://localhost:8080/search?q=beauty&author=Oscar%20Wilde,72,0,0
1782356379002,94,HTTP Request,200,OK,Author Query 5-2,text,true,,263,155,10,70,http://localhost:8080/search?q=beauty&author=Oscar%20Wilde,94,0,0
1782356379021,75,HTTP Request,200,OK,Author Query 5-10,text,true,,263,155,10,70,http://localhost:8080/search?q=beauty&author=Oscar%20Wilde,75,0,0
1782356379019,86,HTTP Request,200,OK,Author Query 5-7,text,true,,263,155,10,70,http://localhost:8080/search?q=beauty&author=Oscar%20Wilde,86,0,0
1782356379042,77,HTTP Request,200,OK,Author Query 5-4,text,true,,263,155,10,70,http://localhost:8080/search?q=beauty&author=Oscar%20Wilde,77,0,0
1782356379028,91,HTTP Request,200,OK,Author Query 5-1,text,true,,263,155,10,70,http://localhost:8080/search?q=beauty&author=Oscar%20Wilde,91,0,0
1782356379059,69,HTTP Request,200,OK,Author Query 5-6,text,true,,263,155,10,70,http://localhost:8080/search?q=beauty&author=Oscar%20Wilde,69,0,0
1782356379066,70,HTTP Request,200,OK,Author Query 5-9,text,true,,263,155,10,70,http://localhost:8080/search?q=beauty&author=Oscar%20Wilde,70,0,0
1782356379059,77,HTTP Request,200,OK,Author Query 5-8,text,true,,263,155,10,70,http://localhost:8080/search?q=beauty&author=Oscar%20Wilde,77,0,0
1782356379066,82,HTTP Request,200,OK,Author Query 5-5,text,true,,263,155,10,70,http://localhost:8080/search?q=beauty&author=Oscar%20Wilde,82,0,0
1782356379041,109,HTTP Request,200,OK,Author Query 5-3,text,true,,263,155,10,70,http://localhost:8080/search?q=beauty&author=Oscar%20Wilde,109,0,0
1782356379105,80,HTTP Request,200,OK,Author Query 5-7,text,true,,263,155,10,70,http://localhost:8080/search?q=beauty&author=Oscar%20Wilde,80,0,0
1782356379129,82,HTTP Request,200,OK,Author Query 5-6,text,true,,263,155,10,70,http://localhost:8080/search?q=beauty&author=Oscar%20Wilde,82,0,0
1782356379148,67,HTTP Request,200,OK,Author Query 5-5,text,true,,263,155,10,70,http://localhost:8080/search?q=beauty&author=Oscar%20Wilde,67,0,0
1782356379119,96,HTTP Request,200,OK,Author Query 5-4,text,true,,263,155,10,70,http://localhost:8080/search?q=beauty&author=Oscar%20Wilde,96,0,0
1782356379137,78,HTTP Request,200,OK,Author Query 5-9,text,true,,263,155,10,70,http://localhost:8080/search?q=beauty&author=Oscar%20Wilde,78,0,0
1782356379096,143,HTTP Request,200,OK,Author Query 5-10,text,true,,263,155,10,70,http://localhost:8080/search?q=beauty&author=Oscar%20Wilde,143,0,0
1782356379096,151,HTTP Request,200,OK,Author Query 5-2,text,true,,263,155,10,70,http://localhost:8080/search?q=beauty&author=Oscar%20Wilde,151,0,0
1782356379137,110,HTTP Request,200,OK,Author Query 5-8,text,true,,263,155,10,70,http://localhost:8080/search?q=beauty&author=Oscar%20Wilde,110,0,0
1782356379119,150,HTTP Request,200,OK,Author Query 5-1,text,true,,263,155,10,70,http://localhost:8080/search?q=beauty&author=Oscar%20Wilde,150,0,0
1782356379150,140,HTTP Request,200,OK,Author Query 5-3,text,true,,263,155,10,70,http://localhost:8080/search?q=beauty&author=Oscar%20Wilde,140,0,0
1782356379215,85,HTTP Request,200,OK,Author Query 5-4,text,true,,263,155,10,70,http://localhost:8080/search?q=beauty&author=Oscar%20Wilde,85,0,0
1782356379211,93,HTTP Request,200,OK,Author Query 5-6,text,true,,263,155,10,70,http://localhost:8080/search?q=beauty&author=Oscar%20Wilde,93,0,0
1782356379215,98,HTTP Request,200,OK,Author Query 5-5,text,true,,263,155,10,70,http://localhost:8080/search?q=beauty&author=Oscar%20Wilde,98,0,0
1782356379247,74,HTTP Request,200,OK,Author Query 5-2,text,true,,263,155,10,70,http://localhost:8080/search?q=beauty&author=Oscar%20Wilde,74,0,0
1782356379185,137,HTTP Request,200,OK,Author Query 5-7,text,true,,263,155,10,70,http://localhost:8080/search?q=beauty&author=Oscar%20Wilde,137,0,0
1782356379215,122,HTTP Request,200,OK,Author Query 5-9,text,true,,263,155,10,70,http://localhost:8080/search?q=beauty&author=Oscar%20Wilde,122,0,0
1782356379247,128,HTTP Request,200,OK,Author Query 5-8,text,true,,263,155,10,70,http://localhost:8080/search?q=beauty&author=Oscar%20Wilde,128,0,0
1782356379239,171,HTTP Request,200,OK,Author Query 5-10,text,true,,263,155,10,70,http://localhost:8080/search?q=beauty&author=Oscar%20Wilde,171,0,0
1782356379313,98,HTTP Request,200,OK,Author Query 5-5,text,true,,263,155,10,70,http://localhost:8080/search?q=beauty&author=Oscar%20Wilde,98,0,0
1782356379304,107,HTTP Request,200,OK,Author Query 5-6,text,true,,263,155,10,70,http://localhost:8080/search?q=beauty&author=Oscar%20Wilde,107,0,0
1782356379300,111,HTTP Request,200,OK,Author Query 5-4,text,true,,263,155,10,70,http://localhost:8080/search?q=beauty&author=Oscar%20Wilde,111,0,0
1782356379322,89,HTTP Request,200,OK,Author Query 5-7,text,true,,263,155,10,70,http://localhost:8080/search?q=beauty&author=Oscar%20Wilde,89,0,0
1782356379270,142,HTTP Request,200,OK,Author Query 5-1,text,true,,263,155,10,70,http://localhost:8080/search?q=beauty&author=Oscar%20Wilde,142,0,0
1782356379321,92,HTTP Request,200,OK,Author Query 5-2,text,true,,263,155,10,70,http://localhost:8080/search?q=beauty&author=Oscar%20Wilde,92,0,0
1782356379290,148,HTTP Request,200,OK,Author Query 5-3,text,true,,263,155,10,70,http://localhost:8080/search?q=beauty&author=Oscar%20Wilde,148,0,0
1782356379337,115,HTTP Request,200,OK,Author Query 5-9,text,true,,263,155,10,70,http://localhost:8080/search?q=beauty&author=Oscar%20Wilde,115,0,0
1782356379375,140,HTTP Request,200,OK,Author Query 5-8,text,true,,263,155,10,70,http://localhost:8080/search?q=beauty&author=Oscar%20Wilde,140,0,0
1782356379452,106,HTTP Request,200,OK,Author Query 5-9,text,true,,263,155,10,70,http://localhost:8080/search?q=beauty&author=Oscar%20Wilde,106,0,0
1782356379411,148,HTTP Request,200,OK,Author Query 5-5,text,true,,263,155,10,70,http://localhost:8080/search?q=beauty&author=Oscar%20Wilde,148,0,0
1782356379411,151,HTTP Request,200,OK,Author Query 5-6,text,true,,263,155,10,70,http://localhost:8080/search?q=beauty&author=Oscar%20Wilde,151,0,0
1782356379411,151,HTTP Request,200,OK,Author Query 5-4,text,true,,263,155,10,70,http://localhost:8080/search?q=beauty&author=Oscar%20Wilde,151,0,0
1782356379410,152,HTTP Request,200,OK,Author Query 5-10,text,true,,263,155,10,70,http://localhost:8080/search?q=beauty&author=Oscar%20Wilde,152,0,0
1782356379412,155,HTTP Request,200,OK,Author Query 5-1,text,true,,263,155,10,70,http://localhost:8080/search?q=beauty&author=Oscar%20Wilde,155,0,0
1782356379412,159,HTTP Request,200,OK,Author Query 5-7,text,true,,263,155,10,70,http://localhost:8080/search?q=beauty&author=Oscar%20Wilde,159,0,0
1782356379413,191,HTTP Request,200,OK,Author Query 5-2,text,true,,263,155,10,70,http://localhost:8080/search?q=beauty&author=Oscar%20Wilde,191,0,0
1782356379438,166,HTTP Request,200,OK,Author Query 5-3,text,true,,263,155,10,70,http://localhost:8080/search?q=beauty&author=Oscar%20Wilde,166,0,0
1782356379515,104,HTTP Request,200,OK,Author Query 5-8,text,true,,263,155,10,70,http://localhost:8080/search?q=beauty&author=Oscar%20Wilde,104,0,0
1782356379562,78,HTTP Request,200,OK,Author Query 5-10,text,true,,263,155,10,70,http://localhost:8080/search?q=beauty&author=Oscar%20Wilde,78,0,0
1782356379562,86,HTTP Request,200,OK,Author Query 5-6,text,true,,263,155,10,70,http://localhost:8080/search?q=beauty&author=Oscar%20Wilde,86,0,0
1782356379562,90,HTTP Request,200,OK,Author Query 5-4,text,true,,263,155,10,70,http://localhost:8080/search?q=beauty&author=Oscar%20Wilde,90,0,0
1782356379559,96,HTTP Request,200,OK,Author Query 5-5,text,true,,263,155,10,70,http://localhost:8080/search?q=beauty&author=Oscar%20Wilde,96,0,0
1782356379567,91,HTTP Request,200,OK,Author Query 5-1,text,true,,263,155,10,70,http://localhost:8080/search?q=beauty&author=Oscar%20Wilde,91,0,0
1782356379558,101,HTTP Request,200,OK,Author Query 5-9,text,true,,263,155,10,70,http://localhost:8080/search?q=beauty&author=Oscar%20Wilde,101,0,0
1782356379604,111,HTTP Request,200,OK,Author Query 5-3,text,true,,263,155,10,70,http://localhost:8080/search?q=beauty&author=Oscar%20Wilde,111,0,0
1782356379604,115,HTTP Request,200,OK,Author Query 5-2,text,true,,263,155,10,70,http://localhost:8080/search?q=beauty&author=Oscar%20Wilde,115,0,1
1782356379571,159,HTTP Request,200,OK,Author Query 5-7,text,true,,263,155,10,70,http://localhost:8080/search?q=beauty&author=Oscar%20Wilde,159,0,0
1782356379640,104,HTTP Request,200,OK,Author Query 5-10,text,true,,263,155,10,70,http://localhost:8080/search?q=beauty&author=Oscar%20Wilde,104,0,0
1782356379655,93,HTTP Request,200,OK,Author Query 5-5,text,true,,263,155,10,70,http://localhost:8080/search?q=beauty&author=Oscar%20Wilde,93,0,0
1782356379659,89,HTTP Request,200,OK,Author Query 5-1,text,true,,263,155,10,70,http://localhost:8080/search?q=beauty&author=Oscar%20Wilde,89,0,0
1782356379659,89,HTTP Request,200,OK,Author Query 5-9,text,true,,263,155,10,70,http://localhost:8080/search?q=beauty&author=Oscar%20Wilde,89,0,0
1782356379648,100,HTTP Request,200,OK,Author Query 5-6,text,true,,263,155,10,70,http://localhost:8080/search?q=beauty&author=Oscar%20Wilde,100,0,0
1782356379652,97,HTTP Request,200,OK,Author Query 5-4,text,true,,263,155,10,70,http://localhost:8080/search?q=beauty&author=Oscar%20Wilde,97,0,0
1782356379619,153,HTTP Request,200,OK,Author Query 5-8,text,true,,263,155,10,70,http://localhost:8080/search?q=beauty&author=Oscar%20Wilde,153,0,0
1782356379719,86,HTTP Request,200,OK,Author Query 5-2,text,true,,263,155,10,70,http://localhost:8080/search?q=beauty&author=Oscar%20Wilde,86,0,0
1782356379730,94,HTTP Request,200,OK,Author Query 5-7,text,true,,263,155,10,70,http://localhost:8080/search?q=beauty&author=Oscar%20Wilde,94,0,0
1782356379715,125,HTTP Request,200,OK,Author Query 5-3,text,true,,263,155,10,70,http://localhost:8080/search?q=beauty&author=Oscar%20Wilde,125,0,0
1782356379748,103,HTTP Request,200,OK,Author Query 5-6,text,true,,263,155,10,70,http://localhost:8080/search?q=beauty&author=Oscar%20Wilde,103,0,0
1782356379744,108,HTTP Request,200,OK,Author Query 5-10,text,true,,263,155,10,70,http://localhost:8080/search?q=beauty&author=Oscar%20Wilde,108,0,0
1782356379750,102,HTTP Request,200,OK,Author Query 5-4,text,true,,263,155,10,70,http://localhost:8080/search?q=beauty&author=Oscar%20Wilde,102,0,0
1782356379748,104,HTTP Request,200,OK,Author Query 5-9,text,true,,263,155,10,70,http://localhost:8080/search?q=beauty&author=Oscar%20Wilde,104,0,0
1782356379748,104,HTTP Request,200,OK,Author Query 5-5,text,true,,263,155,10,70,http://localhost:8080/search?q=beauty&author=Oscar%20Wilde,104,0,0
1782356379748,105,HTTP Request,200,OK,Author Query 5-1,text,true,,263,155,10,70,http://localhost:8080/search?q=beauty&author=Oscar%20Wilde,105,0,0
1782356379772,100,HTTP Request,200,OK,Author Query 5-8,text,true,,263,155,10,70,http://localhost:8080/search?q=beauty&author=Oscar%20Wilde,100,0,0
1782356379840,53,HTTP Request,200,OK,Author Query 5-3,text,true,,263,155,10,70,http://localhost:8080/search?q=beauty&author=Oscar%20Wilde,53,0,0
1782356379806,92,HTTP Request,200,OK,Author Query 5-2,text,true,,263,155,10,70,http://localhost:8080/search?q=beauty&author=Oscar%20Wilde,92,0,0
1782356379852,65,HTTP Request,200,OK,Author Query 5-4,text,true,,263,155,10,70,http://localhost:8080/search?q=beauty&author=Oscar%20Wilde,65,0,0
1782356379851,67,HTTP Request,200,OK,Author Query 5-6,text,true,,263,155,10,70,http://localhost:8080/search?q=beauty&author=Oscar%20Wilde,67,0,0
1782356379852,89,HTTP Request,200,OK,Author Query 5-9,text,true,,263,155,10,70,http://localhost:8080/search?q=beauty&author=Oscar%20Wilde,89,0,0
1782356379853,89,HTTP Request,200,OK,Author Query 5-1,text,true,,263,155,10,70,http://localhost:8080/search?q=beauty&author=Oscar%20Wilde,89,0,0
1782356379852,99,HTTP Request,200,OK,Author Query 5-5,text,true,,263,155,10,70,http://localhost:8080/search?q=beauty&author=Oscar%20Wilde,99,0,0
1782356379873,79,HTTP Request,200,OK,Author Query 5-8,text,true,,263,155,10,70,http://localhost:8080/search?q=beauty&author=Oscar%20Wilde,79,0,0
1782356379852,101,HTTP Request,200,OK,Author Query 5-10,text,true,,263,155,10,70,http://localhost:8080/search?q=beauty&author=Oscar%20Wilde,101,0,0
1782356379824,130,HTTP Request,200,OK,Author Query 5-7,text,true,,263,155,10,70,http://localhost:8080/search?q=beauty&author=Oscar%20Wilde,130,0,0
1782356379898,152,HTTP Request,200,OK,Author Query 5-2,text,true,,263,155,10,70,http://localhost:8080/search?q=beauty&author=Oscar%20Wilde,152,0,0
1782356379893,164,HTTP Request,200,OK,Author Query 5-3,text,true,,263,155,10,70,http://localhost:8080/search?q=beauty&author=Oscar%20Wilde,164,0,0
1782356379917,144,HTTP Request,200,OK,Author Query 5-4,text,true,,263,155,10,70,http://localhost:8080/search?q=beauty&author=Oscar%20Wilde,144,0,0
1782356379918,146,HTTP Request,200,OK,Author Query 5-6,text,true,,263,155,10,70,http://localhost:8080/search?q=beauty&author=Oscar%20Wilde,146,0,0
1782356379941,123,HTTP Request,200,OK,Author Query 5-9,text,true,,263,155,10,70,http://localhost:8080/search?q=beauty&author=Oscar%20Wilde,123,0,0
1782356379942,130,HTTP Request,200,OK,Author Query 5-1,text,true,,263,155,10,70,http://localhost:8080/search?q=beauty&author=Oscar%20Wilde,130,0,0
1782356379951,132,HTTP Request,200,OK,Author Query 5-5,text,true,,263,155,10,70,http://localhost:8080/search?q=beauty&author=Oscar%20Wilde,132,0,0
1782356379954,133,HTTP Request,200,OK,Author Query 5-7,text,true,,263,155,10,70,http://localhost:8080/search?q=beauty&author=Oscar%20Wilde,133,0,0
1782356379952,136,HTTP Request,200,OK,Author Query 5-8,text,true,,263,155,10,70,http://localhost:8080/search?q=beauty&author=Oscar%20Wilde,136,0,0
1782356379953,142,HTTP Request,200,OK,Author Query 5-10,text,true,,263,155,10,70,http://localhost:8080/search?q=beauty&author=Oscar%20Wilde,142,0,0
1782356380057,79,HTTP Request,200,OK,Author Query 5-3,text,true,,263,155,10,70,http://localhost:8080/search?q=beauty&author=Oscar%20Wilde,79,0,0
1782356380062,74,HTTP Request,200,OK,Author Query 5-4,text,true,,263,155,10,70,http://localhost:8080/search?q=beauty&author=Oscar%20Wilde,74,0,0
1782356380064,72,HTTP Request,200,OK,Author Query 5-9,text,true,,263,155,10,70,http://localhost:8080/search?q=beauty&author=Oscar%20Wilde,72,0,0
1782356380064,72,HTTP Request,200,OK,Author Query 5-6,text,true,,263,155,10,70,http://localhost:8080/search?q=beauty&author=Oscar%20Wilde,72,0,0
1782356380051,100,HTTP Request,200,OK,Author Query 5-2,text,true,,263,155,10,70,http://localhost:8080/search?q=beauty&author=Oscar%20Wilde,100,0,0
1782356380083,81,HTTP Request,200,OK,Author Query 5-5,text,true,,263,155,10,70,http://localhost:8080/search?q=beauty&author=Oscar%20Wilde,81,0,0
1782356380072,93,HTTP Request,200,OK,Author Query 5-1,text,true,,263,155,10,70,http://localhost:8080/search?q=beauty&author=Oscar%20Wilde,93,0,0
1782356380087,116,HTTP Request,200,OK,Author Query 5-7,text,true,,263,155,10,70,http://localhost:8080/search?q=beauty&author=Oscar%20Wilde,116,0,0
1782356380095,113,HTTP Request,200,OK,Author Query 5-10,text,true,,263,155,10,70,http://localhost:8080/search?q=beauty&author=Oscar%20Wilde,113,0,0
1782356380088,121,HTTP Request,200,OK,Author Query 5-8,text,true,,263,155,10,70,http://localhost:8080/search?q=beauty&author=Oscar%20Wilde,121,0,0
1782356380136,90,HTTP Request,200,OK,Author Query 5-4,text,true,,263,155,10,70,http://localhost:8080/search?q=beauty&author=Oscar%20Wilde,90,0,0
1782356380137,89,HTTP Request,200,OK,Author Query 5-6,text,true,,263,155,10,70,http://localhost:8080/search?q=beauty&author=Oscar%20Wilde,89,0,0
1782356380136,91,HTTP Request,200,OK,Author Query 5-3,text,true,,263,155,10,70,http://localhost:8080/search?q=beauty&author=Oscar%20Wilde,91,0,0
1782356380136,94,HTTP Request,200,OK,Author Query 5-9,text,true,,263,155,10,70,http://localhost:8080/search?q=beauty&author=Oscar%20Wilde,94,0,0
1782356380165,75,HTTP Request,200,OK,Author Query 5-1,text,true,,263,155,10,70,http://localhost:8080/search?q=beauty&author=Oscar%20Wilde,75,0,0
1782356380166,74,HTTP Request,200,OK,Author Query 5-5,text,true,,263,155,10,70,http://localhost:8080/search?q=beauty&author=Oscar%20Wilde,74,0,0
1782356380152,97,HTTP Request,200,OK,Author Query 5-2,text,true,,263,155,10,70,http://localhost:8080/search?q=beauty&author=Oscar%20Wilde,97,0,0
1782356380203,70,HTTP Request,200,OK,Author Query 5-7,text,true,,263,155,10,70,http://localhost:8080/search?q=beauty&author=Oscar%20Wilde,70,0,0
1782356380226,105,HTTP Request,200,OK,Author Query 5-4,text,true,,263,155,10,70,http://localhost:8080/search?q=beauty&author=Oscar%20Wilde,105,0,0
1782356380227,106,HTTP Request,200,OK,Author Query 5-6,text,true,,263,155,10,70,http://localhost:8080/search?q=beauty&author=Oscar%20Wilde,106,0,0
1782356380227,111,HTTP Request,200,OK,Author Query 5-3,text,true,,263,155,10,70,http://localhost:8080/search?q=beauty&author=Oscar%20Wilde,111,0,0
1782356380241,97,HTTP Request,200,OK,Author Query 5-1,text,true,,263,155,10,70,http://localhost:8080/search?q=beauty&author=Oscar%20Wilde,97,0,0
1782356380230,114,HTTP Request,200,OK,Author Query 5-9,text,true,,263,155,10,70,http://localhost:8080/search?q=beauty&author=Oscar%20Wilde,114,0,0
1782356380209,144,HTTP Request,200,OK,Author Query 5-8,text,true,,263,155,10,70,http://localhost:8080/search?q=beauty&author=Oscar%20Wilde,144,0,0
1782356380208,151,HTTP Request,200,OK,Author Query 5-10,text,true,,263,155,10,70,http://localhost:8080/search?q=beauty&author=Oscar%20Wilde,151,0,0
1782356380250,119,HTTP Request,200,OK,Author Query 5-2,text,true,,263,155,10,70,http://localhost:8080/search?q=beauty&author=Oscar%20Wilde,119,0,0
1782356380273,102,HTTP Request,200,OK,Author Query 5-7,text,true,,263,155,10,70,http://localhost:8080/search?q=beauty&author=Oscar%20Wilde,102,0,0
1782356380241,134,HTTP Request,200,OK,Author Query 5-5,text,true,,263,155,10,70,http://localhost:8080/search?q=beauty&author=Oscar%20Wilde,134,0,0
1782356380332,68,HTTP Request,200,OK,Author Query 5-4,text,true,,263,155,10,70,http://localhost:8080/search?q=beauty&author=Oscar%20Wilde,68,0,0
1782356380333,80,HTTP Request,200,OK,Author Query 5-6,text,true,,263,155,10,70,http://localhost:8080/search?q=beauty&author=Oscar%20Wilde,80,0,0
1782356380338,86,HTTP Request,200,OK,Author Query 5-1,text,true,,263,155,10,70,http://localhost:8080/search?q=beauty&author=Oscar%20Wilde,86,0,0
1782356380338,86,HTTP Request,200,OK,Author Query 5-3,text,true,,263,155,10,70,http://localhost:8080/search?q=beauty&author=Oscar%20Wilde,86,0,0
1782356380344,110,HTTP Request,200,OK,Author Query 5-9,text,true,,263,155,10,70,http://localhost:8080/search?q=beauty&author=Oscar%20Wilde,110,0,0
1782356380369,85,HTTP Request,200,OK,Author Query 5-2,text,true,,263,155,10,70,http://localhost:8080/search?q=beauty&author=Oscar%20Wilde,85,0,0
1782356380375,81,HTTP Request,200,OK,Author Query 5-7,text,true,,263,155,10,70,http://localhost:8080/search?q=beauty&author=Oscar%20Wilde,81,0,0
1782356380353,106,HTTP Request,200,OK,Author Query 5-8,text,true,,263,155,10,70,http://localhost:8080/search?q=beauty&author=Oscar%20Wilde,106,0,0
1782356380359,101,HTTP Request,200,OK,Author Query 5-10,text,true,,263,155,10,70,http://localhost:8080/search?q=beauty&author=Oscar%20Wilde,101,0,0
1782356380375,85,HTTP Request,200,OK,Author Query 5-5,text,true,,263,155,10,70,http://localhost:8080/search?q=beauty&author=Oscar%20Wilde,85,0,0
1782356380400,172,HTTP Request,200,OK,Author Query 5-4,text,true,,263,155,10,70,http://localhost:8080/search?q=beauty&author=Oscar%20Wilde,172,0,0
1782356380424,158,HTTP Request,200,OK,Author Query 5-1,text,true,,263,155,10,70,http://localhost:8080/search?q=beauty&author=Oscar%20Wilde,158,0,0
1782356380425,160,HTTP Request,200,OK,Author Query 5-3,text,true,,263,155,10,70,http://localhost:8080/search?q=beauty&author=Oscar%20Wilde,160,0,0
1782356380456,145,HTTP Request,200,OK,Author Query 5-7,text,true,,263,155,10,70,http://localhost:8080/search?q=beauty&author=Oscar%20Wilde,145,0,0
1782356380413,189,HTTP Request,200,OK,Author Query 5-6,text,true,,263,155,10,70,http://localhost:8080/search?q=beauty&author=Oscar%20Wilde,189,0,0
1782356380454,148,HTTP Request,200,OK,Author Query 5-9,text,true,,263,155,10,70,http://localhost:8080/search?q=beauty&author=Oscar%20Wilde,148,0,0
1782356380459,144,HTTP Request,200,OK,Author Query 5-8,text,true,,263,155,10,70,http://localhost:8080/search?q=beauty&author=Oscar%20Wilde,144,0,0
1782356380454,161,HTTP Request,200,OK,Author Query 5-2,text,true,,263,155,10,70,http://localhost:8080/search?q=beauty&author=Oscar%20Wilde,161,0,0
1782356380461,167,HTTP Request,200,OK,Author Query 5-5,text,true,,263,155,10,70,http://localhost:8080/search?q=beauty&author=Oscar%20Wilde,167,0,0
1782356380460,174,HTTP Request,200,OK,Author Query 5-10,text,true,,263,155,10,70,http://localhost:8080/search?q=beauty&author=Oscar%20Wilde,174,0,0
1782356380582,70,HTTP Request,200,OK,Author Query 5-1,text,true,,263,155,10,70,http://localhost:8080/search?q=beauty&author=Oscar%20Wilde,70,0,0
1782356380572,96,HTTP Request,200,OK,Author Query 5-4,text,true,,263,155,10,70,http://localhost:8080/search?q=beauty&author=Oscar%20Wilde,96,0,0
1782356380601,89,HTTP Request,200,OK,Author Query 5-7,text,true,,263,155,10,70,http://localhost:8080/search?q=beauty&author=Oscar%20Wilde,89,0,0
1782356380585,109,HTTP Request,200,OK,Author Query 5-3,text,true,,263,155,10,70,http://localhost:8080/search?q=beauty&author=Oscar%20Wilde,109,0,1
1782356380602,101,HTTP Request,200,OK,Author Query 5-9,text,true,,263,155,10,70,http://localhost:8080/search?q=beauty&author=Oscar%20Wilde,101,0,0
1782356380603,100,HTTP Request,200,OK,Author Query 5-8,text,true,,263,155,10,70,http://localhost:8080/search?q=beauty&author=Oscar%20Wilde,100,0,0
1782356380602,112,HTTP Request,200,OK,Author Query 5-6,text,true,,263,155,10,70,http://localhost:8080/search?q=beauty&author=Oscar%20Wilde,112,0,0
1782356380615,106,HTTP Request,200,OK,Author Query 5-2,text,true,,263,155,10,70,http://localhost:8080/search?q=beauty&author=Oscar%20Wilde,106,0,0
1782356380628,122,HTTP Request,200,OK,Author Query 5-5,text,true,,263,155,10,70,http://localhost:8080/search?q=beauty&author=Oscar%20Wilde,122,0,0
1782356380634,117,HTTP Request,200,OK,Author Query 5-10,text,true,,263,155,10,70,http://localhost:8080/search?q=beauty&author=Oscar%20Wilde,117,0,0
1782356380669,87,HTTP Request,200,OK,Author Query 5-4,text,true,,263,155,10,70,http://localhost:8080/search?q=beauty&author=Oscar%20Wilde,87,0,0
1782356380653,117,HTTP Request,200,OK,Author Query 5-1,text,true,,263,155,10,70,http://localhost:8080/search?q=beauty&author=Oscar%20Wilde,117,0,0
1782356380694,78,HTTP Request,200,OK,Author Query 5-3,text,true,,263,155,10,70,http://localhost:8080/search?q=beauty&author=Oscar%20Wilde,78,0,0
1782356380690,82,HTTP Request,200,OK,Author Query 5-7,text,true,,263,155,10,70,http://localhost:8080/search?q=beauty&author=Oscar%20Wilde,82,0,0
1782356380703,97,HTTP Request,200,OK,Author Query 5-8,text,true,,263,155,10,70,http://localhost:8080/search?q=beauty&author=Oscar%20Wilde,97,0,0
1782356380703,128,HTTP Request,200,OK,Author Query 5-9,text,true,,263,155,10,70,http://localhost:8080/search?q=beauty&author=Oscar%20Wilde,128,0,0
1782356380714,117,HTTP Request,200,OK,Author Query 5-6,text,true,,263,155,10,70,http://localhost:8080/search?q=beauty&author=Oscar%20Wilde,117,0,0
1782356380722,111,HTTP Request,200,OK,Author Query 5-2,text,true,,263,155,10,70,http://localhost:8080/search?q=beauty&author=Oscar%20Wilde,111,0,0
1782356380757,77,HTTP Request,200,OK,Author Query 5-4,text,true,,263,155,10,70,http://localhost:8080/search?q=beauty&author=Oscar%20Wilde,77,0,0
1782356380770,74,HTTP Request,200,OK,Author Query 5-1,text,true,,263,155,10,70,http://localhost:8080/search?q=beauty&author=Oscar%20Wilde,74,0,0
1782356380772,92,HTTP Request,200,OK,Author Query 5-3,text,true,,263,155,10,70,http://localhost:8080/search?q=beauty&author=Oscar%20Wilde,92,0,0
1782356380772,93,HTTP Request,200,OK,Author Query 5-7,text,true,,263,155,10,70,http://localhost:8080/search?q=beauty&author=Oscar%20Wilde,93,0,0
1782356380751,129,HTTP Request,200,OK,Author Query 5-10,text,true,,263,155,10,70,http://localhost:8080/search?q=beauty&author=Oscar%20Wilde,129,0,0
1782356380750,131,HTTP Request,200,OK,Author Query 5-5,text,true,,263,155,10,70,http://localhost:8080/search?q=beauty&author=Oscar%20Wilde,131,0,0
1782356380833,93,HTTP Request,200,OK,Author Query 5-2,text,true,,263,155,10,70,http://localhost:8080/search?q=beauty&author=Oscar%20Wilde,93,0,0
1782356380845,81,HTTP Request,200,OK,Author Query 5-1,text,true,,263,155,10,70,http://localhost:8080/search?q=beauty&author=Oscar%20Wilde,81,0,0
1782356380800,128,HTTP Request,200,OK,Author Query 5-8,text,true,,263,155,10,70,http://localhost:8080/search?q=beauty&author=Oscar%20Wilde,128,0,0
1782356380831,139,HTTP Request,200,OK,Author Query 5-9,text,true,,263,155,10,70,http://localhost:8080/search?q=beauty&author=Oscar%20Wilde,139,0,0
1782356380865,108,HTTP Request,200,OK,Author Query 5-7,text,true,,263,155,10,70,http://localhost:8080/search?q=beauty&author=Oscar%20Wilde,108,0,0
1782356380831,167,HTTP Request,200,OK,Author Query 5-6,text,true,,263,155,10,70,http://localhost:8080/search?q=beauty&author=Oscar%20Wilde,167,0,0
1782356380834,164,HTTP Request,200,OK,Author Query 5-4,text,true,,263,155,10,70,http://localhost:8080/search?q=beauty&author=Oscar%20Wilde,164,0,0
1782356380926,79,HTTP Request,200,OK,Author Query 5-2,text,true,,263,155,10,70,http://localhost:8080/search?q=beauty&author=Oscar%20Wilde,79,0,0
1782356380926,79,HTTP Request,200,OK,Author Query 5-1,text,true,,263,155,10,70,http://localhost:8080/search?q=beauty&author=Oscar%20Wilde,79,0,0
1782356380881,133,HTTP Request,200,OK,Author Query 5-10,text,true,,263,155,10,70,http://localhost:8080/search?q=beauty&author=Oscar%20Wilde,133,0,0
1782356380864,158,HTTP Request,200,OK,Author Query 5-3,text,true,,263,155,10,70,http://localhost:8080/search?q=beauty&author=Oscar%20Wilde,158,0,0
1782356380928,94,HTTP Request,200,OK,Author Query 5-8,text,true,,263,155,10,70,http://localhost:8080/search?q=beauty&author=Oscar%20Wilde,94,0,0
1782356380881,142,HTTP Request,200,OK,Author Query 5-5,text,true,,263,155,10,70,http://localhost:8080/search?q=beauty&author=Oscar%20Wilde,142,0,0
1782356380998,157,HTTP Request,200,OK,Author Query 5-6,text,true,,263,155,10,70,http://localhost:8080/search?q=beauty&author=Oscar%20Wilde,157,0,0
1782356381005,151,HTTP Request,200,OK,Author Query 5-1,text,true,,263,155,10,70,http://localhost:8080/search?q=beauty&author=Oscar%20Wilde,151,0,0
1782356381005,176,HTTP Request,200,OK,Author Query 5-2,text,true,,263,155,10,70,http://localhost:8080/search?q=beauty&author=Oscar%20Wilde,176,0,0
1782356381015,166,HTTP Request,200,OK,Author Query 5-10,text,true,,263,155,10,70,http://localhost:8080/search?q=beauty&author=Oscar%20Wilde,166,0,0
1782356380973,210,HTTP Request,200,OK,Author Query 5-7,text,true,,263,155,10,70,http://localhost:8080/search?q=beauty&author=Oscar%20Wilde,210,0,0
1782356381023,172,HTTP Request,200,OK,Author Query 5-3,text,true,,263,155,10,70,http://localhost:8080/search?q=beauty&author=Oscar%20Wilde,172,0,0
1782356381023,172,HTTP Request,200,OK,Author Query 5-5,text,true,,263,155,10,70,http://localhost:8080/search?q=beauty&author=Oscar%20Wilde,172,0,0
1782356380970,227,HTTP Request,200,OK,Author Query 5-9,text,true,,263,155,10,70,http://localhost:8080/search?q=beauty&author=Oscar%20Wilde,227,0,0
1782356381023,176,HTTP Request,200,OK,Author Query 5-8,text,true,,263,155,10,70,http://localhost:8080/search?q=beauty&author=Oscar%20Wilde,176,0,0
1782356380998,212,HTTP Request,200,OK,Author Query 5-4,text,true,,263,155,10,70,http://localhost:8080/search?q=beauty&author=Oscar%20Wilde,211,0,0
1782356381157,94,HTTP Request,200,OK,Author Query 5-1,text,true,,263,155,10,70,http://localhost:8080/search?q=beauty&author=Oscar%20Wilde,94,0,0
1782356381155,113,HTTP Request,200,OK,Author Query 5-6,text,true,,263,155,10,70,http://localhost:8080/search?q=beauty&author=Oscar%20Wilde,113,0,0
1782356381195,100,HTTP Request,200,OK,Author Query 5-3,text,true,,263,155,10,70,http://localhost:8080/search?q=beauty&author=Oscar%20Wilde,100,0,0
1782356381183,115,HTTP Request,200,OK,Author Query 5-7,text,true,,263,155,10,70,http://localhost:8080/search?q=beauty&author=Oscar%20Wilde,115,0,0
1782356381182,126,HTTP Request,200,OK,Author Query 5-2,text,true,,263,155,10,70,http://localhost:8080/search?q=beauty&author=Oscar%20Wilde,126,0,0
1782356381182,127,HTTP Request,200,OK,Author Query 5-10,text,true,,263,155,10,70,http://localhost:8080/search?q=beauty&author=Oscar%20Wilde,127,0,0
1782356381210,101,HTTP Request,200,OK,Author Query 5-4,text,true,,263,155,10,70,http://localhost:8080/search?q=beauty&author=Oscar%20Wilde,101,0,0
1782356381199,112,HTTP Request,200,OK,Author Query 5-8,text,true,,263,155,10,70,http://localhost:8080/search?q=beauty&author=Oscar%20Wilde,112,0,0
1782356381197,119,HTTP Request,200,OK,Author Query 5-9,text,true,,263,155,10,70,http://localhost:8080/search?q=beauty&author=Oscar%20Wilde,119,0,0
1782356381251,108,HTTP Request,200,OK,Author Query 5-1,text,true,,263,155,10,70,http://localhost:8080/search?q=beauty&author=Oscar%20Wilde,108,0,0
1782356381196,178,HTTP Request,200,OK,Author Query 5-5,text,true,,263,155,10,70,http://localhost:8080/search?q=beauty&author=Oscar%20Wilde,178,0,0
1782356381298,111,HTTP Request,200,OK,Author Query 5-7,text,true,,263,155,10,70,http://localhost:8080/search?q=beauty&author=Oscar%20Wilde,111,0,0
1782356381295,115,HTTP Request,200,OK,Author Query 5-3,text,true,,263,155,10,70,http://localhost:8080/search?q=beauty&author=Oscar%20Wilde,115,0,0
1782356381311,113,HTTP Request,200,OK,Author Query 5-4,text,true,,263,155,10,70,http://localhost:8080/search?q=beauty&author=Oscar%20Wilde,113,0,0
1782356381308,116,HTTP Request,200,OK,Author Query 5-2,text,true,,263,155,10,70,http://localhost:8080/search?q=beauty&author=Oscar%20Wilde,116,0,0
1782356381309,121,HTTP Request,200,OK,Author Query 5-10,text,true,,263,155,10,70,http://localhost:8080/search?q=beauty&author=Oscar%20Wilde,121,0,0
1782356381311,120,HTTP Request,200,OK,Author Query 5-8,text,true,,263,155,10,70,http://localhost:8080/search?q=beauty&author=Oscar%20Wilde,120,0,0
1782356381268,165,HTTP Request,200,OK,Author Query 5-6,text,true,,263,155,10,70,http://localhost:8080/search?q=beauty&author=Oscar%20Wilde,165,0,0
1782356381317,125,HTTP Request,200,OK,Author Query 5-9,text,true,,263,155,10,70,http://localhost:8080/search?q=beauty&author=Oscar%20Wilde,125,0,0
1782356381431,88,HTTP Request,200,OK,Author Query 5-8,text,true,,263,155,10,70,http://localhost:8080/search?q=beauty&author=Oscar%20Wilde,88,0,0
1782356381409,110,HTTP Request,200,OK,Author Query 5-7,text,true,,263,155,10,70,http://localhost:8080/search?q=beauty&author=Oscar%20Wilde,110,0,0
1782356381411,108,HTTP Request,200,OK,Author Query 5-3,text,true,,263,155,10,70,http://localhost:8080/search?q=beauty&author=Oscar%20Wilde,108,0,0
1782356381424,95,HTTP Request,200,OK,Author Query 5-4,text,true,,263,155,10,70,http://localhost:8080/search?q=beauty&author=Oscar%20Wilde,95,0,0
1782356381430,103,HTTP Request,200,OK,Author Query 5-10,text,true,,263,155,10,70,http://localhost:8080/search?q=beauty&author=Oscar%20Wilde,103,0,0
1782356381375,160,HTTP Request,200,OK,Author Query 5-5,text,true,,263,155,10,70,http://localhost:8080/search?q=beauty&author=Oscar%20Wilde,160,0,0
1782356381424,124,HTTP Request,200,OK,Author Query 5-2,text,true,,263,155,10,70,http://localhost:8080/search?q=beauty&author=Oscar%20Wilde,124,0,0
1782356381359,228,HTTP Request,200,OK,Author Query 5-1,text,true,,263,155,10,70,http://localhost:8080/search?q=beauty&author=Oscar%20Wilde,228,0,0
1782356381433,210,HTTP Request,200,OK,Author Query 5-6,text,true,,263,155,10,70,http://localhost:8080/search?q=beauty&author=Oscar%20Wilde,210,0,0
1782356381443,203,HTTP Request,200,OK,Author Query 5-9,text,true,,263,155,10,70,http://localhost:8080/search?q=beauty&author=Oscar%20Wilde,203,0,0
1782356381535,138,HTTP Request,200,OK,Author Query 5-5,text,true,,263,155,10,70,http://localhost:8080/search?q=beauty&author=Oscar%20Wilde,138,0,0
1782356381519,155,HTTP Request,200,OK,Author Query 5-7,text,true,,263,155,10,70,http://localhost:8080/search?q=beauty&author=Oscar%20Wilde,155,0,0
1782356381534,141,HTTP Request,200,OK,Author Query 5-10,text,true,,263,155,10,70,http://localhost:8080/search?q=beauty&author=Oscar%20Wilde,141,0,0
1782356381548,128,HTTP Request,200,OK,Author Query 5-2,text,true,,263,155,10,70,http://localhost:8080/search?q=beauty&author=Oscar%20Wilde,128,0,0
1782356381519,157,HTTP Request,200,OK,Author Query 5-8,text,true,,263,155,10,70,http://localhost:8080/search?q=beauty&author=Oscar%20Wilde,157,0,0
1782356381519,181,HTTP Request,200,OK,Author Query 5-3,text,true,,263,155,10,70,http://localhost:8080/search?q=beauty&author=Oscar%20Wilde,181,0,0
1782356381520,184,HTTP Request,200,OK,Author Query 5-4,text,true,,263,155,10,70,http://localhost:8080/search?q=beauty&author=Oscar%20Wilde,184,0,1
1782356381644,88,HTTP Request,200,OK,Author Query 5-6,text,true,,263,155,10,70,http://localhost:8080/search?q=beauty&author=Oscar%20Wilde,88,0,0
1782356381587,146,HTTP Request,200,OK,Author Query 5-1,text,true,,263,155,10,70,http://localhost:8080/search?q=beauty&author=Oscar%20Wilde,146,0,0
1782356381647,119,HTTP Request,200,OK,Author Query 5-9,text,true,,263,155,10,70,http://localhost:8080/search?q=beauty&author=Oscar%20Wilde,119,0,0
1782356381676,97,HTTP Request,200,OK,Author Query 5-10,text,true,,263,155,10,70,http://localhost:8080/search?q=beauty&author=Oscar%20Wilde,97,0,0
1782356381674,103,HTTP Request,200,OK,Author Query 5-7,text,true,,263,155,10,70,http://localhost:8080/search?q=beauty&author=Oscar%20Wilde,103,0,0
1782356381673,114,HTTP Request,200,OK,Author Query 5-5,text,true,,263,155,10,70,http://localhost:8080/search?q=beauty&author=Oscar%20Wilde,114,0,0
1782356381676,121,HTTP Request,200,OK,Author Query 5-2,text,true,,263,155,10,70,http://localhost:8080/search?q=beauty&author=Oscar%20Wilde,121,0,0
1782356381677,123,HTTP Request,200,OK,Author Query 5-8,text,true,,263,155,10,70,http://localhost:8080/search?q=beauty&author=Oscar%20Wilde,123,0,0
1782356381700,130,HTTP Request,200,OK,Author Query 5-3,text,true,,263,155,10,70,http://localhost:8080/search?q=beauty&author=Oscar%20Wilde,130,0,0
1782356381732,98,HTTP Request,200,OK,Author Query 5-6,text,true,,263,155,10,70,http://localhost:8080/search?q=beauty&author=Oscar%20Wilde,98,0,0
1782356381733,97,HTTP Request,200,OK,Author Query 5-1,text,true,,263,155,10,70,http://localhost:8080/search?q=beauty&author=Oscar%20Wilde,97,0,0
1782356381704,169,HTTP Request,200,OK,Author Query 5-4,text,true,,263,155,10,70,http://localhost:8080/search?q=beauty&author=Oscar%20Wilde,169,0,0
1782356381778,123,HTTP Request,200,OK,Author Query 5-7,text,true,,263,155,10,70,http://localhost:8080/search?q=beauty&author=Oscar%20Wilde,123,0,0
1782356381773,129,HTTP Request,200,OK,Author Query 5-10,text,true,,263,155,10,70,http://localhost:8080/search?q=beauty&author=Oscar%20Wilde,129,0,0
1782356381766,137,HTTP Request,200,OK,Author Query 5-9,text,true,,263,155,10,70,http://localhost:8080/search?q=beauty&author=Oscar%20Wilde,137,0,0
1782356381788,118,HTTP Request,200,OK,Author Query 5-5,text,true,,263,155,10,70,http://localhost:8080/search?q=beauty&author=Oscar%20Wilde,118,0,0
1782356381797,109,HTTP Request,200,OK,Author Query 5-2,text,true,,263,155,10,70,http://localhost:8080/search?q=beauty&author=Oscar%20Wilde,109,0,0
1782356381830,96,HTTP Request,200,OK,Author Query 5-6,text,true,,263,155,10,70,http://localhost:8080/search?q=beauty&author=Oscar%20Wilde,96,0,0
1782356381800,130,HTTP Request,200,OK,Author Query 5-8,text,true,,263,155,10,70,http://localhost:8080/search?q=beauty&author=Oscar%20Wilde,130,0,0
1782356381831,105,HTTP Request,200,OK,Author Query 5-1,text,true,,263,155,10,70,http://localhost:8080/search?q=beauty&author=Oscar%20Wilde,105,0,0
1782356381830,122,HTTP Request,200,OK,Author Query 5-3,text,true,,263,155,10,70,http://localhost:8080/search?q=beauty&author=Oscar%20Wilde,122,0,0
1782356381902,104,HTTP Request,200,OK,Author Query 5-10,text,true,,263,155,10,70,http://localhost:8080/search?q=beauty&author=Oscar%20Wilde,104,0,0
1782356381901,106,HTTP Request,200,OK,Author Query 5-7,text,true,,263,155,10,70,http://localhost:8080/search?q=beauty&author=Oscar%20Wilde,106,0,0
1782356381873,136,HTTP Request,200,OK,Author Query 5-4,text,true,,263,155,10,70,http://localhost:8080/search?q=beauty&author=Oscar%20Wilde,136,0,0
1782356381906,120,HTTP Request,200,OK,Author Query 5-5,text,true,,263,155,10,70,http://localhost:8080/search?q=beauty&author=Oscar%20Wilde,120,0,0
1782356381906,123,HTTP Request,200,OK,Author Query 5-2,text,true,,263,155,10,70,http://localhost:8080/search?q=beauty&author=Oscar%20Wilde,123,0,0
1782356381903,127,HTTP Request,200,OK,Author Query 5-9,text,true,,263,155,10,70,http://localhost:8080/search?q=beauty&author=Oscar%20Wilde,127,0,0
1782356381953,87,HTTP Request,200,OK,Author Query 5-3,text,true,,263,155,10,70,http://localhost:8080/search?q=beauty&author=Oscar%20Wilde,87,0,0
1782356381936,104,HTTP Request,200,OK,Author Query 5-1,text,true,,263,155,10,70,http://localhost:8080/search?q=beauty&author=Oscar%20Wilde,104,0,0
1782356381927,144,HTTP Request,200,OK,Author Query 5-6,text,true,,263,155,10,70,http://localhost:8080/search?q=beauty&author=Oscar%20Wilde,144,0,0
1782356381930,142,HTTP Request,200,OK,Author Query 5-8,text,true,,263,155,10,70,http://localhost:8080/search?q=beauty&author=Oscar%20Wilde,142,0,0
1782356382006,191,HTTP Request,200,OK,Author Query 5-10,text,true,,263,155,10,70,http://localhost:8080/search?q=beauty&author=Oscar%20Wilde,191,0,0
1782356382040,159,HTTP Request,200,OK,Author Query 5-3,text,true,,263,155,10,70,http://localhost:8080/search?q=beauty&author=Oscar%20Wilde,159,0,0
1782356382026,186,HTTP Request,200,OK,Author Query 5-5,text,true,,263,155,10,70,http://localhost:8080/search?q=beauty&author=Oscar%20Wilde,186,0,0
1782356382030,184,HTTP Request,200,OK,Author Query 5-9,text,true,,263,155,10,70,http://localhost:8080/search?q=beauty&author=Oscar%20Wilde,184,0,0
1782356382009,207,HTTP Request,200,OK,Author Query 5-4,text,true,,263,155,10,70,http://localhost:8080/search?q=beauty&author=Oscar%20Wilde,207,0,0
1782356382030,223,HTTP Request,200,OK,Author Query 5-2,text,true,,263,155,10,70,http://localhost:8080/search?q=beauty&author=Oscar%20Wilde,223,0,0
1782356382007,247,HTTP Request,200,OK,Author Query 5-7,text,true,,263,155,10,70,http://localhost:8080/search?q=beauty&author=Oscar%20Wilde,247,0,0
1782356382072,182,HTTP Request,200,OK,Author Query 5-8,text,true,,263,155,10,70,http://localhost:8080/search?q=beauty&author=Oscar%20Wilde,182,0,0
1782356382071,184,HTTP Request,200,OK,Author Query 5-6,text,true,,263,155,10,70,http://localhost:8080/search?q=beauty&author=Oscar%20Wilde,184,0,0
1782356382040,215,HTTP Request,200,OK,Author Query 5-1,text,true,,263,155,10,70,http://localhost:8080/search?q=beauty&author=Oscar%20Wilde,215,0,0
1782356382199,121,HTTP Request,200,OK,Author Query 5-10,text,true,,263,155,10,70,http://localhost:8080/search?q=beauty&author=Oscar%20Wilde,121,0,0
1782356382199,122,HTTP Request,200,OK,Author Query 5-3,text,true,,263,155,10,70,http://localhost:8080/search?q=beauty&author=Oscar%20Wilde,122,0,0
1782356382212,123,HTTP Request,200,OK,Author Query 5-5,text,true,,263,155,10,70,http://localhost:8080/search?q=beauty&author=Oscar%20Wilde,123,0,0
1782356382214,121,HTTP Request,200,OK,Author Query 5-9,text,true,,263,155,10,70,http://localhost:8080/search?q=beauty&author=Oscar%20Wilde,121,0,0
1782356382254,153,HTTP Request,200,OK,Author Query 5-7,text,true,,263,155,10,70,http://localhost:8080/search?q=beauty&author=Oscar%20Wilde,153,0,0
1782356382216,195,HTTP Request,200,OK,Author Query 5-4,text,true,,263,155,10,70,http://localhost:8080/search?q=beauty&author=Oscar%20Wilde,195,0,0
1782356382255,177,HTTP Request,200,OK,Author Query 5-1,text,true,,263,155,10,70,http://localhost:8080/search?q=beauty&author=Oscar%20Wilde,177,0,0
1782356382321,120,HTTP Request,200,OK,Author Query 5-3,text,true,,263,155,10,70,http://localhost:8080/search?q=beauty&author=Oscar%20Wilde,120,0,0
1782356382320,123,HTTP Request,200,OK,Author Query 5-10,text,true,,263,155,10,70,http://localhost:8080/search?q=beauty&author=Oscar%20Wilde,123,0,0
1782356382253,206,HTTP Request,200,OK,Author Query 5-2,text,true,,263,155,10,70,http://localhost:8080/search?q=beauty&author=Oscar%20Wilde,206,0,0
1782356382335,134,HTTP Request,200,OK,Author Query 5-5,text,true,,263,155,10,70,http://localhost:8080/search?q=beauty&author=Oscar%20Wilde,134,0,0
1782356382254,250,HTTP Request,200,OK,Author Query 5-8,text,true,,263,155,10,70,http://localhost:8080/search?q=beauty&author=Oscar%20Wilde,250,0,0
1782356382335,172,HTTP Request,200,OK,Author Query 5-9,text,true,,263,155,10,70,http://localhost:8080/search?q=beauty&author=Oscar%20Wilde,172,0,0
1782356382255,252,HTTP Request,200,OK,Author Query 5-6,text,true,,263,155,10,70,http://localhost:8080/search?q=beauty&author=Oscar%20Wilde,252,0,0
1782356382432,97,HTTP Request,200,OK,Author Query 5-1,text,true,,263,155,10,70,http://localhost:8080/search?q=beauty&author=Oscar%20Wilde,97,0,0
1782356382407,122,HTTP Request,200,OK,Author Query 5-7,text,true,,263,155,10,70,http://localhost:8080/search?q=beauty&author=Oscar%20Wilde,122,0,0
1782356382411,139,HTTP Request,200,OK,Author Query 5-4,text,true,,263,155,10,70,http://localhost:8080/search?q=beauty&author=Oscar%20Wilde,139,0,0
1782356382469,101,HTTP Request,200,OK,Author Query 5-5,text,true,,263,155,10,70,http://localhost:8080/search?q=beauty&author=Oscar%20Wilde,101,0,0
1782356382441,159,HTTP Request,200,OK,Author Query 5-3,text,true,,263,155,10,70,http://localhost:8080/search?q=beauty&author=Oscar%20Wilde,159,0,0
1782356382460,141,HTTP Request,200,OK,Author Query 5-2,text,true,,263,155,10,70,http://localhost:8080/search?q=beauty&author=Oscar%20Wilde,141,0,0
1782356382443,158,HTTP Request,200,OK,Author Query 5-10,text,true,,263,155,10,70,http://localhost:8080/search?q=beauty&author=Oscar%20Wilde,158,0,0
1782356382507,238,HTTP Request,200,OK,Author Query 5-9,text,true,,263,155,10,70,http://localhost:8080/search?q=beauty&author=Oscar%20Wilde,238,0,0
1782356382505,260,HTTP Request,200,OK,Author Query 5-8,text,true,,263,155,10,70,http://localhost:8080/search?q=beauty&author=Oscar%20Wilde,260,0,0
1782356382507,278,HTTP Request,200,OK,Author Query 5-6,text,true,,263,155,10,70,http://localhost:8080/search?q=beauty&author=Oscar%20Wilde,278,0,0
1782356382529,363,HTTP Request,200,OK,Author Query 5-7,text,true,,263,155,10,70,http://localhost:8080/search?q=beauty&author=Oscar%20Wilde,363,0,0
1782356382550,342,HTTP Request,200,OK,Author Query 5-4,text,true,,263,155,10,70,http://localhost:8080/search?q=beauty&author=Oscar%20Wilde,342,0,0
1782356382786,148,HTTP Request,200,OK,Author Query 5-6,text,true,,263,155,10,70,http://localhost:8080/search?q=beauty&author=Oscar%20Wilde,148,0,0
1782356382745,189,HTTP Request,200,OK,Author Query 5-9,text,true,,263,155,10,70,http://localhost:8080/search?q=beauty&author=Oscar%20Wilde,189,0,0
1782356382765,175,HTTP Request,200,OK,Author Query 5-8,text,true,,263,155,10,70,http://localhost:8080/search?q=beauty&author=Oscar%20Wilde,175,0,0
1782356382600,346,HTTP Request,200,OK,Author Query 5-3,text,true,,263,155,10,70,http://localhost:8080/search?q=beauty&author=Oscar%20Wilde,346,0,0
1782356382570,399,HTTP Request,200,OK,Author Query 5-5,text,true,,263,155,10,70,http://localhost:8080/search?q=beauty&author=Oscar%20Wilde,399,0,2
1782356382529,444,HTTP Request,200,OK,Author Query 5-1,text,true,,263,155,10,70,http://localhost:8080/search?q=beauty&author=Oscar%20Wilde,444,0,0
1782356382601,378,HTTP Request,200,OK,Author Query 5-10,text,true,,263,155,10,70,http://localhost:8080/search?q=beauty&author=Oscar%20Wilde,378,0,0
1782356382892,92,HTTP Request,200,OK,Author Query 5-7,text,true,,263,155,10,70,http://localhost:8080/search?q=beauty&author=Oscar%20Wilde,92,0,0
1782356382893,91,HTTP Request,200,OK,Author Query 5-4,text,true,,263,155,10,70,http://localhost:8080/search?q=beauty&author=Oscar%20Wilde,91,0,0
1782356382601,385,HTTP Request,200,OK,Author Query 5-2,text,true,,263,155,10,70,http://localhost:8080/search?q=beauty&author=Oscar%20Wilde,385,0,0
1782356382935,83,HTTP Request,200,OK,Author Query 5-9,text,true,,263,155,10,70,http://localhost:8080/search?q=beauty&author=Oscar%20Wilde,83,0,0
1782356382934,84,HTTP Request,200,OK,Author Query 5-6,text,true,,263,155,10,70,http://localhost:8080/search?q=beauty&author=Oscar%20Wilde,84,0,0
1782356382984,95,HTTP Request,200,OK,Author Query 5-4,text,true,,263,155,10,70,http://localhost:8080/search?q=beauty&author=Oscar%20Wilde,95,0,0
1782356382973,107,HTTP Request,200,OK,Author Query 5-1,text,true,,263,155,10,70,http://localhost:8080/search?q=beauty&author=Oscar%20Wilde,107,0,0
1782356382986,94,HTTP Request,200,OK,Author Query 5-2,text,true,,263,155,10,70,http://localhost:8080/search?q=beauty&author=Oscar%20Wilde,94,0,0
1782356382971,118,HTTP Request,200,OK,Author Query 5-5,text,true,,263,155,10,70,http://localhost:8080/search?q=beauty&author=Oscar%20Wilde,118,0,0
1782356382940,169,HTTP Request,200,OK,Author Query 5-8,text,true,,263,155,10,70,http://localhost:8080/search?q=beauty&author=Oscar%20Wilde,169,0,0
1782356382946,177,HTTP Request,200,OK,Author Query 5-3,text,true,,263,155,10,70,http://localhost:8080/search?q=beauty&author=Oscar%20Wilde,177,0,0
1782356382984,167,HTTP Request,200,OK,Author Query 5-7,text,true,,263,155,10,70,http://localhost:8080/search?q=beauty&author=Oscar%20Wilde,167,0,0
1782356382979,172,HTTP Request,200,OK,Author Query 5-10,text,true,,263,155,10,70,http://localhost:8080/search?q=beauty&author=Oscar%20Wilde,172,0,0
1782356383018,177,HTTP Request,200,OK,Author Query 5-6,text,true,,263,155,10,70,http://localhost:8080/search?q=beauty&author=Oscar%20Wilde,177,0,0
1782356383018,177,HTTP Request,200,OK,Author Query 5-9,text,true,,263,155,10,70,http://localhost:8080/search?q=beauty&author=Oscar%20Wilde,177,0,0
1782356383123,138,HTTP Request,200,OK,Author Query 5-3,text,true,,263,155,10,70,http://localhost:8080/search?q=beauty&author=Oscar%20Wilde,138,0,0
1782356383090,183,HTTP Request,200,OK,Author Query 5-5,text,true,,263,155,10,70,http://localhost:8080/search?q=beauty&author=Oscar%20Wilde,183,0,0
1782356383080,194,HTTP Request,200,OK,Author Query 5-1,text,true,,263,155,10,70,http://localhost:8080/search?q=beauty&author=Oscar%20Wilde,194,0,0
1782356383080,195,HTTP Request,200,OK,Author Query 5-2,text,true,,263,155,10,70,http://localhost:8080/search?q=beauty&author=Oscar%20Wilde,195,0,0
1782356383080,196,HTTP Request,200,OK,Author Query 5-4,text,true,,263,155,10,70,http://localhost:8080/search?q=beauty&author=Oscar%20Wilde,196,0,0
1782356383152,126,HTTP Request,200,OK,Author Query 5-7,text,true,,263,155,10,70,http://localhost:8080/search?q=beauty&author=Oscar%20Wilde,126,0,0
1782356383110,174,HTTP Request,200,OK,Author Query 5-8,text,true,,263,155,10,70,http://localhost:8080/search?q=beauty&author=Oscar%20Wilde,174,0,0
1782356383152,133,HTTP Request,200,OK,Author Query 5-10,text,true,,263,155,10,70,http://localhost:8080/search?q=beauty&author=Oscar%20Wilde,133,0,0
1782356383196,100,HTTP Request,200,OK,Author Query 5-9,text,true,,263,155,10,70,http://localhost:8080/search?q=beauty&author=Oscar%20Wilde,100,0,0
1782356383195,106,HTTP Request,200,OK,Author Query 5-6,text,true,,263,155,10,70,http://localhost:8080/search?q=beauty&author=Oscar%20Wilde,106,0,0
1782356383274,106,HTTP Request,200,OK,Author Query 5-5,text,true,,263,155,10,70,http://localhost:8080/search?q=beauty&author=Oscar%20Wilde,106,0,0
1782356383276,104,HTTP Request,200,OK,Author Query 5-4,text,true,,263,155,10,70,http://localhost:8080/search?q=beauty&author=Oscar%20Wilde,104,0,0
1782356383275,105,HTTP Request,200,OK,Author Query 5-2,text,true,,263,155,10,70,http://localhost:8080/search?q=beauty&author=Oscar%20Wilde,105,0,0
1782356383261,155,HTTP Request,200,OK,Author Query 5-3,text,true,,263,155,10,70,http://localhost:8080/search?q=beauty&author=Oscar%20Wilde,155,0,0
1782356383284,147,HTTP Request,200,OK,Author Query 5-8,text,true,,263,155,10,70,http://localhost:8080/search?q=beauty&author=Oscar%20Wilde,147,0,0
1782356383286,150,HTTP Request,200,OK,Author Query 5-10,text,true,,263,155,10,70,http://localhost:8080/search?q=beauty&author=Oscar%20Wilde,150,0,0
1782356383278,161,HTTP Request,200,OK,Author Query 5-7,text,true,,263,155,10,70,http://localhost:8080/search?q=beauty&author=Oscar%20Wilde,161,0,0
1782356383298,141,HTTP Request,200,OK,Author Query 5-9,text,true,,263,155,10,70,http://localhost:8080/search?q=beauty&author=Oscar%20Wilde,141,0,0
1782356383274,176,HTTP Request,200,OK,Author Query 5-1,text,true,,263,155,10,70,http://localhost:8080/search?q=beauty&author=Oscar%20Wilde,176,0,0
1782356383301,150,HTTP Request,200,OK,Author Query 5-6,text,true,,263,155,10,70,http://localhost:8080/search?q=beauty&author=Oscar%20Wilde,150,0,0
1782356383380,111,HTTP Request,200,OK,Author Query 5-5,text,true,,263,155,10,70,http://localhost:8080/search?q=beauty&author=Oscar%20Wilde,111,0,0
1782356383381,110,HTTP Request,200,OK,Author Query 5-2,text,true,,263,155,10,70,http://localhost:8080/search?q=beauty&author=Oscar%20Wilde,110,0,0
1782356383380,111,HTTP Request,200,OK,Author Query 5-4,text,true,,263,155,10,70,http://localhost:8080/search?q=beauty&author=Oscar%20Wilde,111,0,0
1782356383416,103,HTTP Request,200,OK,Author Query 5-3,text,true,,263,155,10,70,http://localhost:8080/search?q=beauty&author=Oscar%20Wilde,103,0,0
1782356383491,68,HTTP Request,200,OK,Author Query 5-2,text,true,,263,155,10,70,http://localhost:8080/search?q=beauty&author=Oscar%20Wilde,68,0,0
1782356383491,79,HTTP Request,200,OK,Author Query 5-4,text,true,,263,155,10,70,http://localhost:8080/search?q=beauty&author=Oscar%20Wilde,79,0,0
1782356383491,79,HTTP Request,200,OK,Author Query 5-5,text,true,,263,155,10,70,http://localhost:8080/search?q=beauty&author=Oscar%20Wilde,79,0,0
1782356383450,130,HTTP Request,200,OK,Author Query 5-1,text,true,,263,155,10,70,http://localhost:8080/search?q=beauty&author=Oscar%20Wilde,130,0,0
1782356383439,142,HTTP Request,200,OK,Author Query 5-7,text,true,,263,155,10,70,http://localhost:8080/search?q=beauty&author=Oscar%20Wilde,142,0,0
1782356383431,152,HTTP Request,200,OK,Author Query 5-8,text,true,,263,155,10,70,http://localhost:8080/search?q=beauty&author=Oscar%20Wilde,152,0,0
1782356383439,144,HTTP Request,200,OK,Author Query 5-9,text,true,,263,155,10,70,http://localhost:8080/search?q=beauty&author=Oscar%20Wilde,144,0,0
1782356383437,154,HTTP Request,200,OK,Author Query 5-10,text,true,,263,155,10,70,http://localhost:8080/search?q=beauty&author=Oscar%20Wilde,154,0,0
1782356383451,149,HTTP Request,200,OK,Author Query 5-6,text,true,,263,155,10,70,http://localhost:8080/search?q=beauty&author=Oscar%20Wilde,149,0,0
1782356383519,95,HTTP Request,200,OK,Author Query 5-3,text,true,,263,155,10,70,http://localhost:8080/search?q=beauty&author=Oscar%20Wilde,95,0,0
1782356383591,164,HTTP Request,200,OK,Author Query 5-10,text,true,,263,155,10,70,http://localhost:8080/search?q=beauty&author=Oscar%20Wilde,164,0,0
1782356383581,174,HTTP Request,200,OK,Author Query 5-1,text,true,,263,155,10,70,http://localhost:8080/search?q=beauty&author=Oscar%20Wilde,174,0,0
1782356383614,142,HTTP Request,200,OK,Author Query 5-3,text,true,,263,155,10,70,http://localhost:8080/search?q=beauty&author=Oscar%20Wilde,142,0,0
1782356383581,200,HTTP Request,200,OK,Author Query 5-7,text,true,,263,155,10,70,http://localhost:8080/search?q=beauty&author=Oscar%20Wilde,200,0,0
1782356383600,183,HTTP Request,200,OK,Author Query 5-6,text,true,,263,155,10,70,http://localhost:8080/search?q=beauty&author=Oscar%20Wilde,183,0,1
1782356383559,225,HTTP Request,200,OK,Author Query 5-2,text,true,,263,155,10,70,http://localhost:8080/search?q=beauty&author=Oscar%20Wilde,225,0,0
1782356383584,201,HTTP Request,200,OK,Author Query 5-9,text,true,,263,155,10,70,http://localhost:8080/search?q=beauty&author=Oscar%20Wilde,201,0,0
1782356383570,219,HTTP Request,200,OK,Author Query 5-4,text,true,,263,155,10,70,http://localhost:8080/search?q=beauty&author=Oscar%20Wilde,219,0,0
1782356383570,224,HTTP Request,200,OK,Author Query 5-5,text,true,,263,155,10,70,http://localhost:8080/search?q=beauty&author=Oscar%20Wilde,224,0,0
1782356383583,211,HTTP Request,200,OK,Author Query 5-8,text,true,,263,155,10,70,http://localhost:8080/search?q=beauty&author=Oscar%20Wilde,211,0,0
1782356383756,100,HTTP Request,200,OK,Author Query 5-3,text,true,,263,155,10,70,http://localhost:8080/search?q=beauty&author=Oscar%20Wilde,100,0,0
1782356383756,103,HTTP Request,200,OK,Author Query 5-1,text,true,,263,155,10,70,http://localhost:8080/search?q=beauty&author=Oscar%20Wilde,103,0,0
1782356383755,152,HTTP Request,200,OK,Author Query 5-10,text,true,,263,155,10,70,http://localhost:8080/search?q=beauty&author=Oscar%20Wilde,152,0,0
1782356383783,144,HTTP Request,200,OK,Author Query 5-6,text,true,,263,155,10,70,http://localhost:8080/search?q=beauty&author=Oscar%20Wilde,144,0,0
1782356383790,166,HTTP Request,200,OK,Author Query 5-4,text,true,,263,155,10,70,http://localhost:8080/search?q=beauty&author=Oscar%20Wilde,165,0,0
1782356383794,163,HTTP Request,200,OK,Author Query 5-8,text,true,,263,155,10,70,http://localhost:8080/search?q=beauty&author=Oscar%20Wilde,163,0,0
1782356383781,178,HTTP Request,200,OK,Author Query 5-7,text,true,,263,155,10,70,http://localhost:8080/search?q=beauty&author=Oscar%20Wilde,178,0,0
1782356383856,155,HTTP Request,200,OK,Author Query 5-3,text,true,,263,155,10,70,http://localhost:8080/search?q=beauty&author=Oscar%20Wilde,155,0,0
1782356383859,153,HTTP Request,200,OK,Author Query 5-1,text,true,,263,155,10,70,http://localhost:8080/search?q=beauty&author=Oscar%20Wilde,153,0,0
1782356383784,228,HTTP Request,200,OK,Author Query 5-2,text,true,,263,155,10,70,http://localhost:8080/search?q=beauty&author=Oscar%20Wilde,228,0,0
1782356383785,229,HTTP Request,200,OK,Author Query 5-9,text,true,,263,155,10,70,http://localhost:8080/search?q=beauty&author=Oscar%20Wilde,229,0,0
1782356383794,247,HTTP Request,200,OK,Author Query 5-5,text,true,,263,155,10,70,http://localhost:8080/search?q=beauty&author=Oscar%20Wilde,247,0,0
1782356383927,125,HTTP Request,200,OK,Author Query 5-6,text,true,,263,155,10,70,http://localhost:8080/search?q=beauty&author=Oscar%20Wilde,125,0,0
1782356383908,170,HTTP Request,200,OK,Author Query 5-10,text,true,,263,155,10,70,http://localhost:8080/search?q=beauty&author=Oscar%20Wilde,170,0,0
1782356383959,168,HTTP Request,200,OK,Author Query 5-7,text,true,,263,155,10,70,http://localhost:8080/search?q=beauty&author=Oscar%20Wilde,168,0,0
1782356383958,169,HTTP Request,200,OK,Author Query 5-8,text,true,,263,155,10,70,http://localhost:8080/search?q=beauty&author=Oscar%20Wilde,169,0,0
1782356384013,117,HTTP Request,200,OK,Author Query 5-2,text,true,,263,155,10,70,http://localhost:8080/search?q=beauty&author=Oscar%20Wilde,117,0,0
1782356383956,175,HTTP Request,200,OK,Author Query 5-4,text,true,,263,155,10,70,http://localhost:8080/search?q=beauty&author=Oscar%20Wilde,175,0,0
1782356384011,120,HTTP Request,200,OK,Author Query 5-3,text,true,,263,155,10,70,http://localhost:8080/search?q=beauty&author=Oscar%20Wilde,120,0,0
1782356384052,113,HTTP Request,200,OK,Author Query 5-6,text,true,,263,155,10,70,http://localhost:8080/search?q=beauty&author=Oscar%20Wilde,113,0,0
1782356384015,162,HTTP Request,200,OK,Author Query 5-9,text,true,,263,155,10,70,http://localhost:8080/search?q=beauty&author=Oscar%20Wilde,162,0,0
1782356384012,167,HTTP Request,200,OK,Author Query 5-1,text,true,,263,155,10,70,http://localhost:8080/search?q=beauty&author=Oscar%20Wilde,167,0,0
1782356384041,181,HTTP Request,200,OK,Author Query 5-5,text,true,,263,155,10,70,http://localhost:8080/search?q=beauty&author=Oscar%20Wilde,181,0,0
1782356384131,152,HTTP Request,200,OK,Author Query 5-3,text,true,,263,155,10,70,http://localhost:8080/search?q=beauty&author=Oscar%20Wilde,152,0,0
1782356384127,162,HTTP Request,200,OK,Author Query 5-8,text,true,,263,155,10,70,http://localhost:8080/search?q=beauty&author=Oscar%20Wilde,162,0,0
1782356384127,166,HTTP Request,200,OK,Author Query 5-7,text,true,,263,155,10,70,http://localhost:8080/search?q=beauty&author=Oscar%20Wilde,166,0,0
1782356384165,128,HTTP Request,200,OK,Author Query 5-6,text,true,,263,155,10,70,http://localhost:8080/search?q=beauty&author=Oscar%20Wilde,128,0,0
1782356384131,162,HTTP Request,200,OK,Author Query 5-4,text,true,,263,155,10,70,http://localhost:8080/search?q=beauty&author=Oscar%20Wilde,162,0,0
1782356384078,223,HTTP Request,200,OK,Author Query 5-10,text,true,,263,155,10,70,http://localhost:8080/search?q=beauty&author=Oscar%20Wilde,223,0,0
1782356384130,174,HTTP Request,200,OK,Author Query 5-2,text,true,,263,155,10,70,http://localhost:8080/search?q=beauty&author=Oscar%20Wilde,174,0,0
1782356384177,144,HTTP Request,200,OK,Author Query 5-9,text,true,,263,155,10,70,http://localhost:8080/search?q=beauty&author=Oscar%20Wilde,144,0,0
1782356384180,142,HTTP Request,200,OK,Author Query 5-1,text,true,,263,155,10,70,http://localhost:8080/search?q=beauty&author=Oscar%20Wilde,142,0,0
1782356384222,107,HTTP Request,200,OK,Author Query 5-5,text,true,,263,155,10,70,http://localhost:8080/search?q=beauty&author=Oscar%20Wilde,107,0,0
1782356384283,88,HTTP Request,200,OK,Author Query 5-3,text,true,,263,155,10,70,http://localhost:8080/search?q=beauty&author=Oscar%20Wilde,88,0,0
1782356384289,124,HTTP Request,200,OK,Author Query 5-8,text,true,,263,155,10,70,http://localhost:8080/search?q=beauty&author=Oscar%20Wilde,124,0,0
1782356384294,120,HTTP Request,200,OK,Author Query 5-6,text,true,,263,155,10,70,http://localhost:8080/search?q=beauty&author=Oscar%20Wilde,120,0,0
1782356384321,93,HTTP Request,200,OK,Author Query 5-9,text,true,,263,155,10,70,http://localhost:8080/search?q=beauty&author=Oscar%20Wilde,93,0,0
1782356384301,113,HTTP Request,200,OK,Author Query 5-10,text,true,,263,155,10,70,http://localhost:8080/search?q=beauty&author=Oscar%20Wilde,113,0,0
1782356384304,110,HTTP Request,200,OK,Author Query 5-2,text,true,,263,155,10,70,http://localhost:8080/search?q=beauty&author=Oscar%20Wilde,110,0,0
1782356384322,92,HTTP Request,200,OK,Author Query 5-1,text,true,,263,155,10,70,http://localhost:8080/search?q=beauty&author=Oscar%20Wilde,92,0,0
1782356384294,161,HTTP Request,200,OK,Author Query 5-4,text,true,,263,155,10,70,http://localhost:8080/search?q=beauty&author=Oscar%20Wilde,161,0,0
1782356384293,162,HTTP Request,200,OK,Author Query 5-7,text,true,,263,155,10,70,http://localhost:8080/search?q=beauty&author=Oscar%20Wilde,162,0,0
1782356384371,84,HTTP Request,200,OK,Author Query 5-3,text,true,,263,155,10,70,http://localhost:8080/search?q=beauty&author=Oscar%20Wilde,84,0,0
1782356384329,158,HTTP Request,200,OK,Author Query 5-5,text,true,,263,155,10,70,http://localhost:8080/search?q=beauty&author=Oscar%20Wilde,158,0,0
1782356384414,89,HTTP Request,200,OK,Author Query 5-6,text,true,,263,155,10,70,http://localhost:8080/search?q=beauty&author=Oscar%20Wilde,89,0,0
1782356384414,107,HTTP Request,200,OK,Author Query 5-10,text,true,,263,155,10,70,http://localhost:8080/search?q=beauty&author=Oscar%20Wilde,107,0,0
1782356384414,136,HTTP Request,200,OK,Author Query 5-2,text,true,,263,155,10,70,http://localhost:8080/search?q=beauty&author=Oscar%20Wilde,136,0,0
1782356384414,136,HTTP Request,200,OK,Author Query 5-9,text,true,,263,155,10,70,http://localhost:8080/search?q=beauty&author=Oscar%20Wilde,136,0,0
1782356384455,96,HTTP Request,200,OK,Author Query 5-7,text,true,,263,155,10,70,http://localhost:8080/search?q=beauty&author=Oscar%20Wilde,96,0,0
1782356384414,141,HTTP Request,200,OK,Author Query 5-1,text,true,,263,155,10,70,http://localhost:8080/search?q=beauty&author=Oscar%20Wilde,141,0,0
1782356384455,132,HTTP Request,200,OK,Author Query 5-4,text,true,,263,155,10,70,http://localhost:8080/search?q=beauty&author=Oscar%20Wilde,132,0,0
1782356384455,152,HTTP Request,200,OK,Author Query 5-3,text,true,,263,155,10,70,http://localhost:8080/search?q=beauty&author=Oscar%20Wilde,152,0,0
1782356384503,107,HTTP Request,200,OK,Author Query 5-6,text,true,,263,155,10,70,http://localhost:8080/search?q=beauty&author=Oscar%20Wilde,107,0,0
1782356384522,89,HTTP Request,200,OK,Author Query 5-10,text,true,,263,155,10,70,http://localhost:8080/search?q=beauty&author=Oscar%20Wilde,89,0,0
1782356384413,198,HTTP Request,200,OK,Author Query 5-8,text,true,,263,155,10,70,http://localhost:8080/search?q=beauty&author=Oscar%20Wilde,198,0,0
1782356384487,154,HTTP Request,200,OK,Author Query 5-5,text,true,,263,155,10,70,http://localhost:8080/search?q=beauty&author=Oscar%20Wilde,154,0,0
1782356384550,113,HTTP Request,200,OK,Author Query 5-2,text,true,,263,155,10,70,http://localhost:8080/search?q=beauty&author=Oscar%20Wilde,113,0,0
1782356384552,112,HTTP Request,200,OK,Author Query 5-7,text,true,,263,155,10,70,http://localhost:8080/search?q=beauty&author=Oscar%20Wilde,112,0,1
1782356384550,114,HTTP Request,200,OK,Author Query 5-9,text,true,,263,155,10,70,http://localhost:8080/search?q=beauty&author=Oscar%20Wilde,114,0,0
1782356384588,91,HTTP Request,200,OK,Author Query 5-4,text,true,,263,155,10,70,http://localhost:8080/search?q=beauty&author=Oscar%20Wilde,91,0,0
1782356384555,125,HTTP Request,200,OK,Author Query 5-1,text,true,,263,155,10,70,http://localhost:8080/search?q=beauty&author=Oscar%20Wilde,125,0,0
1782356384607,155,HTTP Request,200,OK,Author Query 5-3,text,true,,263,155,10,70,http://localhost:8080/search?q=beauty&author=Oscar%20Wilde,155,0,0
1782356384611,154,HTTP Request,200,OK,Author Query 5-8,text,true,,263,155,10,70,http://localhost:8080/search?q=beauty&author=Oscar%20Wilde,154,0,0
1782356384610,178,HTTP Request,200,OK,Author Query 5-6,text,true,,263,155,10,70,http://localhost:8080/search?q=beauty&author=Oscar%20Wilde,178,0,0
1782356384665,156,HTTP Request,200,OK,Author Query 5-7,text,true,,263,155,10,70,http://localhost:8080/search?q=beauty&author=Oscar%20Wilde,156,0,0
1782356384680,148,HTTP Request,200,OK,Author Query 5-1,text,true,,263,155,10,70,http://localhost:8080/search?q=beauty&author=Oscar%20Wilde,148,0,0
1782356384642,211,HTTP Request,200,OK,Author Query 5-5,text,true,,263,155,10,70,http://localhost:8080/search?q=beauty&author=Oscar%20Wilde,211,0,0
1782356384664,189,HTTP Request,200,OK,Author Query 5-9,text,true,,263,155,10,70,http://localhost:8080/search?q=beauty&author=Oscar%20Wilde,189,0,0
1782356384663,191,HTTP Request,200,OK,Author Query 5-2,text,true,,263,155,10,70,http://localhost:8080/search?q=beauty&author=Oscar%20Wilde,191,0,0
1782356384611,243,HTTP Request,200,OK,Author Query 5-10,text,true,,263,155,10,70,http://localhost:8080/search?q=beauty&author=Oscar%20Wilde,243,0,0
1782356384679,178,HTTP Request,200,OK,Author Query 5-4,text,true,,263,155,10,70,http://localhost:8080/search?q=beauty&author=Oscar%20Wilde,178,0,0
1782356384765,107,HTTP Request,200,OK,Author Query 5-8,text,true,,263,155,10,70,http://localhost:8080/search?q=beauty&author=Oscar%20Wilde,107,0,0
1782356384762,111,HTTP Request,200,OK,Author Query 5-3,text,true,,263,155,10,70,http://localhost:8080/search?q=beauty&author=Oscar%20Wilde,111,0,0
1782356384788,129,HTTP Request,200,OK,Author Query 5-6,text,true,,263,155,10,70,http://localhost:8080/search?q=beauty&author=Oscar%20Wilde,129,0,0
1782356384821,107,HTTP Request,200,OK,Author Query 5-7,text,true,,263,155,10,70,http://localhost:8080/search?q=beauty&author=Oscar%20Wilde,107,0,0
1782356384853,76,HTTP Request,200,OK,Author Query 5-9,text,true,,263,155,10,70,http://localhost:8080/search?q=beauty&author=Oscar%20Wilde,76,0,0
1782356384857,101,HTTP Request,200,OK,Author Query 5-4,text,true,,263,155,10,70,http://localhost:8080/search?q=beauty&author=Oscar%20Wilde,101,0,0
1782356384854,104,HTTP Request,200,OK,Author Query 5-2,text,true,,263,155,10,70,http://localhost:8080/search?q=beauty&author=Oscar%20Wilde,104,0,0
1782356384872,89,HTTP Request,200,OK,Author Query 5-8,text,true,,263,155,10,70,http://localhost:8080/search?q=beauty&author=Oscar%20Wilde,89,0,0
1782356384874,89,HTTP Request,200,OK,Author Query 5-3,text,true,,263,155,10,70,http://localhost:8080/search?q=beauty&author=Oscar%20Wilde,89,0,0
1782356384828,136,HTTP Request,200,OK,Author Query 5-1,text,true,,263,155,10,70,http://localhost:8080/search?q=beauty&author=Oscar%20Wilde,136,0,0
1782356384853,122,HTTP Request,200,OK,Author Query 5-5,text,true,,263,155,10,70,http://localhost:8080/search?q=beauty&author=Oscar%20Wilde,122,0,0
1782356384854,121,HTTP Request,200,OK,Author Query 5-10,text,true,,263,155,10,70,http://localhost:8080/search?q=beauty&author=Oscar%20Wilde,121,0,0
1782356384929,104,HTTP Request,200,OK,Author Query 5-9,text,true,,263,155,10,70,http://localhost:8080/search?q=beauty&author=Oscar%20Wilde,104,0,0
1782356384917,116,HTTP Request,200,OK,Author Query 5-6,text,true,,263,155,10,70,http://localhost:8080/search?q=beauty&author=Oscar%20Wilde,116,0,0
1782356384958,94,HTTP Request,200,OK,Author Query 5-2,text,true,,263,155,10,70,http://localhost:8080/search?q=beauty&author=Oscar%20Wilde,94,0,0
1782356384958,100,HTTP Request,200,OK,Author Query 5-4,text,true,,263,155,10,70,http://localhost:8080/search?q=beauty&author=Oscar%20Wilde,100,0,0
1782356384928,143,HTTP Request,200,OK,Author Query 5-7,text,true,,263,155,10,70,http://localhost:8080/search?q=beauty&author=Oscar%20Wilde,143,0,0
1782356384961,115,HTTP Request,200,OK,Author Query 5-8,text,true,,263,155,10,70,http://localhost:8080/search?q=beauty&author=Oscar%20Wilde,115,0,0
1782356384975,113,HTTP Request,200,OK,Author Query 5-5,text,true,,263,155,10,70,http://localhost:8080/search?q=beauty&author=Oscar%20Wilde,113,0,0
1782356384964,124,HTTP Request,200,OK,Author Query 5-1,text,true,,263,155,10,70,http://localhost:8080/search?q=beauty&author=Oscar%20Wilde,124,0,0
1782356384975,114,HTTP Request,200,OK,Author Query 5-10,text,true,,263,155,10,70,http://localhost:8080/search?q=beauty&author=Oscar%20Wilde,114,0,0
1782356384963,126,HTTP Request,200,OK,Author Query 5-3,text,true,,263,155,10,70,http://localhost:8080/search?q=beauty&author=Oscar%20Wilde,126,0,0
1782356385033,95,HTTP Request,200,OK,Author Query 5-6,text,true,,263,155,10,70,http://localhost:8080/search?q=beauty&author=Oscar%20Wilde,95,0,0
1782356385033,99,HTTP Request,200,OK,Author Query 5-9,text,true,,263,155,10,70,http://localhost:8080/search?q=beauty&author=Oscar%20Wilde,99,0,0
1782356385053,84,HTTP Request,200,OK,Author Query 5-2,text,true,,263,155,10,70,http://localhost:8080/search?q=beauty&author=Oscar%20Wilde,84,0,0
1782356385058,88,HTTP Request,200,OK,Author Query 5-4,text,true,,263,155,10,70,http://localhost:8080/search?q=beauty&author=Oscar%20Wilde,88,0,0
1782356385088,92,HTTP Request,200,OK,Author Query 5-1,text,true,,263,155,10,70,http://localhost:8080/search?q=beauty&author=Oscar%20Wilde,92,0,0
1782356385089,121,HTTP Request,200,OK,Author Query 5-3,text,true,,263,155,10,70,http://localhost:8080/search?q=beauty&author=Oscar%20Wilde,121,0,0
1782356385089,122,HTTP Request,200,OK,Author Query 5-10,text,true,,263,155,10,70,http://localhost:8080/search?q=beauty&author=Oscar%20Wilde,122,0,0
1782356385088,126,HTTP Request,200,OK,Author Query 5-5,text,true,,263,155,10,70,http://localhost:8080/search?q=beauty&author=Oscar%20Wilde,126,0,0
1782356385076,138,HTTP Request,200,OK,Author Query 5-8,text,true,,263,155,10,70,http://localhost:8080/search?q=beauty&author=Oscar%20Wilde,138,0,0
1782356385071,151,HTTP Request,200,OK,Author Query 5-7,text,true,,263,155,10,70,http://localhost:8080/search?q=beauty&author=Oscar%20Wilde,151,0,0
1782356385128,109,HTTP Request,200,OK,Author Query 5-6,text,true,,263,155,10,70,http://localhost:8080/search?q=beauty&author=Oscar%20Wilde,109,0,0
1782356385133,108,HTTP Request,200,OK,Author Query 5-9,text,true,,263,155,10,70,http://localhost:8080/search?q=beauty&author=Oscar%20Wilde,108,0,0
1782356385137,104,HTTP Request,200,OK,Author Query 5-2,text,true,,263,155,10,70,http://localhost:8080/search?q=beauty&author=Oscar%20Wilde,104,0,0
1782356385147,142,HTTP Request,200,OK,Author Query 5-4,text,true,,263,155,10,70,http://localhost:8080/search?q=beauty&author=Oscar%20Wilde,142,0,0
1782356385238,74,HTTP Request,200,OK,Author Query 5-6,text,true,,263,155,10,70,http://localhost:8080/search?q=beauty&author=Oscar%20Wilde,74,0,0
1782356385241,83,HTTP Request,200,OK,Author Query 5-9,text,true,,263,155,10,70,http://localhost:8080/search?q=beauty&author=Oscar%20Wilde,83,0,0
1782356385180,147,HTTP Request,200,OK,Author Query 5-1,text,true,,263,155,10,70,http://localhost:8080/search?q=beauty&author=Oscar%20Wilde,147,0,0
1782356385242,86,HTTP Request,200,OK,Author Query 5-2,text,true,,263,155,10,70,http://localhost:8080/search?q=beauty&author=Oscar%20Wilde,86,0,0
1782356385211,151,HTTP Request,200,OK,Author Query 5-3,text,true,,263,155,10,70,http://localhost:8080/search?q=beauty&author=Oscar%20Wilde,151,0,0
1782356385214,148,HTTP Request,200,OK,Author Query 5-5,text,true,,263,155,10,70,http://localhost:8080/search?q=beauty&author=Oscar%20Wilde,148,0,0
1782356385214,171,HTTP Request,200,OK,Author Query 5-8,text,true,,263,155,10,70,http://localhost:8080/search?q=beauty&author=Oscar%20Wilde,171,0,0
1782356385211,189,HTTP Request,200,OK,Author Query 5-10,text,true,,263,155,10,70,http://localhost:8080/search?q=beauty&author=Oscar%20Wilde,189,0,0
1782356385223,178,HTTP Request,200,OK,Author Query 5-7,text,true,,263,155,10,70,http://localhost:8080/search?q=beauty&author=Oscar%20Wilde,178,0,0
1782356385290,154,HTTP Request,200,OK,Author Query 5-4,text,true,,263,155,10,70,http://localhost:8080/search?q=beauty&author=Oscar%20Wilde,154,0,0
1782356385312,144,HTTP Request,200,OK,Author Query 5-6,text,true,,263,155,10,70,http://localhost:8080/search?q=beauty&author=Oscar%20Wilde,144,0,0
1782356385327,148,HTTP Request,200,OK,Author Query 5-1,text,true,,263,155,10,70,http://localhost:8080/search?q=beauty&author=Oscar%20Wilde,148,0,0
1782356385324,151,HTTP Request,200,OK,Author Query 5-9,text,true,,263,155,10,70,http://localhost:8080/search?q=beauty&author=Oscar%20Wilde,151,0,0
1782356385401,88,HTTP Request,200,OK,Author Query 5-7,text,true,,263,155,10,70,http://localhost:8080/search?q=beauty&author=Oscar%20Wilde,88,0,0
1782356385328,166,HTTP Request,200,OK,Author Query 5-2,text,true,,263,155,10,70,http://localhost:8080/search?q=beauty&author=Oscar%20Wilde,166,0,0
1782356385445,84,HTTP Request,200,OK,Author Query 5-4,text,true,,263,155,10,70,http://localhost:8080/search?q=beauty&author=Oscar%20Wilde,84,0,0
1782356385457,92,HTTP Request,200,OK,Author Query 5-6,text,true,,263,155,10,70,http://localhost:8080/search?q=beauty&author=Oscar%20Wilde,92,0,0
1782356385489,80,HTTP Request,200,OK,Author Query 5-7,text,true,,263,155,10,70,http://localhost:8080/search?q=beauty&author=Oscar%20Wilde,80,0,0
1782356385475,94,HTTP Request,200,OK,Author Query 5-1,text,true,,263,155,10,70,http://localhost:8080/search?q=beauty&author=Oscar%20Wilde,94,0,0
1782356385476,95,HTTP Request,200,OK,Author Query 5-9,text,true,,263,155,10,70,http://localhost:8080/search?q=beauty&author=Oscar%20Wilde,95,0,0
1782356385362,218,HTTP Request,200,OK,Author Query 5-5,text,true,,263,155,10,70,http://localhost:8080/search?q=beauty&author=Oscar%20Wilde,218,0,0
1782356385362,223,HTTP Request,200,OK,Author Query 5-3,text,true,,263,155,10,70,http://localhost:8080/search?q=beauty&author=Oscar%20Wilde,223,0,0
1782356385401,196,HTTP Request,200,OK,Author Query 5-10,text,true,,263,155,10,69,http://localhost:8080/search?q=beauty&author=Oscar%20Wilde,196,0,0
1782356385385,220,HTTP Request,200,OK,Author Query 5-8,text,true,,263,155,10,69,http://localhost:8080/search?q=beauty&author=Oscar%20Wilde,220,0,0
1782356385494,128,HTTP Request,200,OK,Author Query 5-2,text,true,,263,155,10,69,http://localhost:8080/search?q=beauty&author=Oscar%20Wilde,128,0,0
1782356385529,152,HTTP Request,200,OK,Author Query 5-4,text,true,,263,155,10,69,http://localhost:8080/search?q=beauty&author=Oscar%20Wilde,152,0,0
1782356385549,149,HTTP Request,200,OK,Author Query 5-6,text,true,,263,155,10,69,http://localhost:8080/search?q=beauty&author=Oscar%20Wilde,148,0,0
1782356385569,129,HTTP Request,200,OK,Author Query 5-7,text,true,,263,155,10,69,http://localhost:8080/search?q=beauty&author=Oscar%20Wilde,129,0,0
1782356385571,127,HTTP Request,200,OK,Author Query 5-9,text,true,,263,155,10,69,http://localhost:8080/search?q=beauty&author=Oscar%20Wilde,127,0,0
1782356385569,130,HTTP Request,200,OK,Author Query 5-1,text,true,,263,155,10,69,http://localhost:8080/search?q=beauty&author=Oscar%20Wilde,130,0,0
1782356385605,146,HTTP Request,200,OK,Author Query 5-8,text,true,,263,155,10,69,http://localhost:8080/search?q=beauty&author=Oscar%20Wilde,146,0,2
1782356385622,131,HTTP Request,200,OK,Author Query 5-2,text,true,,263,155,10,69,http://localhost:8080/search?q=beauty&author=Oscar%20Wilde,131,0,0
1782356385585,233,HTTP Request,200,OK,Author Query 5-3,text,true,,263,155,10,69,http://localhost:8080/search?q=beauty&author=Oscar%20Wilde,233,0,0
1782356385580,253,HTTP Request,200,OK,Author Query 5-5,text,true,,263,155,10,69,http://localhost:8080/search?q=beauty&author=Oscar%20Wilde,253,0,0
1782356385597,237,HTTP Request,200,OK,Author Query 5-10,text,true,,263,155,10,69,http://localhost:8080/search?q=beauty&author=Oscar%20Wilde,237,0,0
1782356385753,115,HTTP Request,200,OK,Author Query 5-2,text,true,,263,155,10,69,http://localhost:8080/search?q=beauty&author=Oscar%20Wilde,115,0,0
1782356385751,118,HTTP Request,200,OK,Author Query 5-8,text,true,,263,155,10,69,http://localhost:8080/search?q=beauty&author=Oscar%20Wilde,118,0,0
1782356385698,181,HTTP Request,200,OK,Author Query 5-7,text,true,,263,155,10,69,http://localhost:8080/search?q=beauty&author=Oscar%20Wilde,181,0,0
1782356385699,183,HTTP Request,200,OK,Author Query 5-9,text,true,,263,155,10,69,http://localhost:8080/search?q=beauty&author=Oscar%20Wilde,183,0,0
1782356385682,204,HTTP Request,200,OK,Author Query 5-4,text,true,,263,155,10,69,http://localhost:8080/search?q=beauty&author=Oscar%20Wilde,204,0,0
1782356385698,212,HTTP Request,200,OK,Author Query 5-6,text,true,,263,155,10,69,http://localhost:8080/search?q=beauty&author=Oscar%20Wilde,212,0,0
1782356385699,216,HTTP Request,200,OK,Author Query 5-1,text,true,,263,155,10,69,http://localhost:8080/search?q=beauty&author=Oscar%20Wilde,216,0,0
1782356385868,114,HTTP Request,200,OK,Author Query 5-2,text,true,,263,155,10,69,http://localhost:8080/search?q=beauty&author=Oscar%20Wilde,114,0,0
1782356385869,119,HTTP Request,200,OK,Author Query 5-8,text,true,,263,155,10,69,http://localhost:8080/search?q=beauty&author=Oscar%20Wilde,119,0,0
1782356385836,153,HTTP Request,200,OK,Author Query 5-10,text,true,,263,155,10,69,http://localhost:8080/search?q=beauty&author=Oscar%20Wilde,153,0,0
1782356385880,109,HTTP Request,200,OK,Author Query 5-7,text,true,,263,155,10,69,http://localhost:8080/search?q=beauty&author=Oscar%20Wilde,109,0,0
1782356385834,156,HTTP Request,200,OK,Author Query 5-5,text,true,,263,155,10,69,http://localhost:8080/search?q=beauty&author=Oscar%20Wilde,156,0,0
1782356385819,172,HTTP Request,200,OK,Author Query 5-3,text,true,,263,155,10,69,http://localhost:8080/search?q=beauty&author=Oscar%20Wilde,172,0,0
1782356385883,129,HTTP Request,200,OK,Author Query 5-9,text,true,,263,155,10,69,http://localhost:8080/search?q=beauty&author=Oscar%20Wilde,129,0,0
1782356385887,167,HTTP Request,200,OK,Author Query 5-4,text,true,,263,155,10,69,http://localhost:8080/search?q=beauty&author=Oscar%20Wilde,167,0,0
1782356385915,156,HTTP Request,200,OK,Author Query 5-1,text,true,,263,155,10,69,http://localhost:8080/search?q=beauty&author=Oscar%20Wilde,156,0,0
1782356385910,161,HTTP Request,200,OK,Author Query 5-6,text,true,,263,155,10,69,http://localhost:8080/search?q=beauty&author=Oscar%20Wilde,161,0,0
1782356385989,130,HTTP Request,200,OK,Author Query 5-10,text,true,,263,155,9,68,http://localhost:8080/search?q=beauty&author=Oscar%20Wilde,130,0,0
1782356385990,129,HTTP Request,200,OK,Author Query 5-5,text,true,,263,155,9,68,http://localhost:8080/search?q=beauty&author=Oscar%20Wilde,129,0,0
1782356385989,130,HTTP Request,200,OK,Author Query 5-7,text,true,,263,155,9,68,http://localhost:8080/search?q=beauty&author=Oscar%20Wilde,130,0,0
1782356385992,128,HTTP Request,200,OK,Author Query 5-3,text,true,,263,155,9,68,http://localhost:8080/search?q=beauty&author=Oscar%20Wilde,128,0,0
1782356385982,138,HTTP Request,200,OK,Author Query 5-2,text,true,,263,155,9,68,http://localhost:8080/search?q=beauty&author=Oscar%20Wilde,138,0,0
1782356385988,133,HTTP Request,200,OK,Author Query 5-8,text,true,,263,155,9,68,http://localhost:8080/search?q=beauty&author=Oscar%20Wilde,133,0,0
1782356386012,117,HTTP Request,200,OK,Author Query 5-9,text,true,,263,155,9,68,http://localhost:8080/search?q=beauty&author=Oscar%20Wilde,117,0,0
1782356386055,153,HTTP Request,200,OK,Author Query 5-4,text,true,,263,155,9,68,http://localhost:8080/search?q=beauty&author=Oscar%20Wilde,153,0,0
1782356386120,92,HTTP Request,200,OK,Author Query 5-3,text,true,,263,155,9,68,http://localhost:8080/search?q=beauty&author=Oscar%20Wilde,92,0,0
1782356386119,123,HTTP Request,200,OK,Author Query 5-5,text,true,,263,155,9,68,http://localhost:8080/search?q=beauty&author=Oscar%20Wilde,123,0,0
1782356386120,127,HTTP Request,200,OK,Author Query 5-2,text,true,,263,155,9,68,http://localhost:8080/search?q=beauty&author=Oscar%20Wilde,127,0,0
1782356386119,129,HTTP Request,200,OK,Author Query 5-10,text,true,,263,155,9,68,http://localhost:8080/search?q=beauty&author=Oscar%20Wilde,129,0,0
1782356386121,127,HTTP Request,200,OK,Author Query 5-8,text,true,,263,155,9,68,http://localhost:8080/search?q=beauty&author=Oscar%20Wilde,127,0,0
1782356386129,119,HTTP Request,200,OK,Author Query 5-9,text,true,,263,155,9,68,http://localhost:8080/search?q=beauty&author=Oscar%20Wilde,119,0,0
1782356386071,178,HTTP Request,200,OK,Author Query 5-6,text,true,,263,155,9,68,http://localhost:8080/search?q=beauty&author=Oscar%20Wilde,178,0,0
1782356386120,146,HTTP Request,200,OK,Author Query 5-7,text,true,,263,155,9,68,http://localhost:8080/search?q=beauty&author=Oscar%20Wilde,146,0,0
1782356386248,149,HTTP Request,200,OK,Author Query 5-8,text,true,,263,155,9,68,http://localhost:8080/search?q=beauty&author=Oscar%20Wilde,148,0,0
1782356386248,187,HTTP Request,200,OK,Author Query 5-2,text,true,,263,155,9,68,http://localhost:8080/search?q=beauty&author=Oscar%20Wilde,187,0,0
1782356386248,187,HTTP Request,200,OK,Author Query 5-10,text,true,,263,155,9,68,http://localhost:8080/search?q=beauty&author=Oscar%20Wilde,187,0,0
1782356386249,188,HTTP Request,200,OK,Author Query 5-6,text,true,,263,155,9,68,http://localhost:8080/search?q=beauty&author=Oscar%20Wilde,188,0,0
1782356386208,230,HTTP Request,200,OK,Author Query 5-4,text,true,,263,155,9,68,http://localhost:8080/search?q=beauty&author=Oscar%20Wilde,230,0,0
1782356386243,200,HTTP Request,200,OK,Author Query 5-5,text,true,,263,155,9,68,http://localhost:8080/search?q=beauty&author=Oscar%20Wilde,200,0,0
1782356386266,178,HTTP Request,200,OK,Author Query 5-7,text,true,,263,155,9,68,http://localhost:8080/search?q=beauty&author=Oscar%20Wilde,177,0,0
1782356386249,196,HTTP Request,200,OK,Author Query 5-9,text,true,,263,155,9,68,http://localhost:8080/search?q=beauty&author=Oscar%20Wilde,196,0,0
1782356386212,243,HTTP Request,200,OK,Author Query 5-3,text,true,,263,155,9,67,http://localhost:8080/search?q=beauty&author=Oscar%20Wilde,243,0,0
1782356386438,125,HTTP Request,200,OK,Author Query 5-6,text,true,,263,155,9,67,http://localhost:8080/search?q=beauty&author=Oscar%20Wilde,125,0,0
1782356386444,138,HTTP Request,200,OK,Author Query 5-7,text,true,,263,155,9,67,http://localhost:8080/search?q=beauty&author=Oscar%20Wilde,138,0,0
1782356386438,196,HTTP Request,200,OK,Author Query 5-4,text,true,,263,155,9,67,http://localhost:8080/search?q=beauty&author=Oscar%20Wilde,196,0,0
1782356386455,181,HTTP Request,200,OK,Author Query 5-3,text,true,,263,155,9,67,http://localhost:8080/search?q=beauty&author=Oscar%20Wilde,181,0,0
1782356386435,201,HTTP Request,200,OK,Author Query 5-2,text,true,,263,155,9,67,http://localhost:8080/search?q=beauty&author=Oscar%20Wilde,201,0,0
1782356386445,191,HTTP Request,200,OK,Author Query 5-9,text,true,,263,155,9,67,http://localhost:8080/search?q=beauty&author=Oscar%20Wilde,191,0,0
1782356386436,201,HTTP Request,200,OK,Author Query 5-10,text,true,,263,155,9,67,http://localhost:8080/search?q=beauty&author=Oscar%20Wilde,201,0,0
1782356386397,243,HTTP Request,200,OK,Author Query 5-8,text,true,,263,155,9,67,http://localhost:8080/search?q=beauty&author=Oscar%20Wilde,243,0,0
1782356386444,212,HTTP Request,200,OK,Author Query 5-5,text,true,,263,155,9,67,http://localhost:8080/search?q=beauty&author=Oscar%20Wilde,212,0,0
1782356386583,111,HTTP Request,200,OK,Author Query 5-7,text,true,,263,155,9,67,http://localhost:8080/search?q=beauty&author=Oscar%20Wilde,111,0,0
1782356386563,138,HTTP Request,200,OK,Author Query 5-6,text,true,,263,155,9,67,http://localhost:8080/search?q=beauty&author=Oscar%20Wilde,138,0,0
1782356386636,121,HTTP Request,200,OK,Author Query 5-3,text,true,,263,155,9,67,http://localhost:8080/search?q=beauty&author=Oscar%20Wilde,121,0,0
1782356386635,122,HTTP Request,200,OK,Author Query 5-4,text,true,,263,155,9,67,http://localhost:8080/search?q=beauty&author=Oscar%20Wilde,122,0,0
1782356386701,100,HTTP Request,200,OK,Author Query 5-6,text,true,,263,155,9,67,http://localhost:8080/search?q=beauty&author=Oscar%20Wilde,100,0,0
1782356386637,175,HTTP Request,200,OK,Author Query 5-10,text,true,,263,155,9,67,http://localhost:8080/search?q=beauty&author=Oscar%20Wilde,175,0,0
1782356386636,182,HTTP Request,200,OK,Author Query 5-2,text,true,,263,155,9,67,http://localhost:8080/search?q=beauty&author=Oscar%20Wilde,182,0,0
1782356386636,241,HTTP Request,200,OK,Author Query 5-9,text,true,,263,155,9,67,http://localhost:8080/search?q=beauty&author=Oscar%20Wilde,241,0,3
1782356386695,183,HTTP Request,200,OK,Author Query 5-7,text,true,,263,155,9,67,http://localhost:8080/search?q=beauty&author=Oscar%20Wilde,183,0,0
1782356386656,223,HTTP Request,200,OK,Author Query 5-5,text,true,,263,155,9,67,http://localhost:8080/search?q=beauty&author=Oscar%20Wilde,223,0,0
1782356386640,260,HTTP Request,200,OK,Author Query 5-8,text,true,,263,155,9,67,http://localhost:8080/search?q=beauty&author=Oscar%20Wilde,260,0,0
1782356386757,176,HTTP Request,200,OK,Author Query 5-3,text,true,,263,155,9,67,http://localhost:8080/search?q=beauty&author=Oscar%20Wilde,176,0,0
1782356386812,122,HTTP Request,200,OK,Author Query 5-10,text,true,,263,155,9,67,http://localhost:8080/search?q=beauty&author=Oscar%20Wilde,122,0,0
1782356386801,158,HTTP Request,200,OK,Author Query 5-6,text,true,,263,155,9,67,http://localhost:8080/search?q=beauty&author=Oscar%20Wilde,158,0,0
1782356386757,203,HTTP Request,200,OK,Author Query 5-4,text,true,,263,155,9,67,http://localhost:8080/search?q=beauty&author=Oscar%20Wilde,203,0,0
1782356386818,142,HTTP Request,200,OK,Author Query 5-2,text,true,,263,155,9,67,http://localhost:8080/search?q=beauty&author=Oscar%20Wilde,142,0,0
1782356386878,112,HTTP Request,200,OK,Author Query 5-7,text,true,,263,155,9,67,http://localhost:8080/search?q=beauty&author=Oscar%20Wilde,112,0,0
1782356386879,122,HTTP Request,200,OK,Author Query 5-5,text,true,,263,155,9,67,http://localhost:8080/search?q=beauty&author=Oscar%20Wilde,122,0,0
1782356386901,143,HTTP Request,200,OK,Author Query 5-8,text,true,,263,155,9,67,http://localhost:8080/search?q=beauty&author=Oscar%20Wilde,143,0,0
1782356386877,167,HTTP Request,200,OK,Author Query 5-9,text,true,,263,155,9,67,http://localhost:8080/search?q=beauty&author=Oscar%20Wilde,167,0,0
1782356386933,111,HTTP Request,200,OK,Author Query 5-3,text,true,,263,155,9,67,http://localhost:8080/search?q=beauty&author=Oscar%20Wilde,111,0,0
1782356386934,111,HTTP Request,200,OK,Author Query 5-10,text,true,,263,155,9,67,http://localhost:8080/search?q=beauty&author=Oscar%20Wilde,111,0,0
1782356386961,87,HTTP Request,200,OK,Author Query 5-2,text,true,,263,155,9,67,http://localhost:8080/search?q=beauty&author=Oscar%20Wilde,87,0,0
1782356386960,124,HTTP Request,200,OK,Author Query 5-6,text,true,,263,155,9,67,http://localhost:8080/search?q=beauty&author=Oscar%20Wilde,124,0,0
1782356386960,124,HTTP Request,200,OK,Author Query 5-4,text,true,,263,155,9,67,http://localhost:8080/search?q=beauty&author=Oscar%20Wilde,124,0,0
1782356386990,134,HTTP Request,200,OK,Author Query 5-7,text,true,,263,155,9,67,http://localhost:8080/search?q=beauty&author=Oscar%20Wilde,134,0,0
1782356387002,210,HTTP Request,200,OK,Author Query 5-5,text,true,,263,155,9,67,http://localhost:8080/search?q=beauty&author=Oscar%20Wilde,210,0,0
1782356387048,176,HTTP Request,200,OK,Author Query 5-2,text,true,,263,155,9,67,http://localhost:8080/search?q=beauty&author=Oscar%20Wilde,176,0,0
1782356387045,179,HTTP Request,200,OK,Author Query 5-9,text,true,,263,155,9,67,http://localhost:8080/search?q=beauty&author=Oscar%20Wilde,179,0,0
1782356387044,181,HTTP Request,200,OK,Author Query 5-8,text,true,,263,155,9,67,http://localhost:8080/search?q=beauty&author=Oscar%20Wilde,181,0,0
1782356387045,180,HTTP Request,200,OK,Author Query 5-10,text,true,,263,155,9,67,http://localhost:8080/search?q=beauty&author=Oscar%20Wilde,180,0,0
1782356387084,169,HTTP Request,200,OK,Author Query 5-6,text,true,,263,155,9,67,http://localhost:8080/search?q=beauty&author=Oscar%20Wilde,169,0,0
1782356387084,198,HTTP Request,200,OK,Author Query 5-4,text,true,,263,155,9,67,http://localhost:8080/search?q=beauty&author=Oscar%20Wilde,198,0,0
1782356387044,249,HTTP Request,200,OK,Author Query 5-3,text,true,,263,155,9,67,http://localhost:8080/search?q=beauty&author=Oscar%20Wilde,249,0,0
1782356387124,177,HTTP Request,200,OK,Author Query 5-7,text,true,,263,155,9,67,http://localhost:8080/search?q=beauty&author=Oscar%20Wilde,177,0,0
1782356387212,96,HTTP Request,200,OK,Author Query 5-5,text,true,,263,155,9,67,http://localhost:8080/search?q=beauty&author=Oscar%20Wilde,96,0,0
1782356387224,166,HTTP Request,200,OK,Author Query 5-9,text,true,,263,155,9,67,http://localhost:8080/search?q=beauty&author=Oscar%20Wilde,166,0,0
1782356387225,186,HTTP Request,200,OK,Author Query 5-8,text,true,,263,155,9,67,http://localhost:8080/search?q=beauty&author=Oscar%20Wilde,186,0,0
1782356387309,104,HTTP Request,200,OK,Author Query 5-5,text,true,,263,155,9,67,http://localhost:8080/search?q=beauty&author=Oscar%20Wilde,104,0,0
1782356387283,131,HTTP Request,200,OK,Author Query 5-4,text,true,,263,155,9,67,http://localhost:8080/search?q=beauty&author=Oscar%20Wilde,131,0,0
1782356387225,194,HTTP Request,200,OK,Author Query 5-10,text,true,,263,155,9,67,http://localhost:8080/search?q=beauty&author=Oscar%20Wilde,194,0,0
1782356387301,120,HTTP Request,200,OK,Author Query 5-7,text,true,,263,155,9,66,http://localhost:8080/search?q=beauty&author=Oscar%20Wilde,120,0,0
1782356387224,198,HTTP Request,200,OK,Author Query 5-2,text,true,,263,155,9,66,http://localhost:8080/search?q=beauty&author=Oscar%20Wilde,198,0,0
1782356387253,171,HTTP Request,200,OK,Author Query 5-6,text,true,,263,155,9,66,http://localhost:8080/search?q=beauty&author=Oscar%20Wilde,171,0,0
1782356387294,170,HTTP Request,200,OK,Author Query 5-3,text,true,,263,155,9,66,http://localhost:8080/search?q=beauty&author=Oscar%20Wilde,170,0,0
1782356387390,82,HTTP Request,200,OK,Author Query 5-9,text,true,,263,155,9,66,http://localhost:8080/search?q=beauty&author=Oscar%20Wilde,82,0,0
1782356387411,79,HTTP Request,200,OK,Author Query 5-8,text,true,,263,155,9,66,http://localhost:8080/search?q=beauty&author=Oscar%20Wilde,78,0,0
1782356387415,108,HTTP Request,200,OK,Author Query 5-4,text,true,,263,155,9,66,http://localhost:8080/search?q=beauty&author=Oscar%20Wilde,108,0,0
1782356387421,111,HTTP Request,200,OK,Author Query 5-7,text,true,,263,155,9,66,http://localhost:8080/search?q=beauty&author=Oscar%20Wilde,111,0,0
1782356387422,111,HTTP Request,200,OK,Author Query 5-2,text,true,,263,155,9,66,http://localhost:8080/search?q=beauty&author=Oscar%20Wilde,111,0,0
1782356387419,114,HTTP Request,200,OK,Author Query 5-10,text,true,,263,155,9,66,http://localhost:8080/search?q=beauty&author=Oscar%20Wilde,114,0,0
1782356387413,120,HTTP Request,200,OK,Author Query 5-5,text,true,,263,155,9,66,http://localhost:8080/search?q=beauty&author=Oscar%20Wilde,120,0,0
1782356387464,92,HTTP Request,200,OK,Author Query 5-3,text,true,,263,155,9,66,http://localhost:8080/search?q=beauty&author=Oscar%20Wilde,92,0,0
1782356387425,158,HTTP Request,200,OK,Author Query 5-6,text,true,,263,155,9,66,http://localhost:8080/search?q=beauty&author=Oscar%20Wilde,158,0,0
1782356387472,127,HTTP Request,200,OK,Author Query 5-9,text,true,,263,155,9,66,http://localhost:8080/search?q=beauty&author=Oscar%20Wilde,127,0,0
1782356387490,115,HTTP Request,200,OK,Author Query 5-8,text,true,,263,155,9,66,http://localhost:8080/search?q=beauty&author=Oscar%20Wilde,115,0,0
1782356387532,94,HTTP Request,200,OK,Author Query 5-7,text,true,,263,155,9,66,http://localhost:8080/search?q=beauty&author=Oscar%20Wilde,94,0,0
1782356387523,106,HTTP Request,200,OK,Author Query 5-4,text,true,,263,155,9,66,http://localhost:8080/search?q=beauty&author=Oscar%20Wilde,106,0,0
1782356387533,126,HTTP Request,200,OK,Author Query 5-5,text,true,,263,155,9,66,http://localhost:8080/search?q=beauty&author=Oscar%20Wilde,126,0,0
1782356387533,128,HTTP Request,200,OK,Author Query 5-10,text,true,,263,155,9,66,http://localhost:8080/search?q=beauty&author=Oscar%20Wilde,128,0,1
1782356387533,140,HTTP Request,200,OK,Author Query 5-2,text,true,,263,155,9,66,http://localhost:8080/search?q=beauty&author=Oscar%20Wilde,140,0,0
1782356387556,118,HTTP Request,200,OK,Author Query 5-3,text,true,,263,155,9,66,http://localhost:8080/search?q=beauty&author=Oscar%20Wilde,118,0,0
1782356387583,107,HTTP Request,200,OK,Author Query 5-6,text,true,,263,155,9,66,http://localhost:8080/search?q=beauty&author=Oscar%20Wilde,107,0,0
1782356387626,77,HTTP Request,200,OK,Author Query 5-7,text,true,,263,155,9,66,http://localhost:8080/search?q=beauty&author=Oscar%20Wilde,77,0,0
1782356387629,74,HTTP Request,200,OK,Author Query 5-4,text,true,,263,155,9,66,http://localhost:8080/search?q=beauty&author=Oscar%20Wilde,74,0,0
1782356387599,131,HTTP Request,200,OK,Author Query 5-9,text,true,,263,155,9,66,http://localhost:8080/search?q=beauty&author=Oscar%20Wilde,131,0,0
1782356387605,125,HTTP Request,200,OK,Author Query 5-8,text,true,,263,155,9,66,http://localhost:8080/search?q=beauty&author=Oscar%20Wilde,125,0,0
1782356387661,85,HTTP Request,200,OK,Author Query 5-10,text,true,,263,155,9,66,http://localhost:8080/search?q=beauty&author=Oscar%20Wilde,85,0,0
1782356387659,88,HTTP Request,200,OK,Author Query 5-5,text,true,,263,155,9,66,http://localhost:8080/search?q=beauty&author=Oscar%20Wilde,88,0,0
1782356387690,112,HTTP Request,200,OK,Author Query 5-6,text,true,,263,155,9,66,http://localhost:8080/search?q=beauty&author=Oscar%20Wilde,112,0,0
1782356387674,128,HTTP Request,200,OK,Author Query 5-2,text,true,,263,155,9,66,http://localhost:8080/search?q=beauty&author=Oscar%20Wilde,128,0,0
1782356387674,128,HTTP Request,200,OK,Author Query 5-3,text,true,,263,155,9,66,http://localhost:8080/search?q=beauty&author=Oscar%20Wilde,128,0,0
1782356387703,109,HTTP Request,200,OK,Author Query 5-7,text,true,,263,155,9,66,http://localhost:8080/search?q=beauty&author=Oscar%20Wilde,109,0,0
1782356387747,85,HTTP Request,200,OK,Author Query 5-10,text,true,,263,155,9,65,http://localhost:8080/search?q=beauty&author=Oscar%20Wilde,85,0,0
1782356387747,85,HTTP Request,200,OK,Author Query 5-5,text,true,,263,155,9,65,http://localhost:8080/search?q=beauty&author=Oscar%20Wilde,85,0,0
1782356387704,141,HTTP Request,200,OK,Author Query 5-4,text,true,,263,155,9,65,http://localhost:8080/search?q=beauty&author=Oscar%20Wilde,141,0,0
1782356387730,202,HTTP Request,200,OK,Author Query 5-9,text,true,,263,155,9,65,http://localhost:8080/search?q=beauty&author=Oscar%20Wilde,202,0,0
1782356387730,235,HTTP Request,200,OK,Author Query 5-8,text,true,,263,155,9,65,http://localhost:8080/search?q=beauty&author=Oscar%20Wilde,235,0,0
1782356387813,162,HTTP Request,200,OK,Author Query 5-7,text,true,,263,155,9,65,http://localhost:8080/search?q=beauty&author=Oscar%20Wilde,162,0,0
1782356387846,137,HTTP Request,200,OK,Author Query 5-4,text,true,,263,155,9,65,http://localhost:8080/search?q=beauty&author=Oscar%20Wilde,137,0,0
1782356387802,182,HTTP Request,200,OK,Author Query 5-6,text,true,,263,155,9,65,http://localhost:8080/search?q=beauty&author=Oscar%20Wilde,182,0,0
1782356387802,182,HTTP Request,200,OK,Author Query 5-2,text,true,,263,155,9,65,http://localhost:8080/search?q=beauty&author=Oscar%20Wilde,182,0,0
1782356387802,183,HTTP Request,200,OK,Author Query 5-3,text,true,,263,155,9,65,http://localhost:8080/search?q=beauty&author=Oscar%20Wilde,183,0,0
1782356387833,163,HTTP Request,200,OK,Author Query 5-5,text,true,,263,155,9,65,http://localhost:8080/search?q=beauty&author=Oscar%20Wilde,163,0,0
1782356387832,165,HTTP Request,200,OK,Author Query 5-10,text,true,,263,155,9,65,http://localhost:8080/search?q=beauty&author=Oscar%20Wilde,165,0,0
1782356387933,86,HTTP Request,200,OK,Author Query 5-9,text,true,,263,155,9,65,http://localhost:8080/search?q=beauty&author=Oscar%20Wilde,86,0,0
1782356387965,106,HTTP Request,200,OK,Author Query 5-8,text,true,,263,155,9,65,http://localhost:8080/search?q=beauty&author=Oscar%20Wilde,106,0,0
1782356387984,113,HTTP Request,200,OK,Author Query 5-2,text,true,,263,155,9,65,http://localhost:8080/search?q=beauty&author=Oscar%20Wilde,113,0,0
1782356387975,126,HTTP Request,200,OK,Author Query 5-7,text,true,,263,155,9,65,http://localhost:8080/search?q=beauty&author=Oscar%20Wilde,126,0,0
1782356387984,131,HTTP Request,200,OK,Author Query 5-6,text,true,,263,155,9,65,http://localhost:8080/search?q=beauty&author=Oscar%20Wilde,131,0,0
1782356387983,135,HTTP Request,200,OK,Author Query 5-4,text,true,,263,155,9,65,http://localhost:8080/search?q=beauty&author=Oscar%20Wilde,135,0,0
1782356387997,124,HTTP Request,200,OK,Author Query 5-10,text,true,,263,155,9,65,http://localhost:8080/search?q=beauty&author=Oscar%20Wilde,124,0,0
1782356388019,102,HTTP Request,200,OK,Author Query 5-9,text,true,,263,155,9,65,http://localhost:8080/search?q=beauty&author=Oscar%20Wilde,102,0,0
1782356387997,132,HTTP Request,200,OK,Author Query 5-5,text,true,,263,155,9,65,http://localhost:8080/search?q=beauty&author=Oscar%20Wilde,132,0,0
1782356387985,144,HTTP Request,200,OK,Author Query 5-3,text,true,,263,155,9,65,http://localhost:8080/search?q=beauty&author=Oscar%20Wilde,144,0,0
1782356388071,95,HTTP Request,200,OK,Author Query 5-8,text,true,,263,155,9,65,http://localhost:8080/search?q=beauty&author=Oscar%20Wilde,95,0,0
1782356388115,91,HTTP Request,200,OK,Author Query 5-6,text,true,,263,155,9,65,http://localhost:8080/search?q=beauty&author=Oscar%20Wilde,91,0,0
1782356388118,88,HTTP Request,200,OK,Author Query 5-4,text,true,,263,155,9,65,http://localhost:8080/search?q=beauty&author=Oscar%20Wilde,88,0,0
1782356388097,110,HTTP Request,200,OK,Author Query 5-2,text,true,,263,155,9,65,http://localhost:8080/search?q=beauty&author=Oscar%20Wilde,110,0,0
1782356388102,105,HTTP Request,200,OK,Author Query 5-7,text,true,,263,155,9,65,http://localhost:8080/search?q=beauty&author=Oscar%20Wilde,105,0,0
1782356388121,86,HTTP Request,200,OK,Author Query 5-10,text,true,,263,155,9,65,http://localhost:8080/search?q=beauty&author=Oscar%20Wilde,86,0,0
1782356388121,92,HTTP Request,200,OK,Author Query 5-9,text,true,,263,155,9,65,http://localhost:8080/search?q=beauty&author=Oscar%20Wilde,92,0,0
1782356388130,115,HTTP Request,200,OK,Author Query 5-3,text,true,,263,155,9,65,http://localhost:8080/search?q=beauty&author=Oscar%20Wilde,115,0,0
1782356388166,109,HTTP Request,200,OK,Author Query 5-8,text,true,,263,155,9,65,http://localhost:8080/search?q=beauty&author=Oscar%20Wilde,109,0,0
1782356388206,75,HTTP Request,200,OK,Author Query 5-6,text,true,,263,155,9,65,http://localhost:8080/search?q=beauty&author=Oscar%20Wilde,75,0,0
1782356388206,76,HTTP Request,200,OK,Author Query 5-4,text,true,,263,155,9,65,http://localhost:8080/search?q=beauty&author=Oscar%20Wilde,76,0,0
1782356388130,152,HTTP Request,200,OK,Author Query 5-5,text,true,,263,155,9,65,http://localhost:8080/search?q=beauty&author=Oscar%20Wilde,152,0,0
1782356388207,86,HTTP Request,200,OK,Author Query 5-10,text,true,,263,155,9,65,http://localhost:8080/search?q=beauty&author=Oscar%20Wilde,86,0,0
1782356388207,122,HTTP Request,200,OK,Author Query 5-7,text,true,,263,155,9,65,http://localhost:8080/search?q=beauty&author=Oscar%20Wilde,122,0,0
1782356388214,115,HTTP Request,200,OK,Author Query 5-9,text,true,,263,155,9,65,http://localhost:8080/search?q=beauty&author=Oscar%20Wilde,115,0,0
1782356388207,125,HTTP Request,200,OK,Author Query 5-2,text,true,,263,155,9,65,http://localhost:8080/search?q=beauty&author=Oscar%20Wilde,125,0,0
1782356388245,93,HTTP Request,200,OK,Author Query 5-3,text,true,,263,155,8,64,http://localhost:8080/search?q=beauty&author=Oscar%20Wilde,93,0,0
1782356388275,69,HTTP Request,200,OK,Author Query 5-8,text,true,,263,155,8,64,http://localhost:8080/search?q=beauty&author=Oscar%20Wilde,69,0,0
1782356388281,141,HTTP Request,200,OK,Author Query 5-6,text,true,,263,155,8,64,http://localhost:8080/search?q=beauty&author=Oscar%20Wilde,141,0,0
1782356388282,158,HTTP Request,200,OK,Author Query 5-5,text,true,,263,155,8,64,http://localhost:8080/search?q=beauty&author=Oscar%20Wilde,158,0,0
1782356388282,170,HTTP Request,200,OK,Author Query 5-4,text,true,,263,155,8,64,http://localhost:8080/search?q=beauty&author=Oscar%20Wilde,170,0,0
1782356388293,171,HTTP Request,200,OK,Author Query 5-10,text,true,,263,155,8,64,http://localhost:8080/search?q=beauty&author=Oscar%20Wilde,171,0,0
1782356388344,140,HTTP Request,200,OK,Author Query 5-8,text,true,,263,155,8,64,http://localhost:8080/search?q=beauty&author=Oscar%20Wilde,140,0,0
1782356388338,147,HTTP Request,200,OK,Author Query 5-3,text,true,,263,155,8,64,http://localhost:8080/search?q=beauty&author=Oscar%20Wilde,147,0,0
1782356388330,188,HTTP Request,200,OK,Author Query 5-9,text,true,,263,155,8,64,http://localhost:8080/search?q=beauty&author=Oscar%20Wilde,188,0,0
1782356388330,189,HTTP Request,200,OK,Author Query 5-7,text,true,,263,155,8,64,http://localhost:8080/search?q=beauty&author=Oscar%20Wilde,189,0,0
1782356388423,96,HTTP Request,200,OK,Author Query 5-6,text,true,,263,155,8,64,http://localhost:8080/search?q=beauty&author=Oscar%20Wilde,96,0,0
1782356388440,99,HTTP Request,200,OK,Author Query 5-5,text,true,,263,155,8,64,http://localhost:8080/search?q=beauty&author=Oscar%20Wilde,99,0,0
1782356388465,75,HTTP Request,200,OK,Author Query 5-10,text,true,,263,155,8,64,http://localhost:8080/search?q=beauty&author=Oscar%20Wilde,75,0,0
1782356388452,107,HTTP Request,200,OK,Author Query 5-4,text,true,,263,155,8,64,http://localhost:8080/search?q=beauty&author=Oscar%20Wilde,107,0,0
1782356388485,84,HTTP Request,200,OK,Author Query 5-8,text,true,,263,155,8,64,http://localhost:8080/search?q=beauty&author=Oscar%20Wilde,84,0,0
1782356388485,95,HTTP Request,200,OK,Author Query 5-3,text,true,,263,155,8,64,http://localhost:8080/search?q=beauty&author=Oscar%20Wilde,95,0,0
1782356388519,123,HTTP Request,200,OK,Author Query 5-7,text,true,,263,155,8,64,http://localhost:8080/search?q=beauty&author=Oscar%20Wilde,123,0,0
1782356388540,140,HTTP Request,200,OK,Author Query 5-5,text,true,,263,155,8,64,http://localhost:8080/search?q=beauty&author=Oscar%20Wilde,140,0,0
1782356388540,140,HTTP Request,200,OK,Author Query 5-10,text,true,,263,155,8,64,http://localhost:8080/search?q=beauty&author=Oscar%20Wilde,140,0,0
1782356388519,161,HTTP Request,200,OK,Author Query 5-6,text,true,,263,155,8,64,http://localhost:8080/search?q=beauty&author=Oscar%20Wilde,161,0,0
1782356388518,162,HTTP Request,200,OK,Author Query 5-9,text,true,,263,155,8,64,http://localhost:8080/search?q=beauty&author=Oscar%20Wilde,162,0,0
1782356388559,130,HTTP Request,200,OK,Author Query 5-4,text,true,,263,155,8,64,http://localhost:8080/search?q=beauty&author=Oscar%20Wilde,130,0,0
1782356388569,122,HTTP Request,200,OK,Author Query 5-8,text,true,,263,155,8,64,http://localhost:8080/search?q=beauty&author=Oscar%20Wilde,122,0,0
1782356388580,113,HTTP Request,200,OK,Author Query 5-3,text,true,,263,155,8,64,http://localhost:8080/search?q=beauty&author=Oscar%20Wilde,113,0,0
1782356388642,76,HTTP Request,200,OK,Author Query 5-7,text,true,,263,155,7,63,http://localhost:8080/search?q=beauty&author=Oscar%20Wilde,76,0,0
1782356388680,91,HTTP Request,200,OK,Author Query 5-9,text,true,,263,155,7,63,http://localhost:8080/search?q=beauty&author=Oscar%20Wilde,91,0,0
1782356388680,91,HTTP Request,200,OK,Author Query 5-10,text,true,,263,155,7,63,http://localhost:8080/search?q=beauty&author=Oscar%20Wilde,91,0,0
1782356388689,82,HTTP Request,200,OK,Author Query 5-4,text,true,,263,155,7,63,http://localhost:8080/search?q=beauty&author=Oscar%20Wilde,82,0,0
1782356388680,102,HTTP Request,200,OK,Author Query 5-6,text,true,,263,155,7,63,http://localhost:8080/search?q=beauty&author=Oscar%20Wilde,102,0,0
1782356388680,103,HTTP Request,200,OK,Author Query 5-5,text,true,,263,155,7,63,http://localhost:8080/search?q=beauty&author=Oscar%20Wilde,103,0,0
1782356388691,93,HTTP Request,200,OK,Author Query 5-8,text,true,,263,155,7,63,http://localhost:8080/search?q=beauty&author=Oscar%20Wilde,93,0,0
1782356388718,100,HTTP Request,200,OK,Author Query 5-7,text,true,,263,155,7,63,http://localhost:8080/search?q=beauty&author=Oscar%20Wilde,100,0,0
1782356388771,93,HTTP Request,200,OK,Author Query 5-9,text,true,,263,155,7,63,http://localhost:8080/search?q=beauty&author=Oscar%20Wilde,93,0,0
1782356388784,80,HTTP Request,200,OK,Author Query 5-8,text,true,,263,155,7,63,http://localhost:8080/search?q=beauty&author=Oscar%20Wilde,80,0,0
1782356388782,92,HTTP Request,200,OK,Author Query 5-6,text,true,,263,155,7,63,http://localhost:8080/search?q=beauty&author=Oscar%20Wilde,92,0,0
1782356388771,111,HTTP Request,200,OK,Author Query 5-4,text,true,,263,155,7,63,http://localhost:8080/search?q=beauty&author=Oscar%20Wilde,111,0,0
1782356388771,114,HTTP Request,200,OK,Author Query 5-10,text,true,,263,155,7,63,http://localhost:8080/search?q=beauty&author=Oscar%20Wilde,114,0,0
1782356388783,195,HTTP Request,200,OK,Author Query 5-5,text,true,,263,155,7,62,http://localhost:8080/search?q=beauty&author=Oscar%20Wilde,195,0,0
1782356388864,135,HTTP Request,200,OK,Author Query 5-8,text,true,,263,155,7,62,http://localhost:8080/search?q=beauty&author=Oscar%20Wilde,135,0,0
1782356388818,181,HTTP Request,200,OK,Author Query 5-7,text,true,,263,155,7,62,http://localhost:8080/search?q=beauty&author=Oscar%20Wilde,181,0,0
1782356388885,115,HTTP Request,200,OK,Author Query 5-10,text,true,,263,155,7,62,http://localhost:8080/search?q=beauty&author=Oscar%20Wilde,115,0,0
1782356388874,129,HTTP Request,200,OK,Author Query 5-6,text,true,,263,155,7,62,http://localhost:8080/search?q=beauty&author=Oscar%20Wilde,129,0,0
1782356388883,130,HTTP Request,200,OK,Author Query 5-4,text,true,,263,155,7,62,http://localhost:8080/search?q=beauty&author=Oscar%20Wilde,130,0,0
1782356388864,152,HTTP Request,200,OK,Author Query 5-9,text,true,,263,155,7,62,http://localhost:8080/search?q=beauty&author=Oscar%20Wilde,152,0,0
1782356389003,64,HTTP Request,200,OK,Author Query 5-6,text,true,,263,155,7,62,http://localhost:8080/search?q=beauty&author=Oscar%20Wilde,64,0,0
1782356388999,68,HTTP Request,200,OK,Author Query 5-7,text,true,,263,155,7,62,http://localhost:8080/search?q=beauty&author=Oscar%20Wilde,68,0,0
1782356388999,74,HTTP Request,200,OK,Author Query 5-8,text,true,,263,155,7,62,http://localhost:8080/search?q=beauty&author=Oscar%20Wilde,74,0,0
1782356389001,72,HTTP Request,200,OK,Author Query 5-10,text,true,,263,155,7,62,http://localhost:8080/search?q=beauty&author=Oscar%20Wilde,72,0,0
1782356389013,82,HTTP Request,200,OK,Author Query 5-4,text,true,,263,155,7,60,http://localhost:8080/search?q=beauty&author=Oscar%20Wilde,82,0,0
1782356389016,79,HTTP Request,200,OK,Author Query 5-9,text,true,,263,155,6,59,http://localhost:8080/search?q=beauty&author=Oscar%20Wilde,79,0,0
1782356388978,144,HTTP Request,200,OK,Author Query 5-5,text,true,,263,155,6,59,http://localhost:8080/search?q=beauty&author=Oscar%20Wilde,144,0,0
1782356389067,76,HTTP Request,200,OK,Author Query 5-6,text,true,,263,155,6,59,http://localhost:8080/search?q=beauty&author=Oscar%20Wilde,76,0,0
1782356389067,87,HTTP Request,200,OK,Author Query 5-7,text,true,,263,155,6,59,http://localhost:8080/search?q=beauty&author=Oscar%20Wilde,87,0,0
1782356389073,82,HTTP Request,200,OK,Author Query 5-8,text,true,,263,155,6,59,http://localhost:8080/search?q=beauty&author=Oscar%20Wilde,82,0,0
1782356389073,85,HTTP Request,200,OK,Author Query 5-10,text,true,,263,155,6,59,http://localhost:8080/search?q=beauty&author=Oscar%20Wilde,85,0,0
1782356389096,111,HTTP Request,200,OK,Author Query 5-9,text,true,,263,155,6,59,http://localhost:8080/search?q=beauty&author=Oscar%20Wilde,111,0,0
1782356389158,61,HTTP Request,200,OK,Author Query 5-10,text,true,,263,155,6,59,http://localhost:8080/search?q=beauty&author=Oscar%20Wilde,61,0,0
1782356389155,68,HTTP Request,200,OK,Author Query 5-8,text,true,,263,155,6,59,http://localhost:8080/search?q=beauty&author=Oscar%20Wilde,68,0,0
1782356389155,72,HTTP Request,200,OK,Author Query 5-7,text,true,,263,155,6,59,http://localhost:8080/search?q=beauty&author=Oscar%20Wilde,72,0,0
1782356389122,112,HTTP Request,200,OK,Author Query 5-5,text,true,,263,155,6,59,http://localhost:8080/search?q=beauty&author=Oscar%20Wilde,112,0,0
1782356389143,97,HTTP Request,200,OK,Author Query 5-6,text,true,,263,155,6,59,http://localhost:8080/search?q=beauty&author=Oscar%20Wilde,97,0,0
1782356389207,82,HTTP Request,200,OK,Author Query 5-9,text,true,,263,155,6,58,http://localhost:8080/search?q=beauty&author=Oscar%20Wilde,82,0,0
1782356389219,78,HTTP Request,200,OK,Author Query 5-10,text,true,,263,155,6,58,http://localhost:8080/search?q=beauty&author=Oscar%20Wilde,78,0,0
1782356389223,89,HTTP Request,200,OK,Author Query 5-8,text,true,,263,155,6,57,http://localhost:8080/search?q=beauty&author=Oscar%20Wilde,89,0,0
1782356389235,80,HTTP Request,200,OK,Author Query 5-5,text,true,,263,155,6,57,http://localhost:8080/search?q=beauty&author=Oscar%20Wilde,80,0,0
1782356389228,87,HTTP Request,200,OK,Author Query 5-7,text,true,,263,155,6,57,http://localhost:8080/search?q=beauty&author=Oscar%20Wilde,87,0,0
1782356389241,90,HTTP Request,200,OK,Author Query 5-6,text,true,,263,155,6,57,http://localhost:8080/search?q=beauty&author=Oscar%20Wilde,90,0,0
1782356389289,74,HTTP Request,200,OK,Author Query 5-9,text,true,,263,155,6,57,http://localhost:8080/search?q=beauty&author=Oscar%20Wilde,74,0,0
1782356389297,70,HTTP Request,200,OK,Author Query 5-10,text,true,,263,155,6,57,http://localhost:8080/search?q=beauty&author=Oscar%20Wilde,70,0,0
1782356389312,83,HTTP Request,200,OK,Author Query 5-8,text,true,,263,155,6,57,http://localhost:8080/search?q=beauty&author=Oscar%20Wilde,83,0,0
1782356389315,169,HTTP Request,200,OK,Author Query 5-5,text,true,,263,155,6,57,http://localhost:8080/search?q=beauty&author=Oscar%20Wilde,169,0,0
1782356389315,179,HTTP Request,200,OK,Author Query 5-7,text,true,,263,155,6,57,http://localhost:8080/search?q=beauty&author=Oscar%20Wilde,179,0,0
1782356389331,169,HTTP Request,200,OK,Author Query 5-6,text,true,,263,155,6,57,http://localhost:8080/search?q=beauty&author=Oscar%20Wilde,169,0,0
1782356389364,169,HTTP Request,200,OK,Author Query 5-9,text,true,,263,155,6,57,http://localhost:8080/search?q=beauty&author=Oscar%20Wilde,169,0,0
1782356389367,170,HTTP Request,200,OK,Author Query 5-10,text,true,,263,155,6,57,http://localhost:8080/search?q=beauty&author=Oscar%20Wilde,170,0,0
1782356389396,141,HTTP Request,200,OK,Author Query 5-8,text,true,,263,155,6,57,http://localhost:8080/search?q=beauty&author=Oscar%20Wilde,141,0,0
1782356389484,82,HTTP Request,200,OK,Author Query 5-5,text,true,,263,155,6,57,http://localhost:8080/search?q=beauty&author=Oscar%20Wilde,82,0,0
1782356389533,81,HTTP Request,200,OK,Author Query 5-9,text,true,,263,155,6,57,http://localhost:8080/search?q=beauty&author=Oscar%20Wilde,81,0,0
1782356389501,114,HTTP Request,200,OK,Author Query 5-6,text,true,,263,155,6,57,http://localhost:8080/search?q=beauty&author=Oscar%20Wilde,114,0,0
1782356389538,98,HTTP Request,200,OK,Author Query 5-10,text,true,,263,155,6,57,http://localhost:8080/search?q=beauty&author=Oscar%20Wilde,98,0,0
1782356389537,99,HTTP Request,200,OK,Author Query 5-8,text,true,,263,155,6,57,http://localhost:8080/search?q=beauty&author=Oscar%20Wilde,99,0,0
1782356389494,152,HTTP Request,200,OK,Author Query 5-7,text,true,,263,155,6,57,http://localhost:8080/search?q=beauty&author=Oscar%20Wilde,152,0,0
1782356389566,107,HTTP Request,200,OK,Author Query 5-5,text,true,,263,155,6,57,http://localhost:8080/search?q=beauty&author=Oscar%20Wilde,107,0,0
1782356389615,117,HTTP Request,200,OK,Author Query 5-6,text,true,,263,155,6,57,http://localhost:8080/search?q=beauty&author=Oscar%20Wilde,117,0,0
1782356389614,122,HTTP Request,200,OK,Author Query 5-9,text,true,,263,155,6,57,http://localhost:8080/search?q=beauty&author=Oscar%20Wilde,122,0,0
1782356389673,104,HTTP Request,200,OK,Author Query 5-5,text,true,,263,155,6,57,http://localhost:8080/search?q=beauty&author=Oscar%20Wilde,104,0,0
1782356389646,133,HTTP Request,200,OK,Author Query 5-7,text,true,,263,155,6,57,http://localhost:8080/search?q=beauty&author=Oscar%20Wilde,133,0,0
1782356389636,146,HTTP Request,200,OK,Author Query 5-10,text,true,,263,155,6,57,http://localhost:8080/search?q=beauty&author=Oscar%20Wilde,146,0,0
1782356389637,149,HTTP Request,200,OK,Author Query 5-8,text,true,,263,155,6,57,http://localhost:8080/search?q=beauty&author=Oscar%20Wilde,149,0,0
1782356389732,101,HTTP Request,200,OK,Author Query 5-6,text,true,,263,155,6,57,http://localhost:8080/search?q=beauty&author=Oscar%20Wilde,101,0,0
1782356389786,72,HTTP Request,200,OK,Author Query 5-8,text,true,,263,155,6,57,http://localhost:8080/search?q=beauty&author=Oscar%20Wilde,72,0,0
1782356389782,76,HTTP Request,200,OK,Author Query 5-10,text,true,,263,155,6,57,http://localhost:8080/search?q=beauty&author=Oscar%20Wilde,76,0,0
1782356389736,155,HTTP Request,200,OK,Author Query 5-9,text,true,,263,155,6,57,http://localhost:8080/search?q=beauty&author=Oscar%20Wilde,155,0,0
1782356389779,114,HTTP Request,200,OK,Author Query 5-7,text,true,,263,155,6,57,http://localhost:8080/search?q=beauty&author=Oscar%20Wilde,114,0,0
1782356389833,92,HTTP Request,200,OK,Author Query 5-6,text,true,,263,155,6,57,http://localhost:8080/search?q=beauty&author=Oscar%20Wilde,92,0,0
1782356389858,68,HTTP Request,200,OK,Author Query 5-10,text,true,,263,155,6,57,http://localhost:8080/search?q=beauty&author=Oscar%20Wilde,68,0,0
1782356389778,173,HTTP Request,200,OK,Author Query 5-5,text,true,,263,155,6,56,http://localhost:8080/search?q=beauty&author=Oscar%20Wilde,173,0,0
1782356389858,165,HTTP Request,200,OK,Author Query 5-8,text,true,,263,155,6,56,http://localhost:8080/search?q=beauty&author=Oscar%20Wilde,165,0,0
1782356389893,145,HTTP Request,200,OK,Author Query 5-7,text,true,,263,155,6,56,http://localhost:8080/search?q=beauty&author=Oscar%20Wilde,144,0,0
1782356389952,96,HTTP Request,200,OK,Author Query 5-5,text,true,,263,155,6,56,http://localhost:8080/search?q=beauty&author=Oscar%20Wilde,96,0,0
1782356389925,123,HTTP Request,200,OK,Author Query 5-6,text,true,,263,155,6,56,http://localhost:8080/search?q=beauty&author=Oscar%20Wilde,123,0,0
1782356389926,122,HTTP Request,200,OK,Author Query 5-10,text,true,,263,155,6,56,http://localhost:8080/search?q=beauty&author=Oscar%20Wilde,122,0,0
1782356389891,172,HTTP Request,200,OK,Author Query 5-9,text,true,,263,155,6,56,http://localhost:8080/search?q=beauty&author=Oscar%20Wilde,172,0,0
1782356390023,70,HTTP Request,200,OK,Author Query 5-8,text,true,,263,155,6,56,http://localhost:8080/search?q=beauty&author=Oscar%20Wilde,70,0,0
1782356390048,88,HTTP Request,200,OK,Author Query 5-6,text,true,,263,155,6,56,http://localhost:8080/search?q=beauty&author=Oscar%20Wilde,88,0,0
1782356390048,88,HTTP Request,200,OK,Author Query 5-10,text,true,,263,155,6,56,http://localhost:8080/search?q=beauty&author=Oscar%20Wilde,88,0,0
1782356390038,106,HTTP Request,200,OK,Author Query 5-7,text,true,,263,155,6,56,http://localhost:8080/search?q=beauty&author=Oscar%20Wilde,106,0,0
1782356390064,90,HTTP Request,200,OK,Author Query 5-9,text,true,,263,155,6,56,http://localhost:8080/search?q=beauty&author=Oscar%20Wilde,90,0,0
1782356390048,126,HTTP Request,200,OK,Author Query 5-5,text,true,,263,155,6,56,http://localhost:8080/search?q=beauty&author=Oscar%20Wilde,126,0,0
1782356390094,90,HTTP Request,200,OK,Author Query 5-8,text,true,,263,155,6,56,http://localhost:8080/search?q=beauty&author=Oscar%20Wilde,90,0,0
1782356390136,88,HTTP Request,200,OK,Author Query 5-6,text,true,,263,155,6,56,http://localhost:8080/search?q=beauty&author=Oscar%20Wilde,88,0,0
1782356390144,111,HTTP Request,200,OK,Author Query 5-7,text,true,,263,155,6,55,http://localhost:8080/search?q=beauty&author=Oscar%20Wilde,111,0,0
1782356390154,104,HTTP Request,200,OK,Author Query 5-9,text,true,,263,155,6,55,http://localhost:8080/search?q=beauty&author=Oscar%20Wilde,104,0,0
1782356390137,121,HTTP Request,200,OK,Author Query 5-10,text,true,,263,155,6,55,http://localhost:8080/search?q=beauty&author=Oscar%20Wilde,121,0,0
1782356390174,143,HTTP Request,200,OK,Author Query 5-5,text,true,,263,155,6,55,http://localhost:8080/search?q=beauty&author=Oscar%20Wilde,143,0,0
1782356390184,150,HTTP Request,200,OK,Author Query 5-8,text,true,,263,155,6,55,http://localhost:8080/search?q=beauty&author=Oscar%20Wilde,150,0,0
1782356390259,101,HTTP Request,200,OK,Author Query 5-10,text,true,,263,155,6,55,http://localhost:8080/search?q=beauty&author=Oscar%20Wilde,101,0,0
1782356390225,150,HTTP Request,200,OK,Author Query 5-6,text,true,,263,155,6,55,http://localhost:8080/search?q=beauty&author=Oscar%20Wilde,150,0,0
1782356390255,132,HTTP Request,200,OK,Author Query 5-7,text,true,,263,155,6,55,http://localhost:8080/search?q=beauty&author=Oscar%20Wilde,132,0,0
1782356390258,134,HTTP Request,200,OK,Author Query 5-9,text,true,,263,155,6,55,http://localhost:8080/search?q=beauty&author=Oscar%20Wilde,134,0,0
1782356390317,107,HTTP Request,200,OK,Author Query 5-5,text,true,,263,155,6,55,http://localhost:8080/search?q=beauty&author=Oscar%20Wilde,107,0,0
1782356390335,90,HTTP Request,200,OK,Author Query 5-8,text,true,,263,155,6,55,http://localhost:8080/search?q=beauty&author=Oscar%20Wilde,90,0,0
1782356390375,143,HTTP Request,200,OK,Author Query 5-6,text,true,,263,155,6,55,http://localhost:8080/search?q=beauty&author=Oscar%20Wilde,143,0,0
1782356390360,183,HTTP Request,200,OK,Author Query 5-10,text,true,,263,155,6,55,http://localhost:8080/search?q=beauty&author=Oscar%20Wilde,183,0,0
1782356390392,172,HTTP Request,200,OK,Author Query 5-9,text,true,,263,155,6,55,http://localhost:8080/search?q=beauty&author=Oscar%20Wilde,172,0,0
1782356390388,176,HTTP Request,200,OK,Author Query 5-7,text,true,,263,155,6,55,http://localhost:8080/search?q=beauty&author=Oscar%20Wilde,176,0,0
1782356390425,148,HTTP Request,200,OK,Author Query 5-5,text,true,,263,155,6,55,http://localhost:8080/search?q=beauty&author=Oscar%20Wilde,148,0,0
1782356390425,148,HTTP Request,200,OK,Author Query 5-8,text,true,,263,155,6,55,http://localhost:8080/search?q=beauty&author=Oscar%20Wilde,148,0,0
1782356390518,98,HTTP Request,200,OK,Author Query 5-6,text,true,,263,155,6,55,http://localhost:8080/search?q=beauty&author=Oscar%20Wilde,98,0,0
1782356390544,96,HTTP Request,200,OK,Author Query 5-10,text,true,,263,155,6,55,http://localhost:8080/search?q=beauty&author=Oscar%20Wilde,96,0,0
1782356390564,81,HTTP Request,200,OK,Author Query 5-7,text,true,,263,155,6,55,http://localhost:8080/search?q=beauty&author=Oscar%20Wilde,81,0,0
1782356390573,78,HTTP Request,200,OK,Author Query 5-8,text,true,,263,155,6,55,http://localhost:8080/search?q=beauty&author=Oscar%20Wilde,78,0,0
1782356390573,116,HTTP Request,200,OK,Author Query 5-5,text,true,,263,155,6,55,http://localhost:8080/search?q=beauty&author=Oscar%20Wilde,116,0,0
1782356390616,76,HTTP Request,200,OK,Author Query 5-6,text,true,,263,155,6,55,http://localhost:8080/search?q=beauty&author=Oscar%20Wilde,76,0,0
1782356390564,135,HTTP Request,200,OK,Author Query 5-9,text,true,,263,155,6,55,http://localhost:8080/search?q=beauty&author=Oscar%20Wilde,135,0,0
1782356390645,82,HTTP Request,200,OK,Author Query 5-7,text,true,,263,155,6,55,http://localhost:8080/search?q=beauty&author=Oscar%20Wilde,82,0,0
1782356390640,87,HTTP Request,200,OK,Author Query 5-10,text,true,,263,155,6,55,http://localhost:8080/search?q=beauty&author=Oscar%20Wilde,87,0,0
1782356390651,88,HTTP Request,200,OK,Author Query 5-8,text,true,,263,155,6,55,http://localhost:8080/search?q=beauty&author=Oscar%20Wilde,88,0,0
1782356390692,65,HTTP Request,200,OK,Author Query 5-6,text,true,,263,155,6,55,http://localhost:8080/search?q=beauty&author=Oscar%20Wilde,65,0,0
1782356390689,102,HTTP Request,200,OK,Author Query 5-5,text,true,,263,155,6,55,http://localhost:8080/search?q=beauty&author=Oscar%20Wilde,102,0,0
1782356390700,109,HTTP Request,200,OK,Author Query 5-9,text,true,,263,155,6,55,http://localhost:8080/search?q=beauty&author=Oscar%20Wilde,109,0,0
1782356390727,99,HTTP Request,200,OK,Author Query 5-10,text,true,,263,155,6,55,http://localhost:8080/search?q=beauty&author=Oscar%20Wilde,99,0,0
1782356390727,104,HTTP Request,200,OK,Author Query 5-7,text,true,,263,155,6,55,http://localhost:8080/search?q=beauty&author=Oscar%20Wilde,104,0,0
1782356390758,93,HTTP Request,200,OK,Author Query 5-6,text,true,,263,155,6,55,http://localhost:8080/search?q=beauty&author=Oscar%20Wilde,93,0,0
1782356390740,121,HTTP Request,200,OK,Author Query 5-8,text,true,,263,155,6,55,http://localhost:8080/search?q=beauty&author=Oscar%20Wilde,121,0,0
1782356390791,104,HTTP Request,200,OK,Author Query 5-5,text,true,,263,155,6,55,http://localhost:8080/search?q=beauty&author=Oscar%20Wilde,104,0,0
1782356390826,81,HTTP Request,200,OK,Author Query 5-10,text,true,,263,155,6,55,http://localhost:8080/search?q=beauty&author=Oscar%20Wilde,81,0,0
1782356390831,91,HTTP Request,200,OK,Author Query 5-7,text,true,,263,155,6,55,http://localhost:8080/search?q=beauty&author=Oscar%20Wilde,91,0,0
1782356390809,131,HTTP Request,200,OK,Author Query 5-9,text,true,,263,155,6,55,http://localhost:8080/search?q=beauty&author=Oscar%20Wilde,131,0,0
1782356390861,91,HTTP Request,200,OK,Author Query 5-8,text,true,,263,155,6,55,http://localhost:8080/search?q=beauty&author=Oscar%20Wilde,91,0,0
1782356390851,108,HTTP Request,200,OK,Author Query 5-6,text,true,,263,155,6,55,http://localhost:8080/search?q=beauty&author=Oscar%20Wilde,108,0,0
1782356390907,146,HTTP Request,200,OK,Author Query 5-10,text,true,,263,155,6,55,http://localhost:8080/search?q=beauty&author=Oscar%20Wilde,146,0,0
1782356390895,168,HTTP Request,200,OK,Author Query 5-5,text,true,,263,155,6,55,http://localhost:8080/search?q=beauty&author=Oscar%20Wilde,168,0,0
1782356390959,154,HTTP Request,200,OK,Author Query 5-6,text,true,,263,155,6,55,http://localhost:8080/search?q=beauty&author=Oscar%20Wilde,154,0,0
1782356390922,196,HTTP Request,200,OK,Author Query 5-7,text,true,,263,155,5,54,http://localhost:8080/search?q=beauty&author=Oscar%20Wilde,196,0,0
1782356391054,67,HTTP Request,200,OK,Author Query 5-10,text,true,,263,155,5,54,http://localhost:8080/search?q=beauty&author=Oscar%20Wilde,67,0,0
1782356390953,170,HTTP Request,200,OK,Author Query 5-8,text,true,,263,155,5,54,http://localhost:8080/search?q=beauty&author=Oscar%20Wilde,170,0,0
1782356390940,183,HTTP Request,200,OK,Author Query 5-9,text,true,,263,155,5,54,http://localhost:8080/search?q=beauty&author=Oscar%20Wilde,183,0,0
1782356391064,101,HTTP Request,200,OK,Author Query 5-5,text,true,,263,155,5,54,http://localhost:8080/search?q=beauty&author=Oscar%20Wilde,101,0,0
1782356391118,112,HTTP Request,200,OK,Author Query 5-7,text,true,,263,155,5,54,http://localhost:8080/search?q=beauty&author=Oscar%20Wilde,112,0,0
1782356391121,114,HTTP Request,200,OK,Author Query 5-10,text,true,,263,155,5,54,http://localhost:8080/search?q=beauty&author=Oscar%20Wilde,114,0,0
1782356391165,109,HTTP Request,200,OK,Author Query 5-5,text,true,,263,155,5,54,http://localhost:8080/search?q=beauty&author=Oscar%20Wilde,109,0,0
1782356391123,163,HTTP Request,200,OK,Author Query 5-8,text,true,,263,155,5,54,http://localhost:8080/search?q=beauty&author=Oscar%20Wilde,163,0,0
1782356391123,163,HTTP Request,200,OK,Author Query 5-9,text,true,,263,155,5,54,http://localhost:8080/search?q=beauty&author=Oscar%20Wilde,163,0,0
1782356391230,115,HTTP Request,200,OK,Author Query 5-7,text,true,,263,155,5,53,http://localhost:8080/search?q=beauty&author=Oscar%20Wilde,115,0,0
1782356391235,110,HTTP Request,200,OK,Author Query 5-10,text,true,,263,155,5,53,http://localhost:8080/search?q=beauty&author=Oscar%20Wilde,110,0,0
1782356391286,105,HTTP Request,200,OK,Author Query 5-8,text,true,,263,155,5,53,http://localhost:8080/search?q=beauty&author=Oscar%20Wilde,105,0,0
1782356391274,141,HTTP Request,200,OK,Author Query 5-5,text,true,,263,155,5,53,http://localhost:8080/search?q=beauty&author=Oscar%20Wilde,141,0,0
1782356391286,129,HTTP Request,200,OK,Author Query 5-9,text,true,,263,155,5,53,http://localhost:8080/search?q=beauty&author=Oscar%20Wilde,129,0,0
1782356391346,117,HTTP Request,200,OK,Author Query 5-10,text,true,,263,155,5,53,http://localhost:8080/search?q=beauty&author=Oscar%20Wilde,117,0,0
1782356391346,117,HTTP Request,200,OK,Author Query 5-7,text,true,,263,155,5,53,http://localhost:8080/search?q=beauty&author=Oscar%20Wilde,117,0,0
1782356391392,93,HTTP Request,200,OK,Author Query 5-8,text,true,,263,155,5,53,http://localhost:8080/search?q=beauty&author=Oscar%20Wilde,93,0,0
1782356391415,192,HTTP Request,200,OK,Author Query 5-9,text,true,,263,155,5,53,http://localhost:8080/search?q=beauty&author=Oscar%20Wilde,192,0,0
1782356391463,144,HTTP Request,200,OK,Author Query 5-10,text,true,,263,155,5,53,http://localhost:8080/search?q=beauty&author=Oscar%20Wilde,144,0,0
1782356391464,143,HTTP Request,200,OK,Author Query 5-7,text,true,,263,155,5,53,http://localhost:8080/search?q=beauty&author=Oscar%20Wilde,143,0,0
1782356391415,207,HTTP Request,200,OK,Author Query 5-5,text,true,,263,155,5,53,http://localhost:8080/search?q=beauty&author=Oscar%20Wilde,207,0,0
1782356391485,139,HTTP Request,200,OK,Author Query 5-8,text,true,,263,155,5,53,http://localhost:8080/search?q=beauty&author=Oscar%20Wilde,139,0,0
1782356391622,65,HTTP Request,200,OK,Author Query 5-5,text,true,,263,155,5,53,http://localhost:8080/search?q=beauty&author=Oscar%20Wilde,65,0,0
1782356391624,69,HTTP Request,200,OK,Author Query 5-8,text,true,,263,155,5,53,http://localhost:8080/search?q=beauty&author=Oscar%20Wilde,69,0,0
1782356391607,102,HTTP Request,200,OK,Author Query 5-9,text,true,,263,155,5,53,http://localhost:8080/search?q=beauty&author=Oscar%20Wilde,102,0,0
1782356391607,108,HTTP Request,200,OK,Author Query 5-7,text,true,,263,155,5,53,http://localhost:8080/search?q=beauty&author=Oscar%20Wilde,108,0,0
1782356391607,108,HTTP Request,200,OK,Author Query 5-10,text,true,,263,155,5,53,http://localhost:8080/search?q=beauty&author=Oscar%20Wilde,108,0,0
1782356391688,61,HTTP Request,200,OK,Author Query 5-5,text,true,,263,155,5,52,http://localhost:8080/search?q=beauty&author=Oscar%20Wilde,61,0,0
1782356391693,65,HTTP Request,200,OK,Author Query 5-8,text,true,,263,155,5,52,http://localhost:8080/search?q=beauty&author=Oscar%20Wilde,65,0,0
1782356391749,65,HTTP Request,200,OK,Author Query 5-5,text,true,,263,155,5,52,http://localhost:8080/search?q=beauty&author=Oscar%20Wilde,65,0,0
1782356391716,100,HTTP Request,200,OK,Author Query 5-10,text,true,,263,155,5,52,http://localhost:8080/search?q=beauty&author=Oscar%20Wilde,100,0,0
1782356391716,100,HTTP Request,200,OK,Author Query 5-7,text,true,,263,155,5,52,http://localhost:8080/search?q=beauty&author=Oscar%20Wilde,100,0,0
1782356391709,124,HTTP Request,200,OK,Author Query 5-9,text,true,,263,155,5,52,http://localhost:8080/search?q=beauty&author=Oscar%20Wilde,124,0,0
1782356391758,81,HTTP Request,200,OK,Author Query 5-8,text,true,,263,155,5,52,http://localhost:8080/search?q=beauty&author=Oscar%20Wilde,81,0,0
1782356391816,59,HTTP Request,200,OK,Author Query 5-10,text,true,,263,155,5,52,http://localhost:8080/search?q=beauty&author=Oscar%20Wilde,59,0,0
1782356391814,67,HTTP Request,200,OK,Author Query 5-5,text,true,,263,155,5,52,http://localhost:8080/search?q=beauty&author=Oscar%20Wilde,67,0,0
1782356391816,90,HTTP Request,200,OK,Author Query 5-7,text,true,,263,155,4,51,http://localhost:8080/search?q=beauty&author=Oscar%20Wilde,90,0,0
1782356391835,90,HTTP Request,200,OK,Author Query 5-9,text,true,,263,155,4,51,http://localhost:8080/search?q=beauty&author=Oscar%20Wilde,90,0,0
1782356391840,86,HTTP Request,200,OK,Author Query 5-8,text,true,,263,155,4,51,http://localhost:8080/search?q=beauty&author=Oscar%20Wilde,86,0,0
1782356391877,64,HTTP Request,200,OK,Author Query 5-10,text,true,,263,155,4,51,http://localhost:8080/search?q=beauty&author=Oscar%20Wilde,64,0,0
1782356391907,81,HTTP Request,200,OK,Author Query 5-7,text,true,,263,155,4,51,http://localhost:8080/search?q=beauty&author=Oscar%20Wilde,81,0,0
1782356391927,78,HTTP Request,200,OK,Author Query 5-8,text,true,,263,155,4,51,http://localhost:8080/search?q=beauty&author=Oscar%20Wilde,78,0,0
1782356391925,80,HTTP Request,200,OK,Author Query 5-9,text,true,,263,155,4,51,http://localhost:8080/search?q=beauty&author=Oscar%20Wilde,80,0,0
1782356391942,75,HTTP Request,200,OK,Author Query 5-10,text,true,,263,155,4,51,http://localhost:8080/search?q=beauty&author=Oscar%20Wilde,75,0,0
1782356391988,139,HTTP Request,200,OK,Author Query 5-7,text,true,,263,155,4,51,http://localhost:8080/search?q=beauty&author=Oscar%20Wilde,139,0,0
1782356392017,111,HTTP Request,200,OK,Author Query 5-10,text,true,,263,155,4,50,http://localhost:8080/search?q=beauty&author=Oscar%20Wilde,111,0,0
1782356392005,133,HTTP Request,200,OK,Author Query 5-9,text,true,,263,155,4,50,http://localhost:8080/search?q=beauty&author=Oscar%20Wilde,133,0,0
1782356392005,137,HTTP Request,200,OK,Author Query 5-8,text,true,,263,155,4,50,http://localhost:8080/search?q=beauty&author=Oscar%20Wilde,137,0,0
1782356392128,91,HTTP Request,200,OK,Author Query 5-10,text,true,,263,155,4,50,http://localhost:8080/search?q=beauty&author=Oscar%20Wilde,91,0,0
1782356392127,96,HTTP Request,200,OK,Author Query 5-7,text,true,,263,155,4,50,http://localhost:8080/search?q=beauty&author=Oscar%20Wilde,96,0,0
1782356392142,94,HTTP Request,200,OK,Author Query 5-8,text,true,,263,155,4,50,http://localhost:8080/search?q=beauty&author=Oscar%20Wilde,94,0,0
1782356392138,101,HTTP Request,200,OK,Author Query 5-9,text,true,,263,155,4,50,http://localhost:8080/search?q=beauty&author=Oscar%20Wilde,101,0,0
1782356392224,94,HTTP Request,200,OK,Author Query 5-7,text,true,,263,155,4,49,http://localhost:8080/search?q=beauty&author=Oscar%20Wilde,94,0,0
1782356392237,98,HTTP Request,200,OK,Author Query 5-8,text,true,,263,155,4,49,http://localhost:8080/search?q=beauty&author=Oscar%20Wilde,98,0,0
1782356392219,120,HTTP Request,200,OK,Author Query 5-10,text,true,,263,155,4,49,http://localhost:8080/search?q=beauty&author=Oscar%20Wilde,120,0,0
1782356392240,112,HTTP Request,200,OK,Author Query 5-9,text,true,,263,155,4,49,http://localhost:8080/search?q=beauty&author=Oscar%20Wilde,112,0,0
1782356392319,97,HTTP Request,200,OK,Author Query 5-7,text,true,,263,155,4,49,http://localhost:8080/search?q=beauty&author=Oscar%20Wilde,97,0,0
1782356392335,110,HTTP Request,200,OK,Author Query 5-8,text,true,,263,155,4,49,http://localhost:8080/search?q=beauty&author=Oscar%20Wilde,110,0,0
1782356392339,110,HTTP Request,200,OK,Author Query 5-10,text,true,,263,155,4,49,http://localhost:8080/search?q=beauty&author=Oscar%20Wilde,110,0,0
1782356392416,73,HTTP Request,200,OK,Author Query 5-7,text,true,,263,155,4,49,http://localhost:8080/search?q=beauty&author=Oscar%20Wilde,73,0,0
1782356392352,158,HTTP Request,200,OK,Author Query 5-9,text,true,,263,155,4,49,http://localhost:8080/search?q=beauty&author=Oscar%20Wilde,158,0,0
1782356392449,93,HTTP Request,200,OK,Author Query 5-10,text,true,,263,155,4,49,http://localhost:8080/search?q=beauty&author=Oscar%20Wilde,93,0,0
1782356392445,202,HTTP Request,200,OK,Author Query 5-8,text,true,,263,155,4,49,http://localhost:8080/search?q=beauty&author=Oscar%20Wilde,202,0,0
1782356392490,170,HTTP Request,200,OK,Author Query 5-7,text,true,,263,155,4,49,http://localhost:8080/search?q=beauty&author=Oscar%20Wilde,170,0,0
1782356392543,135,HTTP Request,200,OK,Author Query 5-10,text,true,,263,155,4,49,http://localhost:8080/search?q=beauty&author=Oscar%20Wilde,135,0,0
1782356392510,168,HTTP Request,200,OK,Author Query 5-9,text,true,,263,155,4,49,http://localhost:8080/search?q=beauty&author=Oscar%20Wilde,168,0,0
1782356392660,69,HTTP Request,200,OK,Author Query 5-7,text,true,,263,155,4,49,http://localhost:8080/search?q=beauty&author=Oscar%20Wilde,69,0,0
1782356392678,74,HTTP Request,200,OK,Author Query 5-10,text,true,,263,155,4,49,http://localhost:8080/search?q=beauty&author=Oscar%20Wilde,74,0,0
1782356392648,129,HTTP Request,200,OK,Author Query 5-8,text,true,,263,155,4,49,http://localhost:8080/search?q=beauty&author=Oscar%20Wilde,129,0,0
1782356392678,123,HTTP Request,200,OK,Author Query 5-9,text,true,,263,155,4,49,http://localhost:8080/search?q=beauty&author=Oscar%20Wilde,123,0,0
1782356392729,98,HTTP Request,200,OK,Author Query 5-7,text,true,,263,155,4,49,http://localhost:8080/search?q=beauty&author=Oscar%20Wilde,98,0,0
1782356392752,89,HTTP Request,200,OK,Author Query 5-10,text,true,,263,155,4,49,http://localhost:8080/search?q=beauty&author=Oscar%20Wilde,89,0,0
1782356392777,140,HTTP Request,200,OK,Author Query 5-8,text,true,,263,155,4,49,http://localhost:8080/search?q=beauty&author=Oscar%20Wilde,140,0,0
1782356392801,117,HTTP Request,200,OK,Author Query 5-9,text,true,,263,155,4,49,http://localhost:8080/search?q=beauty&author=Oscar%20Wilde,117,0,0
1782356392827,99,HTTP Request,200,OK,Author Query 5-7,text,true,,263,155,4,49,http://localhost:8080/search?q=beauty&author=Oscar%20Wilde,99,0,0
1782356392841,113,HTTP Request,200,OK,Author Query 5-10,text,true,,263,155,4,49,http://localhost:8080/search?q=beauty&author=Oscar%20Wilde,113,0,0
1782356392917,87,HTTP Request,200,OK,Author Query 5-8,text,true,,263,155,4,49,http://localhost:8080/search?q=beauty&author=Oscar%20Wilde,87,0,0
1782356392918,87,HTTP Request,200,OK,Author Query 5-9,text,true,,263,155,4,49,http://localhost:8080/search?q=beauty&author=Oscar%20Wilde,87,0,0
1782356392926,99,HTTP Request,200,OK,Author Query 5-7,text,true,,263,155,4,49,http://localhost:8080/search?q=beauty&author=Oscar%20Wilde,99,0,0
1782356392954,86,HTTP Request,200,OK,Author Query 5-10,text,true,,263,155,4,49,http://localhost:8080/search?q=beauty&author=Oscar%20Wilde,86,0,0
1782356393006,157,HTTP Request,200,OK,Author Query 5-9,text,true,,263,155,4,49,http://localhost:8080/search?q=beauty&author=Oscar%20Wilde,157,0,0
1782356393040,180,HTTP Request,200,OK,Author Query 5-10,text,true,,263,155,4,48,http://localhost:8080/search?q=beauty&author=Oscar%20Wilde,180,0,0
1782356393026,194,HTTP Request,200,OK,Author Query 5-7,text,true,,263,155,4,48,http://localhost:8080/search?q=beauty&author=Oscar%20Wilde,194,0,0
1782356393004,216,HTTP Request,200,OK,Author Query 5-8,text,true,,263,155,4,48,http://localhost:8080/search?q=beauty&author=Oscar%20Wilde,216,0,0
1782356393164,131,HTTP Request,200,OK,Author Query 5-9,text,true,,263,155,3,47,http://localhost:8080/search?q=beauty&author=Oscar%20Wilde,131,0,0
1782356393220,163,HTTP Request,200,OK,Author Query 5-10,text,true,,263,155,3,46,http://localhost:8080/search?q=beauty&author=Oscar%20Wilde,162,0,0
1782356393220,168,HTTP Request,200,OK,Author Query 5-7,text,true,,263,155,3,46,http://localhost:8080/search?q=beauty&author=Oscar%20Wilde,168,0,0
1782356393296,104,HTTP Request,200,OK,Author Query 5-9,text,true,,263,155,3,46,http://localhost:8080/search?q=beauty&author=Oscar%20Wilde,104,0,0
1782356393383,107,HTTP Request,200,OK,Author Query 5-10,text,true,,263,155,3,46,http://localhost:8080/search?q=beauty&author=Oscar%20Wilde,107,0,0
1782356393400,102,HTTP Request,200,OK,Author Query 5-9,text,true,,263,155,3,46,http://localhost:8080/search?q=beauty&author=Oscar%20Wilde,102,0,0
1782356393389,117,HTTP Request,200,OK,Author Query 5-7,text,true,,263,155,3,46,http://localhost:8080/search?q=beauty&author=Oscar%20Wilde,117,0,0
1782356393490,78,HTTP Request,200,OK,Author Query 5-10,text,true,,263,155,3,45,http://localhost:8080/search?q=beauty&author=Oscar%20Wilde,78,0,0
1782356393502,88,HTTP Request,200,OK,Author Query 5-9,text,true,,263,155,3,45,http://localhost:8080/search?q=beauty&author=Oscar%20Wilde,88,0,0
1782356393507,105,HTTP Request,200,OK,Author Query 5-7,text,true,,263,155,3,45,http://localhost:8080/search?q=beauty&author=Oscar%20Wilde,105,0,0
1782356393612,93,HTTP Request,200,OK,Author Query 5-7,text,true,,263,155,3,44,http://localhost:8080/search?q=beauty&author=Oscar%20Wilde,93,0,0
1782356393569,136,HTTP Request,200,OK,Author Query 5-10,text,true,,263,155,3,44,http://localhost:8080/search?q=beauty&author=Oscar%20Wilde,136,0,0
1782356393590,116,HTTP Request,200,OK,Author Query 5-9,text,true,,263,155,3,44,http://localhost:8080/search?q=beauty&author=Oscar%20Wilde,116,0,0
1782356393707,105,HTTP Request,200,OK,Author Query 5-9,text,true,,263,155,3,44,http://localhost:8080/search?q=beauty&author=Oscar%20Wilde,105,0,0
1782356393705,126,HTTP Request,200,OK,Author Query 5-10,text,true,,263,155,3,44,http://localhost:8080/search?q=beauty&author=Oscar%20Wilde,126,0,0
1782356393705,166,HTTP Request,200,OK,Author Query 5-7,text,true,,263,155,3,44,http://localhost:8080/search?q=beauty&author=Oscar%20Wilde,166,0,0
1782356393812,88,HTTP Request,200,OK,Author Query 5-9,text,true,,263,155,3,44,http://localhost:8080/search?q=beauty&author=Oscar%20Wilde,88,0,0
1782356393831,82,HTTP Request,200,OK,Author Query 5-10,text,true,,263,155,3,44,http://localhost:8080/search?q=beauty&author=Oscar%20Wilde,82,0,0
1782356393900,78,HTTP Request,200,OK,Author Query 5-9,text,true,,263,155,3,43,http://localhost:8080/search?q=beauty&author=Oscar%20Wilde,78,0,0
1782356393871,109,HTTP Request,200,OK,Author Query 5-7,text,true,,263,155,3,43,http://localhost:8080/search?q=beauty&author=Oscar%20Wilde,109,0,0
1782356393914,84,HTTP Request,200,OK,Author Query 5-10,text,true,,263,155,2,42,http://localhost:8080/search?q=beauty&author=Oscar%20Wilde,84,0,0
1782356393978,60,HTTP Request,200,OK,Author Query 5-9,text,true,,263,155,2,42,http://localhost:8080/search?q=beauty&author=Oscar%20Wilde,60,0,0
1782356393998,89,HTTP Request,200,OK,Author Query 5-10,text,true,,263,155,2,41,http://localhost:8080/search?q=beauty&author=Oscar%20Wilde,89,0,0
1782356394039,168,HTTP Request,200,OK,Author Query 5-9,text,true,,263,155,2,41,http://localhost:8080/search?q=beauty&author=Oscar%20Wilde,168,0,0
1782356394087,147,HTTP Request,200,OK,Author Query 5-10,text,true,,263,155,2,41,http://localhost:8080/search?q=beauty&author=Oscar%20Wilde,147,0,0
1782356394208,96,HTTP Request,200,OK,Author Query 5-9,text,true,,263,155,2,41,http://localhost:8080/search?q=beauty&author=Oscar%20Wilde,96,0,0
1782356394234,107,HTTP Request,200,OK,Author Query 5-10,text,true,,263,155,2,41,http://localhost:8080/search?q=beauty&author=Oscar%20Wilde,107,0,0
1782356394304,104,HTTP Request,200,OK,Author Query 5-9,text,true,,263,155,2,40,http://localhost:8080/search?q=beauty&author=Oscar%20Wilde,104,0,0
1782356394342,97,HTTP Request,200,OK,Author Query 5-10,text,true,,263,155,2,40,http://localhost:8080/search?q=beauty&author=Oscar%20Wilde,97,0,0
1782356394408,104,HTTP Request,200,OK,Author Query 5-9,text,true,,263,155,2,40,http://localhost:8080/search?q=beauty&author=Oscar%20Wilde,104,0,0
1782356394439,103,HTTP Request,200,OK,Author Query 5-10,text,true,,263,155,2,40,http://localhost:8080/search?q=beauty&author=Oscar%20Wilde,103,0,0
1782356394542,258,HTTP Request,200,OK,Author Query 5-10,text,true,,263,155,2,40,http://localhost:8080/search?q=beauty&author=Oscar%20Wilde,258,0,0
1782356394512,289,HTTP Request,200,OK,Author Query 5-9,text,true,,263,155,2,40,http://localhost:8080/search?q=beauty&author=Oscar%20Wilde,289,0,0
1782356394801,99,HTTP Request,200,OK,Author Query 5-10,text,true,,263,155,1,39,http://localhost:8080/search?q=beauty&author=Oscar%20Wilde,99,0,0
1782356394900,116,HTTP Request,200,OK,Author Query 5-10,text,true,,263,155,1,39,http://localhost:8080/search?q=beauty&author=Oscar%20Wilde,116,0,0
1782356395016,163,HTTP Request,200,OK,Author Query 5-10,text,true,,263,155,1,38,http://localhost:8080/search?q=beauty&author=Oscar%20Wilde,163,0,0
1782356395180,117,HTTP Request,200,OK,Author Query 5-10,text,true,,263,155,1,38,http://localhost:8080/search?q=beauty&author=Oscar%20Wilde,117,0,0
1782356395297,107,HTTP Request,200,OK,Author Query 5-10,text,true,,263,155,1,38,http://localhost:8080/search?q=beauty&author=Oscar%20Wilde,107,0,0
1782356395405,117,HTTP Request,200,OK,Author Query 5-10,text,true,,263,155,1,37,http://localhost:8080/search?q=beauty&author=Oscar%20Wilde,117,0,0
